[LOG 18:20:08.019] ******* Log Initiated for Kerbal Space Program - 1.12.5.3190 (WindowsPlayer x64) fr-fr *******
Kerbal Space Program - 1.12.5.3190 (WindowsPlayer x64) fr-fr


OS: Windows 10  (10.0.0) 64bit
CPU: Intel(R) Core(TM) i7-4790K CPU @ 4.00GHz (8)
RAM: 32687
GPU: NVIDIA GeForce GTX 1060 6GB (6029MB)
SM: 50 (Direct3D 11.0 [level 11.1])
RT Formats: ARGB32, Depth, ARGBHalf, Shadowmap, RGB565, ARGB4444, ARGB1555, Default, ARGB2101010, DefaultHDR, ARGB64, ARGBFloat, RGFloat, RGHalf, RFloat, RHalf, R8, ARGBInt, RGInt, RInt, BGRA32, RGB111110Float, RG32, RGBAUShort, RG16, BGRA10101010_XR, BGR101010_XR, R16


Log started: Sun, Oct 04, 2026 18:20:08


[LOG 18:20:08.040] ActionCanvas MASK: 3458764513820540928
[LOG 18:20:08.041] AppCanvas MASK: 3458764513820540928
[LOG 18:20:08.043] MainCanvas MASK: 3458764513820540928
[LOG 18:20:09.675] Load(Assembly): /ModuleManager.4.2.3
[LOG 18:20:09.676] AssemblyLoader: Loading assembly at D:\KSP-Dev\GameData\ModuleManager.4.2.3.dll
[LOG 18:20:09.701] AssemblyLoader: KSPAssembly 'ModuleManager' V2.5.0
[LOG 18:20:09.701] Load(Assembly): 000_Harmony/0Harmony
[LOG 18:20:09.701] AssemblyLoader: Loading assembly at D:\KSP-Dev\GameData\000_Harmony\0Harmony.dll
[LOG 18:20:09.704] Load(Assembly): 000_Harmony/HarmonyInstallChecker
[LOG 18:20:09.704] AssemblyLoader: Loading assembly at D:\KSP-Dev\GameData\000_Harmony\HarmonyInstallChecker.dll
[LOG 18:20:09.705] AssemblyLoader: KSPAssembly 'HarmonyKSP' V1.0.0
[LOG 18:20:09.705] Load(Assembly): KsmUI/Plugins/KsmUI
[LOG 18:20:09.705] AssemblyLoader: Loading assembly at D:\KSP-Dev\GameData\KsmUI\Plugins\KsmUI.dll
[LOG 18:20:09.707] Load(Assembly): KSPCommunityFixes/Plugins/0_MultipleModuleInPartAPI
[LOG 18:20:09.707] AssemblyLoader: Loading assembly at D:\KSP-Dev\GameData\KSPCommunityFixes\Plugins\0_MultipleModuleInPartAPI.dll
[LOG 18:20:09.709] AssemblyLoader: KSPAssembly 'MultipleModulePartAPI' V1.0.0
[LOG 18:20:09.709] Load(Assembly): KSPCommunityFixes/Plugins/KSPCommunityFixes
[LOG 18:20:09.709] AssemblyLoader: Loading assembly at D:\KSP-Dev\GameData\KSPCommunityFixes\Plugins\KSPCommunityFixes.dll
[LOG 18:20:09.720] AssemblyLoader: KSPAssembly 'KSPCommunityFixes' V1.41.1
[LOG 18:20:09.720] AssemblyLoader: KSPAssemblyDependency 'HarmonyKSP' V1.0.0
[LOG 18:20:09.720] AssemblyLoader: KSPAssemblyDependency 'ModuleManager' V1.0.0
[LOG 18:20:09.720] AssemblyLoader: KSPAssemblyDependency 'MultipleModulePartAPI' V1.0.0
[LOG 18:20:09.720] Load(Assembly): KSPProfiler/Plugins/KSPProfiler
[LOG 18:20:09.720] AssemblyLoader: Loading assembly at D:\KSP-Dev\GameData\KSPProfiler\Plugins\KSPProfiler.dll
[LOG 18:20:09.724] AssemblyLoader: Loading assemblies
[LOG 18:20:09.826] VesselModules: Found VesselModule of type AxisGroupsModule with order 999
[LOG 18:20:09.873] VesselModules: Found VesselModule of type CometVessel with order 999
[LOG 18:20:09.875] VesselModules: Found VesselModule of type SuspensionLoadBalancer with order 999
[LOG 18:20:09.876] VesselModules: Found VesselModule of type FlightIntegrator with order 0
[LOG 18:20:09.880] VesselModules: Found VesselModule of type CommNetVessel with order 999
[LOG 18:20:09.885] VesselModules: Found 5 VesselModule types
[LOG 18:20:09.895] 
************************************************************************

Environment Info
Win32NT 7FFFFFFFFFFFFFFF  Args: KSP_x64.exe 

Mod DLLs found:
Stock assembly: Assembly-CSharp v0.0.0.0
ModuleManager v4.2.3.0
0Harmony v2.2.1.0
HarmonyInstallChecker v2.2.1.0
KsmUI v1.0.0.0
0_MultipleModuleInPartAPI v1.0.0.0 / v1.0.0+7969fdc50bf4e350193abe5ba2e89533b12ca02f
KSPCommunityFixes v1.41.0.0 / v1.41.1+7969fdc50bf4e350193abe5ba2e89533b12ca02f / v1.41.1.0
KSPProfiler v1.0.0.0

Folders and files in GameData:
000_Harmony
KsmUI
KSPCommunityFixes
KSPProfiler
Stock folder: Squad

Stock folder: SquadExpansion

ModuleManager.4.2.3.dll
ModuleManager.ConfigCache
ModuleManager.ConfigSHA
ModuleManager.Physics
ModuleManager.TechTree

************************************************************************

[LOG 18:20:09.918] [AddonLoader]: Instantiating addon 'ModuleManager' from assembly 'ModuleManager'
[LOG 18:20:09.932] [ModuleManager] Adding post patch to the loading screen 4
[LOG 18:20:09.934] [ModuleManager] Patching started on a new thread, all output will be directed to D:\KSP-Dev\Logs\ModuleManager\ModuleManager.log
[LOG 18:20:09.938] [AddonLoader]: Instantiating addon 'HarmonyInstallChecker' from assembly 'HarmonyKSP'
[LOG 18:20:09.939] [AddonLoader]: Instantiating addon 'KsmUIBootstrapper' from assembly 'KsmUI'
[LOG 18:20:09.941] [AddonLoader]: Instantiating addon 'KSPCommunityFixes' from assembly 'KSPCommunityFixes'
[LOG 18:20:09.943] [AddonLoader]: Instantiating addon 'NoIVA' from assembly 'KSPCommunityFixes'
[LOG 18:20:09.944] [AddonLoader]: Instantiating addon 'ConfigNodePerf' from assembly 'KSPCommunityFixes'
[LOG 18:20:10.229] [AddonLoader]: Instantiating addon 'KSPCFFastLoader' from assembly 'KSPCommunityFixes'
[LOG 18:20:10.230] [KSPCF] Injecting FastLoader...
[LOG 18:20:10.260] [KSPCommunityFixes] Patch GameDatabasePerf applied.
[LOG 18:20:10.375] [AddonLoader]: Instantiating addon 'ReflectionTypeLoadExceptionHandler' from assembly 'KSPCommunityFixes'
[LOG 18:20:10.380] [AddonLoader]: Instantiating addon 'KSPProfilerAddon' from assembly 'KSPProfiler'
[LOG 18:20:11.633] [KSPCF] Taking over stock loader. An exception will follow, this is intended.
[EXC 18:20:11.637] Exception: Terminating stock loader coroutine, this is intended and not an error
	KSPCommunityFixes.Performance.KSPCFFastLoader.GameDatabase_SetupMainLoaders_Prefix () (at <62bb7f5420994f409a34377c091e8538>:0)
	(wrapper dynamic-method) GameDatabase.GameDatabase.SetupMainLoaders_Patch1(GameDatabase)
	GameDatabase+<LoadObjects>d__90.MoveNext () (at <4b449f2841f84227adfaad3149c8fdba>:0)
	UnityEngine.SetupCoroutine.InvokeMoveNext (System.Collections.IEnumerator enumerator, System.IntPtr returnValueAddress) (at <12e76cd50cc64cf19e759e981cb725af>:0)
	UnityEngine.DebugLogHandler:LogException(Exception, Object)
	ModuleManager.UnityLogHandle.InterceptLogHandler:LogException(Exception, Object)
	UnityEngine.MonoBehaviour:StartCoroutine(IEnumerator)
	<CreateDatabase>d__71:MoveNext()
	UnityEngine.MonoBehaviour:StartCoroutine(IEnumerator)
	GameDatabase:StartLoad()
	<LoadSystems>d__11:MoveNext()
	UnityEngine.MonoBehaviour:StartCoroutine(IEnumerator)
	LoadingScreen:Start()
[LOG 18:20:11.847] Preloading Asset Bundle Definitions
[LOG 18:20:12.245] Load Audio: Squad/Alarms/Sounds/Chirps
[LOG 18:20:12.268] Load Audio: Squad/Alarms/Sounds/Classic
[LOG 18:20:12.268] Load Audio: Squad/Alarms/Sounds/ClockTower
[LOG 18:20:12.268] Load Audio: Squad/Alarms/Sounds/ComputerGlass1
[LOG 18:20:12.268] Load Audio: Squad/Alarms/Sounds/ComputerGlass2
[LOG 18:20:12.269] Load Audio: Squad/Alarms/Sounds/ComputerShort
[LOG 18:20:12.269] Load Audio: Squad/Alarms/Sounds/ComputerTriad
[LOG 18:20:12.269] Load Audio: Squad/Alarms/Sounds/DoorBell
[LOG 18:20:12.269] Load Audio: Squad/Alarms/Sounds/Glass
[LOG 18:20:12.269] Load Audio: Squad/Alarms/Sounds/Klaxon
[LOG 18:20:12.269] Load Audio: Squad/Alarms/Sounds/Mobile
[LOG 18:20:12.270] Load Audio: Squad/Alarms/Sounds/Morning
[LOG 18:20:12.270] Load Audio: Squad/Alarms/Sounds/OldClock
[LOG 18:20:12.270] Load Audio: Squad/Alarms/Sounds/OldHorn
[LOG 18:20:12.270] Load Audio: Squad/Alarms/Sounds/Ripple
[LOG 18:20:12.270] Load Audio: Squad/Sounds/editorLoop01
[LOG 18:20:12.270] Load Audio: Squad/Sounds/elev_loop
[LOG 18:20:12.270] Load Audio: Squad/Sounds/elev_start
[LOG 18:20:12.271] Load Audio: Squad/Sounds/elev_stop
[LOG 18:20:12.271] Load Audio: Squad/Sounds/fireworks_explosion_2
[LOG 18:20:12.271] Load Audio: Squad/Sounds/fireworks_explosion_3
[LOG 18:20:12.271] Load Audio: Squad/Sounds/fireworks_explosion_4
[LOG 18:20:12.271] Load Audio: Squad/Sounds/fireworks_launch_boom
[LOG 18:20:12.271] Load Audio: Squad/Sounds/fireworks_only_crackle_crackle_1
[LOG 18:20:12.271] Load Audio: Squad/Sounds/fireworks_only_crackle_dragon_1
[LOG 18:20:12.793] Load Audio: Squad/Sounds/fireworks_only_crackle_palm_1
[LOG 18:20:12.793] Load Audio: Squad/Sounds/fireworks_whistle
[LOG 18:20:12.793] Load Audio: Squad/Sounds/ksp1_banana_V2_01
[LOG 18:20:12.793] Load Audio: Squad/Sounds/ksp1_banana_V2_04
[LOG 18:20:12.794] Load Audio: Squad/Sounds/ksp1_banana_V2_05
[LOG 18:20:12.794] Load Audio: Squad/Sounds/ksp1_golf_swing_normal
[LOG 18:20:12.794] Load Audio: Squad/Sounds/ksp1_ground_anchor_v2_1
[LOG 18:20:12.794] Load Audio: Squad/Sounds/ksp1_strunts_disconnect_v3_pitched2
[LOG 18:20:12.794] Load Audio: Squad/Sounds/repairKit_repair1
[LOG 18:20:12.795] Load Audio: Squad/Sounds/repairKit_repair2
[LOG 18:20:12.795] Load Audio: Squad/Sounds/sound_ambience_nature
[LOG 18:20:12.795] Load Audio: Squad/Sounds/sound_click_flick
[LOG 18:20:12.795] Load Audio: Squad/Sounds/sound_click_latch
[LOG 18:20:12.795] Load Audio: Squad/Sounds/sound_click_sharp
[LOG 18:20:12.795] Load Audio: Squad/Sounds/sound_click_tick
[LOG 18:20:12.796] Load Audio: Squad/Sounds/sound_click_tock
[LOG 18:20:12.796] Load Audio: Squad/Sounds/sound_decoupler_fire
[LOG 18:20:12.796] Load Audio: Squad/Sounds/sound_delete_bin
[LOG 18:20:12.796] Load Audio: Squad/Sounds/sound_explosion_debris1
[LOG 18:20:12.796] Load Audio: Squad/Sounds/sound_explosion_debris2
[LOG 18:20:12.796] Load Audio: Squad/Sounds/sound_explosion_large
[LOG 18:20:12.796] Load Audio: Squad/Sounds/sound_rocket_mini
[LOG 18:20:12.797] Load Audio: Squad/Sounds/sound_rocket_spurts
[LOG 18:20:12.797] Load Audio: Squad/Sounds/sound_servomotor
[LOG 18:20:12.797] Load Audio: Squad/Sounds/sound_tab_extend
[LOG 18:20:12.806] Load Audio: Squad/Sounds/sound_tab_retreat
[LOG 18:20:12.806] Load Audio: SquadExpansion/Serenity/Sounds/robo_arm_large_end
[LOG 18:20:12.806] Load Audio: SquadExpansion/Serenity/Sounds/robo_arm_large_motor_00
[LOG 18:20:12.807] Load Audio: SquadExpansion/Serenity/Sounds/robo_arm_large_scan
[LOG 18:20:12.807] Load Audio: SquadExpansion/Serenity/Sounds/robo_arm_large_start
[LOG 18:20:12.807] Load Audio: SquadExpansion/Serenity/Sounds/robo_arm_medium_end
[LOG 18:20:12.807] Load Audio: SquadExpansion/Serenity/Sounds/robo_arm_medium_motor_00
[LOG 18:20:12.807] Load Audio: SquadExpansion/Serenity/Sounds/robo_arm_medium_scan
[LOG 18:20:12.807] Load Audio: SquadExpansion/Serenity/Sounds/robo_arm_medium_start
[LOG 18:20:12.808] Load Audio: SquadExpansion/Serenity/Sounds/robo_arm_small_end
[LOG 18:20:12.808] Load Audio: SquadExpansion/Serenity/Sounds/robo_arm_small_motor_00
[LOG 18:20:12.808] Load Audio: SquadExpansion/Serenity/Sounds/robo_arm_small_scan
[LOG 18:20:12.808] Load Audio: SquadExpansion/Serenity/Sounds/robo_arm_small_start
[LOG 18:20:12.808] Load Audio: SquadExpansion/Serenity/Sounds/sfx_cryoVolcano_burst
[LOG 18:20:12.809] Load Audio: SquadExpansion/Serenity/Sounds/sfx_cryoVolcano_idle
[LOG 18:20:12.809] Load Audio: SquadExpansion/Serenity/Sounds/sfx_deployable_booster_antena_end
[LOG 18:20:12.809] Load Audio: SquadExpansion/Serenity/Sounds/sfx_deployable_booster_antena_start
[LOG 18:20:12.809] Load Audio: SquadExpansion/Serenity/Sounds/sfx_deployable_central_station_end
[LOG 18:20:12.809] Load Audio: SquadExpansion/Serenity/Sounds/sfx_deployable_central_station_loop
[LOG 18:20:12.809] Load Audio: SquadExpansion/Serenity/Sounds/sfx_deployable_central_station_start
[LOG 18:20:12.810] Load Audio: SquadExpansion/Serenity/Sounds/sfx_deployable_detector_end
[LOG 18:20:12.810] Load Audio: SquadExpansion/Serenity/Sounds/sfx_deployable_detector_start
[LOG 18:20:12.810] Load Audio: SquadExpansion/Serenity/Sounds/sfx_deployable_GoObEd_end
[LOG 18:20:12.810] Load Audio: SquadExpansion/Serenity/Sounds/sfx_deployable_GoObEd_loop
[LOG 18:20:12.810] Load Audio: SquadExpansion/Serenity/Sounds/sfx_deployable_GoObEd_start
[LOG 18:20:12.849] Load Audio: SquadExpansion/Serenity/Sounds/sfx_deployable_rtg_end
[LOG 18:20:12.849] Load Audio: SquadExpansion/Serenity/Sounds/sfx_deployable_rtg_start
[LOG 18:20:12.849] Load Audio: SquadExpansion/Serenity/Sounds/sfx_deployable_seismometer_end
[LOG 18:20:12.849] Load Audio: SquadExpansion/Serenity/Sounds/sfx_deployable_seismometer_start
[LOG 18:20:12.849] Load Audio: SquadExpansion/Serenity/Sounds/sfx_deployable_solar_panel_end
[LOG 18:20:12.849] Load Audio: SquadExpansion/Serenity/Sounds/sfx_deployable_solar_panel_start
[LOG 18:20:12.850] Load Audio: SquadExpansion/Serenity/Sounds/sfx_deployable_weather_station_end
[LOG 18:20:12.850] Load Audio: SquadExpansion/Serenity/Sounds/sfx_deployable_weather_station_loop
[LOG 18:20:12.850] Load Audio: SquadExpansion/Serenity/Sounds/sfx_deployable_weather_station_start
[LOG 18:20:12.853] Load Audio: SquadExpansion/Serenity/Sounds/sfx_geyser_burst
[LOG 18:20:12.853] Load Audio: SquadExpansion/Serenity/Sounds/sfx_geyser_idle
[LOG 18:20:12.873] Load PNG texture: KsmUI/Icons/arrows-down-32
[LOG 18:20:12.879] [KSPCF] PNG texture 'KsmUI/Icons/arrows-down-32' was converted to DXT5 and has been cached for future reloads
[LOG 18:20:12.879] Load PNG texture: KsmUI/Icons/arrows-left-32
[LOG 18:20:12.881] [KSPCF] PNG texture 'KsmUI/Icons/arrows-left-32' was converted to DXT5 and has been cached for future reloads
[LOG 18:20:12.881] Load PNG texture: KsmUI/Icons/arrows-right-32
[LOG 18:20:12.882] [KSPCF] PNG texture 'KsmUI/Icons/arrows-right-32' was converted to DXT5 and has been cached for future reloads
[LOG 18:20:12.882] Load PNG texture: KsmUI/Icons/arrows-up-32
[LOG 18:20:12.883] [KSPCF] PNG texture 'KsmUI/Icons/arrows-up-32' was converted to DXT5 and has been cached for future reloads
[LOG 18:20:12.883] Load PNG texture: KsmUI/Icons/background-64-5
[LOG 18:20:12.884] [KSPCF] PNG texture 'KsmUI/Icons/background-64-5' was converted to DXT5 and has been cached for future reloads
[LOG 18:20:12.884] Load PNG texture: KsmUI/Icons/btn-black-64-5
[LOG 18:20:12.885] [KSPCF] PNG texture 'KsmUI/Icons/btn-black-64-5' was converted to DXT5 and has been cached for future reloads
[LOG 18:20:12.885] Load PNG texture: KsmUI/Icons/btn-black-disabled-64-5
[LOG 18:20:12.886] [KSPCF] PNG texture 'KsmUI/Icons/btn-black-disabled-64-5' was converted to DXT5 and has been cached for future reloads
[LOG 18:20:12.886] Load PNG texture: KsmUI/Icons/btn-black-highlight-64-5
[LOG 18:20:12.887] [KSPCF] PNG texture 'KsmUI/Icons/btn-black-highlight-64-5' was converted to DXT5 and has been cached for future reloads
[LOG 18:20:12.887] Load PNG texture: KsmUI/Icons/checkmark-20
[LOG 18:20:12.889] [KSPCF] PNG texture 'KsmUI/Icons/checkmark-20' was converted to DXT5 and has been cached for future reloads
[LOG 18:20:12.889] Load PNG texture: KsmUI/Icons/ColorPicker
[LOG 18:20:12.899] [KSPCF] PNG texture 'KsmUI/Icons/ColorPicker' was converted to DXT5 and has been cached for future reloads
[LOG 18:20:12.900] Load PNG texture: KsmUI/Icons/i8-header-close-32
[LOG 18:20:12.901] [KSPCF] PNG texture 'KsmUI/Icons/i8-header-close-32' was converted to DXT5 and has been cached for future reloads
[LOG 18:20:12.901] Load PNG texture: KsmUI/Icons/i8-header-newWindow-32
[LOG 18:20:12.902] [KSPCF] PNG texture 'KsmUI/Icons/i8-header-newWindow-32' was converted to DXT5 and has been cached for future reloads
[LOG 18:20:12.902] Load PNG texture: KsmUI/Icons/i8-rnd-32
[LOG 18:20:12.906] [KSPCF] PNG texture 'KsmUI/Icons/i8-rnd-32' was converted to DXT5 and has been cached for future reloads
[LOG 18:20:12.907] Load PNG texture: KsmUI/Icons/info-32
[LOG 18:20:12.911] [KSPCF] PNG texture 'KsmUI/Icons/info-32' was converted to DXT5 and has been cached for future reloads
[LOG 18:20:12.912] Load PNG texture: KsmUI/Icons/Selector
[LOG 18:20:12.912] [KSPCF] PNG texture 'KsmUI/Icons/Selector' was converted to DXT5 and has been cached for future reloads
[LOG 18:20:12.912] Load DDS texture: KSPCommunityFixes/MMPatches/StockTweaks/Icons/Clamp-O-Tron
[LOG 18:20:12.916] Load TRUECOLOR texture: KSPCommunityFixes/MMPatches/StockTweaks/Icons/Clamp-O-Tron_scaled
[LOG 18:20:12.916] Load DDS texture: KSPCommunityFixes/MMPatches/StockTweaks/Icons/FreeFallParachutes
[LOG 18:20:12.916] Load TRUECOLOR texture: KSPCommunityFixes/MMPatches/StockTweaks/Icons/FreeFallParachutes_scaled
[LOG 18:20:12.917] Load DDS texture: KSPCommunityFixes/MMPatches/StockTweaks/Icons/LightYearTireCompany
[LOG 18:20:12.917] Load TRUECOLOR texture: KSPCommunityFixes/MMPatches/StockTweaks/Icons/LightYearTireCompany_scaled
[LOG 18:20:12.917] Load DDS texture: KSPCommunityFixes/MMPatches/StockTweaks/Icons/StratusCorporation
[LOG 18:20:12.917] Load TRUECOLOR texture: KSPCommunityFixes/MMPatches/StockTweaks/Icons/StratusCorporation_scaled
[LOG 18:20:12.918] Load PNG texture: KSPProfiler/Icons/appIcon
[WRN 18:20:12.918] Texture isn't eligible for DXT compression, width and height must be multiples of 4
[LOG 18:20:12.918] Load DDS texture: Squad/Agencies/C7AerospaceDivision
[LOG 18:20:12.918] Load TRUECOLOR texture: Squad/Agencies/C7AerospaceDivision_scaled
[LOG 18:20:12.919] Load DDS texture: Squad/Agencies/DinkelsteinKermansConstructionEmporium
[LOG 18:20:12.920] Load TRUECOLOR texture: Squad/Agencies/DinkelsteinKermansConstructionEmporium_scaled
[LOG 18:20:12.920] Load DDS texture: Squad/Agencies/ExperimentalEngineering
[LOG 18:20:12.920] Load TRUECOLOR texture: Squad/Agencies/ExperimentalEngineering_scaled
[LOG 18:20:12.920] Load DDS texture: Squad/Agencies/FlooydResearchLab
[LOG 18:20:12.920] Load TRUECOLOR texture: Squad/Agencies/FlooydResearchLab_scaled
[LOG 18:20:12.921] Load DDS texture: Squad/Agencies/GoliathNationalProducts
[LOG 18:20:12.921] Load TRUECOLOR texture: Squad/Agencies/GoliathNationalProducts_scaled
[LOG 18:20:12.921] Load DDS texture: Squad/Agencies/IntegratedIntegrals
[LOG 18:20:12.921] Load TRUECOLOR texture: Squad/Agencies/IntegratedIntegrals_scaled
[LOG 18:20:12.921] Load DDS texture: Squad/Agencies/IonicSymphonicProtonicElectronics
[LOG 18:20:12.921] Load TRUECOLOR texture: Squad/Agencies/IonicSymphonicProtonicElectronics_scaled
[LOG 18:20:12.922] Load DDS texture: Squad/Agencies/JebsJunkyard
[LOG 18:20:12.922] Load TRUECOLOR texture: Squad/Agencies/JebsJunkyard_scaled
[LOG 18:20:12.922] Load DDS texture: Squad/Agencies/KerbalMotion
[LOG 18:20:12.922] Load TRUECOLOR texture: Squad/Agencies/KerbalMotion_scaled
[LOG 18:20:12.922] Load DDS texture: Squad/Agencies/KerbinWorldFirstRecordKeepingSociety
[LOG 18:20:12.923] Load TRUECOLOR texture: Squad/Agencies/KerbinWorldFirstRecordKeepingSociety_scaled
[LOG 18:20:12.923] Load DDS texture: Squad/Agencies/Kerbodyne
[LOG 18:20:12.923] Load TRUECOLOR texture: Squad/Agencies/Kerbodyne_scaled
[LOG 18:20:12.923] Load DDS texture: Squad/Agencies/Kerlington
[LOG 18:20:12.923] Load TRUECOLOR texture: Squad/Agencies/Kerlington_scaled
[LOG 18:20:12.924] Load DDS texture: Squad/Agencies/MaxoConstructionToys
[LOG 18:20:12.924] Load TRUECOLOR texture: Squad/Agencies/MaxoConstructionToys_scaled
[LOG 18:20:12.925] Load DDS texture: Squad/Agencies/MovingPartsExpertsGroup
[LOG 18:20:12.925] Load TRUECOLOR texture: Squad/Agencies/MovingPartsExpertsGroup_scaled
[LOG 18:20:12.925] Load DDS texture: Squad/Agencies/OMBDemolition
[LOG 18:20:12.925] Load TRUECOLOR texture: Squad/Agencies/OMBDemolition_scaled
[LOG 18:20:12.926] Load DDS texture: Squad/Agencies/PeriapsisCo
[LOG 18:20:12.926] Load TRUECOLOR texture: Squad/Agencies/PeriapsisCo_scaled
[LOG 18:20:12.926] Load DDS texture: Squad/Agencies/Probodobodyne
[LOG 18:20:12.926] Load TRUECOLOR texture: Squad/Agencies/Probodobodyne_scaled
[LOG 18:20:12.927] Load DDS texture: Squad/Agencies/R&D
[LOG 18:20:12.927] Load TRUECOLOR texture: Squad/Agencies/R&D_scaled
[LOG 18:20:12.927] Load DDS texture: Squad/Agencies/ReactionSystemsLtd
[LOG 18:20:12.927] Load TRUECOLOR texture: Squad/Agencies/ReactionSystemsLtd_scaled
[LOG 18:20:12.927] Load DDS texture: Squad/Agencies/Rockomax
[LOG 18:20:12.928] Load TRUECOLOR texture: Squad/Agencies/Rockomax_scaled
[LOG 18:20:12.928] Load DDS texture: Squad/Agencies/Rokea
[LOG 18:20:12.928] Load TRUECOLOR texture: Squad/Agencies/Rokea_scaled
[LOG 18:20:12.928] Load DDS texture: Squad/Agencies/SeansCannery
[LOG 18:20:12.929] Load TRUECOLOR texture: Squad/Agencies/SeansCannery_scaled
[LOG 18:20:12.929] Load DDS texture: Squad/Agencies/SteadlerEngineeringCorps
[LOG 18:20:12.929] Load TRUECOLOR texture: Squad/Agencies/SteadlerEngineeringCorps_scaled
[LOG 18:20:12.930] Load DDS texture: Squad/Agencies/StrutCo
[LOG 18:20:12.930] Load TRUECOLOR texture: Squad/Agencies/StrutCo_scaled
[LOG 18:20:12.930] Load DDS texture: Squad/Agencies/Vac-Co
[LOG 18:20:12.930] Load TRUECOLOR texture: Squad/Agencies/Vac-Co_scaled
[LOG 18:20:12.934] Load DDS texture: Squad/Agencies/WinterOwl
[LOG 18:20:12.937] Load TRUECOLOR texture: Squad/Agencies/WinterOwl_scaled
[LOG 18:20:12.937] Load DDS texture: Squad/Agencies/ZaltonicElectronics
[LOG 18:20:12.937] Load TRUECOLOR texture: Squad/Agencies/ZaltonicElectronics_scaled
[LOG 18:20:12.937] Load Cached PNG Texture: Squad/Alarms/Icons/ap
[LOG 18:20:12.938] Load Cached PNG Texture: Squad/Alarms/Icons/default
[LOG 18:20:12.938] Load Cached PNG Texture: Squad/Alarms/Icons/maneuver
[LOG 18:20:12.938] Load Cached PNG Texture: Squad/Alarms/Icons/pe
[LOG 18:20:12.938] Load Cached PNG Texture: Squad/Alarms/Icons/raw
[LOG 18:20:12.938] Load Cached PNG Texture: Squad/Alarms/Icons/soi
[LOG 18:20:12.939] Load Cached PNG Texture: Squad/Alarms/Icons/xfer
[LOG 18:20:12.939] Load DDS texture: Squad/Contracts/Icons/balloon
[LOG 18:20:12.939] Load DDS texture: Squad/Contracts/Icons/custom
[LOG 18:20:12.939] Load DDS texture: Squad/Contracts/Icons/default
[LOG 18:20:12.942] Load DDS texture: Squad/Contracts/Icons/dish
[LOG 18:20:12.943] Load DDS texture: Squad/Contracts/Icons/eva
[LOG 18:20:12.943] Load DDS texture: Squad/Contracts/Icons/gravity
[LOG 18:20:12.943] Load Cached PNG Texture: Squad/Contracts/Icons/ksc
[LOG 18:20:12.943] Load DDS texture: Squad/Contracts/Icons/launchsite
[LOG 18:20:12.943] Load DDS texture: Squad/Contracts/Icons/marker
[LOG 18:20:12.944] Load DDS texture: Squad/Contracts/Icons/pressure
[LOG 18:20:12.944] Load DDS texture: Squad/Contracts/Icons/report
[LOG 18:20:12.944] Load DDS texture: Squad/Contracts/Icons/runway
[LOG 18:20:12.944] Load DDS texture: Squad/Contracts/Icons/sample
[LOG 18:20:12.945] Load DDS texture: Squad/Contracts/Icons/seismic
[LOG 18:20:12.945] Load DDS texture: Squad/Contracts/Icons/thermometer
[LOG 18:20:12.946] Load DDS texture: Squad/Contracts/Icons/vessel
[LOG 18:20:12.946] Load Cached PNG Texture: Squad/Flags/09
[LOG 18:20:12.947] Load Cached PNG Texture: Squad/Flags/blorbs
[LOG 18:20:12.947] Load Cached PNG Texture: Squad/Flags/bullseye
[LOG 18:20:12.948] Load Cached PNG Texture: Squad/Flags/capsule
[LOG 18:20:12.948] Load Cached PNG Texture: Squad/Flags/circles
[LOG 18:20:12.948] Load Cached PNG Texture: Squad/Flags/default
[LOG 18:20:12.948] Load Cached PNG Texture: Squad/Flags/hexagon
[LOG 18:20:12.948] Load Cached PNG Texture: Squad/Flags/hexagonCircles
[LOG 18:20:12.949] Load Cached PNG Texture: Squad/Flags/kerbal1
[LOG 18:20:12.950] Load Cached PNG Texture: Squad/Flags/kerbal2
[LOG 18:20:12.950] Load Cached PNG Texture: Squad/Flags/kerbin
[LOG 18:20:12.951] Load Cached PNG Texture: Squad/Flags/kerbinmunflag
[LOG 18:20:12.951] Load Cached PNG Texture: Squad/Flags/line
[LOG 18:20:12.951] Load Cached PNG Texture: Squad/Flags/minimalistic
[LOG 18:20:12.951] Load Cached PNG Texture: Squad/Flags/orbit
[LOG 18:20:12.952] Load Cached PNG Texture: Squad/Flags/orbs
[LOG 18:20:12.952] Load Cached PNG Texture: Squad/Flags/retro
[LOG 18:20:12.952] Load Cached PNG Texture: Squad/Flags/rings
[LOG 18:20:12.953] Load Cached PNG Texture: Squad/Flags/rocketScience
[LOG 18:20:12.953] Load Cached PNG Texture: Squad/Flags/satellite
[LOG 18:20:12.953] Load Cached PNG Texture: Squad/Flags/Sentinel_Flag
[LOG 18:20:12.954] Load Cached PNG Texture: Squad/Flags/spheres
[LOG 18:20:12.954] Load Cached PNG Texture: Squad/Flags/squadLogo
[LOG 18:20:12.954] Load Cached PNG Texture: Squad/Flags/squadLogo2
[LOG 18:20:12.954] Load Cached PNG Texture: Squad/Flags/stripes
[LOG 18:20:12.955] Load Cached PNG Texture: Squad/Flags/trees
[LOG 18:20:12.955] Load Cached PNG Texture: Squad/Flags/trippy
[LOG 18:20:12.955] Load Cached PNG Texture: Squad/FlagsAgency/esa_dark_blue
[LOG 18:20:12.955] Load Cached PNG Texture: Squad/FlagsAgency/NASA
[LOG 18:20:12.955] Load Cached PNG Texture: Squad/FlagsAgency/uk_space_agency
[LOG 18:20:12.956] Load Cached PNG Texture: Squad/FlagsOrganization/B612_Foundation_flag
[LOG 18:20:12.956] Load Cached PNG Texture: Squad/FlagsOrganization/electron
[LOG 18:20:12.956] Load Cached PNG Texture: Squad/FlagsOrganization/ESA_Arianespace
[LOG 18:20:12.956] Load Cached PNG Texture: Squad/FlagsOrganization/rocketlab
[LOG 18:20:12.956] Load DDS texture: Squad/FX/DiamondBlue
[LOG 18:20:12.956] Load DDS texture: Squad/FX/FlameBlueOrange
[LOG 18:20:12.956] Load DDS texture: Squad/FX/FlamePurple
[LOG 18:20:12.956] Load DDS texture: Squad/FX/FlameRed
[LOG 18:20:12.956] Load DDS texture: Squad/FX/FlameRedOrange
[LOG 18:20:12.956] Load DDS texture: Squad/FX/Monoprop
[LOG 18:20:12.956] Load DDS texture: Squad/FX/plasma2
[LOG 18:20:12.957] Load DDS texture: Squad/FX/rocketplume2
[LOG 18:20:12.957] Load DDS texture: Squad/FX/shockDiamond2
[LOG 18:20:12.957] Load DDS texture: Squad/FX/smokepuff1
[LOG 18:20:12.957] Load DDS texture: Squad/Interiors/Administration/AdminBuilding_Lvl1
[LOG 18:20:12.962] Load DDS texture: Squad/Interiors/Administration/AdminBuilding_Lvl2
[LOG 18:20:12.967] Load DDS texture: Squad/Interiors/Administration/AdminBuilding_Lvl3
[LOG 18:20:12.982] Load DDS texture: Squad/MenuProps/MunOrBust
[LOG 18:20:12.984] Load Cached PNG Texture: Squad/Missions/Banners/Fail/default
[LOG 18:20:12.984] Load PNG texture: Squad/Missions/Banners/Menu/default
[WRN 18:20:12.988] Texture isn't eligible for DXT compression, width and height must be multiples of 4
[LOG 18:20:12.988] Load Cached PNG Texture: Squad/Missions/Banners/Success/default
[LOG 18:20:12.989] Load PNG texture: Squad/Missions/ESA-BepiColombo/Banners/Fail/ESA_MB_Fail_01
[WRN 18:20:12.993] Texture isn't eligible for DXT compression, width and height must be multiples of 4
[LOG 18:20:12.993] Load PNG texture: Squad/Missions/ESA-BepiColombo/Banners/Menu/ESA_MB_Select_01
[WRN 18:20:12.999] Texture isn't eligible for DXT compression, width and height must be multiples of 4
[LOG 18:20:12.999] Load PNG texture: Squad/Missions/ESA-BepiColombo/Banners/Success/ESA_MB_Success_01
[WRN 18:20:13.005] Texture isn't eligible for DXT compression, width and height must be multiples of 4
[LOG 18:20:13.005] Load PNG texture: Squad/Missions/ESA-BepiColombo-Short/Banners/Fail/ESA_MB_Fail_01
[WRN 18:20:13.011] Texture isn't eligible for DXT compression, width and height must be multiples of 4
[LOG 18:20:13.016] Load PNG texture: Squad/Missions/ESA-BepiColombo-Short/Banners/Menu/ESA_MB_Select_01
[WRN 18:20:13.021] Texture isn't eligible for DXT compression, width and height must be multiples of 4
[LOG 18:20:13.021] Load PNG texture: Squad/Missions/ESA-BepiColombo-Short/Banners/Success/ESA_MB_Success_01
[WRN 18:20:13.027] Texture isn't eligible for DXT compression, width and height must be multiples of 4
[LOG 18:20:13.027] Load PNG texture: Squad/Missions/ESA-Rosetta/Banners/Fail/ESA_MB_Fail_02
[WRN 18:20:13.034] Texture isn't eligible for DXT compression, width and height must be multiples of 4
[LOG 18:20:13.034] Load PNG texture: Squad/Missions/ESA-Rosetta/Banners/Menu/ESA_MB_Select_02
[WRN 18:20:13.039] Texture isn't eligible for DXT compression, width and height must be multiples of 4
[LOG 18:20:13.039] Load PNG texture: Squad/Missions/ESA-Rosetta/Banners/Success/ESA_MB_Success_02
[WRN 18:20:13.045] Texture isn't eligible for DXT compression, width and height must be multiples of 4
[LOG 18:20:13.047] Load Cached PNG Texture: Squad/PartList/SimpleIcons/ablator
[LOG 18:20:13.047] Load Cached PNG Texture: Squad/PartList/SimpleIcons/active_radiator
[LOG 18:20:13.047] Load Cached PNG Texture: Squad/PartList/SimpleIcons/asteroid_drill
[LOG 18:20:13.047] Load Cached PNG Texture: Squad/PartList/SimpleIcons/cargo_part
[LOG 18:20:13.047] Load Cached PNG Texture: Squad/PartList/SimpleIcons/comet_drill
[LOG 18:20:13.047] Load Cached PNG Texture: Squad/PartList/SimpleIcons/core_heat
[LOG 18:20:13.047] Load Cached PNG Texture: Squad/PartList/SimpleIcons/cs_main
[LOG 18:20:13.047] Load Cached PNG Texture: Squad/PartList/SimpleIcons/cs_mk2
[LOG 18:20:13.047] Load Cached PNG Texture: Squad/PartList/SimpleIcons/cs_mk3
[LOG 18:20:13.047] Load Cached PNG Texture: Squad/PartList/SimpleIcons/cs_size0
[LOG 18:20:13.047] Load Cached PNG Texture: Squad/PartList/SimpleIcons/cs_size1
[LOG 18:20:13.048] Load Cached PNG Texture: Squad/PartList/SimpleIcons/cs_size1p5
[LOG 18:20:13.048] Load Cached PNG Texture: Squad/PartList/SimpleIcons/cs_size2
[LOG 18:20:13.048] Load Cached PNG Texture: Squad/PartList/SimpleIcons/cs_size3
[LOG 18:20:13.048] Load Cached PNG Texture: Squad/PartList/SimpleIcons/cs_size4
[LOG 18:20:13.048] Load Cached PNG Texture: Squad/PartList/SimpleIcons/cs_surface
[LOG 18:20:13.048] Load Cached PNG Texture: Squad/PartList/SimpleIcons/custom_built_fairing
[LOG 18:20:13.048] Load Cached PNG Texture: Squad/PartList/SimpleIcons/deployable_antenna
[LOG 18:20:13.048] Load Cached PNG Texture: Squad/PartList/SimpleIcons/deployable_comms_part
[LOG 18:20:13.048] Load Cached PNG Texture: Squad/PartList/SimpleIcons/deployable_ground_part
[LOG 18:20:13.049] Load Cached PNG Texture: Squad/PartList/SimpleIcons/deployable_part
[LOG 18:20:13.049] Load Cached PNG Texture: Squad/PartList/SimpleIcons/deployable_radiator
[LOG 18:20:13.049] Load Cached PNG Texture: Squad/PartList/SimpleIcons/deployed_science_control_unit
[LOG 18:20:13.049] Load Cached PNG Texture: Squad/PartList/SimpleIcons/deployed_science_experiment
[LOG 18:20:13.049] Load Cached PNG Texture: Squad/PartList/SimpleIcons/deployed_science_part
[LOG 18:20:13.049] Load Cached PNG Texture: Squad/PartList/SimpleIcons/enviro_sensor
[LOG 18:20:13.049] Load Cached PNG Texture: Squad/PartList/SimpleIcons/experience_management
[LOG 18:20:13.049] Load Cached PNG Texture: Squad/PartList/SimpleIcons/fuels_monopropellant
[LOG 18:20:13.049] Load Cached PNG Texture: Squad/PartList/SimpleIcons/fuels_ore
[LOG 18:20:13.049] Load Cached PNG Texture: Squad/PartList/SimpleIcons/fuels_oxidizer
[LOG 18:20:13.050] Load Cached PNG Texture: Squad/PartList/SimpleIcons/fuels_solidfuel
[LOG 18:20:13.050] Load Cached PNG Texture: Squad/PartList/SimpleIcons/fuels_xenongas
[LOG 18:20:13.050] Load Cached PNG Texture: Squad/PartList/SimpleIcons/inventory_part
[LOG 18:20:13.050] Load Cached PNG Texture: Squad/PartList/SimpleIcons/kerbnet_access
[LOG 18:20:13.050] Load Cached PNG Texture: Squad/PartList/SimpleIcons/number1
[LOG 18:20:13.050] Load Cached PNG Texture: Squad/PartList/SimpleIcons/number2
[LOG 18:20:13.050] Load Cached PNG Texture: Squad/PartList/SimpleIcons/number3
[LOG 18:20:13.050] Load Cached PNG Texture: Squad/PartList/SimpleIcons/number4
[LOG 18:20:13.050] Load Cached PNG Texture: Squad/PartList/SimpleIcons/number5
[LOG 18:20:13.050] Load Cached PNG Texture: Squad/PartList/SimpleIcons/number6
[LOG 18:20:13.051] Load Cached PNG Texture: Squad/PartList/SimpleIcons/number7
[LOG 18:20:13.051] Load Cached PNG Texture: Squad/PartList/SimpleIcons/number8
[LOG 18:20:13.051] Load Cached PNG Texture: Squad/PartList/SimpleIcons/number9
[LOG 18:20:13.051] Load Cached PNG Texture: Squad/PartList/SimpleIcons/probe_control_unit
[LOG 18:20:13.051] Load Cached PNG Texture: Squad/PartList/SimpleIcons/R&D_node_icon_advaerodynamics
[LOG 18:20:13.051] Load Cached PNG Texture: Squad/PartList/SimpleIcons/R&D_node_icon_advancedmotors
[LOG 18:20:13.051] Load Cached PNG Texture: Squad/PartList/SimpleIcons/R&D_node_icon_advconstruction
[LOG 18:20:13.051] Load Cached PNG Texture: Squad/PartList/SimpleIcons/R&D_node_icon_advelectrics
[LOG 18:20:13.051] Load Cached PNG Texture: Squad/PartList/SimpleIcons/R&D_node_icon_advexploration
[LOG 18:20:13.052] Load Cached PNG Texture: Squad/PartList/SimpleIcons/R&D_node_icon_advflightcontrol
[LOG 18:20:13.052] Load Cached PNG Texture: Squad/PartList/SimpleIcons/R&D_node_icon_advlanding
[LOG 18:20:13.052] Load Cached PNG Texture: Squad/PartList/SimpleIcons/R&D_node_icon_advmetalworks
[LOG 18:20:13.052] Load Cached PNG Texture: Squad/PartList/SimpleIcons/R&D_node_icon_advrocketry
[LOG 18:20:13.052] Load Cached PNG Texture: Squad/PartList/SimpleIcons/R&D_node_icon_advsciencetech
[LOG 18:20:13.052] Load Cached PNG Texture: Squad/PartList/SimpleIcons/R&D_node_icon_advunmanned
[LOG 18:20:13.052] Load Cached PNG Texture: Squad/PartList/SimpleIcons/R&D_node_icon_aerodynamicsystems
[LOG 18:20:13.052] Load Cached PNG Texture: Squad/PartList/SimpleIcons/R&D_node_icon_aerospacetech
[LOG 18:20:13.052] Load Cached PNG Texture: Squad/PartList/SimpleIcons/R&D_node_icon_automation
[LOG 18:20:13.053] Load Cached PNG Texture: Squad/PartList/SimpleIcons/R&D_node_icon_basicprobes
[LOG 18:20:13.053] Load Cached PNG Texture: Squad/PartList/SimpleIcons/R&D_node_icon_basicrocketry
[LOG 18:20:13.053] Load Cached PNG Texture: Squad/PartList/SimpleIcons/R&D_node_icon_composites
[LOG 18:20:13.053] Load Cached PNG Texture: Squad/PartList/SimpleIcons/R&D_node_icon_electrics
[LOG 18:20:13.053] Load Cached PNG Texture: Squad/PartList/SimpleIcons/R&D_node_icon_electronics
[LOG 18:20:13.053] Load Cached PNG Texture: Squad/PartList/SimpleIcons/R&D_node_icon_evatech
[LOG 18:20:13.053] Load Cached PNG Texture: Squad/PartList/SimpleIcons/R&D_node_icon_experimentalaerodynamics
[LOG 18:20:13.053] Load Cached PNG Texture: Squad/PartList/SimpleIcons/R&D_node_icon_experimentalelectrics
[LOG 18:20:13.053] Load Cached PNG Texture: Squad/PartList/SimpleIcons/R&D_node_icon_experimentalmotors
[LOG 18:20:13.054] Load Cached PNG Texture: Squad/PartList/SimpleIcons/R&D_node_icon_experimentalrocketry
[LOG 18:20:13.054] Load Cached PNG Texture: Squad/PartList/SimpleIcons/R&D_node_icon_experimentalscience
[LOG 18:20:13.054] Load Cached PNG Texture: Squad/PartList/SimpleIcons/R&D_node_icon_fieldscience
[LOG 18:20:13.054] Load Cached PNG Texture: Squad/PartList/SimpleIcons/R&D_node_icon_flightcontrol
[LOG 18:20:13.054] Load Cached PNG Texture: Squad/PartList/SimpleIcons/R&D_node_icon_fuelsystems
[LOG 18:20:13.054] Load Cached PNG Texture: Squad/PartList/SimpleIcons/R&D_node_icon_generalconstruction
[LOG 18:20:13.054] Load Cached PNG Texture: Squad/PartList/SimpleIcons/R&D_node_icon_generalrocketry
[LOG 18:20:13.057] Load Cached PNG Texture: Squad/PartList/SimpleIcons/R&D_node_icon_generic
[LOG 18:20:13.058] Load Cached PNG Texture: Squad/PartList/SimpleIcons/R&D_node_icon_heavierrocketry
[LOG 18:20:13.058] Load Cached PNG Texture: Squad/PartList/SimpleIcons/R&D_node_icon_heavyaerodynamics
[LOG 18:20:13.058] Load Cached PNG Texture: Squad/PartList/SimpleIcons/R&D_node_icon_heavyrocketry
[LOG 18:20:13.058] Load Cached PNG Texture: Squad/PartList/SimpleIcons/R&D_node_icon_highaltitudeflight
[LOG 18:20:13.058] Load Cached PNG Texture: Squad/PartList/SimpleIcons/R&D_node_icon_highaltitudepropulsion
[LOG 18:20:13.058] Load Cached PNG Texture: Squad/PartList/SimpleIcons/R&D_node_icon_hypersonicflight
[LOG 18:20:13.058] Load Cached PNG Texture: Squad/PartList/SimpleIcons/R&D_node_icon_ionpropulsion
[LOG 18:20:13.058] Load Cached PNG Texture: Squad/PartList/SimpleIcons/R&D_node_icon_landing
[LOG 18:20:13.058] Load Cached PNG Texture: Squad/PartList/SimpleIcons/R&D_node_icon_largecontrol
[LOG 18:20:13.058] Load Cached PNG Texture: Squad/PartList/SimpleIcons/R&D_node_icon_largeelectrics
[LOG 18:20:13.058] Load Cached PNG Texture: Squad/PartList/SimpleIcons/R&D_node_icon_largeprobes
[LOG 18:20:13.059] Load Cached PNG Texture: Squad/PartList/SimpleIcons/R&D_node_icon_metamaterials
[LOG 18:20:13.059] Load Cached PNG Texture: Squad/PartList/SimpleIcons/R&D_node_icon_nanolathing
[LOG 18:20:13.059] Load Cached PNG Texture: Squad/PartList/SimpleIcons/R&D_node_icon_nuclearpropulsion
[LOG 18:20:13.059] Load Cached PNG Texture: Squad/PartList/SimpleIcons/R&D_node_icon_precisionengineering
[LOG 18:20:13.059] Load Cached PNG Texture: Squad/PartList/SimpleIcons/R&D_node_icon_robotics
[LOG 18:20:13.059] Load Cached PNG Texture: Squad/PartList/SimpleIcons/R&D_node_icon_sciencetech
[LOG 18:20:13.059] Load Cached PNG Texture: Squad/PartList/SimpleIcons/R&D_node_icon_specializedconstruction
[LOG 18:20:13.059] Load Cached PNG Texture: Squad/PartList/SimpleIcons/R&D_node_icon_specializedcontrol
[LOG 18:20:13.059] Load Cached PNG Texture: Squad/PartList/SimpleIcons/R&D_node_icon_specializedelectrics
[LOG 18:20:13.059] Load Cached PNG Texture: Squad/PartList/SimpleIcons/R&D_node_icon_stability
[LOG 18:20:13.060] Load Cached PNG Texture: Squad/PartList/SimpleIcons/R&D_node_icon_start
[LOG 18:20:13.060] Load Cached PNG Texture: Squad/PartList/SimpleIcons/R&D_node_icon_supersonicflight
[LOG 18:20:13.060] Load Cached PNG Texture: Squad/PartList/SimpleIcons/R&D_node_icon_survivability
[LOG 18:20:13.060] Load Cached PNG Texture: Squad/PartList/SimpleIcons/R&D_node_icon_unmannedtech
[LOG 18:20:13.060] Load Cached PNG Texture: Squad/PartList/SimpleIcons/R&D_node_icon_veryheavyrocketry
[LOG 18:20:13.060] Load Cached PNG Texture: Squad/PartList/SimpleIcons/rcsfx
[LOG 18:20:13.060] Load Cached PNG Texture: Squad/PartList/SimpleIcons/RDicon_aerospaceTech2
[LOG 18:20:13.060] Load Cached PNG Texture: Squad/PartList/SimpleIcons/RDicon_commandmodules
[LOG 18:20:13.060] Load Cached PNG Texture: Squad/PartList/SimpleIcons/RDicon_fuelSystems-advanced
[LOG 18:20:13.060] Load Cached PNG Texture: Squad/PartList/SimpleIcons/RDicon_fuelSystems-highPerformance
[LOG 18:20:13.060] Load Cached PNG Texture: Squad/PartList/SimpleIcons/RDicon_largeVolumeContainment
[LOG 18:20:13.061] Load Cached PNG Texture: Squad/PartList/SimpleIcons/RDicon_miniaturization
[LOG 18:20:13.061] Load Cached PNG Texture: Squad/PartList/SimpleIcons/RDicon_propulsion-precision
[LOG 18:20:13.061] Load Cached PNG Texture: Squad/PartList/SimpleIcons/RDicon_propulsionSystems
[LOG 18:20:13.061] Load Cached PNG Texture: Squad/PartList/SimpleIcons/RDicon_telescope
[LOG 18:20:13.061] Load Cached PNG Texture: Squad/PartList/SimpleIcons/robotic_controller
[LOG 18:20:13.061] Load Cached PNG Texture: Squad/PartList/SimpleIcons/robotic_rotation_servo
[LOG 18:20:13.061] Load Cached PNG Texture: Squad/PartList/SimpleIcons/robotic_servo_hinge
[LOG 18:20:13.061] Load Cached PNG Texture: Squad/PartList/SimpleIcons/robotic_servo_piston
[LOG 18:20:13.061] Load Cached PNG Texture: Squad/PartList/SimpleIcons/robotic_servo_rotor
[LOG 18:20:13.061] Load Cached PNG Texture: Squad/PartList/SimpleIcons/scanner_arm
[LOG 18:20:13.062] Load Cached PNG Texture: Squad/PartList/SimpleIcons/variant
[LOG 18:20:13.062] Load Cached PNG Texture: Squad/Parts/@thumbs/adapterSmallMiniShort_icon0
[LOG 18:20:13.062] Load Cached PNG Texture: Squad/Parts/@thumbs/adapterSmallMiniShort_icon1
[LOG 18:20:13.062] Load Cached PNG Texture: Squad/Parts/@thumbs/adapterSmallMiniTall_icon0
[LOG 18:20:13.062] Load Cached PNG Texture: Squad/Parts/@thumbs/adapterSmallMiniTall_icon1
[LOG 18:20:13.062] Load Cached PNG Texture: Squad/Parts/@thumbs/AdvancedCanard_icon
[LOG 18:20:13.062] Load Cached PNG Texture: Squad/Parts/@thumbs/advSasModule_icon
[LOG 18:20:13.063] Load Cached PNG Texture: Squad/Parts/@thumbs/airbrake1_icon
[LOG 18:20:13.063] Load Cached PNG Texture: Squad/Parts/@thumbs/airScoop_icon
[LOG 18:20:13.063] Load Cached PNG Texture: Squad/Parts/@thumbs/avionicsNoseCone_icon
[LOG 18:20:13.063] Load Cached PNG Texture: Squad/Parts/@thumbs/basicFin_icon
[LOG 18:20:13.063] Load Cached PNG Texture: Squad/Parts/@thumbs/batteryBankMini_icon
[LOG 18:20:13.063] Load Cached PNG Texture: Squad/Parts/@thumbs/batteryBank_icon
[LOG 18:20:13.064] Load Cached PNG Texture: Squad/Parts/@thumbs/batteryPack_icon
[LOG 18:20:13.064] Load Cached PNG Texture: Squad/Parts/@thumbs/cargoContainer_icon
[LOG 18:20:13.064] Load Cached PNG Texture: Squad/Parts/@thumbs/CargoStorageUnit_icon
[LOG 18:20:13.064] Load Cached PNG Texture: Squad/Parts/@thumbs/CircularIntake_icon
[LOG 18:20:13.064] Load Cached PNG Texture: Squad/Parts/@thumbs/commDish_icon
[LOG 18:20:13.065] Load Cached PNG Texture: Squad/Parts/@thumbs/Decoupler.0_icon0
[LOG 18:20:13.065] Load Cached PNG Texture: Squad/Parts/@thumbs/Decoupler.0_icon1
[LOG 18:20:13.065] Load Cached PNG Texture: Squad/Parts/@thumbs/Decoupler.1_icon0
[LOG 18:20:13.065] Load Cached PNG Texture: Squad/Parts/@thumbs/Decoupler.1_icon1
[LOG 18:20:13.065] Load Cached PNG Texture: Squad/Parts/@thumbs/dockingPort1_icon
[LOG 18:20:13.065] Load Cached PNG Texture: Squad/Parts/@thumbs/dockingPort2_icon
[LOG 18:20:13.065] Load Cached PNG Texture: Squad/Parts/@thumbs/dockingPort3_icon
[LOG 18:20:13.065] Load Cached PNG Texture: Squad/Parts/@thumbs/domeLight1_icon0
[LOG 18:20:13.066] Load Cached PNG Texture: Squad/Parts/@thumbs/domeLight1_icon1
[LOG 18:20:13.066] Load Cached PNG Texture: Squad/Parts/@thumbs/elevon2_icon
[LOG 18:20:13.066] Load Cached PNG Texture: Squad/Parts/@thumbs/elevon3_icon
[LOG 18:20:13.066] Load Cached PNG Texture: Squad/Parts/@thumbs/elevon5_icon
[LOG 18:20:13.066] Load Cached PNG Texture: Squad/Parts/@thumbs/evaChute_icon
[LOG 18:20:13.066] Load Cached PNG Texture: Squad/Parts/@thumbs/evaCylinder_icon
[LOG 18:20:13.067] Load Cached PNG Texture: Squad/Parts/@thumbs/evaJetpack_icon
[LOG 18:20:13.067] Load Cached PNG Texture: Squad/Parts/@thumbs/evaRepairKit_icon
[LOG 18:20:13.067] Load Cached PNG Texture: Squad/Parts/@thumbs/evaScienceKit_icon
[LOG 18:20:13.067] Load Cached PNG Texture: Squad/Parts/@thumbs/externalTankCapsule_icon0
[LOG 18:20:13.067] Load Cached PNG Texture: Squad/Parts/@thumbs/externalTankCapsule_icon1
[LOG 18:20:13.067] Load Cached PNG Texture: Squad/Parts/@thumbs/externalTankRound_icon0
[LOG 18:20:13.068] Load Cached PNG Texture: Squad/Parts/@thumbs/externalTankRound_icon1
[LOG 18:20:13.068] Load Cached PNG Texture: Squad/Parts/@thumbs/externalTankToroid_icon0
[LOG 18:20:13.068] Load Cached PNG Texture: Squad/Parts/@thumbs/externalTankToroid_icon1
[LOG 18:20:13.068] Load Cached PNG Texture: Squad/Parts/@thumbs/fireworksLauncherBig_icon
[LOG 18:20:13.068] Load Cached PNG Texture: Squad/Parts/@thumbs/fireworksLauncherSmall_icon
[LOG 18:20:13.069] Load Cached PNG Texture: Squad/Parts/@thumbs/foldingRadMed_icon
[LOG 18:20:13.069] Load Cached PNG Texture: Squad/Parts/@thumbs/foldingRadSmall_icon
[LOG 18:20:13.069] Load Cached PNG Texture: Squad/Parts/@thumbs/FuelCellArray_icon
[LOG 18:20:13.069] Load Cached PNG Texture: Squad/Parts/@thumbs/FuelCell_icon
[LOG 18:20:13.069] Load Cached PNG Texture: Squad/Parts/@thumbs/fuelTank.long_icon0
[LOG 18:20:13.069] Load Cached PNG Texture: Squad/Parts/@thumbs/fuelTankSmallFlat_icon0
[LOG 18:20:13.069] Load Cached PNG Texture: Squad/Parts/@thumbs/fuelTankSmallFlat_icon1
[LOG 18:20:13.070] Load Cached PNG Texture: Squad/Parts/@thumbs/fuelTankSmallFlat_icon2
[LOG 18:20:13.070] Load Cached PNG Texture: Squad/Parts/@thumbs/fuelTankSmallFlat_icon3
[LOG 18:20:13.070] Load Cached PNG Texture: Squad/Parts/@thumbs/fuelTankSmall_icon0
[LOG 18:20:13.070] Load Cached PNG Texture: Squad/Parts/@thumbs/fuelTankSmall_icon1
[LOG 18:20:13.071] Load Cached PNG Texture: Squad/Parts/@thumbs/fuelTankSmall_icon2
[LOG 18:20:13.071] Load Cached PNG Texture: Squad/Parts/@thumbs/fuelTankSmall_icon3
[LOG 18:20:13.071] Load Cached PNG Texture: Squad/Parts/@thumbs/fuelTank_icon0
[LOG 18:20:13.071] Load Cached PNG Texture: Squad/Parts/@thumbs/GearFixed_icon
[LOG 18:20:13.071] Load Cached PNG Texture: Squad/Parts/@thumbs/GearFree_icon
[LOG 18:20:13.072] Load Cached PNG Texture: Squad/Parts/@thumbs/GearSmall_icon
[LOG 18:20:13.072] Load Cached PNG Texture: Squad/Parts/@thumbs/GooExperiment_icon
[LOG 18:20:13.072] Load Cached PNG Texture: Squad/Parts/@thumbs/groundAnchor_icon
[LOG 18:20:13.072] Load Cached PNG Texture: Squad/Parts/@thumbs/groundLight1_icon
[LOG 18:20:13.072] Load Cached PNG Texture: Squad/Parts/@thumbs/groundLight2_icon
[LOG 18:20:13.072] Load Cached PNG Texture: Squad/Parts/@thumbs/HeatShield0_icon
[LOG 18:20:13.072] Load Cached PNG Texture: Squad/Parts/@thumbs/HeatShield1_icon
[LOG 18:20:13.073] Load Cached PNG Texture: Squad/Parts/@thumbs/HECS2.ProbeCore_icon
[LOG 18:20:13.073] Load Cached PNG Texture: Squad/Parts/@thumbs/HighGainAntenna5.v2_icon
[LOG 18:20:13.073] Load Cached PNG Texture: Squad/Parts/@thumbs/HighGainAntenna5_icon
[LOG 18:20:13.073] Load Cached PNG Texture: Squad/Parts/@thumbs/HighGainAntenna_icon
[LOG 18:20:13.073] Load Cached PNG Texture: Squad/Parts/@thumbs/IntakeRadialLong_icon
[LOG 18:20:13.073] Load Cached PNG Texture: Squad/Parts/@thumbs/ionEngine_icon
[LOG 18:20:13.073] Load Cached PNG Texture: Squad/Parts/@thumbs/ksp.r.largeBatteryPack_icon
[LOG 18:20:13.073] Load Cached PNG Texture: Squad/Parts/@thumbs/ladder1_icon
[LOG 18:20:13.073] Load Cached PNG Texture: Squad/Parts/@thumbs/landingLeg1-2_icon
[LOG 18:20:13.074] Load Cached PNG Texture: Squad/Parts/@thumbs/landingLeg1_icon
[LOG 18:20:13.074] Load Cached PNG Texture: Squad/Parts/@thumbs/LgRadialSolarPanel_icon
[LOG 18:20:13.074] Load Cached PNG Texture: Squad/Parts/@thumbs/linearRcs_icon
[LOG 18:20:13.074] Load Cached PNG Texture: Squad/Parts/@thumbs/liquidEngine2.v2_icon0
[LOG 18:20:13.074] Load Cached PNG Texture: Squad/Parts/@thumbs/liquidEngine3.v2_icon0
[LOG 18:20:13.074] Load Cached PNG Texture: Squad/Parts/@thumbs/liquidEngine3.v2_icon1
[LOG 18:20:13.074] Load Cached PNG Texture: Squad/Parts/@thumbs/liquidEngine3.v2_icon2
[LOG 18:20:13.075] Load Cached PNG Texture: Squad/Parts/@thumbs/liquidEngineMini.v2_icon0
[LOG 18:20:13.075] Load Cached PNG Texture: Squad/Parts/@thumbs/liquidEngineMini.v2_icon1
[LOG 18:20:13.075] Load Cached PNG Texture: Squad/Parts/@thumbs/liquidEngineMini.v2_icon2
[LOG 18:20:13.075] Load Cached PNG Texture: Squad/Parts/@thumbs/longAntenna_icon
[LOG 18:20:13.075] Load Cached PNG Texture: Squad/Parts/@thumbs/Magnetometer_icon
[LOG 18:20:13.081] Load Cached PNG Texture: Squad/Parts/@thumbs/mediumDishAntenna_icon
[LOG 18:20:13.081] Load Cached PNG Texture: Squad/Parts/@thumbs/microEngine.v2_icon0
[LOG 18:20:13.081] Load Cached PNG Texture: Squad/Parts/@thumbs/microEngine.v2_icon1
[LOG 18:20:13.081] Load Cached PNG Texture: Squad/Parts/@thumbs/MiniDrill_icon
[LOG 18:20:13.081] Load Cached PNG Texture: Squad/Parts/@thumbs/miniFuelTank_icon
[LOG 18:20:13.081] Load Cached PNG Texture: Squad/Parts/@thumbs/miniFuselage_icon
[LOG 18:20:13.082] Load Cached PNG Texture: Squad/Parts/@thumbs/miniIntake_icon
[LOG 18:20:13.082] Load Cached PNG Texture: Squad/Parts/@thumbs/miniJetEngine_icon
[LOG 18:20:13.082] Load Cached PNG Texture: Squad/Parts/@thumbs/miniLandingLeg_icon
[LOG 18:20:13.082] Load Cached PNG Texture: Squad/Parts/@thumbs/Mite_icon
[LOG 18:20:13.082] Load Cached PNG Texture: Squad/Parts/@thumbs/mk1pod.v2_icon0
[LOG 18:20:13.082] Load Cached PNG Texture: Squad/Parts/@thumbs/mk2DroneCore_icon
[LOG 18:20:13.082] Load Cached PNG Texture: Squad/Parts/@thumbs/mk2LanderCabin.v2_icon1
[LOG 18:20:13.082] Load Cached PNG Texture: Squad/Parts/@thumbs/MpoProbe_icon
[LOG 18:20:13.083] Load Cached PNG Texture: Squad/Parts/@thumbs/navLight1_icon0
[LOG 18:20:13.083] Load Cached PNG Texture: Squad/Parts/@thumbs/navLight1_icon1
[LOG 18:20:13.084] Load Cached PNG Texture: Squad/Parts/@thumbs/noseCone_icon0
[LOG 18:20:13.084] Load Cached PNG Texture: Squad/Parts/@thumbs/noseCone_icon1
[LOG 18:20:13.085] Load Cached PNG Texture: Squad/Parts/@thumbs/noseCone_icon2
[LOG 18:20:13.085] Load Cached PNG Texture: Squad/Parts/@thumbs/omsEngine_icon
[LOG 18:20:13.085] Load Cached PNG Texture: Squad/Parts/@thumbs/OrbitalScanner_icon
[LOG 18:20:13.086] Load Cached PNG Texture: Squad/Parts/@thumbs/parachuteDrogue_icon
[LOG 18:20:13.086] Load Cached PNG Texture: Squad/Parts/@thumbs/parachuteLarge_icon
[LOG 18:20:13.086] Load Cached PNG Texture: Squad/Parts/@thumbs/parachuteRadial_icon
[LOG 18:20:13.087] Load Cached PNG Texture: Squad/Parts/@thumbs/parachuteSingle_icon
[LOG 18:20:13.087] Load Cached PNG Texture: Squad/Parts/@thumbs/probeCoreCube_icon
[LOG 18:20:13.088] Load Cached PNG Texture: Squad/Parts/@thumbs/probeCoreHex.v2_icon
[LOG 18:20:13.088] Load Cached PNG Texture: Squad/Parts/@thumbs/probeCoreOcto.v2_icon
[LOG 18:20:13.089] Load Cached PNG Texture: Squad/Parts/@thumbs/probeCoreOcto2.v2_icon
[LOG 18:20:13.089] Load Cached PNG Texture: Squad/Parts/@thumbs/probeCoreSphere.v2_icon
[LOG 18:20:13.089] Load Cached PNG Texture: Squad/Parts/@thumbs/probeStackLarge_icon
[LOG 18:20:13.090] Load Cached PNG Texture: Squad/Parts/@thumbs/probeStackSmall_icon
[LOG 18:20:13.090] Load Cached PNG Texture: Squad/Parts/@thumbs/R8winglet_icon
[LOG 18:20:13.090] Load Cached PNG Texture: Squad/Parts/@thumbs/radialDecoupler1-2_icon
[LOG 18:20:13.091] Load Cached PNG Texture: Squad/Parts/@thumbs/radialDecoupler2_icon
[LOG 18:20:13.091] Load Cached PNG Texture: Squad/Parts/@thumbs/radialDecoupler_icon
[LOG 18:20:13.092] Load Cached PNG Texture: Squad/Parts/@thumbs/radialDrogue_icon
[LOG 18:20:13.092] Load Cached PNG Texture: Squad/Parts/@thumbs/radialEngineMini.v2_icon0
[LOG 18:20:13.093] Load Cached PNG Texture: Squad/Parts/@thumbs/radialEngineMini.v2_icon1
[LOG 18:20:13.093] Load Cached PNG Texture: Squad/Parts/@thumbs/radialLiquidEngine1-2_icon
[LOG 18:20:13.093] Load Cached PNG Texture: Squad/Parts/@thumbs/RadialOreTank_icon
[LOG 18:20:13.094] Load Cached PNG Texture: Squad/Parts/@thumbs/radialRCSTank_icon
[LOG 18:20:13.094] Load Cached PNG Texture: Squad/Parts/@thumbs/radPanelEdge_icon
[LOG 18:20:13.094] Load Cached PNG Texture: Squad/Parts/@thumbs/radPanelLg_icon
[LOG 18:20:13.095] Load Cached PNG Texture: Squad/Parts/@thumbs/radPanelSm_icon
[LOG 18:20:13.095] Load Cached PNG Texture: Squad/Parts/@thumbs/RCSblock.01.small_icon0
[LOG 18:20:13.096] Load Cached PNG Texture: Squad/Parts/@thumbs/RCSblock.01.small_icon1
[LOG 18:20:13.096] Load Cached PNG Texture: Squad/Parts/@thumbs/RCSblock.01.small_icon2
[LOG 18:20:13.096] Load Cached PNG Texture: Squad/Parts/@thumbs/RCSblock.01.small_icon3
[LOG 18:20:13.097] Load Cached PNG Texture: Squad/Parts/@thumbs/RCSblock.01.small_icon4
[LOG 18:20:13.097] Load Cached PNG Texture: Squad/Parts/@thumbs/RCSBlock.v2_icon
[LOG 18:20:13.098] Load Cached PNG Texture: Squad/Parts/@thumbs/RCSBlock.v2_icon0
[LOG 18:20:13.098] Load Cached PNG Texture: Squad/Parts/@thumbs/RCSBlock.v2_icon1
[LOG 18:20:13.099] Load Cached PNG Texture: Squad/Parts/@thumbs/RCSBlock.v2_icon2
[LOG 18:20:13.099] Load Cached PNG Texture: Squad/Parts/@thumbs/RCSBlock.v2_icon3
[LOG 18:20:13.099] Load Cached PNG Texture: Squad/Parts/@thumbs/RCSBlock.v2_icon4
[LOG 18:20:13.100] Load Cached PNG Texture: Squad/Parts/@thumbs/RCSFuelTank_icon
[LOG 18:20:13.100] Load Cached PNG Texture: Squad/Parts/@thumbs/RCSLinearSmall_icon
[LOG 18:20:13.103] Load Cached PNG Texture: Squad/Parts/@thumbs/rcsTankMini_icon
[LOG 18:20:13.103] Load Cached PNG Texture: Squad/Parts/@thumbs/RelayAntenna5_icon
[LOG 18:20:13.104] Load Cached PNG Texture: Squad/Parts/@thumbs/ReleaseValve_icon
[LOG 18:20:13.104] Load Cached PNG Texture: Squad/Parts/@thumbs/roverBody.v2_icon0
[LOG 18:20:13.104] Load Cached PNG Texture: Squad/Parts/@thumbs/roverBody.v2_icon1
[LOG 18:20:13.105] Load Cached PNG Texture: Squad/Parts/@thumbs/roverBody.v2_icon2
[LOG 18:20:13.105] Load Cached PNG Texture: Squad/Parts/@thumbs/roverWheel1_icon
[LOG 18:20:13.106] Load Cached PNG Texture: Squad/Parts/@thumbs/roverWheel2_icon
[LOG 18:20:13.106] Load Cached PNG Texture: Squad/Parts/@thumbs/rtg_icon
[LOG 18:20:13.106] Load Cached PNG Texture: Squad/Parts/@thumbs/sasModule_icon
[LOG 18:20:13.107] Load Cached PNG Texture: Squad/Parts/@thumbs/science.module_icon
[LOG 18:20:13.107] Load Cached PNG Texture: Squad/Parts/@thumbs/ScienceBox_icon
[LOG 18:20:13.108] Load Cached PNG Texture: Squad/Parts/@thumbs/seatExternalCmd_icon
[LOG 18:20:13.108] Load Cached PNG Texture: Squad/Parts/@thumbs/sensorAccelerometer_icon
[LOG 18:20:13.108] Load Cached PNG Texture: Squad/Parts/@thumbs/sensorAtmosphere_icon
[LOG 18:20:13.109] Load Cached PNG Texture: Squad/Parts/@thumbs/sensorBarometer_icon
[LOG 18:20:13.109] Load Cached PNG Texture: Squad/Parts/@thumbs/sensorGravimeter_icon
[LOG 18:20:13.110] Load Cached PNG Texture: Squad/Parts/@thumbs/sensorThermometer_icon
[LOG 18:20:13.110] Load Cached PNG Texture: Squad/Parts/@thumbs/Separator.0_icon0
[LOG 18:20:13.110] Load Cached PNG Texture: Squad/Parts/@thumbs/Separator.0_icon1
[LOG 18:20:13.111] Load Cached PNG Texture: Squad/Parts/@thumbs/Separator.1_icon0
[LOG 18:20:13.111] Load Cached PNG Texture: Squad/Parts/@thumbs/Separator.1_icon1
[LOG 18:20:13.112] Load Cached PNG Texture: Squad/Parts/@thumbs/sepMotor1_icon
[LOG 18:20:13.112] Load Cached PNG Texture: Squad/Parts/@thumbs/ServiceBay.125.v2_icon
[LOG 18:20:13.114] Load Cached PNG Texture: Squad/Parts/@thumbs/shockConeIntake_icon
[LOG 18:20:13.115] Load Cached PNG Texture: Squad/Parts/@thumbs/Shrimp_icon
[LOG 18:20:13.115] Load Cached PNG Texture: Squad/Parts/@thumbs/smallCargoContainer_icon
[LOG 18:20:13.115] Load Cached PNG Texture: Squad/Parts/@thumbs/smallClaw_icon0
[LOG 18:20:13.115] Load Cached PNG Texture: Squad/Parts/@thumbs/smallClaw_icon1
[LOG 18:20:13.116] Load Cached PNG Texture: Squad/Parts/@thumbs/smallCtrlSrf_icon
[LOG 18:20:13.117] Load Cached PNG Texture: Squad/Parts/@thumbs/SmallGearBay_icon
[LOG 18:20:13.117] Load Cached PNG Texture: Squad/Parts/@thumbs/smallHardpoint_icon
[LOG 18:20:13.118] Load Cached PNG Texture: Squad/Parts/@thumbs/smallRadialEngine.v2_icon0
[LOG 18:20:13.118] Load Cached PNG Texture: Squad/Parts/@thumbs/smallRadialEngine.v2_icon1
[LOG 18:20:13.118] Load Cached PNG Texture: Squad/Parts/@thumbs/solarPanelOX10C_icon
[LOG 18:20:13.119] Load Cached PNG Texture: Squad/Parts/@thumbs/solarPanelOX10L_icon
[LOG 18:20:13.119] Load Cached PNG Texture: Squad/Parts/@thumbs/solarPanels1_icon
[LOG 18:20:13.120] Load Cached PNG Texture: Squad/Parts/@thumbs/solarPanels2_icon
[LOG 18:20:13.120] Load Cached PNG Texture: Squad/Parts/@thumbs/solarPanels3_icon
[LOG 18:20:13.121] Load Cached PNG Texture: Squad/Parts/@thumbs/solarPanels4_icon
[LOG 18:20:13.121] Load Cached PNG Texture: Squad/Parts/@thumbs/solarPanels5_icon
[LOG 18:20:13.122] Load Cached PNG Texture: Squad/Parts/@thumbs/solarPanelSP10C_icon
[LOG 18:20:13.122] Load Cached PNG Texture: Squad/Parts/@thumbs/solarPanelSP10L_icon
[LOG 18:20:13.123] Load Cached PNG Texture: Squad/Parts/@thumbs/solidBooster.sm.v2_icon0
[LOG 18:20:13.123] Load Cached PNG Texture: Squad/Parts/@thumbs/solidBooster.v2_icon0
[LOG 18:20:13.123] Load Cached PNG Texture: Squad/Parts/@thumbs/spotLight1_icon
[LOG 18:20:13.124] Load Cached PNG Texture: Squad/Parts/@thumbs/spotLight2_icon
[LOG 18:20:13.124] Load Cached PNG Texture: Squad/Parts/@thumbs/spotLight3_icon0
[LOG 18:20:13.125] Load Cached PNG Texture: Squad/Parts/@thumbs/spotLight3_icon1
[LOG 18:20:13.125] Load Cached PNG Texture: Squad/Parts/@thumbs/stackPoint1_icon
[LOG 18:20:13.125] Load Cached PNG Texture: Squad/Parts/@thumbs/StandardCtrlSrf_icon
[LOG 18:20:13.126] Load Cached PNG Texture: Squad/Parts/@thumbs/standardNoseCone_icon
[LOG 18:20:13.129] Load Cached PNG Texture: Squad/Parts/@thumbs/stripLight1_icon0
[LOG 18:20:13.130] Load Cached PNG Texture: Squad/Parts/@thumbs/stripLight1_icon1
[LOG 18:20:13.130] Load Cached PNG Texture: Squad/Parts/@thumbs/structuralIBeam1_icon
[LOG 18:20:13.131] Load Cached PNG Texture: Squad/Parts/@thumbs/structuralIBeam3_icon
[LOG 18:20:13.131] Load Cached PNG Texture: Squad/Parts/@thumbs/structuralMiniNode_icon
[LOG 18:20:13.132] Load Cached PNG Texture: Squad/Parts/@thumbs/structuralPanel1_icon
[LOG 18:20:13.132] Load Cached PNG Texture: Squad/Parts/@thumbs/structuralPanel2_icon
[LOG 18:20:13.137] Load Cached PNG Texture: Squad/Parts/@thumbs/structuralWing4_icon
[LOG 18:20:13.137] Load Cached PNG Texture: Squad/Parts/@thumbs/strutCube_icon
[LOG 18:20:13.138] Load Cached PNG Texture: Squad/Parts/@thumbs/strutOcto_icon
[LOG 18:20:13.138] Load Cached PNG Texture: Squad/Parts/@thumbs/SurfaceScanner_icon
[LOG 18:20:13.139] Load Cached PNG Texture: Squad/Parts/@thumbs/SurfAntenna_icon
[LOG 18:20:13.139] Load Cached PNG Texture: Squad/Parts/@thumbs/telescopicLadderBay_icon
[LOG 18:20:13.140] Load Cached PNG Texture: Squad/Parts/@thumbs/telescopicLadder_icon
[LOG 18:20:13.140] Load Cached PNG Texture: Squad/Parts/@thumbs/toroidalAerospike_icon
[LOG 18:20:13.141] Load Cached PNG Texture: Squad/Parts/@thumbs/trussAdapter_icon
[LOG 18:20:13.141] Load Cached PNG Texture: Squad/Parts/@thumbs/trussPiece1x_icon
[LOG 18:20:13.142] Load Cached PNG Texture: Squad/Parts/@thumbs/trussPiece3x_icon
[LOG 18:20:13.142] Load Cached PNG Texture: Squad/Parts/@thumbs/vernierEngine_icon
[LOG 18:20:13.142] Load Cached PNG Texture: Squad/Parts/@thumbs/wheelMed_icon
[LOG 18:20:13.143] Load Cached PNG Texture: Squad/Parts/@thumbs/wingConnector4_icon
[LOG 18:20:13.143] Load Cached PNG Texture: Squad/Parts/@thumbs/wingConnector5_icon
[LOG 18:20:13.144] Load Cached PNG Texture: Squad/Parts/@thumbs/winglet3_icon
[LOG 18:20:13.144] Load Cached PNG Texture: Squad/Parts/@thumbs/winglet_icon
[LOG 18:20:13.144] Load Cached PNG Texture: Squad/Parts/@thumbs/wingShuttleElevon1_icon
[LOG 18:20:13.145] Load Cached PNG Texture: Squad/Parts/@thumbs/xenonTankLarge_icon
[LOG 18:20:13.145] Load Cached PNG Texture: Squad/Parts/@thumbs/xenonTankRadial_icon
[LOG 18:20:13.146] Load Cached PNG Texture: Squad/Parts/@thumbs/xenonTank_icon
[LOG 18:20:13.146] Load DDS texture: Squad/Parts/Aero/aerodynamicNoseCone/Rockomax_Adapters_diffuse
[LOG 18:20:13.146] Load DDS texture: Squad/Parts/Aero/aerodynamicNoseCone/Rockomax_Adapters_normal
[LOG 18:20:13.146] Load DDS texture: Squad/Parts/Aero/airbrake/airbrake
[LOG 18:20:13.146] Load DDS texture: Squad/Parts/Aero/airIntakeRadialXM-G50/RadialIntake
[LOG 18:20:13.152] Load DDS texture: Squad/Parts/Aero/airlinerWings/AirlinerWings
[LOG 18:20:13.165] Load DDS texture: Squad/Parts/Aero/airplaneFins/AirplaneFins
[LOG 18:20:13.174] Load DDS texture: Squad/Parts/Aero/basicFin/BasicFin
[LOG 18:20:13.174] Load DDS texture: Squad/Parts/Aero/circularIntake/CircluarIntakes
[LOG 18:20:13.175] Load DDS texture: Squad/Parts/Aero/circularIntake/CircluarIntakes_Heat
[LOG 18:20:13.175] Load DDS texture: Squad/Parts/Aero/cones/Assets/Cones
[LOG 18:20:13.175] Load DDS texture: Squad/Parts/Aero/cones/Assets/ConesDiffuse
[LOG 18:20:13.176] Load DDS texture: Squad/Parts/Aero/cones/Assets/ConesDiffuse_Orange
[LOG 18:20:13.179] Load DDS texture: Squad/Parts/Aero/cones/Assets/ConesDiffuse_White
[LOG 18:20:13.183] Load DDS texture: Squad/Parts/Aero/cones/Assets/ConesHeat
[LOG 18:20:13.187] Load DDS texture: Squad/Parts/Aero/cones/Assets/ConesHeat_Orange
[LOG 18:20:13.189] Load DDS texture: Squad/Parts/Aero/cones/Assets/ConesHeat_White
[LOG 18:20:13.200] Load DDS texture: Squad/Parts/Aero/cones/Assets/Cones_Heat
[LOG 18:20:13.200] Load Cached PNG Texture: Squad/Parts/Aero/cones/Assets/rocketNoseCones_O
[LOG 18:20:13.212] Load Cached PNG Texture: Squad/Parts/Aero/cones/Assets/rocketNoseCones_O_Normal
[LOG 18:20:13.213] Load DDS texture: Squad/Parts/Aero/cones/Assets/rocketNoseCones_W
[LOG 18:20:13.219] Load DDS texture: Squad/Parts/Aero/cones/Assets/Rockomax_Adapters_diffuse
[LOG 18:20:13.220] Load DDS texture: Squad/Parts/Aero/cones/Assets/Rockomax_Adapters_normal
[LOG 18:20:13.220] Load DDS texture: Squad/Parts/Aero/fairings/AutoTruss
[LOG 18:20:13.220] Load DDS texture: Squad/Parts/Aero/fairings/FairingBase
[LOG 18:20:13.221] Load DDS texture: Squad/Parts/Aero/fairings/FairingBaseNormals
[LOG 18:20:13.221] Load DDS texture: Squad/Parts/Aero/fairings/FairingBaseNormals_bw
[LOG 18:20:13.222] Load DDS texture: Squad/Parts/Aero/fairings/FairingBaseNormals_goldSilver
[LOG 18:20:13.222] Load DDS texture: Squad/Parts/Aero/fairings/FairingBaseNormals_orange
[LOG 18:20:13.223] Load Cached PNG Texture: Squad/Parts/Aero/fairings/FairingBase_black
[LOG 18:20:13.225] Load DDS texture: Squad/Parts/Aero/fairings/FairingBase_bw
[LOG 18:20:13.227] Load DDS texture: Squad/Parts/Aero/fairings/FairingBase_goldDiffuse
[LOG 18:20:13.228] Load DDS texture: Squad/Parts/Aero/fairings/FairingBase_goldSpecular
[LOG 18:20:13.229] Load DDS texture: Squad/Parts/Aero/fairings/FairingBase_orange
[LOG 18:20:13.229] Load DDS texture: Squad/Parts/Aero/fairings/FairingBase_silverDiffuse
[LOG 18:20:13.230] Load DDS texture: Squad/Parts/Aero/fairings/FairingBase_silverSpecular
[LOG 18:20:13.231] Load DDS texture: Squad/Parts/Aero/fairings/fairingsCap
[LOG 18:20:13.232] Load DDS texture: Squad/Parts/Aero/fairings/FairingsMat_silverSpecular
[LOG 18:20:13.235] Load DDS texture: Squad/Parts/Aero/fairings/fairings_diff
[LOG 18:20:13.237] Load DDS texture: Squad/Parts/Aero/fairings/fairings_diff_grey
[LOG 18:20:13.238] Load DDS texture: Squad/Parts/Aero/fairings/fairings_diff_orange
[LOG 18:20:13.239] Load DDS texture: Squad/Parts/Aero/fairings/fairings_grey_normals
[LOG 18:20:13.243] Load DDS texture: Squad/Parts/Aero/fairings/fairings_normals
[LOG 18:20:13.245] Load DDS texture: Squad/Parts/Aero/fairings/fairings_normals_silver
[LOG 18:20:13.246] Load DDS texture: Squad/Parts/Aero/fairings/fairings_orange_normals
[LOG 18:20:13.247] Load DDS texture: Squad/Parts/Aero/fairings/fairings_silverDiffuse
[LOG 18:20:13.248] Load DDS texture: Squad/Parts/Aero/HeatShield/Fairing
[LOG 18:20:13.258] Load DDS texture: Squad/Parts/Aero/HeatShield/heatshield
[LOG 18:20:13.262] Load DDS texture: Squad/Parts/Aero/InflatableHeatShield/HeatShield
[LOG 18:20:13.263] Load DDS texture: Squad/Parts/Aero/InflatableHeatShield/HeatShieldFairing
[LOG 18:20:13.264] Load DDS texture: Squad/Parts/Aero/InflatableHeatShield/HeatShield_NRM
[LOG 18:20:13.265] Load DDS texture: Squad/Parts/Aero/intakeRadialLong/Radial_long
[LOG 18:20:13.265] Load DDS texture: Squad/Parts/Aero/miniIntake/SmallIntake
[LOG 18:20:13.265] Load DDS texture: Squad/Parts/Aero/ramAirIntake/RampIntake
[LOG 18:20:13.265] Load DDS texture: Squad/Parts/Aero/ramAirIntake/RampIntake_Heat
[LOG 18:20:13.266] Load DDS texture: Squad/Parts/Aero/shuttleWings/ShuttleWings
[LOG 18:20:13.275] Load DDS texture: Squad/Parts/Aero/wingletAV-R8/model000
[LOG 18:20:13.275] Load DDS texture: Squad/Parts/Aero/wingletAV-R8/model001
[LOG 18:20:13.276] Load DDS texture: Squad/Parts/Aero/wingletAV-T1/model000
[LOG 18:20:13.276] Load DDS texture: Squad/Parts/Aero/wingletAV-T1/model001
[LOG 18:20:13.276] Load DDS texture: Squad/Parts/Aero/wingletDeltaDeluxe/model000
[LOG 18:20:13.277] Load DDS texture: Squad/Parts/Aero/wings/Wings
[LOG 18:20:13.278] Load DDS texture: Squad/Parts/Cargo/CargoContainers/cargoContainer_diff
[LOG 18:20:13.278] Load DDS texture: Squad/Parts/Cargo/CargoContainers/smallCargoContainer_diffuse
[LOG 18:20:13.279] Load DDS texture: Squad/Parts/Cargo/CargoContainers/smallCargoContainer_nrm
[LOG 18:20:13.279] Load DDS texture: Squad/Parts/Cargo/CargoContainers/smallCargoContainer_specular
[LOG 18:20:13.279] Load DDS texture: Squad/Parts/Cargo/Cylinder/EVAcylinder_diffuse
[LOG 18:20:13.280] Load DDS texture: Squad/Parts/Cargo/Cylinder/EVAcylinder_nrm
[LOG 18:20:13.280] Load DDS texture: Squad/Parts/Cargo/GroundAnchor/groundAnchor_diffuse
[LOG 18:20:13.280] Load DDS texture: Squad/Parts/Cargo/GroundAnchor/groundAnchor_nrm
[LOG 18:20:13.281] Load DDS texture: Squad/Parts/Cargo/Jetpack/EVAjetpack
[LOG 18:20:13.282] Load DDS texture: Squad/Parts/Cargo/Jetpack/EVAjetpackEmmisive
[LOG 18:20:13.289] Load DDS texture: Squad/Parts/Cargo/Jetpack/EVAjetpackNRM
[LOG 18:20:13.291] Load DDS texture: Squad/Parts/Cargo/Parachute/backpack_Diff
[LOG 18:20:13.302] Load DDS texture: Squad/Parts/Cargo/Parachute/backpack_NM
[LOG 18:20:13.314] Load DDS texture: Squad/Parts/Cargo/RepairKit/RepairKit_Diffuse
[LOG 18:20:13.315] Load DDS texture: Squad/Parts/Cargo/RepairKit/RepairKit_Normal
[LOG 18:20:13.321] Load DDS texture: Squad/Parts/Cargo/ScienceKit/ExperimentKit_Material_Diffuse
[LOG 18:20:13.322] Load DDS texture: Squad/Parts/Cargo/ScienceKit/ExperimentKit_Material_Emissive
[LOG 18:20:13.323] Load DDS texture: Squad/Parts/Cargo/ScienceKit/ExperimentKit_Material_Normal
[LOG 18:20:13.325] Load DDS texture: Squad/Parts/Cargo/StorageUnits/Assets/Cargo_Material_Diffuse
[LOG 18:20:13.331] Load DDS texture: Squad/Parts/Cargo/StorageUnits/Assets/Cargo_Material_Normal
[LOG 18:20:13.341] Load DDS texture: Squad/Parts/Command/advancedSasModuleLarge/model000
[LOG 18:20:13.341] Load DDS texture: Squad/Parts/Command/advancedSasModuleLarge/model001
[LOG 18:20:13.341] Load DDS texture: Squad/Parts/Command/cupola/cupola_Emissive
[LOG 18:20:13.342] Load DDS texture: Squad/Parts/Command/cupola/ksp_l_cupola_diff
[LOG 18:20:13.343] Load DDS texture: Squad/Parts/Command/cupola/ksp_l_cupola_normal
[LOG 18:20:13.346] Load DDS texture: Squad/Parts/Command/cupola/window
[LOG 18:20:13.346] Load DDS texture: Squad/Parts/Command/externalCommandSeat/model000
[LOG 18:20:13.348] Load DDS texture: Squad/Parts/Command/hitchhikerStorageContainer/cabin
[LOG 18:20:13.350] Load DDS texture: Squad/Parts/Command/hitchhikerStorageContainer/cabin_Illum
[LOG 18:20:13.350] Load DDS texture: Squad/Parts/Command/hitchhikerStorageContainer/cabin_n
[LOG 18:20:13.352] Load DDS texture: Squad/Parts/Command/hitchhikerStorageContainer/window
[LOG 18:20:13.352] Load DDS texture: Squad/Parts/Command/inlineAdvancedStabilizer/model000
[LOG 18:20:13.353] Load DDS texture: Squad/Parts/Command/inlineAdvancedStabilizer/model001
[LOG 18:20:13.353] Load DDS texture: Squad/Parts/Command/inlineReactionWheel/model000
[LOG 18:20:13.354] Load DDS texture: Squad/Parts/Command/inlineReactionWheel/model001
[LOG 18:20:13.354] Load DDS texture: Squad/Parts/Command/inlineReactionWheel/model002
[LOG 18:20:13.354] Load DDS texture: Squad/Parts/Command/Mk1-2Pod/mk 1-2 external shell Variant-Hatch
[LOG 18:20:13.356] Load DDS texture: Squad/Parts/Command/Mk1-3Pod/M1-3 Pod
[LOG 18:20:13.358] Load DDS texture: Squad/Parts/Command/Mk1-3Pod/M1-3 Pod_GLOW
[LOG 18:20:13.359] Load DDS texture: Squad/Parts/Command/mk1Cockpits/GLOW
[LOG 18:20:13.363] Load DDS texture: Squad/Parts/Command/mk1Cockpits/Mk1Cockpit
[LOG 18:20:13.365] Load DDS texture: Squad/Parts/Command/mk1LanderCan/ksp_s_landerCan_diff
[LOG 18:20:13.367] Load DDS texture: Squad/Parts/Command/mk1LanderCan/ksp_s_landerCan_normal
[LOG 18:20:13.367] Load DDS texture: Squad/Parts/Command/mk1LanderCan/ksp_s_landerCan_psd_illum
[LOG 18:20:13.368] Load DDS texture: Squad/Parts/Command/mk1pod/outer shell
[LOG 18:20:13.368] Load DDS texture: Squad/Parts/Command/mk1pod_v2/Mk1_v2
[LOG 18:20:13.370] Load DDS texture: Squad/Parts/Command/mk1pod_v2/Mk1_v2_GLOW
[LOG 18:20:13.372] Load DDS texture: Squad/Parts/Command/mk1pod_v2/Mk1_v2_GW
[LOG 18:20:13.384] Load DDS texture: Squad/Parts/Command/mk1pod_v2/Mk1_v2_N
[LOG 18:20:13.387] Load DDS texture: Squad/Parts/Command/mk1pod_v2/Mk1_v2_W
[LOG 18:20:13.395] Load DDS texture: Squad/Parts/Command/mk1pod_v2/Mk1_v2_W_N
[LOG 18:20:13.397] Load DDS texture: Squad/Parts/Command/mk2CockpitInline/Cockpit_inline_A
[LOG 18:20:13.398] Load DDS texture: Squad/Parts/Command/mk2CockpitInline/Cockpit_inline_Emissive
[LOG 18:20:13.403] Load DDS texture: Squad/Parts/Command/mk2CockpitInline/Cockpit_inline_normal
[LOG 18:20:13.404] Load DDS texture: Squad/Parts/Command/mk2CockpitStandard/Cockpit
[LOG 18:20:13.406] Load DDS texture: Squad/Parts/Command/mk2CockpitStandard/Cockpit_Lum
[LOG 18:20:13.406] Load DDS texture: Squad/Parts/Command/mk2CockpitStandard/Cockpit_NRM
[LOG 18:20:13.409] Load DDS texture: Squad/Parts/Command/mk2DroneCore/mk2Dronecore
[LOG 18:20:13.410] Load DDS texture: Squad/Parts/Command/mk2LanderCan/Illum
[LOG 18:20:13.410] Load DDS texture: Squad/Parts/Command/mk2LanderCan/ladder
[LOG 18:20:13.410] Load DDS texture: Squad/Parts/Command/mk2LanderCan/outershell
[LOG 18:20:13.411] Load DDS texture: Squad/Parts/Command/mk2LanderCan/outershell_n
[LOG 18:20:13.411] Load DDS texture: Squad/Parts/Command/mk2LanderCan/window
[LOG 18:20:13.413] Load DDS texture: Squad/Parts/Command/mk2LanderCan_v2/Mk2Can
[LOG 18:20:13.419] Load DDS texture: Squad/Parts/Command/mk2LanderCan_v2/Mk2Can_glow
[LOG 18:20:13.426] Load DDS texture: Squad/Parts/Command/mk3CockpitShuttle/Mk3CockpitShuttle
[LOG 18:20:13.429] Load DDS texture: Squad/Parts/Command/mk3CockpitShuttle/Mk3CockpitShuttle_LUM
[LOG 18:20:13.429] Load DDS texture: Squad/Parts/Command/MpoProbe/MpoProbe_diffuse
[LOG 18:20:13.430] Load DDS texture: Squad/Parts/Command/MpoProbe/MpoProbe_nrm
[LOG 18:20:13.436] Load DDS texture: Squad/Parts/Command/MpoProbe/MpoProbe_specular
[LOG 18:20:13.438] Load DDS texture: Squad/Parts/Command/MtmStage/mtmStage_diffuse
[LOG 18:20:13.440] Load DDS texture: Squad/Parts/Command/MtmStage/mtmStage_nrm
[LOG 18:20:13.451] Load DDS texture: Squad/Parts/Command/MtmStage/mtmStage_specular
[LOG 18:20:13.452] Load DDS texture: Squad/Parts/Command/probeCoreCube/QBE_New_diffuse
[LOG 18:20:13.454] Load Cached PNG Texture: Squad/Parts/Command/probeCoreCube/QBE_New_NRM
[LOG 18:20:13.456] Load DDS texture: Squad/Parts/Command/probeCoreCube/QBE_New_specular
[LOG 18:20:13.461] Load DDS texture: Squad/Parts/Command/probeCoreHex/ksp_m_hexProbe_diff
[LOG 18:20:13.462] Load DDS texture: Squad/Parts/Command/probeCoreHex/ksp_m_hexProbe_normal
[LOG 18:20:13.462] Load DDS texture: Squad/Parts/Command/probeCoreHex_v2/hecsDiffuse
[LOG 18:20:13.462] Load DDS texture: Squad/Parts/Command/probeCoreHex_v2/hecsNormal
[LOG 18:20:13.463] Load DDS texture: Squad/Parts/Command/probeCoreOcto2_v2/octoDiffuse
[LOG 18:20:13.463] Load DDS texture: Squad/Parts/Command/probeCoreOcto2_v2/octoNormal
[LOG 18:20:13.463] Load DDS texture: Squad/Parts/Command/probeCoreOcto2_v2/octoSpecular
[LOG 18:20:13.463] Load DDS texture: Squad/Parts/Command/probeCoreOcto_v2/octoDiffuse
[LOG 18:20:13.463] Load DDS texture: Squad/Parts/Command/probeCoreOcto_v2/octoNormal
[LOG 18:20:13.463] Load DDS texture: Squad/Parts/Command/probeCoreOcto_v2/octoSpecular
[LOG 18:20:13.464] Load DDS texture: Squad/Parts/Command/probeRoverBody/model000
[LOG 18:20:13.464] Load DDS texture: Squad/Parts/Command/probeRoverBody/model001
[LOG 18:20:13.464] Load DDS texture: Squad/Parts/Command/probeRoverBody_v2/probeRoverBody_v2_gold_diffuse
[LOG 18:20:13.465] Load Cached PNG Texture: Squad/Parts/Command/probeRoverBody_v2/probeRoverBody_v2_gold_NRM
[LOG 18:20:13.467] Load DDS texture: Squad/Parts/Command/probeRoverBody_v2/probeRoverBody_v2_gold_specular
[LOG 18:20:13.468] Load DDS texture: Squad/Parts/Command/probeRoverBody_v2/probeRoverBody_v2_silver_diffuse
[LOG 18:20:13.471] Load Cached PNG Texture: Squad/Parts/Command/probeRoverBody_v2/probeRoverBody_v2_silver_NRM
[LOG 18:20:13.472] Load DDS texture: Squad/Parts/Command/probeRoverBody_v2/probeRoverBody_v2_silver_specular
[LOG 18:20:13.473] Load DDS texture: Squad/Parts/Command/probeRoverBody_v2/QBE_New_diffuse
[LOG 18:20:13.475] Load DDS texture: Squad/Parts/Command/probeRoverBody_v2/QBE_New_NRM
[LOG 18:20:13.475] Load DDS texture: Squad/Parts/Command/probeRoverBody_v2/QBE_New_specular
[LOG 18:20:13.476] Load DDS texture: Squad/Parts/Command/probeStackLarge/model000
[LOG 18:20:13.476] Load DDS texture: Squad/Parts/Command/probeStackLarge/model001
[LOG 18:20:13.477] Load DDS texture: Squad/Parts/Command/probeStackSmall/model000
[LOG 18:20:13.478] Load DDS texture: Squad/Parts/Command/probeStackSmall/model001
[LOG 18:20:13.479] Load DDS texture: Squad/Parts/Command/probeStackSphere_v2/probeStackSphere_diffuse
[LOG 18:20:13.481] Load DDS texture: Squad/Parts/Command/probeStackSphere_v2/probeStackSphere_normal
[LOG 18:20:13.484] Load DDS texture: Squad/Parts/Command/probeStackSphere_v2/probeStackSphere_specular
[LOG 18:20:13.485] Load Cached PNG Texture: Squad/Parts/CompoundParts/@thumbs/fuelLine_icon0
[LOG 18:20:13.485] Load Cached PNG Texture: Squad/Parts/CompoundParts/@thumbs/fuelLine_icon1
[LOG 18:20:13.485] Load Cached PNG Texture: Squad/Parts/CompoundParts/@thumbs/strutConnector_icon0
[LOG 18:20:13.486] Load Cached PNG Texture: Squad/Parts/CompoundParts/@thumbs/strutConnector_icon1
[LOG 18:20:13.486] Load DDS texture: Squad/Parts/CompoundParts/FuelLine/FTX-2 External Fuel Duct
[LOG 18:20:13.486] Load DDS texture: Squad/Parts/CompoundParts/FuelLine/FTX-2 External Fuel Duct_ESA
[LOG 18:20:13.486] Load DDS texture: Squad/Parts/CompoundParts/strutConnector/EAS-4 Strut Connector
[LOG 18:20:13.486] Load DDS texture: Squad/Parts/CompoundParts/strutConnector/EAS-4 Strut Connector_white
[LOG 18:20:13.486] Load DDS texture: Squad/Parts/Coupling/Assets/Decouplers
[LOG 18:20:13.489] Load DDS texture: Squad/Parts/Coupling/Assets/Decouplers_N
[LOG 18:20:13.493] Load DDS texture: Squad/Parts/Coupling/Assets/Decouplers_whiteYellow
[LOG 18:20:13.500] Load DDS texture: Squad/Parts/Coupling/Assets/Decouplers_whiteYellow_N
[LOG 18:20:13.504] Load DDS texture: Squad/Parts/Electrical/10CSolarPanels/assets/circularSolarPanel_diffuse
[LOG 18:20:13.506] Load DDS texture: Squad/Parts/Electrical/10CSolarPanels/assets/circularSolarPanel_nrm
[LOG 18:20:13.508] Load DDS texture: Squad/Parts/Electrical/10LSolarPanels/assets/retractableSolarPanel_diffuse
[LOG 18:20:13.509] Load DDS texture: Squad/Parts/Electrical/10LSolarPanels/assets/retractableSolarPanel_nrm
[LOG 18:20:13.517] Load DDS texture: Squad/Parts/Electrical/1x6ShroudSolarPanels/model000
[LOG 18:20:13.519] Load DDS texture: Squad/Parts/Electrical/1x6ShroudSolarPanels/model001
[LOG 18:20:13.519] Load DDS texture: Squad/Parts/Electrical/1x6ShroudSolarPanels/model002
[LOG 18:20:13.519] Load DDS texture: Squad/Parts/Electrical/1x6SolarPanels/model000
[LOG 18:20:13.519] Load DDS texture: Squad/Parts/Electrical/1x6SolarPanels/model001
[LOG 18:20:13.519] Load DDS texture: Squad/Parts/Electrical/1x6SolarPanels/model002
[LOG 18:20:13.520] Load DDS texture: Squad/Parts/Electrical/3x2ShroudSolarPanels/model000
[LOG 18:20:13.520] Load DDS texture: Squad/Parts/Electrical/3x2ShroudSolarPanels/model001
[LOG 18:20:13.520] Load DDS texture: Squad/Parts/Electrical/3x2ShroudSolarPanels/model002
[LOG 18:20:13.520] Load DDS texture: Squad/Parts/Electrical/3x2SolarPanels/model000
[LOG 18:20:13.520] Load DDS texture: Squad/Parts/Electrical/3x2SolarPanels/model001
[LOG 18:20:13.522] Load DDS texture: Squad/Parts/Electrical/3x2SolarPanels/model002
[LOG 18:20:13.525] Load DDS texture: Squad/Parts/Electrical/gigantorXlSolarArray/panel
[LOG 18:20:13.525] Load DDS texture: Squad/Parts/Electrical/radialFlatSolarPanel/model000
[LOG 18:20:13.525] Load DDS texture: Squad/Parts/Electrical/RTG/model000
[LOG 18:20:13.525] Load DDS texture: Squad/Parts/Electrical/z-100Battery/model000
[LOG 18:20:13.525] Load DDS texture: Squad/Parts/Electrical/z-1kBattery/model000
[LOG 18:20:13.525] Load DDS texture: Squad/Parts/Electrical/z-1kBattery/model001
[LOG 18:20:13.526] Load DDS texture: Squad/Parts/Electrical/z-200Battery/ksp_m_batteryPack_diff
[LOG 18:20:13.526] Load DDS texture: Squad/Parts/Electrical/z-400Battery/model000
[LOG 18:20:13.526] Load DDS texture: Squad/Parts/Electrical/z-4kBattery/ksp_l_batteryPack_diff
[LOG 18:20:13.527] Load DDS texture: Squad/Parts/Electrical/z-4kBattery/ksp_l_batteryPack_normal
[LOG 18:20:13.527] Load DDS texture: Squad/Parts/Engine/ionEngine/model000
[LOG 18:20:13.527] Load DDS texture: Squad/Parts/Engine/jetEngines/Jet Engines
[LOG 18:20:13.531] Load DDS texture: Squad/Parts/Engine/jetEngines/Jet_Heat
[LOG 18:20:13.532] Load DDS texture: Squad/Parts/Engine/liquidEngine24-77/engine
[LOG 18:20:13.533] Load DDS texture: Squad/Parts/Engine/liquidEngine24-77_v2/Twitch
[LOG 18:20:13.535] Load DDS texture: Squad/Parts/Engine/liquidEngine24-77_v2/Twitch_G
[LOG 18:20:13.535] Load DDS texture: Squad/Parts/Engine/liquidEngine24-77_v2/Twitch_GLOW
[LOG 18:20:13.536] Load DDS texture: Squad/Parts/Engine/liquidEngine48-7S/ksp_m_liquidEngine_diff
[LOG 18:20:13.536] Load DDS texture: Squad/Parts/Engine/liquidEngine48-7S_v2/Spark
[LOG 18:20:13.536] Load DDS texture: Squad/Parts/Engine/liquidEngine48-7S_v2/Spark_Glow
[LOG 18:20:13.537] Load DDS texture: Squad/Parts/Engine/liquidEngineAerospike/Aerospike
[LOG 18:20:13.537] Load DDS texture: Squad/Parts/Engine/liquidEngineAerospike/Aerospike_Heat
[LOG 18:20:13.538] Load DDS texture: Squad/Parts/Engine/liquidEngineLV-1_v2/Assets/Ant_and_Spider_diffuse
[LOG 18:20:13.538] Load DDS texture: Squad/Parts/Engine/liquidEngineLV-1_v2/Assets/Ant_and_Spider_emissive
[LOG 18:20:13.597] Load DDS texture: Squad/Parts/Engine/liquidEngineLV-1_v2/Assets/Ant_and_Spider_normal
[LOG 18:20:13.597] Load DDS texture: Squad/Parts/Engine/liquidEngineLV-1_v2/Assets/Ant_and_Spider_specular
[LOG 18:20:13.597] Load DDS texture: Squad/Parts/Engine/liquidEngineLV-909_v2/Terrier
[LOG 18:20:13.601] Load DDS texture: Squad/Parts/Engine/liquidEngineLV-909_v2/TerrierFairing
[LOG 18:20:13.602] Load DDS texture: Squad/Parts/Engine/liquidEngineLV-909_v2/Terrier_glow
[LOG 18:20:13.610] Load DDS texture: Squad/Parts/Engine/liquidEngineLV-N/model000
[LOG 18:20:13.611] Load DDS texture: Squad/Parts/Engine/liquidEngineLV-N/model001
[LOG 18:20:13.611] Load DDS texture: Squad/Parts/Engine/liquidEngineLV-N/model002
[LOG 18:20:13.611] Load DDS texture: Squad/Parts/Engine/liquidEngineLV-N/model003
[LOG 18:20:13.612] Load DDS texture: Squad/Parts/Engine/liquidEngineLV-T30/model000
[LOG 18:20:13.612] Load DDS texture: Squad/Parts/Engine/liquidEngineLV-T30/model001
[LOG 18:20:13.612] Load DDS texture: Squad/Parts/Engine/liquidEngineLV-T30/model002
[LOG 18:20:13.612] Load DDS texture: Squad/Parts/Engine/liquidEngineLV-T30_v2/Engine_Emissive
[LOG 18:20:13.656] Load DDS texture: Squad/Parts/Engine/liquidEngineLV-T30_v2/Engine_Normal
[LOG 18:20:13.664] Load DDS texture: Squad/Parts/Engine/liquidEngineLV-T30_v2/Fairing
[LOG 18:20:13.665] Load DDS texture: Squad/Parts/Engine/liquidEngineLV-T30_v2/Reliant_v2-shroud_Diffuse
[LOG 18:20:13.673] Load DDS texture: Squad/Parts/Engine/liquidEngineLV-T30_v2/Reliant_v2_Diffuse
[LOG 18:20:13.682] Load DDS texture: Squad/Parts/Engine/liquidEngineLV-T45/model000
[LOG 18:20:13.684] Load DDS texture: Squad/Parts/Engine/liquidEngineLV-T45/model001
[LOG 18:20:13.685] Load DDS texture: Squad/Parts/Engine/liquidEngineLV-T45/model002
[LOG 18:20:13.685] Load DDS texture: Squad/Parts/Engine/liquidEngineLV-T45/model003
[LOG 18:20:13.685] Load DDS texture: Squad/Parts/Engine/liquidEngineLV-T45_v2/Engine_Emissive
[LOG 18:20:13.699] Load DDS texture: Squad/Parts/Engine/liquidEngineLV-T45_v2/Fairing
[LOG 18:20:13.700] Load DDS texture: Squad/Parts/Engine/liquidEngineLV-T45_v2/Swivel_v2_Diffuse
[LOG 18:20:13.709] Load DDS texture: Squad/Parts/Engine/liquidEngineLV-T45_v2/Swivel_v2_Normal
[LOG 18:20:13.716] Load DDS texture: Squad/Parts/Engine/liquidEngineMainsail_v2/mainsail_diffuse
[LOG 18:20:13.724] Load DDS texture: Squad/Parts/Engine/liquidEngineMainsail_v2/mainsail_emissive
[LOG 18:20:13.730] Load DDS texture: Squad/Parts/Engine/liquidEngineMainsail_v2/mainsail_nrm
[LOG 18:20:13.737] Load DDS texture: Squad/Parts/Engine/liquidEngineMainsail_v2/mainsail_specular
[LOG 18:20:13.749] Load DDS texture: Squad/Parts/Engine/liquidEngineMainsail_v2/Shroud
[LOG 18:20:13.751] Load DDS texture: Squad/Parts/Engine/liquidEngineMk55/Thud
[LOG 18:20:13.752] Load DDS texture: Squad/Parts/Engine/liquidEngineMk55/Thud_Heat
[LOG 18:20:13.752] Load DDS texture: Squad/Parts/Engine/liquidEnginePoodle_v2/poodle
[LOG 18:20:13.758] Load DDS texture: Squad/Parts/Engine/liquidEnginePoodle_v2/PoodleShroud
[LOG 18:20:13.759] Load DDS texture: Squad/Parts/Engine/liquidEnginePoodle_v2/poodle_Glow
[LOG 18:20:13.767] Load DDS texture: Squad/Parts/Engine/liquidEnginePoodle_v2/Poodle_SingleBell_Poodle_Diffuse
[LOG 18:20:13.768] Load DDS texture: Squad/Parts/Engine/liquidEnginePoodle_v2/Poodle_SingleBell_Poodle_Emissive
[LOG 18:20:13.769] Load DDS texture: Squad/Parts/Engine/liquidEnginePoodle_v2/Poodle_SingleBell_Poodle_Normal
[LOG 18:20:13.770] Load DDS texture: Squad/Parts/Engine/liquidEngineSkipper_v2/Shroud
[LOG 18:20:13.771] Load DDS texture: Squad/Parts/Engine/liquidEngineSkipper_v2/skipper_v2_diffuse
[LOG 18:20:13.782] Load DDS texture: Squad/Parts/Engine/liquidEngineSkipper_v2/skipper_v2_emissive
[LOG 18:20:13.790] Load DDS texture: Squad/Parts/Engine/liquidEngineSkipper_v2/skipper_v2_normal
[LOG 18:20:13.822] Load DDS texture: Squad/Parts/Engine/liquidEngineSSME/SSME
[LOG 18:20:13.823] Load DDS texture: Squad/Parts/Engine/liquidEngineSSME/SSME_GLOW
[LOG 18:20:13.823] Load DDS texture: Squad/Parts/Engine/liquidEngineSSME/SSME_NRM
[LOG 18:20:13.823] Load DDS texture: Squad/Parts/Engine/MassiveSRB/solid_booster_cm
[LOG 18:20:13.825] Load DDS texture: Squad/Parts/Engine/MassiveSRB/solid_booster_cm_esa
[LOG 18:20:13.829] Load DDS texture: Squad/Parts/Engine/MassiveSRB/solid_booster_em
[LOG 18:20:13.831] Load DDS texture: Squad/Parts/Engine/MassiveSRB/solid_booster_nm
[LOG 18:20:13.836] Load DDS texture: Squad/Parts/Engine/miniJet/SmallJet
[LOG 18:20:13.837] Load DDS texture: Squad/Parts/Engine/OMSEngine/Puff_diffuse
[LOG 18:20:13.839] Load DDS texture: Squad/Parts/Engine/OMSEngine/Puff_emissive
[LOG 18:20:13.839] Load DDS texture: Squad/Parts/Engine/OMSEngine/Puff_normal
[LOG 18:20:13.839] Load DDS texture: Squad/Parts/Engine/OMSEngine/Puff_specular
[LOG 18:20:13.839] Load DDS texture: Squad/Parts/Engine/rapierEngine/rapierDiffuse
[LOG 18:20:13.839] Load DDS texture: Squad/Parts/Engine/rapierEngine/rapieremit
[LOG 18:20:13.839] Load DDS texture: Squad/Parts/Engine/Size1_SRBs/SRB_O
[LOG 18:20:13.839] Load DDS texture: Squad/Parts/Engine/Size1_SRBs/SRB_W
[LOG 18:20:13.840] Load DDS texture: Squad/Parts/Engine/Size1_SRBs/SRB_Y
[LOG 18:20:13.841] Load DDS texture: Squad/Parts/Engine/Size2LFB/Size2LFBEmissive
[LOG 18:20:13.841] Load DDS texture: Squad/Parts/Engine/Size2LFB/twin_nozzle_booster_cm
[LOG 18:20:13.843] Load DDS texture: Squad/Parts/Engine/Size2LFB/twin_nozzle_booster_nm
[LOG 18:20:13.848] Load DDS texture: Squad/Parts/Engine/Size2LFB_v2/Size2LFBEmissive
[LOG 18:20:13.849] Load DDS texture: Squad/Parts/Engine/Size2LFB_v2/twin_nozzle_booster_cm
[LOG 18:20:13.850] Load DDS texture: Squad/Parts/Engine/Size2LFB_v2/twin_nozzle_booster_nm
[LOG 18:20:13.861] Load DDS texture: Squad/Parts/Engine/Size3AdvancedEngine/decoupler_and_adaptor_cm
[LOG 18:20:13.862] Load DDS texture: Squad/Parts/Engine/Size3AdvancedEngine/Size3AdvancedEngineDiffuse
[LOG 18:20:13.864] Load DDS texture: Squad/Parts/Engine/Size3AdvancedEngine/Size3AdvancedEngineEmissive
[LOG 18:20:13.864] Load DDS texture: Squad/Parts/Engine/Size3AdvancedEngine/Size3AdvancedEngineNormal
[LOG 18:20:13.864] Load DDS texture: Squad/Parts/Engine/Size3EngineCluster/ClusterEngineEmit
[LOG 18:20:13.865] Load DDS texture: Squad/Parts/Engine/Size3EngineCluster/four_nozzle_engine_cm
[LOG 18:20:13.866] Load DDS texture: Squad/Parts/Engine/Size3EngineCluster/four_nozzle_engine_nm
[LOG 18:20:13.868] Load DDS texture: Squad/Parts/Engine/solidBoosterBACC/model000
[LOG 18:20:13.870] Load DDS texture: Squad/Parts/Engine/solidBoosterBACC/model001
[LOG 18:20:13.872] Load DDS texture: Squad/Parts/Engine/solidBoosterBACC/model002
[LOG 18:20:13.878] Load DDS texture: Squad/Parts/Engine/solidBoosterRT-5/RT5
[LOG 18:20:13.878] Load DDS texture: Squad/Parts/Engine/solidBoosterS2-17/solidBoosterS2-17_diffuse
[LOG 18:20:13.892] Load DDS texture: Squad/Parts/Engine/solidBoosterS2-17/solidBoosterS2-17_emissive
[LOG 18:20:13.914] Load DDS texture: Squad/Parts/Engine/solidBoosterS2-17/solidBoosterS2-17_normal
[LOG 18:20:13.934] Load DDS texture: Squad/Parts/Engine/solidBoosterS2-33/solidBoosterS2-33_diffuse
[LOG 18:20:13.979] Load DDS texture: Squad/Parts/Engine/solidBoosterS2-33/solidBoosterS2-33_emissive
[LOG 18:20:14.039] Load DDS texture: Squad/Parts/Engine/solidBoosterS2-33/solidBoosterS2-33_normal
[LOG 18:20:14.092] Load DDS texture: Squad/Parts/Engine/solidBoosterSep/model000
[LOG 18:20:14.092] Load DDS texture: Squad/Parts/Engine/solidBoosterSep/motor
[LOG 18:20:14.092] Load DDS texture: Squad/Parts/Engine/SolidBoostersF/Assets/SolidBoosterF3S0_diffuse
[LOG 18:20:14.092] Load DDS texture: Squad/Parts/Engine/SolidBoostersF/Assets/SolidBoosterF3S0_emissive
[LOG 18:20:14.093] Load DDS texture: Squad/Parts/Engine/SolidBoostersF/Assets/SolidBoosterF3S0_normal
[LOG 18:20:14.094] Load DDS texture: Squad/Parts/FuelTank/adapterTanks/Mk3Adapters
[LOG 18:20:14.098] Load DDS texture: Squad/Parts/FuelTank/drainTankFTE-1/fuelValve_diffuse
[LOG 18:20:14.098] Load DDS texture: Squad/Parts/FuelTank/drainTankFTE-1/fuelValve_nrm
[LOG 18:20:14.098] Load DDS texture: Squad/Parts/FuelTank/FoilTanks/RadialTanks
[LOG 18:20:14.101] Load DDS texture: Squad/Parts/FuelTank/FoilTanks/RadialTanksGold_specular
[LOG 18:20:14.103] Load DDS texture: Squad/Parts/FuelTank/FoilTanks/RadialTanksSilver_specular
[LOG 18:20:14.106] Load DDS texture: Squad/Parts/FuelTank/FoilTanks/RadialTanks_N
[LOG 18:20:14.108] Load DDS texture: Squad/Parts/FuelTank/FoilTanks/RadialTanks_silver
[LOG 18:20:14.110] Load DDS texture: Squad/Parts/FuelTank/fuelTankOscarB/model000
[LOG 18:20:14.115] Load DDS texture: Squad/Parts/FuelTank/fuelTankOscarB/model001
[LOG 18:20:14.116] Load DDS texture: Squad/Parts/FuelTank/fuelTankOscarB/tank
[LOG 18:20:14.116] Load DDS texture: Squad/Parts/FuelTank/fuelTankOscarB/tank_n
[LOG 18:20:14.116] Load DDS texture: Squad/Parts/FuelTank/miniFuselage/Fuselage
[LOG 18:20:14.116] Load DDS texture: Squad/Parts/FuelTank/mk2Adapters/mk2adapters1m
[LOG 18:20:14.118] Load DDS texture: Squad/Parts/FuelTank/mk2FuselageLong/mk2Fuselage
[LOG 18:20:14.120] Load DDS texture: Squad/Parts/FuelTank/mk2FuselageShort/mk2FuselageShort
[LOG 18:20:14.123] Load DDS texture: Squad/Parts/FuelTank/mk3Fuselage/Mk3Fuselage
[LOG 18:20:14.128] Load DDS texture: Squad/Parts/FuelTank/mk3Fuselage/Mk3Fuselage_LUM
[LOG 18:20:14.129] Load DDS texture: Squad/Parts/FuelTank/RCSFuelTankR1/RCSFuelTankR1_01
[LOG 18:20:14.129] Load DDS texture: Squad/Parts/FuelTank/RCSFuelTankR1/RCSFuelTankR1_02
[LOG 18:20:14.130] Load DDS texture: Squad/Parts/FuelTank/RCSFuelTankR1/RCSFuelTankR1_N
[LOG 18:20:14.135] Load DDS texture: Squad/Parts/FuelTank/RCSFuelTankR10/ksp_m_rcsTank_diff
[LOG 18:20:14.136] Load DDS texture: Squad/Parts/FuelTank/RCSFuelTankR10/ksp_m_rcsTank_normal
[LOG 18:20:14.137] Load DDS texture: Squad/Parts/FuelTank/RCSFuelTankR25/FL-R25 RCS Fuel Tank_D
[LOG 18:20:14.137] Load DDS texture: Squad/Parts/FuelTank/RCSFuelTankR25/FL-R25 RCS Fuel Tank_N
[LOG 18:20:14.139] Load DDS texture: Squad/Parts/FuelTank/RCSTankRadial/model000
[LOG 18:20:14.139] Load DDS texture: Squad/Parts/FuelTank/RCStankRadialLong/ksp_r_rcsCylTank_diff
[LOG 18:20:14.139] Load DDS texture: Squad/Parts/FuelTank/RockomaxTanks/Assets/rockomax_16 [AlbedoM] BW
[LOG 18:20:14.152] Load DDS texture: Squad/Parts/FuelTank/RockomaxTanks/Assets/rockomax_16 [AlbedoM] ESA
[LOG 18:20:14.159] Load DDS texture: Squad/Parts/FuelTank/RockomaxTanks/Assets/rockomax_16 [AlbedoM] O
[LOG 18:20:14.167] Load DDS texture: Squad/Parts/FuelTank/RockomaxTanks/Assets/rockomax_16 [Normal] BW
[LOG 18:20:14.176] Load DDS texture: Squad/Parts/FuelTank/RockomaxTanks/Assets/rockomax_16 [Normal]ESA
[LOG 18:20:14.188] Load DDS texture: Squad/Parts/FuelTank/RockomaxTanks/Assets/rockomax_16 [Normal]O
[LOG 18:20:14.194] Load DDS texture: Squad/Parts/FuelTank/RockomaxTanks/Assets/rockomax_32 [AlbedoM] ESA
[LOG 18:20:14.197] Load DDS texture: Squad/Parts/FuelTank/RockomaxTanks/Assets/rockomax_32 [Normal]ESA
[LOG 18:20:14.198] Load DDS texture: Squad/Parts/FuelTank/Size1_Tanks/125Tanks_BW
[LOG 18:20:14.203] Load DDS texture: Squad/Parts/FuelTank/Size1_Tanks/125Tanks_D
[LOG 18:20:14.207] Load DDS texture: Squad/Parts/FuelTank/Size1_Tanks/125Tanks_N
[LOG 18:20:14.211] Load DDS texture: Squad/Parts/FuelTank/Size1_Tanks/125Tanks_O
[LOG 18:20:14.214] Load DDS texture: Squad/Parts/FuelTank/Size1_Tanks/125Tanks_W
[LOG 18:20:14.220] Load DDS texture: Squad/Parts/FuelTank/Size3Tanks/fueltTanks_cm
[LOG 18:20:14.222] Load Cached PNG Texture: Squad/Parts/FuelTank/Size3Tanks/Size3Tanks
[LOG 18:20:14.222] Load Cached PNG Texture: Squad/Parts/FuelTank/Size3Tanks/Size3Tanks_Norm
[LOG 18:20:14.223] Load Cached PNG Texture: Squad/Parts/FuelTank/Size3Tanks/Size3Tanks_Orange
[LOG 18:20:14.227] Load Cached PNG Texture: Squad/Parts/FuelTank/Size3Tanks/Size3Tanks_Orange_Norm
[LOG 18:20:14.227] Load DDS texture: Squad/Parts/FuelTank/xenonTank/model000
[LOG 18:20:14.227] Load DDS texture: Squad/Parts/FuelTank/xenonTank/model001
[LOG 18:20:14.230] Load DDS texture: Squad/Parts/FuelTank/xenonTankLarge/tank
[LOG 18:20:14.230] Load DDS texture: Squad/Parts/FuelTank/xenonTankRadial/ksp_r_xenonTank_diff
[LOG 18:20:14.230] Load DDS texture: Squad/Parts/Misc/AsteroidDay/CamSat
[LOG 18:20:14.230] Load DDS texture: Squad/Parts/Misc/AsteroidDay/CamSat_glow
[LOG 18:20:14.231] Load DDS texture: Squad/Parts/Misc/AsteroidDay/CamSat_N_NRM
[LOG 18:20:14.232] Load DDS texture: Squad/Parts/Misc/AsteroidDay/default
[LOG 18:20:14.232] Load DDS texture: Squad/Parts/Misc/AsteroidDay/hecsDiffuse
[LOG 18:20:14.232] Load DDS texture: Squad/Parts/Misc/AsteroidDay/hecsNormal
[LOG 18:20:14.232] Load DDS texture: Squad/Parts/Misc/AsteroidDay/hecsSpecular
[LOG 18:20:14.232] Load DDS texture: Squad/Parts/Misc/AsteroidDay/JumboHexProbe
[LOG 18:20:14.232] Load DDS texture: Squad/Parts/Misc/AsteroidDay/JumboHexProbe_NORM_NRM
[LOG 18:20:14.232] Load DDS texture: Squad/Parts/Resources/FuelCell/FCLamp
[LOG 18:20:14.232] Load DDS texture: Squad/Parts/Resources/FuelCell/FuelCellRack
[LOG 18:20:14.233] Load DDS texture: Squad/Parts/Resources/FuelCell/fuellcell
[LOG 18:20:14.233] Load DDS texture: Squad/Parts/Resources/ISRU/Processor_Large
[LOG 18:20:14.233] Load DDS texture: Squad/Parts/Resources/LargeTank/ksp_l_resourceContainer_diff
[LOG 18:20:14.233] Load DDS texture: Squad/Parts/Resources/LargeTank/ksp_l_resourceContainer_norm
[LOG 18:20:14.235] Load DDS texture: Squad/Parts/Resources/MiniDrill/DustParticle
[LOG 18:20:14.235] Load DDS texture: Squad/Parts/Resources/MiniDrill/ksp_r_rockProbe_diff
[LOG 18:20:14.236] Load DDS texture: Squad/Parts/Resources/MiniDrill/RockParticle
[LOG 18:20:14.236] Load DDS texture: Squad/Parts/Resources/MiniISRU/ksp_s_processorSmall_diff
[LOG 18:20:14.237] Load DDS texture: Squad/Parts/Resources/OrbitalScanner/detector
[LOG 18:20:14.237] Load DDS texture: Squad/Parts/Resources/RadialDrill/DustParticle
[LOG 18:20:14.239] Load DDS texture: Squad/Parts/Resources/RadialDrill/RockParticle
[LOG 18:20:14.239] Load DDS texture: Squad/Parts/Resources/RadialDrill/TriBitDrill
[LOG 18:20:14.239] Load DDS texture: Squad/Parts/Resources/RadialTank/ksp_r_resourceContainer_psd_2
[LOG 18:20:14.239] Load DDS texture: Squad/Parts/Resources/SmallTank/ksp_s_resourceContainer_diff
[LOG 18:20:14.240] Load DDS texture: Squad/Parts/Resources/SmallTank/ksp_s_resourceContainer_normal
[LOG 18:20:14.241] Load DDS texture: Squad/Parts/Resources/SurfaceScanner/ksp_r_samplerAir_diff
[LOG 18:20:14.242] Load DDS texture: Squad/Parts/Resources/SurveyScanner/dish
[LOG 18:20:14.244] Load DDS texture: Squad/Parts/Resources/SurveyScanner/dish_n
[LOG 18:20:14.245] Load DDS texture: Squad/Parts/Science/AtmosphereSensor/ksp_r_hydroscoop_diff
[LOG 18:20:14.247] Load DDS texture: Squad/Parts/Science/GooExperiment/GooExperiment
[LOG 18:20:14.248] Load DDS texture: Squad/Parts/Science/LargeCrewedLab/Large_Crewed_Lab
[LOG 18:20:14.251] Load DDS texture: Squad/Parts/Science/LargeCrewedLab/Large_Crewed_Lab_glow
[LOG 18:20:14.256] Load DDS texture: Squad/Parts/Science/LargeCrewedLab/window
[LOG 18:20:14.256] Load DDS texture: Squad/Parts/Science/Magnetometer/Magnetometer_diffuse
[LOG 18:20:14.256] Load DDS texture: Squad/Parts/Science/Magnetometer/Magnetometer_nrm
[LOG 18:20:14.257] Load DDS texture: Squad/Parts/Science/MaterialBay/science_module_small
[LOG 18:20:14.258] Load DDS texture: Squad/Parts/Science/MaterialBay/science_module_small_emit
[LOG 18:20:14.258] Load DDS texture: Squad/Parts/Science/MaterialBay/science_module_small_nrm
[LOG 18:20:14.259] Load DDS texture: Squad/Parts/Science/MaterialBay/wires
[LOG 18:20:14.259] Load DDS texture: Squad/Parts/Science/ScienceBox/Container
[LOG 18:20:14.259] Load DDS texture: Squad/Parts/Science/sensorAccelerometer/model000
[LOG 18:20:14.259] Load DDS texture: Squad/Parts/Science/sensorBarometer/model000
[LOG 18:20:14.259] Load DDS texture: Squad/Parts/Science/sensorGravimeter/model000
[LOG 18:20:14.260] Load DDS texture: Squad/Parts/Science/sensorThermometer/model000
[LOG 18:20:14.260] Load DDS texture: Squad/Parts/Structural/FLAdapters/Assets/FLA-Adapters_diffuse
[LOG 18:20:14.261] Load DDS texture: Squad/Parts/Structural/FLAdapters/Assets/FLA-Adapters_diffuse_O
[LOG 18:20:14.263] Load DDS texture: Squad/Parts/Structural/FLAdapters/Assets/FLA-Adapters_normal
[LOG 18:20:14.264] Load DDS texture: Squad/Parts/Structural/FLAdapters/Assets/FLA-Adapters_normal_O
[LOG 18:20:14.265] Load DDS texture: Squad/Parts/Structural/mk1Parts/Mk1Structural
[LOG 18:20:14.266] Load DDS texture: Squad/Parts/Structural/mk1Parts/Mk1StructuralHeat
[LOG 18:20:14.267] Load Cached PNG Texture: Squad/Parts/Structural/mk1Parts/@thumbs/MK1Fuselage_icon
[LOG 18:20:14.267] Load DDS texture: Squad/Parts/Structural/Size3To2Adapter_v2/Size2to3_BW_Diffuse
[LOG 18:20:14.273] Load DDS texture: Squad/Parts/Structural/Size3To2Adapter_v2/Size2to3_DUMMY_NRM
[LOG 18:20:14.274] Load DDS texture: Squad/Parts/Structural/Size3To2Adapter_v2/Size2to3_O_Diffuse
[LOG 18:20:14.281] Load DDS texture: Squad/Parts/Structural/Size3To2Adapter_v2/Size2to3_W_Diffuse
[LOG 18:20:14.292] Load DDS texture: Squad/Parts/Structural/Size3To2Adapter_v2/Size2to3_W_NRM
[LOG 18:20:14.300] Load DDS texture: Squad/Parts/Structural/stackAdapters/Assets/stackAdapters_diffuse
[LOG 18:20:14.302] Load DDS texture: Squad/Parts/Structural/stackAdapters/Assets/stackAdapters_diffuse_Dark
[LOG 18:20:14.303] Load DDS texture: Squad/Parts/Structural/stackAdapters/Assets/stackAdapters_diffuse_Orange
[LOG 18:20:14.303] Load DDS texture: Squad/Parts/Structural/stackAdapters/Assets/stackAdapters_normal
[LOG 18:20:14.304] Load DDS texture: Squad/Parts/Structural/stackAdapters/Assets/stackAdapters_normal_Orange
[LOG 18:20:14.306] Load DDS texture: Squad/Parts/Structural/stationHub/model000
[LOG 18:20:14.306] Load DDS texture: Squad/Parts/Structural/stationHub/model001
[LOG 18:20:14.307] Load DDS texture: Squad/Parts/Structural/structuralIBeam200/model000
[LOG 18:20:14.307] Load DDS texture: Squad/Parts/Structural/structuralIBeam200Pocket/model000
[LOG 18:20:14.307] Load DDS texture: Squad/Parts/Structural/structuralIBeam650/model000
[LOG 18:20:14.307] Load DDS texture: Squad/Parts/Structural/structuralMicronode/model000
[LOG 18:20:14.307] Load DDS texture: Squad/Parts/Structural/structuralPanel1x1/model000
[LOG 18:20:14.307] Load DDS texture: Squad/Parts/Structural/structuralPanel1x1/model001
[LOG 18:20:14.307] Load DDS texture: Squad/Parts/Structural/structuralPanel2x2/model000
[LOG 18:20:14.308] Load DDS texture: Squad/Parts/Structural/structuralPanel2x2/model001
[LOG 18:20:14.308] Load DDS texture: Squad/Parts/Structural/structuralPylons/Pylons
[LOG 18:20:14.308] Load DDS texture: Squad/Parts/Structural/strutCubicOcto/cubestrut
[LOG 18:20:14.308] Load DDS texture: Squad/Parts/Structural/strutOcto/model000
[LOG 18:20:14.308] Load DDS texture: Squad/Parts/Structural/trussGirderAdapter/model000
[LOG 18:20:14.308] Load DDS texture: Squad/Parts/Structural/trussGirderAdapter/model001
[LOG 18:20:14.308] Load DDS texture: Squad/Parts/Structural/trussGirderL/model000
[LOG 18:20:14.309] Load DDS texture: Squad/Parts/Structural/trussGirderXL/model000
[LOG 18:20:14.309] Load DDS texture: Squad/Parts/Thermal/FoldingRadiators/radiator
[LOG 18:20:14.309] Load DDS texture: Squad/Parts/Thermal/FoldingRadiators/radiator_N_NRM
[LOG 18:20:14.311] Load DDS texture: Squad/Parts/Thermal/RadiatorPanels/radPanel
[LOG 18:20:14.312] Load DDS texture: Squad/Parts/Thermal/RadiatorPanels/radPanel_N_NRM
[LOG 18:20:14.313] Load DDS texture: Squad/Parts/Utility/commDish88-88/comm_dish_array
[LOG 18:20:14.314] Load DDS texture: Squad/Parts/Utility/commDish88-88/comm_dish_v2_diff
[LOG 18:20:14.314] Load DDS texture: Squad/Parts/Utility/commDish88-88/model000
[LOG 18:20:14.314] Load DDS texture: Squad/Parts/Utility/commsAntennaDTS-M1/mediumDishAntenna
[LOG 18:20:14.315] Load DDS texture: Squad/Parts/Utility/commsAntennaDTS-M1/mediumDishAntenna_Emit
[LOG 18:20:14.315] Load DDS texture: Squad/Parts/Utility/commsDish16/model000
[LOG 18:20:14.315] Load DDS texture: Squad/Parts/Utility/decouplerRadialHDM/model000
[LOG 18:20:14.315] Load DDS texture: Squad/Parts/Utility/decouplerRadialTT-38K/model000
[LOG 18:20:14.315] Load DDS texture: Squad/Parts/Utility/decouplerRadialTT-38K/model001
[LOG 18:20:14.315] Load DDS texture: Squad/Parts/Utility/decouplerRadialTT-70/model000
[LOG 18:20:14.315] Load DDS texture: Squad/Parts/Utility/DirectAntennas/MiniAntenna
[LOG 18:20:14.316] Load DDS texture: Squad/Parts/Utility/dockingPort/Arrow Pointer
[LOG 18:20:14.316] Load DDS texture: Squad/Parts/Utility/dockingPort/DockingPorts_Clampotron_Diffuse
[LOG 18:20:14.324] Load DDS texture: Squad/Parts/Utility/dockingPort/DockingPorts_Clampotron_Emissive
[LOG 18:20:14.324] Load DDS texture: Squad/Parts/Utility/dockingPort/DockingPorts_Clampotron_Normal
[LOG 18:20:14.334] Load DDS texture: Squad/Parts/Utility/dockingPortInline/Arrow Pointer
[LOG 18:20:14.335] Load DDS texture: Squad/Parts/Utility/dockingPortInline/ClampotronLinear_ClampotronLinear_Diffuse
[LOG 18:20:14.340] Load DDS texture: Squad/Parts/Utility/dockingPortInline/ClampotronLinear_ClampotronLinear_Emissive
[LOG 18:20:14.344] Load DDS texture: Squad/Parts/Utility/dockingPortInline/ClampotronLinear_ClampotronLinear_Normal
[LOG 18:20:14.353] Load DDS texture: Squad/Parts/Utility/dockingPortInline/DockingPorts_Clampotron_Diffuse
[LOG 18:20:14.365] Load DDS texture: Squad/Parts/Utility/dockingPortInline/DockingPorts_Clampotron_Emissive
[LOG 18:20:14.366] Load DDS texture: Squad/Parts/Utility/dockingPortInline/DockingPorts_Clampotron_Normal
[LOG 18:20:14.372] Load DDS texture: Squad/Parts/Utility/dockingPortJr/Arrow Pointer
[LOG 18:20:14.373] Load DDS texture: Squad/Parts/Utility/dockingPortJr/DockingPorts_ClampotronJR_Diffuse
[LOG 18:20:14.374] Load DDS texture: Squad/Parts/Utility/dockingPortJr/DockingPorts_ClampotronJR_Normal
[LOG 18:20:14.375] Load DDS texture: Squad/Parts/Utility/dockingPortJr/model000
[LOG 18:20:14.375] Load DDS texture: Squad/Parts/Utility/dockingPortShielded/Arrow Pointer
[LOG 18:20:14.376] Load DDS texture: Squad/Parts/Utility/dockingPortShielded/Clamp-O-Tron Shielded Docking Port_ClampotronShielded_Diffuse
[LOG 18:20:14.381] Load DDS texture: Squad/Parts/Utility/dockingPortShielded/Clamp-O-Tron Shielded Docking Port_ClampotronShielded_Normal
[LOG 18:20:14.387] Load DDS texture: Squad/Parts/Utility/dockingPortShielded/DockingPorts_Clampotron_Diffuse
[LOG 18:20:14.397] Load DDS texture: Squad/Parts/Utility/dockingPortShielded/DockingPorts_Clampotron_Emissive
[LOG 18:20:14.397] Load DDS texture: Squad/Parts/Utility/dockingPortShielded/DockingPorts_Clampotron_Normal
[LOG 18:20:14.408] Load DDS texture: Squad/Parts/Utility/dockingPortSr/Arrow Pointer
[LOG 18:20:14.408] Load DDS texture: Squad/Parts/Utility/dockingPortSr/ClampotronSr_ClampotronSr_Diffuse
[LOG 18:20:14.414] Load DDS texture: Squad/Parts/Utility/dockingPortSr/ClampotronSr_ClampotronSr_Diffuse_gray
[LOG 18:20:14.420] Load DDS texture: Squad/Parts/Utility/dockingPortSr/ClampotronSr_ClampotronSr_Emissive
[LOG 18:20:14.421] Load DDS texture: Squad/Parts/Utility/dockingPortSr/ClampotronSr_ClampotronSr_Normal
[LOG 18:20:14.428] Load Cached PNG Texture: Squad/Parts/Utility/Fireworks/Assets/fireworks_launcher_big 1
[LOG 18:20:14.435] Load Cached PNG Texture: Squad/Parts/Utility/Fireworks/Assets/fireworks_launcher_big
[LOG 18:20:14.439] Load Cached PNG Texture: Squad/Parts/Utility/flags/backgroundTextures/dark_background
[LOG 18:20:14.440] Load Cached PNG Texture: Squad/Parts/Utility/flags/backgroundTextures/orange_background
[LOG 18:20:14.440] Load Cached PNG Texture: Squad/Parts/Utility/flags/backgroundTextures/white_background
[LOG 18:20:14.441] Load DDS texture: Squad/Parts/Utility/GrapplingDevice/grabberDiffuse
[LOG 18:20:14.441] Load DDS texture: Squad/Parts/Utility/GrapplingDevice/grabberDiffuse_dark
[LOG 18:20:14.443] Load DDS texture: Squad/Parts/Utility/GrapplingDevice/grabberNRM
[LOG 18:20:14.443] Load DDS texture: Squad/Parts/Utility/GrapplingDevice/window
[LOG 18:20:14.443] Load DDS texture: Squad/Parts/Utility/ladderRadial/model000
[LOG 18:20:14.443] Load DDS texture: Squad/Parts/Utility/ladderTelescopic/model000
[LOG 18:20:14.444] Load DDS texture: Squad/Parts/Utility/ladderTelescopic/model001
[LOG 18:20:14.445] Load DDS texture: Squad/Parts/Utility/ladderTelescopic/model002
[LOG 18:20:14.446] Load DDS texture: Squad/Parts/Utility/ladderTelescopicBay/model000
[LOG 18:20:14.448] Load DDS texture: Squad/Parts/Utility/ladderTelescopicBay/model001
[LOG 18:20:14.449] Load DDS texture: Squad/Parts/Utility/landingLegLT-1/ksp_r_landingStrut_diff
[LOG 18:20:14.451] Load DDS texture: Squad/Parts/Utility/landingLegLT-2/landingLeg
[LOG 18:20:14.451] Load DDS texture: Squad/Parts/Utility/landingLegLT-5/leg
[LOG 18:20:14.451] Load DDS texture: Squad/Parts/Utility/landingLegLT-5/model000
[LOG 18:20:14.451] Load DDS texture: Squad/Parts/Utility/launchClamp1/model000
[LOG 18:20:14.451] Load DDS texture: Squad/Parts/Utility/launchClamp1/model001
[LOG 18:20:14.451] Load DDS texture: Squad/Parts/Utility/launchEscapeSystem/LES_Diffuse
[LOG 18:20:14.455] Load DDS texture: Squad/Parts/Utility/Lights/Assets/Lights_Attacheable_Lights_Diffuse
[LOG 18:20:14.455] Load DDS texture: Squad/Parts/Utility/Lights/Assets/Lights_Attacheable_Lights_Diffuse_white
[LOG 18:20:14.455] Load DDS texture: Squad/Parts/Utility/Lights/Assets/Lights_Attacheable_Lights_Emissive
[LOG 18:20:14.455] Load DDS texture: Squad/Parts/Utility/Lights/Assets/Lights_Attacheable_Lights_Normal
[LOG 18:20:14.456] Load DDS texture: Squad/Parts/Utility/Lights/Assets/Lights_Rectangle_Light_Diffuse
[LOG 18:20:14.462] Load DDS texture: Squad/Parts/Utility/Lights/Assets/Lights_Rectangle_Light_Diffuse_white
[LOG 18:20:14.470] Load DDS texture: Squad/Parts/Utility/Lights/Assets/Lights_Rectangle_Light_Emissive
[LOG 18:20:14.475] Load DDS texture: Squad/Parts/Utility/Lights/Assets/Lights_Rectangle_Light_Normal
[LOG 18:20:14.481] Load DDS texture: Squad/Parts/Utility/Lights/Assets/Lights_Worklights_Diffuse
[LOG 18:20:14.483] Load DDS texture: Squad/Parts/Utility/Lights/Assets/Lights_Worklights_Emissive
[LOG 18:20:14.485] Load DDS texture: Squad/Parts/Utility/Lights/Assets/Lights_Worklights_Normal
[LOG 18:20:14.486] Load DDS texture: Squad/Parts/Utility/Lights/Assets/Spotlight_Attacheable_Lights_Diffuse
[LOG 18:20:14.486] Load DDS texture: Squad/Parts/Utility/Lights/Assets/Spotlight_Attacheable_Lights_Diffuse_white
[LOG 18:20:14.486] Load DDS texture: Squad/Parts/Utility/Lights/Assets/Spotlight_Attacheable_Lights_Emissive
[LOG 18:20:14.487] Load DDS texture: Squad/Parts/Utility/Lights/Assets/Spotlight_Attacheable_Lights_Normal
[LOG 18:20:14.487] Load DDS texture: Squad/Parts/Utility/linearVernorRCS/Assets/linear_vernor_diffuse
[LOG 18:20:14.487] Load DDS texture: Squad/Parts/Utility/linearVernorRCS/Assets/linear_vernor_emissive
[LOG 18:20:14.487] Load DDS texture: Squad/Parts/Utility/linearVernorRCS/Assets/linear_vernor_normalDummy
[LOG 18:20:14.487] Load DDS texture: Squad/Parts/Utility/linearVernorRCS/Assets/linear_vernor_specular
[LOG 18:20:14.487] Load DDS texture: Squad/Parts/Utility/mk2CargoBay/mk2CargoBay
[LOG 18:20:14.488] Load DDS texture: Squad/Parts/Utility/mk2CrewCabin/mk2CrewCabin
[LOG 18:20:14.488] Load DDS texture: Squad/Parts/Utility/mk2CrewCabin/mk2CrewCabin_LUM
[LOG 18:20:14.489] Load DDS texture: Squad/Parts/Utility/mk2DockingPort/Arrow Pointer
[LOG 18:20:14.489] Load DDS texture: Squad/Parts/Utility/mk2DockingPort/Mk2Clampotron_Caps_Diffuse
[LOG 18:20:14.489] Load DDS texture: Squad/Parts/Utility/mk2DockingPort/Mk2Clampotron_Caps_Emmisive
[LOG 18:20:14.489] Load DDS texture: Squad/Parts/Utility/mk2DockingPort/Mk2Clampotron_Caps_Normal
[LOG 18:20:14.489] Load DDS texture: Squad/Parts/Utility/mk2DockingPort/Mk2Clampotron_Mk2Clampotron_Diffuse
[LOG 18:20:14.496] Load DDS texture: Squad/Parts/Utility/mk2DockingPort/Mk2Clampotron_Mk2Clampotron_Emissive
[LOG 18:20:14.497] Load DDS texture: Squad/Parts/Utility/mk2DockingPort/Mk2Clampotron_Mk2Clampotron_Normal
[LOG 18:20:14.506] Load DDS texture: Squad/Parts/Utility/mk2DockingPort/mk2DockingPort
[LOG 18:20:14.506] Load DDS texture: Squad/Parts/Utility/mk3CargoBay/Mk3CargoBay
[LOG 18:20:14.508] Load DDS texture: Squad/Parts/Utility/parachuteMk1/model000
[LOG 18:20:14.508] Load DDS texture: Squad/Parts/Utility/parachuteMk1/model001
[LOG 18:20:14.509] Load DDS texture: Squad/Parts/Utility/parachuteMk12-R/model000
[LOG 18:20:14.509] Load DDS texture: Squad/Parts/Utility/parachuteMk12-R/model001
[LOG 18:20:14.510] Load DDS texture: Squad/Parts/Utility/parachuteMk16-XL/model000
[LOG 18:20:14.510] Load DDS texture: Squad/Parts/Utility/parachuteMk16-XL/model001
[LOG 18:20:14.510] Load DDS texture: Squad/Parts/Utility/parachuteMk2-R/model000
[LOG 18:20:14.510] Load DDS texture: Squad/Parts/Utility/parachuteMk2-R/model001
[LOG 18:20:14.510] Load DDS texture: Squad/Parts/Utility/parachuteMk25/model000
[LOG 18:20:14.510] Load DDS texture: Squad/Parts/Utility/parachuteMk25/model001
[LOG 18:20:14.510] Load DDS texture: Squad/Parts/Utility/radialAttachmentPoint/model000
[LOG 18:20:14.511] Load DDS texture: Squad/Parts/Utility/radialAttachmentPoint/model001
[LOG 18:20:14.511] Load DDS texture: Squad/Parts/Utility/rcsBlockRV-105_v2/rcsBlock_diffuse
[LOG 18:20:14.511] Load DDS texture: Squad/Parts/Utility/rcsBlockRV-105_v2/rcsThrusterBlock_normal
[LOG 18:20:14.511] Load DDS texture: Squad/Parts/Utility/rcsBlockRV-105_v2/rcsThruster_emissive
[LOG 18:20:14.511] Load DDS texture: Squad/Parts/Utility/rcsBlockRV-105_v2/rcsThruster_specular
[LOG 18:20:14.511] Load DDS texture: Squad/Parts/Utility/rcsBlockRV-105_v2/RCS_Block_Diffuse
[LOG 18:20:14.511] Load DDS texture: Squad/Parts/Utility/rcsBlockRV-105_v2/RCS_Block_Emissive
[LOG 18:20:14.511] Load DDS texture: Squad/Parts/Utility/rcsBlockRV-105_v2/RCS_Block_Normal
[LOG 18:20:14.512] Load DDS texture: Squad/Parts/Utility/rcsBlockRV-105_v2/RCS_Block_Specular
[LOG 18:20:14.512] Load DDS texture: Squad/Parts/Utility/rcsSmallLinear/Assets/RCS_Linear_Base_Diffuse
[LOG 18:20:14.512] Load DDS texture: Squad/Parts/Utility/rcsSmallLinear/Assets/RCS_Linear_Diffuse
[LOG 18:20:14.512] Load DDS texture: Squad/Parts/Utility/rcsSmallLinear/Assets/RCS_Linear_Emissive
[LOG 18:20:14.512] Load DDS texture: Squad/Parts/Utility/rcsSmallLinear/Assets/RCS_Linear_Normal
[LOG 18:20:14.512] Load DDS texture: Squad/Parts/Utility/rcsSmallLinear/Assets/RCS_Linear_Specular
[LOG 18:20:14.512] Load DDS texture: Squad/Parts/Utility/RelayAntennas/DishAntenna
[LOG 18:20:14.513] Load DDS texture: Squad/Parts/Utility/RelayAntennas/MiniAntenna
[LOG 18:20:14.513] Load DDS texture: Squad/Parts/Utility/rockomaxAdapters/Assets/Rockomax_Adapters_diffuse
[LOG 18:20:14.515] Load DDS texture: Squad/Parts/Utility/rockomaxAdapters/Assets/Rockomax_Adapters_diffuse_O
[LOG 18:20:14.517] Load DDS texture: Squad/Parts/Utility/rockomaxAdapters/Assets/Rockomax_Adapters_diffuse_W
[LOG 18:20:14.518] Load DDS texture: Squad/Parts/Utility/rockomaxAdapters/Assets/Rockomax_Adapters_normal
[LOG 18:20:14.519] Load DDS texture: Squad/Parts/Utility/rockomaxAdapters/Assets/Rockomax_Adapters_normal_O
[LOG 18:20:14.521] Load DDS texture: Squad/Parts/Utility/ServiceBay/ServiceBay
[LOG 18:20:14.521] Load Cached PNG Texture: Squad/Parts/Utility/ServiceBay_v2/Assets/Scratch
[LOG 18:20:14.522] Load Cached PNG Texture: Squad/Parts/Utility/ServiceBay_v2/Assets/ServiceBay_bump
[LOG 18:20:14.523] Load Cached PNG Texture: Squad/Parts/Utility/ServiceBay_v2/Assets/ServiceBay_v2
[LOG 18:20:14.524] Load DDS texture: Squad/Parts/Utility/smallClaw/grabberSmallDiffuse
[LOG 18:20:14.524] Load DDS texture: Squad/Parts/Utility/smallClaw/grabberSmallDiffuseDark
[LOG 18:20:14.524] Load DDS texture: Squad/Parts/Utility/smallClaw/grabberSmallNRM
[LOG 18:20:14.525] Load DDS texture: Squad/Parts/Utility/smallClaw/window
[LOG 18:20:14.528] Load DDS texture: Squad/Parts/Utility/spotLightMk1/light1
[LOG 18:20:14.528] Load DDS texture: Squad/Parts/Utility/spotLightMk1/light1_em
[LOG 18:20:14.528] Load DDS texture: Squad/Parts/Utility/spotLightMk1_v2/spotLightMk1_Diffuse
[LOG 18:20:14.528] Load DDS texture: Squad/Parts/Utility/spotLightMk1_v2/spotLightMk1_Diffuse_white
[LOG 18:20:14.528] Load DDS texture: Squad/Parts/Utility/spotLightMk1_v2/spotLightMk1_Emissive
[LOG 18:20:14.528] Load DDS texture: Squad/Parts/Utility/spotLightMk1_v2/spotLightMk1_Normal
[LOG 18:20:14.529] Load DDS texture: Squad/Parts/Utility/spotLightMk2/light2
[LOG 18:20:14.529] Load DDS texture: Squad/Parts/Utility/spotLightMk2/light2_em
[LOG 18:20:14.529] Load DDS texture: Squad/Parts/Utility/spotLightMk2_v2/spotLightMk2_Diffuse
[LOG 18:20:14.529] Load DDS texture: Squad/Parts/Utility/spotLightMk2_v2/spotLightMk2_Diffuse_white
[LOG 18:20:14.529] Load DDS texture: Squad/Parts/Utility/spotLightMk2_v2/spotLightMk2_Emissive
[LOG 18:20:14.529] Load DDS texture: Squad/Parts/Utility/spotLightMk2_v2/spotLightMk2_Normal
[LOG 18:20:14.529] Load DDS texture: Squad/Parts/Utility/stackCouplers/Assets/stackCouplersDiffuse
[LOG 18:20:14.530] Load DDS texture: Squad/Parts/Utility/stackCouplers/Assets/stackCouplersDiffuse_Dark
[LOG 18:20:14.532] Load DDS texture: Squad/Parts/Utility/stackCouplers/Assets/stackCouplersDiffuse_Orange
[LOG 18:20:14.533] Load DDS texture: Squad/Parts/Utility/stackCouplers/Assets/stackCouplers_NRM
[LOG 18:20:14.534] Load DDS texture: Squad/Parts/Utility/stackCouplers/Assets/stackCouplers_Orange_NRM
[LOG 18:20:14.536] Load DDS texture: Squad/Parts/Wheel/LandingGear/Flare
[LOG 18:20:14.536] Load DDS texture: Squad/Parts/Wheel/LandingGear/LandingGear
[LOG 18:20:14.538] Load DDS texture: Squad/Parts/Wheel/LandingGear/LandingGear_Emissive
[LOG 18:20:14.538] Load DDS texture: Squad/Parts/Wheel/roverWheelM1/model000
[LOG 18:20:14.538] Load DDS texture: Squad/Parts/Wheel/roverWheelM1/roverwheel1
[LOG 18:20:14.539] Load DDS texture: Squad/Parts/Wheel/roverWheelS2/model000
[LOG 18:20:14.540] Load DDS texture: Squad/Parts/Wheel/roverWheelS2/model001
[LOG 18:20:14.540] Load DDS texture: Squad/Parts/Wheel/roverWheelS2/roverwheel2
[LOG 18:20:14.540] Load DDS texture: Squad/Parts/Wheel/roverWheelS2/roverwheel2_n
[LOG 18:20:14.540] Load DDS texture: Squad/Parts/Wheel/roverWheelTR-2L/ksp_r_medWheel_diff
[LOG 18:20:14.541] Load DDS texture: Squad/Parts/Wheel/roverWheelTR-2L/ksp_r_medWheel_normal
[LOG 18:20:14.542] Load DDS texture: Squad/Parts/Wheel/roverWheelTR-2L/ksp_r_medWheel_wheel_diff
[LOG 18:20:14.543] Load DDS texture: Squad/Parts/Wheel/roverWheelTR-2L/ksp_r_medWheel_wheel_normal
[LOG 18:20:14.545] Load DDS texture: Squad/Parts/Wheel/roverWheelXL3/mount
[LOG 18:20:14.546] Load DDS texture: Squad/Parts/Wheel/roverWheelXL3/mount_n
[LOG 18:20:14.546] Load DDS texture: Squad/Parts/Wheel/roverWheelXL3/wheel
[LOG 18:20:14.547] Load DDS texture: Squad/Parts/Wheel/roverWheelXL3/wheel_n
[LOG 18:20:14.547] Load DDS texture: Squad/Props/AltimeterThreeHands/model000
[LOG 18:20:14.547] Load DDS texture: Squad/Props/AltimeterThreeHands/model001
[LOG 18:20:14.547] Load DDS texture: Squad/Props/AtmosphereDepth/model000
[LOG 18:20:14.547] Load DDS texture: Squad/Props/AtmosphereDepth/model001
[LOG 18:20:14.547] Load DDS texture: Squad/Props/AxisIndicator/model000
[LOG 18:20:14.547] Load DDS texture: Squad/Props/buttonsGeneric/ButtonsAndSwitches
[LOG 18:20:14.547] Load DDS texture: Squad/Props/ButtonSquare/model000
[LOG 18:20:14.548] Load DDS texture: Squad/Props/circularButton/model000
[LOG 18:20:14.548] Load DDS texture: Squad/Props/Compass/model000
[LOG 18:20:14.548] Load DDS texture: Squad/Props/directionalKnob/model000
[LOG 18:20:14.548] Load DDS texture: Squad/Props/directionalKnob2/model000
[LOG 18:20:14.548] Load DDS texture: Squad/Props/IndicatorPanel/model000
[LOG 18:20:14.549] Load DDS texture: Squad/Props/IndicatorPanel/model001
[LOG 18:20:14.549] Load DDS texture: Squad/Props/IVANavBall/Arrows8dir
[LOG 18:20:14.549] Load DDS texture: Squad/Props/IVANavBall/IVANavBall
[LOG 18:20:14.549] Load DDS texture: Squad/Props/IVANavBall/IVANavBall_Glow
[LOG 18:20:14.549] Load DDS texture: Squad/Props/IVANavBall/ManeuverNode_vectors
[LOG 18:20:14.549] Load DDS texture: Squad/Props/IVANavBall/navball2
[LOG 18:20:14.549] Load DDS texture: Squad/Props/IVANavBall/navBall_DV_IVA
[LOG 18:20:14.549] Load DDS texture: Squad/Props/IVANavBall/navBall_vectors_IVA
[LOG 18:20:14.550] Load Cached PNG Texture: Squad/Props/IVANavBallNoBase/Arrows8dir
[LOG 18:20:14.550] Load Cached PNG Texture: Squad/Props/IVANavBallNoBase/IVANavBall
[LOG 18:20:14.550] Load Cached PNG Texture: Squad/Props/IVANavBallNoBase/ManeuverNode_vectors
[LOG 18:20:14.550] Load Cached PNG Texture: Squad/Props/IVANavBallNoBase/navball2
[LOG 18:20:14.550] Load Cached PNG Texture: Squad/Props/IVANavBallNoBase/navBall_DV_IVA
[LOG 18:20:14.550] Load Cached PNG Texture: Squad/Props/IVANavBallNoBase/navBall_vectors_IVA
[LOG 18:20:14.550] Load DDS texture: Squad/Props/ledPanelSpeed/circularButton
[LOG 18:20:14.550] Load DDS texture: Squad/Props/ledPanelSpeed/ledPanel
[LOG 18:20:14.551] Load DDS texture: Squad/Props/Monitor/Emissives
[LOG 18:20:14.551] Load DDS texture: Squad/Props/Monitor/Emissives_glow
[LOG 18:20:14.551] Load DDS texture: Squad/Props/Monitor/Monitor
[LOG 18:20:14.551] Load DDS texture: Squad/Props/NavBall/GaugeGee
[LOG 18:20:14.551] Load DDS texture: Squad/Props/NavBall/GaugeThrottle
[LOG 18:20:14.551] Load DDS texture: Squad/Props/NavBall/model000
[LOG 18:20:14.551] Load DDS texture: Squad/Props/NavBall/model001
[LOG 18:20:14.551] Load DDS texture: Squad/Props/NavBall/model002
[LOG 18:20:14.552] Load DDS texture: Squad/Props/NavBall/model003
[LOG 18:20:14.552] Load DDS texture: Squad/Props/PropsGeneric/propsGeneric
[LOG 18:20:14.553] Load DDS texture: Squad/Props/pullSwitch/model000
[LOG 18:20:14.553] Load DDS texture: Squad/Props/pullSwitch/model001
[LOG 18:20:14.553] Load DDS texture: Squad/Props/radarAltitude/model000
[LOG 18:20:14.553] Load DDS texture: Squad/Props/squareButton/model000
[LOG 18:20:14.553] Load DDS texture: Squad/Props/standingSwitch/model000
[LOG 18:20:14.553] Load DDS texture: Squad/Props/standingSwitch/model001
[LOG 18:20:14.553] Load DDS texture: Squad/Props/switch/model000
[LOG 18:20:14.553] Load DDS texture: Squad/Props/switchGuard/model000
[LOG 18:20:14.553] Load DDS texture: Squad/Props/switchWithGuards/model000
[LOG 18:20:14.553] Load DDS texture: Squad/Props/switchWithGuards/model001
[LOG 18:20:14.554] Load DDS texture: Squad/Props/switchWithGuards/model002
[LOG 18:20:14.554] Load DDS texture: Squad/Props/throttle/model000
[LOG 18:20:14.554] Load DDS texture: Squad/Props/throttle/model001
[LOG 18:20:14.554] Load DDS texture: Squad/Props/VSI/model000
[LOG 18:20:14.554] Load DDS texture: Squad/Spaces/crewCabinInternals/model000
[LOG 18:20:14.554] Load DDS texture: Squad/Spaces/crewCabinInternals/model001
[LOG 18:20:14.560] Load DDS texture: Squad/Spaces/crewCabinInternals/model002
[LOG 18:20:14.560] Load DDS texture: Squad/Spaces/crewCabinInternals/model003
[LOG 18:20:14.560] Load DDS texture: Squad/Spaces/crewCabinInternals/model004
[LOG 18:20:14.560] Load DDS texture: Squad/Spaces/crewCabinInternals/model005
[LOG 18:20:14.561] Load DDS texture: Squad/Spaces/cupolaInternal/ksp_l_cupola_internal_diff
[LOG 18:20:14.566] Load DDS texture: Squad/Spaces/cupolaInternal/ksp_l_cupola_internal_normal
[LOG 18:20:14.575] Load DDS texture: Squad/Spaces/cupolaInternal/ksp_l_cupola_internal_windows_alpha
[LOG 18:20:14.576] Load DDS texture: Squad/Spaces/cupolaInternal/pilot Seat
[LOG 18:20:14.576] Load DDS texture: Squad/Spaces/GenericSpace1/model000
[LOG 18:20:14.577] Load DDS texture: Squad/Spaces/GenericSpace1/model001
[LOG 18:20:14.577] Load DDS texture: Squad/Spaces/GenericSpace1/model002
[LOG 18:20:14.579] Load DDS texture: Squad/Spaces/GenericSpace1/model003
[LOG 18:20:14.580] Load DDS texture: Squad/Spaces/GenericSpace1/model004
[LOG 18:20:14.582] Load DDS texture: Squad/Spaces/GenericSpace1/model005
[LOG 18:20:14.583] Load DDS texture: Squad/Spaces/GenericSpace3/model000
[LOG 18:20:14.585] Load DDS texture: Squad/Spaces/GenericSpace3/model001
[LOG 18:20:14.586] Load DDS texture: Squad/Spaces/GenericSpace3/model002
[LOG 18:20:14.588] Load DDS texture: Squad/Spaces/GenericSpace3/model003
[LOG 18:20:14.591] Load DDS texture: Squad/Spaces/GenericSpace3/model004
[LOG 18:20:14.595] Load DDS texture: Squad/Spaces/GenericSpace3/model005
[LOG 18:20:14.597] Load DDS texture: Squad/Spaces/GenericSpace3/model006
[LOG 18:20:14.598] Load DDS texture: Squad/Spaces/GenericSpace3/model007
[LOG 18:20:14.598] Load DDS texture: Squad/Spaces/landerCabinInternals/model000
[LOG 18:20:14.599] Load DDS texture: Squad/Spaces/landerCabinInternals/model001
[LOG 18:20:14.601] Load DDS texture: Squad/Spaces/landerCabinInternals/model002
[LOG 18:20:14.602] Load DDS texture: Squad/Spaces/landerCabinInternals/model003
[LOG 18:20:14.610] Load DDS texture: Squad/Spaces/landerCabinInternals/model004
[LOG 18:20:14.612] Load DDS texture: Squad/Spaces/landerCabinInternals/model005
[LOG 18:20:14.612] Load DDS texture: Squad/Spaces/landerCabinInternals/model006
[LOG 18:20:14.613] Load DDS texture: Squad/Spaces/landerCabinInternals/model007
[LOG 18:20:14.613] Load DDS texture: Squad/Spaces/landerCabinSmallInternal/ksp_s_landerCan_internal_diff
[LOG 18:20:14.618] Load DDS texture: Squad/Spaces/landerCabinSmallInternal/ksp_s_landerCan_internal_normal
[LOG 18:20:14.626] Load DDS texture: Squad/Spaces/landerCabinSmallInternal/ksp_s_landerCan_internal_window_alpha
[LOG 18:20:14.628] Load DDS texture: Squad/Spaces/landerCabinSmallInternal/pilot Seat
[LOG 18:20:14.628] Load DDS texture: Squad/Spaces/LargeCrewedLabInternals/Glass
[LOG 18:20:14.628] Load DDS texture: Squad/Spaces/LargeCrewedLabInternals/MPL_Int
[LOG 18:20:14.632] Load DDS texture: Squad/Spaces/LargeCrewedLabInternals/MPL_Int_n_NRM
[LOG 18:20:14.633] Load DDS texture: Squad/Spaces/Mk1-3/Mk1_3_IvaProps_Diffuse
[LOG 18:20:14.637] Load DDS texture: Squad/Spaces/Mk1-3/Mk1_3_IvaProps_Normal
[LOG 18:20:14.641] Load DDS texture: Squad/Spaces/Mk1-3/Mk1_3_IvaShell_Diffuse
[LOG 18:20:14.648] Load DDS texture: Squad/Spaces/Mk1-3/Mk1_3_IvaShell_Emissive
[LOG 18:20:14.652] Load DDS texture: Squad/Spaces/Mk1-3/Mk1_3_IvaShell_Normal
[LOG 18:20:14.658] Load DDS texture: Squad/Spaces/Mk1-3/pilot Seat
[LOG 18:20:14.660] Load DDS texture: Squad/Spaces/mk1CabinInternal/Cabin_Lightmap
[LOG 18:20:14.660] Load DDS texture: Squad/Spaces/mk1CabinInternal/CockpitGeneric
[LOG 18:20:14.660] Load DDS texture: Squad/Spaces/mk1CabinInternal/CockpitGeneric_NRM
[LOG 18:20:14.660] Load DDS texture: Squad/Spaces/mk1CockpitInternal/CockpitGeneric
[LOG 18:20:14.660] Load DDS texture: Squad/Spaces/mk1CockpitInternal/CockpitGeneric_NRM
[LOG 18:20:14.660] Load DDS texture: Squad/Spaces/mk1CockpitInternal/IVAMAP
[LOG 18:20:14.660] Load DDS texture: Squad/Spaces/mk1CockpitInternal/Windows
[LOG 18:20:14.660] Load DDS texture: Squad/Spaces/mk1InlineInternal/Canopy
[LOG 18:20:14.661] Load DDS texture: Squad/Spaces/mk1InlineInternal/CockpitGeneric
[LOG 18:20:14.661] Load DDS texture: Squad/Spaces/mk1InlineInternal/CockpitGeneric_NRM
[LOG 18:20:14.661] Load DDS texture: Squad/Spaces/mk1InlineInternal/Mk1Inline_Lightmap
[LOG 18:20:14.661] Load DDS texture: Squad/Spaces/mk1PodCockpit/model000
[LOG 18:20:14.662] Load DDS texture: Squad/Spaces/mk1PodCockpit/model001
[LOG 18:20:14.664] Load DDS texture: Squad/Spaces/mk1PodCockpit/model002
[LOG 18:20:14.664] Load DDS texture: Squad/Spaces/mk1PodCockpit/model003
[LOG 18:20:14.666] Load DDS texture: Squad/Spaces/mk1PodCockpit/model004
[LOG 18:20:14.669] Load DDS texture: Squad/Spaces/mk1PodCockpit/model005
[LOG 18:20:14.669] Load DDS texture: Squad/Spaces/mk1PodCockpit/model006
[LOG 18:20:14.670] Load DDS texture: Squad/Spaces/mk1PodCockpit/model007
[LOG 18:20:14.670] Load DDS texture: Squad/Spaces/mk1pod_IVA/mk1pod_iva_props_diffuse
[LOG 18:20:14.677] Load DDS texture: Squad/Spaces/mk1pod_IVA/mk1pod_iva_props_emissive
[LOG 18:20:14.680] Load DDS texture: Squad/Spaces/mk1pod_IVA/mk1pod_iva_props_normal
[LOG 18:20:14.688] Load DDS texture: Squad/Spaces/mk1pod_IVA/mk1pod_iva_shell_diffuse
[LOG 18:20:14.695] Load DDS texture: Squad/Spaces/mk1pod_IVA/mk1pod_iva_shell_normal
[LOG 18:20:14.704] Load MBM texture: Squad/Spaces/mk1pod_IVA/pilot Seat
[LOG 18:20:14.754] Load DDS texture: Squad/Spaces/mk2CockpitStandardInternal/CargoBagA
[LOG 18:20:14.755] Load DDS texture: Squad/Spaces/mk2CockpitStandardInternal/Mk2StandardIVA
[LOG 18:20:14.755] Load DDS texture: Squad/Spaces/mk2CockpitStandardInternal/Pilotseat
[LOG 18:20:14.755] Load DDS texture: Squad/Spaces/mk2CockpitStandardInternal/Windows
[LOG 18:20:14.756] Load DDS texture: Squad/Spaces/Mk2CrewCabinInternal/CargoBagA
[LOG 18:20:14.756] Load DDS texture: Squad/Spaces/Mk2CrewCabinInternal/Glass
[LOG 18:20:14.756] Load DDS texture: Squad/Spaces/Mk2CrewCabinInternal/Mk2StandardIVA
[LOG 18:20:14.756] Load DDS texture: Squad/Spaces/Mk2CrewCabinInternal/Pilotseat
[LOG 18:20:14.757] Load DDS texture: Squad/Spaces/mk2InlineInternal/CockpitGeneric
[LOG 18:20:14.757] Load DDS texture: Squad/Spaces/mk2InlineInternal/CockpitGeneric_NRM
[LOG 18:20:14.758] Load DDS texture: Squad/Spaces/mk2InlineInternal/Mk2InlineLightmap
[LOG 18:20:14.758] Load DDS texture: Squad/Spaces/mk2InlineInternal/propsGeneric
[LOG 18:20:14.759] Load DDS texture: Squad/Spaces/mk2LanderCanInternal/mk2LanderCan_props_diffuse
[LOG 18:20:14.767] Load DDS texture: Squad/Spaces/mk2LanderCanInternal/mk2LanderCan_props_normal
[LOG 18:20:14.776] Load DDS texture: Squad/Spaces/mk2LanderCanInternal/mk2LanderCan_shell_diffuse
[LOG 18:20:14.784] Load DDS texture: Squad/Spaces/mk2LanderCanInternal/mk2LanderCan_shell_normal
[LOG 18:20:14.793] Load MBM texture: Squad/Spaces/mk2LanderCanInternal/pilot Seat
[LOG 18:20:14.836] Load DDS texture: Squad/Spaces/MK3CockpitInternal/Glass
[LOG 18:20:14.838] Load DDS texture: Squad/Spaces/MK3CockpitInternal/Mk2StandardIVA
[LOG 18:20:14.840] Load DDS texture: Squad/Spaces/MK3_CrewCab_Int/Glass
[LOG 18:20:14.840] Load DDS texture: Squad/Spaces/MK3_CrewCab_Int/GlassMK3CC
[LOG 18:20:14.842] Load DDS texture: Squad/Spaces/MK3_CrewCab_Int/Mk2StandardIVA
[LOG 18:20:14.842] Load DDS texture: Squad/Spaces/MK3_CrewCab_Int/MK3_CrewCab_Int
[LOG 18:20:14.843] Load DDS texture: Squad/Spaces/MK3_CrewCab_Int/MK3_CrewCab_Int_n
[LOG 18:20:14.843] Load DDS texture: Squad/Spaces/MK3_CrewCab_Int/Pilotseat
[LOG 18:20:14.843] Load DDS texture: Squad/Spaces/Placeholder/PlaceholderIVA
[LOG 18:20:14.843] Load DDS texture: Squad/Spaces/PodCockpit/model000
[LOG 18:20:14.845] Load DDS texture: Squad/Spaces/PodCockpit/model001
[LOG 18:20:14.846] Load DDS texture: Squad/Spaces/PodCockpit/model002
[LOG 18:20:14.846] Load DDS texture: Squad/Spaces/PodCockpit/model003
[LOG 18:20:14.848] Load DDS texture: Squad/Spaces/PodCockpit/model004
[LOG 18:20:14.849] Load DDS texture: Squad/Spaces/PodCockpit/model005
[LOG 18:20:14.850] Load DDS texture: Squad/Spaces/PodCockpit/model006
[LOG 18:20:14.851] Load DDS texture: Squad/Spaces/PodCockpit/model007
[LOG 18:20:14.852] Load DDS texture: Squad/Spaces/sharedAssets/CockpitGeneric
[LOG 18:20:14.852] Load DDS texture: Squad/Spaces/sharedAssets/CockpitGeneric_NRM
[LOG 18:20:14.854] Load Cached PNG Texture: Squad/Strategies/Icons/AggressiveNegotiations
[LOG 18:20:14.859] Load Cached PNG Texture: Squad/Strategies/Icons/AppreciationCampaign
[LOG 18:20:14.859] Load Cached PNG Texture: Squad/Strategies/Icons/BailOutGrant
[LOG 18:20:14.859] Load Cached PNG Texture: Squad/Strategies/Icons/FundraisingCampaign
[LOG 18:20:14.861] Load Cached PNG Texture: Squad/Strategies/Icons/LeadershipInitiative
[LOG 18:20:14.862] Load Cached PNG Texture: Squad/Strategies/Icons/OpenSourceTechProgram
[LOG 18:20:14.862] Load Cached PNG Texture: Squad/Strategies/Icons/OutsourcedResearch
[LOG 18:20:14.862] Load Cached PNG Texture: Squad/Strategies/Icons/PatentsLicensing
[LOG 18:20:14.862] Load Cached PNG Texture: Squad/Strategies/Icons/RecoveryTransponderFitting
[LOG 18:20:14.862] Load Cached PNG Texture: Squad/Strategies/Icons/ResearchRightsSellOut
[LOG 18:20:14.862] Load Cached PNG Texture: Squad/Strategies/Icons/UnpaidResearchProgram
[LOG 18:20:14.862] Load Cached PNG Texture: Squad/Tutorials/ChuteColors
[LOG 18:20:14.862] Load DDS texture: Squad/Tutorials/EditorCoM
[LOG 18:20:14.862] Load Cached PNG Texture: Squad/Tutorials/EditorSnap
[LOG 18:20:14.862] Load Cached PNG Texture: Squad/Tutorials/EditorSnap4x
[LOG 18:20:14.862] Load Cached PNG Texture: Squad/Tutorials/EditorSymm
[LOG 18:20:14.862] Load Cached PNG Texture: Squad/Tutorials/StagingStack
[LOG 18:20:14.862] Load PNG texture: Squad/Tutorials/YPRDiagram
[WRN 18:20:14.863] Texture isn't eligible for DXT compression, width and height must be multiples of 4
[LOG 18:20:14.864] Load Cached PNG Texture: SquadExpansion/MakingHistory/Banners/Fail/default
[LOG 18:20:14.864] Load Cached PNG Texture: SquadExpansion/MakingHistory/Banners/Fail/fail01
[LOG 18:20:14.864] Load Cached PNG Texture: SquadExpansion/MakingHistory/Banners/Fail/fail02
[LOG 18:20:14.864] Load PNG texture: SquadExpansion/MakingHistory/Banners/Menu/default
[WRN 18:20:14.867] Texture isn't eligible for DXT compression, width and height must be multiples of 4
[LOG 18:20:14.871] Load PNG texture: SquadExpansion/MakingHistory/Banners/Menu/MBanner_01
[WRN 18:20:14.875] Texture isn't eligible for DXT compression, width and height must be multiples of 4
[LOG 18:20:14.875] Load PNG texture: SquadExpansion/MakingHistory/Banners/Menu/MBanner_02
[WRN 18:20:14.879] Texture isn't eligible for DXT compression, width and height must be multiples of 4
[LOG 18:20:14.879] Load PNG texture: SquadExpansion/MakingHistory/Banners/Menu/MBanner_03
[WRN 18:20:14.882] Texture isn't eligible for DXT compression, width and height must be multiples of 4
[LOG 18:20:14.882] Load Cached PNG Texture: SquadExpansion/MakingHistory/Banners/Success/default
[LOG 18:20:14.882] Load Cached PNG Texture: SquadExpansion/MakingHistory/Banners/Success/success01
[LOG 18:20:14.882] Load Cached PNG Texture: SquadExpansion/MakingHistory/Banners/Success/success02
[LOG 18:20:14.883] Load Cached PNG Texture: SquadExpansion/MakingHistory/Missions/Acapello 13/Banners/Fail/fail01
[LOG 18:20:14.883] Load PNG texture: SquadExpansion/MakingHistory/Missions/Acapello 13/Banners/Menu/Mun
[WRN 18:20:14.885] Texture isn't eligible for DXT compression, width and height must be multiples of 4
[LOG 18:20:14.885] Load Cached PNG Texture: SquadExpansion/MakingHistory/Missions/Acapello 13/Banners/Success/success01
[LOG 18:20:14.885] Load Cached PNG Texture: SquadExpansion/MakingHistory/Missions/Acapello 15/Banners/Fail/default
[LOG 18:20:14.886] Load Cached PNG Texture: SquadExpansion/MakingHistory/Missions/Acapello 15/Banners/Fail/fail02
[LOG 18:20:14.888] Load PNG texture: SquadExpansion/MakingHistory/Missions/Acapello 15/Banners/Menu/default
[WRN 18:20:14.890] Texture isn't eligible for DXT compression, width and height must be multiples of 4
[LOG 18:20:14.893] Load Cached PNG Texture: SquadExpansion/MakingHistory/Missions/Acapello 15/Banners/Success/default
[LOG 18:20:14.893] Load Cached PNG Texture: SquadExpansion/MakingHistory/Missions/Blue Mun/Banners/Fail/fail01
[LOG 18:20:14.893] Load PNG texture: SquadExpansion/MakingHistory/Missions/Blue Mun/Banners/Menu/default
[WRN 18:20:14.896] Texture isn't eligible for DXT compression, width and height must be multiples of 4
[LOG 18:20:14.898] Load Cached PNG Texture: SquadExpansion/MakingHistory/Missions/Blue Mun/Banners/Success/success02
[LOG 18:20:14.898] Load Cached PNG Texture: SquadExpansion/MakingHistory/Missions/Dawn of the Space Age/Banners/Fail/default
[LOG 18:20:14.898] Load PNG texture: SquadExpansion/MakingHistory/Missions/Dawn of the Space Age/Banners/Menu/default
[WRN 18:20:14.901] Texture isn't eligible for DXT compression, width and height must be multiples of 4
[LOG 18:20:14.901] Load Cached PNG Texture: SquadExpansion/MakingHistory/Missions/Dawn of the Space Age/Banners/Success/default
[LOG 18:20:14.904] Load Cached PNG Texture: SquadExpansion/MakingHistory/Missions/Meet Me in Zero G/Banners/Fail/default
[LOG 18:20:14.904] Load Cached PNG Texture: SquadExpansion/MakingHistory/Missions/Meet Me in Zero G/Banners/Fail/fail01
[LOG 18:20:14.904] Load PNG texture: SquadExpansion/MakingHistory/Missions/Meet Me in Zero G/Banners/Menu/default
[WRN 18:20:14.906] Texture isn't eligible for DXT compression, width and height must be multiples of 4
[LOG 18:20:14.906] Load Cached PNG Texture: SquadExpansion/MakingHistory/Missions/Meet Me in Zero G/Banners/Success/default
[LOG 18:20:14.906] Load Cached PNG Texture: SquadExpansion/MakingHistory/Missions/Meet Me in Zero G/Banners/Success/success02
[LOG 18:20:14.907] Load Cached PNG Texture: SquadExpansion/MakingHistory/Missions/Munar 1/Banners/Fail/default
[LOG 18:20:14.909] Load Cached PNG Texture: SquadExpansion/MakingHistory/Missions/Munar 1/Banners/Fail/fail02
[LOG 18:20:14.909] Load PNG texture: SquadExpansion/MakingHistory/Missions/Munar 1/Banners/Menu/default
[WRN 18:20:14.911] Texture isn't eligible for DXT compression, width and height must be multiples of 4
[LOG 18:20:14.911] Load Cached PNG Texture: SquadExpansion/MakingHistory/Missions/Munar 1/Banners/Success/default
[LOG 18:20:14.912] Load Cached PNG Texture: SquadExpansion/MakingHistory/Missions/Munar 1/Banners/Success/success01
[LOG 18:20:14.912] Load Cached PNG Texture: SquadExpansion/MakingHistory/Missions/Sally-Hut 1/Banners/Fail/default
[LOG 18:20:14.912] Load Cached PNG Texture: SquadExpansion/MakingHistory/Missions/Sally-Hut 1/Banners/Fail/fail01
[LOG 18:20:14.912] Load Cached PNG Texture: SquadExpansion/MakingHistory/Missions/Sally-Hut 1/Banners/Menu/bannerSatellite
[LOG 18:20:14.912] Load Cached PNG Texture: SquadExpansion/MakingHistory/Missions/Sally-Hut 1/Banners/Success/default
[LOG 18:20:14.912] Load Cached PNG Texture: SquadExpansion/MakingHistory/Missions/Sally-Hut 1/Banners/Success/success02
[LOG 18:20:14.912] Load Cached PNG Texture: SquadExpansion/MakingHistory/Missions/To the Mun Via Minmus/Banners/Fail/fail02
[LOG 18:20:14.912] Load PNG texture: SquadExpansion/MakingHistory/Missions/To the Mun Via Minmus/Banners/Menu/MissionBannerKerbin
[WRN 18:20:14.916] Texture isn't eligible for DXT compression, width and height must be multiples of 4
[LOG 18:20:14.916] Load Cached PNG Texture: SquadExpansion/MakingHistory/Missions/To the Mun Via Minmus/Banners/Success/success01
[LOG 18:20:14.916] Load Cached PNG Texture: SquadExpansion/MakingHistory/Missions/Trouble in the Void/Banners/Fail/fail01
[LOG 18:20:14.916] Load PNG texture: SquadExpansion/MakingHistory/Missions/Trouble in the Void/Banners/Menu/default
[WRN 18:20:14.918] Texture isn't eligible for DXT compression, width and height must be multiples of 4
[LOG 18:20:14.918] Load Cached PNG Texture: SquadExpansion/MakingHistory/Missions/Trouble in the Void/Banners/Success/success02
[LOG 18:20:14.918] Load Cached PNG Texture: SquadExpansion/MakingHistory/Missions/Ziggy Kerman and the Spiders from Duna/Banners/Fail/fail02
[LOG 18:20:14.919] Load Cached PNG Texture: SquadExpansion/MakingHistory/Missions/Ziggy Kerman and the Spiders from Duna/Banners/Menu/bannerSatellite
[LOG 18:20:14.919] Load Cached PNG Texture: SquadExpansion/MakingHistory/Missions/Ziggy Kerman and the Spiders from Duna/Banners/Success/success01
[LOG 18:20:14.919] Load Cached PNG Texture: SquadExpansion/MakingHistory/Parts/@thumbs/Decoupler.1p5_icon0
[LOG 18:20:14.919] Load Cached PNG Texture: SquadExpansion/MakingHistory/Parts/@thumbs/Decoupler.1p5_icon1
[LOG 18:20:14.919] Load Cached PNG Texture: SquadExpansion/MakingHistory/Parts/@thumbs/EquiTriangle0_icon0
[LOG 18:20:14.919] Load Cached PNG Texture: SquadExpansion/MakingHistory/Parts/@thumbs/EquiTriangle0_icon1
[LOG 18:20:14.919] Load Cached PNG Texture: SquadExpansion/MakingHistory/Parts/@thumbs/EquiTriangle0_icon2
[LOG 18:20:14.919] Load Cached PNG Texture: SquadExpansion/MakingHistory/Parts/@thumbs/EquiTriangle0_icon3
[LOG 18:20:14.919] Load Cached PNG Texture: SquadExpansion/MakingHistory/Parts/@thumbs/EquiTriangle1p5_icon0
[LOG 18:20:14.919] Load Cached PNG Texture: SquadExpansion/MakingHistory/Parts/@thumbs/EquiTriangle1p5_icon1
[LOG 18:20:14.919] Load Cached PNG Texture: SquadExpansion/MakingHistory/Parts/@thumbs/EquiTriangle1p5_icon2
[LOG 18:20:14.920] Load Cached PNG Texture: SquadExpansion/MakingHistory/Parts/@thumbs/EquiTriangle1p5_icon3
[LOG 18:20:14.920] Load Cached PNG Texture: SquadExpansion/MakingHistory/Parts/@thumbs/EquiTriangle1_icon0
[LOG 18:20:14.920] Load Cached PNG Texture: SquadExpansion/MakingHistory/Parts/@thumbs/EquiTriangle1_icon1
[LOG 18:20:14.920] Load Cached PNG Texture: SquadExpansion/MakingHistory/Parts/@thumbs/EquiTriangle1_icon2
[LOG 18:20:14.920] Load Cached PNG Texture: SquadExpansion/MakingHistory/Parts/@thumbs/EquiTriangle1_icon3
[LOG 18:20:14.920] Load Cached PNG Texture: SquadExpansion/MakingHistory/Parts/@thumbs/EquiTriangle2_icon0
[LOG 18:20:14.920] Load Cached PNG Texture: SquadExpansion/MakingHistory/Parts/@thumbs/EquiTriangle2_icon1
[LOG 18:20:14.920] Load Cached PNG Texture: SquadExpansion/MakingHistory/Parts/@thumbs/EquiTriangle2_icon2
[LOG 18:20:14.920] Load Cached PNG Texture: SquadExpansion/MakingHistory/Parts/@thumbs/EquiTriangle2_icon3
[LOG 18:20:14.920] Load Cached PNG Texture: SquadExpansion/MakingHistory/Parts/@thumbs/HeatShield1p5_icon
[LOG 18:20:14.920] Load Cached PNG Texture: SquadExpansion/MakingHistory/Parts/@thumbs/InflatableAirlock_icon
[LOG 18:20:14.921] Load Cached PNG Texture: SquadExpansion/MakingHistory/Parts/@thumbs/LiquidEngineRV-1_icon
[LOG 18:20:14.921] Load Cached PNG Texture: SquadExpansion/MakingHistory/Parts/@thumbs/monopropMiniSphere_icon
[LOG 18:20:14.921] Load Cached PNG Texture: SquadExpansion/MakingHistory/Parts/@thumbs/Panel0_icon0
[LOG 18:20:14.921] Load Cached PNG Texture: SquadExpansion/MakingHistory/Parts/@thumbs/Panel0_icon1
[LOG 18:20:14.921] Load Cached PNG Texture: SquadExpansion/MakingHistory/Parts/@thumbs/Panel0_icon2
[LOG 18:20:14.921] Load Cached PNG Texture: SquadExpansion/MakingHistory/Parts/@thumbs/Panel0_icon3
[LOG 18:20:14.921] Load Cached PNG Texture: SquadExpansion/MakingHistory/Parts/@thumbs/Panel1p5_icon0
[LOG 18:20:14.921] Load Cached PNG Texture: SquadExpansion/MakingHistory/Parts/@thumbs/Panel1p5_icon1
[LOG 18:20:14.921] Load Cached PNG Texture: SquadExpansion/MakingHistory/Parts/@thumbs/Panel1p5_icon2
[LOG 18:20:14.921] Load Cached PNG Texture: SquadExpansion/MakingHistory/Parts/@thumbs/Panel1p5_icon3
[LOG 18:20:14.921] Load Cached PNG Texture: SquadExpansion/MakingHistory/Parts/@thumbs/Panel1_icon0
[LOG 18:20:14.921] Load Cached PNG Texture: SquadExpansion/MakingHistory/Parts/@thumbs/Panel1_icon1
[LOG 18:20:14.922] Load Cached PNG Texture: SquadExpansion/MakingHistory/Parts/@thumbs/Panel1_icon2
[LOG 18:20:14.922] Load Cached PNG Texture: SquadExpansion/MakingHistory/Parts/@thumbs/Panel1_icon3
[LOG 18:20:14.922] Load Cached PNG Texture: SquadExpansion/MakingHistory/Parts/@thumbs/roverWheelM1-F_icon0
[LOG 18:20:14.922] Load Cached PNG Texture: SquadExpansion/MakingHistory/Parts/@thumbs/roverWheelM1-F_icon1
[LOG 18:20:14.922] Load Cached PNG Texture: SquadExpansion/MakingHistory/Parts/@thumbs/Separator.1p5_icon0
[LOG 18:20:14.922] Load Cached PNG Texture: SquadExpansion/MakingHistory/Parts/@thumbs/Separator.1p5_icon1
[LOG 18:20:14.922] Load Cached PNG Texture: SquadExpansion/MakingHistory/Parts/@thumbs/Size1p5.Strut.Decoupler_icon0
[LOG 18:20:14.922] Load Cached PNG Texture: SquadExpansion/MakingHistory/Parts/@thumbs/Size1p5.Strut.Decoupler_icon1
[LOG 18:20:14.922] Load Cached PNG Texture: SquadExpansion/MakingHistory/Parts/@thumbs/Size1to0ServiceModule_icon
[LOG 18:20:14.922] Load Cached PNG Texture: SquadExpansion/MakingHistory/Parts/@thumbs/Triangle0_icon0
[LOG 18:20:14.922] Load Cached PNG Texture: SquadExpansion/MakingHistory/Parts/@thumbs/Triangle0_icon1
[LOG 18:20:14.923] Load Cached PNG Texture: SquadExpansion/MakingHistory/Parts/@thumbs/Triangle0_icon2
[LOG 18:20:14.923] Load Cached PNG Texture: SquadExpansion/MakingHistory/Parts/@thumbs/Triangle0_icon3
[LOG 18:20:14.923] Load Cached PNG Texture: SquadExpansion/MakingHistory/Parts/@thumbs/Triangle1p5_icon0
[LOG 18:20:14.923] Load Cached PNG Texture: SquadExpansion/MakingHistory/Parts/@thumbs/Triangle1p5_icon1
[LOG 18:20:14.923] Load Cached PNG Texture: SquadExpansion/MakingHistory/Parts/@thumbs/Triangle1p5_icon2
[LOG 18:20:14.923] Load Cached PNG Texture: SquadExpansion/MakingHistory/Parts/@thumbs/Triangle1p5_icon3
[LOG 18:20:14.923] Load Cached PNG Texture: SquadExpansion/MakingHistory/Parts/@thumbs/Triangle1_icon0
[LOG 18:20:14.923] Load Cached PNG Texture: SquadExpansion/MakingHistory/Parts/@thumbs/Triangle1_icon1
[LOG 18:20:14.923] Load Cached PNG Texture: SquadExpansion/MakingHistory/Parts/@thumbs/Triangle1_icon2
[LOG 18:20:14.923] Load Cached PNG Texture: SquadExpansion/MakingHistory/Parts/@thumbs/Triangle1_icon3
[LOG 18:20:14.923] Load Cached PNG Texture: SquadExpansion/MakingHistory/Parts/@thumbs/Triangle2_icon0
[LOG 18:20:14.923] Load Cached PNG Texture: SquadExpansion/MakingHistory/Parts/@thumbs/Triangle2_icon1
[LOG 18:20:14.923] Load Cached PNG Texture: SquadExpansion/MakingHistory/Parts/@thumbs/Triangle2_icon2
[LOG 18:20:14.923] Load Cached PNG Texture: SquadExpansion/MakingHistory/Parts/@thumbs/Triangle2_icon3
[LOG 18:20:14.924] Load Cached PNG Texture: SquadExpansion/MakingHistory/Parts/@thumbs/Tube1_icon0
[LOG 18:20:14.924] Load Cached PNG Texture: SquadExpansion/MakingHistory/Parts/@thumbs/Tube1_icon1
[LOG 18:20:14.924] Load Cached PNG Texture: SquadExpansion/MakingHistory/Parts/@thumbs/Tube1_icon2
[LOG 18:20:14.924] Load Cached PNG Texture: SquadExpansion/MakingHistory/Parts/@thumbs/Tube1_icon3
[LOG 18:20:14.924] Load Cached PNG Texture: SquadExpansion/MakingHistory/Parts/@thumbs/Tube1_icon4
[LOG 18:20:14.924] Load Cached PNG Texture: SquadExpansion/MakingHistory/Parts/Aero/protectiveRocketNoseMk5A/s1p5_cone
[LOG 18:20:14.924] Load Cached PNG Texture: SquadExpansion/MakingHistory/Parts/Aero/protectiveRocketNoseMk5A/s1p5_cone_Orange
[LOG 18:20:14.925] Load DDS texture: SquadExpansion/MakingHistory/Parts/Coupling/Assets/airlock
[LOG 18:20:14.925] Load DDS texture: SquadExpansion/MakingHistory/Parts/Coupling/Assets/airlock_N
[LOG 18:20:14.925] Load DDS texture: SquadExpansion/MakingHistory/Parts/Coupling/Assets/EnginePlate
[LOG 18:20:14.926] Load DDS texture: SquadExpansion/MakingHistory/Parts/Coupling/Assets/Size1_5_Decoupler_grey
[LOG 18:20:14.926] Load DDS texture: SquadExpansion/MakingHistory/Parts/Coupling/Assets/Size1_5_Decoupler_orange
[LOG 18:20:14.926] Load DDS texture: SquadExpansion/MakingHistory/Parts/Engine/Assets/KE-1
[LOG 18:20:14.927] Load DDS texture: SquadExpansion/MakingHistory/Parts/Engine/Assets/KE-1_BASE
[LOG 18:20:14.928] Load DDS texture: SquadExpansion/MakingHistory/Parts/Engine/Assets/LV-T87
[LOG 18:20:14.930] Load DDS texture: SquadExpansion/MakingHistory/Parts/Engine/Assets/LV-T91
[LOG 18:20:14.931] Load DDS texture: SquadExpansion/MakingHistory/Parts/Engine/Assets/RE-I2
[LOG 18:20:14.933] Load DDS texture: SquadExpansion/MakingHistory/Parts/Engine/Assets/RE-J10
[LOG 18:20:14.936] Load DDS texture: SquadExpansion/MakingHistory/Parts/Engine/Assets/RE-J10_N
[LOG 18:20:14.938] Load DDS texture: SquadExpansion/MakingHistory/Parts/Engine/Assets/RK-7
[LOG 18:20:14.941] Load DDS texture: SquadExpansion/MakingHistory/Parts/Engine/Assets/RK-7_N
[LOG 18:20:14.942] Load DDS texture: SquadExpansion/MakingHistory/Parts/Engine/solidBoosterTHK/SolidBoosterS2-17_emissive
[LOG 18:20:14.947] Load DDS texture: SquadExpansion/MakingHistory/Parts/Engine/solidBoosterTHK/solidBoosterTHK_diffuse
[LOG 18:20:14.956] Load DDS texture: SquadExpansion/MakingHistory/Parts/FuelTank/Assets/Size1p5_02
[LOG 18:20:14.956] Load DDS texture: SquadExpansion/MakingHistory/Parts/FuelTank/Assets/Size1p5_02_ALT01
[LOG 18:20:14.958] Load DDS texture: SquadExpansion/MakingHistory/Parts/FuelTank/Assets/Size1p5_02_ALT02
[LOG 18:20:14.958] Load DDS texture: SquadExpansion/MakingHistory/Parts/FuelTank/Assets/Size1p5_02_ALT02_normal
[LOG 18:20:14.960] Load DDS texture: SquadExpansion/MakingHistory/Parts/FuelTank/Assets/Size1p5_mono
[LOG 18:20:14.961] Load DDS texture: SquadExpansion/MakingHistory/Parts/FuelTank/Assets/Size1p5_mono_2
[LOG 18:20:14.962] Load DDS texture: SquadExpansion/MakingHistory/Parts/FuelTank/Assets/Size1p5_mono_N
[LOG 18:20:14.964] Load DDS texture: SquadExpansion/MakingHistory/Parts/FuelTank/Assets/Size1_5_TankAdapters
[LOG 18:20:14.965] Load DDS texture: SquadExpansion/MakingHistory/Parts/FuelTank/Assets/Size1_5_TankAdapters_ALT01
[LOG 18:20:14.966] Load DDS texture: SquadExpansion/MakingHistory/Parts/FuelTank/Assets/Size1_5_TankAdapters_ALT02
[LOG 18:20:14.967] Load DDS texture: SquadExpansion/MakingHistory/Parts/FuelTank/Assets/Size1_5_TankAdapters_ALT02nm
[LOG 18:20:14.972] Load DDS texture: SquadExpansion/MakingHistory/Parts/FuelTank/Assets/Size1_5_TankAdapters_N
[LOG 18:20:14.972] Load DDS texture: SquadExpansion/MakingHistory/Parts/FuelTank/Assets/Size1_5_Tanks
[LOG 18:20:14.973] Load DDS texture: SquadExpansion/MakingHistory/Parts/FuelTank/Assets/Size1_5_Tanks_ALT02
[LOG 18:20:14.974] Load DDS texture: SquadExpansion/MakingHistory/Parts/FuelTank/Assets/Size1_5_Tanks_ALT02_nm
[LOG 18:20:14.974] Load DDS texture: SquadExpansion/MakingHistory/Parts/FuelTank/Assets/Size1_5_Tanks_grey
[LOG 18:20:14.976] Load DDS texture: SquadExpansion/MakingHistory/Parts/FuelTank/Assets/Size4_Tanks
[LOG 18:20:14.983] Load DDS texture: SquadExpansion/MakingHistory/Parts/FuelTank/Assets/Size4_Tanks_N
[LOG 18:20:14.990] Load DDS texture: SquadExpansion/MakingHistory/Parts/Ground/Assets/RoverWheel
[LOG 18:20:14.990] Load DDS texture: SquadExpansion/MakingHistory/Parts/Ground/Assets/RoverWheelG
[LOG 18:20:14.991] Load DDS texture: SquadExpansion/MakingHistory/Parts/Payload/Assets/Size1to0ServiceBay
[LOG 18:20:14.991] Load DDS texture: SquadExpansion/MakingHistory/Parts/Payload/Assets/Size1to0ServiceBay_n
[LOG 18:20:14.997] Load DDS texture: SquadExpansion/MakingHistory/Parts/Payload/Assets/SM18_diffuse
[LOG 18:20:15.002] Load Cached PNG Texture: SquadExpansion/MakingHistory/Parts/Payload/Assets/SM18_NRM
[LOG 18:20:15.011] Load DDS texture: SquadExpansion/MakingHistory/Parts/Payload/Assets/SM18_specular
[LOG 18:20:15.017] Load DDS texture: SquadExpansion/MakingHistory/Parts/Payload/Assets/SM25_diffuse
[LOG 18:20:15.024] Load DDS texture: SquadExpansion/MakingHistory/Parts/Payload/Assets/SM25_normals
[LOG 18:20:15.026] Load DDS texture: SquadExpansion/MakingHistory/Parts/Pods/Assets/KV1
[LOG 18:20:15.027] Load DDS texture: SquadExpansion/MakingHistory/Parts/Pods/Assets/KV1_GLOW
[LOG 18:20:15.029] Load DDS texture: SquadExpansion/MakingHistory/Parts/Pods/Assets/KV2
[LOG 18:20:15.030] Load DDS texture: SquadExpansion/MakingHistory/Parts/Pods/Assets/KV3
[LOG 18:20:15.031] Load DDS texture: SquadExpansion/MakingHistory/Parts/Pods/Assets/Mk2Pod
[LOG 18:20:15.031] Load DDS texture: SquadExpansion/MakingHistory/Parts/Pods/Assets/Mk2Pod_GLOW
[LOG 18:20:15.033] Load DDS texture: SquadExpansion/MakingHistory/Parts/Pods/Assets/Mk2Pod_n
[LOG 18:20:15.035] Load DDS texture: SquadExpansion/MakingHistory/Parts/Pods/Assets/Size1_5_Lander
[LOG 18:20:15.035] Load DDS texture: SquadExpansion/MakingHistory/Parts/Pods/Assets/Size1_5_Lander_GLOW
[LOG 18:20:15.036] Load DDS texture: SquadExpansion/MakingHistory/Parts/SharedAssets/Shrouds
[LOG 18:20:15.039] Load DDS texture: SquadExpansion/MakingHistory/Parts/SharedAssets/Shrouds_N
[LOG 18:20:15.039] Load DDS texture: SquadExpansion/MakingHistory/Parts/Structural/Assets/NormalMap
[LOG 18:20:15.042] Load DDS texture: SquadExpansion/MakingHistory/Parts/Structural/Assets/Panels
[LOG 18:20:15.050] Load DDS texture: SquadExpansion/MakingHistory/Parts/Structural/Assets/Panels_Dark_D
[LOG 18:20:15.053] Load DDS texture: SquadExpansion/MakingHistory/Parts/Structural/Assets/Panels_Gold_D
[LOG 18:20:15.055] Load Cached PNG Texture: SquadExpansion/MakingHistory/Parts/Structural/Assets/Panels_Gold_NRM
[LOG 18:20:15.057] Load DDS texture: SquadExpansion/MakingHistory/Parts/Structural/Assets/Panels_Gold_S
[LOG 18:20:15.060] Load DDS texture: SquadExpansion/MakingHistory/Parts/Structural/Assets/Panels_Silver_D
[LOG 18:20:15.063] Load DDS texture: SquadExpansion/MakingHistory/Parts/Structural/Assets/Panels_Silver_S
[LOG 18:20:15.067] Load Cached PNG Texture: SquadExpansion/MakingHistory/Ships/@thumbs/VAB/Acapello
[LOG 18:20:15.067] Load Cached PNG Texture: SquadExpansion/MakingHistory/Ships/@thumbs/VAB/Beta Centaurus
[LOG 18:20:15.067] Load Cached PNG Texture: SquadExpansion/MakingHistory/Ships/@thumbs/VAB/Goliath II HLV
[LOG 18:20:15.067] Load Cached PNG Texture: SquadExpansion/MakingHistory/Ships/@thumbs/VAB/Muna 1
[LOG 18:20:15.067] Load Cached PNG Texture: SquadExpansion/MakingHistory/Ships/@thumbs/VAB/Sally-Hut 1
[LOG 18:20:15.067] Load Cached PNG Texture: SquadExpansion/MakingHistory/Ships/@thumbs/VAB/SWM-94 Communications Satellite
[LOG 18:20:15.068] Load Cached PNG Texture: SquadExpansion/MakingHistory/Ships/@thumbs/VAB/Valshkod 2
[LOG 18:20:15.068] Load DDS texture: SquadExpansion/MakingHistory/Spaces/KVPods/airlock
[LOG 18:20:15.068] Load DDS texture: SquadExpansion/MakingHistory/Spaces/KVPods/airlock_N
[LOG 18:20:15.068] Load DDS texture: SquadExpansion/MakingHistory/Spaces/KVPods/KV1_Props_Diffuse
[LOG 18:20:15.086] Load DDS texture: SquadExpansion/MakingHistory/Spaces/KVPods/KV1_Props_Normal
[LOG 18:20:15.092] Load DDS texture: SquadExpansion/MakingHistory/Spaces/KVPods/KV1_Shell_Diffuse
[LOG 18:20:15.098] Load DDS texture: SquadExpansion/MakingHistory/Spaces/KVPods/KV1_Shell_Emissive
[LOG 18:20:15.102] Load DDS texture: SquadExpansion/MakingHistory/Spaces/KVPods/KV1_Shell_Normal
[LOG 18:20:15.108] Load DDS texture: SquadExpansion/MakingHistory/Spaces/KVPods/KV1_Vzor_Diffuse
[LOG 18:20:15.110] Load DDS texture: SquadExpansion/MakingHistory/Spaces/KVPods/KV2_Props_Diffuse
[LOG 18:20:15.114] Load DDS texture: SquadExpansion/MakingHistory/Spaces/KVPods/KV2_Props_Emissive
[LOG 18:20:15.122] Load DDS texture: SquadExpansion/MakingHistory/Spaces/KVPods/KV2_Props_Normal
[LOG 18:20:15.129] Load DDS texture: SquadExpansion/MakingHistory/Spaces/KVPods/KV2_Shell_Diffuse
[LOG 18:20:15.136] Load DDS texture: SquadExpansion/MakingHistory/Spaces/KVPods/KV2_Shell_Normal
[LOG 18:20:15.146] Load DDS texture: SquadExpansion/MakingHistory/Spaces/KVPods/KV3_Props_Diffuse
[LOG 18:20:15.150] Load DDS texture: SquadExpansion/MakingHistory/Spaces/KVPods/KV3_Props_Normal
[LOG 18:20:15.157] Load DDS texture: SquadExpansion/MakingHistory/Spaces/KVPods/KV3_Shell_Diffuse
[LOG 18:20:15.161] Load DDS texture: SquadExpansion/MakingHistory/Spaces/KVPods/KV3_Shell_Normal
[LOG 18:20:15.165] Load DDS texture: SquadExpansion/MakingHistory/Spaces/KVPods/motor
[LOG 18:20:15.166] Load DDS texture: SquadExpansion/MakingHistory/Spaces/KVPods/pilot Seat
[LOG 18:20:15.167] Load DDS texture: SquadExpansion/MakingHistory/Spaces/MEM/PANELS_AO
[LOG 18:20:15.171] Load DDS texture: SquadExpansion/MakingHistory/Spaces/MEM/PANELS_EMISSIVE
[LOG 18:20:15.175] Load DDS texture: SquadExpansion/MakingHistory/Spaces/MEM/PANELS_NORMAL
[LOG 18:20:15.180] Load DDS texture: SquadExpansion/MakingHistory/Spaces/MEM/pilot Seat
[LOG 18:20:15.181] Load DDS texture: SquadExpansion/MakingHistory/Spaces/MEM/propsGeneric
[LOG 18:20:15.182] Load DDS texture: SquadExpansion/MakingHistory/Spaces/MEM/PROPS_AO
[LOG 18:20:15.186] Load DDS texture: SquadExpansion/MakingHistory/Spaces/MEM/PROPS_EMISSIVE
[LOG 18:20:15.187] Load DDS texture: SquadExpansion/MakingHistory/Spaces/MEM/PROPS_NORMAL
[LOG 18:20:15.194] Load DDS texture: SquadExpansion/MakingHistory/Spaces/Mk2Pod/DIfuse_controlboard
[LOG 18:20:15.205] Load DDS texture: SquadExpansion/MakingHistory/Spaces/Mk2Pod/Normal_controlbard
[LOG 18:20:15.212] Load DDS texture: SquadExpansion/MakingHistory/Spaces/Mk2Pod/Outershell_Base_Color
[LOG 18:20:15.222] Load DDS texture: SquadExpansion/MakingHistory/Spaces/Mk2Pod/Outershell_Normal
[LOG 18:20:15.230] Load DDS texture: SquadExpansion/MakingHistory/Spaces/Mk2Pod/pilot Seat
[LOG 18:20:15.231] Load Cached PNG Texture: SquadExpansion/Serenity/Parts/@thumbs/controller1000_icon
[LOG 18:20:15.232] Load Cached PNG Texture: SquadExpansion/Serenity/Parts/@thumbs/DeployedCentralStation_icon
[LOG 18:20:15.232] Load Cached PNG Texture: SquadExpansion/Serenity/Parts/@thumbs/DeployedGoExOb_icon
[LOG 18:20:15.232] Load Cached PNG Texture: SquadExpansion/Serenity/Parts/@thumbs/DeployedIONExp_icon
[LOG 18:20:15.232] Load Cached PNG Texture: SquadExpansion/Serenity/Parts/@thumbs/DeployedRTG_icon
[LOG 18:20:15.232] Load Cached PNG Texture: SquadExpansion/Serenity/Parts/@thumbs/DeployedSatDish_icon
[LOG 18:20:15.232] Load Cached PNG Texture: SquadExpansion/Serenity/Parts/@thumbs/DeployedSeismicSensor_icon
[LOG 18:20:15.233] Load Cached PNG Texture: SquadExpansion/Serenity/Parts/@thumbs/DeployedSolarPanel_icon
[LOG 18:20:15.233] Load Cached PNG Texture: SquadExpansion/Serenity/Parts/@thumbs/DeployedWeatherStn_icon
[LOG 18:20:15.233] Load Cached PNG Texture: SquadExpansion/Serenity/Parts/@thumbs/FanShroud.01_icon0
[LOG 18:20:15.233] Load Cached PNG Texture: SquadExpansion/Serenity/Parts/@thumbs/FanShroud.01_icon1
[LOG 18:20:15.233] Load Cached PNG Texture: SquadExpansion/Serenity/Parts/@thumbs/FanShroud.02_icon0
[LOG 18:20:15.233] Load Cached PNG Texture: SquadExpansion/Serenity/Parts/@thumbs/FanShroud.02_icon1
[LOG 18:20:15.233] Load Cached PNG Texture: SquadExpansion/Serenity/Parts/@thumbs/hinge.01.s_icon0
[LOG 18:20:15.233] Load Cached PNG Texture: SquadExpansion/Serenity/Parts/@thumbs/hinge.01.s_icon1
[LOG 18:20:15.233] Load Cached PNG Texture: SquadExpansion/Serenity/Parts/@thumbs/hinge.01_icon0
[LOG 18:20:15.234] Load Cached PNG Texture: SquadExpansion/Serenity/Parts/@thumbs/hinge.01_icon1
[LOG 18:20:15.234] Load Cached PNG Texture: SquadExpansion/Serenity/Parts/@thumbs/hinge.03.s_icon0
[LOG 18:20:15.234] Load Cached PNG Texture: SquadExpansion/Serenity/Parts/@thumbs/hinge.03.s_icon1
[LOG 18:20:15.234] Load Cached PNG Texture: SquadExpansion/Serenity/Parts/@thumbs/hinge.03_icon0
[LOG 18:20:15.234] Load Cached PNG Texture: SquadExpansion/Serenity/Parts/@thumbs/hinge.03_icon1
[LOG 18:20:15.234] Load Cached PNG Texture: SquadExpansion/Serenity/Parts/@thumbs/largeFanBlade_icon0
[LOG 18:20:15.234] Load Cached PNG Texture: SquadExpansion/Serenity/Parts/@thumbs/largeFanBlade_icon1
[LOG 18:20:15.234] Load Cached PNG Texture: SquadExpansion/Serenity/Parts/@thumbs/largePropeller_icon0
[LOG 18:20:15.235] Load Cached PNG Texture: SquadExpansion/Serenity/Parts/@thumbs/largePropeller_icon1
[LOG 18:20:15.235] Load Cached PNG Texture: SquadExpansion/Serenity/Parts/@thumbs/lGripPad_icon0
[LOG 18:20:15.235] Load Cached PNG Texture: SquadExpansion/Serenity/Parts/@thumbs/lGripPad_icon1
[LOG 18:20:15.235] Load Cached PNG Texture: SquadExpansion/Serenity/Parts/@thumbs/lGripStrip_icon
[LOG 18:20:15.235] Load Cached PNG Texture: SquadExpansion/Serenity/Parts/@thumbs/mediumFanBlade_icon0
[LOG 18:20:15.235] Load Cached PNG Texture: SquadExpansion/Serenity/Parts/@thumbs/mediumFanBlade_icon1
[LOG 18:20:15.235] Load Cached PNG Texture: SquadExpansion/Serenity/Parts/@thumbs/mediumPropeller_icon0
[LOG 18:20:15.235] Load Cached PNG Texture: SquadExpansion/Serenity/Parts/@thumbs/mediumPropeller_icon1
[LOG 18:20:15.235] Load Cached PNG Texture: SquadExpansion/Serenity/Parts/@thumbs/mGripPad_icon0
[LOG 18:20:15.235] Load Cached PNG Texture: SquadExpansion/Serenity/Parts/@thumbs/mGripPad_icon1
[LOG 18:20:15.236] Load Cached PNG Texture: SquadExpansion/Serenity/Parts/@thumbs/noseconeTiny_icon
[LOG 18:20:15.236] Load Cached PNG Texture: SquadExpansion/Serenity/Parts/@thumbs/noseconeVS_icon
[LOG 18:20:15.236] Load Cached PNG Texture: SquadExpansion/Serenity/Parts/@thumbs/piston.01_icon0
[LOG 18:20:15.236] Load Cached PNG Texture: SquadExpansion/Serenity/Parts/@thumbs/piston.01_icon1
[LOG 18:20:15.236] Load Cached PNG Texture: SquadExpansion/Serenity/Parts/@thumbs/piston.02_icon0
[LOG 18:20:15.236] Load Cached PNG Texture: SquadExpansion/Serenity/Parts/@thumbs/piston.02_icon1
[LOG 18:20:15.236] Load Cached PNG Texture: SquadExpansion/Serenity/Parts/@thumbs/piston.03_icon0
[LOG 18:20:15.236] Load Cached PNG Texture: SquadExpansion/Serenity/Parts/@thumbs/piston.03_icon1
[LOG 18:20:15.236] Load Cached PNG Texture: SquadExpansion/Serenity/Parts/@thumbs/piston.04_icon0
[LOG 18:20:15.236] Load Cached PNG Texture: SquadExpansion/Serenity/Parts/@thumbs/piston.04_icon1
[LOG 18:20:15.236] Load Cached PNG Texture: SquadExpansion/Serenity/Parts/@thumbs/RobotArmScanner.S1_icon
[LOG 18:20:15.236] Load Cached PNG Texture: SquadExpansion/Serenity/Parts/@thumbs/RobotArmScanner.S2_icon
[LOG 18:20:15.236] Load Cached PNG Texture: SquadExpansion/Serenity/Parts/@thumbs/RobotArmScanner.S3_icon
[LOG 18:20:15.237] Load Cached PNG Texture: SquadExpansion/Serenity/Parts/@thumbs/rotor.01s_icon0
[LOG 18:20:15.237] Load Cached PNG Texture: SquadExpansion/Serenity/Parts/@thumbs/rotor.01s_icon1
[LOG 18:20:15.237] Load Cached PNG Texture: SquadExpansion/Serenity/Parts/@thumbs/rotor.01_icon0
[LOG 18:20:15.237] Load Cached PNG Texture: SquadExpansion/Serenity/Parts/@thumbs/rotor.01_icon1
[LOG 18:20:15.237] Load Cached PNG Texture: SquadExpansion/Serenity/Parts/@thumbs/rotor.02s_icon0
[LOG 18:20:15.237] Load Cached PNG Texture: SquadExpansion/Serenity/Parts/@thumbs/rotor.02s_icon1
[LOG 18:20:15.237] Load Cached PNG Texture: SquadExpansion/Serenity/Parts/@thumbs/rotor.02_icon0
[LOG 18:20:15.237] Load Cached PNG Texture: SquadExpansion/Serenity/Parts/@thumbs/rotor.02_icon1
[LOG 18:20:15.237] Load Cached PNG Texture: SquadExpansion/Serenity/Parts/@thumbs/RotorEngine.02_icon
[LOG 18:20:15.237] Load Cached PNG Texture: SquadExpansion/Serenity/Parts/@thumbs/rotoServo.00_icon0
[LOG 18:20:15.238] Load Cached PNG Texture: SquadExpansion/Serenity/Parts/@thumbs/rotoServo.00_icon1
[LOG 18:20:15.238] Load Cached PNG Texture: SquadExpansion/Serenity/Parts/@thumbs/rotoServo.02_icon0
[LOG 18:20:15.238] Load Cached PNG Texture: SquadExpansion/Serenity/Parts/@thumbs/rotoServo.02_icon1
[LOG 18:20:15.238] Load Cached PNG Texture: SquadExpansion/Serenity/Parts/@thumbs/rotoServo.03_icon0
[LOG 18:20:15.238] Load Cached PNG Texture: SquadExpansion/Serenity/Parts/@thumbs/rotoServo.03_icon1
[LOG 18:20:15.238] Load Cached PNG Texture: SquadExpansion/Serenity/Parts/@thumbs/sGripPad_icon0
[LOG 18:20:15.238] Load Cached PNG Texture: SquadExpansion/Serenity/Parts/@thumbs/sGripPad_icon1
[LOG 18:20:15.238] Load Cached PNG Texture: SquadExpansion/Serenity/Parts/@thumbs/sGripStrip_icon
[LOG 18:20:15.238] Load Cached PNG Texture: SquadExpansion/Serenity/Parts/@thumbs/smallFanBlade_icon0
[LOG 18:20:15.238] Load Cached PNG Texture: SquadExpansion/Serenity/Parts/@thumbs/smallFanBlade_icon1
[LOG 18:20:15.238] Load Cached PNG Texture: SquadExpansion/Serenity/Parts/@thumbs/smallHeliBlade_icon0
[LOG 18:20:15.239] Load Cached PNG Texture: SquadExpansion/Serenity/Parts/@thumbs/smallHeliBlade_icon1
[LOG 18:20:15.239] Load Cached PNG Texture: SquadExpansion/Serenity/Parts/@thumbs/smallPropeller_icon0
[LOG 18:20:15.239] Load Cached PNG Texture: SquadExpansion/Serenity/Parts/@thumbs/smallPropeller_icon1
[LOG 18:20:15.239] Load DDS texture: SquadExpansion/Serenity/Parts/Aero/Assets/copterBlades_diffuse
[LOG 18:20:15.239] Load DDS texture: SquadExpansion/Serenity/Parts/Aero/Assets/shroudsDiffuse_color
[LOG 18:20:15.239] Load DDS texture: SquadExpansion/Serenity/Parts/Aero/Assets/shroudsDiffuse_plain
[LOG 18:20:15.239] Load Cached PNG Texture: SquadExpansion/Serenity/Parts/DeployedScience/MockupTexture
[LOG 18:20:15.239] Load DDS texture: SquadExpansion/Serenity/Parts/DeployedScience/Assets/centralStation_diffuse
[LOG 18:20:15.240] Load DDS texture: SquadExpansion/Serenity/Parts/DeployedScience/Assets/centralStation_emissive
[LOG 18:20:15.268] Load DDS texture: SquadExpansion/Serenity/Parts/DeployedScience/Assets/GenericParts_diffuse
[LOG 18:20:15.268] Load DDS texture: SquadExpansion/Serenity/Parts/DeployedScience/Assets/GenericParts_emissive
[LOG 18:20:15.271] Load DDS texture: SquadExpansion/Serenity/Parts/DeployedScience/Assets/GenericParts_normal
[LOG 18:20:15.272] Load DDS texture: SquadExpansion/Serenity/Parts/DeployedScience/Assets/goex_diffuse
[LOG 18:20:15.276] Load DDS texture: SquadExpansion/Serenity/Parts/DeployedScience/Assets/goex_specMapped
[LOG 18:20:15.280] Load DDS texture: SquadExpansion/Serenity/Parts/DeployedScience/Assets/Grid
[LOG 18:20:15.280] Load DDS texture: SquadExpansion/Serenity/Parts/DeployedScience/Assets/IonExperiment_diffuse
[LOG 18:20:15.281] Load DDS texture: SquadExpansion/Serenity/Parts/DeployedScience/Assets/RTGCask_diffuse
[LOG 18:20:15.282] Load DDS texture: SquadExpansion/Serenity/Parts/DeployedScience/Assets/satDish_diffuse
[LOG 18:20:15.283] Load Cached PNG Texture: SquadExpansion/Serenity/Parts/DeployedScience/Assets/Scratch
[LOG 18:20:15.283] Load DDS texture: SquadExpansion/Serenity/Parts/DeployedScience/Assets/Screen2
[LOG 18:20:15.283] Load DDS texture: SquadExpansion/Serenity/Parts/DeployedScience/Assets/Screen3
[LOG 18:20:15.284] Load DDS texture: SquadExpansion/Serenity/Parts/DeployedScience/Assets/ScreenReadout
[LOG 18:20:15.284] Load DDS texture: SquadExpansion/Serenity/Parts/DeployedScience/Assets/seismicSensor_diffuse
[LOG 18:20:15.285] Load DDS texture: SquadExpansion/Serenity/Parts/DeployedScience/Assets/seismicSensor_nrm
[LOG 18:20:15.287] Load DDS texture: SquadExpansion/Serenity/Parts/DeployedScience/Assets/seismicSensor_specularMapped
[LOG 18:20:15.291] Load DDS texture: SquadExpansion/Serenity/Parts/DeployedScience/Assets/SolarGraph
[LOG 18:20:15.291] Load DDS texture: SquadExpansion/Serenity/Parts/DeployedScience/Assets/solarPanel_diffuse
[LOG 18:20:15.291] Load DDS texture: SquadExpansion/Serenity/Parts/DeployedScience/Assets/Waveleght3
[LOG 18:20:15.292] Load DDS texture: SquadExpansion/Serenity/Parts/DeployedScience/Assets/Wavelenght
[LOG 18:20:15.292] Load DDS texture: SquadExpansion/Serenity/Parts/DeployedScience/Assets/Wavelenght2
[LOG 18:20:15.292] Load DDS texture: SquadExpansion/Serenity/Parts/DeployedScience/Assets/wavelenght4
[LOG 18:20:15.292] Load DDS texture: SquadExpansion/Serenity/Parts/DeployedScience/Assets/wavelenght5
[LOG 18:20:15.292] Load DDS texture: SquadExpansion/Serenity/Parts/DeployedScience/Assets/WeatherStation [Normal]
[LOG 18:20:15.318] Load DDS texture: SquadExpansion/Serenity/Parts/DeployedScience/Assets/Weather_Station_diffuse
[LOG 18:20:15.326] Load DDS texture: SquadExpansion/Serenity/Parts/DeployedScience/Assets/Weather_Station_normal
[LOG 18:20:15.333] Load DDS texture: SquadExpansion/Serenity/Parts/Propellers/Assets/blade_diffuse
[LOG 18:20:15.334] Load DDS texture: SquadExpansion/Serenity/Parts/Propellers/Assets/copterBlades_diffuse
[LOG 18:20:15.334] Load DDS texture: SquadExpansion/Serenity/Parts/Propellers/Assets/fan_diffuse
[LOG 18:20:15.335] Load DDS texture: SquadExpansion/Serenity/Parts/Robotics/Assets/hinges-03-s_diffuse_Color
[LOG 18:20:15.335] Load DDS texture: SquadExpansion/Serenity/Parts/Robotics/Assets/hinges-03_diffuse_color
[LOG 18:20:15.335] Load DDS texture: SquadExpansion/Serenity/Parts/Robotics/Assets/hinges-03_diffuse_plain
[LOG 18:20:15.337] Load DDS texture: SquadExpansion/Serenity/Parts/Robotics/Assets/hinges_diffuse
[LOG 18:20:15.337] Load DDS texture: SquadExpansion/Serenity/Parts/Robotics/Assets/Hinge_diffuse_G-00_Color
[LOG 18:20:15.337] Load DDS texture: SquadExpansion/Serenity/Parts/Robotics/Assets/Hinge_diffuse_G-11_Color
[LOG 18:20:15.337] Load DDS texture: SquadExpansion/Serenity/Parts/Robotics/Assets/Hinge_diffuse_G-11_plain
[LOG 18:20:15.338] Load DDS texture: SquadExpansion/Serenity/Parts/Robotics/Assets/Hinge_normal
[LOG 18:20:15.338] Load DDS texture: SquadExpansion/Serenity/Parts/Robotics/Assets/RotorEngine_02_diffuse
[LOG 18:20:15.339] Load DDS texture: SquadExpansion/Serenity/Parts/Robotics/Assets/RotorEngine_03_diffuse
[LOG 18:20:15.340] Load DDS texture: SquadExpansion/Serenity/Parts/Robotics/Assets/RotorEngine_03_normal
[LOG 18:20:15.341] Load DDS texture: SquadExpansion/Serenity/Parts/Robotics/Assets/Rotor_01_diffuse_color
[LOG 18:20:15.342] Load DDS texture: SquadExpansion/Serenity/Parts/Robotics/Assets/Rotor_01_diffuse_plain
[LOG 18:20:15.342] Load DDS texture: SquadExpansion/Serenity/Parts/Robotics/Assets/Rotor_01_normal
[LOG 18:20:15.343] Load DDS texture: SquadExpansion/Serenity/Parts/Robotics/Assets/Rotor_01_specular_D
[LOG 18:20:15.343] Load DDS texture: SquadExpansion/Serenity/Parts/Robotics/Assets/Rotor_02_diffuse_color
[LOG 18:20:15.343] Load DDS texture: SquadExpansion/Serenity/Parts/Robotics/Assets/Rotor_03_diffuse_color
[LOG 18:20:15.344] Load DDS texture: SquadExpansion/Serenity/Parts/Robotics/Assets/Rotor_03_diffuse_plain
[LOG 18:20:15.346] Load DDS texture: SquadExpansion/Serenity/Parts/Robotics/Assets/Rotor_03_normal
[LOG 18:20:15.346] Load DDS texture: SquadExpansion/Serenity/Parts/Robotics/Assets/rotoServos_diffuse_color
[LOG 18:20:15.347] Load DDS texture: SquadExpansion/Serenity/Parts/Robotics/Assets/rotoServos_diffuse_plain
[LOG 18:20:15.350] Load DDS texture: SquadExpansion/Serenity/Parts/Robotics/Assets/rotoServos_nrm
[LOG 18:20:15.350] Load DDS texture: SquadExpansion/Serenity/Parts/Robotics/Controllers/roboController_diffuse
[LOG 18:20:15.350] Load DDS texture: SquadExpansion/Serenity/Parts/Robotics/Controllers/roboController_emissive
[LOG 18:20:15.350] Load Cached PNG Texture: SquadExpansion/Serenity/Parts/Science/RobotArmScanner/Assets/DrillBits
[LOG 18:20:15.350] Load DDS texture: SquadExpansion/Serenity/Parts/Science/RobotArmScanner/Assets/DustParticle
[WRN 18:20:15.351] Duplicate PNG texture 'SquadExpansion/Serenity/Parts/Science/RobotArmScanner/Assets/DustParticle' with extension 'png' won't be loaded
[LOG 18:20:15.351] Load DDS texture: SquadExpansion/Serenity/Parts/Science/RobotArmScanner/Assets/GenericParts_diffuse
[LOG 18:20:15.357] Load DDS texture: SquadExpansion/Serenity/Parts/Science/RobotArmScanner/Assets/GenericParts_normal
[LOG 18:20:15.363] Load DDS texture: SquadExpansion/Serenity/Parts/Science/RobotArmScanner/Assets/ROCArm3_diffuse
[LOG 18:20:15.370] Load DDS texture: SquadExpansion/Serenity/Parts/Science/RobotArmScanner/Assets/ROCArm3_normal
[LOG 18:20:15.376] Load DDS texture: SquadExpansion/Serenity/Parts/Science/RobotArmScanner/Assets/ROCArm_2_diffuse
[LOG 18:20:15.379] Load DDS texture: SquadExpansion/Serenity/Parts/Science/RobotArmScanner/Assets/ROCArm_2_normal
[LOG 18:20:15.381] Load Cached PNG Texture: SquadExpansion/Serenity/Parts/Science/RobotArmScanner/Assets/Scratch
[LOG 18:20:15.382] Load DDS texture: SquadExpansion/Serenity/Parts/Science/RobotArmScanner/Assets/SmallArm_diffuse
[LOG 18:20:15.383] Load DDS texture: SquadExpansion/Serenity/Parts/Science/RobotArmScanner/Assets/SmallArm_normal
[LOG 18:20:15.384] Load DDS texture: SquadExpansion/Serenity/Parts/Structural/gripPads/Assets/gripPads_diffuse
[LOG 18:20:15.386] Load DDS texture: SquadExpansion/Serenity/Parts/Structural/gripPads/Assets/gripPads_nrm
[LOG 18:20:15.386] Load Cached PNG Texture: SquadExpansion/Serenity/Ships/@thumbs/SPH/Arrow-E
[LOG 18:20:15.386] Load Cached PNG Texture: SquadExpansion/Serenity/Ships/@thumbs/SPH/Butterfly Rover
[LOG 18:20:15.387] Load Cached PNG Texture: SquadExpansion/Serenity/Ships/@thumbs/SPH/Jeb_s Quadtaxi
[LOG 18:20:15.387] Load Cached PNG Texture: SquadExpansion/Serenity/Ships/@thumbs/SPH/Kerbodyne Rotodyne
[LOG 18:20:15.387] Load Cached PNG Texture: SquadExpansion/Serenity/Ships/@thumbs/SPH/Seahawk
[LOG 18:20:15.388] Load Cached PNG Texture: SquadExpansion/Serenity/Ships/@thumbs/SPH/Val-Thopter
[LOG 18:20:15.390] Load MU model: Squad/FX/afterburner_flame
[LOG 18:20:15.401] Load MU model: Squad/FX/afterburner_shock
[LOG 18:20:15.402] Load MU model: Squad/FX/diamondBlue
[LOG 18:20:15.403] Load MU model: Squad/FX/exhaustFlames_blue
[LOG 18:20:15.539] Load MU model: Squad/FX/hydroLOXFlame
[LOG 18:20:15.540] Load MU model: Squad/FX/IonPlume
[LOG 18:20:15.540] Load MU model: Squad/FX/ks1_Exhaust
[LOG 18:20:15.540] Load MU model: Squad/FX/ks25_Exhaust
[LOG 18:20:15.541] Load MU model: Squad/FX/ksX_Exhaust
[LOG 18:20:15.541] Load MU model: Squad/FX/LES_Thruster
[LOG 18:20:15.542] Load MU model: Squad/FX/Monoprop_big
[LOG 18:20:15.542] Load MU model: Squad/FX/Monoprop_medium
[LOG 18:20:15.542] Load MU model: Squad/FX/Monoprop_small
[LOG 18:20:15.544] Load MU model: Squad/FX/shockExhaust_blue
[LOG 18:20:15.544] Load MU model: Squad/FX/shockExhaust_blue_small
[LOG 18:20:15.545] Load MU model: Squad/FX/shockExhaust_red_small
[LOG 18:20:15.545] Load MU model: Squad/FX/SRB_Large
[LOG 18:20:15.546] Load MU model: Squad/FX/SRB_LargeSparks
[LOG 18:20:15.547] Load MU model: Squad/Parts/Aero/aerodynamicNoseCone/aerodynamicNoseCone
[LOG 18:20:15.550] Load MU model: Squad/Parts/Aero/airbrake/Airbrake
[LOG 18:20:15.551] Load MU model: Squad/Parts/Aero/airIntakeRadialXM-G50/RadialIntake
[LOG 18:20:15.553] Load MU model: Squad/Parts/Aero/airlinerWings/ControlSurface
[LOG 18:20:15.553] Load MU model: Squad/Parts/Aero/airlinerWings/MainWing
[LOG 18:20:15.553] Load MU model: Squad/Parts/Aero/airlinerWings/TailFin
[LOG 18:20:15.555] Load MU model: Squad/Parts/Aero/airplaneFins/AdvCanard
[LOG 18:20:15.555] Load MU model: Squad/Parts/Aero/airplaneFins/Canard
[LOG 18:20:15.556] Load MU model: Squad/Parts/Aero/airplaneFins/Swept
[LOG 18:20:15.556] Load MU model: Squad/Parts/Aero/airplaneFins/TailFin
[LOG 18:20:15.556] Load MU model: Squad/Parts/Aero/basicFin/basicFin
[LOG 18:20:15.556] Load MU model: Squad/Parts/Aero/circularIntake/CircularIntake
[LOG 18:20:15.558] Load MU model: Squad/Parts/Aero/circularIntake/ConeIntake
[LOG 18:20:15.558] Load MU model: Squad/Parts/Aero/cones/Assets/AvioCone
[LOG 18:20:15.559] Load MU model: Squad/Parts/Aero/cones/Assets/ConeA
[LOG 18:20:15.559] Load MU model: Squad/Parts/Aero/cones/Assets/ConeB
[LOG 18:20:15.559] Load MU model: Squad/Parts/Aero/cones/Assets/NCS
[LOG 18:20:15.560] Load MU model: Squad/Parts/Aero/cones/Assets/orangeNoseCone
[LOG 18:20:15.560] Load MU model: Squad/Parts/Aero/cones/Assets/rocketNoseCone
[LOG 18:20:15.560] Load MU model: Squad/Parts/Aero/cones/Assets/rocketNoseCone_v2
[LOG 18:20:15.561] Load MU model: Squad/Parts/Aero/cones/Assets/rocketNoseCone_v3
[LOG 18:20:15.561] Load MU model: Squad/Parts/Aero/cones/Assets/TailA
[LOG 18:20:15.561] Load MU model: Squad/Parts/Aero/cones/Assets/TailB
[LOG 18:20:15.562] Load MU model: Squad/Parts/Aero/cones/Assets/TinyCone
[LOG 18:20:15.562] Load MU model: Squad/Parts/Aero/fairings/AutoTruss
[LOG 18:20:15.563] Load MU model: Squad/Parts/Aero/fairings/fairingSize1
[LOG 18:20:15.563] Load MU model: Squad/Parts/Aero/fairings/fairingSize2
[LOG 18:20:15.563] Load MU model: Squad/Parts/Aero/fairings/fairingSize3
[LOG 18:20:15.564] Load MU model: Squad/Parts/Aero/HeatShield/HeatShield0
[LOG 18:20:15.564] Load MU model: Squad/Parts/Aero/HeatShield/HeatShield1
[LOG 18:20:15.564] Load MU model: Squad/Parts/Aero/HeatShield/HeatShield2
[LOG 18:20:15.564] Load MU model: Squad/Parts/Aero/HeatShield/HeatShield3
[LOG 18:20:15.565] Load MU model: Squad/Parts/Aero/InflatableHeatShield/HeatShield
[LOG 18:20:15.567] Load MU model: Squad/Parts/Aero/intakeRadialLong/IntakeRadial
[LOG 18:20:15.567] Load MU model: Squad/Parts/Aero/miniIntake/SmallIntake
[LOG 18:20:15.567] Load MU model: Squad/Parts/Aero/ramAirIntake/RampIntake
[LOG 18:20:15.568] Load MU model: Squad/Parts/Aero/shuttleWings/ShuttleDeltaWing
[LOG 18:20:15.568] Load MU model: Squad/Parts/Aero/shuttleWings/ShuttleElevonA
[LOG 18:20:15.568] Load MU model: Squad/Parts/Aero/shuttleWings/ShuttleElevonB
[LOG 18:20:15.568] Load MU model: Squad/Parts/Aero/shuttleWings/ShuttleRudder
[LOG 18:20:15.568] Load MU model: Squad/Parts/Aero/shuttleWings/ShuttleStrake
[LOG 18:20:15.569] Load MU model: Squad/Parts/Aero/wingletAV-R8/model
[LOG 18:20:15.569] Load MU model: Squad/Parts/Aero/wingletAV-T1/model
[LOG 18:20:15.569] Load MU model: Squad/Parts/Aero/wingletDeltaDeluxe/model
[LOG 18:20:15.569] Load MU model: Squad/Parts/Aero/wings/connector1
[LOG 18:20:15.569] Load MU model: Squad/Parts/Aero/wings/connector2
[LOG 18:20:15.569] Load MU model: Squad/Parts/Aero/wings/connector3
[LOG 18:20:15.570] Load MU model: Squad/Parts/Aero/wings/connector4
[LOG 18:20:15.570] Load MU model: Squad/Parts/Aero/wings/connector5
[LOG 18:20:15.570] Load MU model: Squad/Parts/Aero/wings/delta
[LOG 18:20:15.570] Load MU model: Squad/Parts/Aero/wings/delta_small
[LOG 18:20:15.570] Load MU model: Squad/Parts/Aero/wings/elevon1
[LOG 18:20:15.571] Load MU model: Squad/Parts/Aero/wings/elevon2
[LOG 18:20:15.571] Load MU model: Squad/Parts/Aero/wings/elevon3
[LOG 18:20:15.572] Load MU model: Squad/Parts/Aero/wings/elevon4
[LOG 18:20:15.572] Load MU model: Squad/Parts/Aero/wings/elevon5
[LOG 18:20:15.572] Load MU model: Squad/Parts/Aero/wings/strake
[LOG 18:20:15.572] Load MU model: Squad/Parts/Aero/wings/structural1
[LOG 18:20:15.572] Load MU model: Squad/Parts/Aero/wings/structural2
[LOG 18:20:15.574] Load MU model: Squad/Parts/Aero/wings/structural3
[LOG 18:20:15.574] Load MU model: Squad/Parts/Aero/wings/structural4
[LOG 18:20:15.574] Load MU model: Squad/Parts/Aero/wings/swept1
[LOG 18:20:15.574] Load MU model: Squad/Parts/Aero/wings/swept2
[LOG 18:20:15.574] Load MU model: Squad/Parts/Cargo/CargoContainers/cargoContainer
[LOG 18:20:15.575] Load MU model: Squad/Parts/Cargo/CargoContainers/smallCargoContainer
[LOG 18:20:15.575] Load MU model: Squad/Parts/Cargo/Cylinder/EVAcylinder
[LOG 18:20:15.575] Load MU model: Squad/Parts/Cargo/GroundAnchor/groundAnchor
[LOG 18:20:15.576] Load MU model: Squad/Parts/Cargo/Jetpack/Jetpack
[LOG 18:20:15.576] Load MU model: Squad/Parts/Cargo/Parachute/Parachute
[LOG 18:20:15.577] Load MU model: Squad/Parts/Cargo/RepairKit/RepairKit
[LOG 18:20:15.594] Load MU model: Squad/Parts/Cargo/ScienceKit/ExperimentKit
[LOG 18:20:15.595] Load MU model: Squad/Parts/Cargo/StorageUnits/Assets/CargoStorageUnit
[LOG 18:20:15.596] Load MU model: Squad/Parts/Cargo/StorageUnits/Assets/ConformalStorageUnit
[LOG 18:20:15.596] Load MU model: Squad/Parts/Command/advancedSasModuleLarge/model
[LOG 18:20:15.596] Load MU model: Squad/Parts/Command/cupola/model
[LOG 18:20:15.597] Load MU model: Squad/Parts/Command/externalCommandSeat/model
[LOG 18:20:15.598] Load MU model: Squad/Parts/Command/hitchhikerStorageContainer/model
[LOG 18:20:15.598] Load MU model: Squad/Parts/Command/inlineAdvancedStabilizer/model
[LOG 18:20:15.598] Load MU model: Squad/Parts/Command/inlineReactionWheel/model
[LOG 18:20:15.598] Load MU model: Squad/Parts/Command/Mk1-3Pod/Mk1-3
[LOG 18:20:15.599] Load MU model: Squad/Parts/Command/mk1Cockpits/Cabin
[LOG 18:20:15.599] Load MU model: Squad/Parts/Command/mk1Cockpits/CockpitInline
[LOG 18:20:15.600] Load MU model: Squad/Parts/Command/mk1Cockpits/CockpitStandard
[LOG 18:20:15.619] Load MU model: Squad/Parts/Command/mk1LanderCan/model
[LOG 18:20:15.620] Load MU model: Squad/Parts/Command/mk1pod_v2/Mk1Pod_v2
[LOG 18:20:15.620] Load MU model: Squad/Parts/Command/mk2CockpitInline/model
[LOG 18:20:15.621] Load MU model: Squad/Parts/Command/mk2CockpitStandard/model
[LOG 18:20:15.621] Load MU model: Squad/Parts/Command/mk2DroneCore/model
[LOG 18:20:15.622] Load MU model: Squad/Parts/Command/mk2LanderCan/model
[LOG 18:20:15.622] Load MU model: Squad/Parts/Command/mk2LanderCan_v2/mk2LanderCan
[LOG 18:20:15.623] Load MU model: Squad/Parts/Command/mk3CockpitShuttle/model
[LOG 18:20:15.624] Load MU model: Squad/Parts/Command/MpoProbe/MpoProbe
[LOG 18:20:15.624] Load MU model: Squad/Parts/Command/MtmStage/MTM_Stage
[LOG 18:20:15.625] Load MU model: Squad/Parts/Command/probeCoreCube/probeCoreCube
[LOG 18:20:15.625] Load MU model: Squad/Parts/Command/probeCoreHex/model
[LOG 18:20:15.625] Load MU model: Squad/Parts/Command/probeCoreHex_v2/model
[LOG 18:20:15.625] Load MU model: Squad/Parts/Command/probeCoreOcto2_v2/probeCoreOcto2_v2
[LOG 18:20:15.626] Load MU model: Squad/Parts/Command/probeCoreOcto_v2/probeCoreOcto_v2
[LOG 18:20:15.626] Load MU model: Squad/Parts/Command/probeRoverBody/model
[LOG 18:20:15.626] Load MU model: Squad/Parts/Command/probeRoverBody_v2/probeRoverBody_v2
[LOG 18:20:15.626] Load MU model: Squad/Parts/Command/probeStackLarge/model
[LOG 18:20:15.627] Load MU model: Squad/Parts/Command/probeStackSmall/model
[LOG 18:20:15.627] Load MU model: Squad/Parts/Command/probeStackSphere_v2/probeStackSphere_v2
[LOG 18:20:15.627] Load MU model: Squad/Parts/CompoundParts/FuelLine/model
[LOG 18:20:15.627] Load MU model: Squad/Parts/CompoundParts/strutConnector/model
[LOG 18:20:15.628] Load MU model: Squad/Parts/Coupling/Assets/Decoupler_0
[LOG 18:20:15.628] Load MU model: Squad/Parts/Coupling/Assets/Decoupler_1
[LOG 18:20:15.628] Load MU model: Squad/Parts/Coupling/Assets/Decoupler_1p5
[LOG 18:20:15.629] Load MU model: Squad/Parts/Coupling/Assets/Decoupler_2
[LOG 18:20:15.629] Load MU model: Squad/Parts/Coupling/Assets/Decoupler_3
[LOG 18:20:15.629] Load MU model: Squad/Parts/Coupling/Assets/Decoupler_4
[LOG 18:20:15.630] Load MU model: Squad/Parts/Coupling/Assets/Separator_0
[LOG 18:20:15.630] Load MU model: Squad/Parts/Coupling/Assets/Separator_1
[LOG 18:20:15.630] Load MU model: Squad/Parts/Coupling/Assets/Separator_1p5
[LOG 18:20:15.631] Load MU model: Squad/Parts/Coupling/Assets/Separator_2
[LOG 18:20:15.631] Load MU model: Squad/Parts/Coupling/Assets/Separator_3
[LOG 18:20:15.631] Load MU model: Squad/Parts/Coupling/Assets/Separator_4
[LOG 18:20:15.632] Load MU model: Squad/Parts/Electrical/10CSolarPanels/assets/OX-10C
[LOG 18:20:15.633] Load MU model: Squad/Parts/Electrical/10CSolarPanels/assets/SP-10C
[LOG 18:20:15.636] Load MU model: Squad/Parts/Electrical/10LSolarPanels/assets/OX-10L
[LOG 18:20:15.637] Load MU model: Squad/Parts/Electrical/10LSolarPanels/assets/SP-10L
[LOG 18:20:15.641] Load MU model: Squad/Parts/Electrical/1x6ShroudSolarPanels/model
[LOG 18:20:15.642] Load MU model: Squad/Parts/Electrical/1x6SolarPanels/model
[LOG 18:20:15.643] Load MU model: Squad/Parts/Electrical/3x2ShroudSolarPanels/model
[LOG 18:20:15.643] Load MU model: Squad/Parts/Electrical/3x2SolarPanels/model
[LOG 18:20:15.644] Load MU model: Squad/Parts/Electrical/gigantorXlSolarArray/model
[LOG 18:20:15.644] Load MU model: Squad/Parts/Electrical/radialFlatSolarPanel/model
[LOG 18:20:15.645] Load MU model: Squad/Parts/Electrical/RTG/model
[LOG 18:20:15.645] Load MU model: Squad/Parts/Electrical/z-100Battery/model
[LOG 18:20:15.645] Load MU model: Squad/Parts/Electrical/z-1kBattery/model
[LOG 18:20:15.645] Load MU model: Squad/Parts/Electrical/z-200Battery/model
[LOG 18:20:15.646] Load MU model: Squad/Parts/Electrical/z-400Battery/model
[LOG 18:20:15.646] Load MU model: Squad/Parts/Electrical/z-4kBattery/model
[LOG 18:20:15.646] Load MU model: Squad/Parts/Engine/ionEngine/model
[LOG 18:20:15.646] Load MU model: Squad/Parts/Engine/jetEngines/turbineInside
[LOG 18:20:15.646] Load MU model: Squad/Parts/Engine/jetEngines/turboFanSize1
[LOG 18:20:15.647] Load MU model: Squad/Parts/Engine/jetEngines/turboFanSize2
[LOG 18:20:15.648] Load MU model: Squad/Parts/Engine/jetEngines/turboJet
[LOG 18:20:15.649] Load MU model: Squad/Parts/Engine/jetEngines/turboRamJet
[LOG 18:20:15.649] Load MU model: Squad/Parts/Engine/liquidEngine24-77/model
[LOG 18:20:15.649] Load MU model: Squad/Parts/Engine/liquidEngine24-77_v2/Twitch_v2
[LOG 18:20:15.650] Load MU model: Squad/Parts/Engine/liquidEngine48-7S_v2/SparkV2
[LOG 18:20:15.651] Load MU model: Squad/Parts/Engine/liquidEngineAerospike/AeroSpike
[LOG 18:20:15.651] Load MU model: Squad/Parts/Engine/liquidEngineLV-1_v2/Assets/Ant
[LOG 18:20:15.652] Load MU model: Squad/Parts/Engine/liquidEngineLV-1_v2/Assets/Spider
[LOG 18:20:15.654] Load MU model: Squad/Parts/Engine/liquidEngineLV-909_v2/TerrierV2
[LOG 18:20:15.655] Load MU model: Squad/Parts/Engine/liquidEngineLV-N/model
[LOG 18:20:15.656] Load MU model: Squad/Parts/Engine/liquidEngineLV-T30/model
[LOG 18:20:15.656] Load MU model: Squad/Parts/Engine/liquidEngineLV-T30_v2/Reliant_v2
[LOG 18:20:15.658] Load MU model: Squad/Parts/Engine/liquidEngineLV-T45/model
[LOG 18:20:15.658] Load MU model: Squad/Parts/Engine/liquidEngineLV-T45_v2/Swivel_v2
[LOG 18:20:15.661] Load MU model: Squad/Parts/Engine/liquidEngineMainsail_v2/liquidEngineMainsail_v2
[LOG 18:20:15.662] Load MU model: Squad/Parts/Engine/liquidEngineMk55/Thud
[LOG 18:20:15.663] Load MU model: Squad/Parts/Engine/liquidEnginePoodle_v2/LqdEnginePoodle_v2
[LOG 18:20:15.665] Load MU model: Squad/Parts/Engine/liquidEngineSkipper_v2/skipper_v2
[LOG 18:20:15.667] Load MU model: Squad/Parts/Engine/liquidEngineSSME/SSME
[LOG 18:20:15.667] Load MU model: Squad/Parts/Engine/MassiveSRB/MassiveSRB
[LOG 18:20:15.668] Load MU model: Squad/Parts/Engine/miniJet/SmallJet
[LOG 18:20:15.668] Load MU model: Squad/Parts/Engine/OMSEngine/Puff_v2
[LOG 18:20:15.668] Load MU model: Squad/Parts/Engine/rapierEngine/rapier
[LOG 18:20:15.670] Load MU model: Squad/Parts/Engine/Size1_SRBs/SRB10
[LOG 18:20:15.670] Load MU model: Squad/Parts/Engine/Size1_SRBs/SRB5
[LOG 18:20:15.671] Load MU model: Squad/Parts/Engine/Size2LFB/Size2LFB
[LOG 18:20:15.674] Load MU model: Squad/Parts/Engine/Size2LFB_v2/Size2LFB_v2
[LOG 18:20:15.675] Load MU model: Squad/Parts/Engine/Size3AdvancedEngine/Size3AdvancedEngine
[LOG 18:20:15.675] Load MU model: Squad/Parts/Engine/Size3EngineCluster/Size3EngineCluster
[LOG 18:20:15.676] Load MU model: Squad/Parts/Engine/solidBoosterBACC/model
[LOG 18:20:15.677] Load MU model: Squad/Parts/Engine/solidBoosterS2-17/solidBoosterS2-17
[LOG 18:20:15.677] Load MU model: Squad/Parts/Engine/solidBoosterS2-33/solidBoosterS2-33
[LOG 18:20:15.679] Load MU model: Squad/Parts/Engine/solidBoosterSep/model
[LOG 18:20:15.679] Load MU model: Squad/Parts/Engine/SolidBoostersF/Assets/SolidBoosterF3S0
[LOG 18:20:15.679] Load MU model: Squad/Parts/Engine/SolidBoostersF/Assets/SolidBoosterFM1
[LOG 18:20:15.680] Load MU model: Squad/Parts/FuelTank/adapterTanks/Mk3-Mk2
[LOG 18:20:15.680] Load MU model: Squad/Parts/FuelTank/adapterTanks/Mk3-Size2
[LOG 18:20:15.680] Load MU model: Squad/Parts/FuelTank/adapterTanks/Mk3-Size2Slant
[LOG 18:20:15.681] Load MU model: Squad/Parts/FuelTank/adapterTanks/ShuttleAdapter
[LOG 18:20:15.681] Load MU model: Squad/Parts/FuelTank/adapterTanks/Size2-Mk2
[LOG 18:20:15.681] Load MU model: Squad/Parts/FuelTank/adapterTanks/Size2-Size1
[LOG 18:20:15.682] Load MU model: Squad/Parts/FuelTank/adapterTanks/Size2-Size1Slant
[LOG 18:20:15.682] Load MU model: Squad/Parts/FuelTank/adapterTanks/Size3-Mk3
[LOG 18:20:15.682] Load MU model: Squad/Parts/FuelTank/drainTankFTE-1/fuelValve
[LOG 18:20:15.682] Load MU model: Squad/Parts/FuelTank/FoilTanks/RadialTank_Capsule
[LOG 18:20:15.683] Load MU model: Squad/Parts/FuelTank/FoilTanks/RadialTank_Round
[LOG 18:20:15.683] Load MU model: Squad/Parts/FuelTank/FoilTanks/ToroidTank
[LOG 18:20:15.683] Load MU model: Squad/Parts/FuelTank/fuelTankOscarB/model
[LOG 18:20:15.684] Load MU model: Squad/Parts/FuelTank/miniFuselage/Fuselage
[LOG 18:20:15.684] Load MU model: Squad/Parts/FuelTank/mk2Adapters/bicoupler
[LOG 18:20:15.684] Load MU model: Squad/Parts/FuelTank/mk2Adapters/long
[LOG 18:20:15.684] Load MU model: Squad/Parts/FuelTank/mk2Adapters/standard
[LOG 18:20:15.685] Load MU model: Squad/Parts/FuelTank/mk2FuselageLong/FuselageLongLFO
[LOG 18:20:15.685] Load MU model: Squad/Parts/FuelTank/mk2FuselageLong/FuselageLongLiquid
[LOG 18:20:15.685] Load MU model: Squad/Parts/FuelTank/mk2FuselageShort/FuselageShortLFO
[LOG 18:20:15.685] Load MU model: Squad/Parts/FuelTank/mk2FuselageShort/FuselageShortLiquid
[LOG 18:20:15.686] Load MU model: Squad/Parts/FuelTank/mk2FuselageShort/FuselageShortMono
[LOG 18:20:15.687] Load MU model: Squad/Parts/FuelTank/mk3Fuselage/CREW
[LOG 18:20:15.687] Load MU model: Squad/Parts/FuelTank/mk3Fuselage/LFO_100
[LOG 18:20:15.687] Load MU model: Squad/Parts/FuelTank/mk3Fuselage/LFO_25
[LOG 18:20:15.688] Load MU model: Squad/Parts/FuelTank/mk3Fuselage/LFO_50
[LOG 18:20:15.688] Load MU model: Squad/Parts/FuelTank/mk3Fuselage/LF_100
[LOG 18:20:15.688] Load MU model: Squad/Parts/FuelTank/mk3Fuselage/LF_25
[LOG 18:20:15.688] Load MU model: Squad/Parts/FuelTank/mk3Fuselage/LF_50
[LOG 18:20:15.688] Load MU model: Squad/Parts/FuelTank/mk3Fuselage/MONO
[LOG 18:20:15.688] Load MU model: Squad/Parts/FuelTank/RCSFuelTankR1/RCSFuelTankR1_01
[LOG 18:20:15.689] Load MU model: Squad/Parts/FuelTank/RCSFuelTankR10/model
[LOG 18:20:15.689] Load MU model: Squad/Parts/FuelTank/RCSFuelTankR25/RCSFuelTankR25
[LOG 18:20:15.689] Load MU model: Squad/Parts/FuelTank/RCSTankRadial/model
[LOG 18:20:15.690] Load MU model: Squad/Parts/FuelTank/RCStankRadialLong/model
[LOG 18:20:15.690] Load MU model: Squad/Parts/FuelTank/RockomaxTanks/Assets/Rockomax16
[LOG 18:20:15.690] Load MU model: Squad/Parts/FuelTank/RockomaxTanks/Assets/Rockomax32
[LOG 18:20:15.690] Load MU model: Squad/Parts/FuelTank/RockomaxTanks/Assets/Rockomax64
[LOG 18:20:15.691] Load MU model: Squad/Parts/FuelTank/RockomaxTanks/Assets/Rockomax8
[LOG 18:20:15.691] Load MU model: Squad/Parts/FuelTank/Size1_Tanks/Size1Tank_01
[LOG 18:20:15.692] Load MU model: Squad/Parts/FuelTank/Size1_Tanks/Size1Tank_02
[LOG 18:20:15.692] Load MU model: Squad/Parts/FuelTank/Size1_Tanks/Size1Tank_03
[LOG 18:20:15.692] Load MU model: Squad/Parts/FuelTank/Size1_Tanks/Size1Tank_04
[LOG 18:20:15.693] Load MU model: Squad/Parts/FuelTank/Size3Tanks/Size3LargeTank
[LOG 18:20:15.693] Load MU model: Squad/Parts/FuelTank/Size3Tanks/Size3MediumTank
[LOG 18:20:15.693] Load MU model: Squad/Parts/FuelTank/Size3Tanks/Size3SmallTank
[LOG 18:20:15.694] Load MU model: Squad/Parts/FuelTank/xenonTank/model
[LOG 18:20:15.694] Load MU model: Squad/Parts/FuelTank/xenonTankLarge/model
[LOG 18:20:15.694] Load MU model: Squad/Parts/FuelTank/xenonTankRadial/model
[LOG 18:20:15.695] Load MU model: Squad/Parts/Misc/AsteroidDay/CamSat
[LOG 18:20:15.695] Load MU model: Squad/Parts/Misc/AsteroidDay/HECS2
[LOG 18:20:15.695] Load MU model: Squad/Parts/Misc/AsteroidDay/HighGainAntenna
[LOG 18:20:15.696] Load MU model: Squad/Parts/Misc/AsteroidDay/LgRadialSolar
[LOG 18:20:15.697] Load MU model: Squad/Parts/Misc/PotatoComet/Cube
[LOG 18:20:15.697] Load MU model: Squad/Parts/Misc/PotatoRoid/Cube
[LOG 18:20:15.697] Load MU model: Squad/Parts/Resources/FuelCell/FuelCell
[LOG 18:20:15.697] Load MU model: Squad/Parts/Resources/FuelCell/FuelCellArray
[LOG 18:20:15.698] Load MU model: Squad/Parts/Resources/ISRU/ISRU
[LOG 18:20:15.698] Load MU model: Squad/Parts/Resources/LargeTank/LargeTank
[LOG 18:20:15.699] Load MU model: Squad/Parts/Resources/MiniDrill/MiniDrill
[LOG 18:20:15.700] Load MU model: Squad/Parts/Resources/MiniISRU/MiniISRU
[LOG 18:20:15.701] Load MU model: Squad/Parts/Resources/OrbitalScanner/OrbitalScanner
[LOG 18:20:15.701] Load MU model: Squad/Parts/Resources/RadialDrill/TriBitDrill
[LOG 18:20:15.705] Load MU model: Squad/Parts/Resources/RadialTank/RadialOreTank
[LOG 18:20:15.705] Load MU model: Squad/Parts/Resources/SmallTank/SmallTank
[LOG 18:20:15.705] Load MU model: Squad/Parts/Resources/SurfaceScanner/SurfaceScanner
[LOG 18:20:15.705] Load MU model: Squad/Parts/Resources/SurveyScanner/SurveyScanner
[LOG 18:20:15.706] Load MU model: Squad/Parts/Science/AtmosphereSensor/model
[LOG 18:20:15.706] Load MU model: Squad/Parts/Science/GooExperiment/GooExperiment
[LOG 18:20:15.706] Load MU model: Squad/Parts/Science/LargeCrewedLab/large_crewed_lab
[LOG 18:20:15.708] Load MU model: Squad/Parts/Science/Magnetometer/Magnetometer
[LOG 18:20:15.713] Load MU model: Squad/Parts/Science/MaterialBay/science_module_small
[LOG 18:20:15.713] Load MU model: Squad/Parts/Science/ScienceBox/ScienceBox
[LOG 18:20:15.714] Load MU model: Squad/Parts/Science/sensorAccelerometer/model
[LOG 18:20:15.714] Load MU model: Squad/Parts/Science/sensorBarometer/model
[LOG 18:20:15.714] Load MU model: Squad/Parts/Science/sensorGravimeter/model
[LOG 18:20:15.714] Load MU model: Squad/Parts/Science/sensorThermometer/model
[LOG 18:20:15.714] Load MU model: Squad/Parts/Structural/FLAdapters/Assets/adapterSmallMiniShort_v2
[LOG 18:20:15.714] Load MU model: Squad/Parts/Structural/FLAdapters/Assets/adapterSmallMiniTall_v2
[LOG 18:20:15.715] Load MU model: Squad/Parts/Structural/mk1Parts/Fuselage
[LOG 18:20:15.715] Load MU model: Squad/Parts/Structural/mk1Parts/IntakeFuselage
[LOG 18:20:15.715] Load MU model: Squad/Parts/Structural/mk1Parts/Nacelle1
[LOG 18:20:15.715] Load MU model: Squad/Parts/Structural/mk1Parts/Nacelle2
[LOG 18:20:15.716] Load MU model: Squad/Parts/Structural/mk1Parts/Structural
[LOG 18:20:15.716] Load MU model: Squad/Parts/Structural/mk1Parts/StructuralHollow
[LOG 18:20:15.716] Load MU model: Squad/Parts/Structural/Size3To2Adapter_v2/Size2to3_v2
[LOG 18:20:15.717] Load MU model: Squad/Parts/Structural/stackAdapters/Assets/adapterLargeSmallBi
[LOG 18:20:15.717] Load MU model: Squad/Parts/Structural/stackAdapters/Assets/adapterLargeSmallQuad
[LOG 18:20:15.718] Load MU model: Squad/Parts/Structural/stackAdapters/Assets/adapterLargeSmallTri
[LOG 18:20:15.718] Load MU model: Squad/Parts/Structural/stationHub/model
[LOG 18:20:15.718] Load MU model: Squad/Parts/Structural/structuralIBeam200/model
[LOG 18:20:15.718] Load MU model: Squad/Parts/Structural/structuralIBeam200Pocket/model
[LOG 18:20:15.718] Load MU model: Squad/Parts/Structural/structuralIBeam650/model
[LOG 18:20:15.719] Load MU model: Squad/Parts/Structural/structuralMicronode/model
[LOG 18:20:15.719] Load MU model: Squad/Parts/Structural/structuralPanel1x1/model
[LOG 18:20:15.719] Load MU model: Squad/Parts/Structural/structuralPanel2x2/model
[LOG 18:20:15.719] Load MU model: Squad/Parts/Structural/structuralPylons/PylonBig
[LOG 18:20:15.719] Load MU model: Squad/Parts/Structural/structuralPylons/PylonSmall
[LOG 18:20:15.720] Load MU model: Squad/Parts/Structural/strutCubicOcto/model
[LOG 18:20:15.720] Load MU model: Squad/Parts/Structural/strutOcto/model
[LOG 18:20:15.721] Load MU model: Squad/Parts/Structural/trussGirderAdapter/model
[LOG 18:20:15.721] Load MU model: Squad/Parts/Structural/trussGirderL/model
[LOG 18:20:15.721] Load MU model: Squad/Parts/Structural/trussGirderXL/model
[LOG 18:20:15.722] Load MU model: Squad/Parts/Thermal/FoldingRadiators/foldingRadLarge
[LOG 18:20:15.727] Load MU model: Squad/Parts/Thermal/FoldingRadiators/foldingRadMed
[LOG 18:20:15.729] Load MU model: Squad/Parts/Thermal/FoldingRadiators/foldingRadSmall
[LOG 18:20:15.731] Load MU model: Squad/Parts/Thermal/RadiatorPanels/radPanelEdge
[LOG 18:20:15.731] Load MU model: Squad/Parts/Thermal/RadiatorPanels/radPanelLg
[LOG 18:20:15.731] Load MU model: Squad/Parts/Thermal/RadiatorPanels/radPanelSm
[LOG 18:20:15.732] Load MU model: Squad/Parts/Utility/commDish88-88/model
[LOG 18:20:15.738] Load MU model: Squad/Parts/Utility/commsAntennaDTS-M1/mediumDishAntenna
[LOG 18:20:15.739] Load MU model: Squad/Parts/Utility/commsDish16/model
[LOG 18:20:15.739] Load MU model: Squad/Parts/Utility/decouplerRadialHDM/model
[LOG 18:20:15.740] Load MU model: Squad/Parts/Utility/decouplerRadialTT-38K/model
[LOG 18:20:15.740] Load MU model: Squad/Parts/Utility/decouplerRadialTT-70/model
[LOG 18:20:15.740] Load MU model: Squad/Parts/Utility/DirectAntennas/HGAntenna
[LOG 18:20:15.741] Load MU model: Squad/Parts/Utility/DirectAntennas/HGAntenna_v2
[LOG 18:20:15.742] Load MU model: Squad/Parts/Utility/DirectAntennas/SurfAntenna
[LOG 18:20:15.742] Load MU model: Squad/Parts/Utility/dockingPort/dockingPort
[LOG 18:20:15.743] Load MU model: Squad/Parts/Utility/dockingPortInline/dockingPortInline
[LOG 18:20:15.744] Load MU model: Squad/Parts/Utility/dockingPortJr/dockingPortJr
[LOG 18:20:15.744] Load MU model: Squad/Parts/Utility/dockingPortShielded/dockingPortShielded
[LOG 18:20:15.745] Load MU model: Squad/Parts/Utility/dockingPortSr/dockingPortSr
[LOG 18:20:15.746] Load MU model: Squad/Parts/Utility/Fireworks/Assets/fireworksLauncherBig
[LOG 18:20:15.746] Load MU model: Squad/Parts/Utility/Fireworks/Assets/fireworksLauncherSmall
[LOG 18:20:15.746] Load MU model: Squad/Parts/Utility/flags/flagFlat/flagFlatMeshes
[LOG 18:20:15.751] Load MU model: Squad/Parts/Utility/flags/flagSize0/flagSize0Meshes
[LOG 18:20:15.754] Load MU model: Squad/Parts/Utility/flags/flagSize1/flagSize1Meshes
[LOG 18:20:15.756] Load MU model: Squad/Parts/Utility/flags/flagSize2/flagSize2Meshes
[LOG 18:20:15.757] Load MU model: Squad/Parts/Utility/flags/flagSize3/flagSize3Meshes
[LOG 18:20:15.758] Load MU model: Squad/Parts/Utility/GrapplingDevice/GrapplingArm
[LOG 18:20:15.762] Load MU model: Squad/Parts/Utility/ladderRadial/model
[LOG 18:20:15.762] Load MU model: Squad/Parts/Utility/ladderTelescopic/model
[LOG 18:20:15.764] Load MU model: Squad/Parts/Utility/ladderTelescopicBay/model
[LOG 18:20:15.765] Load MU model: Squad/Parts/Utility/landingLegLT-1/model
[LOG 18:20:15.766] Load MU model: Squad/Parts/Utility/landingLegLT-2/model
[LOG 18:20:15.767] Load MU model: Squad/Parts/Utility/landingLegLT-5/model
[WRN 18:20:15.768] WheelCollider requires an attached Rigidbody to function.
[WRN 18:20:15.768] WheelCollider requires an attached Rigidbody to function.
[LOG 18:20:15.769] Load MU model: Squad/Parts/Utility/launchClamp1/model
[LOG 18:20:15.769] Load MU model: Squad/Parts/Utility/launchEscapeSystem/LaunchEscapeSystem
[LOG 18:20:15.770] Load MU model: Squad/Parts/Utility/Lights/Assets/light_02
[LOG 18:20:15.771] Load MU model: Squad/Parts/Utility/Lights/Assets/light_03
[LOG 18:20:15.771] Load MU model: Squad/Parts/Utility/Lights/Assets/light_04
[LOG 18:20:15.771] Load MU model: Squad/Parts/Utility/Lights/Assets/light_07
[LOG 18:20:15.772] Load MU model: Squad/Parts/Utility/Lights/Assets/light_08
[LOG 18:20:15.772] Load MU model: Squad/Parts/Utility/Lights/Assets/light_12
[LOG 18:20:15.773] Load MU model: Squad/Parts/Utility/linearVernorRCS/Assets/linearRCS
[LOG 18:20:15.773] Load MU model: Squad/Parts/Utility/linearVernorRCS/Assets/vernorEngine
[LOG 18:20:15.774] Load MU model: Squad/Parts/Utility/mk2CargoBay/BayLarge
[LOG 18:20:15.774] Load MU model: Squad/Parts/Utility/mk2CargoBay/BaySmall
[LOG 18:20:15.775] Load MU model: Squad/Parts/Utility/mk2CrewCabin/model
[LOG 18:20:15.775] Load MU model: Squad/Parts/Utility/mk2DockingPort/mk2Dockingport
[LOG 18:20:15.776] Load MU model: Squad/Parts/Utility/mk3CargoBay/long
[LOG 18:20:15.777] Load MU model: Squad/Parts/Utility/mk3CargoBay/medium
[LOG 18:20:15.778] Load MU model: Squad/Parts/Utility/mk3CargoBay/ramp
[LOG 18:20:15.779] Load MU model: Squad/Parts/Utility/mk3CargoBay/short
[LOG 18:20:15.780] Load MU model: Squad/Parts/Utility/parachuteMk1/model
[LOG 18:20:15.780] Load MU model: Squad/Parts/Utility/parachuteMk12-R/model
[LOG 18:20:15.780] Load MU model: Squad/Parts/Utility/parachuteMk16-XL/model
[LOG 18:20:15.781] Load MU model: Squad/Parts/Utility/parachuteMk2-R/model
[LOG 18:20:15.781] Load MU model: Squad/Parts/Utility/parachuteMk25/model
[LOG 18:20:15.782] Load MU model: Squad/Parts/Utility/radialAttachmentPoint/model
[LOG 18:20:15.782] Load MU model: Squad/Parts/Utility/rcsBlockRV-105_v2/rcsBlock105
[LOG 18:20:15.784] Load MU model: Squad/Parts/Utility/rcsSmallLinear/Assets/RCSLinearSmall
[LOG 18:20:15.784] Load MU model: Squad/Parts/Utility/RelayAntennas/HGAntenna
[LOG 18:20:15.785] Load MU model: Squad/Parts/Utility/RelayAntennas/RA-100
[LOG 18:20:15.785] Load MU model: Squad/Parts/Utility/RelayAntennas/RA-5
[LOG 18:20:15.786] Load MU model: Squad/Parts/Utility/RelayAntennas/RA-50
[LOG 18:20:15.786] Load MU model: Squad/Parts/Utility/rockomaxAdapters/Assets/brandAdapter
[LOG 18:20:15.786] Load MU model: Squad/Parts/Utility/rockomaxAdapters/Assets/brandAdapter02
[LOG 18:20:15.787] Load MU model: Squad/Parts/Utility/ServiceBay_v2/Assets/ServiceBay_125_v2
[LOG 18:20:15.790] Load MU model: Squad/Parts/Utility/ServiceBay_v2/Assets/ServiceBay_250_v2
[LOG 18:20:15.791] Load MU model: Squad/Parts/Utility/smallClaw/smallClaw
[LOG 18:20:15.795] Load MU model: Squad/Parts/Utility/spotLightMk1/model
[LOG 18:20:15.796] Load MU model: Squad/Parts/Utility/spotLightMk1_v2/model
[LOG 18:20:15.796] Load MU model: Squad/Parts/Utility/spotLightMk2/model
[LOG 18:20:15.796] Load MU model: Squad/Parts/Utility/spotLightMk2_v2/model
[LOG 18:20:15.797] Load MU model: Squad/Parts/Utility/stackCouplers/Assets/stackBiCoupler_v2
[LOG 18:20:15.797] Load MU model: Squad/Parts/Utility/stackCouplers/Assets/stackQuadCoupler
[LOG 18:20:15.797] Load MU model: Squad/Parts/Utility/stackCouplers/Assets/stackTriCoupler_v2
[LOG 18:20:15.797] Load MU model: Squad/Parts/Wheel/LandingGear/GearExtraLarge
[WRN 18:20:15.799] WheelCollider requires an attached Rigidbody to function.
[WRN 18:20:15.799] WheelCollider requires an attached Rigidbody to function.
[LOG 18:20:15.800] Load MU model: Squad/Parts/Wheel/LandingGear/GearFixed
[WRN 18:20:15.800] WheelCollider requires an attached Rigidbody to function.
[WRN 18:20:15.800] WheelCollider requires an attached Rigidbody to function.
[LOG 18:20:15.800] Load MU model: Squad/Parts/Wheel/LandingGear/GearFree
[WRN 18:20:15.800] WheelCollider requires an attached Rigidbody to function.
[WRN 18:20:15.800] WheelCollider requires an attached Rigidbody to function.
[LOG 18:20:15.800] Load MU model: Squad/Parts/Wheel/LandingGear/GearLarge
[WRN 18:20:15.800] WheelCollider requires an attached Rigidbody to function.
[WRN 18:20:15.800] WheelCollider requires an attached Rigidbody to function.
[LOG 18:20:15.802] Load MU model: Squad/Parts/Wheel/LandingGear/GearMedium
[WRN 18:20:15.802] WheelCollider requires an attached Rigidbody to function.
[WRN 18:20:15.802] WheelCollider requires an attached Rigidbody to function.
[LOG 18:20:15.803] Load MU model: Squad/Parts/Wheel/LandingGear/GearSmall
[WRN 18:20:15.803] WheelCollider requires an attached Rigidbody to function.
[WRN 18:20:15.803] WheelCollider requires an attached Rigidbody to function.
[LOG 18:20:15.803] Load MU model: Squad/Parts/Wheel/roverWheelM1/model
[WRN 18:20:15.804] WheelCollider requires an attached Rigidbody to function.
[WRN 18:20:15.804] WheelCollider requires an attached Rigidbody to function.
[LOG 18:20:15.804] Load MU model: Squad/Parts/Wheel/roverWheelS2/model
[WRN 18:20:15.804] WheelCollider requires an attached Rigidbody to function.
[WRN 18:20:15.804] WheelCollider requires an attached Rigidbody to function.
[LOG 18:20:15.805] Load MU model: Squad/Parts/Wheel/roverWheelTR-2L/model
[WRN 18:20:15.805] WheelCollider requires an attached Rigidbody to function.
[WRN 18:20:15.805] WheelCollider requires an attached Rigidbody to function.
[LOG 18:20:15.805] Load MU model: Squad/Parts/Wheel/roverWheelXL3/model
[WRN 18:20:15.807] WheelCollider requires an attached Rigidbody to function.
[WRN 18:20:15.807] WheelCollider requires an attached Rigidbody to function.
[LOG 18:20:15.807] Load MU model: Squad/Props/AltimeterThreeHands/model
[LOG 18:20:15.808] Load MU model: Squad/Props/AtmosphereDepth/model
[LOG 18:20:15.808] Load MU model: Squad/Props/AxisIndicator/model
[LOG 18:20:15.808] Load MU model: Squad/Props/buttonsGeneric/circularButton
[LOG 18:20:15.808] Load MU model: Squad/Props/buttonsGeneric/clusterButtons
[LOG 18:20:15.808] Load MU model: Squad/Props/buttonsGeneric/clusterButtons2
[LOG 18:20:15.808] Load MU model: Squad/Props/buttonsGeneric/clusterKnob
[LOG 18:20:15.808] Load MU model: Squad/Props/buttonsGeneric/clusterKnob2
[LOG 18:20:15.809] Load MU model: Squad/Props/buttonsGeneric/clusterMixed
[LOG 18:20:15.809] Load MU model: Squad/Props/buttonsGeneric/clusterSwitches01
[LOG 18:20:15.809] Load MU model: Squad/Props/buttonsGeneric/clusterSwitches02
[LOG 18:20:15.810] Load MU model: Squad/Props/buttonsGeneric/clusterSwitches03
[LOG 18:20:15.810] Load MU model: Squad/Props/buttonsGeneric/clusterSwitches04
[LOG 18:20:15.811] Load MU model: Squad/Props/buttonsGeneric/clusterSwitches05
[LOG 18:20:15.811] Load MU model: Squad/Props/buttonsGeneric/clusterSwitches06
[LOG 18:20:15.811] Load MU model: Squad/Props/buttonsGeneric/clusterSwitches07
[LOG 18:20:15.811] Load MU model: Squad/Props/buttonsGeneric/directionalKnob
[LOG 18:20:15.811] Load MU model: Squad/Props/buttonsGeneric/directionalKnob2
[LOG 18:20:15.811] Load MU model: Squad/Props/buttonsGeneric/pullSwitch
[LOG 18:20:15.811] Load MU model: Squad/Props/buttonsGeneric/squareButton
[LOG 18:20:15.812] Load MU model: Squad/Props/buttonsGeneric/standingSwitch
[LOG 18:20:15.812] Load MU model: Squad/Props/buttonsGeneric/switch
[LOG 18:20:15.812] Load MU model: Squad/Props/buttonsGeneric/switchWithGuards
[LOG 18:20:15.812] Load MU model: Squad/Props/ButtonSquare/model
[LOG 18:20:15.812] Load MU model: Squad/Props/circularButton/model
[LOG 18:20:15.813] Load MU model: Squad/Props/Compass/model
[LOG 18:20:15.813] Load MU model: Squad/Props/directionalKnob/model
[LOG 18:20:15.813] Load MU model: Squad/Props/directionalKnob2/model
[LOG 18:20:15.813] Load MU model: Squad/Props/IndicatorPanel/model
[LOG 18:20:15.813] Load MU model: Squad/Props/IVANavBall/model
[LOG 18:20:15.814] Load MU model: Squad/Props/IVANavBallNoBase/model
[LOG 18:20:15.814] Load MU model: Squad/Props/ledPanelSpeed/model
[LOG 18:20:15.815] Load MU model: Squad/Props/Monitor/MonitorDockingMode
[LOG 18:20:15.815] Load MU model: Squad/Props/NavBall/model
[LOG 18:20:15.815] Load MU model: Squad/Props/PropsGeneric/Button_DockingMode
[LOG 18:20:15.816] Load MU model: Squad/Props/PropsGeneric/CargoBagA
[LOG 18:20:15.818] Load MU model: Squad/Props/PropsGeneric/CargoBagB
[LOG 18:20:15.818] Load MU model: Squad/Props/PropsGeneric/CargoBagC
[LOG 18:20:15.819] Load MU model: Squad/Props/PropsGeneric/Hatch_Plane
[LOG 18:20:15.819] Load MU model: Squad/Props/PropsGeneric/Hatch_Plane_Curve90
[LOG 18:20:15.819] Load MU model: Squad/Props/PropsGeneric/Hatch_Plane_Frame
[LOG 18:20:15.819] Load MU model: Squad/Props/PropsGeneric/Seat_Passenger
[LOG 18:20:15.819] Load MU model: Squad/Props/PropsGeneric/Seat_Pilot
[LOG 18:20:15.819] Load MU model: Squad/Props/PropsGeneric/Seat_Pilot_Helmet
[LOG 18:20:15.819] Load MU model: Squad/Props/PropsGeneric/SideStick
[LOG 18:20:15.822] Load MU model: Squad/Props/pullSwitch/model
[LOG 18:20:15.822] Load MU model: Squad/Props/radarAltitude/model
[LOG 18:20:15.822] Load MU model: Squad/Props/squareButton/model
[LOG 18:20:15.822] Load MU model: Squad/Props/standingSwitch/model
[LOG 18:20:15.823] Load MU model: Squad/Props/switch/model
[LOG 18:20:15.823] Load MU model: Squad/Props/switchGuard/model
[LOG 18:20:15.823] Load MU model: Squad/Props/switchWithGuards/model
[LOG 18:20:15.823] Load MU model: Squad/Props/throttle/model
[LOG 18:20:15.823] Load MU model: Squad/Props/VSI/model
[LOG 18:20:15.824] Load MU model: Squad/Spaces/crewCabinInternals/model
[LOG 18:20:15.825] Load MU model: Squad/Spaces/cupolaInternal/model
[LOG 18:20:15.827] Load MU model: Squad/Spaces/GenericSpace1/model
[LOG 18:20:15.828] Load MU model: Squad/Spaces/GenericSpace3/model
[LOG 18:20:15.830] Load MU model: Squad/Spaces/landerCabinInternals/model
[LOG 18:20:15.831] Load MU model: Squad/Spaces/landerCabinSmallInternal/model
[LOG 18:20:15.832] Load MU model: Squad/Spaces/LargeCrewedLabInternals/Large_Crewed_lab_Int
[LOG 18:20:15.834] Load MU model: Squad/Spaces/Mk1-3/model
[LOG 18:20:15.837] Load MU model: Squad/Spaces/mk1CabinInternal/mk1cabin
[LOG 18:20:15.840] Load MU model: Squad/Spaces/mk1CockpitInternal/Mk1StandardIVA
[LOG 18:20:15.841] Load MU model: Squad/Spaces/mk1InlineInternal/Mk1InlineIVA
[LOG 18:20:15.842] Load MU model: Squad/Spaces/mk1PodCockpit/model
[LOG 18:20:15.843] Load MU model: Squad/Spaces/mk1pod_IVA/mk1pod_IVA
[LOG 18:20:15.845] Load MU model: Squad/Spaces/mk2CockpitStandardInternal/model
[LOG 18:20:15.845] Load MU model: Squad/Spaces/Mk2CrewCabinInternal/MK2_CrewCab_Int
[LOG 18:20:15.847] Load MU model: Squad/Spaces/mk2InlineInternal/mk2InlineIVA
[LOG 18:20:15.848] Load MU model: Squad/Spaces/mk2LanderCanInternal/mk2LanderCanInternal
[LOG 18:20:15.850] Load MU model: Squad/Spaces/MK3CockpitInternal/MK3_Cockpit_Int
[LOG 18:20:15.851] Load MU model: Squad/Spaces/MK3_CrewCab_Int/MK3_CrewCab_Int
[LOG 18:20:15.856] Load MU model: Squad/Spaces/OverlayMasks/CupolaMask
[LOG 18:20:15.856] Load MU model: Squad/Spaces/OverlayMasks/HitchhikerBorder
[LOG 18:20:15.857] Load MU model: Squad/Spaces/OverlayMasks/HitchhikerMask
[LOG 18:20:15.857] Load MU model: Squad/Spaces/OverlayMasks/LargeLabBorder
[LOG 18:20:15.857] Load MU model: Squad/Spaces/OverlayMasks/LargeLabMask
[LOG 18:20:15.857] Load MU model: Squad/Spaces/OverlayMasks/Mk1CabinBorder
[LOG 18:20:15.857] Load MU model: Squad/Spaces/OverlayMasks/Mk1CabinMask
[LOG 18:20:15.857] Load MU model: Squad/Spaces/OverlayMasks/Mk1InlineMask
[LOG 18:20:15.857] Load MU model: Squad/Spaces/OverlayMasks/Mk1InlineMask2
[LOG 18:20:15.858] Load MU model: Squad/Spaces/OverlayMasks/Mk1StandardBorder2
[LOG 18:20:15.858] Load MU model: Squad/Spaces/OverlayMasks/Mk1StandardBorder3
[LOG 18:20:15.858] Load MU model: Squad/Spaces/OverlayMasks/Mk1StandardMask
[LOG 18:20:15.858] Load MU model: Squad/Spaces/OverlayMasks/Mk1StandardMask2
[LOG 18:20:15.858] Load MU model: Squad/Spaces/OverlayMasks/Mk1StandardMask3
[LOG 18:20:15.858] Load MU model: Squad/Spaces/OverlayMasks/Mk2CabinBorder
[LOG 18:20:15.858] Load MU model: Squad/Spaces/OverlayMasks/Mk2CabinMask
[LOG 18:20:15.858] Load MU model: Squad/Spaces/OverlayMasks/Mk2InlineBorder
[LOG 18:20:15.858] Load MU model: Squad/Spaces/OverlayMasks/Mk2InlineMask
[LOG 18:20:15.858] Load MU model: Squad/Spaces/OverlayMasks/Mk2StandardBorder
[LOG 18:20:15.859] Load MU model: Squad/Spaces/OverlayMasks/Mk2StandardMask
[LOG 18:20:15.859] Load MU model: Squad/Spaces/OverlayMasks/Mk3CabinBorder
[LOG 18:20:15.859] Load MU model: Squad/Spaces/OverlayMasks/Mk3CabinMask
[LOG 18:20:15.859] Load MU model: Squad/Spaces/OverlayMasks/Mk3CabinMask2
[LOG 18:20:15.859] Load MU model: Squad/Spaces/OverlayMasks/Mk3ShuttleBorder
[LOG 18:20:15.859] Load MU model: Squad/Spaces/OverlayMasks/Mk3ShuttleMask
[LOG 18:20:15.859] Load MU model: Squad/Spaces/OverlayMasks/Size1LanderBorder
[LOG 18:20:15.859] Load MU model: Squad/Spaces/OverlayMasks/Size1LanderMask
[LOG 18:20:15.859] Load MU model: Squad/Spaces/OverlayMasks/Size1PodBorder
[LOG 18:20:15.860] Load MU model: Squad/Spaces/OverlayMasks/Size1PodMask
[LOG 18:20:15.860] Load MU model: Squad/Spaces/OverlayMasks/Size2LanderBorder
[LOG 18:20:15.860] Load MU model: Squad/Spaces/OverlayMasks/Size2LanderMask
[LOG 18:20:15.860] Load MU model: Squad/Spaces/OverlayMasks/Size2PodBorder
[LOG 18:20:15.860] Load MU model: Squad/Spaces/OverlayMasks/Size2PodMask
[LOG 18:20:15.860] Load MU model: Squad/Spaces/Placeholder/PlaceholderIVA
[LOG 18:20:15.861] Load MU model: Squad/Spaces/PodCockpit/model
[LOG 18:20:15.863] Load MU model: SquadExpansion/MakingHistory/Parts/Aero/protectiveRocketNoseMk5A/Size_1_5_Cone
[LOG 18:20:15.863] Load MU model: SquadExpansion/MakingHistory/Parts/Coupling/Assets/EnginePlate
[LOG 18:20:15.864] Load MU model: SquadExpansion/MakingHistory/Parts/Coupling/Assets/InflatableAirlock
[LOG 18:20:15.865] Load MU model: SquadExpansion/MakingHistory/Parts/Coupling/Assets/Size1_5_Decoupler
[LOG 18:20:15.865] Load MU model: SquadExpansion/MakingHistory/Parts/Engine/Assets/KE-1
[LOG 18:20:15.869] Load MU model: SquadExpansion/MakingHistory/Parts/Engine/Assets/LV-T87
[LOG 18:20:15.870] Load MU model: SquadExpansion/MakingHistory/Parts/Engine/Assets/LV-T91
[LOG 18:20:15.871] Load MU model: SquadExpansion/MakingHistory/Parts/Engine/Assets/RE-I2
[LOG 18:20:15.873] Load MU model: SquadExpansion/MakingHistory/Parts/Engine/Assets/RE-J10
[LOG 18:20:15.874] Load MU model: SquadExpansion/MakingHistory/Parts/Engine/Assets/RK-7
[LOG 18:20:15.876] Load MU model: SquadExpansion/MakingHistory/Parts/Engine/Assets/RV-1
[LOG 18:20:15.876] Load MU model: SquadExpansion/MakingHistory/Parts/Engine/solidBoosterTHK/solidBoosterTHK
[LOG 18:20:15.877] Load MU model: SquadExpansion/MakingHistory/Parts/FuelTank/Assets/MiniMonoTank
[LOG 18:20:15.877] Load MU model: SquadExpansion/MakingHistory/Parts/FuelTank/Assets/Size1_5_Size0_Adapter_01
[LOG 18:20:15.877] Load MU model: SquadExpansion/MakingHistory/Parts/FuelTank/Assets/Size1_5_Size1_Adapter_01
[LOG 18:20:15.877] Load MU model: SquadExpansion/MakingHistory/Parts/FuelTank/Assets/Size1_5_Size1_Adapter_02
[LOG 18:20:15.878] Load MU model: SquadExpansion/MakingHistory/Parts/FuelTank/Assets/Size1_5_Size2_Adapter_01
[LOG 18:20:15.878] Load MU model: SquadExpansion/MakingHistory/Parts/FuelTank/Assets/Size1_5_Tank_01
[LOG 18:20:15.879] Load MU model: SquadExpansion/MakingHistory/Parts/FuelTank/Assets/Size1_5_Tank_02
[LOG 18:20:15.879] Load MU model: SquadExpansion/MakingHistory/Parts/FuelTank/Assets/Size1_5_Tank_03
[LOG 18:20:15.879] Load MU model: SquadExpansion/MakingHistory/Parts/FuelTank/Assets/Size1_5_Tank_04
[LOG 18:20:15.879] Load MU model: SquadExpansion/MakingHistory/Parts/FuelTank/Assets/Size1_5_Tank_05
[LOG 18:20:15.880] Load MU model: SquadExpansion/MakingHistory/Parts/FuelTank/Assets/Size3_Size4_Adapter_01
[LOG 18:20:15.880] Load MU model: SquadExpansion/MakingHistory/Parts/FuelTank/Assets/Size4_EngineAdapter_01
[LOG 18:20:15.881] Load MU model: SquadExpansion/MakingHistory/Parts/FuelTank/Assets/Size4_Tank_01
[LOG 18:20:15.881] Load MU model: SquadExpansion/MakingHistory/Parts/FuelTank/Assets/Size4_Tank_02
[LOG 18:20:15.882] Load MU model: SquadExpansion/MakingHistory/Parts/FuelTank/Assets/Size4_Tank_03
[LOG 18:20:15.882] Load MU model: SquadExpansion/MakingHistory/Parts/FuelTank/Assets/Size4_Tank_04
[LOG 18:20:15.882] Load MU model: SquadExpansion/MakingHistory/Parts/FuelTank/Assets/Size_1p5_Monoprop
[LOG 18:20:15.883] Load MU model: SquadExpansion/MakingHistory/Parts/Ground/Assets/RoverWheel
[WRN 18:20:15.884] WheelCollider requires an attached Rigidbody to function.
[WRN 18:20:15.884] WheelCollider requires an attached Rigidbody to function.
[LOG 18:20:15.884] Load MU model: SquadExpansion/MakingHistory/Parts/Payload/Assets/ServiceModule18
[LOG 18:20:15.885] Load MU model: SquadExpansion/MakingHistory/Parts/Payload/Assets/ServiceModule25
[LOG 18:20:15.886] Load MU model: SquadExpansion/MakingHistory/Parts/Payload/Assets/Size1to0ServiceModule
[LOG 18:20:15.886] Load MU model: SquadExpansion/MakingHistory/Parts/Pods/Assets/Mk2Pod
[LOG 18:20:15.887] Load MU model: SquadExpansion/MakingHistory/Parts/Pods/Assets/RoundPod
[LOG 18:20:15.887] Load MU model: SquadExpansion/MakingHistory/Parts/Pods/Assets/Size1_5_Lander
[LOG 18:20:15.891] Load MU model: SquadExpansion/MakingHistory/Parts/SharedAssets/Shroud1p5x0
[LOG 18:20:15.891] Load MU model: SquadExpansion/MakingHistory/Parts/SharedAssets/Shroud1p5x1
[LOG 18:20:15.892] Load MU model: SquadExpansion/MakingHistory/Parts/SharedAssets/Shroud1p5x2
[LOG 18:20:15.892] Load MU model: SquadExpansion/MakingHistory/Parts/SharedAssets/Shroud1p5x3
[LOG 18:20:15.892] Load MU model: SquadExpansion/MakingHistory/Parts/SharedAssets/Shroud1p5x4
[LOG 18:20:15.892] Load MU model: SquadExpansion/MakingHistory/Parts/SharedAssets/Shroud1x0
[LOG 18:20:15.892] Load MU model: SquadExpansion/MakingHistory/Parts/SharedAssets/Shroud1x1
[LOG 18:20:15.892] Load MU model: SquadExpansion/MakingHistory/Parts/SharedAssets/Shroud1x2
[LOG 18:20:15.892] Load MU model: SquadExpansion/MakingHistory/Parts/SharedAssets/Shroud1x3
[LOG 18:20:15.893] Load MU model: SquadExpansion/MakingHistory/Parts/SharedAssets/Shroud1x4
[LOG 18:20:15.893] Load MU model: SquadExpansion/MakingHistory/Parts/SharedAssets/Shroud2x0
[LOG 18:20:15.893] Load MU model: SquadExpansion/MakingHistory/Parts/SharedAssets/Shroud2x1
[LOG 18:20:15.893] Load MU model: SquadExpansion/MakingHistory/Parts/SharedAssets/Shroud2x2
[LOG 18:20:15.893] Load MU model: SquadExpansion/MakingHistory/Parts/SharedAssets/Shroud2x3
[LOG 18:20:15.893] Load MU model: SquadExpansion/MakingHistory/Parts/SharedAssets/Shroud2x4
[LOG 18:20:15.894] Load MU model: SquadExpansion/MakingHistory/Parts/SharedAssets/Shroud3x0
[LOG 18:20:15.894] Load MU model: SquadExpansion/MakingHistory/Parts/SharedAssets/Shroud3x1
[LOG 18:20:15.894] Load MU model: SquadExpansion/MakingHistory/Parts/SharedAssets/Shroud3x2
[LOG 18:20:15.894] Load MU model: SquadExpansion/MakingHistory/Parts/SharedAssets/Shroud3x3
[LOG 18:20:15.894] Load MU model: SquadExpansion/MakingHistory/Parts/SharedAssets/Shroud3x4
[LOG 18:20:15.894] Load MU model: SquadExpansion/MakingHistory/Parts/SharedAssets/Shroud4x0
[LOG 18:20:15.894] Load MU model: SquadExpansion/MakingHistory/Parts/SharedAssets/Shroud4x1
[LOG 18:20:15.894] Load MU model: SquadExpansion/MakingHistory/Parts/SharedAssets/Shroud4x2
[LOG 18:20:15.895] Load MU model: SquadExpansion/MakingHistory/Parts/SharedAssets/Shroud4x3
[LOG 18:20:15.895] Load MU model: SquadExpansion/MakingHistory/Parts/SharedAssets/Shroud4x4
[LOG 18:20:15.895] Load MU model: SquadExpansion/MakingHistory/Parts/SharedAssets/ShroudCollider0
[LOG 18:20:15.895] Load MU model: SquadExpansion/MakingHistory/Parts/SharedAssets/ShroudCollider1
[LOG 18:20:15.896] Load MU model: SquadExpansion/MakingHistory/Parts/SharedAssets/ShroudCollider1p5
[LOG 18:20:15.896] Load MU model: SquadExpansion/MakingHistory/Parts/SharedAssets/ShroudCollider2
[LOG 18:20:15.896] Load MU model: SquadExpansion/MakingHistory/Parts/SharedAssets/ShroudCollider3
[LOG 18:20:15.897] Load MU model: SquadExpansion/MakingHistory/Parts/SharedAssets/ShroudCollider4
[LOG 18:20:15.897] Load MU model: SquadExpansion/MakingHistory/Parts/Structural/Assets/EquiTriangle0
[LOG 18:20:15.897] Load MU model: SquadExpansion/MakingHistory/Parts/Structural/Assets/EquiTriangle1
[LOG 18:20:15.897] Load MU model: SquadExpansion/MakingHistory/Parts/Structural/Assets/EquiTriangle1p5
[LOG 18:20:15.897] Load MU model: SquadExpansion/MakingHistory/Parts/Structural/Assets/EquiTriangle2
[LOG 18:20:15.898] Load MU model: SquadExpansion/MakingHistory/Parts/Structural/Assets/Panel0
[LOG 18:20:15.898] Load MU model: SquadExpansion/MakingHistory/Parts/Structural/Assets/Panel1
[LOG 18:20:15.898] Load MU model: SquadExpansion/MakingHistory/Parts/Structural/Assets/Panel1p5
[LOG 18:20:15.898] Load MU model: SquadExpansion/MakingHistory/Parts/Structural/Assets/Panel2
[LOG 18:20:15.898] Load MU model: SquadExpansion/MakingHistory/Parts/Structural/Assets/Triangle0
[LOG 18:20:15.898] Load MU model: SquadExpansion/MakingHistory/Parts/Structural/Assets/Triangle1
[LOG 18:20:15.898] Load MU model: SquadExpansion/MakingHistory/Parts/Structural/Assets/Triangle1p5
[LOG 18:20:15.898] Load MU model: SquadExpansion/MakingHistory/Parts/Structural/Assets/Triangle2
[LOG 18:20:15.899] Load MU model: SquadExpansion/MakingHistory/Parts/Utility/flags/flagSize1p5/flagSize1p5Meshes
[LOG 18:20:15.900] Load MU model: SquadExpansion/MakingHistory/Parts/Utility/flags/flagSize4/flagSize4Meshes
[LOG 18:20:15.902] Load MU model: SquadExpansion/MakingHistory/Spaces/KVPods/Airlock_IVA
[LOG 18:20:15.902] Load MU model: SquadExpansion/MakingHistory/Spaces/KVPods/KV1_IVA
[LOG 18:20:15.903] Load MU model: SquadExpansion/MakingHistory/Spaces/KVPods/KV2_IVA
[LOG 18:20:15.905] Load MU model: SquadExpansion/MakingHistory/Spaces/KVPods/KV3_IVA
[LOG 18:20:15.907] Load MU model: SquadExpansion/MakingHistory/Spaces/MEM/MEM_IVA
[LOG 18:20:15.910] Load MU model: SquadExpansion/MakingHistory/Spaces/Mk2Pod/MK2POD_IVA
[LOG 18:20:15.910] Load MU model: SquadExpansion/Serenity/Parts/Aero/Assets/FanShroud_01
[LOG 18:20:15.911] Load MU model: SquadExpansion/Serenity/Parts/Aero/Assets/FanShroud_02
[LOG 18:20:15.911] Load MU model: SquadExpansion/Serenity/Parts/Aero/Assets/FanShroud_03
[LOG 18:20:15.913] Load MU model: SquadExpansion/Serenity/Parts/Aero/Assets/noseconeTiny
[LOG 18:20:15.913] Load MU model: SquadExpansion/Serenity/Parts/Aero/Assets/noseconeVS
[LOG 18:20:15.913] Load MU model: SquadExpansion/Serenity/Parts/DeployedScience/Assets/CentralStation
[LOG 18:20:15.915] Load MU model: SquadExpansion/Serenity/Parts/DeployedScience/Assets/GoExOb
[LOG 18:20:15.918] Load MU model: SquadExpansion/Serenity/Parts/DeployedScience/Assets/IonExperiment
[LOG 18:20:15.919] Load MU model: SquadExpansion/Serenity/Parts/DeployedScience/Assets/RTGCask
[LOG 18:20:15.919] Load MU model: SquadExpansion/Serenity/Parts/DeployedScience/Assets/satDish
[LOG 18:20:15.925] Load MU model: SquadExpansion/Serenity/Parts/DeployedScience/Assets/seismicSensor
[LOG 18:20:15.929] Load MU model: SquadExpansion/Serenity/Parts/DeployedScience/Assets/solarPanel
[LOG 18:20:15.931] Load MU model: SquadExpansion/Serenity/Parts/DeployedScience/Assets/WeatherStation
[LOG 18:20:15.935] Load MU model: SquadExpansion/Serenity/Parts/Propellers/Assets/largeFanBlade
[LOG 18:20:15.935] Load MU model: SquadExpansion/Serenity/Parts/Propellers/Assets/largeHeliBlade
[LOG 18:20:15.935] Load MU model: SquadExpansion/Serenity/Parts/Propellers/Assets/largePropeller
[LOG 18:20:15.936] Load MU model: SquadExpansion/Serenity/Parts/Propellers/Assets/mediumFanBlade
[LOG 18:20:15.936] Load MU model: SquadExpansion/Serenity/Parts/Propellers/Assets/mediumHeliBlade
[LOG 18:20:15.936] Load MU model: SquadExpansion/Serenity/Parts/Propellers/Assets/mediumPropeller
[LOG 18:20:15.936] Load MU model: SquadExpansion/Serenity/Parts/Propellers/Assets/smallFanBlade
[LOG 18:20:15.936] Load MU model: SquadExpansion/Serenity/Parts/Propellers/Assets/smallHeliBlade
[LOG 18:20:15.937] Load MU model: SquadExpansion/Serenity/Parts/Propellers/Assets/smallPropeller
[LOG 18:20:15.937] Load MU model: SquadExpansion/Serenity/Parts/Robotics/Assets/hinge_01
[LOG 18:20:15.937] Load MU model: SquadExpansion/Serenity/Parts/Robotics/Assets/hinge_01_s
[LOG 18:20:15.938] Load MU model: SquadExpansion/Serenity/Parts/Robotics/Assets/hinge_03
[LOG 18:20:15.938] Load MU model: SquadExpansion/Serenity/Parts/Robotics/Assets/hinge_03_s
[LOG 18:20:15.939] Load MU model: SquadExpansion/Serenity/Parts/Robotics/Assets/hinge_04
[LOG 18:20:15.939] Load MU model: SquadExpansion/Serenity/Parts/Robotics/Assets/piston_01
[LOG 18:20:15.939] Load MU model: SquadExpansion/Serenity/Parts/Robotics/Assets/piston_02
[LOG 18:20:15.940] Load MU model: SquadExpansion/Serenity/Parts/Robotics/Assets/piston_03
[LOG 18:20:15.940] Load MU model: SquadExpansion/Serenity/Parts/Robotics/Assets/piston_04
[LOG 18:20:15.940] Load MU model: SquadExpansion/Serenity/Parts/Robotics/Assets/RotorEngine_02
[LOG 18:20:15.941] Load MU model: SquadExpansion/Serenity/Parts/Robotics/Assets/RotorEngine_03
[LOG 18:20:15.942] Load MU model: SquadExpansion/Serenity/Parts/Robotics/Assets/rotor_01
[LOG 18:20:15.942] Load MU model: SquadExpansion/Serenity/Parts/Robotics/Assets/rotor_01s
[LOG 18:20:15.943] Load MU model: SquadExpansion/Serenity/Parts/Robotics/Assets/rotor_02
[LOG 18:20:15.944] Load MU model: SquadExpansion/Serenity/Parts/Robotics/Assets/rotor_02s
[LOG 18:20:15.945] Load MU model: SquadExpansion/Serenity/Parts/Robotics/Assets/rotor_03
[LOG 18:20:15.945] Load MU model: SquadExpansion/Serenity/Parts/Robotics/Assets/rotor_03s
[LOG 18:20:15.946] Load MU model: SquadExpansion/Serenity/Parts/Robotics/Assets/RotoServo_00
[LOG 18:20:15.946] Load MU model: SquadExpansion/Serenity/Parts/Robotics/Assets/RotoServo_02
[LOG 18:20:15.947] Load MU model: SquadExpansion/Serenity/Parts/Robotics/Assets/RotoServo_03
[LOG 18:20:15.947] Load MU model: SquadExpansion/Serenity/Parts/Robotics/Assets/RotoServo_04
[LOG 18:20:15.948] Load MU model: SquadExpansion/Serenity/Parts/Robotics/Controllers/controller1000
[LOG 18:20:15.948] Load MU model: SquadExpansion/Serenity/Parts/Science/RobotArmScanner/Assets/ROCArm_01
[LOG 18:20:15.949] Load MU model: SquadExpansion/Serenity/Parts/Science/RobotArmScanner/Assets/ROCArm_02
[LOG 18:20:15.950] Load MU model: SquadExpansion/Serenity/Parts/Science/RobotArmScanner/Assets/ROCArm_03
[LOG 18:20:15.953] Load MU model: SquadExpansion/Serenity/Parts/Structural/gripPads/Assets/lGripPad
[LOG 18:20:15.954] Load MU model: SquadExpansion/Serenity/Parts/Structural/gripPads/Assets/lGripStrip
[LOG 18:20:15.954] Load MU model: SquadExpansion/Serenity/Parts/Structural/gripPads/Assets/mGripPad
[LOG 18:20:15.954] Load MU model: SquadExpansion/Serenity/Parts/Structural/gripPads/Assets/sGripPad
[LOG 18:20:15.955] Load MU model: SquadExpansion/Serenity/Parts/Structural/gripPads/Assets/sGripStrip
[LOG 18:20:15.955] Loading Asset Bundle Definitions
[LOG 18:20:15.956] AssetLoader: Loading bundle definitions
[LOG 18:20:16.118] AssetLoader: Loaded bundle 'squadcore'
[LOG 18:20:16.119] AssetLoader: Loaded bundle 'squadcorefx'
[LOG 18:20:16.119] AssetLoader: Loaded mod bundle 'kspedia'
[LOG 18:20:16.119] AssetLoader: Loaded mod bundle 'kspedia_actionsets'
[LOG 18:20:16.120] AssetLoader: Loaded mod bundle 'kspedia_aircraft'
[LOG 18:20:16.120] AssetLoader: Loaded mod bundle 'kspedia_aircraftbasics'
[LOG 18:20:16.120] AssetLoader: Loaded mod bundle 'kspedia_aircraftbasicsbalance'
[LOG 18:20:16.121] AssetLoader: Loaded mod bundle 'kspedia_aircraftbasicsbalance2'
[LOG 18:20:16.121] AssetLoader: Loaded mod bundle 'kspedia_aircraftbasicscol'
[LOG 18:20:16.121] AssetLoader: Loaded mod bundle 'kspedia_aircraftbasicscontrol'
[LOG 18:20:16.121] AssetLoader: Loaded mod bundle 'kspedia_aircraftbasicscontrolsurfaces'
[LOG 18:20:16.122] AssetLoader: Loaded mod bundle 'kspedia_aircraftbasicsdrag'
[LOG 18:20:16.122] AssetLoader: Loaded mod bundle 'kspedia_aircraftbasicsengines'
[LOG 18:20:16.122] AssetLoader: Loaded mod bundle 'kspedia_aircraftbasicsforces'
[LOG 18:20:16.122] AssetLoader: Loaded mod bundle 'kspedia_aircraftbasicsintakes'
[LOG 18:20:16.123] AssetLoader: Loaded mod bundle 'kspedia_aircraftbasicslandinggear'
[LOG 18:20:16.123] AssetLoader: Loaded mod bundle 'kspedia_aircraftbasicslift'
[LOG 18:20:16.124] AssetLoader: Loaded mod bundle 'kspedia_axisgroups'
[LOG 18:20:16.124] AssetLoader: Loaded mod bundle 'kspedia_career'
[LOG 18:20:16.125] AssetLoader: Loaded mod bundle 'kspedia_careerbasicscontracts'
[LOG 18:20:16.125] AssetLoader: Loaded mod bundle 'kspedia_careerbasicscrew'
[LOG 18:20:16.125] AssetLoader: Loaded mod bundle 'kspedia_careerbasicscurrencies'
[LOG 18:20:16.125] AssetLoader: Loaded mod bundle 'kspedia_careerbasicsexperience'
[LOG 18:20:16.126] AssetLoader: Loaded mod bundle 'kspedia_careerbasicsfacilities'
[LOG 18:20:16.126] AssetLoader: Loaded mod bundle 'kspedia_careerbasicsstrategies'
[LOG 18:20:16.126] AssetLoader: Loaded mod bundle 'kspedia_careerbasicstechnology'
[LOG 18:20:16.127] AssetLoader: Loaded mod bundle 'kspedia_careerui-ac'
[LOG 18:20:16.127] AssetLoader: Loaded mod bundle 'kspedia_careerui-admin'
[LOG 18:20:16.127] AssetLoader: Loaded mod bundle 'kspedia_careerui-ksc'
[LOG 18:20:16.127] AssetLoader: Loaded mod bundle 'kspedia_careerui-mc'
[LOG 18:20:16.127] AssetLoader: Loaded mod bundle 'kspedia_careerui-sciencearchives'
[LOG 18:20:16.128] AssetLoader: Loaded mod bundle 'kspedia_careerui-techtree'
[LOG 18:20:16.128] AssetLoader: Loaded mod bundle 'kspedia_careerui-ts'
[LOG 18:20:16.129] AssetLoader: Loaded mod bundle 'kspedia_careerui'
[LOG 18:20:16.129] AssetLoader: Loaded mod bundle 'kspedia_cargoapp'
[LOG 18:20:16.129] AssetLoader: Loaded mod bundle 'kspedia_cargomode'
[LOG 18:20:16.129] AssetLoader: Loaded mod bundle 'kspedia_cargosystem-placeableparts'
[LOG 18:20:16.130] AssetLoader: Loaded mod bundle 'kspedia_cargosystem'
[LOG 18:20:16.130] AssetLoader: Loaded mod bundle 'kspedia_chute'
[LOG 18:20:16.130] AssetLoader: Loaded mod bundle 'kspedia_commnet'
[LOG 18:20:16.131] AssetLoader: Loaded mod bundle 'kspedia_commnetbasics'
[LOG 18:20:16.131] AssetLoader: Loaded mod bundle 'kspedia_commnetbuildingeffectivenetworks'
[LOG 18:20:16.131] AssetLoader: Loaded mod bundle 'kspedia_commnetcalculatingrange'
[LOG 18:20:16.132] AssetLoader: Loaded mod bundle 'kspedia_commnetcontrollevels'
[LOG 18:20:16.132] AssetLoader: Loaded mod bundle 'kspedia_commnetcontrollinks'
[LOG 18:20:16.132] AssetLoader: Loaded mod bundle 'kspedia_commnetcontrolpoints'
[LOG 18:20:16.132] AssetLoader: Loaded mod bundle 'kspedia_commnetgui'
[LOG 18:20:16.133] AssetLoader: Loaded mod bundle 'kspedia_commnetgui01'
[LOG 18:20:16.133] AssetLoader: Loaded mod bundle 'kspedia_commnetgui02'
[LOG 18:20:16.133] AssetLoader: Loaded mod bundle 'kspedia_commnetrange'
[LOG 18:20:16.133] AssetLoader: Loaded mod bundle 'kspedia_commnetrelays'
[LOG 18:20:16.133] AssetLoader: Loaded mod bundle 'kspedia_commnetsciencetransmission'
[LOG 18:20:16.133] AssetLoader: Loaded mod bundle 'kspedia_commnetsignalstrength'
[LOG 18:20:16.134] AssetLoader: Loaded mod bundle 'kspedia_commnettransmission'
[LOG 18:20:16.134] AssetLoader: Loaded mod bundle 'kspedia_constructionui-actiongroups'
[LOG 18:20:16.134] AssetLoader: Loaded mod bundle 'kspedia_constructionui-applauncher'
[LOG 18:20:16.135] AssetLoader: Loaded mod bundle 'kspedia_constructionui-crew'
[LOG 18:20:16.135] AssetLoader: Loaded mod bundle 'kspedia_constructionui-engineersreport'
[LOG 18:20:16.135] AssetLoader: Loaded mod bundle 'kspedia_constructionui-gizmos'
[LOG 18:20:16.135] AssetLoader: Loaded mod bundle 'kspedia_constructionui-infos'
[LOG 18:20:16.136] AssetLoader: Loaded mod bundle 'kspedia_constructionui-partdetails'
[LOG 18:20:16.136] AssetLoader: Loaded mod bundle 'kspedia_constructionui-parts'
[LOG 18:20:16.136] AssetLoader: Loaded mod bundle 'kspedia_constructionui-symmetry'
[LOG 18:20:16.136] AssetLoader: Loaded mod bundle 'kspedia_constructionui-vesseldetails'
[LOG 18:20:16.137] AssetLoader: Loaded mod bundle 'kspedia_constructionui'
[LOG 18:20:16.137] AssetLoader: Loaded mod bundle 'kspedia_controls-dockingmode'
[LOG 18:20:16.137] AssetLoader: Loaded mod bundle 'kspedia_controls-editor'
[LOG 18:20:16.137] AssetLoader: Loaded mod bundle 'kspedia_controls-editorgizmos'
[LOG 18:20:16.138] AssetLoader: Loaded mod bundle 'kspedia_controls-eva'
[LOG 18:20:16.139] AssetLoader: Loaded mod bundle 'kspedia_controls-flight'
[LOG 18:20:16.139] AssetLoader: Loaded mod bundle 'kspedia_controls-flightactivities'
[LOG 18:20:16.140] AssetLoader: Loaded mod bundle 'kspedia_controls-flightdirections'
[LOG 18:20:16.140] AssetLoader: Loaded mod bundle 'kspedia_controls-general'
[LOG 18:20:16.140] AssetLoader: Loaded mod bundle 'kspedia_controls-mapandtime'
[LOG 18:20:16.141] AssetLoader: Loaded mod bundle 'kspedia_controls-mouseconstruction'
[LOG 18:20:16.141] AssetLoader: Loaded mod bundle 'kspedia_controls-mouseflight'
[LOG 18:20:16.141] AssetLoader: Loaded mod bundle 'kspedia_controls-rcs'
[LOG 18:20:16.142] AssetLoader: Loaded mod bundle 'kspedia_controls'
[LOG 18:20:16.142] AssetLoader: Loaded mod bundle 'kspedia_eastereggs'
[LOG 18:20:16.142] AssetLoader: Loaded mod bundle 'kspedia_evaconstructionmode'
[LOG 18:20:16.142] AssetLoader: Loaded mod bundle 'kspedia_facilities-ac'
[LOG 18:20:16.143] AssetLoader: Loaded mod bundle 'kspedia_facilities-admin'
[LOG 18:20:16.143] AssetLoader: Loaded mod bundle 'kspedia_facilities-context'
[LOG 18:20:16.143] AssetLoader: Loaded mod bundle 'kspedia_facilities-ksc'
[LOG 18:20:16.143] AssetLoader: Loaded mod bundle 'kspedia_facilities-launchpad'
[LOG 18:20:16.144] AssetLoader: Loaded mod bundle 'kspedia_facilities-mc'
[LOG 18:20:16.144] AssetLoader: Loaded mod bundle 'kspedia_facilities-randd'
[LOG 18:20:16.144] AssetLoader: Loaded mod bundle 'kspedia_facilities-runway'
[LOG 18:20:16.144] AssetLoader: Loaded mod bundle 'kspedia_facilities-sph'
[LOG 18:20:16.145] AssetLoader: Loaded mod bundle 'kspedia_facilities-ts'
[LOG 18:20:16.145] AssetLoader: Loaded mod bundle 'kspedia_facilities-vab'
[LOG 18:20:16.145] AssetLoader: Loaded mod bundle 'kspedia_flightui-altimeter'
[LOG 18:20:16.145] AssetLoader: Loaded mod bundle 'kspedia_flightui-applauncher'
[LOG 18:20:16.146] AssetLoader: Loaded mod bundle 'kspedia_flightui-evaactivities'
[LOG 18:20:16.146] AssetLoader: Loaded mod bundle 'kspedia_flightui-maneuvermodeeditor'
[LOG 18:20:16.147] AssetLoader: Loaded mod bundle 'kspedia_flightui-maneuvermodeeditorcont'
[LOG 18:20:16.147] AssetLoader: Loaded mod bundle 'kspedia_flightui-maneuvermodeorbit'
[LOG 18:20:16.147] AssetLoader: Loaded mod bundle 'kspedia_flightui-maneuvertoolinfo'
[LOG 18:20:16.148] AssetLoader: Loaded mod bundle 'kspedia_flightui-maneuvertoolmain'
[LOG 18:20:16.148] AssetLoader: Loaded mod bundle 'kspedia_flightui-modecontrol'
[LOG 18:20:16.148] AssetLoader: Loaded mod bundle 'kspedia_flightui-navball'
[LOG 18:20:16.148] AssetLoader: Loaded mod bundle 'kspedia_flightui-partrepairs'
[LOG 18:20:16.149] AssetLoader: Loaded mod bundle 'kspedia_flightui-portraits'
[LOG 18:20:16.149] AssetLoader: Loaded mod bundle 'kspedia_flightui-staging'
[LOG 18:20:16.149] AssetLoader: Loaded mod bundle 'kspedia_flightui-timeandaction'
[LOG 18:20:16.149] AssetLoader: Loaded mod bundle 'kspedia_flightui'
[LOG 18:20:16.149] AssetLoader: Loaded mod bundle 'kspedia_heat'
[LOG 18:20:16.149] AssetLoader: Loaded mod bundle 'kspedia_heatactiveradiators'
[LOG 18:20:16.150] AssetLoader: Loaded mod bundle 'kspedia_heatengines'
[LOG 18:20:16.150] AssetLoader: Loaded mod bundle 'kspedia_heatflow'
[LOG 18:20:16.151] AssetLoader: Loaded mod bundle 'kspedia_heatpart'
[LOG 18:20:16.151] AssetLoader: Loaded mod bundle 'kspedia_heatpassiveradiators'
[LOG 18:20:16.152] AssetLoader: Loaded mod bundle 'kspedia_heatshields'
[LOG 18:20:16.152] AssetLoader: Loaded mod bundle 'kspedia_kerbnet'
[LOG 18:20:16.152] AssetLoader: Loaded mod bundle 'kspedia_kerbnetinterface'
[LOG 18:20:16.152] AssetLoader: Loaded mod bundle 'kspedia_kerbnetmodes'
[LOG 18:20:16.153] AssetLoader: Loaded mod bundle 'kspedia_kerbnetwaypoints'
[LOG 18:20:16.153] AssetLoader: Loaded mod bundle 'kspedia_locations'
[LOG 18:20:16.153] AssetLoader: Loaded mod bundle 'kspedia_manual'
[LOG 18:20:16.154] AssetLoader: Loaded mod bundle 'kspedia_mapui-alarmclockcreation'
[LOG 18:20:16.154] AssetLoader: Loaded mod bundle 'kspedia_mapui-alarmclockmain'
[LOG 18:20:16.154] AssetLoader: Loaded mod bundle 'kspedia_mapui-burnindicator'
[LOG 18:20:16.155] AssetLoader: Loaded mod bundle 'kspedia_mapui-dvtoolsflight'
[LOG 18:20:16.155] AssetLoader: Loaded mod bundle 'kspedia_mapui-dvtoolsvab'
[LOG 18:20:16.155] AssetLoader: Loaded mod bundle 'kspedia_mapui-mannodes'
[LOG 18:20:16.155] AssetLoader: Loaded mod bundle 'kspedia_mapui-orbitnodes'
[LOG 18:20:16.156] AssetLoader: Loaded mod bundle 'kspedia_mapui-orbitnodes2'
[LOG 18:20:16.156] AssetLoader: Loaded mod bundle 'kspedia_mapui'
[LOG 18:20:16.156] AssetLoader: Loaded mod bundle 'kspedia_orbitalbasics-atmosphere'
[LOG 18:20:16.156] AssetLoader: Loaded mod bundle 'kspedia_orbitalbasics-gettingbackdown'
[LOG 18:20:16.157] AssetLoader: Loaded mod bundle 'kspedia_orbitalbasics-gettingupthere'
[LOG 18:20:16.157] AssetLoader: Loaded mod bundle 'kspedia_orbitalbasics-gravityturn'
[LOG 18:20:16.157] AssetLoader: Loaded mod bundle 'kspedia_orbitalbasics-orbits'
[LOG 18:20:16.157] AssetLoader: Loaded mod bundle 'kspedia_orbitalbasics-stayingupthere'
[LOG 18:20:16.158] AssetLoader: Loaded mod bundle 'kspedia_orbitalbasics'
[LOG 18:20:16.158] AssetLoader: Loaded mod bundle 'kspedia_orbitaldefinitions-appe'
[LOG 18:20:16.159] AssetLoader: Loaded mod bundle 'kspedia_orbitaldefinitions-dirandinc'
[LOG 18:20:16.159] AssetLoader: Loaded mod bundle 'kspedia_orbitaldefinitions-directions'
[LOG 18:20:16.159] AssetLoader: Loaded mod bundle 'kspedia_orbitaldefinitions-eccentricity'
[LOG 18:20:16.159] AssetLoader: Loaded mod bundle 'kspedia_orbitaldefinitions'
[LOG 18:20:16.160] AssetLoader: Loaded mod bundle 'kspedia_orbitalmaneuvers-adjustinginclination'
[LOG 18:20:16.160] AssetLoader: Loaded mod bundle 'kspedia_orbitalmaneuvers-deltav'
[LOG 18:20:16.160] AssetLoader: Loaded mod bundle 'kspedia_orbitalmaneuvers-efficiency'
[LOG 18:20:16.160] AssetLoader: Loaded mod bundle 'kspedia_orbitalmaneuvers-hohmanntransfer'
[LOG 18:20:16.161] AssetLoader: Loaded mod bundle 'kspedia_orbitalmaneuvers-hohmanntransfer2'
[LOG 18:20:16.161] AssetLoader: Loaded mod bundle 'kspedia_orbitalmaneuvers-orbittypes'
[LOG 18:20:16.161] AssetLoader: Loaded mod bundle 'kspedia_orbitalmaneuvers-radandantirad'
[LOG 18:20:16.161] AssetLoader: Loaded mod bundle 'kspedia_orbitalmaneuvers-shapingup'
[LOG 18:20:16.161] AssetLoader: Loaded mod bundle 'kspedia_orbitalmaneuvers'
[LOG 18:20:16.162] AssetLoader: Loaded mod bundle 'kspedia_planets-dres'
[LOG 18:20:16.162] AssetLoader: Loaded mod bundle 'kspedia_planets-duna'
[LOG 18:20:16.162] AssetLoader: Loaded mod bundle 'kspedia_planets-eeloo'
[LOG 18:20:16.162] AssetLoader: Loaded mod bundle 'kspedia_planets-eve'
[LOG 18:20:16.163] AssetLoader: Loaded mod bundle 'kspedia_planets-jool'
[LOG 18:20:16.163] AssetLoader: Loaded mod bundle 'kspedia_planets-kerbin'
[LOG 18:20:16.163] AssetLoader: Loaded mod bundle 'kspedia_planets-moho'
[LOG 18:20:16.163] AssetLoader: Loaded mod bundle 'kspedia_planets-sun'
[LOG 18:20:16.164] AssetLoader: Loaded mod bundle 'kspedia_planets-system'
[LOG 18:20:16.164] AssetLoader: Loaded mod bundle 'kspedia_resources-asteroidmining'
[LOG 18:20:16.164] AssetLoader: Loaded mod bundle 'kspedia_resources-conversionmanagement'
[LOG 18:20:16.164] AssetLoader: Loaded mod bundle 'kspedia_resources-drilling'
[LOG 18:20:16.164] AssetLoader: Loaded mod bundle 'kspedia_resources-findingit'
[LOG 18:20:16.165] AssetLoader: Loaded mod bundle 'kspedia_resources-findingit2'
[LOG 18:20:16.165] AssetLoader: Loaded mod bundle 'kspedia_resources-storageandconversion'
[LOG 18:20:16.166] AssetLoader: Loaded mod bundle 'kspedia_resources'
[LOG 18:20:16.166] AssetLoader: Loaded mod bundle 'kspedia_rocketry'
[LOG 18:20:16.166] AssetLoader: Loaded mod bundle 'kspedia_rocketryadvanced-fairings'
[LOG 18:20:16.166] AssetLoader: Loaded mod bundle 'kspedia_rocketryadvanced-girders'
[LOG 18:20:16.167] AssetLoader: Loaded mod bundle 'kspedia_rocketryadvanced'
[LOG 18:20:16.167] AssetLoader: Loaded mod bundle 'kspedia_rocketrybasics'
[LOG 18:20:16.167] AssetLoader: Loaded mod bundle 'kspedia_rocketrybasicsaero'
[LOG 18:20:16.167] AssetLoader: Loaded mod bundle 'kspedia_rocketrybasicscentered'
[LOG 18:20:16.168] AssetLoader: Loaded mod bundle 'kspedia_rocketrybasicschutes'
[LOG 18:20:16.168] AssetLoader: Loaded mod bundle 'kspedia_rocketrybasicscontrol'
[LOG 18:20:16.168] AssetLoader: Loaded mod bundle 'kspedia_rocketrybasicsecrecharging'
[LOG 18:20:16.168] AssetLoader: Loaded mod bundle 'kspedia_rocketrybasicsengines'
[LOG 18:20:16.169] AssetLoader: Loaded mod bundle 'kspedia_rocketrybasicsforces'
[LOG 18:20:16.169] AssetLoader: Loaded mod bundle 'kspedia_rocketrybasicshatchesandladders'
[LOG 18:20:16.169] AssetLoader: Loaded mod bundle 'kspedia_rocketrybasicshibernation'
[LOG 18:20:16.169] AssetLoader: Loaded mod bundle 'kspedia_rocketrybasicsresources'
[LOG 18:20:16.169] AssetLoader: Loaded mod bundle 'kspedia_rocketrybasicsservicecontainers'
[LOG 18:20:16.170] AssetLoader: Loaded mod bundle 'kspedia_rocketrybasicsstability'
[LOG 18:20:16.170] AssetLoader: Loaded mod bundle 'kspedia_rocketrybasicsstabilityassist'
[LOG 18:20:16.170] AssetLoader: Loaded mod bundle 'kspedia_rocketrybasicsstaging'
[LOG 18:20:16.170] AssetLoader: Loaded mod bundle 'kspedia_rocketrybasicssymmetry'
[LOG 18:20:16.171] AssetLoader: Loaded mod bundle 'kspedia_science'
[LOG 18:20:16.171] AssetLoader: Loaded mod bundle 'kspedia_sciencedata'
[LOG 18:20:16.171] AssetLoader: Loaded mod bundle 'kspedia_scienceexperiments'
[LOG 18:20:16.171] AssetLoader: Loaded mod bundle 'kspedia_sciencelab'
[LOG 18:20:16.172] AssetLoader: Loaded mod bundle 'kspedia_sciencetransmitted'
[LOG 18:20:16.172] AssetLoader: Loaded mod bundle 'kspedia_spacetravel'
[LOG 18:20:16.172] AssetLoader: Loaded mod bundle 'kspedia_variantswitcher'
[LOG 18:20:16.172] AssetLoader: Loaded mod bundle 'kspfonts'
[LOG 18:20:16.326] AssetLoader: Loaded bundle 'squadcore'
[LOG 18:20:16.326] AssetLoader: Loaded bundle 'squadcorefx'
[LOG 18:20:16.327] AssetLoader: Loaded mod bundle 'kspedia_builder'
[LOG 18:20:16.327] AssetLoader: Loaded mod bundle 'kspedia_buildertoolbar'
[LOG 18:20:16.327] AssetLoader: Loaded mod bundle 'kspedia_canvas'
[LOG 18:20:16.328] AssetLoader: Loaded mod bundle 'kspedia_exportingvalidation'
[LOG 18:20:16.328] AssetLoader: Loaded mod bundle 'kspedia_flight'
[LOG 18:20:16.329] AssetLoader: Loaded mod bundle 'kspedia_flightapp'
[LOG 18:20:16.329] AssetLoader: Loaded mod bundle 'kspedia_gap'
[LOG 18:20:16.329] AssetLoader: Loaded mod bundle 'kspedia_gaptools'
[LOG 18:20:16.329] AssetLoader: Loaded mod bundle 'kspedia_makinghistory'
[LOG 18:20:16.330] AssetLoader: Loaded mod bundle 'kspedia_missionbriefing'
[LOG 18:20:16.330] AssetLoader: Loaded mod bundle 'kspedia_nodedocking'
[LOG 18:20:16.330] AssetLoader: Loaded mod bundle 'kspedia_nodesconnectors'
[LOG 18:20:16.331] AssetLoader: Loaded mod bundle 'kspedia_sap'
[LOG 18:20:16.331] AssetLoader: Loaded mod bundle 'kspedia_sidebar'
[LOG 18:20:16.331] AssetLoader: Loaded mod bundle 'kspedia_testingcheckpoints'
[LOG 18:20:16.331] AssetLoader: Loaded bundle 'makinghistory'
[LOG 18:20:16.332] AssetLoader: Loaded mod bundle 'kspedia_bladecyclic-collective-behaviour'
[LOG 18:20:16.332] AssetLoader: Loaded mod bundle 'kspedia_bladecyclic-collective-controls'
[LOG 18:20:16.332] AssetLoader: Loaded mod bundle 'kspedia_deployedscience-experiments'
[LOG 18:20:16.332] AssetLoader: Loaded mod bundle 'kspedia_deployedscience'
[LOG 18:20:16.333] AssetLoader: Loaded mod bundle 'kspedia_grippads'
[LOG 18:20:16.333] AssetLoader: Loaded mod bundle 'kspedia_layindtracks'
[LOG 18:20:16.333] AssetLoader: Loaded mod bundle 'kspedia_propellers'
[LOG 18:20:16.334] AssetLoader: Loaded mod bundle 'kspedia_propellersaerodynamics'
[LOG 18:20:16.334] AssetLoader: Loaded mod bundle 'kspedia_roboticcontroller'
[LOG 18:20:16.334] AssetLoader: Loaded mod bundle 'kspedia_roboticparts'
[LOG 18:20:16.334] AssetLoader: Loaded mod bundle 'kspedia_surface features-overview'
[LOG 18:20:16.335] AssetLoader: Loaded mod bundle 'kspedia_surface features-roverarmdetails'
[LOG 18:20:16.335] AssetLoader: Loaded mod bundle 'kspedia_trackeditor'
[LOG 18:20:16.336] AssetLoader: Loaded mod bundle 'kspedia_trackeditortoolbar'
[LOG 18:20:16.336] AssetLoader: Loaded mod bundle 'serenity'
[LOG 18:20:16.337] AssetLoader: Finished loading. 226 bundle definitions loaded.
[LOG 18:20:16.337] Compiling Configs:
[LOG 18:20:16.338] Config(PHYSICSGLOBALS) /Physics/PHYSICSGLOBALS
[LOG 18:20:16.338] Config(KSP_COMMUNITY_FIXES) KSPCommunityFixes/Settings/KSP_COMMUNITY_FIXES
[LOG 18:20:16.338] Config(Localization) KSPCommunityFixes/Localization/en-us/Localization
[LOG 18:20:16.338] Config(Localization) KSPCommunityFixes/Localization/fr-fr/Localization
[LOG 18:20:16.338] Config(Localization) KSPCommunityFixes/Localization/ru/Localization
[LOG 18:20:16.338] Config(Localization) KSPCommunityFixes/Localization/zh-cn/Localization
[LOG 18:20:16.338] Config(@PART[*]:HAS[@MODULE[ModuleDockingNodeFixed]]:NEEDS[FixDockingNodes]:FINAL) KSPCommunityFixes/MMPatches/ModSupport/FixDockingNodes/@PART[*]:HAS[@MODULE[ModuleDockingNodeFixed]]:NEEDS[FixDockingNodes]:FINAL
[LOG 18:20:16.338] Config(@PART[*]:HAS[@MODULE[Refunding]]:LAST[999_KSP-Recall]) KSPCommunityFixes/MMPatches/ModSupport/KSPRecall/@PART[*]:HAS[@MODULE[Refunding]]:LAST[999_KSP-Recall]
[LOG 18:20:16.338] Config(@PART[*]:HAS[#hasRefundingOnRecovery[?rue]]:LAST[999_KSP-Recall]) KSPCommunityFixes/MMPatches/ModSupport/KSPRecall/@PART[*]:HAS[#hasRefundingOnRecovery[?rue]]:LAST[999_KSP-Recall]
[LOG 18:20:16.338] Config(@PART[*]:HAS[#hasRefundingOnRecovery]:LAST[999_KSP-Recall]) KSPCommunityFixes/MMPatches/ModSupport/KSPRecall/@PART[*]:HAS[#hasRefundingOnRecovery]:LAST[999_KSP-Recall]
[LOG 18:20:16.338] Config(@KSP-Recall:LAST[999_KSP-Recall]) KSPCommunityFixes/MMPatches/ModSupport/KSPRecall/@KSP-Recall:LAST[999_KSP-Recall]
[LOG 18:20:16.338] Config(@KSP-Recall:HAS[#hasRefundingOnRecovery[?rue]]:LAST[999_KSP-Recall]) KSPCommunityFixes/MMPatches/ModSupport/KSPRecall/@KSP-Recall:HAS[#hasRefundingOnRecovery[?rue]]:LAST[999_KSP-Recall]
[LOG 18:20:16.338] Config(@KSP-Recall:HAS[#hasRefundingOnRecovery]:LAST[999_KSP-Recall]) KSPCommunityFixes/MMPatches/ModSupport/KSPRecall/@KSP-Recall:HAS[#hasRefundingOnRecovery]:LAST[999_KSP-Recall]
[LOG 18:20:16.338] Config(@KSP_COMMUNITY_FIXES:NEEDS[AttachedOnEditor]) KSPCommunityFixes/MMPatches/ModSupport/KSPRecall/@KSP_COMMUNITY_FIXES:NEEDS[AttachedOnEditor]
[LOG 18:20:16.338] Config(@KSP_COMMUNITY_FIXES:NEEDS[UniversalStorage2]) KSPCommunityFixes/MMPatches/ModSupport/UniversalStorage/@KSP_COMMUNITY_FIXES:NEEDS[UniversalStorage2]
[LOG 18:20:16.339] Config(@PART[telescopicLadderBay]:FIRST) KSPCommunityFixes/MMPatches/StockTweaks/LadderToggleableLight/@PART[telescopicLadderBay]:FIRST
[LOG 18:20:16.339] Config(@PART[telescopicLadderBay]:HAS[#LadderToggleableLight[?rue]]:FIRST) KSPCommunityFixes/MMPatches/StockTweaks/LadderToggleableLight/@PART[telescopicLadderBay]:HAS[#LadderToggleableLight[?rue]]:FIRST
[LOG 18:20:16.339] Config(@PART[telescopicLadderBay]:HAS[#LadderToggleableLight]:FIRST) KSPCommunityFixes/MMPatches/StockTweaks/LadderToggleableLight/@PART[telescopicLadderBay]:HAS[#LadderToggleableLight]:FIRST
[LOG 18:20:16.339] Config(@PART[GearSmall]:FIRST) KSPCommunityFixes/MMPatches/StockTweaks/LandingGearLights/@PART[GearSmall]:FIRST
[LOG 18:20:16.339] Config(@PART[SmallGearBay]:FIRST) KSPCommunityFixes/MMPatches/StockTweaks/LandingGearLights/@PART[SmallGearBay]:FIRST
[LOG 18:20:16.339] Config(@PART[sasModule]:FOR[KSPCommunityFixes]) KSPCommunityFixes/MMPatches/StockTweaks/ManufacturerFixes/@PART[sasModule]:FOR[KSPCommunityFixes]
[LOG 18:20:16.339] Config(@PART[xenonTankRadial]:FOR[KSPCommunityFixes]) KSPCommunityFixes/MMPatches/StockTweaks/ManufacturerFixes/@PART[xenonTankRadial]:FOR[KSPCommunityFixes]
[LOG 18:20:16.339] Config(@PART[winglet|fireworksLauncherSmall|fireworksLauncherBig]:FOR[KSPCommunityFixes]) KSPCommunityFixes/MMPatches/StockTweaks/ManufacturerFixes/@PART[winglet|fireworksLauncherSmall|fireworksLauncherBig]:FOR[KSPCommunityFixes]
[LOG 18:20:16.339] Config(@PART[solidBooster_sm_v2|solidBooster_v2]:FOR[KSPCommunityFixes]) KSPCommunityFixes/MMPatches/StockTweaks/ManufacturerFixes/@PART[solidBooster_sm_v2|solidBooster_v2]:FOR[KSPCommunityFixes]
[LOG 18:20:16.339] Config(@PART[ServiceBay_125_v2|ServiceBay_250_v2]:FOR[KSPCommunityFixes]) KSPCommunityFixes/MMPatches/StockTweaks/ManufacturerFixes/@PART[ServiceBay_125_v2|ServiceBay_250_v2]:FOR[KSPCommunityFixes]
[LOG 18:20:16.339] Config(@PART[externalTankCapsule]:FOR[KSPCommunityFixes]) KSPCommunityFixes/MMPatches/StockTweaks/ManufacturerFixes/@PART[externalTankCapsule]:FOR[KSPCommunityFixes]
[LOG 18:20:16.339] Config(@PART[RCSFuelTank|rcsTankMini|RCSTank1-2]:FOR[KSPCommunityFixes]) KSPCommunityFixes/MMPatches/StockTweaks/ManufacturerFixes/@PART[RCSFuelTank|rcsTankMini|RCSTank1-2]:FOR[KSPCommunityFixes]
[LOG 18:20:16.339] Config(@PART[landerCabinSmall]:FOR[KSPCommunityFixes]) KSPCommunityFixes/MMPatches/StockTweaks/ManufacturerFixes/@PART[landerCabinSmall]:FOR[KSPCommunityFixes]
[LOG 18:20:16.339] Config(@PART[dockingPortLateral]:FOR[KSPCommunityFixes]) KSPCommunityFixes/MMPatches/StockTweaks/ManufacturerFixes/@PART[dockingPortLateral]:FOR[KSPCommunityFixes]
[LOG 18:20:16.339] Config(@PART[EnginePlate4]:FOR[KSPCommunityFixes]:NEEDS[SquadExpansion/MakingHistory]) KSPCommunityFixes/MMPatches/StockTweaks/ManufacturerFixes/@PART[EnginePlate4]:FOR[KSPCommunityFixes]:NEEDS[SquadExpansion/MakingHistory]
[LOG 18:20:16.339] Config(@PART[Mk2Pod]:FOR[KSPCommunityFixes]:NEEDS[SquadExpansion/MakingHistory]) KSPCommunityFixes/MMPatches/StockTweaks/ManufacturerFixes/@PART[Mk2Pod]:FOR[KSPCommunityFixes]:NEEDS[SquadExpansion/MakingHistory]
[LOG 18:20:16.339] Config(@PART[evaChute|parachuteSingle|parachuteRadial|radialDrogue|parachuteLarge|parachuteDrogue]:FOR[KSPCommunityFixes]) KSPCommunityFixes/MMPatches/StockTweaks/ManufacturerFixes/@PART[evaChute|parachuteSingle|parachuteRadial|radialDrogue|parachuteLarge|parachuteDrogue]:FOR[KSPCommunityFixes]
[LOG 18:20:16.339] Config(@PART[stackPoint1|dockingPort1|dockingPort2|dockingPort3|dockingPortLarge]:FOR[KSPCommunityFixes]) KSPCommunityFixes/MMPatches/StockTweaks/ManufacturerFixes/@PART[stackPoint1|dockingPort1|dockingPort2|dockingPort3|dockingPortLarge]:FOR[KSPCommunityFixes]
[LOG 18:20:16.339] Config(AGENT) KSPCommunityFixes/MMPatches/StockTweaks/ManufacturerFixes/Clamp-O-Tron
[LOG 18:20:16.339] Config(AGENT) KSPCommunityFixes/MMPatches/StockTweaks/ManufacturerFixes/FreeFall Parachutes
[LOG 18:20:16.339] Config(AGENT) KSPCommunityFixes/MMPatches/StockTweaks/ManufacturerFixes/LightYear Tire Company
[LOG 18:20:16.339] Config(AGENT) KSPCommunityFixes/MMPatches/StockTweaks/ManufacturerFixes/Stratus Corporation
[LOG 18:20:16.340] Config(Localization) KSPCommunityFixes/MMPatches/StockTweaks/ManufacturerFixes/Localization
[LOG 18:20:16.340] Config(AGENT) Squad/Agencies/Agents/C7 Aerospace Division
[LOG 18:20:16.340] Config(AGENT) Squad/Agencies/Agents/Dinkelstein Kerman's Construction Emporium
[LOG 18:20:16.340] Config(AGENT) Squad/Agencies/Agents/Experimental Engineering Group
[LOG 18:20:16.340] Config(AGENT) Squad/Agencies/Agents/FLOOYD Dynamics Research Labs
[LOG 18:20:16.340] Config(AGENT) Squad/Agencies/Agents/Goliath National Products
[LOG 18:20:16.340] Config(AGENT) Squad/Agencies/Agents/Integrated Integrals
[LOG 18:20:16.340] Config(AGENT) Squad/Agencies/Agents/Ionic Symphonic Protonic Electronics
[LOG 18:20:16.340] Config(AGENT) Squad/Agencies/Agents/Jebediah Kerman's Junkyard and Spacecraft Parts Co
[LOG 18:20:16.340] Config(AGENT) Squad/Agencies/Agents/Kerbal Motion LLC
[LOG 18:20:16.340] Config(AGENT) Squad/Agencies/Agents/Kerbin World-Firsts Record-Keeping Society
[LOG 18:20:16.340] Config(AGENT) Squad/Agencies/Agents/Kerbodyne
[LOG 18:20:16.341] Config(AGENT) Squad/Agencies/Agents/Kerlington Model Rockets and Paper Products Inc
[LOG 18:20:16.341] Config(AGENT) Squad/Agencies/Agents/Maxo Construction Toys
[LOG 18:20:16.341] Config(AGENT) Squad/Agencies/Agents/Moving Parts Experts Group
[LOG 18:20:16.341] Config(AGENT) Squad/Agencies/Agents/O.M.B. Demolition Enterprises
[LOG 18:20:16.341] Config(AGENT) Squad/Agencies/Agents/Periapsis Rocket Supplies Co
[LOG 18:20:16.341] Config(AGENT) Squad/Agencies/Agents/Probodobodyne Inc
[LOG 18:20:16.341] Config(AGENT) Squad/Agencies/Agents/Research & Development Department
[LOG 18:20:16.341] Config(AGENT) Squad/Agencies/Agents/Reaction Systems Ltd
[LOG 18:20:16.341] Config(AGENT) Squad/Agencies/Agents/Rockomax Conglomerate
[LOG 18:20:16.341] Config(AGENT) Squad/Agencies/Agents/Rokea Inc
[LOG 18:20:16.341] Config(AGENT) Squad/Agencies/Agents/Sean's Cannery
[LOG 18:20:16.341] Config(AGENT) Squad/Agencies/Agents/STEADLER Engineering Corps
[LOG 18:20:16.341] Config(AGENT) Squad/Agencies/Agents/StrutCo
[LOG 18:20:16.341] Config(AGENT) Squad/Agencies/Agents/Vac-Co Advanced Suction Systems
[LOG 18:20:16.341] Config(AGENT) Squad/Agencies/Agents/WinterOwl Aircraft Emporium
[LOG 18:20:16.341] Config(AGENT) Squad/Agencies/Agents/Zaltonic Electronics
[LOG 18:20:16.341] Config(CONTRACT_CONSTRUCTION_PARTS) Squad/Contracts/constructionContractParts/CONTRACT_CONSTRUCTION_PARTS
[LOG 18:20:16.341] Config(Contracts) Squad/Contracts/Contracts/Contracts
[LOG 18:20:16.341] Config(CONTRACTCRAFT) Squad/Contracts/PrebuiltCraft/prebuiltData/CONTRACTCRAFT
[LOG 18:20:16.341] Config(CONTRACTCRAFT) Squad/Contracts/PrebuiltCraft/OrbitalConstructionContract/orbitalConstructionContractCraft/CONTRACTCRAFT
[LOG 18:20:16.341] Config(CONTRACTCRAFT) Squad/Contracts/PrebuiltCraft/RepairContract/repairContractCraft/CONTRACTCRAFT
[LOG 18:20:16.341] Config(CONTRACTCRAFT) Squad/Contracts/PrebuiltCraft/RoverContract/roverContractCraft/CONTRACTCRAFT
[LOG 18:20:16.341] Config(KEYBOARD_LAYOUT) Squad/Controls/Azerty/#autoLOC_6001233
[LOG 18:20:16.341] Config(PITCH_DOWN) Squad/Controls/Azerty/PITCH_DOWN
[LOG 18:20:16.341] Config(PITCH_UP) Squad/Controls/Azerty/PITCH_UP
[LOG 18:20:16.341] Config(YAW_LEFT) Squad/Controls/Azerty/YAW_LEFT
[LOG 18:20:16.341] Config(YAW_RIGHT) Squad/Controls/Azerty/YAW_RIGHT
[LOG 18:20:16.341] Config(ROLL_LEFT) Squad/Controls/Azerty/ROLL_LEFT
[LOG 18:20:16.342] Config(ROLL_RIGHT) Squad/Controls/Azerty/ROLL_RIGHT
[LOG 18:20:16.342] Config(THROTTLE_UP) Squad/Controls/Azerty/THROTTLE_UP
[LOG 18:20:16.342] Config(THROTTLE_DOWN) Squad/Controls/Azerty/THROTTLE_DOWN
[LOG 18:20:16.342] Config(SAS_HOLD) Squad/Controls/Azerty/SAS_HOLD
[LOG 18:20:16.342] Config(SAS_TOGGLE) Squad/Controls/Azerty/SAS_TOGGLE
[LOG 18:20:16.342] Config(LAUNCH_STAGES) Squad/Controls/Azerty/LAUNCH_STAGES
[LOG 18:20:16.342] Config(Docking_toggleRotLin) Squad/Controls/Azerty/Docking_toggleRotLin
[LOG 18:20:16.342] Config(CAMERA_MODE) Squad/Controls/Azerty/CAMERA_MODE
[LOG 18:20:16.342] Config(CAMERA_NEXT) Squad/Controls/Azerty/CAMERA_NEXT
[LOG 18:20:16.342] Config(PAUSE) Squad/Controls/Azerty/PAUSE
[LOG 18:20:16.342] Config(PRECISION_CTRL) Squad/Controls/Azerty/PRECISION_CTRL
[LOG 18:20:16.342] Config(ZOOM_IN) Squad/Controls/Azerty/ZOOM_IN
[LOG 18:20:16.342] Config(ZOOM_OUT) Squad/Controls/Azerty/ZOOM_OUT
[LOG 18:20:16.342] Config(SCROLL_VIEW_UP) Squad/Controls/Azerty/SCROLL_VIEW_UP
[LOG 18:20:16.342] Config(SCROLL_VIEW_DOWN) Squad/Controls/Azerty/SCROLL_VIEW_DOWN
[LOG 18:20:16.342] Config(SCROLL_ICONS_UP) Squad/Controls/Azerty/SCROLL_ICONS_UP
[LOG 18:20:16.342] Config(SCROLL_ICONS_DOWN) Squad/Controls/Azerty/SCROLL_ICONS_DOWN
[LOG 18:20:16.342] Config(CAMERA_ORBIT_UP) Squad/Controls/Azerty/CAMERA_ORBIT_UP
[LOG 18:20:16.342] Config(CAMERA_ORBIT_DOWN) Squad/Controls/Azerty/CAMERA_ORBIT_DOWN
[LOG 18:20:16.342] Config(CAMERA_ORBIT_LEFT) Squad/Controls/Azerty/CAMERA_ORBIT_LEFT
[LOG 18:20:16.342] Config(CAMERA_ORBIT_RIGHT) Squad/Controls/Azerty/CAMERA_ORBIT_RIGHT
[LOG 18:20:16.342] Config(CAMERA_RESET) Squad/Controls/Azerty/CAMERA_RESET
[LOG 18:20:16.342] Config(CAMERA_MOUSE_TOGGLE) Squad/Controls/Azerty/CAMERA_MOUSE_TOGGLE
[LOG 18:20:16.342] Config(TIME_WARP_INCREASE) Squad/Controls/Azerty/TIME_WARP_INCREASE
[LOG 18:20:16.342] Config(TIME_WARP_DECREASE) Squad/Controls/Azerty/TIME_WARP_DECREASE
[LOG 18:20:16.342] Config(TIME_WARP_STOP) Squad/Controls/Azerty/TIME_WARP_STOP
[LOG 18:20:16.342] Config(MAP_VIEW_TOGGLE) Squad/Controls/Azerty/MAP_VIEW_TOGGLE
[LOG 18:20:16.342] Config(NAVBALL_TOGGLE) Squad/Controls/Azerty/NAVBALL_TOGGLE
[LOG 18:20:16.342] Config(UIMODE_STAGING) Squad/Controls/Azerty/UIMODE_STAGING
[LOG 18:20:16.342] Config(UIMODE_DOCKING) Squad/Controls/Azerty/UIMODE_DOCKING
[LOG 18:20:16.342] Config(TRANSLATE_DOWN) Squad/Controls/Azerty/TRANSLATE_DOWN
[LOG 18:20:16.342] Config(TRANSLATE_UP) Squad/Controls/Azerty/TRANSLATE_UP
[LOG 18:20:16.343] Config(TRANSLATE_LEFT) Squad/Controls/Azerty/TRANSLATE_LEFT
[LOG 18:20:16.343] Config(TRANSLATE_RIGHT) Squad/Controls/Azerty/TRANSLATE_RIGHT
[LOG 18:20:16.343] Config(TRANSLATE_FWD) Squad/Controls/Azerty/TRANSLATE_FWD
[LOG 18:20:16.343] Config(TRANSLATE_BACK) Squad/Controls/Azerty/TRANSLATE_BACK
[LOG 18:20:16.343] Config(RCS_TOGGLE) Squad/Controls/Azerty/RCS_TOGGLE
[LOG 18:20:16.343] Config(FOCUS_NEXT_VESSEL) Squad/Controls/Azerty/FOCUS_NEXT_VESSEL
[LOG 18:20:16.343] Config(FOCUS_PREV_VESSEL) Squad/Controls/Azerty/FOCUS_PREV_VESSEL
[LOG 18:20:16.343] Config(TOGGLE_UI) Squad/Controls/Azerty/TOGGLE_UI
[LOG 18:20:16.343] Config(TOGGLE_STATUS_SCREEN) Squad/Controls/Azerty/TOGGLE_STATUS_SCREEN
[LOG 18:20:16.343] Config(TAKE_SCREENSHOT) Squad/Controls/Azerty/TAKE_SCREENSHOT
[LOG 18:20:16.343] Config(TOGGLE_LABELS) Squad/Controls/Azerty/TOGGLE_LABELS
[LOG 18:20:16.343] Config(TOGGLE_TEMP_GAUGES) Squad/Controls/Azerty/TOGGLE_TEMP_GAUGES
[LOG 18:20:16.343] Config(TOGGLE_TEMP_OVERLAY) Squad/Controls/Azerty/TOGGLE_TEMP_OVERLAY
[LOG 18:20:16.343] Config(TOGGLE_FLIGHT_FORCES) Squad/Controls/Azerty/TOGGLE_FLIGHT_FORCES
[LOG 18:20:16.343] Config(QUICKSAVE) Squad/Controls/Azerty/QUICKSAVE
[LOG 18:20:16.343] Config(QUICKLOAD) Squad/Controls/Azerty/QUICKLOAD
[LOG 18:20:16.343] Config(THROTTLE_CUTOFF) Squad/Controls/Azerty/THROTTLE_CUTOFF
[LOG 18:20:16.343] Config(THROTTLE_FULL) Squad/Controls/Azerty/THROTTLE_FULL
[LOG 18:20:16.343] Config(LANDING_GEAR) Squad/Controls/Azerty/LANDING_GEAR
[LOG 18:20:16.343] Config(HEADLIGHT_TOGGLE) Squad/Controls/Azerty/HEADLIGHT_TOGGLE
[LOG 18:20:16.343] Config(BRAKES) Squad/Controls/Azerty/BRAKES
[LOG 18:20:16.343] Config(TOGGLE_SPACENAV_FLIGHT_CONTROL) Squad/Controls/Azerty/TOGGLE_SPACENAV_FLIGHT_CONTROL
[LOG 18:20:16.343] Config(TOGGLE_SPACENAV_ROLL_LOCK) Squad/Controls/Azerty/TOGGLE_SPACENAV_ROLL_LOCK
[LOG 18:20:16.343] Config(WHEEL_STEER_LEFT) Squad/Controls/Azerty/WHEEL_STEER_LEFT
[LOG 18:20:16.343] Config(WHEEL_STEER_RIGHT) Squad/Controls/Azerty/WHEEL_STEER_RIGHT
[LOG 18:20:16.343] Config(WHEEL_THROTTLE_DOWN) Squad/Controls/Azerty/WHEEL_THROTTLE_DOWN
[LOG 18:20:16.343] Config(WHEEL_THROTTLE_UP) Squad/Controls/Azerty/WHEEL_THROTTLE_UP
[LOG 18:20:16.343] Config(EVA_forward) Squad/Controls/Azerty/EVA_forward
[LOG 18:20:16.343] Config(EVA_back) Squad/Controls/Azerty/EVA_back
[LOG 18:20:16.343] Config(EVA_left) Squad/Controls/Azerty/EVA_left
[LOG 18:20:16.343] Config(EVA_right) Squad/Controls/Azerty/EVA_right
[LOG 18:20:16.343] Config(EVA_yaw_left) Squad/Controls/Azerty/EVA_yaw_left
[LOG 18:20:16.344] Config(EVA_yaw_right) Squad/Controls/Azerty/EVA_yaw_right
[LOG 18:20:16.344] Config(EVA_Pack_forward) Squad/Controls/Azerty/EVA_Pack_forward
[LOG 18:20:16.344] Config(EVA_Pack_back) Squad/Controls/Azerty/EVA_Pack_back
[LOG 18:20:16.344] Config(EVA_Pack_left) Squad/Controls/Azerty/EVA_Pack_left
[LOG 18:20:16.344] Config(EVA_Pack_right) Squad/Controls/Azerty/EVA_Pack_right
[LOG 18:20:16.344] Config(EVA_Pack_up) Squad/Controls/Azerty/EVA_Pack_up
[LOG 18:20:16.344] Config(EVA_Pack_down) Squad/Controls/Azerty/EVA_Pack_down
[LOG 18:20:16.344] Config(EVA_Jump) Squad/Controls/Azerty/EVA_Jump
[LOG 18:20:16.344] Config(EVA_Run) Squad/Controls/Azerty/EVA_Run
[LOG 18:20:16.344] Config(EVA_ToggleMovementMode) Squad/Controls/Azerty/EVA_ToggleMovementMode
[LOG 18:20:16.344] Config(EVA_TogglePack) Squad/Controls/Azerty/EVA_TogglePack
[LOG 18:20:16.344] Config(EVA_Use) Squad/Controls/Azerty/EVA_Use
[LOG 18:20:16.344] Config(EVA_Board) Squad/Controls/Azerty/EVA_Board
[LOG 18:20:16.344] Config(EVA_Orient) Squad/Controls/Azerty/EVA_Orient
[LOG 18:20:16.344] Config(EVA_Lights) Squad/Controls/Azerty/EVA_Lights
[LOG 18:20:16.344] Config(EVA_ChuteDeploy) Squad/Controls/Azerty/EVA_ChuteDeploy
[LOG 18:20:16.344] Config(Editor_pitchUp) Squad/Controls/Azerty/Editor_pitchUp
[LOG 18:20:16.344] Config(Editor_pitchDown) Squad/Controls/Azerty/Editor_pitchDown
[LOG 18:20:16.344] Config(Editor_yawLeft) Squad/Controls/Azerty/Editor_yawLeft
[LOG 18:20:16.344] Config(Editor_yawRight) Squad/Controls/Azerty/Editor_yawRight
[LOG 18:20:16.344] Config(Editor_rollLeft) Squad/Controls/Azerty/Editor_rollLeft
[LOG 18:20:16.344] Config(Editor_rollRight) Squad/Controls/Azerty/Editor_rollRight
[LOG 18:20:16.344] Config(Editor_resetRotation) Squad/Controls/Azerty/Editor_resetRotation
[LOG 18:20:16.344] Config(Editor_modePlace) Squad/Controls/Azerty/Editor_modePlace
[LOG 18:20:16.344] Config(Editor_modeOffset) Squad/Controls/Azerty/Editor_modeOffset
[LOG 18:20:16.344] Config(Editor_modeRotate) Squad/Controls/Azerty/Editor_modeRotate
[LOG 18:20:16.344] Config(Editor_modeRoot) Squad/Controls/Azerty/Editor_modeRoot
[LOG 18:20:16.344] Config(Editor_coordSystem) Squad/Controls/Azerty/Editor_coordSystem
[LOG 18:20:16.344] Config(Editor_toggleSymMethod) Squad/Controls/Azerty/Editor_toggleSymMethod
[LOG 18:20:16.344] Config(Editor_toggleSymMode) Squad/Controls/Azerty/Editor_toggleSymMode
[LOG 18:20:16.344] Config(Editor_toggleAngleSnap) Squad/Controls/Azerty/Editor_toggleAngleSnap
[LOG 18:20:16.344] Config(Editor_fineTweak) Squad/Controls/Azerty/Editor_fineTweak
[LOG 18:20:16.345] Config(Editor_partSearch) Squad/Controls/Azerty/Editor_partSearch
[LOG 18:20:16.345] Config(Editor_zoomScrollModifier) Squad/Controls/Azerty/Editor_zoomScrollModifier
[LOG 18:20:16.345] Config(MODIFIER_KEY) Squad/Controls/Azerty/MODIFIER_KEY
[LOG 18:20:16.345] Config(AbortActionGroup) Squad/Controls/Azerty/AbortActionGroup
[LOG 18:20:16.345] Config(CustomActionGroup1) Squad/Controls/Azerty/CustomActionGroup1
[LOG 18:20:16.345] Config(CustomActionGroup2) Squad/Controls/Azerty/CustomActionGroup2
[LOG 18:20:16.345] Config(CustomActionGroup3) Squad/Controls/Azerty/CustomActionGroup3
[LOG 18:20:16.345] Config(CustomActionGroup4) Squad/Controls/Azerty/CustomActionGroup4
[LOG 18:20:16.345] Config(CustomActionGroup5) Squad/Controls/Azerty/CustomActionGroup5
[LOG 18:20:16.345] Config(CustomActionGroup6) Squad/Controls/Azerty/CustomActionGroup6
[LOG 18:20:16.345] Config(CustomActionGroup7) Squad/Controls/Azerty/CustomActionGroup7
[LOG 18:20:16.345] Config(CustomActionGroup8) Squad/Controls/Azerty/CustomActionGroup8
[LOG 18:20:16.345] Config(CustomActionGroup9) Squad/Controls/Azerty/CustomActionGroup9
[LOG 18:20:16.345] Config(CustomActionGroup10) Squad/Controls/Azerty/CustomActionGroup10
[LOG 18:20:16.345] Config(KEY_MAP) Squad/Controls/Azerty/KEY_MAP
[LOG 18:20:16.345] Config(KEYBOARD_LAYOUT) Squad/Controls/Dvorak/#autoLOC_6001234
[LOG 18:20:16.345] Config(PITCH_DOWN) Squad/Controls/Dvorak/PITCH_DOWN
[LOG 18:20:16.345] Config(PITCH_UP) Squad/Controls/Dvorak/PITCH_UP
[LOG 18:20:16.345] Config(YAW_LEFT) Squad/Controls/Dvorak/YAW_LEFT
[LOG 18:20:16.345] Config(YAW_RIGHT) Squad/Controls/Dvorak/YAW_RIGHT
[LOG 18:20:16.345] Config(ROLL_LEFT) Squad/Controls/Dvorak/ROLL_LEFT
[LOG 18:20:16.345] Config(ROLL_RIGHT) Squad/Controls/Dvorak/ROLL_RIGHT
[LOG 18:20:16.345] Config(THROTTLE_UP) Squad/Controls/Dvorak/THROTTLE_UP
[LOG 18:20:16.345] Config(THROTTLE_DOWN) Squad/Controls/Dvorak/THROTTLE_DOWN
[LOG 18:20:16.345] Config(SAS_HOLD) Squad/Controls/Dvorak/SAS_HOLD
[LOG 18:20:16.345] Config(SAS_TOGGLE) Squad/Controls/Dvorak/SAS_TOGGLE
[LOG 18:20:16.345] Config(LAUNCH_STAGES) Squad/Controls/Dvorak/LAUNCH_STAGES
[LOG 18:20:16.345] Config(Docking_toggleRotLin) Squad/Controls/Dvorak/Docking_toggleRotLin
[LOG 18:20:16.346] Config(CAMERA_MODE) Squad/Controls/Dvorak/CAMERA_MODE
[LOG 18:20:16.346] Config(CAMERA_NEXT) Squad/Controls/Dvorak/CAMERA_NEXT
[LOG 18:20:16.346] Config(PAUSE) Squad/Controls/Dvorak/PAUSE
[LOG 18:20:16.346] Config(PRECISION_CTRL) Squad/Controls/Dvorak/PRECISION_CTRL
[LOG 18:20:16.346] Config(ZOOM_IN) Squad/Controls/Dvorak/ZOOM_IN
[LOG 18:20:16.346] Config(ZOOM_OUT) Squad/Controls/Dvorak/ZOOM_OUT
[LOG 18:20:16.346] Config(SCROLL_VIEW_UP) Squad/Controls/Dvorak/SCROLL_VIEW_UP
[LOG 18:20:16.346] Config(SCROLL_VIEW_DOWN) Squad/Controls/Dvorak/SCROLL_VIEW_DOWN
[LOG 18:20:16.346] Config(SCROLL_ICONS_UP) Squad/Controls/Dvorak/SCROLL_ICONS_UP
[LOG 18:20:16.346] Config(SCROLL_ICONS_DOWN) Squad/Controls/Dvorak/SCROLL_ICONS_DOWN
[LOG 18:20:16.346] Config(CAMERA_ORBIT_UP) Squad/Controls/Dvorak/CAMERA_ORBIT_UP
[LOG 18:20:16.346] Config(CAMERA_ORBIT_DOWN) Squad/Controls/Dvorak/CAMERA_ORBIT_DOWN
[LOG 18:20:16.346] Config(CAMERA_ORBIT_LEFT) Squad/Controls/Dvorak/CAMERA_ORBIT_LEFT
[LOG 18:20:16.346] Config(CAMERA_ORBIT_RIGHT) Squad/Controls/Dvorak/CAMERA_ORBIT_RIGHT
[LOG 18:20:16.346] Config(CAMERA_RESET) Squad/Controls/Dvorak/CAMERA_RESET
[LOG 18:20:16.346] Config(CAMERA_MOUSE_TOGGLE) Squad/Controls/Dvorak/CAMERA_MOUSE_TOGGLE
[LOG 18:20:16.346] Config(TIME_WARP_INCREASE) Squad/Controls/Dvorak/TIME_WARP_INCREASE
[LOG 18:20:16.346] Config(TIME_WARP_DECREASE) Squad/Controls/Dvorak/TIME_WARP_DECREASE
[LOG 18:20:16.346] Config(TIME_WARP_STOP) Squad/Controls/Dvorak/TIME_WARP_STOP
[LOG 18:20:16.346] Config(MAP_VIEW_TOGGLE) Squad/Controls/Dvorak/MAP_VIEW_TOGGLE
[LOG 18:20:16.346] Config(NAVBALL_TOGGLE) Squad/Controls/Dvorak/NAVBALL_TOGGLE
[LOG 18:20:16.346] Config(UIMODE_STAGING) Squad/Controls/Dvorak/UIMODE_STAGING
[LOG 18:20:16.346] Config(UIMODE_DOCKING) Squad/Controls/Dvorak/UIMODE_DOCKING
[LOG 18:20:16.346] Config(TRANSLATE_DOWN) Squad/Controls/Dvorak/TRANSLATE_DOWN
[LOG 18:20:16.346] Config(TRANSLATE_UP) Squad/Controls/Dvorak/TRANSLATE_UP
[LOG 18:20:16.346] Config(TRANSLATE_LEFT) Squad/Controls/Dvorak/TRANSLATE_LEFT
[LOG 18:20:16.346] Config(TRANSLATE_RIGHT) Squad/Controls/Dvorak/TRANSLATE_RIGHT
[LOG 18:20:16.346] Config(TRANSLATE_FWD) Squad/Controls/Dvorak/TRANSLATE_FWD
[LOG 18:20:16.346] Config(TRANSLATE_BACK) Squad/Controls/Dvorak/TRANSLATE_BACK
[LOG 18:20:16.347] Config(RCS_TOGGLE) Squad/Controls/Dvorak/RCS_TOGGLE
[LOG 18:20:16.347] Config(FOCUS_NEXT_VESSEL) Squad/Controls/Dvorak/FOCUS_NEXT_VESSEL
[LOG 18:20:16.347] Config(FOCUS_PREV_VESSEL) Squad/Controls/Dvorak/FOCUS_PREV_VESSEL
[LOG 18:20:16.347] Config(TOGGLE_UI) Squad/Controls/Dvorak/TOGGLE_UI
[LOG 18:20:16.347] Config(TOGGLE_STATUS_SCREEN) Squad/Controls/Dvorak/TOGGLE_STATUS_SCREEN
[LOG 18:20:16.347] Config(TAKE_SCREENSHOT) Squad/Controls/Dvorak/TAKE_SCREENSHOT
[LOG 18:20:16.347] Config(TOGGLE_LABELS) Squad/Controls/Dvorak/TOGGLE_LABELS
[LOG 18:20:16.347] Config(TOGGLE_TEMP_GAUGES) Squad/Controls/Dvorak/TOGGLE_TEMP_GAUGES
[LOG 18:20:16.347] Config(TOGGLE_TEMP_OVERLAY) Squad/Controls/Dvorak/TOGGLE_TEMP_OVERLAY
[LOG 18:20:16.347] Config(TOGGLE_FLIGHT_FORCES) Squad/Controls/Dvorak/TOGGLE_FLIGHT_FORCES
[LOG 18:20:16.347] Config(QUICKSAVE) Squad/Controls/Dvorak/QUICKSAVE
[LOG 18:20:16.347] Config(QUICKLOAD) Squad/Controls/Dvorak/QUICKLOAD
[LOG 18:20:16.347] Config(THROTTLE_CUTOFF) Squad/Controls/Dvorak/THROTTLE_CUTOFF
[LOG 18:20:16.347] Config(THROTTLE_FULL) Squad/Controls/Dvorak/THROTTLE_FULL
[LOG 18:20:16.347] Config(LANDING_GEAR) Squad/Controls/Dvorak/LANDING_GEAR
[LOG 18:20:16.347] Config(HEADLIGHT_TOGGLE) Squad/Controls/Dvorak/HEADLIGHT_TOGGLE
[LOG 18:20:16.347] Config(BRAKES) Squad/Controls/Dvorak/BRAKES
[LOG 18:20:16.347] Config(TOGGLE_SPACENAV_FLIGHT_CONTROL) Squad/Controls/Dvorak/TOGGLE_SPACENAV_FLIGHT_CONTROL
[LOG 18:20:16.347] Config(TOGGLE_SPACENAV_ROLL_LOCK) Squad/Controls/Dvorak/TOGGLE_SPACENAV_ROLL_LOCK
[LOG 18:20:16.347] Config(WHEEL_STEER_LEFT) Squad/Controls/Dvorak/WHEEL_STEER_LEFT
[LOG 18:20:16.347] Config(WHEEL_STEER_RIGHT) Squad/Controls/Dvorak/WHEEL_STEER_RIGHT
[LOG 18:20:16.347] Config(WHEEL_THROTTLE_DOWN) Squad/Controls/Dvorak/WHEEL_THROTTLE_DOWN
[LOG 18:20:16.347] Config(WHEEL_THROTTLE_UP) Squad/Controls/Dvorak/WHEEL_THROTTLE_UP
[LOG 18:20:16.347] Config(EVA_forward) Squad/Controls/Dvorak/EVA_forward
[LOG 18:20:16.347] Config(EVA_back) Squad/Controls/Dvorak/EVA_back
[LOG 18:20:16.347] Config(EVA_left) Squad/Controls/Dvorak/EVA_left
[LOG 18:20:16.347] Config(EVA_right) Squad/Controls/Dvorak/EVA_right
[LOG 18:20:16.347] Config(EVA_yaw_left) Squad/Controls/Dvorak/EVA_yaw_left
[LOG 18:20:16.347] Config(EVA_yaw_right) Squad/Controls/Dvorak/EVA_yaw_right
[LOG 18:20:16.347] Config(EVA_Pack_forward) Squad/Controls/Dvorak/EVA_Pack_forward
[LOG 18:20:16.347] Config(EVA_Pack_back) Squad/Controls/Dvorak/EVA_Pack_back
[LOG 18:20:16.347] Config(EVA_Pack_left) Squad/Controls/Dvorak/EVA_Pack_left
[LOG 18:20:16.347] Config(EVA_Pack_right) Squad/Controls/Dvorak/EVA_Pack_right
[LOG 18:20:16.347] Config(EVA_Pack_up) Squad/Controls/Dvorak/EVA_Pack_up
[LOG 18:20:16.347] Config(EVA_Pack_down) Squad/Controls/Dvorak/EVA_Pack_down
[LOG 18:20:16.347] Config(EVA_Jump) Squad/Controls/Dvorak/EVA_Jump
[LOG 18:20:16.347] Config(EVA_Run) Squad/Controls/Dvorak/EVA_Run
[LOG 18:20:16.347] Config(EVA_ToggleMovementMode) Squad/Controls/Dvorak/EVA_ToggleMovementMode
[LOG 18:20:16.347] Config(EVA_TogglePack) Squad/Controls/Dvorak/EVA_TogglePack
[LOG 18:20:16.347] Config(EVA_Use) Squad/Controls/Dvorak/EVA_Use
[LOG 18:20:16.347] Config(EVA_Board) Squad/Controls/Dvorak/EVA_Board
[LOG 18:20:16.347] Config(EVA_Orient) Squad/Controls/Dvorak/EVA_Orient
[LOG 18:20:16.348] Config(EVA_Lights) Squad/Controls/Dvorak/EVA_Lights
[LOG 18:20:16.348] Config(EVA_ChuteDeploy) Squad/Controls/Dvorak/EVA_ChuteDeploy
[LOG 18:20:16.348] Config(Editor_pitchUp) Squad/Controls/Dvorak/Editor_pitchUp
[LOG 18:20:16.348] Config(Editor_pitchDown) Squad/Controls/Dvorak/Editor_pitchDown
[LOG 18:20:16.348] Config(Editor_yawLeft) Squad/Controls/Dvorak/Editor_yawLeft
[LOG 18:20:16.348] Config(Editor_yawRight) Squad/Controls/Dvorak/Editor_yawRight
[LOG 18:20:16.348] Config(Editor_rollLeft) Squad/Controls/Dvorak/Editor_rollLeft
[LOG 18:20:16.348] Config(Editor_rollRight) Squad/Controls/Dvorak/Editor_rollRight
[LOG 18:20:16.348] Config(Editor_resetRotation) Squad/Controls/Dvorak/Editor_resetRotation
[LOG 18:20:16.348] Config(Editor_modePlace) Squad/Controls/Dvorak/Editor_modePlace
[LOG 18:20:16.348] Config(Editor_modeOffset) Squad/Controls/Dvorak/Editor_modeOffset
[LOG 18:20:16.348] Config(Editor_modeRotate) Squad/Controls/Dvorak/Editor_modeRotate
[LOG 18:20:16.348] Config(Editor_modeRoot) Squad/Controls/Dvorak/Editor_modeRoot
[LOG 18:20:16.348] Config(Editor_coordSystem) Squad/Controls/Dvorak/Editor_coordSystem
[LOG 18:20:16.348] Config(Editor_toggleSymMethod) Squad/Controls/Dvorak/Editor_toggleSymMethod
[LOG 18:20:16.348] Config(Editor_toggleSymMode) Squad/Controls/Dvorak/Editor_toggleSymMode
[LOG 18:20:16.348] Config(Editor_toggleAngleSnap) Squad/Controls/Dvorak/Editor_toggleAngleSnap
[LOG 18:20:16.348] Config(Editor_fineTweak) Squad/Controls/Dvorak/Editor_fineTweak
[LOG 18:20:16.348] Config(Editor_partSearch) Squad/Controls/Dvorak/Editor_partSearch
[LOG 18:20:16.348] Config(Editor_zoomScrollModifier) Squad/Controls/Dvorak/Editor_zoomScrollModifier
[LOG 18:20:16.348] Config(MODIFIER_KEY) Squad/Controls/Dvorak/MODIFIER_KEY
[LOG 18:20:16.348] Config(AbortActionGroup) Squad/Controls/Dvorak/AbortActionGroup
[LOG 18:20:16.348] Config(CustomActionGroup1) Squad/Controls/Dvorak/CustomActionGroup1
[LOG 18:20:16.348] Config(CustomActionGroup2) Squad/Controls/Dvorak/CustomActionGroup2
[LOG 18:20:16.348] Config(CustomActionGroup3) Squad/Controls/Dvorak/CustomActionGroup3
[LOG 18:20:16.348] Config(CustomActionGroup4) Squad/Controls/Dvorak/CustomActionGroup4
[LOG 18:20:16.348] Config(CustomActionGroup5) Squad/Controls/Dvorak/CustomActionGroup5
[LOG 18:20:16.349] Config(CustomActionGroup6) Squad/Controls/Dvorak/CustomActionGroup6
[LOG 18:20:16.349] Config(CustomActionGroup7) Squad/Controls/Dvorak/CustomActionGroup7
[LOG 18:20:16.349] Config(CustomActionGroup8) Squad/Controls/Dvorak/CustomActionGroup8
[LOG 18:20:16.349] Config(CustomActionGroup9) Squad/Controls/Dvorak/CustomActionGroup9
[LOG 18:20:16.349] Config(CustomActionGroup10) Squad/Controls/Dvorak/CustomActionGroup10
[LOG 18:20:16.349] Config(KEY_MAP) Squad/Controls/Dvorak/KEY_MAP
[LOG 18:20:16.349] Config(KEYBOARD_LAYOUT) Squad/Controls/Qwerty/#autoLOC_6001227
[LOG 18:20:16.349] Config(PITCH_DOWN) Squad/Controls/Qwerty/PITCH_DOWN
[LOG 18:20:16.349] Config(PITCH_UP) Squad/Controls/Qwerty/PITCH_UP
[LOG 18:20:16.349] Config(YAW_LEFT) Squad/Controls/Qwerty/YAW_LEFT
[LOG 18:20:16.349] Config(YAW_RIGHT) Squad/Controls/Qwerty/YAW_RIGHT
[LOG 18:20:16.349] Config(ROLL_LEFT) Squad/Controls/Qwerty/ROLL_LEFT
[LOG 18:20:16.349] Config(ROLL_RIGHT) Squad/Controls/Qwerty/ROLL_RIGHT
[LOG 18:20:16.349] Config(THROTTLE_UP) Squad/Controls/Qwerty/THROTTLE_UP
[LOG 18:20:16.349] Config(THROTTLE_DOWN) Squad/Controls/Qwerty/THROTTLE_DOWN
[LOG 18:20:16.349] Config(SAS_HOLD) Squad/Controls/Qwerty/SAS_HOLD
[LOG 18:20:16.349] Config(SAS_TOGGLE) Squad/Controls/Qwerty/SAS_TOGGLE
[LOG 18:20:16.349] Config(LAUNCH_STAGES) Squad/Controls/Qwerty/LAUNCH_STAGES
[LOG 18:20:16.349] Config(Docking_toggleRotLin) Squad/Controls/Qwerty/Docking_toggleRotLin
[LOG 18:20:16.349] Config(CAMERA_MODE) Squad/Controls/Qwerty/CAMERA_MODE
[LOG 18:20:16.349] Config(CAMERA_NEXT) Squad/Controls/Qwerty/CAMERA_NEXT
[LOG 18:20:16.349] Config(PAUSE) Squad/Controls/Qwerty/PAUSE
[LOG 18:20:16.349] Config(PRECISION_CTRL) Squad/Controls/Qwerty/PRECISION_CTRL
[LOG 18:20:16.349] Config(ZOOM_IN) Squad/Controls/Qwerty/ZOOM_IN
[LOG 18:20:16.349] Config(ZOOM_OUT) Squad/Controls/Qwerty/ZOOM_OUT
[LOG 18:20:16.349] Config(SCROLL_VIEW_UP) Squad/Controls/Qwerty/SCROLL_VIEW_UP
[LOG 18:20:16.349] Config(SCROLL_VIEW_DOWN) Squad/Controls/Qwerty/SCROLL_VIEW_DOWN
[LOG 18:20:16.349] Config(SCROLL_ICONS_UP) Squad/Controls/Qwerty/SCROLL_ICONS_UP
[LOG 18:20:16.349] Config(SCROLL_ICONS_DOWN) Squad/Controls/Qwerty/SCROLL_ICONS_DOWN
[LOG 18:20:16.349] Config(CAMERA_ORBIT_UP) Squad/Controls/Qwerty/CAMERA_ORBIT_UP
[LOG 18:20:16.350] Config(CAMERA_ORBIT_DOWN) Squad/Controls/Qwerty/CAMERA_ORBIT_DOWN
[LOG 18:20:16.350] Config(CAMERA_ORBIT_LEFT) Squad/Controls/Qwerty/CAMERA_ORBIT_LEFT
[LOG 18:20:16.350] Config(CAMERA_ORBIT_RIGHT) Squad/Controls/Qwerty/CAMERA_ORBIT_RIGHT
[LOG 18:20:16.350] Config(CAMERA_RESET) Squad/Controls/Qwerty/CAMERA_RESET
[LOG 18:20:16.350] Config(CAMERA_MOUSE_TOGGLE) Squad/Controls/Qwerty/CAMERA_MOUSE_TOGGLE
[LOG 18:20:16.350] Config(TIME_WARP_INCREASE) Squad/Controls/Qwerty/TIME_WARP_INCREASE
[LOG 18:20:16.350] Config(TIME_WARP_DECREASE) Squad/Controls/Qwerty/TIME_WARP_DECREASE
[LOG 18:20:16.350] Config(TIME_WARP_STOP) Squad/Controls/Qwerty/TIME_WARP_STOP
[LOG 18:20:16.350] Config(MAP_VIEW_TOGGLE) Squad/Controls/Qwerty/MAP_VIEW_TOGGLE
[LOG 18:20:16.350] Config(NAVBALL_TOGGLE) Squad/Controls/Qwerty/NAVBALL_TOGGLE
[LOG 18:20:16.350] Config(UIMODE_STAGING) Squad/Controls/Qwerty/UIMODE_STAGING
[LOG 18:20:16.350] Config(UIMODE_DOCKING) Squad/Controls/Qwerty/UIMODE_DOCKING
[LOG 18:20:16.350] Config(TRANSLATE_DOWN) Squad/Controls/Qwerty/TRANSLATE_DOWN
[LOG 18:20:16.350] Config(TRANSLATE_UP) Squad/Controls/Qwerty/TRANSLATE_UP
[LOG 18:20:16.350] Config(TRANSLATE_LEFT) Squad/Controls/Qwerty/TRANSLATE_LEFT
[LOG 18:20:16.350] Config(TRANSLATE_RIGHT) Squad/Controls/Qwerty/TRANSLATE_RIGHT
[LOG 18:20:16.350] Config(TRANSLATE_FWD) Squad/Controls/Qwerty/TRANSLATE_FWD
[LOG 18:20:16.350] Config(TRANSLATE_BACK) Squad/Controls/Qwerty/TRANSLATE_BACK
[LOG 18:20:16.350] Config(RCS_TOGGLE) Squad/Controls/Qwerty/RCS_TOGGLE
[LOG 18:20:16.350] Config(FOCUS_NEXT_VESSEL) Squad/Controls/Qwerty/FOCUS_NEXT_VESSEL
[LOG 18:20:16.350] Config(FOCUS_PREV_VESSEL) Squad/Controls/Qwerty/FOCUS_PREV_VESSEL
[LOG 18:20:16.350] Config(TOGGLE_UI) Squad/Controls/Qwerty/TOGGLE_UI
[LOG 18:20:16.350] Config(TOGGLE_STATUS_SCREEN) Squad/Controls/Qwerty/TOGGLE_STATUS_SCREEN
[LOG 18:20:16.350] Config(TAKE_SCREENSHOT) Squad/Controls/Qwerty/TAKE_SCREENSHOT
[LOG 18:20:16.350] Config(TOGGLE_LABELS) Squad/Controls/Qwerty/TOGGLE_LABELS
[LOG 18:20:16.350] Config(TOGGLE_TEMP_GAUGES) Squad/Controls/Qwerty/TOGGLE_TEMP_GAUGES
[LOG 18:20:16.350] Config(TOGGLE_TEMP_OVERLAY) Squad/Controls/Qwerty/TOGGLE_TEMP_OVERLAY
[LOG 18:20:16.350] Config(TOGGLE_FLIGHT_FORCES) Squad/Controls/Qwerty/TOGGLE_FLIGHT_FORCES
[LOG 18:20:16.350] Config(QUICKSAVE) Squad/Controls/Qwerty/QUICKSAVE
[LOG 18:20:16.351] Config(QUICKLOAD) Squad/Controls/Qwerty/QUICKLOAD
[LOG 18:20:16.351] Config(THROTTLE_CUTOFF) Squad/Controls/Qwerty/THROTTLE_CUTOFF
[LOG 18:20:16.351] Config(THROTTLE_FULL) Squad/Controls/Qwerty/THROTTLE_FULL
[LOG 18:20:16.351] Config(LANDING_GEAR) Squad/Controls/Qwerty/LANDING_GEAR
[LOG 18:20:16.351] Config(HEADLIGHT_TOGGLE) Squad/Controls/Qwerty/HEADLIGHT_TOGGLE
[LOG 18:20:16.351] Config(BRAKES) Squad/Controls/Qwerty/BRAKES
[LOG 18:20:16.351] Config(TOGGLE_SPACENAV_FLIGHT_CONTROL) Squad/Controls/Qwerty/TOGGLE_SPACENAV_FLIGHT_CONTROL
[LOG 18:20:16.351] Config(TOGGLE_SPACENAV_ROLL_LOCK) Squad/Controls/Qwerty/TOGGLE_SPACENAV_ROLL_LOCK
[LOG 18:20:16.351] Config(WHEEL_STEER_LEFT) Squad/Controls/Qwerty/WHEEL_STEER_LEFT
[LOG 18:20:16.351] Config(WHEEL_STEER_RIGHT) Squad/Controls/Qwerty/WHEEL_STEER_RIGHT
[LOG 18:20:16.351] Config(WHEEL_THROTTLE_DOWN) Squad/Controls/Qwerty/WHEEL_THROTTLE_DOWN
[LOG 18:20:16.351] Config(WHEEL_THROTTLE_UP) Squad/Controls/Qwerty/WHEEL_THROTTLE_UP
[LOG 18:20:16.351] Config(EVA_forward) Squad/Controls/Qwerty/EVA_forward
[LOG 18:20:16.351] Config(EVA_back) Squad/Controls/Qwerty/EVA_back
[LOG 18:20:16.351] Config(EVA_left) Squad/Controls/Qwerty/EVA_left
[LOG 18:20:16.351] Config(EVA_right) Squad/Controls/Qwerty/EVA_right
[LOG 18:20:16.351] Config(EVA_yaw_left) Squad/Controls/Qwerty/EVA_yaw_left
[LOG 18:20:16.351] Config(EVA_yaw_right) Squad/Controls/Qwerty/EVA_yaw_right
[LOG 18:20:16.351] Config(EVA_Pack_forward) Squad/Controls/Qwerty/EVA_Pack_forward
[LOG 18:20:16.351] Config(EVA_Pack_back) Squad/Controls/Qwerty/EVA_Pack_back
[LOG 18:20:16.351] Config(EVA_Pack_left) Squad/Controls/Qwerty/EVA_Pack_left
[LOG 18:20:16.351] Config(EVA_Pack_right) Squad/Controls/Qwerty/EVA_Pack_right
[LOG 18:20:16.351] Config(EVA_Pack_up) Squad/Controls/Qwerty/EVA_Pack_up
[LOG 18:20:16.351] Config(EVA_Pack_down) Squad/Controls/Qwerty/EVA_Pack_down
[LOG 18:20:16.351] Config(EVA_Jump) Squad/Controls/Qwerty/EVA_Jump
[LOG 18:20:16.351] Config(EVA_Run) Squad/Controls/Qwerty/EVA_Run
[LOG 18:20:16.351] Config(EVA_ToggleMovementMode) Squad/Controls/Qwerty/EVA_ToggleMovementMode
[LOG 18:20:16.351] Config(EVA_TogglePack) Squad/Controls/Qwerty/EVA_TogglePack
[LOG 18:20:16.352] Config(EVA_Use) Squad/Controls/Qwerty/EVA_Use
[LOG 18:20:16.352] Config(EVA_Board) Squad/Controls/Qwerty/EVA_Board
[LOG 18:20:16.352] Config(EVA_Orient) Squad/Controls/Qwerty/EVA_Orient
[LOG 18:20:16.352] Config(EVA_Lights) Squad/Controls/Qwerty/EVA_Lights
[LOG 18:20:16.352] Config(EVA_ChuteDeploy) Squad/Controls/Qwerty/EVA_ChuteDeploy
[LOG 18:20:16.352] Config(Editor_pitchUp) Squad/Controls/Qwerty/Editor_pitchUp
[LOG 18:20:16.352] Config(Editor_pitchDown) Squad/Controls/Qwerty/Editor_pitchDown
[LOG 18:20:16.352] Config(Editor_yawLeft) Squad/Controls/Qwerty/Editor_yawLeft
[LOG 18:20:16.352] Config(Editor_yawRight) Squad/Controls/Qwerty/Editor_yawRight
[LOG 18:20:16.352] Config(Editor_rollLeft) Squad/Controls/Qwerty/Editor_rollLeft
[LOG 18:20:16.352] Config(Editor_rollRight) Squad/Controls/Qwerty/Editor_rollRight
[LOG 18:20:16.352] Config(Editor_resetRotation) Squad/Controls/Qwerty/Editor_resetRotation
[LOG 18:20:16.352] Config(Editor_modePlace) Squad/Controls/Qwerty/Editor_modePlace
[LOG 18:20:16.352] Config(Editor_modeOffset) Squad/Controls/Qwerty/Editor_modeOffset
[LOG 18:20:16.352] Config(Editor_modeRotate) Squad/Controls/Qwerty/Editor_modeRotate
[LOG 18:20:16.352] Config(Editor_modeRoot) Squad/Controls/Qwerty/Editor_modeRoot
[LOG 18:20:16.352] Config(Editor_coordSystem) Squad/Controls/Qwerty/Editor_coordSystem
[LOG 18:20:16.352] Config(Editor_toggleSymMethod) Squad/Controls/Qwerty/Editor_toggleSymMethod
[LOG 18:20:16.352] Config(Editor_toggleSymMode) Squad/Controls/Qwerty/Editor_toggleSymMode
[LOG 18:20:16.352] Config(Editor_toggleAngleSnap) Squad/Controls/Qwerty/Editor_toggleAngleSnap
[LOG 18:20:16.352] Config(Editor_fineTweak) Squad/Controls/Qwerty/Editor_fineTweak
[LOG 18:20:16.352] Config(Editor_partSearch) Squad/Controls/Qwerty/Editor_partSearch
[LOG 18:20:16.352] Config(Editor_zoomScrollModifier) Squad/Controls/Qwerty/Editor_zoomScrollModifier
[LOG 18:20:16.352] Config(MODIFIER_KEY) Squad/Controls/Qwerty/MODIFIER_KEY
[LOG 18:20:16.352] Config(AbortActionGroup) Squad/Controls/Qwerty/AbortActionGroup
[LOG 18:20:16.352] Config(CustomActionGroup1) Squad/Controls/Qwerty/CustomActionGroup1
[LOG 18:20:16.352] Config(CustomActionGroup2) Squad/Controls/Qwerty/CustomActionGroup2
[LOG 18:20:16.352] Config(CustomActionGroup3) Squad/Controls/Qwerty/CustomActionGroup3
[LOG 18:20:16.352] Config(CustomActionGroup4) Squad/Controls/Qwerty/CustomActionGroup4
[LOG 18:20:16.352] Config(CustomActionGroup5) Squad/Controls/Qwerty/CustomActionGroup5
[LOG 18:20:16.352] Config(CustomActionGroup6) Squad/Controls/Qwerty/CustomActionGroup6
[LOG 18:20:16.353] Config(CustomActionGroup7) Squad/Controls/Qwerty/CustomActionGroup7
[LOG 18:20:16.353] Config(CustomActionGroup8) Squad/Controls/Qwerty/CustomActionGroup8
[LOG 18:20:16.353] Config(CustomActionGroup9) Squad/Controls/Qwerty/CustomActionGroup9
[LOG 18:20:16.353] Config(CustomActionGroup10) Squad/Controls/Qwerty/CustomActionGroup10
[LOG 18:20:16.353] Config(KEY_MAP) Squad/Controls/Qwerty/KEY_MAP
[LOG 18:20:16.353] Config(KEYBOARD_LAYOUT) Squad/Controls/Qwerty_en-GB/#autoLOC_6001228
[LOG 18:20:16.353] Config(KEY_MAP) Squad/Controls/Qwerty_en-GB/KEY_MAP
[LOG 18:20:16.353] Config(KEYBOARD_LAYOUT) Squad/Controls/Qwerty_es-LA/#autoLOC_6001229
[LOG 18:20:16.353] Config(CAMERA_MOUSE_TOGGLE) Squad/Controls/Qwerty_es-LA/CAMERA_MOUSE_TOGGLE
[LOG 18:20:16.353] Config(TIME_WARP_STOP) Squad/Controls/Qwerty_es-LA/TIME_WARP_STOP
[LOG 18:20:16.353] Config(FOCUS_NEXT_VESSEL) Squad/Controls/Qwerty_es-LA/FOCUS_NEXT_VESSEL
[LOG 18:20:16.353] Config(FOCUS_PREV_VESSEL) Squad/Controls/Qwerty_es-LA/FOCUS_PREV_VESSEL
[LOG 18:20:16.353] Config(CAMERA_RESET) Squad/Controls/Qwerty_es-LA/CAMERA_RESET
[LOG 18:20:16.353] Config(Editor_partSearch) Squad/Controls/Qwerty_es-LA/Editor_partSearch
[LOG 18:20:16.353] Config(KEY_MAP) Squad/Controls/Qwerty_es-LA/KEY_MAP
[LOG 18:20:16.353] Config(KEYBOARD_LAYOUT) Squad/Controls/Qwerty_it-IT/#autoLOC_6001230
[LOG 18:20:16.353] Config(FOCUS_NEXT_VESSEL) Squad/Controls/Qwerty_it-IT/FOCUS_NEXT_VESSEL
[LOG 18:20:16.353] Config(FOCUS_PREV_VESSEL) Squad/Controls/Qwerty_it-IT/FOCUS_PREV_VESSEL
[LOG 18:20:16.353] Config(CAMERA_MOUSE_TOGGLE) Squad/Controls/Qwerty_it-IT/CAMERA_MOUSE_TOGGLE
[LOG 18:20:16.353] Config(TIME_WARP_STOP) Squad/Controls/Qwerty_it-IT/TIME_WARP_STOP
[LOG 18:20:16.353] Config(CAMERA_RESET) Squad/Controls/Qwerty_it-IT/CAMERA_RESET
[LOG 18:20:16.353] Config(Editor_partSearch) Squad/Controls/Qwerty_it-IT/Editor_partSearch
[LOG 18:20:16.353] Config(KEY_MAP) Squad/Controls/Qwerty_it-IT/KEY_MAP
[LOG 18:20:16.353] Config(KEYBOARD_LAYOUT) Squad/Controls/Qwerty_ja-JP/#autoLOC_6001231
[LOG 18:20:16.353] Config(FOCUS_NEXT_VESSEL) Squad/Controls/Qwerty_ja-JP/FOCUS_NEXT_VESSEL
[LOG 18:20:16.353] Config(FOCUS_PREV_VESSEL) Squad/Controls/Qwerty_ja-JP/FOCUS_PREV_VESSEL
[LOG 18:20:16.353] Config(PRECISION_CTRL) Squad/Controls/Qwerty_ja-JP/PRECISION_CTRL
[LOG 18:20:16.353] Config(CAMERA_MOUSE_TOGGLE) Squad/Controls/Qwerty_ja-JP/CAMERA_MOUSE_TOGGLE
[LOG 18:20:16.353] Config(Editor_partSearch) Squad/Controls/Qwerty_ja-JP/Editor_partSearch
[LOG 18:20:16.353] Config(CAMERA_RESET) Squad/Controls/Qwerty_ja-JP/CAMERA_RESET
[LOG 18:20:16.353] Config(KEY_MAP) Squad/Controls/Qwerty_ja-JP/KEY_MAP
[LOG 18:20:16.354] Config(KEYBOARD_LAYOUT) Squad/Controls/Qwerty_pt-PT/#autoLOC_6001230
[LOG 18:20:16.354] Config(FOCUS_NEXT_VESSEL) Squad/Controls/Qwerty_pt-PT/FOCUS_NEXT_VESSEL
[LOG 18:20:16.354] Config(FOCUS_PREV_VESSEL) Squad/Controls/Qwerty_pt-PT/FOCUS_PREV_VESSEL
[LOG 18:20:16.354] Config(CAMERA_MOUSE_TOGGLE) Squad/Controls/Qwerty_pt-PT/CAMERA_MOUSE_TOGGLE
[LOG 18:20:16.354] Config(TIME_WARP_STOP) Squad/Controls/Qwerty_pt-PT/TIME_WARP_STOP
[LOG 18:20:16.354] Config(CAMERA_RESET) Squad/Controls/Qwerty_pt-PT/CAMERA_RESET
[LOG 18:20:16.354] Config(Editor_partSearch) Squad/Controls/Qwerty_pt-PT/Editor_partSearch
[LOG 18:20:16.354] Config(KEY_MAP) Squad/Controls/Qwerty_pt-PT/KEY_MAP
[LOG 18:20:16.354] Config(KEYBOARD_LAYOUT) Squad/Controls/Qwertz/#autoLOC_6001232
[LOG 18:20:16.354] Config(PITCH_DOWN) Squad/Controls/Qwertz/PITCH_DOWN
[LOG 18:20:16.354] Config(PITCH_UP) Squad/Controls/Qwertz/PITCH_UP
[LOG 18:20:16.354] Config(YAW_LEFT) Squad/Controls/Qwertz/YAW_LEFT
[LOG 18:20:16.354] Config(YAW_RIGHT) Squad/Controls/Qwertz/YAW_RIGHT
[LOG 18:20:16.354] Config(ROLL_LEFT) Squad/Controls/Qwertz/ROLL_LEFT
[LOG 18:20:16.354] Config(ROLL_RIGHT) Squad/Controls/Qwertz/ROLL_RIGHT
[LOG 18:20:16.354] Config(THROTTLE_UP) Squad/Controls/Qwertz/THROTTLE_UP
[LOG 18:20:16.354] Config(THROTTLE_DOWN) Squad/Controls/Qwertz/THROTTLE_DOWN
[LOG 18:20:16.354] Config(SAS_HOLD) Squad/Controls/Qwertz/SAS_HOLD
[LOG 18:20:16.354] Config(SAS_TOGGLE) Squad/Controls/Qwertz/SAS_TOGGLE
[LOG 18:20:16.354] Config(LAUNCH_STAGES) Squad/Controls/Qwertz/LAUNCH_STAGES
[LOG 18:20:16.354] Config(Docking_toggleRotLin) Squad/Controls/Qwertz/Docking_toggleRotLin
[LOG 18:20:16.354] Config(CAMERA_MODE) Squad/Controls/Qwertz/CAMERA_MODE
[LOG 18:20:16.354] Config(CAMERA_NEXT) Squad/Controls/Qwertz/CAMERA_NEXT
[LOG 18:20:16.354] Config(PAUSE) Squad/Controls/Qwertz/PAUSE
[LOG 18:20:16.354] Config(PRECISION_CTRL) Squad/Controls/Qwertz/PRECISION_CTRL
[LOG 18:20:16.354] Config(ZOOM_IN) Squad/Controls/Qwertz/ZOOM_IN
[LOG 18:20:16.354] Config(ZOOM_OUT) Squad/Controls/Qwertz/ZOOM_OUT
[LOG 18:20:16.354] Config(SCROLL_VIEW_UP) Squad/Controls/Qwertz/SCROLL_VIEW_UP
[LOG 18:20:16.354] Config(SCROLL_VIEW_DOWN) Squad/Controls/Qwertz/SCROLL_VIEW_DOWN
[LOG 18:20:16.354] Config(SCROLL_ICONS_UP) Squad/Controls/Qwertz/SCROLL_ICONS_UP
[LOG 18:20:16.355] Config(SCROLL_ICONS_DOWN) Squad/Controls/Qwertz/SCROLL_ICONS_DOWN
[LOG 18:20:16.355] Config(CAMERA_ORBIT_UP) Squad/Controls/Qwertz/CAMERA_ORBIT_UP
[LOG 18:20:16.355] Config(CAMERA_ORBIT_DOWN) Squad/Controls/Qwertz/CAMERA_ORBIT_DOWN
[LOG 18:20:16.355] Config(CAMERA_ORBIT_LEFT) Squad/Controls/Qwertz/CAMERA_ORBIT_LEFT
[LOG 18:20:16.355] Config(CAMERA_ORBIT_RIGHT) Squad/Controls/Qwertz/CAMERA_ORBIT_RIGHT
[LOG 18:20:16.355] Config(CAMERA_RESET) Squad/Controls/Qwertz/CAMERA_RESET
[LOG 18:20:16.356] Config(CAMERA_MOUSE_TOGGLE) Squad/Controls/Qwertz/CAMERA_MOUSE_TOGGLE
[LOG 18:20:16.356] Config(TIME_WARP_INCREASE) Squad/Controls/Qwertz/TIME_WARP_INCREASE
[LOG 18:20:16.356] Config(TIME_WARP_DECREASE) Squad/Controls/Qwertz/TIME_WARP_DECREASE
[LOG 18:20:16.356] Config(TIME_WARP_STOP) Squad/Controls/Qwertz/TIME_WARP_STOP
[LOG 18:20:16.356] Config(MAP_VIEW_TOGGLE) Squad/Controls/Qwertz/MAP_VIEW_TOGGLE
[LOG 18:20:16.356] Config(NAVBALL_TOGGLE) Squad/Controls/Qwertz/NAVBALL_TOGGLE
[LOG 18:20:16.356] Config(UIMODE_STAGING) Squad/Controls/Qwertz/UIMODE_STAGING
[LOG 18:20:16.356] Config(UIMODE_DOCKING) Squad/Controls/Qwertz/UIMODE_DOCKING
[LOG 18:20:16.356] Config(TRANSLATE_DOWN) Squad/Controls/Qwertz/TRANSLATE_DOWN
[LOG 18:20:16.356] Config(TRANSLATE_UP) Squad/Controls/Qwertz/TRANSLATE_UP
[LOG 18:20:16.356] Config(TRANSLATE_LEFT) Squad/Controls/Qwertz/TRANSLATE_LEFT
[LOG 18:20:16.356] Config(TRANSLATE_RIGHT) Squad/Controls/Qwertz/TRANSLATE_RIGHT
[LOG 18:20:16.356] Config(TRANSLATE_FWD) Squad/Controls/Qwertz/TRANSLATE_FWD
[LOG 18:20:16.356] Config(TRANSLATE_BACK) Squad/Controls/Qwertz/TRANSLATE_BACK
[LOG 18:20:16.356] Config(RCS_TOGGLE) Squad/Controls/Qwertz/RCS_TOGGLE
[LOG 18:20:16.356] Config(FOCUS_NEXT_VESSEL) Squad/Controls/Qwertz/FOCUS_NEXT_VESSEL
[LOG 18:20:16.356] Config(FOCUS_PREV_VESSEL) Squad/Controls/Qwertz/FOCUS_PREV_VESSEL
[LOG 18:20:16.356] Config(TOGGLE_UI) Squad/Controls/Qwertz/TOGGLE_UI
[LOG 18:20:16.356] Config(TOGGLE_STATUS_SCREEN) Squad/Controls/Qwertz/TOGGLE_STATUS_SCREEN
[LOG 18:20:16.356] Config(TAKE_SCREENSHOT) Squad/Controls/Qwertz/TAKE_SCREENSHOT
[LOG 18:20:16.356] Config(TOGGLE_LABELS) Squad/Controls/Qwertz/TOGGLE_LABELS
[LOG 18:20:16.356] Config(TOGGLE_TEMP_GAUGES) Squad/Controls/Qwertz/TOGGLE_TEMP_GAUGES
[LOG 18:20:16.356] Config(TOGGLE_TEMP_OVERLAY) Squad/Controls/Qwertz/TOGGLE_TEMP_OVERLAY
[LOG 18:20:16.356] Config(TOGGLE_FLIGHT_FORCES) Squad/Controls/Qwertz/TOGGLE_FLIGHT_FORCES
[LOG 18:20:16.356] Config(QUICKSAVE) Squad/Controls/Qwertz/QUICKSAVE
[LOG 18:20:16.357] Config(QUICKLOAD) Squad/Controls/Qwertz/QUICKLOAD
[LOG 18:20:16.357] Config(THROTTLE_CUTOFF) Squad/Controls/Qwertz/THROTTLE_CUTOFF
[LOG 18:20:16.357] Config(THROTTLE_FULL) Squad/Controls/Qwertz/THROTTLE_FULL
[LOG 18:20:16.357] Config(LANDING_GEAR) Squad/Controls/Qwertz/LANDING_GEAR
[LOG 18:20:16.357] Config(HEADLIGHT_TOGGLE) Squad/Controls/Qwertz/HEADLIGHT_TOGGLE
[LOG 18:20:16.357] Config(BRAKES) Squad/Controls/Qwertz/BRAKES
[LOG 18:20:16.357] Config(TOGGLE_SPACENAV_FLIGHT_CONTROL) Squad/Controls/Qwertz/TOGGLE_SPACENAV_FLIGHT_CONTROL
[LOG 18:20:16.357] Config(TOGGLE_SPACENAV_ROLL_LOCK) Squad/Controls/Qwertz/TOGGLE_SPACENAV_ROLL_LOCK
[LOG 18:20:16.357] Config(WHEEL_STEER_LEFT) Squad/Controls/Qwertz/WHEEL_STEER_LEFT
[LOG 18:20:16.357] Config(WHEEL_STEER_RIGHT) Squad/Controls/Qwertz/WHEEL_STEER_RIGHT
[LOG 18:20:16.357] Config(WHEEL_THROTTLE_DOWN) Squad/Controls/Qwertz/WHEEL_THROTTLE_DOWN
[LOG 18:20:16.357] Config(WHEEL_THROTTLE_UP) Squad/Controls/Qwertz/WHEEL_THROTTLE_UP
[LOG 18:20:16.358] Config(EVA_forward) Squad/Controls/Qwertz/EVA_forward
[LOG 18:20:16.358] Config(EVA_back) Squad/Controls/Qwertz/EVA_back
[LOG 18:20:16.358] Config(EVA_left) Squad/Controls/Qwertz/EVA_left
[LOG 18:20:16.358] Config(EVA_right) Squad/Controls/Qwertz/EVA_right
[LOG 18:20:16.358] Config(EVA_yaw_left) Squad/Controls/Qwertz/EVA_yaw_left
[LOG 18:20:16.358] Config(EVA_yaw_right) Squad/Controls/Qwertz/EVA_yaw_right
[LOG 18:20:16.358] Config(EVA_Pack_forward) Squad/Controls/Qwertz/EVA_Pack_forward
[LOG 18:20:16.358] Config(EVA_Pack_back) Squad/Controls/Qwertz/EVA_Pack_back
[LOG 18:20:16.358] Config(EVA_Pack_left) Squad/Controls/Qwertz/EVA_Pack_left
[LOG 18:20:16.358] Config(EVA_Pack_right) Squad/Controls/Qwertz/EVA_Pack_right
[LOG 18:20:16.358] Config(EVA_Pack_up) Squad/Controls/Qwertz/EVA_Pack_up
[LOG 18:20:16.359] Config(EVA_Pack_down) Squad/Controls/Qwertz/EVA_Pack_down
[LOG 18:20:16.359] Config(EVA_Jump) Squad/Controls/Qwertz/EVA_Jump
[LOG 18:20:16.359] Config(EVA_Run) Squad/Controls/Qwertz/EVA_Run
[LOG 18:20:16.359] Config(EVA_ToggleMovementMode) Squad/Controls/Qwertz/EVA_ToggleMovementMode
[LOG 18:20:16.359] Config(EVA_TogglePack) Squad/Controls/Qwertz/EVA_TogglePack
[LOG 18:20:16.359] Config(EVA_Use) Squad/Controls/Qwertz/EVA_Use
[LOG 18:20:16.359] Config(EVA_Board) Squad/Controls/Qwertz/EVA_Board
[LOG 18:20:16.359] Config(EVA_Orient) Squad/Controls/Qwertz/EVA_Orient
[LOG 18:20:16.359] Config(EVA_Lights) Squad/Controls/Qwertz/EVA_Lights
[LOG 18:20:16.359] Config(Editor_pitchUp) Squad/Controls/Qwertz/Editor_pitchUp
[LOG 18:20:16.359] Config(Editor_pitchDown) Squad/Controls/Qwertz/Editor_pitchDown
[LOG 18:20:16.359] Config(Editor_yawLeft) Squad/Controls/Qwertz/Editor_yawLeft
[LOG 18:20:16.359] Config(Editor_yawRight) Squad/Controls/Qwertz/Editor_yawRight
[LOG 18:20:16.359] Config(Editor_rollLeft) Squad/Controls/Qwertz/Editor_rollLeft
[LOG 18:20:16.359] Config(Editor_rollRight) Squad/Controls/Qwertz/Editor_rollRight
[LOG 18:20:16.359] Config(Editor_resetRotation) Squad/Controls/Qwertz/Editor_resetRotation
[LOG 18:20:16.359] Config(Editor_modePlace) Squad/Controls/Qwertz/Editor_modePlace
[LOG 18:20:16.359] Config(Editor_modeOffset) Squad/Controls/Qwertz/Editor_modeOffset
[LOG 18:20:16.359] Config(Editor_modeRotate) Squad/Controls/Qwertz/Editor_modeRotate
[LOG 18:20:16.359] Config(Editor_modeRoot) Squad/Controls/Qwertz/Editor_modeRoot
[LOG 18:20:16.360] Config(Editor_coordSystem) Squad/Controls/Qwertz/Editor_coordSystem
[LOG 18:20:16.360] Config(Editor_toggleSymMethod) Squad/Controls/Qwertz/Editor_toggleSymMethod
[LOG 18:20:16.360] Config(Editor_toggleSymMode) Squad/Controls/Qwertz/Editor_toggleSymMode
[LOG 18:20:16.360] Config(Editor_toggleAngleSnap) Squad/Controls/Qwertz/Editor_toggleAngleSnap
[LOG 18:20:16.360] Config(Editor_fineTweak) Squad/Controls/Qwertz/Editor_fineTweak
[LOG 18:20:16.360] Config(Editor_partSearch) Squad/Controls/Qwertz/Editor_partSearch
[LOG 18:20:16.360] Config(Editor_zoomScrollModifier) Squad/Controls/Qwertz/Editor_zoomScrollModifier
[LOG 18:20:16.360] Config(MODIFIER_KEY) Squad/Controls/Qwertz/MODIFIER_KEY
[LOG 18:20:16.360] Config(AbortActionGroup) Squad/Controls/Qwertz/AbortActionGroup
[LOG 18:20:16.360] Config(CustomActionGroup1) Squad/Controls/Qwertz/CustomActionGroup1
[LOG 18:20:16.360] Config(CustomActionGroup2) Squad/Controls/Qwertz/CustomActionGroup2
[LOG 18:20:16.360] Config(CustomActionGroup3) Squad/Controls/Qwertz/CustomActionGroup3
[LOG 18:20:16.360] Config(CustomActionGroup4) Squad/Controls/Qwertz/CustomActionGroup4
[LOG 18:20:16.360] Config(CustomActionGroup5) Squad/Controls/Qwertz/CustomActionGroup5
[LOG 18:20:16.360] Config(CustomActionGroup6) Squad/Controls/Qwertz/CustomActionGroup6
[LOG 18:20:16.360] Config(CustomActionGroup7) Squad/Controls/Qwertz/CustomActionGroup7
[LOG 18:20:16.360] Config(CustomActionGroup8) Squad/Controls/Qwertz/CustomActionGroup8
[LOG 18:20:16.360] Config(CustomActionGroup9) Squad/Controls/Qwertz/CustomActionGroup9
[LOG 18:20:16.360] Config(CustomActionGroup10) Squad/Controls/Qwertz/CustomActionGroup10
[LOG 18:20:16.360] Config(KEY_MAP) Squad/Controls/Qwertz/KEY_MAP
[LOG 18:20:16.360] Config(EXPERIENCE_TRAIT) Squad/Experience/Traits/Pilot
[LOG 18:20:16.361] Config(EXPERIENCE_TRAIT) Squad/Experience/Traits/Engineer
[LOG 18:20:16.361] Config(EXPERIENCE_TRAIT) Squad/Experience/Traits/Scientist
[LOG 18:20:16.361] Config(EXPERIENCE_TRAIT) Squad/Experience/Traits/Tourist
[LOG 18:20:16.361] Config(Localization) Squad/Localization/dictionary/Localization
[LOG 18:20:16.361] Config(MISSIONPACK) Squad/Missions/MissionPacks/squad_ESA
[LOG 18:20:16.361] Config(VARIANTTHEME) Squad/Parts/VariantThemes/White
[LOG 18:20:16.361] Config(VARIANTTHEME) Squad/Parts/VariantThemes/BlackAndWhite
[LOG 18:20:16.361] Config(VARIANTTHEME) Squad/Parts/VariantThemes/GrayAndOrange
[LOG 18:20:16.361] Config(VARIANTTHEME) Squad/Parts/VariantThemes/Dark
[LOG 18:20:16.361] Config(VARIANTTHEME) Squad/Parts/VariantThemes/Gray
[LOG 18:20:16.361] Config(VARIANTTHEME) Squad/Parts/VariantThemes/Orange
[LOG 18:20:16.361] Config(VARIANTTHEME) Squad/Parts/VariantThemes/Gold
[LOG 18:20:16.361] Config(VARIANTTHEME) Squad/Parts/VariantThemes/Bare
[LOG 18:20:16.362] Config(VARIANTTHEME) Squad/Parts/VariantThemes/Shroud
[LOG 18:20:16.362] Config(VARIANTTHEME) Squad/Parts/VariantThemes/GrayAndWhite
[LOG 18:20:16.362] Config(VARIANTTHEME) Squad/Parts/VariantThemes/YellowAndWhite
[LOG 18:20:16.362] Config(VARIANTTHEME) Squad/Parts/VariantThemes/Silver
[LOG 18:20:16.362] Config(VARIANTTHEME) Squad/Parts/VariantThemes/Gray with Stripes
[LOG 18:20:16.362] Config(PART) Squad/Parts/Aero/aerodynamicNoseCone/aerodynamicNoseCone/noseCone
[LOG 18:20:16.362] Config(PART) Squad/Parts/Aero/airbrake/Airbrake/airbrake1
[LOG 18:20:16.362] Config(PART) Squad/Parts/Aero/airIntakeRadialXM-G50/airIntakeRadialXM-G50/airScoop
[LOG 18:20:16.362] Config(PART) Squad/Parts/Aero/airlinerWings/ControlSurface/airlinerCtrlSrf
[LOG 18:20:16.362] Config(PART) Squad/Parts/Aero/airlinerWings/MainWing/airlinerMainWing
[LOG 18:20:16.362] Config(PART) Squad/Parts/Aero/airlinerWings/TailFin/airlinerTailFin
[LOG 18:20:16.362] Config(PART) Squad/Parts/Aero/airplaneFins/advancedCanard/AdvancedCanard
[LOG 18:20:16.362] Config(PART) Squad/Parts/Aero/airplaneFins/standardCanard/CanardController
[LOG 18:20:16.362] Config(PART) Squad/Parts/Aero/airplaneFins/sweptWing/sweptWing
[LOG 18:20:16.362] Config(PART) Squad/Parts/Aero/airplaneFins/tailfin/tailfin
[LOG 18:20:16.362] Config(PART) Squad/Parts/Aero/basicFin/basicFin/basicFin
[LOG 18:20:16.362] Config(PART) Squad/Parts/Aero/circularIntake/circularIntake/CircularIntake
[LOG 18:20:16.362] Config(PART) Squad/Parts/Aero/circularIntake/intakeShockCone/shockConeIntake
[LOG 18:20:16.362] Config(PART) Squad/Parts/Aero/cones/avionicsNoseCone/avionicsNoseCone
[LOG 18:20:16.363] Config(PART) Squad/Parts/Aero/cones/ConeA/pointyNoseConeA
[LOG 18:20:16.363] Config(PART) Squad/Parts/Aero/cones/ConeB/pointyNoseConeB
[LOG 18:20:16.363] Config(PART) Squad/Parts/Aero/cones/noseConeAdapter/noseConeAdapter
[LOG 18:20:16.363] Config(PART) Squad/Parts/Aero/cones/protectiveRocketNoseMk7_v2/rocketNoseCone_v2
[LOG 18:20:16.363] Config(PART) Squad/Parts/Aero/cones/protectiveRocketNoseMk7_v3/rocketNoseCone_v3
[LOG 18:20:16.363] Config(PART) Squad/Parts/Aero/cones/rocketNoseCone_size3/rocketNoseConeSize3
[LOG 18:20:16.363] Config(PART) Squad/Parts/Aero/cones/smallNoseCone/standardNoseCone
[LOG 18:20:16.363] Config(PART) Squad/Parts/Aero/cones/tailConnectorA/airplaneTail
[LOG 18:20:16.363] Config(PART) Squad/Parts/Aero/cones/tailConnectorB/airplaneTailB
[LOG 18:20:16.363] Config(PART) Squad/Parts/Aero/fairings/fairingSize1/fairingSize1
[LOG 18:20:16.363] Config(PART) Squad/Parts/Aero/fairings/fairingSize2/fairingSize2
[LOG 18:20:16.363] Config(PART) Squad/Parts/Aero/fairings/fairingSize3/fairingSize3
[LOG 18:20:16.363] Config(PART) Squad/Parts/Aero/HeatShield/HeatShield0/HeatShield0
[LOG 18:20:16.363] Config(PART) Squad/Parts/Aero/HeatShield/HeatShield1/HeatShield1
[LOG 18:20:16.364] Config(PART) Squad/Parts/Aero/HeatShield/HeatShield2/HeatShield2
[LOG 18:20:16.364] Config(PART) Squad/Parts/Aero/HeatShield/HeatShield3/HeatShield3
[LOG 18:20:16.364] Config(PART) Squad/Parts/Aero/InflatableHeatShield/HeatShield/InflatableHeatShield
[LOG 18:20:16.364] Config(PART) Squad/Parts/Aero/intakeRadialLong/intakeRadialLong/IntakeRadialLong
[LOG 18:20:16.364] Config(PART) Squad/Parts/Aero/miniIntake/SmallIntake/miniIntake
[LOG 18:20:16.364] Config(PART) Squad/Parts/Aero/ramAirIntake/ramAirIntake/ramAirIntake
[LOG 18:20:16.364] Config(PART) Squad/Parts/Aero/shuttleWings/delta/wingShuttleDelta
[LOG 18:20:16.364] Config(PART) Squad/Parts/Aero/shuttleWings/elevon1/wingShuttleElevon1
[LOG 18:20:16.364] Config(PART) Squad/Parts/Aero/shuttleWings/elevon2/wingShuttleElevon2
[LOG 18:20:16.364] Config(PART) Squad/Parts/Aero/shuttleWings/rudder/wingShuttleRudder
[LOG 18:20:16.364] Config(PART) Squad/Parts/Aero/shuttleWings/strake/wingShuttleStrake
[LOG 18:20:16.364] Config(PART) Squad/Parts/Aero/wingletAV-R8/wingletAV-R8/R8winglet
[LOG 18:20:16.364] Config(PART) Squad/Parts/Aero/wingletAV-T1/wingletAV-T1/winglet
[LOG 18:20:16.364] Config(PART) Squad/Parts/Aero/wingletDeltaDeluxe/wingletDeltaDeluxe/winglet3
[LOG 18:20:16.364] Config(PART) Squad/Parts/Aero/wings/connector1/wingConnector
[LOG 18:20:16.364] Config(PART) Squad/Parts/Aero/wings/connector2/wingConnector2
[LOG 18:20:16.365] Config(PART) Squad/Parts/Aero/wings/connector3/wingConnector3
[LOG 18:20:16.365] Config(PART) Squad/Parts/Aero/wings/connector4/wingConnector4
[LOG 18:20:16.365] Config(PART) Squad/Parts/Aero/wings/connector5/wingConnector5
[LOG 18:20:16.365] Config(PART) Squad/Parts/Aero/wings/delta/deltaWing
[LOG 18:20:16.365] Config(PART) Squad/Parts/Aero/wings/delta_small/delta_small
[LOG 18:20:16.365] Config(PART) Squad/Parts/Aero/wings/elevon1/StandardCtrlSrf
[LOG 18:20:16.365] Config(PART) Squad/Parts/Aero/wings/elevon2/elevon2
[LOG 18:20:16.365] Config(PART) Squad/Parts/Aero/wings/elevon3/elevon3
[LOG 18:20:16.365] Config(PART) Squad/Parts/Aero/wings/elevon4/smallCtrlSrf
[LOG 18:20:16.365] Config(PART) Squad/Parts/Aero/wings/elevon5/elevon5
[LOG 18:20:16.365] Config(PART) Squad/Parts/Aero/wings/strake/wingStrake
[LOG 18:20:16.365] Config(PART) Squad/Parts/Aero/wings/structural1/structuralWing
[LOG 18:20:16.365] Config(PART) Squad/Parts/Aero/wings/structural2/structuralWing2
[LOG 18:20:16.365] Config(PART) Squad/Parts/Aero/wings/structural3/structuralWing3
[LOG 18:20:16.365] Config(PART) Squad/Parts/Aero/wings/structural4/structuralWing4
[LOG 18:20:16.365] Config(PART) Squad/Parts/Aero/wings/swept1/sweptWing1
[LOG 18:20:16.365] Config(PART) Squad/Parts/Aero/wings/swept2/sweptWing2
[LOG 18:20:16.365] Config(PART) Squad/Parts/Cargo/CargoContainers/cargoContainer/cargoContainer
[LOG 18:20:16.366] Config(PART) Squad/Parts/Cargo/CargoContainers/smallCargoContainer/smallCargoContainer
[LOG 18:20:16.366] Config(PART) Squad/Parts/Cargo/Cylinder/Cylinder/evaCylinder
[LOG 18:20:16.366] Config(PART) Squad/Parts/Cargo/GroundAnchor/groundAnchor/groundAnchor
[LOG 18:20:16.366] Config(PART) Squad/Parts/Cargo/Jetpack/Jetpack/evaJetpack
[LOG 18:20:16.366] Config(PART) Squad/Parts/Cargo/Parachute/Parachute/evaChute
[LOG 18:20:16.366] Config(PART) Squad/Parts/Cargo/RepairKit/RepairKit/evaRepairKit
[LOG 18:20:16.366] Config(PART) Squad/Parts/Cargo/ScienceKit/evaScienceKit/evaScienceKit
[LOG 18:20:16.366] Config(PART) Squad/Parts/Cargo/StorageUnits/CargoStorageUnit/CargoStorageUnit
[LOG 18:20:16.366] Config(PART) Squad/Parts/Cargo/StorageUnits/ConformalStorageUnit/ConformalStorageUnit
[LOG 18:20:16.366] Config(PART) Squad/Parts/Command/advancedSasModuleLarge/advSasModuleLarge/asasmodule1-2
[LOG 18:20:16.366] Config(PART) Squad/Parts/Command/cupola/cupola/cupola
[LOG 18:20:16.366] Config(PART) Squad/Parts/Command/externalCommandSeat/externalCommandSeat/seatExternalCmd
[LOG 18:20:16.366] Config(PART) Squad/Parts/Command/hitchhikerStorageContainer/hitchikerStorageContainer/crewCabin
[LOG 18:20:16.366] Config(PART) Squad/Parts/Command/inlineAdvancedStabilizer/inlineAdvancedStabilizer/advSasModule
[LOG 18:20:16.366] Config(PART) Squad/Parts/Command/inlineReactionWheel/inlineReactionWheel/sasModule
[LOG 18:20:16.366] Config(PART) Squad/Parts/Command/Mk1-3Pod/mk1-3/mk1-3pod
[LOG 18:20:16.366] Config(PART) Squad/Parts/Command/mk1Cockpits/mk1Cockpit/Mark1Cockpit
[LOG 18:20:16.367] Config(PART) Squad/Parts/Command/mk1Cockpits/mk1CrewCabin/MK1CrewCabin
[LOG 18:20:16.367] Config(PART) Squad/Parts/Command/mk1Cockpits/mk1InlineCockpit/Mark2Cockpit
[LOG 18:20:16.367] Config(PART) Squad/Parts/Command/mk1LanderCan/mk1LanderCan/landerCabinSmall
[LOG 18:20:16.367] Config(PART) Squad/Parts/Command/mk1pod_v2/mk1Pod_v2/mk1pod_v2
[LOG 18:20:16.367] Config(PART) Squad/Parts/Command/mk2CockpitInline/mk2CockpitInline/mk2Cockpit_Inline
[LOG 18:20:16.367] Config(PART) Squad/Parts/Command/mk2CockpitStandard/mk2CockpitStandard/mk2Cockpit_Standard
[LOG 18:20:16.367] Config(PART) Squad/Parts/Command/mk2DroneCore/mk2Dronecore/mk2DroneCore
[LOG 18:20:16.367] Config(PART) Squad/Parts/Command/mk2LanderCan/mk2LanderCan/mk2LanderCabin
[LOG 18:20:16.367] Config(PART) Squad/Parts/Command/mk2LanderCan_v2/mk2LanderCan_v2/mk2LanderCabin_v2
[LOG 18:20:16.367] Config(PART) Squad/Parts/Command/mk3CockpitShuttle/mk3CockpitShuttle/mk3Cockpit_Shuttle
[LOG 18:20:16.367] Config(PART) Squad/Parts/Command/MpoProbe/MpoProbe/MpoProbe
[LOG 18:20:16.367] Config(PART) Squad/Parts/Command/MtmStage/MTM_Stage/MtmStage
[LOG 18:20:16.367] Config(PART) Squad/Parts/Command/probeCoreCube/probeCoreCube/probeCoreCube
[LOG 18:20:16.367] Config(PART) Squad/Parts/Command/probeCoreHex/probeCoreHex/probeCoreHex
[LOG 18:20:16.367] Config(PART) Squad/Parts/Command/probeCoreHex_v2/probeCoreHex_v2/probeCoreHex_v2
[LOG 18:20:16.367] Config(PART) Squad/Parts/Command/probeCoreOcto2_v2/probeCoreOcto2_v2/probeCoreOcto2_v2
[LOG 18:20:16.368] Config(PART) Squad/Parts/Command/probeCoreOcto_v2/probeCoreOcto_v2/probeCoreOcto_v2
[LOG 18:20:16.368] Config(PART) Squad/Parts/Command/probeRoverBody/probeRoverBody/roverBody
[LOG 18:20:16.368] Config(PART) Squad/Parts/Command/probeRoverBody_v2/probeRoverBody_v2/roverBody_v2
[LOG 18:20:16.368] Config(PART) Squad/Parts/Command/probeStackLarge/probeStackLarge/probeStackLarge
[LOG 18:20:16.368] Config(PART) Squad/Parts/Command/probeStackSmall/probeStackSmall/probeStackSmall
[LOG 18:20:16.368] Config(PART) Squad/Parts/Command/probeStackSphere_v2/probeStackSphere_v2/probeCoreSphere_v2
[LOG 18:20:16.368] Config(PART) Squad/Parts/CompoundParts/FuelLine/fuelLine/fuelLine
[LOG 18:20:16.368] Config(PART) Squad/Parts/CompoundParts/strutConnector/strutConnector/strutConnector
[LOG 18:20:16.368] Config(PART) Squad/Parts/Coupling/Decoupler_0/Decoupler_0
[LOG 18:20:16.368] Config(PART) Squad/Parts/Coupling/Decoupler_1/Decoupler_1
[LOG 18:20:16.368] Config(PART) Squad/Parts/Coupling/Decoupler_2/Decoupler_2
[LOG 18:20:16.368] Config(PART) Squad/Parts/Coupling/Decoupler_3/Decoupler_3
[LOG 18:20:16.368] Config(PART) Squad/Parts/Coupling/Separator_0/Separator_0
[LOG 18:20:16.368] Config(PART) Squad/Parts/Coupling/Separator_1/Separator_1
[LOG 18:20:16.368] Config(PART) Squad/Parts/Coupling/Separator_2/Separator_2
[LOG 18:20:16.368] Config(PART) Squad/Parts/Coupling/Separator_3/Separator_3
[LOG 18:20:16.369] Config(PART) Squad/Parts/Electrical/10CSolarPanels/OX-10C/solarPanelOX10C
[LOG 18:20:16.369] Config(PART) Squad/Parts/Electrical/10CSolarPanels/SP-10C/solarPanelSP10C
[LOG 18:20:16.369] Config(PART) Squad/Parts/Electrical/10LSolarPanels/OX-10L/solarPanelOX10L
[LOG 18:20:16.369] Config(PART) Squad/Parts/Electrical/10LSolarPanels/SP-10L/solarPanelSP10L
[LOG 18:20:16.369] Config(PART) Squad/Parts/Electrical/1x6ShroudSolarPanels/1x6ShroudSolarPanels/solarPanels2
[LOG 18:20:16.369] Config(PART) Squad/Parts/Electrical/1x6SolarPanels/1x6SolarPanels/solarPanels4
[LOG 18:20:16.369] Config(PART) Squad/Parts/Electrical/3x2ShroudSolarPanels/3x2ShroudSolarPanels/solarPanels1
[LOG 18:20:16.369] Config(PART) Squad/Parts/Electrical/3x2SolarPanels/3x2SolarPanels/solarPanels3
[LOG 18:20:16.369] Config(PART) Squad/Parts/Electrical/gigantorXlSolarArray/gigantorXlSolarArray/largeSolarPanel
[LOG 18:20:16.369] Config(PART) Squad/Parts/Electrical/radialFlatSolarPanel/radialFlatSolarPanel/solarPanels5
[LOG 18:20:16.369] Config(PART) Squad/Parts/Electrical/RTG/RTG/rtg
[LOG 18:20:16.369] Config(PART) Squad/Parts/Electrical/z-100Battery/z-100Battery/batteryPack
[LOG 18:20:16.369] Config(PART) Squad/Parts/Electrical/z-1kBattery/z-1kBattery/batteryBank
[LOG 18:20:16.369] Config(PART) Squad/Parts/Electrical/z-200Battery/z-200Battery/batteryBankMini
[LOG 18:20:16.369] Config(PART) Squad/Parts/Electrical/z-400Battery/z-400Battery/ksp_r_largeBatteryPack
[LOG 18:20:16.369] Config(PART) Squad/Parts/Electrical/z-4kBattery/z-4kBattery/batteryBankLarge
[LOG 18:20:16.369] Config(PART) Squad/Parts/Engine/ionEngine/ionEngine/ionEngine
[LOG 18:20:16.369] Config(PART) Squad/Parts/Engine/jetEngines/jetEngineAfterburning/turboJet
[LOG 18:20:16.370] Config(PART) Squad/Parts/Engine/jetEngines/jetEngineBasic/JetEngine
[LOG 18:20:16.370] Config(PART) Squad/Parts/Engine/jetEngines/jetEngineBig/turboFanSize2
[LOG 18:20:16.370] Config(PART) Squad/Parts/Engine/jetEngines/jetEngineTurbo/turboFanEngine
[LOG 18:20:16.370] Config(PART) Squad/Parts/Engine/liquidEngine24-77/liquidEngine24-77/smallRadialEngine
[LOG 18:20:16.370] Config(PART) Squad/Parts/Engine/liquidEngine24-77_v2/liquidEngine24-77_v2/smallRadialEngine_v2
[LOG 18:20:16.370] Config(PART) Squad/Parts/Engine/liquidEngine48-7S_v2/liquidEngine48-7S_v2/liquidEngineMini_v2
[LOG 18:20:16.370] Config(PART) Squad/Parts/Engine/liquidEngineAerospike/liquidEngineAerospike/toroidalAerospike
[LOG 18:20:16.370] Config(PART) Squad/Parts/Engine/liquidEngineLV-1_v2/liquidEngineLV-1R _v2/radialEngineMini_v2
[LOG 18:20:16.370] Config(PART) Squad/Parts/Engine/liquidEngineLV-1_v2/liquidEngineLV-1_v2/microEngine_v2
[LOG 18:20:16.370] Config(PART) Squad/Parts/Engine/liquidEngineLV-909_v2/liquidEngineLV-909_v2/liquidEngine3_v2
[LOG 18:20:16.370] Config(PART) Squad/Parts/Engine/liquidEngineLV-N/liquidEngineLV-N/nuclearEngine
[LOG 18:20:16.370] Config(PART) Squad/Parts/Engine/liquidEngineLV-T30/liquidEngineLV-T30/liquidEngine
[LOG 18:20:16.370] Config(PART) Squad/Parts/Engine/liquidEngineLV-T30_v2/liquidEngineLV-T30_v2/liquidEngine_v2
[LOG 18:20:16.371] Config(PART) Squad/Parts/Engine/liquidEngineLV-T45/liquidEngineLV-T45/liquidEngine2
[LOG 18:20:16.371] Config(PART) Squad/Parts/Engine/liquidEngineLV-T45_v2/liquidEngineLV-T45_v2/liquidEngine2_v2
[LOG 18:20:16.371] Config(PART) Squad/Parts/Engine/liquidEngineMainsail_v2/liquidEngineMainsail_v2/liquidEngineMainsail_v2
[LOG 18:20:16.371] Config(PART) Squad/Parts/Engine/liquidEngineMk55/liquidEngineMk55/radialLiquidEngine1-2
[LOG 18:20:16.371] Config(PART) Squad/Parts/Engine/liquidEnginePoodle_v2/liquidEnginePoodle_v2/liquidEngine2-2_v2
[LOG 18:20:16.371] Config(PART) Squad/Parts/Engine/liquidEngineSkipper_v2/skipperLiquidEngine_v2/engineLargeSkipper_v2
[LOG 18:20:16.371] Config(PART) Squad/Parts/Engine/liquidEngineSSME/SSME/SSME
[LOG 18:20:16.371] Config(PART) Squad/Parts/Engine/MassiveSRB/part/MassiveBooster
[LOG 18:20:16.371] Config(PART) Squad/Parts/Engine/miniJet/SmallJetEngine/miniJetEngine
[LOG 18:20:16.371] Config(PART) Squad/Parts/Engine/OMSEngine/omsEngine/omsEngine
[LOG 18:20:16.371] Config(PART) Squad/Parts/Engine/rapierEngine/rapierEngine/RAPIER
[LOG 18:20:16.371] Config(PART) Squad/Parts/Engine/Size1_SRBs/solidBoosterRT-10_v2/solidBooster_v2
[LOG 18:20:16.371] Config(PART) Squad/Parts/Engine/Size1_SRBs/solidBoosterRT-5_v2/solidBooster_sm_v2
[LOG 18:20:16.391] Config(PART) Squad/Parts/Engine/Size2LFB/part/Size2LFB
[LOG 18:20:16.391] Config(PART) Squad/Parts/Engine/Size2LFB_v2/part/Size2LFB_v2
[LOG 18:20:16.391] Config(PART) Squad/Parts/Engine/Size3AdvancedEngine/part/Size3AdvancedEngine
[LOG 18:20:16.391] Config(PART) Squad/Parts/Engine/Size3EngineCluster/part/Size3EngineCluster
[LOG 18:20:16.391] Config(PART) Squad/Parts/Engine/solidBoosterBACC/solidBoosterBACC/solidBooster1-1
[LOG 18:20:16.391] Config(PART) Squad/Parts/Engine/solidBoosterS2-17/solidBoosterS2-17/Thoroughbred
[LOG 18:20:16.391] Config(PART) Squad/Parts/Engine/solidBoosterS2-33/solidBoosterS2-33/Clydesdale
[LOG 18:20:16.391] Config(PART) Squad/Parts/Engine/solidBoosterSep/solidBoosterSep/sepMotor1
[LOG 18:20:16.391] Config(PART) Squad/Parts/Engine/SolidBoostersF/SolidBoosterF3S0/Shrimp
[LOG 18:20:16.391] Config(PART) Squad/Parts/Engine/SolidBoostersF/SolidBoosterFM1/Mite
[LOG 18:20:16.392] Config(PART) Squad/Parts/FuelTank/adapterTanks/Mk3-Mk2/adapterMk3-Mk2
[LOG 18:20:16.392] Config(PART) Squad/Parts/FuelTank/adapterTanks/Mk3-ShuttleAdapter/adapterEngines
[LOG 18:20:16.392] Config(PART) Squad/Parts/FuelTank/adapterTanks/Mk3-Size2/adapterMk3-Size2
[LOG 18:20:16.392] Config(PART) Squad/Parts/FuelTank/adapterTanks/Mk3-Size2Slant/adapterMk3-Size2Slant
[LOG 18:20:16.392] Config(PART) Squad/Parts/FuelTank/adapterTanks/Size2-Mk2/adapterSize2-Mk2
[LOG 18:20:16.392] Config(PART) Squad/Parts/FuelTank/adapterTanks/Size2-Size1/adapterSize2-Size1
[LOG 18:20:16.392] Config(PART) Squad/Parts/FuelTank/adapterTanks/Size2-Size1Slant/adapterSize2-Size1Slant
[LOG 18:20:16.392] Config(PART) Squad/Parts/FuelTank/adapterTanks/Size3-Mk3/adapterSize3-Mk3
[LOG 18:20:16.392] Config(PART) Squad/Parts/FuelTank/drainTankFTE-1/ReleaseValve/ReleaseValve
[LOG 18:20:16.392] Config(PART) Squad/Parts/FuelTank/FoilTanks/RadialTank_Capsule/externalTankCapsule
[LOG 18:20:16.392] Config(PART) Squad/Parts/FuelTank/FoilTanks/RadialTank_Round/externalTankRound
[LOG 18:20:16.392] Config(PART) Squad/Parts/FuelTank/FoilTanks/ToroidTank/externalTankToroid
[LOG 18:20:16.392] Config(PART) Squad/Parts/FuelTank/fuelTankOscarB/fuelTankOscarB/miniFuelTank
[LOG 18:20:16.392] Config(PART) Squad/Parts/FuelTank/miniFuselage/miniFuselage/miniFuselage
[LOG 18:20:16.392] Config(PART) Squad/Parts/FuelTank/mk2Adapters/bicoupler/mk2_1m_Bicoupler
[LOG 18:20:16.392] Config(PART) Squad/Parts/FuelTank/mk2Adapters/long/mk2_1m_AdapterLong
[LOG 18:20:16.392] Config(PART) Squad/Parts/FuelTank/mk2Adapters/standard/mk2SpacePlaneAdapter
[LOG 18:20:16.393] Config(PART) Squad/Parts/FuelTank/mk2FuselageLong/LFO_long/mk2FuselageLongLFO
[LOG 18:20:16.393] Config(PART) Squad/Parts/FuelTank/mk2FuselageLong/L_long/mk2Fuselage
[LOG 18:20:16.393] Config(PART) Squad/Parts/FuelTank/mk2FuselageShort/LFO_short/mk2FuselageShortLFO
[LOG 18:20:16.393] Config(PART) Squad/Parts/FuelTank/mk2FuselageShort/L_short/mk2FuselageShortLiquid
[LOG 18:20:16.393] Config(PART) Squad/Parts/FuelTank/mk2FuselageShort/Mono_short/mk2FuselageShortMono
[LOG 18:20:16.393] Config(PART) Squad/Parts/FuelTank/mk3Fuselage/CREW/mk3CrewCabin
[LOG 18:20:16.393] Config(PART) Squad/Parts/FuelTank/mk3Fuselage/LFO_100/mk3FuselageLFO_100
[LOG 18:20:16.393] Config(PART) Squad/Parts/FuelTank/mk3Fuselage/LFO_25/mk3FuselageLFO_25
[LOG 18:20:16.393] Config(PART) Squad/Parts/FuelTank/mk3Fuselage/LFO_50/mk3FuselageLFO_50
[LOG 18:20:16.393] Config(PART) Squad/Parts/FuelTank/mk3Fuselage/LF_100/mk3FuselageLF_100
[LOG 18:20:16.393] Config(PART) Squad/Parts/FuelTank/mk3Fuselage/LF_25/mk3FuselageLF_25
[LOG 18:20:16.393] Config(PART) Squad/Parts/FuelTank/mk3Fuselage/LF_50/mk3FuselageLF_50
[LOG 18:20:16.393] Config(PART) Squad/Parts/FuelTank/mk3Fuselage/MONO/mk3FuselageMONO
[LOG 18:20:16.393] Config(PART) Squad/Parts/FuelTank/RCSFuelTankR1/RCSFuelTankR1/RCSTank1-2
[LOG 18:20:16.393] Config(PART) Squad/Parts/FuelTank/RCSFuelTankR10/RCSFuelTankR10/rcsTankMini
[LOG 18:20:16.393] Config(PART) Squad/Parts/FuelTank/RCSFuelTankR25/RCSFuelTankR25/RCSFuelTank
[LOG 18:20:16.393] Config(PART) Squad/Parts/FuelTank/RCSTankRadial/radialRCSTank/radialRCSTank
[LOG 18:20:16.393] Config(PART) Squad/Parts/FuelTank/RCStankRadialLong/RCSTankRadialLong/rcsTankRadialLong
[LOG 18:20:16.394] Config(PART) Squad/Parts/FuelTank/RockomaxTanks/Rockomax16/Rockomax16_BW
[LOG 18:20:16.394] Config(PART) Squad/Parts/FuelTank/RockomaxTanks/Rockomax32/Rockomax32_BW
[LOG 18:20:16.394] Config(PART) Squad/Parts/FuelTank/RockomaxTanks/Rockomax64/Rockomax64_BW
[LOG 18:20:16.394] Config(PART) Squad/Parts/FuelTank/RockomaxTanks/Rockomax8/Rockomax8BW
[LOG 18:20:16.394] Config(PART) Squad/Parts/FuelTank/Size1_Tanks/fuelTankT100/fuelTankSmallFlat
[LOG 18:20:16.394] Config(PART) Squad/Parts/FuelTank/Size1_Tanks/fuelTankT200/fuelTankSmall
[LOG 18:20:16.394] Config(PART) Squad/Parts/FuelTank/Size1_Tanks/fuelTankT400/fuelTank
[LOG 18:20:16.394] Config(PART) Squad/Parts/FuelTank/Size1_Tanks/fuelTankT800/fuelTank_long
[LOG 18:20:16.394] Config(PART) Squad/Parts/FuelTank/Size3Tanks/large/Size3LargeTank
[LOG 18:20:16.394] Config(PART) Squad/Parts/FuelTank/Size3Tanks/medium/Size3MediumTank
[LOG 18:20:16.394] Config(PART) Squad/Parts/FuelTank/Size3Tanks/small/Size3SmallTank
[LOG 18:20:16.394] Config(PART) Squad/Parts/FuelTank/xenonTank/xenonTank/xenonTank
[LOG 18:20:16.394] Config(PART) Squad/Parts/FuelTank/xenonTankLarge/xenonTankLarge/xenonTankLarge
[LOG 18:20:16.394] Config(PART) Squad/Parts/FuelTank/xenonTankRadial/xenonTankRadial/xenonTankRadial
[LOG 18:20:16.394] Config(PART) Squad/Parts/Misc/AsteroidDay/CamSat/InfraredTelescope
[LOG 18:20:16.394] Config(PART) Squad/Parts/Misc/AsteroidDay/HECS2/HECS2_ProbeCore
[LOG 18:20:16.395] Config(PART) Squad/Parts/Misc/AsteroidDay/HighGainAntenna/HighGainAntenna
[LOG 18:20:16.395] Config(PART) Squad/Parts/Misc/AsteroidDay/LgRadialSolar/LgRadialSolarPanel
[LOG 18:20:16.395] Config(PART) Squad/Parts/Misc/PotatoComet/part/PotatoComet
[LOG 18:20:16.395] Config(PART) Squad/Parts/Misc/PotatoRoid/part/PotatoRoid
[LOG 18:20:16.395] Config(PART) Squad/Parts/Prebuilt/flag/flag
[LOG 18:20:16.395] Config(PART) Squad/Parts/Prebuilt/kerbalEVA/kerbalEVA
[LOG 18:20:16.395] Config(PART) Squad/Parts/Prebuilt/kerbalEVAfemale/kerbalEVAfemale
[LOG 18:20:16.395] Config(PART) Squad/Parts/Prebuilt/kerbalEVASlimSuit/kerbalEVASlimSuit
[LOG 18:20:16.395] Config(PART) Squad/Parts/Prebuilt/kerbalEVASlimSuitFemale/kerbalEVASlimSuitFemale
[LOG 18:20:16.395] Config(PART) Squad/Parts/Resources/FuelCell/FuelCell/FuelCell
[LOG 18:20:16.395] Config(PART) Squad/Parts/Resources/FuelCell/FuelCellArray/FuelCellArray
[LOG 18:20:16.395] Config(PART) Squad/Parts/Resources/ISRU/ISRU/ISRU
[LOG 18:20:16.395] Config(PART) Squad/Parts/Resources/LargeTank/LargeTank/LargeTank
[LOG 18:20:16.395] Config(PART) Squad/Parts/Resources/MiniDrill/MiniDrill/MiniDrill
[LOG 18:20:16.395] Config(PART) Squad/Parts/Resources/MiniISRU/MiniISRU/MiniISRU
[LOG 18:20:16.395] Config(PART) Squad/Parts/Resources/OrbitalScanner/OrbitalScanner/OrbitalScanner
[LOG 18:20:16.396] Config(PART) Squad/Parts/Resources/RadialDrill/RadialDrill/RadialDrill
[LOG 18:20:16.396] Config(PART) Squad/Parts/Resources/RadialTank/RadialTank/RadialOreTank
[LOG 18:20:16.396] Config(PART) Squad/Parts/Resources/SmallTank/SmallTank/SmallTank
[LOG 18:20:16.396] Config(PART) Squad/Parts/Resources/SurfaceScanner/SurfaceScanner/SurfaceScanner
[LOG 18:20:16.396] Config(PART) Squad/Parts/Resources/SurveyScanner/SurveyScanner/SurveyScanner
[LOG 18:20:16.396] Config(PART) Squad/Parts/Science/AtmosphereSensor/sensorAtmosphere/sensorAtmosphere
[LOG 18:20:16.396] Config(PART) Squad/Parts/Science/GooExperiment/gooExperiment/GooExperiment
[LOG 18:20:16.396] Config(PART) Squad/Parts/Science/LargeCrewedLab/largeCrewedLab/Large_Crewed_Lab
[LOG 18:20:16.396] Config(PART) Squad/Parts/Science/Magnetometer/Magnetometer/Magnetometer
[LOG 18:20:16.396] Config(PART) Squad/Parts/Science/MaterialBay/materialBay/science_module
[LOG 18:20:16.396] Config(PART) Squad/Parts/Science/ScienceBox/ScienceBox/ScienceBox
[LOG 18:20:16.396] Config(PART) Squad/Parts/Science/sensorAccelerometer/sensorAccelerometer/sensorAccelerometer
[LOG 18:20:16.396] Config(PART) Squad/Parts/Science/sensorBarometer/sensorBarometer/sensorBarometer
[LOG 18:20:16.396] Config(PART) Squad/Parts/Science/sensorGravimeter/sensorGravimeter/sensorGravimeter
[LOG 18:20:16.396] Config(PART) Squad/Parts/Science/sensorThermometer/sensorThermometer/sensorThermometer
[LOG 18:20:16.396] Config(PART) Squad/Parts/Structural/FLAdapters/adapterSmallMiniShort/adapterSmallMiniShort
[LOG 18:20:16.396] Config(PART) Squad/Parts/Structural/FLAdapters/adapterSmallMiniTall/adapterSmallMiniTall
[LOG 18:20:16.396] Config(PART) Squad/Parts/Structural/mk1Parts/engineBodyRadial/radialEngineBody
[LOG 18:20:16.397] Config(PART) Squad/Parts/Structural/mk1Parts/engineNacelle/nacelleBody
[LOG 18:20:16.397] Config(PART) Squad/Parts/Structural/mk1Parts/mk1Fuselage/MK1Fuselage
[LOG 18:20:16.397] Config(PART) Squad/Parts/Structural/mk1Parts/mk1FuselageIntake/MK1IntakeFuselage
[LOG 18:20:16.397] Config(PART) Squad/Parts/Structural/mk1Parts/mk1Structural/Mk1FuselageStructural
[LOG 18:20:16.397] Config(PART) Squad/Parts/Structural/Size3To2Adapter_v2/Size2to3_v2/Size3To2Adapter_v2
[LOG 18:20:16.397] Config(PART) Squad/Parts/Structural/stackAdapters/adapterLargeSmallBi/adapterLargeSmallBi
[LOG 18:20:16.397] Config(PART) Squad/Parts/Structural/stackAdapters/adapterLargeSmallQuad/adapterLargeSmallQuad
[LOG 18:20:16.397] Config(PART) Squad/Parts/Structural/stackAdapters/adapterLargeSmallTri/adapterLargeSmallTri
[LOG 18:20:16.397] Config(PART) Squad/Parts/Structural/stationHub/stationHub/stationHub
[LOG 18:20:16.397] Config(PART) Squad/Parts/Structural/structuralIBeam200/structuralIBeam200/structuralIBeam2
[LOG 18:20:16.397] Config(PART) Squad/Parts/Structural/structuralIBeam200Pocket/structuralIBeam200Pocket/structuralIBeam3
[LOG 18:20:16.397] Config(PART) Squad/Parts/Structural/structuralIBeam650/structuralIBeam650/structuralIBeam1
[LOG 18:20:16.397] Config(PART) Squad/Parts/Structural/structuralMicronode/structuralMicronode/structuralMiniNode
[LOG 18:20:16.397] Config(PART) Squad/Parts/Structural/structuralPanel1x1/structuralPanel1x1/structuralPanel1
[LOG 18:20:16.397] Config(PART) Squad/Parts/Structural/structuralPanel2x2/structuralPanel2x2/structuralPanel2
[LOG 18:20:16.397] Config(PART) Squad/Parts/Structural/structuralPylons/smallHardpoint/smallHardpoint
[LOG 18:20:16.398] Config(PART) Squad/Parts/Structural/structuralPylons/structuralPylon/structuralPylon
[LOG 18:20:16.398] Config(PART) Squad/Parts/Structural/strutCubicOcto/strutCubicOcto/strutCube
[LOG 18:20:16.398] Config(PART) Squad/Parts/Structural/strutOcto/strutOcto/strutOcto
[LOG 18:20:16.398] Config(PART) Squad/Parts/Structural/trussGirderAdapter/trussGirderAdapter/trussAdapter
[LOG 18:20:16.398] Config(PART) Squad/Parts/Structural/trussGirderL/trussGirderL/trussPiece1x
[LOG 18:20:16.398] Config(PART) Squad/Parts/Structural/trussGirderXL/trussGirderXL/trussPiece3x
[LOG 18:20:16.398] Config(PART) Squad/Parts/Thermal/FoldingRadiators/foldingRadLarge/foldingRadLarge
[LOG 18:20:16.398] Config(PART) Squad/Parts/Thermal/FoldingRadiators/foldingRadMed/foldingRadMed
[LOG 18:20:16.398] Config(PART) Squad/Parts/Thermal/FoldingRadiators/foldingRadSmall/foldingRadSmall
[LOG 18:20:16.399] Config(PART) Squad/Parts/Thermal/RadiatorPanels/radPanelEdge/radPanelEdge
[LOG 18:20:16.399] Config(PART) Squad/Parts/Thermal/RadiatorPanels/radPanelLg/radPanelLg
[LOG 18:20:16.399] Config(PART) Squad/Parts/Thermal/RadiatorPanels/radPanelSm/radPanelSm
[LOG 18:20:16.399] Config(PART) Squad/Parts/Utility/commDish88-88/commDish88-88/commDish
[LOG 18:20:16.399] Config(PART) Squad/Parts/Utility/commsAntennaDTS-M1/commsAntennaDTS-M1/mediumDishAntenna
[LOG 18:20:16.399] Config(PART) Squad/Parts/Utility/commsDish16/commsAntenna16/longAntenna
[LOG 18:20:16.399] Config(PART) Squad/Parts/Utility/decouplerRadialHDM/decouplerRadialHDM/radialDecoupler1-2
[LOG 18:20:16.399] Config(PART) Squad/Parts/Utility/decouplerRadialTT-38K/decouplerRadialTT-38K/radialDecoupler
[LOG 18:20:16.399] Config(PART) Squad/Parts/Utility/decouplerRadialTT-70/decouplerRadialTT-70/radialDecoupler2
[LOG 18:20:16.399] Config(PART) Squad/Parts/Utility/DirectAntennas/C16S/SurfAntenna
[LOG 18:20:16.399] Config(PART) Squad/Parts/Utility/DirectAntennas/HG-5/HighGainAntenna5
[LOG 18:20:16.399] Config(PART) Squad/Parts/Utility/DirectAntennas/HG-5_v2/HighGainAntenna5_v2
[LOG 18:20:16.399] Config(PART) Squad/Parts/Utility/dockingPort/dockingPort/dockingPort2
[LOG 18:20:16.399] Config(PART) Squad/Parts/Utility/dockingPortInline/dockingPortInline/dockingPortLateral
[LOG 18:20:16.399] Config(PART) Squad/Parts/Utility/dockingPortJr/dockingPortJr/dockingPort3
[LOG 18:20:16.399] Config(PART) Squad/Parts/Utility/dockingPortShielded/dockingPortShielded/dockingPort1
[LOG 18:20:16.399] Config(PART) Squad/Parts/Utility/dockingPortSr/dockingPortSr/dockingPortLarge
[LOG 18:20:16.399] Config(PART) Squad/Parts/Utility/Fireworks/fireworksLauncherBig/fireworksLauncherBig
[LOG 18:20:16.399] Config(PART) Squad/Parts/Utility/Fireworks/fireworksLauncherSmall/fireworksLauncherSmall
[LOG 18:20:16.399] Config(PART) Squad/Parts/Utility/flags/flagFlat/flagFlat/flagPartFlat
[LOG 18:20:16.399] Config(PART) Squad/Parts/Utility/flags/flagSize0/flagSize0/flagPartSize0
[LOG 18:20:16.399] Config(PART) Squad/Parts/Utility/flags/flagSize1/flagSize1/flagPartSize1
[LOG 18:20:16.399] Config(PART) Squad/Parts/Utility/flags/flagSize2/flagSize2/flagPartSize2
[LOG 18:20:16.400] Config(PART) Squad/Parts/Utility/flags/flagSize3/flagSize3/flagPartSize3
[LOG 18:20:16.400] Config(PART) Squad/Parts/Utility/GrapplingDevice/part/GrapplingDevice
[LOG 18:20:16.400] Config(PART) Squad/Parts/Utility/ladderRadial/ladderRadial/ladder1
[LOG 18:20:16.400] Config(PART) Squad/Parts/Utility/ladderTelescopic/ladderTelescopic/telescopicLadder
[LOG 18:20:16.400] Config(PART) Squad/Parts/Utility/ladderTelescopicBay/ladderTelescopicBay/telescopicLadderBay
[LOG 18:20:16.400] Config(PART) Squad/Parts/Utility/landingLegLT-1/landingLegLT-1/landingLeg1
[LOG 18:20:16.400] Config(PART) Squad/Parts/Utility/landingLegLT-2/landingLegLT-2/landingLeg1-2
[LOG 18:20:16.400] Config(PART) Squad/Parts/Utility/landingLegLT-5/landingLegLT-5/miniLandingLeg
[LOG 18:20:16.400] Config(PART) Squad/Parts/Utility/launchClamp1/launchClamp1/launchClamp1
[LOG 18:20:16.400] Config(PART) Squad/Parts/Utility/launchEscapeSystem/part/LaunchEscapeSystem
[LOG 18:20:16.401] Config(PART) Squad/Parts/Utility/Lights/domeLight1/domeLight1
[LOG 18:20:16.401] Config(PART) Squad/Parts/Utility/Lights/groundLight1/groundLight1
[LOG 18:20:16.401] Config(PART) Squad/Parts/Utility/Lights/groundLight2/groundLight2
[LOG 18:20:16.401] Config(PART) Squad/Parts/Utility/Lights/navLight1/navLight1
[LOG 18:20:16.401] Config(PART) Squad/Parts/Utility/Lights/spotLight1/spotLight3
[LOG 18:20:16.401] Config(PART) Squad/Parts/Utility/Lights/stripLight1/stripLight1
[LOG 18:20:16.401] Config(PART) Squad/Parts/Utility/linearVernorRCS/linearRCS/linearRcs
[LOG 18:20:16.401] Config(PART) Squad/Parts/Utility/linearVernorRCS/vernorEngine/vernierEngine
[LOG 18:20:16.401] Config(PART) Squad/Parts/Utility/mk2CargoBay/BayL/mk2CargoBayL
[LOG 18:20:16.401] Config(PART) Squad/Parts/Utility/mk2CargoBay/BayS/mk2CargoBayS
[LOG 18:20:16.401] Config(PART) Squad/Parts/Utility/mk2CrewCabin/mk2CrewCabin/mk2CrewCabin
[LOG 18:20:16.401] Config(PART) Squad/Parts/Utility/mk2DockingPort/mk2DockingPort/mk2DockingPort
[LOG 18:20:16.401] Config(PART) Squad/Parts/Utility/mk3CargoBay/long/mk3CargoBayL
[LOG 18:20:16.401] Config(PART) Squad/Parts/Utility/mk3CargoBay/medium/mk3CargoBayM
[LOG 18:20:16.401] Config(PART) Squad/Parts/Utility/mk3CargoBay/ramp/mk3CargoRamp
[LOG 18:20:16.401] Config(PART) Squad/Parts/Utility/mk3CargoBay/short/mk3CargoBayS
[LOG 18:20:16.401] Config(PART) Squad/Parts/Utility/parachuteMk1/parachuteMk1/parachuteSingle
[LOG 18:20:16.401] Config(PART) Squad/Parts/Utility/parachuteMk12-R/parachuteMk12-R/radialDrogue
[LOG 18:20:16.401] Config(PART) Squad/Parts/Utility/parachuteMk16-XL/parachuteMk16-XL/parachuteLarge
[LOG 18:20:16.402] Config(PART) Squad/Parts/Utility/parachuteMk2-R/parachuteMk2-R/parachuteRadial
[LOG 18:20:16.402] Config(PART) Squad/Parts/Utility/parachuteMk25/parachuteMk25/parachuteDrogue
[LOG 18:20:16.402] Config(PART) Squad/Parts/Utility/radialAttachmentPoint/radialAttachmentPoint/stackPoint1
[LOG 18:20:16.402] Config(PART) Squad/Parts/Utility/rcsBlockRV-105_v2/rcsBlockRV-105/RCSBlock_v2
[LOG 18:20:16.402] Config(PART) Squad/Parts/Utility/rcsBlockRV-105_v2/RCSblock_01_small/RCSblock_01_small
[LOG 18:20:16.402] Config(PART) Squad/Parts/Utility/rcsSmallLinear/RCSLinearSmall/RCSLinearSmall
[LOG 18:20:16.402] Config(PART) Squad/Parts/Utility/RelayAntennas/RA-100/RelayAntenna100
[LOG 18:20:16.402] Config(PART) Squad/Parts/Utility/RelayAntennas/RA-5/RelayAntenna5
[LOG 18:20:16.402] Config(PART) Squad/Parts/Utility/RelayAntennas/RA-50/RelayAntenna50
[LOG 18:20:16.402] Config(PART) Squad/Parts/Utility/rockomaxAdapters/largeAdapter/largeAdapter
[LOG 18:20:16.402] Config(PART) Squad/Parts/Utility/rockomaxAdapters/largeAdapterShort/largeAdapter2
[LOG 18:20:16.402] Config(PART) Squad/Parts/Utility/ServiceBay_v2/ServiceBay_125_v2/ServiceBay_125_v2
[LOG 18:20:16.402] Config(PART) Squad/Parts/Utility/ServiceBay_v2/ServiceBay_250_v2/ServiceBay_250_v2
[LOG 18:20:16.402] Config(PART) Squad/Parts/Utility/smallClaw/smallClaw/smallClaw
[LOG 18:20:16.402] Config(PART) Squad/Parts/Utility/spotLightMk1/spotLightMk1/spotLight1
[LOG 18:20:16.402] Config(PART) Squad/Parts/Utility/spotLightMk1_v2/spotLightMk1_v2/spotLight1_v2
[LOG 18:20:16.402] Config(PART) Squad/Parts/Utility/spotLightMk2/spotLightMk2/spotLight2
[LOG 18:20:16.402] Config(PART) Squad/Parts/Utility/spotLightMk2_v2/spotLightMk2_v2/spotLight2_v2
[LOG 18:20:16.403] Config(PART) Squad/Parts/Utility/stackCouplers/stackBiCoupler_v2/stackBiCoupler_v2
[LOG 18:20:16.403] Config(PART) Squad/Parts/Utility/stackCouplers/stackQuadCoupler/stackQuadCoupler
[LOG 18:20:16.403] Config(PART) Squad/Parts/Utility/stackCouplers/stackTriCoupler_v2/stackTriCoupler_v2
[LOG 18:20:16.403] Config(PART) Squad/Parts/Wheel/LandingGear/GearExtraLarge/GearLarge
[LOG 18:20:16.403] Config(PART) Squad/Parts/Wheel/LandingGear/GearFixed/GearFixed
[LOG 18:20:16.403] Config(PART) Squad/Parts/Wheel/LandingGear/GearFree/GearFree
[LOG 18:20:16.403] Config(PART) Squad/Parts/Wheel/LandingGear/GearLarge/GearMedium
[LOG 18:20:16.403] Config(PART) Squad/Parts/Wheel/LandingGear/GearMedium/GearSmall
[LOG 18:20:16.403] Config(PART) Squad/Parts/Wheel/LandingGear/GearSmall/SmallGearBay
[LOG 18:20:16.403] Config(PART) Squad/Parts/Wheel/roverWheelM1/roverWheelM1/roverWheel1
[LOG 18:20:16.403] Config(PART) Squad/Parts/Wheel/roverWheelS2/roverWheelS2/roverWheel2
[LOG 18:20:16.403] Config(PART) Squad/Parts/Wheel/roverWheelTR-2L/roverWheelTR-2L/wheelMed
[LOG 18:20:16.404] Config(PART) Squad/Parts/Wheel/roverWheelXL3/roverWheelXL3/roverWheel3
[LOG 18:20:16.404] Config(PROP) Squad/Props/AltimeterThreeHands/prop/AltimeterThreeHands
[LOG 18:20:16.404] Config(PROP) Squad/Props/AtmosphereDepth/prop/AtmosphereDepth
[LOG 18:20:16.404] Config(PROP) Squad/Props/AxisIndicator/pitchConfig/AxisIndicatorPitch
[LOG 18:20:16.404] Config(PROP) Squad/Props/AxisIndicator/rollConfig/AxisIndicatorRoll
[LOG 18:20:16.404] Config(PROP) Squad/Props/AxisIndicator/yawConfig/AxisIndicatorYaw
[LOG 18:20:16.404] Config(PROP) Squad/Props/buttonsGeneric/circularButton/genericCircularButton
[LOG 18:20:16.404] Config(PROP) Squad/Props/buttonsGeneric/clusterButtons/genericClusterButtons
[LOG 18:20:16.404] Config(PROP) Squad/Props/buttonsGeneric/clusterButtons2/genericClusterButtons2
[LOG 18:20:16.404] Config(PROP) Squad/Props/buttonsGeneric/clusterKnob/genericClusterKnobs
[LOG 18:20:16.404] Config(PROP) Squad/Props/buttonsGeneric/clusterKnob2/genericClusterKnobs2
[LOG 18:20:16.404] Config(PROP) Squad/Props/buttonsGeneric/clusterMixed/genericClusterMixed
[LOG 18:20:16.404] Config(PROP) Squad/Props/buttonsGeneric/clusterSwitches01/genericClusterSwitches01
[LOG 18:20:16.404] Config(PROP) Squad/Props/buttonsGeneric/clusterSwitches02/genericClusterSwitches02
[LOG 18:20:16.404] Config(PROP) Squad/Props/buttonsGeneric/clusterSwitches03/genericClusterSwitches03
[LOG 18:20:16.405] Config(PROP) Squad/Props/buttonsGeneric/clusterSwitches04/genericClusterSwitches04
[LOG 18:20:16.405] Config(PROP) Squad/Props/buttonsGeneric/clusterSwitches05/genericClusterSwitches05
[LOG 18:20:16.405] Config(PROP) Squad/Props/buttonsGeneric/clusterSwitches06/genericClusterSwitches06
[LOG 18:20:16.405] Config(PROP) Squad/Props/buttonsGeneric/clusterSwitches07/genericClusterSwitches07
[LOG 18:20:16.405] Config(PROP) Squad/Props/buttonsGeneric/directionalKnob/genericDirectionalKnob
[LOG 18:20:16.405] Config(PROP) Squad/Props/buttonsGeneric/directionalKnob2/genericDirectionalKnob2
[LOG 18:20:16.405] Config(PROP) Squad/Props/buttonsGeneric/pullSwitch/genericPullSwitch
[LOG 18:20:16.405] Config(PROP) Squad/Props/buttonsGeneric/squareButton/genericSquareButton
[LOG 18:20:16.405] Config(PROP) Squad/Props/buttonsGeneric/standingSwitch/genericStandingSwitch
[LOG 18:20:16.405] Config(PROP) Squad/Props/buttonsGeneric/switch/genericSwitch
[LOG 18:20:16.405] Config(PROP) Squad/Props/buttonsGeneric/switchWithGuards/genericSwitchWithGuards
[LOG 18:20:16.405] Config(PROP) Squad/Props/ButtonSquare/prop/ButtonSquare
[LOG 18:20:16.405] Config(PROP) Squad/Props/circularButton/prop/circularButton
[LOG 18:20:16.405] Config(PROP) Squad/Props/Compass/prop/Compass
[LOG 18:20:16.405] Config(PROP) Squad/Props/directionalKnob/prop/directionalKnob
[LOG 18:20:16.405] Config(PROP) Squad/Props/directionalKnob2/prop/directionalKnob2
[LOG 18:20:16.405] Config(PROP) Squad/Props/IndicatorPanel/prop/IndicatorPanel
[LOG 18:20:16.405] Config(PROP) Squad/Props/IVANavBall/prop/NavBall
[LOG 18:20:16.405] Config(PROP) Squad/Props/IVANavBallNoBase/prop/NavBallNoBase
[LOG 18:20:16.405] Config(PROP) Squad/Props/ledPanelSpeed/prop/ledPanelSpeed
[LOG 18:20:16.405] Config(PROP) Squad/Props/Monitor/DockingMode/MonitorDockingMode
[LOG 18:20:16.405] Config(PROP) Squad/Props/NavBall/prop/NavBall
[LOG 18:20:16.405] Config(PROP) Squad/Props/PropsGeneric/Button_DockingMode/Button_DockingMode
[LOG 18:20:16.405] Config(PROP) Squad/Props/PropsGeneric/CargoBagA/CargoBagA
[LOG 18:20:16.405] Config(PROP) Squad/Props/PropsGeneric/CargoBagB/CargoBagB
[LOG 18:20:16.405] Config(PROP) Squad/Props/PropsGeneric/CargoBagC/CargoBagC
[LOG 18:20:16.405] Config(PROP) Squad/Props/PropsGeneric/Hatch_Plane/Hatch_Plane
[LOG 18:20:16.405] Config(PROP) Squad/Props/PropsGeneric/Hatch_Plane_Curve90/Hatch_Plane_Curve90
[LOG 18:20:16.406] Config(PROP) Squad/Props/PropsGeneric/Hatch_Plane_Frame/Hatch_Plane_Frame
[LOG 18:20:16.406] Config(PROP) Squad/Props/PropsGeneric/Seat_Passenger/Seat_Passenger
[LOG 18:20:16.406] Config(PROP) Squad/Props/PropsGeneric/Seat_Pilot/Seat_Pilot
[LOG 18:20:16.406] Config(PROP) Squad/Props/PropsGeneric/Seat_Pilot_Helmet/Seat_Pilot_Helmet
[LOG 18:20:16.410] Config(PROP) Squad/Props/PropsGeneric/SideStick/SideStick
[LOG 18:20:16.411] Config(PROP) Squad/Props/pullSwitch/prop/pullSwitch
[LOG 18:20:16.411] Config(PROP) Squad/Props/radarAltitude/prop/RadarAltimeter
[LOG 18:20:16.411] Config(PROP) Squad/Props/squareButton/prop/squareButton
[LOG 18:20:16.411] Config(PROP) Squad/Props/standingSwitch/prop/standingSwitch
[LOG 18:20:16.411] Config(PROP) Squad/Props/switch/prop/switch
[LOG 18:20:16.411] Config(PROP) Squad/Props/switchGuard/prop/switchGuard
[LOG 18:20:16.411] Config(PROP) Squad/Props/switchWithGuards/prop/switchWithGuards
[LOG 18:20:16.411] Config(PROP) Squad/Props/throttle/prop/throttle
[LOG 18:20:16.411] Config(PROP) Squad/Props/VSI/prop/VSI
[LOG 18:20:16.411] Config(SPACEOBJECTS_LIMITS) Squad/Resources/CometDefs/SPACEOBJECTS_LIMITS
[LOG 18:20:16.411] Config(COMET_MANAGER) Squad/Resources/CometDefs/COMET_MANAGER
[LOG 18:20:16.411] Config(COMET_ORBIT_TYPE) Squad/Resources/CometDefs/short
[LOG 18:20:16.411] Config(COMET_ORBIT_TYPE) Squad/Resources/CometDefs/intermediate
[LOG 18:20:16.411] Config(COMET_ORBIT_TYPE) Squad/Resources/CometDefs/long
[LOG 18:20:16.411] Config(COMET_ORBIT_TYPE) Squad/Resources/CometDefs/interstellar
[LOG 18:20:16.411] Config(FIREWORKFX_DEFINITION) Squad/Resources/FireworkFXDefinitions/classicTrail
[LOG 18:20:16.411] Config(FIREWORKFX_DEFINITION) Squad/Resources/FireworkFXDefinitions/whirlyTrail
[LOG 18:20:16.411] Config(FIREWORKFX_DEFINITION) Squad/Resources/FireworkFXDefinitions/strobeTrail
[LOG 18:20:16.411] Config(FIREWORKFX_DEFINITION) Squad/Resources/FireworkFXDefinitions/bareTrail
[LOG 18:20:16.412] Config(FIREWORKFX_DEFINITION) Squad/Resources/FireworkFXDefinitions/classicBurst
[LOG 18:20:16.412] Config(FIREWORKFX_DEFINITION) Squad/Resources/FireworkFXDefinitions/chrysBurst
[LOG 18:20:16.412] Config(FIREWORKFX_DEFINITION) Squad/Resources/FireworkFXDefinitions/palmBurst
[LOG 18:20:16.412] Config(FIREWORKFX_DEFINITION) Squad/Resources/FireworkFXDefinitions/ringBurst
[LOG 18:20:16.412] Config(FIREWORKFX_DEFINITION) Squad/Resources/FireworkFXDefinitions/crosetteBurst
[LOG 18:20:16.412] Config(FIREWORKFX_DEFINITION) Squad/Resources/FireworkFXDefinitions/willowBurst
[LOG 18:20:16.412] Config(FIREWORKFX_DEFINITION) Squad/Resources/FireworkFXDefinitions/crackeBurst
[LOG 18:20:16.412] Config(FIREWORKFX_DEFINITION) Squad/Resources/FireworkFXDefinitions/palmCrackleBurst
[LOG 18:20:16.412] Config(FIREWORKFX_DEFINITION) Squad/Resources/FireworkFXDefinitions/dragonBurst
[LOG 18:20:16.412] Config(GLOBAL_RESOURCE) Squad/Resources/Ore/GLOBAL_RESOURCE
[LOG 18:20:16.412] Config(PLANETARY_RESOURCE) Squad/Resources/Ore/PLANETARY_RESOURCE
[LOG 18:20:16.412] Config(PLANETARY_RESOURCE) Squad/Resources/Ore/PLANETARY_RESOURCE
[LOG 18:20:16.413] Config(RESOURCE_OVERLAY_CONFIGURATION_SOLID) Squad/Resources/Overlay/RESOURCE_OVERLAY_CONFIGURATION_SOLID
[LOG 18:20:16.413] Config(RESOURCE_OVERLAY_CONFIGURATION_LINES) Squad/Resources/Overlay/RESOURCE_OVERLAY_CONFIGURATION_LINES
[LOG 18:20:16.413] Config(RESOURCE_OVERLAY_CONFIGURATION_DOTS) Squad/Resources/Overlay/RESOURCE_OVERLAY_CONFIGURATION_DOTS
[LOG 18:20:16.413] Config(RESOURCE_CONFIGURATION) Squad/Resources/ResourceDefaults/RESOURCE_CONFIGURATION
[LOG 18:20:16.413] Config(RESOURCE_DEFINITION) Squad/Resources/ResourcesGeneric/LiquidFuel
[LOG 18:20:16.413] Config(RESOURCE_DEFINITION) Squad/Resources/ResourcesGeneric/Oxidizer
[LOG 18:20:16.413] Config(RESOURCE_DEFINITION) Squad/Resources/ResourcesGeneric/SolidFuel
[LOG 18:20:16.413] Config(RESOURCE_DEFINITION) Squad/Resources/ResourcesGeneric/MonoPropellant
[LOG 18:20:16.413] Config(RESOURCE_DEFINITION) Squad/Resources/ResourcesGeneric/XenonGas
[LOG 18:20:16.413] Config(RESOURCE_DEFINITION) Squad/Resources/ResourcesGeneric/ElectricCharge
[LOG 18:20:16.413] Config(RESOURCE_DEFINITION) Squad/Resources/ResourcesGeneric/IntakeAir
[LOG 18:20:16.413] Config(RESOURCE_DEFINITION) Squad/Resources/ResourcesGeneric/EVA Propellant
[LOG 18:20:16.413] Config(RESOURCE_DEFINITION) Squad/Resources/ResourcesGeneric/Ore
[LOG 18:20:16.413] Config(RESOURCE_DEFINITION) Squad/Resources/ResourcesGeneric/Ablator
[LOG 18:20:16.413] Config(EXPERIMENT_DEFINITION) Squad/Resources/ScienceDefs/EXPERIMENT_DEFINITION
[LOG 18:20:16.413] Config(EXPERIMENT_DEFINITION) Squad/Resources/ScienceDefs/EXPERIMENT_DEFINITION
[LOG 18:20:16.413] Config(EXPERIMENT_DEFINITION) Squad/Resources/ScienceDefs/EXPERIMENT_DEFINITION
[LOG 18:20:16.414] Config(EXPERIMENT_DEFINITION) Squad/Resources/ScienceDefs/EXPERIMENT_DEFINITION
[LOG 18:20:16.414] Config(EXPERIMENT_DEFINITION) Squad/Resources/ScienceDefs/EXPERIMENT_DEFINITION
[LOG 18:20:16.414] Config(EXPERIMENT_DEFINITION) Squad/Resources/ScienceDefs/EXPERIMENT_DEFINITION
[LOG 18:20:16.414] Config(EXPERIMENT_DEFINITION) Squad/Resources/ScienceDefs/EXPERIMENT_DEFINITION
[LOG 18:20:16.414] Config(EXPERIMENT_DEFINITION) Squad/Resources/ScienceDefs/EXPERIMENT_DEFINITION
[LOG 18:20:16.414] Config(EXPERIMENT_DEFINITION) Squad/Resources/ScienceDefs/EXPERIMENT_DEFINITION
[LOG 18:20:16.414] Config(EXPERIMENT_DEFINITION) Squad/Resources/ScienceDefs/EXPERIMENT_DEFINITION
[LOG 18:20:16.414] Config(EXPERIMENT_DEFINITION) Squad/Resources/ScienceDefs/EXPERIMENT_DEFINITION
[LOG 18:20:16.414] Config(EXPERIMENT_DEFINITION) Squad/Resources/ScienceDefs/EXPERIMENT_DEFINITION
[LOG 18:20:16.414] Config(EXPERIMENT_DEFINITION) Squad/Resources/ScienceDefs/EXPERIMENT_DEFINITION
[LOG 18:20:16.414] Config(EXPERIMENT_DEFINITION) Squad/Resources/ScienceDefs/EXPERIMENT_DEFINITION
[LOG 18:20:16.414] Config(EXPERIMENT_DEFINITION) Squad/Resources/ScienceDefs/EXPERIMENT_DEFINITION
[LOG 18:20:16.414] Config(EXPERIMENT_DEFINITION) Squad/Resources/ScienceDefs/EXPERIMENT_DEFINITION
[LOG 18:20:16.414] Config(EXPERIMENT_DEFINITION) Squad/Resources/ScienceDefs/EXPERIMENT_DEFINITION
[LOG 18:20:16.414] Config(EXPERIMENT_DEFINITION) Squad/Resources/ScienceDefs/EXPERIMENT_DEFINITION
[LOG 18:20:16.414] Config(STORY_DEF) Squad/Resources/StoryDefs/STORY_DEF
[LOG 18:20:16.414] Config(TechTree) Squad/Resources/TechTree/TechTree
[LOG 18:20:16.414] Config(INTERNAL) Squad/Spaces/crewCabinInternals/internal/crewCabinInternals
[LOG 18:20:16.414] Config(INTERNAL) Squad/Spaces/cupolaInternal/internal/cupolaInternal
[LOG 18:20:16.415] Config(INTERNAL) Squad/Spaces/GenericSpace1/internal/GenericSpace1
[LOG 18:20:16.415] Config(INTERNAL) Squad/Spaces/GenericSpace3/internal/GenericSpace3
[LOG 18:20:16.415] Config(INTERNAL) Squad/Spaces/landerCabinInternals/internal/landerCabinInternals
[LOG 18:20:16.415] Config(INTERNAL) Squad/Spaces/landerCabinSmallInternal/internal/landerCabinSmallInternal
[LOG 18:20:16.415] Config(INTERNAL) Squad/Spaces/LargeCrewedLabInternals/internal/Mobile_Processing_Lab_Int
[LOG 18:20:16.415] Config(INTERNAL) Squad/Spaces/Mk1-3/internal/Mk1-3
[LOG 18:20:16.415] Config(INTERNAL) Squad/Spaces/mk1CabinInternal/internal/mk1CabinInternal
[LOG 18:20:16.415] Config(INTERNAL) Squad/Spaces/mk1CockpitInternal/internal/mk1CockpitInternal
[LOG 18:20:16.415] Config(INTERNAL) Squad/Spaces/mk1InlineInternal/internal/mk1InlineInternal
[LOG 18:20:16.415] Config(INTERNAL) Squad/Spaces/mk1PodCockpit/internal/mk1PodCockpit
[LOG 18:20:16.415] Config(INTERNAL) Squad/Spaces/mk1pod_IVA/mk1pod_Internal/mk1pod_IVA
[LOG 18:20:16.415] Config(INTERNAL) Squad/Spaces/mk2CockpitStandardInternal/internal/mk2CockpitStandardInternals
[LOG 18:20:16.415] Config(INTERNAL) Squad/Spaces/Mk2CrewCabinInternal/internal_MK2_CrewCab/MK2_CrewCab_Int
[LOG 18:20:16.415] Config(INTERNAL) Squad/Spaces/mk2InlineInternal/internal/mk2InlineInternal
[LOG 18:20:16.415] Config(INTERNAL) Squad/Spaces/mk2LanderCanInternal/internal/mk2LanderCanInternal
[LOG 18:20:16.415] Config(INTERNAL) Squad/Spaces/MK3CockpitInternal/internal_MK3/MK3_Cockpit_Int
[LOG 18:20:16.415] Config(INTERNAL) Squad/Spaces/MK3_CrewCab_Int/internal_MK3_CrewCab/MK3_CrewCab_Int
[LOG 18:20:16.415] Config(INTERNAL) Squad/Spaces/Placeholder/internal/Placeholder
[LOG 18:20:16.415] Config(INTERNAL) Squad/Spaces/PodCockpit/internal/PodCockpit
[LOG 18:20:16.415] Config(STRATEGY_DEPARTMENT) Squad/Strategies/Departments/Finances
[LOG 18:20:16.415] Config(STRATEGY_DEPARTMENT) Squad/Strategies/Departments/Science
[LOG 18:20:16.415] Config(STRATEGY_DEPARTMENT) Squad/Strategies/Departments/Public Relations
[LOG 18:20:16.415] Config(STRATEGY_DEPARTMENT) Squad/Strategies/Departments/Operations
[LOG 18:20:16.415] Config(STRATEGY) Squad/Strategies/Strategies/AppreciationCampaignCfg
[LOG 18:20:16.416] Config(STRATEGY) Squad/Strategies/Strategies/FundraisingCampaignCfg
[LOG 18:20:16.416] Config(STRATEGY) Squad/Strategies/Strategies/OpenSourceTechProgramCfg
[LOG 18:20:16.416] Config(STRATEGY) Squad/Strategies/Strategies/UnpaidResearchProgramCfg
[LOG 18:20:16.416] Config(STRATEGY) Squad/Strategies/Strategies/OutsourcedResearchCfg
[LOG 18:20:16.416] Config(STRATEGY) Squad/Strategies/Strategies/PatentsLicensingCfg
[LOG 18:20:16.416] Config(STRATEGY) Squad/Strategies/Strategies/AgressiveNegotiations
[LOG 18:20:16.416] Config(STRATEGY) Squad/Strategies/Strategies/RecoveryTransponders
[LOG 18:20:16.416] Config(STRATEGY) Squad/Strategies/Strategies/BailoutGrant
[LOG 18:20:16.416] Config(STRATEGY) Squad/Strategies/Strategies/researchIPsellout
[LOG 18:20:16.416] Config(STRATEGY) Squad/Strategies/Strategies/LeadershipInitiative
[LOG 18:20:16.416] Config(TUTORIAL) Squad/Tutorials/FlightSuborbital/FlightSuborbital
[LOG 18:20:16.416] Config(TUTORIAL) Squad/Tutorials/FromMun/FromMun
[LOG 18:20:16.416] Config(TUTORIAL) Squad/Tutorials/GoForOrbit/GoForOrbit
[LOG 18:20:16.416] Config(MISSIONPACK) SquadExpansion/MakingHistory/Missions/MissionPacks/squad_MakingHistory
[LOG 18:20:16.416] Config(MISSIONPACK) SquadExpansion/MakingHistory/Missions/MissionPacks/squad_MakingHistory_Other
[LOG 18:20:16.416] Config(MISSIONPACK) SquadExpansion/MakingHistory/Missions/MissionPacks/squad_MakingHistory_Tutorial
[LOG 18:20:16.416] Config(MEBASICNODE) SquadExpansion/MakingHistory/Nodes/AccuracyLogic/TestAccuracyLogic
[LOG 18:20:16.416] Config(MEBASICNODE) SquadExpansion/MakingHistory/Nodes/ActionChancePartResourceLevels/ActionPartResourceAmount
[LOG 18:20:16.416] Config(MEBASICNODE) SquadExpansion/MakingHistory/Nodes/ActionExplode/ActionVesselExplode
[LOG 18:20:16.416] Config(MEBASICNODE) SquadExpansion/MakingHistory/Nodes/ActionMissionScore/MissionScore
[LOG 18:20:16.416] Config(MEBASICNODE) SquadExpansion/MakingHistory/Nodes/ActionModifierFunds/ModifyFunds
[LOG 18:20:16.416] Config(MEBASICNODE) SquadExpansion/MakingHistory/Nodes/ActionModifierScore/MissionScore
[LOG 18:20:16.416] Config(MEBASICNODE) SquadExpansion/MakingHistory/Nodes/ActionPartExplode/ActionPartExplode
[LOG 18:20:16.416] Config(MEBASICNODE) SquadExpansion/MakingHistory/Nodes/ActionPartResourceDrain/ActionPartResourceDrain
[LOG 18:20:16.416] Config(MEBASICNODE) SquadExpansion/MakingHistory/Nodes/ActionVesselActionGroup/ActionVesselActionGroup
[LOG 18:20:16.416] Config(MEBASICNODE) SquadExpansion/MakingHistory/Nodes/ActionVesselStage/ActionVesselStage
[LOG 18:20:16.417] Config(MEBASICNODE) SquadExpansion/MakingHistory/Nodes/CreateAsteroid/CreateAsteroid
[LOG 18:20:16.417] Config(MEBASICNODE) SquadExpansion/MakingHistory/Nodes/CreateComet/CreateComet
[LOG 18:20:16.417] Config(MEBASICNODE) SquadExpansion/MakingHistory/Nodes/CreateFlag/CreateFlag
[LOG 18:20:16.417] Config(MEBASICNODE) SquadExpansion/MakingHistory/Nodes/CreateLaunchSite/CreateLaunchSite
[LOG 18:20:16.417] Config(MEBASICNODE) SquadExpansion/MakingHistory/Nodes/CreateVessel/CreateVessel
[LOG 18:20:16.417] Config(MEBASICNODE) SquadExpansion/MakingHistory/Nodes/CrewAssignment/TestCrewAssignment
[LOG 18:20:16.417] Config(MEBASICNODE) SquadExpansion/MakingHistory/Nodes/Destroyed/Crashed
[LOG 18:20:16.417] Config(MEBASICNODE) SquadExpansion/MakingHistory/Nodes/DialogMessage/DialogMessage
[LOG 18:20:16.417] Config(MEBASICNODE) SquadExpansion/MakingHistory/Nodes/Distance/Distance
[LOG 18:20:16.417] Config(MEBASICNODE) SquadExpansion/MakingHistory/Nodes/EmptyFalse/EmptyFalse
[LOG 18:20:16.417] Config(MEBASICNODE) SquadExpansion/MakingHistory/Nodes/EmptyTrue/EmptyTrue
[LOG 18:20:16.417] Config(MEBASICNODE) SquadExpansion/MakingHistory/Nodes/EscapeSOI/SOILeft
[LOG 18:20:16.417] Config(MEBASICNODE) SquadExpansion/MakingHistory/Nodes/EVA/EVA
[LOG 18:20:16.417] Config(MEBASICNODE) SquadExpansion/MakingHistory/Nodes/Flying/Flying
[LOG 18:20:16.417] Config(MEBASICNODE) SquadExpansion/MakingHistory/Nodes/FundsRecovery/FundsRecovery
[LOG 18:20:16.417] Config(MEBASICNODE) SquadExpansion/MakingHistory/Nodes/KerbalBoarded/TestKerbalBoarded
[LOG 18:20:16.417] Config(MEBASICNODE) SquadExpansion/MakingHistory/Nodes/KerbalKilled/EVA
[LOG 18:20:16.417] Config(MEBASICNODE) SquadExpansion/MakingHistory/Nodes/KerbalRecovery/KerbalRecovery
[LOG 18:20:16.417] Config(MEBASICNODE) SquadExpansion/MakingHistory/Nodes/KerbalRescue/KerbalRescue
[LOG 18:20:16.417] Config(MEBASICNODE) SquadExpansion/MakingHistory/Nodes/Landed/Landed
[LOG 18:20:16.417] Config(MEBASICNODE) SquadExpansion/MakingHistory/Nodes/Message/Message
[LOG 18:20:16.417] Config(MEBASICNODE) SquadExpansion/MakingHistory/Nodes/MissionFunds/MissionFunds
[LOG 18:20:16.417] Config(MEBASICNODE) SquadExpansion/MakingHistory/Nodes/MissionScore/MissionScore
[LOG 18:20:16.417] Config(MEBASICNODE) SquadExpansion/MakingHistory/Nodes/Orbit/Orbit
[LOG 18:20:16.417] Config(MEBASICNODE) SquadExpansion/MakingHistory/Nodes/OrbitParams/OrbitParams
[LOG 18:20:16.417] Config(MEBASICNODE) SquadExpansion/MakingHistory/Nodes/PartDocking/TestPartDocking
[LOG 18:20:16.417] Config(MEBASICNODE) SquadExpansion/MakingHistory/Nodes/PartFailure/PartFailure
[LOG 18:20:16.418] Config(MEBASICNODE) SquadExpansion/MakingHistory/Nodes/PartGrapple/TestGrapple
[LOG 18:20:16.418] Config(MEBASICNODE) SquadExpansion/MakingHistory/Nodes/PartRepair/PartRepair
[LOG 18:20:16.418] Config(MEBASICNODE) SquadExpansion/MakingHistory/Nodes/PlaceKerbal/CreateKerbal
[LOG 18:20:16.418] Config(MEBASICNODE) SquadExpansion/MakingHistory/Nodes/PlantFlag/PlantFlag
[LOG 18:20:16.418] Config(MEBASICNODE) SquadExpansion/MakingHistory/Nodes/ReachSOI/ReachSOI
[LOG 18:20:16.418] Config(MEBASICNODE) SquadExpansion/MakingHistory/Nodes/Resource/ResourceAmount
[LOG 18:20:16.418] Config(MEBASICNODE) SquadExpansion/MakingHistory/Nodes/ResourceRecovery/TestResourcesRecovery
[LOG 18:20:16.418] Config(MEBASICNODE) SquadExpansion/MakingHistory/Nodes/ScienceExperiment/ScienceExperiment
[LOG 18:20:16.418] Config(MEBASICNODE) SquadExpansion/MakingHistory/Nodes/SetCamera/SetCamera
[LOG 18:20:16.418] Config(MEBASICNODE) SquadExpansion/MakingHistory/Nodes/SplashDown/SplashDown
[LOG 18:20:16.418] Config(MEBASICNODE) SquadExpansion/MakingHistory/Nodes/StageActivated/TestVesselStageActivated
[LOG 18:20:16.418] Config(MEBASICNODE) SquadExpansion/MakingHistory/Nodes/TakeKerbal/TestTakeKerbal
[LOG 18:20:16.418] Config(MEBASICNODE) SquadExpansion/MakingHistory/Nodes/TestFlyThrough/TestFlyThrough
[LOG 18:20:16.418] Config(MEBASICNODE) SquadExpansion/MakingHistory/Nodes/TestGoTo/TestGoTo
[LOG 18:20:16.418] Config(MEBASICNODE) SquadExpansion/MakingHistory/Nodes/TimeMET/TimeMET
[LOG 18:20:16.418] Config(MEBASICNODE) SquadExpansion/MakingHistory/Nodes/TimeOfMission/TimeOfMission
[LOG 18:20:16.418] Config(MEBASICNODE) SquadExpansion/MakingHistory/Nodes/TimeSinceNode/TestTimeSinceNode
[LOG 18:20:16.418] Config(MEBASICNODE) SquadExpansion/MakingHistory/Nodes/VesselActiveCount/TestVesselActiveCount
[LOG 18:20:16.418] Config(MEBASICNODE) SquadExpansion/MakingHistory/Nodes/VesselAltitudeGoal/VesselAltitudeGoal
[LOG 18:20:16.418] Config(MEBASICNODE) SquadExpansion/MakingHistory/Nodes/VesselCrewCount/VeselCrewCount
[LOG 18:20:16.418] Config(MEBASICNODE) SquadExpansion/MakingHistory/Nodes/VesselMassLogic/VesselMass
[LOG 18:20:16.418] Config(MEBASICNODE) SquadExpansion/MakingHistory/Nodes/VesselPartCount/PartCount
[LOG 18:20:16.418] Config(MEBASICNODE) SquadExpansion/MakingHistory/Nodes/VesselRecovery/TestVesselRecovery
[LOG 18:20:16.418] Config(MEBASICNODE) SquadExpansion/MakingHistory/Nodes/VesselStage/TestVesselStage
[LOG 18:20:16.418] Config(MEBASICNODE) SquadExpansion/MakingHistory/Nodes/VesselVelocity/VesselVelocity
[LOG 18:20:16.419] Config(PART) SquadExpansion/MakingHistory/Parts/Aero/protectiveRocketNoseMk16/rocketNoseCone_size4/rocketNoseConeSize4
[LOG 18:20:16.419] Config(PART) SquadExpansion/MakingHistory/Parts/Aero/protectiveRocketNoseMk5A/Size_1_5_Cone/Size_1_5_Cone
[LOG 18:20:16.419] Config(PART) SquadExpansion/MakingHistory/Parts/Coupling/Decoupler_1p5/Decoupler_1p5
[LOG 18:20:16.419] Config(PART) SquadExpansion/MakingHistory/Parts/Coupling/Decoupler_4/Decoupler_4
[LOG 18:20:16.419] Config(PART) SquadExpansion/MakingHistory/Parts/Coupling/EnginePlate_1p5/EnginePlate1p5
[LOG 18:20:16.419] Config(PART) SquadExpansion/MakingHistory/Parts/Coupling/EnginePlate_2/EnginePlate2
[LOG 18:20:16.419] Config(PART) SquadExpansion/MakingHistory/Parts/Coupling/EnginePlate_3/EnginePlate3
[LOG 18:20:16.419] Config(PART) SquadExpansion/MakingHistory/Parts/Coupling/EnginePlate_4/EnginePlate4
[LOG 18:20:16.419] Config(PART) SquadExpansion/MakingHistory/Parts/Coupling/EnginePlate_5/EnginePlate5
[LOG 18:20:16.419] Config(PART) SquadExpansion/MakingHistory/Parts/Coupling/InflatableAirlock/InflatableAirlock
[LOG 18:20:16.419] Config(PART) SquadExpansion/MakingHistory/Parts/Coupling/Separator_1p5/Separator_1p5
[LOG 18:20:16.419] Config(PART) SquadExpansion/MakingHistory/Parts/Coupling/Separator_4/Separator_4
[LOG 18:20:16.419] Config(PART) SquadExpansion/MakingHistory/Parts/Coupling/Size1p5_Strut_Decoupler/Size1p5_Strut_Decoupler
[LOG 18:20:16.419] Config(PART) SquadExpansion/MakingHistory/Parts/Engine/LiquidEngineKE-1/LiquidEngineKE-1
[LOG 18:20:16.419] Config(PART) SquadExpansion/MakingHistory/Parts/Engine/LiquidEngineLV-T91/LiquidEngineLV-T91
[LOG 18:20:16.419] Config(PART) SquadExpansion/MakingHistory/Parts/Engine/LiquidEngineLV-TX87/LiquidEngineLV-TX87
[LOG 18:20:16.419] Config(PART) SquadExpansion/MakingHistory/Parts/Engine/LiquidEngineRE-I2/LiquidEngineRE-I2
[LOG 18:20:16.419] Config(PART) SquadExpansion/MakingHistory/Parts/Engine/LiquidEngineRE-J10/LiquidEngineRE-J10
[LOG 18:20:16.419] Config(PART) SquadExpansion/MakingHistory/Parts/Engine/LiquidEngineRK-7/LiquidEngineRK-7
[LOG 18:20:16.419] Config(PART) SquadExpansion/MakingHistory/Parts/Engine/LiquidEngineRV-1/LiquidEngineRV-1
[LOG 18:20:16.419] Config(PART) SquadExpansion/MakingHistory/Parts/Engine/solidBoosterTHK/solidBoosterTHK/Pollux
[LOG 18:20:16.419] Config(PART) SquadExpansion/MakingHistory/Parts/FuelTank/MonoPropMini/monopropMiniSphere
[LOG 18:20:16.419] Config(PART) SquadExpansion/MakingHistory/Parts/FuelTank/Size1p5_Monoprop/Size1p5_Monoprop
[LOG 18:20:16.420] Config(PART) SquadExpansion/MakingHistory/Parts/FuelTank/Size1p5_Size0_Adapter_01/Size1p5_Size0_Adapter_01
[LOG 18:20:16.420] Config(PART) SquadExpansion/MakingHistory/Parts/FuelTank/Size1p5_Size1_Adapter_01/Size1p5_Size1_Adapter_01
[LOG 18:20:16.420] Config(PART) SquadExpansion/MakingHistory/Parts/FuelTank/Size1p5_Size1_Adapter_02/Size1p5_Size1_Adapter_02
[LOG 18:20:16.420] Config(PART) SquadExpansion/MakingHistory/Parts/FuelTank/Size1p5_Size2_Adapter_01/Size1p5_Size2_Adapter_01
[LOG 18:20:16.420] Config(PART) SquadExpansion/MakingHistory/Parts/FuelTank/Size1p5_Tank_01/Size1p5_Tank_01
[LOG 18:20:16.420] Config(PART) SquadExpansion/MakingHistory/Parts/FuelTank/Size1p5_Tank_02/Size1p5_Tank_02
[LOG 18:20:16.420] Config(PART) SquadExpansion/MakingHistory/Parts/FuelTank/Size1p5_Tank_03/Size1p5_Tank_03
[LOG 18:20:16.420] Config(PART) SquadExpansion/MakingHistory/Parts/FuelTank/Size1p5_Tank_04/Size1p5_Tank_04
[LOG 18:20:16.420] Config(PART) SquadExpansion/MakingHistory/Parts/FuelTank/Size1p5_Tank_05/Size1p5_Tank_05
[LOG 18:20:16.420] Config(PART) SquadExpansion/MakingHistory/Parts/FuelTank/Size3_Size4_Adapter_01/Size3_Size4_Adapter_01
[LOG 18:20:16.420] Config(PART) SquadExpansion/MakingHistory/Parts/FuelTank/Size4_EngineAdapter_01/Size4_EngineAdapter_01
[LOG 18:20:16.420] Config(PART) SquadExpansion/MakingHistory/Parts/FuelTank/Size4_Tank_01/Size4_Tank_01
[LOG 18:20:16.420] Config(PART) SquadExpansion/MakingHistory/Parts/FuelTank/Size4_Tank_02/Size4_Tank_02
[LOG 18:20:16.420] Config(PART) SquadExpansion/MakingHistory/Parts/FuelTank/Size4_Tank_03/Size4_Tank_03
[LOG 18:20:16.420] Config(PART) SquadExpansion/MakingHistory/Parts/FuelTank/Size4_Tank_04/Size4_Tank_04
[LOG 18:20:16.420] Config(PART) SquadExpansion/MakingHistory/Parts/Ground/RoverWheel/roverWheelM1-F
[LOG 18:20:16.420] Config(PART) SquadExpansion/MakingHistory/Parts/Payload/fairingSize1p5/fairingSize1p5
[LOG 18:20:16.420] Config(PART) SquadExpansion/MakingHistory/Parts/Payload/fairingSize4/fairingSize4
[LOG 18:20:16.420] Config(PART) SquadExpansion/MakingHistory/Parts/Payload/Size1to0ServiceModule/Size1to0ServiceModule
[LOG 18:20:16.420] Config(PART) SquadExpansion/MakingHistory/Parts/Payload/SM18/ServiceModule18
[LOG 18:20:16.420] Config(PART) SquadExpansion/MakingHistory/Parts/Payload/SM25/ServiceModule25
[LOG 18:20:16.420] Config(PART) SquadExpansion/MakingHistory/Parts/Pods/KV1Pod/kv1Pod
[LOG 18:20:16.420] Config(PART) SquadExpansion/MakingHistory/Parts/Pods/KV2Pod/kv2Pod
[LOG 18:20:16.420] Config(PART) SquadExpansion/MakingHistory/Parts/Pods/KV3Pod/kv3Pod
[LOG 18:20:16.420] Config(PART) SquadExpansion/MakingHistory/Parts/Pods/Mk2Pod/Mk2Pod
[LOG 18:20:16.421] Config(PART) SquadExpansion/MakingHistory/Parts/Pods/Size1_5_Lander/MEMLander
[LOG 18:20:16.421] Config(PART) SquadExpansion/MakingHistory/Parts/Prebuilt/kerbalEVAfemaleVintage/kerbalEVAfemaleVintage
[LOG 18:20:16.421] Config(PART) SquadExpansion/MakingHistory/Parts/Prebuilt/kerbalEVAVintage/kerbalEVAVintage
[LOG 18:20:16.421] Config(PART) SquadExpansion/MakingHistory/Parts/Structural/EquiTriangle0/EquiTriangle0
[LOG 18:20:16.421] Config(PART) SquadExpansion/MakingHistory/Parts/Structural/EquiTriangle1/EquiTriangle1
[LOG 18:20:16.421] Config(PART) SquadExpansion/MakingHistory/Parts/Structural/EquiTriangle1p5/EquiTriangle1p5
[LOG 18:20:16.421] Config(PART) SquadExpansion/MakingHistory/Parts/Structural/EquiTriangle2/EquiTriangle2
[LOG 18:20:16.421] Config(PART) SquadExpansion/MakingHistory/Parts/Structural/Panel0/Panel0
[LOG 18:20:16.421] Config(PART) SquadExpansion/MakingHistory/Parts/Structural/Panel1/Panel1
[LOG 18:20:16.421] Config(PART) SquadExpansion/MakingHistory/Parts/Structural/Panel1p5/Panel1p5
[LOG 18:20:16.421] Config(PART) SquadExpansion/MakingHistory/Parts/Structural/Panel2/Panel2
[LOG 18:20:16.421] Config(PART) SquadExpansion/MakingHistory/Parts/Structural/Triangle0/Triangle0
[LOG 18:20:16.421] Config(PART) SquadExpansion/MakingHistory/Parts/Structural/Triangle1/Triangle1
[LOG 18:20:16.421] Config(PART) SquadExpansion/MakingHistory/Parts/Structural/Triangle1p5/Triangle1p5
[LOG 18:20:16.421] Config(PART) SquadExpansion/MakingHistory/Parts/Structural/Triangle2/Triangle2
[LOG 18:20:16.421] Config(PART) SquadExpansion/MakingHistory/Parts/Structural/Tube1/Tube1
[LOG 18:20:16.421] Config(PART) SquadExpansion/MakingHistory/Parts/Structural/Tube1p5/Tube1p5
[LOG 18:20:16.421] Config(PART) SquadExpansion/MakingHistory/Parts/Structural/Tube2/Tube2
[LOG 18:20:16.421] Config(PART) SquadExpansion/MakingHistory/Parts/Structural/Tube3/Tube3
[LOG 18:20:16.421] Config(PART) SquadExpansion/MakingHistory/Parts/Structural/Tube4/Tube4
[LOG 18:20:16.421] Config(PART) SquadExpansion/MakingHistory/Parts/Thermal/HeatShield1p5/HeatShield1p5
[LOG 18:20:16.421] Config(PART) SquadExpansion/MakingHistory/Parts/Utility/flags/flagSize1p5/flagSize1p5/flagPartSize1p5
[LOG 18:20:16.421] Config(PART) SquadExpansion/MakingHistory/Parts/Utility/flags/flagSize4/flagSize4/flagPartSize4
[LOG 18:20:16.421] Config(INTERNAL) SquadExpansion/MakingHistory/Spaces/KVPods/Airlock_Internal/Airlock_IVA
[LOG 18:20:16.421] Config(INTERNAL) SquadExpansion/MakingHistory/Spaces/KVPods/KV1_Internal/KV1_IVA
[LOG 18:20:16.422] Config(INTERNAL) SquadExpansion/MakingHistory/Spaces/KVPods/KV2_Internal/KV2_IVA
[LOG 18:20:16.422] Config(INTERNAL) SquadExpansion/MakingHistory/Spaces/KVPods/KV3_Internal/KV3_IVA
[LOG 18:20:16.422] Config(INTERNAL) SquadExpansion/MakingHistory/Spaces/MEM/MEM_IVA/MEM_IVA
[LOG 18:20:16.422] Config(INTERNAL) SquadExpansion/MakingHistory/Spaces/Mk2Pod/Mk2Pod_Internal/MK2POD_IVA
[LOG 18:20:16.422] Config(Contracts) SquadExpansion/Serenity/Contracts/contracts/Contracts
[LOG 18:20:16.422] Config(EXPERIENCE_TRAIT) SquadExpansion/Serenity/Experience/Traits/Engineer
[LOG 18:20:16.422] Config(EXPERIENCE_TRAIT) SquadExpansion/Serenity/Experience/Traits/Scientist
[LOG 18:20:16.422] Config(Localization) SquadExpansion/Serenity/Localization/dictionary/Localization
[LOG 18:20:16.422] Config(PART) SquadExpansion/Serenity/Parts/Aero/FanShroud_01/FanShroud_01
[LOG 18:20:16.422] Config(PART) SquadExpansion/Serenity/Parts/Aero/FanShroud_02/FanShroud_02
[LOG 18:20:16.422] Config(PART) SquadExpansion/Serenity/Parts/Aero/FanShroud_03/FanShroud_03
[LOG 18:20:16.422] Config(PART) SquadExpansion/Serenity/Parts/Aero/noseconeTiny/noseconeTiny
[LOG 18:20:16.422] Config(PART) SquadExpansion/Serenity/Parts/Aero/noseconeVS/noseconeVS
[LOG 18:20:16.422] Config(PART) SquadExpansion/Serenity/Parts/DeployedScience/centralStation/DeployedCentralStation
[LOG 18:20:16.422] Config(PART) SquadExpansion/Serenity/Parts/DeployedScience/gooObservation/DeployedGoExOb
[LOG 18:20:16.422] Config(PART) SquadExpansion/Serenity/Parts/DeployedScience/ionCollector/DeployedIONExp
[LOG 18:20:16.422] Config(PART) SquadExpansion/Serenity/Parts/DeployedScience/rtg/DeployedRTG
[LOG 18:20:16.422] Config(PART) SquadExpansion/Serenity/Parts/DeployedScience/satDish/DeployedSatDish
[LOG 18:20:16.422] Config(PART) SquadExpansion/Serenity/Parts/DeployedScience/seismicSensor/DeployedSeismicSensor
[LOG 18:20:16.422] Config(PART) SquadExpansion/Serenity/Parts/DeployedScience/solarPanel/DeployedSolarPanel
[LOG 18:20:16.422] Config(PART) SquadExpansion/Serenity/Parts/DeployedScience/weatherStation/DeployedWeatherStn
[LOG 18:20:16.422] Config(PART) SquadExpansion/Serenity/Parts/Prebuilt/kerbalEVA/kerbalEVA
[LOG 18:20:16.422] Config(PART) SquadExpansion/Serenity/Parts/Prebuilt/kerbalEVAfemale/kerbalEVAfemale
[LOG 18:20:16.422] Config(PART) SquadExpansion/Serenity/Parts/Prebuilt/kerbalEVAfemaleFuture/kerbalEVAfemaleFuture
[LOG 18:20:16.423] Config(PART) SquadExpansion/Serenity/Parts/Prebuilt/kerbalEVAfemaleVintage/kerbalEVAfemaleVintage
[LOG 18:20:16.423] Config(PART) SquadExpansion/Serenity/Parts/Prebuilt/kerbalEVAFuture/kerbalEVAFuture
[LOG 18:20:16.423] Config(PART) SquadExpansion/Serenity/Parts/Prebuilt/kerbalEVASlimSuit/kerbalEVASlimSuit
[LOG 18:20:16.423] Config(PART) SquadExpansion/Serenity/Parts/Prebuilt/kerbalEVASlimSuitFemale/kerbalEVASlimSuitFemale
[LOG 18:20:16.423] Config(PART) SquadExpansion/Serenity/Parts/Prebuilt/kerbalEVAVintage/kerbalEVAVintage
[LOG 18:20:16.423] Config(PART) SquadExpansion/Serenity/Parts/Propellers/largeFanBlade/largeFanBlade
[LOG 18:20:16.423] Config(PART) SquadExpansion/Serenity/Parts/Propellers/largeHeliBlade/largeHeliBlade
[LOG 18:20:16.423] Config(PART) SquadExpansion/Serenity/Parts/Propellers/largePropeller/largePropeller
[LOG 18:20:16.423] Config(PART) SquadExpansion/Serenity/Parts/Propellers/mediumFanBlade/mediumFanBlade
[LOG 18:20:16.423] Config(PART) SquadExpansion/Serenity/Parts/Propellers/mediumHeliBlade/mediumHeliBlade
[LOG 18:20:16.423] Config(PART) SquadExpansion/Serenity/Parts/Propellers/mediumPropeller/mediumPropeller
[LOG 18:20:16.423] Config(PART) SquadExpansion/Serenity/Parts/Propellers/smallFanBlade/smallFanBlade
[LOG 18:20:16.423] Config(PART) SquadExpansion/Serenity/Parts/Propellers/smallHeliBlade/smallHeliBlade
[LOG 18:20:16.423] Config(PART) SquadExpansion/Serenity/Parts/Propellers/smallPropeller/smallPropeller
[LOG 18:20:16.423] Config(PART) SquadExpansion/Serenity/Parts/Robotics/hinge_01/hinge_01
[LOG 18:20:16.423] Config(PART) SquadExpansion/Serenity/Parts/Robotics/hinge_01_s/hinge_01_s
[LOG 18:20:16.423] Config(PART) SquadExpansion/Serenity/Parts/Robotics/hinge_03/hinge_03
[LOG 18:20:16.423] Config(PART) SquadExpansion/Serenity/Parts/Robotics/hinge_03_s/hinge_03_s
[LOG 18:20:16.423] Config(PART) SquadExpansion/Serenity/Parts/Robotics/hinge_04/hinge_04
[LOG 18:20:16.423] Config(PART) SquadExpansion/Serenity/Parts/Robotics/piston_01/piston_01
[LOG 18:20:16.423] Config(PART) SquadExpansion/Serenity/Parts/Robotics/piston_02/piston_02
[LOG 18:20:16.423] Config(PART) SquadExpansion/Serenity/Parts/Robotics/piston_03/piston_03
[LOG 18:20:16.423] Config(PART) SquadExpansion/Serenity/Parts/Robotics/piston_04/piston_04
[LOG 18:20:16.423] Config(PART) SquadExpansion/Serenity/Parts/Robotics/RotorEngine_02/RotorEngine_02
[LOG 18:20:16.423] Config(PART) SquadExpansion/Serenity/Parts/Robotics/RotorEngine_03/RotorEngine_03
[LOG 18:20:16.423] Config(PART) SquadExpansion/Serenity/Parts/Robotics/rotor_01/rotor_01
[LOG 18:20:16.424] Config(PART) SquadExpansion/Serenity/Parts/Robotics/rotor_01s/rotor_01s
[LOG 18:20:16.424] Config(PART) SquadExpansion/Serenity/Parts/Robotics/rotor_02/rotor_02
[LOG 18:20:16.424] Config(PART) SquadExpansion/Serenity/Parts/Robotics/rotor_02s/rotor_02s
[LOG 18:20:16.424] Config(PART) SquadExpansion/Serenity/Parts/Robotics/rotor_03/rotor_03
[LOG 18:20:16.424] Config(PART) SquadExpansion/Serenity/Parts/Robotics/rotor_03s/rotor_03s
[LOG 18:20:16.424] Config(PART) SquadExpansion/Serenity/Parts/Robotics/rotoServo_00/rotoServo_00
[LOG 18:20:16.424] Config(PART) SquadExpansion/Serenity/Parts/Robotics/rotoServo_02/rotoServo_02
[LOG 18:20:16.424] Config(PART) SquadExpansion/Serenity/Parts/Robotics/rotoServo_03/rotoServo_03
[LOG 18:20:16.424] Config(PART) SquadExpansion/Serenity/Parts/Robotics/rotoServo_04/rotoServo_04
[LOG 18:20:16.424] Config(PART) SquadExpansion/Serenity/Parts/Robotics/Controllers/KAL1000/controller1000
[LOG 18:20:16.424] Config(PART) SquadExpansion/Serenity/Parts/Science/RobotArmScanner/RobotArmScanner_S1/RobotArmScanner_S1
[LOG 18:20:16.424] Config(PART) SquadExpansion/Serenity/Parts/Science/RobotArmScanner/RobotArmScanner_S2/RobotArmScanner_S2
[LOG 18:20:16.424] Config(PART) SquadExpansion/Serenity/Parts/Science/RobotArmScanner/RobotArmScanner_S3/RobotArmScanner_S3
[LOG 18:20:16.424] Config(PART) SquadExpansion/Serenity/Parts/Structural/gripPads/lGripPad/lGripPad
[LOG 18:20:16.424] Config(PART) SquadExpansion/Serenity/Parts/Structural/gripPads/lGripStrip/lGripStrip
[LOG 18:20:16.424] Config(PART) SquadExpansion/Serenity/Parts/Structural/gripPads/mGripPad/mGripPad
[LOG 18:20:16.424] Config(PART) SquadExpansion/Serenity/Parts/Structural/gripPads/sGripPad/sGripPad
[LOG 18:20:16.424] Config(PART) SquadExpansion/Serenity/Parts/Structural/gripPads/sGripStrip/sGripStrip
[LOG 18:20:16.424] Config(DEPLOYEDSCIENCE) SquadExpansion/Serenity/Resources/DeployedScience/DEPLOYEDSCIENCE
[LOG 18:20:16.424] Config(PHYSICMATERIAL_DEFINITION) SquadExpansion/Serenity/Resources/PhysicsMaterials/MediumGrip
[LOG 18:20:16.424] Config(PHYSICMATERIAL_DEFINITION) SquadExpansion/Serenity/Resources/PhysicsMaterials/HighGrip
[LOG 18:20:16.424] Config(PHYSICMATERIAL_DEFINITION) SquadExpansion/Serenity/Resources/PhysicsMaterials/ExtremeGrip
[LOG 18:20:16.424] Config(PHYSICMATERIAL_DEFINITION) SquadExpansion/Serenity/Resources/PhysicsMaterials/LowGrip
[LOG 18:20:16.424] Config(PHYSICMATERIAL_DEFINITION) SquadExpansion/Serenity/Resources/PhysicsMaterials/Default
[LOG 18:20:16.424] Config(ROC_DEFINITION) SquadExpansion/Serenity/Resources/rocsdef/ROC_DEFINITION
[LOG 18:20:16.425] Config(ROC_DEFINITION) SquadExpansion/Serenity/Resources/rocsdef/ROC_DEFINITION
[LOG 18:20:16.425] Config(ROC_DEFINITION) SquadExpansion/Serenity/Resources/rocsdef/ROC_DEFINITION
[LOG 18:20:16.425] Config(ROC_DEFINITION) SquadExpansion/Serenity/Resources/rocsdef/ROC_DEFINITION
[LOG 18:20:16.425] Config(ROC_DEFINITION) SquadExpansion/Serenity/Resources/rocsdef/ROC_DEFINITION
[LOG 18:20:16.425] Config(ROC_DEFINITION) SquadExpansion/Serenity/Resources/rocsdef/ROC_DEFINITION
[LOG 18:20:16.425] Config(ROC_DEFINITION) SquadExpansion/Serenity/Resources/rocsdef/ROC_DEFINITION
[LOG 18:20:16.425] Config(ROC_DEFINITION) SquadExpansion/Serenity/Resources/rocsdef/ROC_DEFINITION
[LOG 18:20:16.425] Config(ROC_DEFINITION) SquadExpansion/Serenity/Resources/rocsdef/ROC_DEFINITION
[LOG 18:20:16.425] Config(ROC_DEFINITION) SquadExpansion/Serenity/Resources/rocsdef/ROC_DEFINITION
[LOG 18:20:16.425] Config(ROC_DEFINITION) SquadExpansion/Serenity/Resources/rocsdef/ROC_DEFINITION
[LOG 18:20:16.425] Config(ROC_DEFINITION) SquadExpansion/Serenity/Resources/rocsdef/ROC_DEFINITION
[LOG 18:20:16.425] Config(ROC_DEFINITION) SquadExpansion/Serenity/Resources/rocsdef/ROC_DEFINITION
[LOG 18:20:16.425] Config(ROC_DEFINITION) SquadExpansion/Serenity/Resources/rocsdef/ROC_DEFINITION
[LOG 18:20:16.425] Config(ROC_DEFINITION) SquadExpansion/Serenity/Resources/rocsdef/ROC_DEFINITION
[LOG 18:20:16.425] Config(ROC_DEFINITION) SquadExpansion/Serenity/Resources/rocsdef/ROC_DEFINITION
[LOG 18:20:16.425] Config(ROC_DEFINITION) SquadExpansion/Serenity/Resources/rocsdef/ROC_DEFINITION
[LOG 18:20:16.425] Config(ROC_DEFINITION) SquadExpansion/Serenity/Resources/rocsdef/ROC_DEFINITION
[LOG 18:20:16.425] Config(ROC_DEFINITION) SquadExpansion/Serenity/Resources/rocsdef/ROC_DEFINITION
[LOG 18:20:16.425] Config(ROC_DEFINITION) SquadExpansion/Serenity/Resources/rocsdef/ROC_DEFINITION
[LOG 18:20:16.425] Config(ROC_DEFINITION) SquadExpansion/Serenity/Resources/rocsdef/ROC_DEFINITION
[LOG 18:20:16.425] Config(ROC_DEFINITION) SquadExpansion/Serenity/Resources/rocsdef/ROC_DEFINITION
[LOG 18:20:16.425] Config(ROC_DEFINITION) SquadExpansion/Serenity/Resources/rocsdef/ROC_DEFINITION
[LOG 18:20:16.425] Config(ROC_DEFINITION) SquadExpansion/Serenity/Resources/rocsdef/ROC_DEFINITION
[LOG 18:20:16.425] Config(ROC_DEFINITION) SquadExpansion/Serenity/Resources/rocsdef/ROC_DEFINITION
[LOG 18:20:16.425] Config(ROC_DEFINITION) SquadExpansion/Serenity/Resources/rocsdef/ROC_DEFINITION
[LOG 18:20:16.425] Config(ROC_DEFINITION) SquadExpansion/Serenity/Resources/rocsdef/ROC_DEFINITION
[LOG 18:20:16.425] Config(ROC_DEFINITION) SquadExpansion/Serenity/Resources/rocsdef/ROC_DEFINITION
[LOG 18:20:16.426] Config(ROC_DEFINITION) SquadExpansion/Serenity/Resources/rocsdef/ROC_DEFINITION
[LOG 18:20:16.426] Config(ROC_DEFINITION) SquadExpansion/Serenity/Resources/rocsdef/ROC_DEFINITION
[LOG 18:20:16.426] Config(ROC_DEFINITION) SquadExpansion/Serenity/Resources/rocsdef/ROC_DEFINITION
[LOG 18:20:16.426] Config(ROC_DEFINITION) SquadExpansion/Serenity/Resources/rocsdef/ROC_DEFINITION
[LOG 18:20:16.426] Config(ROC_DEFINITION) SquadExpansion/Serenity/Resources/rocsdef/ROC_DEFINITION
[LOG 18:20:16.426] Config(ROC_DEFINITION) SquadExpansion/Serenity/Resources/rocsdef/ROC_DEFINITION
[LOG 18:20:16.426] Config(EXPERIMENT_DEFINITION) SquadExpansion/Serenity/Resources/ScienceDefs/EXPERIMENT_DEFINITION
[LOG 18:20:16.426] Config(EXPERIMENT_DEFINITION) SquadExpansion/Serenity/Resources/ScienceDefs/EXPERIMENT_DEFINITION
[LOG 18:20:16.426] Config(EXPERIMENT_DEFINITION) SquadExpansion/Serenity/Resources/ScienceDefs/EXPERIMENT_DEFINITION
[LOG 18:20:16.426] Config(EXPERIMENT_DEFINITION) SquadExpansion/Serenity/Resources/ScienceDefs/EXPERIMENT_DEFINITION
[LOG 18:20:16.426] Config(EXPERIMENT_DEFINITION) SquadExpansion/Serenity/Resources/ScienceDefs/EXPERIMENT_DEFINITION
[LOG 18:20:16.426] Config(EXPERIMENT_DEFINITION) SquadExpansion/Serenity/Resources/ScienceDefs/EXPERIMENT_DEFINITION
[LOG 18:20:16.426] Config(EXPERIMENT_DEFINITION) SquadExpansion/Serenity/Resources/ScienceDefs/EXPERIMENT_DEFINITION
[LOG 18:20:16.426] Config(EXPERIMENT_DEFINITION) SquadExpansion/Serenity/Resources/ScienceDefs/EXPERIMENT_DEFINITION
[LOG 18:20:16.426] Config(EXPERIMENT_DEFINITION) SquadExpansion/Serenity/Resources/ScienceDefs/EXPERIMENT_DEFINITION
[LOG 18:20:16.426] Config(EXPERIMENT_DEFINITION) SquadExpansion/Serenity/Resources/ScienceDefs/EXPERIMENT_DEFINITION
[LOG 18:20:16.426] Config(EXPERIMENT_DEFINITION) SquadExpansion/Serenity/Resources/ScienceDefs/EXPERIMENT_DEFINITION
[LOG 18:20:16.426] Config(EXPERIMENT_DEFINITION) SquadExpansion/Serenity/Resources/ScienceDefs/EXPERIMENT_DEFINITION
[LOG 18:20:16.426] Config(EXPERIMENT_DEFINITION) SquadExpansion/Serenity/Resources/ScienceDefs/EXPERIMENT_DEFINITION
[LOG 18:20:16.426] Config(EXPERIMENT_DEFINITION) SquadExpansion/Serenity/Resources/ScienceDefs/EXPERIMENT_DEFINITION
[LOG 18:20:16.426] Config(EXPERIMENT_DEFINITION) SquadExpansion/Serenity/Resources/ScienceDefs/EXPERIMENT_DEFINITION
[LOG 18:20:16.426] Config(EXPERIMENT_DEFINITION) SquadExpansion/Serenity/Resources/ScienceDefs/EXPERIMENT_DEFINITION
[LOG 18:20:16.426] Config(EXPERIMENT_DEFINITION) SquadExpansion/Serenity/Resources/ScienceDefs/EXPERIMENT_DEFINITION
[LOG 18:20:16.426] Config(EXPERIMENT_DEFINITION) SquadExpansion/Serenity/Resources/ScienceDefs/EXPERIMENT_DEFINITION
[LOG 18:20:16.426] Config(EXPERIMENT_DEFINITION) SquadExpansion/Serenity/Resources/ScienceDefs/EXPERIMENT_DEFINITION
[LOG 18:20:16.426] Config(EXPERIMENT_DEFINITION) SquadExpansion/Serenity/Resources/ScienceDefs/EXPERIMENT_DEFINITION
[LOG 18:20:16.426] Config(EXPERIMENT_DEFINITION) SquadExpansion/Serenity/Resources/ScienceDefs/EXPERIMENT_DEFINITION
[LOG 18:20:16.426] Config(EXPERIMENT_DEFINITION) SquadExpansion/Serenity/Resources/ScienceDefs/EXPERIMENT_DEFINITION
[LOG 18:20:16.427] Config(EXPERIMENT_DEFINITION) SquadExpansion/Serenity/Resources/ScienceDefs/EXPERIMENT_DEFINITION
[LOG 18:20:16.427] Config(EXPERIMENT_DEFINITION) SquadExpansion/Serenity/Resources/ScienceDefs/EXPERIMENT_DEFINITION
[LOG 18:20:16.427] Config(EXPERIMENT_DEFINITION) SquadExpansion/Serenity/Resources/ScienceDefs/EXPERIMENT_DEFINITION
[LOG 18:20:16.427] Config(EXPERIMENT_DEFINITION) SquadExpansion/Serenity/Resources/ScienceDefs/EXPERIMENT_DEFINITION
[LOG 18:20:16.427] Config(EXPERIMENT_DEFINITION) SquadExpansion/Serenity/Resources/ScienceDefs/EXPERIMENT_DEFINITION
[LOG 18:20:16.427] Config(EXPERIMENT_DEFINITION) SquadExpansion/Serenity/Resources/ScienceDefs/EXPERIMENT_DEFINITION
[LOG 18:20:16.427] Config(EXPERIMENT_DEFINITION) SquadExpansion/Serenity/Resources/ScienceDefs/EXPERIMENT_DEFINITION
[LOG 18:20:16.427] Config(EXPERIMENT_DEFINITION) SquadExpansion/Serenity/Resources/ScienceDefs/EXPERIMENT_DEFINITION
[LOG 18:20:16.427] Config(EXPERIMENT_DEFINITION) SquadExpansion/Serenity/Resources/ScienceDefs/EXPERIMENT_DEFINITION
[LOG 18:20:16.427] Config(EXPERIMENT_DEFINITION) SquadExpansion/Serenity/Resources/ScienceDefs/EXPERIMENT_DEFINITION
[LOG 18:20:16.427] Config(EXPERIMENT_DEFINITION) SquadExpansion/Serenity/Resources/ScienceDefs/EXPERIMENT_DEFINITION
[LOG 18:20:16.427] Config(EXPERIMENT_DEFINITION) SquadExpansion/Serenity/Resources/ScienceDefs/EXPERIMENT_DEFINITION
[LOG 18:20:16.427] Config(EXPERIMENT_DEFINITION) SquadExpansion/Serenity/Resources/ScienceDefs/EXPERIMENT_DEFINITION
[LOG 18:20:16.427] Config(EXPERIMENT_DEFINITION) SquadExpansion/Serenity/Resources/ScienceDefs/EXPERIMENT_DEFINITION
[LOG 18:20:16.427] Config(EXPERIMENT_DEFINITION) SquadExpansion/Serenity/Resources/ScienceDefs/EXPERIMENT_DEFINITION
[LOG 18:20:16.427] Config(EXPERIMENT_DEFINITION) SquadExpansion/Serenity/Resources/ScienceDefs/EXPERIMENT_DEFINITION
[LOG 18:20:16.427] Config(STORY_DEF) SquadExpansion/Serenity/Resources/StoryDefs/STORY_DEF
[LOG 18:20:16.427] Compiling Configs Completed.
[LOG 18:20:16.430] Resource LiquidFuel added to database
[LOG 18:20:16.430] Resource Oxidizer added to database
[LOG 18:20:16.430] Resource SolidFuel added to database
[LOG 18:20:16.430] Resource MonoPropellant added to database
[LOG 18:20:16.430] Resource XenonGas added to database
[LOG 18:20:16.430] Resource ElectricCharge added to database
[LOG 18:20:16.430] Resource IntakeAir added to database
[LOG 18:20:16.431] Resource EVA Propellant added to database
[LOG 18:20:16.431] Resource Ore added to database
[LOG 18:20:16.431] Resource Ablator added to database
[LOG 18:20:16.432] Resource MediumGrip added to database
[LOG 18:20:16.432] Resource HighGrip added to database
[LOG 18:20:16.432] Resource ExtremeGrip added to database
[LOG 18:20:16.432] Resource LowGrip added to database
[LOG 18:20:16.432] Resource Default added to database
[LOG 18:20:16.433] CodeAssetLoader: Compiling all code assets
[LOG 18:20:16.438] ExperienceSystemConfig: Added Effect 'DeployedSciencePowerSkill' to Trait 'Ingénieur'
[LOG 18:20:16.438] ExperienceSystemConfig: Added Effect 'DeployedScienceExpSkill' to Trait 'Scientifique'
[LOG 18:20:16.470] ConfigNode[]
[LOG 18:20:16.470] GameDatabase: Assets loaded in 8.153s
[LOG 18:20:16.471] [ModuleManager] Waited 0.000s for patching to finish
[LOG 18:20:16.471] [ModuleManager] Applying patched game database
[LOG 18:20:16.482] [ModuleManager] Dumping ModuleManager log to main log
[LOG 18:20:16.483] [ModuleManager] 
#### BEGIN MODULEMANAGER LOG ####


[LOG 18:20:09.938] Log started at 2026-10-04 18:20:09.938
[LOG 18:20:12.244] Checking Cache
[LOG 18:20:12.593] SHA generated in 0.346s
[LOG 18:20:12.593]       SHA = CE-CD-F5-69-43-FB-B1-E3-AB-1C-70-2A-BD-62-0F-18-20-EF-5D-95-BA-55-AB-F4-C3-04-50-69-1D-01-CD-78
[LOG 18:20:12.616] Cache SHA = B9-94-53-39-E9-C4-2D-46-09-EF-D0-53-11-A5-5A-44-18-22-42-EF-A9-FC-EE-51-B5-AD-D6-91-11-97-88-AA
[LOG 18:20:12.616] useCache = False
[LOG 18:20:12.618] Pre patch init
[LOG 18:20:12.848] compiling list of loaded mods...
Mod DLLs found:
  Name                                    Assembly Version         Assembly File Version    KSPAssembly Version      SHA256

  Assembly-CSharp                         0.0.0.0                  0.0.0.0                  1.12                     d9e42483f25ee80a9c11d6c1c0a0d29b4ec78c1e08d76c971b71580c9cce51e4
  ModuleManager                           4.2.3.0                  4.2.3.0                  2.5                      95847827ab293b9e82a19b7efb97ffea3e98cc03b181862536ac8eb572e30d7d
  0Harmony                                2.2.1.0                  2.2.1.0                                           19ce60ac3280f72ec1751d36a40cb7e2fece2934df8345969dc7feb83bd633e4
  HarmonyInstallChecker                   2.2.1.0                  2.2.1.0                  1.0                      f11e659e91a52c21c5bda78e52b82a7bdc246bcab6a999733af3c69a11a9dc0e
  KsmUI                                   1.0.0.0                  1.0.0.0                                           fbf356d7d4aaf312f8d5c7d11c6cbaa86fc08cc91d595baabaccdebed8d3127c
  0_MultipleModuleInPartAPI               1.0.0.0                  1.0.0.0                  1.0                      df4a22fb0535de7fa154ca234b50dd7c2fc6be879e4a877d9bad1f87bafafcbf
  KSPCommunityFixes                       1.41.0.0                 1.41.1.0                 1.41                     e08ebbec7ab34f4f7ff56d6e900051bb0d259a4bc092881d7db3ca2f9f2e9a11
  KSPProfiler                             1.0.0.0                  1.0.0.0                                           ba87d51f63f3f7e0dd942e06ab088fd9eac52367f7d378459502fb01b7c0569a
Non-DLL mods added (:FOR[xxx]):
Mods by directory (sub directories of GameData):
  000_Harmony
  Squad
  SquadExpansion
Mods added by assemblies:

[LOG 18:20:12.850] Loading Physics.cfg
[LOG 18:20:12.859] Extracting patches
[LOG 18:20:12.871] Deleting root node in file KSPCommunityFixes/MMPatches/ModSupport/FixDockingNodes node: @PART[*]:HAS[@MODULE[ModuleDockingNodeFixed]]:NEEDS[FixDockingNodes]:FINAL as it can't satisfy its NEEDS
[LOG 18:20:12.872] Deleting root node in file KSPCommunityFixes/MMPatches/ModSupport/KSPRecall node: @KSP_COMMUNITY_FIXES:NEEDS[AttachedOnEditor] as it can't satisfy its NEEDS
[LOG 18:20:12.872] Deleting root node in file KSPCommunityFixes/MMPatches/ModSupport/UniversalStorage node: @KSP_COMMUNITY_FIXES:NEEDS[UniversalStorage2] as it can't satisfy its NEEDS
[LOG 18:20:13.009] Applying patches
[LOG 18:20:13.010] :INSERT (initial) pass
[LOG 18:20:13.061] :FIRST pass
[LOG 18:20:13.065] Applying update KSPCommunityFixes/MMPatches/StockTweaks/LadderToggleableLight/@PART[telescopicLadderBay]:FIRST to Squad/Parts/Utility/ladderTelescopicBay/ladderTelescopicBay.cfg/PART[telescopicLadderBay]
[LOG 18:20:13.081] Applying update KSPCommunityFixes/MMPatches/StockTweaks/LadderToggleableLight/@PART[telescopicLadderBay]:HAS[#LadderToggleableLight[?rue]]:FIRST to Squad/Parts/Utility/ladderTelescopicBay/ladderTelescopicBay.cfg/PART[telescopicLadderBay]
[LOG 18:20:13.082] Applying update KSPCommunityFixes/MMPatches/StockTweaks/LadderToggleableLight/@PART[telescopicLadderBay]:HAS[#LadderToggleableLight]:FIRST to Squad/Parts/Utility/ladderTelescopicBay/ladderTelescopicBay.cfg/PART[telescopicLadderBay]
[LOG 18:20:13.083] Applying update KSPCommunityFixes/MMPatches/StockTweaks/LandingGearLights/@PART[GearSmall]:FIRST to Squad/Parts/Wheel/LandingGear/GearMedium.cfg/PART[GearSmall]
[LOG 18:20:13.086] Applying update KSPCommunityFixes/MMPatches/StockTweaks/LandingGearLights/@PART[SmallGearBay]:FIRST to Squad/Parts/Wheel/LandingGear/GearSmall.cfg/PART[SmallGearBay]
[LOG 18:20:13.086] :LEGACY (default) pass
[LOG 18:20:13.088] :BEFORE[0_MULTIPLEMODULEINPARTAPI] pass
[LOG 18:20:13.088] :FOR[0_MULTIPLEMODULEINPARTAPI] pass
[LOG 18:20:13.088] :AFTER[0_MULTIPLEMODULEINPARTAPI] pass
[LOG 18:20:13.088] :BEFORE[000_HARMONY] pass
[LOG 18:20:13.088] :FOR[000_HARMONY] pass
[LOG 18:20:13.088] :AFTER[000_HARMONY] pass
[LOG 18:20:13.088] :BEFORE[0HARMONY] pass
[LOG 18:20:13.088] :FOR[0HARMONY] pass
[LOG 18:20:13.088] :AFTER[0HARMONY] pass
[LOG 18:20:13.088] :BEFORE[ASSEMBLY-CSHARP] pass
[LOG 18:20:13.088] :FOR[ASSEMBLY-CSHARP] pass
[LOG 18:20:13.088] :AFTER[ASSEMBLY-CSHARP] pass
[LOG 18:20:13.088] :BEFORE[HARMONYINSTALLCHECKER] pass
[LOG 18:20:13.088] :FOR[HARMONYINSTALLCHECKER] pass
[LOG 18:20:13.088] :AFTER[HARMONYINSTALLCHECKER] pass
[LOG 18:20:13.088] :BEFORE[KSMUI] pass
[LOG 18:20:13.088] :FOR[KSMUI] pass
[LOG 18:20:13.088] :AFTER[KSMUI] pass
[LOG 18:20:13.088] :BEFORE[KSPCOMMUNITYFIXES] pass
[LOG 18:20:13.088] :FOR[KSPCOMMUNITYFIXES] pass
[LOG 18:20:13.089] Applying update KSPCommunityFixes/MMPatches/StockTweaks/ManufacturerFixes/@PART[sasModule]:FOR[KSPCommunityFixes] to Squad/Parts/Command/inlineReactionWheel/inlineReactionWheel.cfg/PART[sasModule]
[LOG 18:20:13.089] Applying update KSPCommunityFixes/MMPatches/StockTweaks/ManufacturerFixes/@PART[xenonTankRadial]:FOR[KSPCommunityFixes] to Squad/Parts/FuelTank/xenonTankRadial/xenonTankRadial.cfg/PART[xenonTankRadial]
[LOG 18:20:13.090] Applying update KSPCommunityFixes/MMPatches/StockTweaks/ManufacturerFixes/@PART[winglet|fireworksLauncherSmall|fireworksLauncherBig]:FOR[KSPCommunityFixes] to Squad/Parts/Aero/wingletAV-T1/wingletAV-T1.cfg/PART[winglet]
[LOG 18:20:13.090] Applying update KSPCommunityFixes/MMPatches/StockTweaks/ManufacturerFixes/@PART[winglet|fireworksLauncherSmall|fireworksLauncherBig]:FOR[KSPCommunityFixes] to Squad/Parts/Utility/Fireworks/fireworksLauncherBig.cfg/PART[fireworksLauncherBig]
[LOG 18:20:13.090] Applying update KSPCommunityFixes/MMPatches/StockTweaks/ManufacturerFixes/@PART[winglet|fireworksLauncherSmall|fireworksLauncherBig]:FOR[KSPCommunityFixes] to Squad/Parts/Utility/Fireworks/fireworksLauncherSmall.cfg/PART[fireworksLauncherSmall]
[LOG 18:20:13.091] Applying update KSPCommunityFixes/MMPatches/StockTweaks/ManufacturerFixes/@PART[solidBooster_sm_v2|solidBooster_v2]:FOR[KSPCommunityFixes] to Squad/Parts/Engine/Size1_SRBs/solidBoosterRT-10_v2.cfg/PART[solidBooster_v2]
[LOG 18:20:13.091] Applying update KSPCommunityFixes/MMPatches/StockTweaks/ManufacturerFixes/@PART[solidBooster_sm_v2|solidBooster_v2]:FOR[KSPCommunityFixes] to Squad/Parts/Engine/Size1_SRBs/solidBoosterRT-5_v2.cfg/PART[solidBooster_sm_v2]
[LOG 18:20:13.092] Applying update KSPCommunityFixes/MMPatches/StockTweaks/ManufacturerFixes/@PART[ServiceBay_125_v2|ServiceBay_250_v2]:FOR[KSPCommunityFixes] to Squad/Parts/Utility/ServiceBay_v2/ServiceBay_125_v2.cfg/PART[ServiceBay_125_v2]
[LOG 18:20:13.093] Applying update KSPCommunityFixes/MMPatches/StockTweaks/ManufacturerFixes/@PART[ServiceBay_125_v2|ServiceBay_250_v2]:FOR[KSPCommunityFixes] to Squad/Parts/Utility/ServiceBay_v2/ServiceBay_250_v2.cfg/PART[ServiceBay_250_v2]
[LOG 18:20:13.093] Applying update KSPCommunityFixes/MMPatches/StockTweaks/ManufacturerFixes/@PART[externalTankCapsule]:FOR[KSPCommunityFixes] to Squad/Parts/FuelTank/FoilTanks/RadialTank_Capsule.cfg/PART[externalTankCapsule]
[LOG 18:20:13.094] Applying update KSPCommunityFixes/MMPatches/StockTweaks/ManufacturerFixes/@PART[RCSFuelTank|rcsTankMini|RCSTank1-2]:FOR[KSPCommunityFixes] to Squad/Parts/FuelTank/RCSFuelTankR1/RCSFuelTankR1.cfg/PART[RCSTank1-2]
[LOG 18:20:13.094] Applying update KSPCommunityFixes/MMPatches/StockTweaks/ManufacturerFixes/@PART[RCSFuelTank|rcsTankMini|RCSTank1-2]:FOR[KSPCommunityFixes] to Squad/Parts/FuelTank/RCSFuelTankR10/RCSFuelTankR10.cfg/PART[rcsTankMini]
[LOG 18:20:13.094] Applying update KSPCommunityFixes/MMPatches/StockTweaks/ManufacturerFixes/@PART[RCSFuelTank|rcsTankMini|RCSTank1-2]:FOR[KSPCommunityFixes] to Squad/Parts/FuelTank/RCSFuelTankR25/RCSFuelTankR25.cfg/PART[RCSFuelTank]
[LOG 18:20:13.094] Applying update KSPCommunityFixes/MMPatches/StockTweaks/ManufacturerFixes/@PART[landerCabinSmall]:FOR[KSPCommunityFixes] to Squad/Parts/Command/mk1LanderCan/mk1LanderCan.cfg/PART[landerCabinSmall]
[LOG 18:20:13.095] Applying update KSPCommunityFixes/MMPatches/StockTweaks/ManufacturerFixes/@PART[dockingPortLateral]:FOR[KSPCommunityFixes] to Squad/Parts/Utility/dockingPortInline/dockingPortInline.cfg/PART[dockingPortLateral]
[LOG 18:20:13.096] Applying update KSPCommunityFixes/MMPatches/StockTweaks/ManufacturerFixes/@PART[EnginePlate4]:FOR[KSPCommunityFixes]:NEEDS[SquadExpansion/MakingHistory] to SquadExpansion/MakingHistory/Parts/Coupling/EnginePlate_4.cfg/PART[EnginePlate4]
[LOG 18:20:13.096] Applying update KSPCommunityFixes/MMPatches/StockTweaks/ManufacturerFixes/@PART[Mk2Pod]:FOR[KSPCommunityFixes]:NEEDS[SquadExpansion/MakingHistory] to SquadExpansion/MakingHistory/Parts/Pods/Mk2Pod.cfg/PART[Mk2Pod]
[LOG 18:20:13.097] Applying update KSPCommunityFixes/MMPatches/StockTweaks/ManufacturerFixes/@PART[evaChute|parachuteSingle|parachuteRadial|radialDrogue|parachuteLarge|parachuteDrogue]:FOR[KSPCommunityFixes] to Squad/Parts/Cargo/Parachute/Parachute.cfg/PART[evaChute]
[LOG 18:20:13.098] Applying update KSPCommunityFixes/MMPatches/StockTweaks/ManufacturerFixes/@PART[evaChute|parachuteSingle|parachuteRadial|radialDrogue|parachuteLarge|parachuteDrogue]:FOR[KSPCommunityFixes] to Squad/Parts/Utility/parachuteMk1/parachuteMk1.cfg/PART[parachuteSingle]
[LOG 18:20:13.098] Applying update KSPCommunityFixes/MMPatches/StockTweaks/ManufacturerFixes/@PART[evaChute|parachuteSingle|parachuteRadial|radialDrogue|parachuteLarge|parachuteDrogue]:FOR[KSPCommunityFixes] to Squad/Parts/Utility/parachuteMk12-R/parachuteMk12-R.cfg/PART[radialDrogue]
[LOG 18:20:13.098] Applying update KSPCommunityFixes/MMPatches/StockTweaks/ManufacturerFixes/@PART[evaChute|parachuteSingle|parachuteRadial|radialDrogue|parachuteLarge|parachuteDrogue]:FOR[KSPCommunityFixes] to Squad/Parts/Utility/parachuteMk16-XL/parachuteMk16-XL.cfg/PART[parachuteLarge]
[LOG 18:20:13.098] Applying update KSPCommunityFixes/MMPatches/StockTweaks/ManufacturerFixes/@PART[evaChute|parachuteSingle|parachuteRadial|radialDrogue|parachuteLarge|parachuteDrogue]:FOR[KSPCommunityFixes] to Squad/Parts/Utility/parachuteMk2-R/parachuteMk2-R.cfg/PART[parachuteRadial]
[LOG 18:20:13.098] Applying update KSPCommunityFixes/MMPatches/StockTweaks/ManufacturerFixes/@PART[evaChute|parachuteSingle|parachuteRadial|radialDrogue|parachuteLarge|parachuteDrogue]:FOR[KSPCommunityFixes] to Squad/Parts/Utility/parachuteMk25/parachuteMk25.cfg/PART[parachuteDrogue]
[LOG 18:20:13.100] Applying update KSPCommunityFixes/MMPatches/StockTweaks/ManufacturerFixes/@PART[stackPoint1|dockingPort1|dockingPort2|dockingPort3|dockingPortLarge]:FOR[KSPCommunityFixes] to Squad/Parts/Utility/dockingPort/dockingPort.cfg/PART[dockingPort2]
[LOG 18:20:13.100] Applying update KSPCommunityFixes/MMPatches/StockTweaks/ManufacturerFixes/@PART[stackPoint1|dockingPort1|dockingPort2|dockingPort3|dockingPortLarge]:FOR[KSPCommunityFixes] to Squad/Parts/Utility/dockingPortJr/dockingPortJr.cfg/PART[dockingPort3]
[LOG 18:20:13.101] Applying update KSPCommunityFixes/MMPatches/StockTweaks/ManufacturerFixes/@PART[stackPoint1|dockingPort1|dockingPort2|dockingPort3|dockingPortLarge]:FOR[KSPCommunityFixes] to Squad/Parts/Utility/dockingPortShielded/dockingPortShielded.cfg/PART[dockingPort1]
[LOG 18:20:13.101] Applying update KSPCommunityFixes/MMPatches/StockTweaks/ManufacturerFixes/@PART[stackPoint1|dockingPort1|dockingPort2|dockingPort3|dockingPortLarge]:FOR[KSPCommunityFixes] to Squad/Parts/Utility/dockingPortSr/dockingPortSr.cfg/PART[dockingPortLarge]
[LOG 18:20:13.101] Applying update KSPCommunityFixes/MMPatches/StockTweaks/ManufacturerFixes/@PART[stackPoint1|dockingPort1|dockingPort2|dockingPort3|dockingPortLarge]:FOR[KSPCommunityFixes] to Squad/Parts/Utility/radialAttachmentPoint/radialAttachmentPoint.cfg/PART[stackPoint1]
[LOG 18:20:13.101] :AFTER[KSPCOMMUNITYFIXES] pass
[LOG 18:20:13.101] :BEFORE[KSPPROFILER] pass
[LOG 18:20:13.101] :FOR[KSPPROFILER] pass
[LOG 18:20:13.101] :AFTER[KSPPROFILER] pass
[LOG 18:20:13.101] :BEFORE[MODULEMANAGER] pass
[LOG 18:20:13.101] :FOR[MODULEMANAGER] pass
[LOG 18:20:13.101] :AFTER[MODULEMANAGER] pass
[LOG 18:20:13.101] :BEFORE[SQUAD] pass
[LOG 18:20:13.101] :FOR[SQUAD] pass
[LOG 18:20:13.101] :AFTER[SQUAD] pass
[LOG 18:20:13.101] :BEFORE[SQUADEXPANSION] pass
[LOG 18:20:13.101] :FOR[SQUADEXPANSION] pass
[LOG 18:20:13.101] :AFTER[SQUADEXPANSION] pass
[LOG 18:20:13.102] :LAST[999_KSP-RECALL] pass
[LOG 18:20:13.124] :FINAL pass
[LOG 18:20:13.124] Done patching
[LOG 18:20:13.124] Saving Cache
[LOG 18:20:13.290] Saving cache
[LOG 18:20:14.217] ModuleManager: 33 patches applied

[LOG 18:20:14.217] Ran in 1.973s
[LOG 18:20:14.232] Done!



#### END MODULEMANAGER LOG ####
[LOG 18:20:16.498] [ModuleManager] Running tests...
[LOG 18:20:16.498] [ModuleManager] tests complete.
[LOG 18:20:16.513] [ModuleManager] Reloading resources definitions
[LOG 18:20:16.513] Resource LiquidFuel added to database
[LOG 18:20:16.514] Resource Oxidizer added to database
[LOG 18:20:16.514] Resource SolidFuel added to database
[LOG 18:20:16.514] Resource MonoPropellant added to database
[LOG 18:20:16.514] Resource XenonGas added to database
[LOG 18:20:16.514] Resource ElectricCharge added to database
[LOG 18:20:16.514] Resource IntakeAir added to database
[LOG 18:20:16.514] Resource EVA Propellant added to database
[LOG 18:20:16.514] Resource Ore added to database
[LOG 18:20:16.514] Resource Ablator added to database
[LOG 18:20:16.514] [ModuleManager] Reloading Trait configs
[LOG 18:20:16.515] ExperienceSystemConfig: Added Effect 'DeployedSciencePowerSkill' to Trait 'Ingénieur'
[LOG 18:20:16.515] ExperienceSystemConfig: Added Effect 'DeployedScienceExpSkill' to Trait 'Scientifique'
[LOG 18:20:16.515] [ModuleManager] Reloading Part Upgrades
[LOG 18:20:16.515] [ModuleManager] Setting modded physics as the active one
[LOG 18:20:16.516] PhysicsGlobals: Loading database
[LOG 18:20:16.528] [ModuleManager] Running post patch callbacks
[LOG 18:20:16.540] [KSPCommunityFixes] Patch AutoStrutDrift applied.
[LOG 18:20:16.543] [KSPCommunityFixes] Patch EditorAnimatedPartsShipModified applied.
[LOG 18:20:16.551] [KSPCommunityFixes] Patch DragCubeLoadException applied.
[LOG 18:20:16.559] [KSPCommunityFixes] Patch DoubleCurvePreserveTangents applied.
[LOG 18:20:16.630] [KSPCommunityFixes] Patch DockingPortRotationDriftAndFixes applied.
[LOG 18:20:16.684] [KSPCommunityFixes] Patch DockingPortConserveMomentum applied.
[LOG 18:20:16.690] [KSPCommunityFixes] Patch DebugConsoleDontStealInput applied.
[LOG 18:20:16.697] [KSPCommunityFixes] Patch CorrectDragForFlags applied.
[LOG 18:20:16.698] [KSPCommunityFixes] Patch CometMiningNotRemovingMass applied.
[LOG 18:20:16.705] [KSPCommunityFixes] Patch ChutePhantomSymmetry applied.
[LOG 18:20:16.708] [KSPCommunityFixes] Patch CometSpawnerUniqueFlightId applied.
[LOG 18:20:16.709] [KSPCommunityFixes] Patch AsteroidSpawnerUniqueFlightId applied.
[LOG 18:20:16.710] [KSPCommunityFixes] Patch AsteroidInfiniteMining applied.
[LOG 18:20:16.741] [KSPCommunityFixes] Patch PersistentIConfigNode applied.
[LOG 18:20:16.742] [KSPCommunityFixes] Patch OnSymmetryFieldChanged not applied (not enabled in Settings.cfg)
[LOG 18:20:16.742] [KSPCommunityFixes] Patch ModUpgradePipeline not applied (not enabled in Settings.cfg)
[LOG 18:20:16.742] [KSPCommunityFixes] Patch KSPFieldEnumDesc not applied (not enabled in Settings.cfg)
[LOG 18:20:16.744] [KSPCommunityFixes] Patch EventProfilerMarkers not applied (not enabled in Settings.cfg)
[LOG 18:20:16.744] [KSPCommunityFixes] Patch DockingPortLockedEvents not applied (not enabled in Settings.cfg)
[LOG 18:20:16.747] [KSPCommunityFixes] Patch DepartmentHeadImage applied.
[LOG 18:20:16.760] [KSPCommunityFixes] Patch BaseFieldListUseFieldHost applied.
[LOG 18:20:16.794] [KSPCommunityFixes] Patch ResourceConverterPerf applied.
[LOG 18:20:16.803] [KSPCommunityFixes] Patch ProgressTrackingSpeedBoost applied.
[LOG 18:20:16.807] [KSPCommunityFixes] Patch PQSUpdateNoMemoryAlloc applied.
[LOG 18:20:16.808] [KSPCommunityFixes] Patch PQSOnlyStartOnce not applied (not enabled in Settings.cfg)
[LOG 18:20:16.821] [KSPCommunityFixes] Patch PQSCoroutineLeak applied.
[LOG 18:20:16.859] [KSPCommunityFixes] Patch PartSystemsFastUpdate applied.
[LOG 18:20:16.885] [KSPCommunityFixes] Patch PartParsingPerf applied.
[LOG 18:20:16.890] [KSPCommunityFixes] Patch EnginePlateAirstreamShieldedTopPart applied.
[LOG 18:20:16.903] [KSPCommunityFixes] Patch EVAConstructionMass applied.
[LOG 18:20:16.913] [KSPCommunityFixes] Patch EVAConstructionUninitializedInventory applied.
[LOG 18:20:16.923] [KSPCommunityFixes] Patch EVAKerbalRecovery applied.
[LOG 18:20:16.932] [KSPCommunityFixes] Patch TimeWarpOrbitShift applied.
[LOG 18:20:16.934] [KSPCommunityFixes] Patch TimeWarpBodyCollision applied.
[LOG 18:20:16.957] [KSPCommunityFixes] Patch ThumbnailSpotlight applied.
[LOG 18:20:16.966] [KSPCommunityFixes] Patch SymmetryReferenceOnDelete applied.
[LOG 18:20:16.967] [KSPCommunityFixes] Patch StrategyDuration not applied (not enabled in Settings.cfg)
[LOG 18:20:16.971] [KSPCommunityFixes] Patch StockAlarmDescPreserveLineBreak applied.
[LOG 18:20:17.019] [KSPCommunityFixes] Patch StickySplashedFixer applied.
[LOG 18:20:17.029] [KSPCommunityFixes] Patch ScatterDistribution applied.
[LOG 18:20:17.063] [KSPCommunityFixes] Patch RoboticsDrift applied.
[LOG 18:20:17.065] [KSPCommunityFixes] Patch RestoreMaxPhysicsDT applied.
[LOG 18:20:17.086] [KSPCommunityFixes] Patch RespawnDeadKerbals applied.
[LOG 18:20:17.091] [KSPCommunityFixes] Patch RescaledRoboticParts applied.
[LOG 18:20:17.096] [KSPCommunityFixes] Patch ReRootPreserveSurfaceAttach applied.
[LOG 18:20:17.120] [KSPCommunityFixes] Patch OptimizedModuleRaycasts applied.
[LOG 18:20:17.129] GetSubclassesOfParentClass: Found 1 types with ModuleInventoryPart parent in 8 assemblies.
[LOG 18:20:17.137] [KSPCommunityFixes] Patch RefundingOnRecovery applied.
[LOG 18:20:17.138] [KSPCommunityFixes] Patch PatchedConicEncounterFlickering applied.
[LOG 18:20:17.152] [KSPCommunityFixes] Patch PartListTooltipIconSpin applied.
[LOG 18:20:17.157] [KSPCommunityFixes] Patch PackedPartsRotation applied.
[LOG 18:20:17.172] [KSPCommunityFixes] Patch ModulePartVariantsNodePersistence applied.
[LOG 18:20:17.176] [KSPCommunityFixes] Patch ModuleAnimateGenericCrewModSpawnIVA applied.
[LOG 18:20:17.178] [KSPCommunityFixes] Patch ModuleActiveRadiatorNoParentException applied.
[LOG 18:20:17.181] [KSPCommunityFixes] Patch MapTargetBodyWithEncounter applied.
[LOG 18:20:17.185] [KSPCommunityFixes] Patch LostSoundAfterSceneSwitch applied.
[LOG 18:20:17.194] [KSPCommunityFixes] Patch LadderToggleableLight applied.
[LOG 18:20:17.211] [KSPCommunityFixes] Patch InventoryPartMass applied.
[LOG 18:20:17.219] [KSPCommunityFixes] Patch HarvesterECConsumption applied.
[LOG 18:20:17.221] [KSPCommunityFixes] Patch FixGetUnivseralTime applied.
[LOG 18:20:17.234] [KSPCommunityFixes] Patch ExtendedDeployableParts applied.
[LOG 18:20:17.237] [KSPCommunityFixes] Patch PropellantFlowDescription applied.
[LOG 18:20:17.267] [KSPCommunityFixes] Patch OptimisedVectorLines applied.
[LOG 18:20:17.279] [KSPCommunityFixes] Patch ModuleDockingNodeFindOtherNodesFaster applied.
[LOG 18:20:17.285] [KSPCommunityFixes] Patch ModuleColorChangerOptimization applied.
[LOG 18:20:17.295] [KSPCommunityFixes] Patch AutoSavedCraftNameAtLaunch applied.
[LOG 18:20:17.338] [KSPCommunityFixes] Patch PAWCollapsedInventories applied.
[LOG 18:20:17.343] [KSPCommunityFixes] Patch UIFloatEditNumericInput applied.
[LOG 18:20:17.380] [KSPCommunityFixes] Patch PAWStockGroups applied.
[LOG 18:20:17.396] [KSPCommunityFixes] Patch AltimeterHorizontalPosition applied.
[LOG 18:20:17.408] [KSPCommunityFixes] Patch SceneLoadSpeedBoost applied.
[LOG 18:20:17.459] [KSPCommunityFixes] Patch OnDemandPartBuoyancy applied.
[LOG 18:20:17.462] [KSPCommunityFixes] Patch ForceSyncSceneSwitch applied.
[LOG 18:20:17.462] [KSPCommunityFixes] Patch FewerSaves not applied (not enabled in Settings.cfg)
[LOG 18:20:17.463] [KSPCommunityFixes] Patch WheelInertiaLimit applied.
[LOG 18:20:17.464] [KSPCommunityFixes] Patch StockAlarmCustomFormatterDate isn't applicable to this KSP version.
[LOG 18:20:17.473] [KSPCommunityFixes] Patch ROCValidationOOR applied.
[LOG 18:20:17.479] [KSPCommunityFixes] Patch ZeroCostTechNodes applied.
[LOG 18:20:17.481] [KSPCommunityFixes] Patch ReactionWheelsPotentialTorque applied.
[LOG 18:20:17.487] [KSPCommunityFixes] Patch PAWGroupMemory applied.
[LOG 18:20:17.543] [KSPCommunityFixes] Patch PartStartStability applied.
[LOG 18:20:17.553] [KSPCommunityFixes] Patch PartBoundsIgnoreDisabledTransforms applied.
[LOG 18:20:17.623] [KSPCommunityFixes] Patch ModuleIndexingMismatch applied.
[LOG 18:20:17.634] [KSPCommunityFixes] Patch MapSOCorrectWrapping applied.
[LOG 18:20:17.634] [KSPCommunityFixes] Patch KerbalTooltipMaxSustainedG applied.
[LOG 18:20:17.639] [KSPCommunityFixes] Patch KerbalInventoryPersistence applied.
[LOG 18:20:17.639] [KSPCommunityFixes] Patch FlightSceneLoadKraken not applied (not enabled in Settings.cfg)
[LOG 18:20:17.646] [KSPCommunityFixes] Patch FIUpdateRadiation applied.
[LOG 18:20:17.651] [KSPCommunityFixes] Patch FastAndFixedEnumExtensions applied.
[LOG 18:20:17.716] [KSPCommunityFixes] Patch DeltaVHideWhenDisabled applied.
[LOG 18:20:17.722] [KSPCommunityFixes] Patch BlockMapViewPartClick applied.
[LOG 18:20:17.727] [KSPCommunityFixes] Patch PAWItemsOrder applied.
[LOG 18:20:17.798] [KSPCommunityFixes] Patch BetterEditorUndoRedo applied.
[LOG 18:20:17.814] [KSPCommunityFixes] Patch AutostrutActions applied.
[LOG 18:20:17.814] [KSPCommunityFixes] Patch DisableNewGameIntro not applied (not enabled in Settings.cfg)
[LOG 18:20:17.855] [KSPCommunityFixes] Patch MinorPerfTweaks applied.
[LOG 18:20:17.983] [KSPCommunityFixes] Patch MemoryLeaks applied.
[LOG 18:20:18.001] [KSPCommunityFixes] Patch LowerMinPhysicsDTPerFrame applied.
[LOG 18:20:18.006] [KSPCommunityFixes] Patch LocalizerPerf applied.
[LOG 18:20:18.009] [KSPCommunityFixes] Patch IMGUIOptimization applied.
[LOG 18:20:18.030] [KSPCommunityFixes] Patch FloatingOriginPerf applied.
[LOG 18:20:18.103] [KSPCommunityFixes] Patch FlightIntegratorPerf applied.
[LOG 18:20:18.109] [KSPCommunityFixes] Patch FasterPartFindTransform applied.
[LOG 18:20:18.125] [KSPCommunityFixes] Patch FasterEditorPartList applied.
[LOG 18:20:18.128] [KSPCommunityFixes] Patch ExpansionBundlePreload applied.
[LOG 18:20:18.143] [KSPCommunityFixes] Patch DragCubeGeneration applied.
[LOG 18:20:18.149] [KSPCommunityFixes] Patch DisableMapUpdateInFlight applied.
[LOG 18:20:18.150] [KSPCommunityFixes] Patch DisableHiddenPortraits applied.
[LOG 18:20:18.152] [KSPCommunityFixes] Patch DisableManeuverTool applied.
[LOG 18:20:18.178] [KSPCommunityFixes] Patch CraftBrowserOptimisations applied.
[LOG 18:20:18.181] [KSPCommunityFixes] Patch CommNetThrottling applied.
[LOG 18:20:18.187] [KSPCommunityFixes] Patch FairingMouseOverPersistence applied.
[LOG 18:20:18.209] [KSPCommunityFixes] Patch OptionalMakingHistoryDLCFeatures applied.
[LOG 18:20:18.212] [KSPCommunityFixes] Patch ResourceLockActions applied.
[LOG 18:20:18.222] [KSPCommunityFixes] Patch ShowContractFinishDates applied.
[LOG 18:20:18.234] [KSPCommunityFixes] Patch TargetParentBody applied.
[LOG 18:20:18.258] [KSPCommunityFixes] Patch ToolbarShowHide applied.
[LOG 18:20:18.261] [KSPCommunityFixes] Patch ContractProgressEnumCache applied.
[LOG 18:20:18.278] [KSPCommunityFixes] Patch ActiveRadiatorPerf applied.
[LOG 18:20:18.284] [KSPCommunityFixes] Patch CargoBayPerf applied.
[LOG 18:20:18.301] [KSPCommunityFixes] Patch CollisionEnhancerFastUpdate applied.
[LOG 18:20:18.311] [KSPCommunityFixes] Patch CollisionManagerFastUpdate applied.
[LOG 18:20:18.320] [KSPCommunityFixes] Patch AsteroidAndCometDrillCache applied.
[LOG 18:20:18.343] [KSPCommunityFixes] Patch TweakableWheelsAutostrut applied.
[LOG 18:20:18.380] [KSPCommunityFixes] Patch PatchSettings applied.
[LOG 18:20:18.438] [KSPCommunityFixes] Patch UpgradeBugs applied.
[LOG 18:20:18.439] [KSPCommunityFixes] Patch PartTooltipUpgradesApplyToSubstituteParts not applied (not enabled in Settings.cfg)
[LOG 18:20:18.569] [ModuleManager] Calling ConfigNodePerf.ModuleManagerPostLoad()
[LOG 18:20:18.570] [ModuleManager] Post patch ran in 2.099s
[LOG 18:20:18.604] PartLoader: Creating part database
[LOG 18:20:18.605] PartLoader: Compiling Part 'Squad/Parts/Aero/aerodynamicNoseCone/aerodynamicNoseCone/noseCone'
[LOG 18:20:18.632] EffectList: Created 15 effect types
[LOG 18:20:18.760] PartLoader: Part 'Squad/Parts/Aero/aerodynamicNoseCone/aerodynamicNoseCone/noseCone' has no database record. Creating.
[LOG 18:20:18.760] [DragCubeSystem]: Drag cubes not found or cannot be read for part Part. Generating New drag cubes.
[LOG 18:20:18.761] [KSPCF/DragCubeGeneration] Creating drag cubes for part 'noseCone'
[LOG 18:20:18.815] PartLoader: Compiling Part 'Squad/Parts/Aero/airbrake/Airbrake/airbrake1'
[LOG 18:20:18.843] PartLoader: Part 'Squad/Parts/Aero/airbrake/Airbrake/airbrake1' has no database record. Creating.
[LOG 18:20:18.843] [DragCubeSystem]: Drag cubes not found or cannot be read for part Part. Generating New drag cubes.
[LOG 18:20:18.843] [KSPCF/DragCubeGeneration] Creating drag cubes for part 'airbrake1'
[LOG 18:20:18.889] PartLoader: Compiling Part 'Squad/Parts/Aero/airIntakeRadialXM-G50/airIntakeRadialXM-G50/airScoop'
[LOG 18:20:18.908] PartLoader: Part 'Squad/Parts/Aero/airIntakeRadialXM-G50/airIntakeRadialXM-G50/airScoop' has no database record. Creating.
[LOG 18:20:18.908] [DragCubeSystem]: Drag cubes not found or cannot be read for part Part. Generating New drag cubes.
[LOG 18:20:18.908] [KSPCF/DragCubeGeneration] Creating drag cubes for part 'airScoop'
[LOG 18:20:18.922] PartLoader: Compiling Part 'Squad/Parts/Aero/airlinerWings/ControlSurface/airlinerCtrlSrf'
[LOG 18:20:18.939] PartLoader: Part 'Squad/Parts/Aero/airlinerWings/ControlSurface/airlinerCtrlSrf' has no database record. Creating.
[LOG 18:20:18.939] [DragCubeSystem]: Drag cubes not found or cannot be read for part Part. Generating New drag cubes.
[LOG 18:20:18.939] [KSPCF/DragCubeGeneration] Creating drag cubes for part 'airlinerCtrlSrf'
[LOG 18:20:18.981] PartLoader: Compiling Part 'Squad/Parts/Aero/airlinerWings/MainWing/airlinerMainWing'
[LOG 18:20:18.993] PartLoader: Part 'Squad/Parts/Aero/airlinerWings/MainWing/airlinerMainWing' has no database record. Creating.
[LOG 18:20:18.993] [DragCubeSystem]: Drag cubes not found or cannot be read for part Part. Generating New drag cubes.
[LOG 18:20:18.993] [KSPCF/DragCubeGeneration] Creating drag cubes for part 'airlinerMainWing'
[LOG 18:20:19.000] PartLoader: Compiling Part 'Squad/Parts/Aero/airlinerWings/TailFin/airlinerTailFin'
[LOG 18:20:19.020] PartLoader: Part 'Squad/Parts/Aero/airlinerWings/TailFin/airlinerTailFin' has no database record. Creating.
[LOG 18:20:19.020] [DragCubeSystem]: Drag cubes not found or cannot be read for part Part. Generating New drag cubes.
[LOG 18:20:19.020] [KSPCF/DragCubeGeneration] Creating drag cubes for part 'airlinerTailFin'
[LOG 18:20:19.053] PartLoader: Compiling Part 'Squad/Parts/Aero/airplaneFins/advancedCanard/AdvancedCanard'
[LOG 18:20:19.061] PartLoader: Part 'Squad/Parts/Aero/airplaneFins/advancedCanard/AdvancedCanard' has no database record. Creating.
[LOG 18:20:19.062] [DragCubeSystem]: Drag cubes not found or cannot be read for part Part. Generating New drag cubes.
[LOG 18:20:19.062] [KSPCF/DragCubeGeneration] Creating drag cubes for part 'AdvancedCanard'
[LOG 18:20:19.092] PartLoader: Compiling Part 'Squad/Parts/Aero/airplaneFins/standardCanard/CanardController'
[LOG 18:20:19.101] PartLoader: Part 'Squad/Parts/Aero/airplaneFins/standardCanard/CanardController' has no database record. Creating.
[LOG 18:20:19.101] [DragCubeSystem]: Drag cubes not found or cannot be read for part Part. Generating New drag cubes.
[LOG 18:20:19.101] [KSPCF/DragCubeGeneration] Creating drag cubes for part 'CanardController'
[LOG 18:20:19.140] PartLoader: Compiling Part 'Squad/Parts/Aero/airplaneFins/sweptWing/sweptWing'
[LOG 18:20:19.147] PartLoader: Part 'Squad/Parts/Aero/airplaneFins/sweptWing/sweptWing' has no database record. Creating.
[LOG 18:20:19.147] [DragCubeSystem]: Drag cubes not found or cannot be read for part Part. Generating New drag cubes.
[LOG 18:20:19.147] [KSPCF/DragCubeGeneration] Creating drag cubes for part 'sweptWing'
[LOG 18:20:19.152] PartLoader: Compiling Part 'Squad/Parts/Aero/airplaneFins/tailfin/tailfin'
[LOG 18:20:19.159] PartLoader: Part 'Squad/Parts/Aero/airplaneFins/tailfin/tailfin' has no database record. Creating.
[LOG 18:20:19.159] [DragCubeSystem]: Drag cubes not found or cannot be read for part Part. Generating New drag cubes.
[LOG 18:20:19.159] [KSPCF/DragCubeGeneration] Creating drag cubes for part 'tailfin'
[LOG 18:20:19.183] PartLoader: Compiling Part 'Squad/Parts/Aero/basicFin/basicFin/basicFin'
[LOG 18:20:19.189] PartLoader: Part 'Squad/Parts/Aero/basicFin/basicFin/basicFin' has no database record. Creating.
[LOG 18:20:19.189] [DragCubeSystem]: Drag cubes not found or cannot be read for part Part. Generating New drag cubes.
[LOG 18:20:19.189] [KSPCF/DragCubeGeneration] Creating drag cubes for part 'basicFin'
[LOG 18:20:19.195] PartLoader: Compiling Part 'Squad/Parts/Aero/circularIntake/circularIntake/CircularIntake'
[LOG 18:20:19.210] PartLoader: Part 'Squad/Parts/Aero/circularIntake/circularIntake/CircularIntake' has no database record. Creating.
[LOG 18:20:19.210] PartLoader: Compiling Part 'Squad/Parts/Aero/circularIntake/intakeShockCone/shockConeIntake'
[LOG 18:20:19.218] PartLoader: Part 'Squad/Parts/Aero/circularIntake/intakeShockCone/shockConeIntake' has no database record. Creating.
[LOG 18:20:19.220] PartLoader: Compiling Part 'Squad/Parts/Aero/cones/avionicsNoseCone/avionicsNoseCone'
[LOG 18:20:19.240] PartLoader: Part 'Squad/Parts/Aero/cones/avionicsNoseCone/avionicsNoseCone' has no database record. Creating.
[LOG 18:20:19.240] [DragCubeSystem]: Drag cubes not found or cannot be read for part Part. Generating New drag cubes.
[LOG 18:20:19.240] [KSPCF/DragCubeGeneration] Creating drag cubes for part 'avionicsNoseCone'
[LOG 18:20:19.253] PartLoader: Compiling Part 'Squad/Parts/Aero/cones/ConeA/pointyNoseConeA'
[LOG 18:20:19.258] PartLoader: Part 'Squad/Parts/Aero/cones/ConeA/pointyNoseConeA' has no database record. Creating.
[LOG 18:20:19.258] [DragCubeSystem]: Drag cubes not found or cannot be read for part Part. Generating New drag cubes.
[LOG 18:20:19.258] [KSPCF/DragCubeGeneration] Creating drag cubes for part 'pointyNoseConeA'
[LOG 18:20:19.264] PartLoader: Compiling Part 'Squad/Parts/Aero/cones/ConeB/pointyNoseConeB'
[LOG 18:20:19.271] PartLoader: Part 'Squad/Parts/Aero/cones/ConeB/pointyNoseConeB' has no database record. Creating.
[LOG 18:20:19.271] [DragCubeSystem]: Drag cubes not found or cannot be read for part Part. Generating New drag cubes.
[LOG 18:20:19.271] [KSPCF/DragCubeGeneration] Creating drag cubes for part 'pointyNoseConeB'
[LOG 18:20:19.278] PartLoader: Compiling Part 'Squad/Parts/Aero/cones/noseConeAdapter/noseConeAdapter'
[LOG 18:20:19.283] PartLoader: Part 'Squad/Parts/Aero/cones/noseConeAdapter/noseConeAdapter' has no database record. Creating.
[LOG 18:20:19.283] [DragCubeSystem]: Drag cubes not found or cannot be read for part Part. Generating New drag cubes.
[LOG 18:20:19.283] [KSPCF/DragCubeGeneration] Creating drag cubes for part 'noseConeAdapter'
[LOG 18:20:19.290] PartLoader: Compiling Part 'Squad/Parts/Aero/cones/protectiveRocketNoseMk7_v2/rocketNoseCone_v2'
[LOG 18:20:19.297] PartLoader: Part 'Squad/Parts/Aero/cones/protectiveRocketNoseMk7_v2/rocketNoseCone_v2' has no database record. Creating.
[LOG 18:20:19.297] [DragCubeSystem]: Drag cubes not found or cannot be read for part Part. Generating New drag cubes.
[LOG 18:20:19.297] [KSPCF/DragCubeGeneration] Creating drag cubes for part 'rocketNoseCone.v2'
[LOG 18:20:19.304] PartLoader: Compiling Part 'Squad/Parts/Aero/cones/protectiveRocketNoseMk7_v3/rocketNoseCone_v3'
[LOG 18:20:19.312] PartLoader: Part 'Squad/Parts/Aero/cones/protectiveRocketNoseMk7_v3/rocketNoseCone_v3' has no database record. Creating.
[LOG 18:20:19.312] [DragCubeSystem]: Drag cubes not found or cannot be read for part Part. Generating New drag cubes.
[LOG 18:20:19.312] [KSPCF/DragCubeGeneration] Creating drag cubes for part 'rocketNoseCone.v3'
[LOG 18:20:19.320] PartLoader: Compiling Part 'Squad/Parts/Aero/cones/rocketNoseCone_size3/rocketNoseConeSize3'
[LOG 18:20:19.327] PartLoader: Part 'Squad/Parts/Aero/cones/rocketNoseCone_size3/rocketNoseConeSize3' has no database record. Creating.
[LOG 18:20:19.327] [DragCubeSystem]: Drag cubes not found or cannot be read for part Part. Generating New drag cubes.
[LOG 18:20:19.327] [KSPCF/DragCubeGeneration] Creating drag cubes for part 'rocketNoseConeSize3'
[LOG 18:20:19.334] PartLoader: Compiling Part 'Squad/Parts/Aero/cones/smallNoseCone/standardNoseCone'
[LOG 18:20:19.339] PartLoader: Part 'Squad/Parts/Aero/cones/smallNoseCone/standardNoseCone' has no database record. Creating.
[LOG 18:20:19.339] [DragCubeSystem]: Drag cubes not found or cannot be read for part Part. Generating New drag cubes.
[LOG 18:20:19.339] [KSPCF/DragCubeGeneration] Creating drag cubes for part 'standardNoseCone'
[LOG 18:20:19.347] PartLoader: Compiling Part 'Squad/Parts/Aero/cones/tailConnectorA/airplaneTail'
[LOG 18:20:19.351] PartLoader: Part 'Squad/Parts/Aero/cones/tailConnectorA/airplaneTail' has no database record. Creating.
[LOG 18:20:19.351] [DragCubeSystem]: Drag cubes not found or cannot be read for part Part. Generating New drag cubes.
[LOG 18:20:19.351] [KSPCF/DragCubeGeneration] Creating drag cubes for part 'airplaneTail'
[LOG 18:20:19.357] PartLoader: Compiling Part 'Squad/Parts/Aero/cones/tailConnectorB/airplaneTailB'
[LOG 18:20:19.362] PartLoader: Part 'Squad/Parts/Aero/cones/tailConnectorB/airplaneTailB' has no database record. Creating.
[LOG 18:20:19.362] [DragCubeSystem]: Drag cubes not found or cannot be read for part Part. Generating New drag cubes.
[LOG 18:20:19.362] [KSPCF/DragCubeGeneration] Creating drag cubes for part 'airplaneTailB'
[LOG 18:20:19.368] PartLoader: Compiling Part 'Squad/Parts/Aero/fairings/fairingSize1/fairingSize1'
[LOG 18:20:19.421] PartLoader: Part 'Squad/Parts/Aero/fairings/fairingSize1/fairingSize1' has no database record. Creating.
[LOG 18:20:19.421] [DragCubeSystem]: Drag cubes not found or cannot be read for part Part. Generating New drag cubes.
[LOG 18:20:19.421] [KSPCF/DragCubeGeneration] Creating drag cubes for part 'fairingSize1'
[LOG 18:20:19.431] PartLoader: Compiling Part 'Squad/Parts/Aero/fairings/fairingSize2/fairingSize2'
[LOG 18:20:19.450] PartLoader: Part 'Squad/Parts/Aero/fairings/fairingSize2/fairingSize2' has no database record. Creating.
[LOG 18:20:19.450] [DragCubeSystem]: Drag cubes not found or cannot be read for part Part. Generating New drag cubes.
[LOG 18:20:19.450] [KSPCF/DragCubeGeneration] Creating drag cubes for part 'fairingSize2'
[LOG 18:20:19.458] PartLoader: Compiling Part 'Squad/Parts/Aero/fairings/fairingSize3/fairingSize3'
[LOG 18:20:19.470] PartLoader: Part 'Squad/Parts/Aero/fairings/fairingSize3/fairingSize3' has no database record. Creating.
[LOG 18:20:19.470] [DragCubeSystem]: Drag cubes not found or cannot be read for part Part. Generating New drag cubes.
[LOG 18:20:19.470] [KSPCF/DragCubeGeneration] Creating drag cubes for part 'fairingSize3'
[LOG 18:20:19.477] PartLoader: Compiling Part 'Squad/Parts/Aero/HeatShield/HeatShield0/HeatShield0'
[LOG 18:20:19.502] PartLoader: Part 'Squad/Parts/Aero/HeatShield/HeatShield0/HeatShield0' has no database record. Creating.
[LOG 18:20:19.502] [DragCubeSystem]: Drag cubes not found or cannot be read for part Part. Generating New drag cubes.
[LOG 18:20:19.503] [KSPCF/DragCubeGeneration] Creating drag cubes for part 'HeatShield0'
[LOG 18:20:19.512] PartLoader: Compiling Part 'Squad/Parts/Aero/HeatShield/HeatShield1/HeatShield1'
[LOG 18:20:19.530] PartLoader: Part 'Squad/Parts/Aero/HeatShield/HeatShield1/HeatShield1' has no database record. Creating.
[LOG 18:20:19.530] [DragCubeSystem]: Drag cubes not found or cannot be read for part Part. Generating New drag cubes.
[LOG 18:20:19.531] [KSPCF/DragCubeGeneration] Creating drag cubes for part 'HeatShield1'
[LOG 18:20:19.551] PartLoader: Compiling Part 'Squad/Parts/Aero/HeatShield/HeatShield2/HeatShield2'
[LOG 18:20:19.559] PartLoader: Part 'Squad/Parts/Aero/HeatShield/HeatShield2/HeatShield2' has no database record. Creating.
[LOG 18:20:19.559] [DragCubeSystem]: Drag cubes not found or cannot be read for part Part. Generating New drag cubes.
[LOG 18:20:19.559] [KSPCF/DragCubeGeneration] Creating drag cubes for part 'HeatShield2'
[LOG 18:20:19.577] PartLoader: Compiling Part 'Squad/Parts/Aero/HeatShield/HeatShield3/HeatShield3'
[LOG 18:20:19.586] PartLoader: Part 'Squad/Parts/Aero/HeatShield/HeatShield3/HeatShield3' has no database record. Creating.
[LOG 18:20:19.586] [DragCubeSystem]: Drag cubes not found or cannot be read for part Part. Generating New drag cubes.
[LOG 18:20:19.586] [KSPCF/DragCubeGeneration] Creating drag cubes for part 'HeatShield3'
[LOG 18:20:19.604] PartLoader: Compiling Part 'Squad/Parts/Aero/InflatableHeatShield/HeatShield/InflatableHeatShield'
[LOG 18:20:19.620] PartLoader: Part 'Squad/Parts/Aero/InflatableHeatShield/HeatShield/InflatableHeatShield' has no database record. Creating.
[LOG 18:20:19.620] [DragCubeSystem]: Drag cubes not found or cannot be read for part Part. Generating New drag cubes.
[LOG 18:20:19.620] [KSPCF/DragCubeGeneration] Creating drag cubes for part 'InflatableHeatShield'
[LOG 18:20:19.641] PartLoader: Compiling Part 'Squad/Parts/Aero/intakeRadialLong/intakeRadialLong/IntakeRadialLong'
[LOG 18:20:19.646] PartLoader: Part 'Squad/Parts/Aero/intakeRadialLong/intakeRadialLong/IntakeRadialLong' has no database record. Creating.
[LOG 18:20:19.646] [DragCubeSystem]: Drag cubes not found or cannot be read for part Part. Generating New drag cubes.
[LOG 18:20:19.647] [KSPCF/DragCubeGeneration] Creating drag cubes for part 'IntakeRadialLong'
[LOG 18:20:19.654] PartLoader: Compiling Part 'Squad/Parts/Aero/miniIntake/SmallIntake/miniIntake'
[LOG 18:20:19.659] PartLoader: Part 'Squad/Parts/Aero/miniIntake/SmallIntake/miniIntake' has no database record. Creating.
[LOG 18:20:19.660] PartLoader: Compiling Part 'Squad/Parts/Aero/ramAirIntake/ramAirIntake/ramAirIntake'
[LOG 18:20:19.666] PartLoader: Part 'Squad/Parts/Aero/ramAirIntake/ramAirIntake/ramAirIntake' has no database record. Creating.
[LOG 18:20:19.667] PartLoader: Compiling Part 'Squad/Parts/Aero/shuttleWings/delta/wingShuttleDelta'
[LOG 18:20:19.672] PartLoader: Part 'Squad/Parts/Aero/shuttleWings/delta/wingShuttleDelta' has no database record. Creating.
[LOG 18:20:19.672] [DragCubeSystem]: Drag cubes not found or cannot be read for part Part. Generating New drag cubes.
[LOG 18:20:19.673] [KSPCF/DragCubeGeneration] Creating drag cubes for part 'wingShuttleDelta'
[LOG 18:20:19.679] PartLoader: Compiling Part 'Squad/Parts/Aero/shuttleWings/elevon1/wingShuttleElevon1'
[LOG 18:20:19.688] PartLoader: Part 'Squad/Parts/Aero/shuttleWings/elevon1/wingShuttleElevon1' has no database record. Creating.
[LOG 18:20:19.688] [DragCubeSystem]: Drag cubes not found or cannot be read for part Part. Generating New drag cubes.
[LOG 18:20:19.688] [KSPCF/DragCubeGeneration] Creating drag cubes for part 'wingShuttleElevon1'
[LOG 18:20:19.714] PartLoader: Compiling Part 'Squad/Parts/Aero/shuttleWings/elevon2/wingShuttleElevon2'
[LOG 18:20:19.721] PartLoader: Part 'Squad/Parts/Aero/shuttleWings/elevon2/wingShuttleElevon2' has no database record. Creating.
[LOG 18:20:19.721] [DragCubeSystem]: Drag cubes not found or cannot be read for part Part. Generating New drag cubes.
[LOG 18:20:19.721] [KSPCF/DragCubeGeneration] Creating drag cubes for part 'wingShuttleElevon2'
[LOG 18:20:19.747] PartLoader: Compiling Part 'Squad/Parts/Aero/shuttleWings/rudder/wingShuttleRudder'
[LOG 18:20:19.753] PartLoader: Part 'Squad/Parts/Aero/shuttleWings/rudder/wingShuttleRudder' has no database record. Creating.
[LOG 18:20:19.753] [DragCubeSystem]: Drag cubes not found or cannot be read for part Part. Generating New drag cubes.
[LOG 18:20:19.753] [KSPCF/DragCubeGeneration] Creating drag cubes for part 'wingShuttleRudder'
[LOG 18:20:19.777] PartLoader: Compiling Part 'Squad/Parts/Aero/shuttleWings/strake/wingShuttleStrake'
[LOG 18:20:19.781] PartLoader: Part 'Squad/Parts/Aero/shuttleWings/strake/wingShuttleStrake' has no database record. Creating.
[LOG 18:20:19.781] [DragCubeSystem]: Drag cubes not found or cannot be read for part Part. Generating New drag cubes.
[LOG 18:20:19.781] [KSPCF/DragCubeGeneration] Creating drag cubes for part 'wingShuttleStrake'
[LOG 18:20:19.787] PartLoader: Compiling Part 'Squad/Parts/Aero/wingletAV-R8/wingletAV-R8/R8winglet'
[LOG 18:20:19.795] PartLoader: Part 'Squad/Parts/Aero/wingletAV-R8/wingletAV-R8/R8winglet' has no database record. Creating.
[LOG 18:20:19.795] [DragCubeSystem]: Drag cubes not found or cannot be read for part Part. Generating New drag cubes.
[LOG 18:20:19.795] [KSPCF/DragCubeGeneration] Creating drag cubes for part 'R8winglet'
[LOG 18:20:19.819] PartLoader: Compiling Part 'Squad/Parts/Aero/wingletAV-T1/wingletAV-T1/winglet'
[LOG 18:20:19.825] PartLoader: Part 'Squad/Parts/Aero/wingletAV-T1/wingletAV-T1/winglet' has no database record. Creating.
[LOG 18:20:19.825] [DragCubeSystem]: Drag cubes not found or cannot be read for part Part. Generating New drag cubes.
[LOG 18:20:19.825] [KSPCF/DragCubeGeneration] Creating drag cubes for part 'winglet'
[LOG 18:20:19.831] PartLoader: Compiling Part 'Squad/Parts/Aero/wingletDeltaDeluxe/wingletDeltaDeluxe/winglet3'
[LOG 18:20:19.836] PartLoader: Part 'Squad/Parts/Aero/wingletDeltaDeluxe/wingletDeltaDeluxe/winglet3' has no database record. Creating.
[LOG 18:20:19.836] [DragCubeSystem]: Drag cubes not found or cannot be read for part Part. Generating New drag cubes.
[LOG 18:20:19.836] [KSPCF/DragCubeGeneration] Creating drag cubes for part 'winglet3'
[LOG 18:20:19.863] PartLoader: Compiling Part 'Squad/Parts/Aero/wings/connector1/wingConnector'
[LOG 18:20:19.867] PartLoader: Part 'Squad/Parts/Aero/wings/connector1/wingConnector' has no database record. Creating.
[LOG 18:20:19.867] [DragCubeSystem]: Drag cubes not found or cannot be read for part Part. Generating New drag cubes.
[LOG 18:20:19.867] [KSPCF/DragCubeGeneration] Creating drag cubes for part 'wingConnector'
[LOG 18:20:19.872] PartLoader: Compiling Part 'Squad/Parts/Aero/wings/connector2/wingConnector2'
[LOG 18:20:19.876] PartLoader: Part 'Squad/Parts/Aero/wings/connector2/wingConnector2' has no database record. Creating.
[LOG 18:20:19.876] [DragCubeSystem]: Drag cubes not found or cannot be read for part Part. Generating New drag cubes.
[LOG 18:20:19.876] [KSPCF/DragCubeGeneration] Creating drag cubes for part 'wingConnector2'
[LOG 18:20:19.882] PartLoader: Compiling Part 'Squad/Parts/Aero/wings/connector3/wingConnector3'
[LOG 18:20:19.886] PartLoader: Part 'Squad/Parts/Aero/wings/connector3/wingConnector3' has no database record. Creating.
[LOG 18:20:19.886] [DragCubeSystem]: Drag cubes not found or cannot be read for part Part. Generating New drag cubes.
[LOG 18:20:19.886] [KSPCF/DragCubeGeneration] Creating drag cubes for part 'wingConnector3'
[LOG 18:20:19.893] PartLoader: Compiling Part 'Squad/Parts/Aero/wings/connector4/wingConnector4'
[LOG 18:20:19.899] PartLoader: Part 'Squad/Parts/Aero/wings/connector4/wingConnector4' has no database record. Creating.
[LOG 18:20:19.899] [DragCubeSystem]: Drag cubes not found or cannot be read for part Part. Generating New drag cubes.
[LOG 18:20:19.899] [KSPCF/DragCubeGeneration] Creating drag cubes for part 'wingConnector4'
[LOG 18:20:19.905] PartLoader: Compiling Part 'Squad/Parts/Aero/wings/connector5/wingConnector5'
[LOG 18:20:19.908] PartLoader: Part 'Squad/Parts/Aero/wings/connector5/wingConnector5' has no database record. Creating.
[LOG 18:20:19.908] [DragCubeSystem]: Drag cubes not found or cannot be read for part Part. Generating New drag cubes.
[LOG 18:20:19.908] [KSPCF/DragCubeGeneration] Creating drag cubes for part 'wingConnector5'
[LOG 18:20:19.914] PartLoader: Compiling Part 'Squad/Parts/Aero/wings/delta/deltaWing'
[LOG 18:20:19.919] PartLoader: Part 'Squad/Parts/Aero/wings/delta/deltaWing' has no database record. Creating.
[LOG 18:20:19.919] [DragCubeSystem]: Drag cubes not found or cannot be read for part Part. Generating New drag cubes.
[LOG 18:20:19.919] [KSPCF/DragCubeGeneration] Creating drag cubes for part 'deltaWing'
[LOG 18:20:19.924] PartLoader: Compiling Part 'Squad/Parts/Aero/wings/delta_small/delta_small'
[LOG 18:20:19.930] PartLoader: Part 'Squad/Parts/Aero/wings/delta_small/delta_small' has no database record. Creating.
[LOG 18:20:19.930] [DragCubeSystem]: Drag cubes not found or cannot be read for part Part. Generating New drag cubes.
[LOG 18:20:19.930] [KSPCF/DragCubeGeneration] Creating drag cubes for part 'delta.small'
[LOG 18:20:19.937] PartLoader: Compiling Part 'Squad/Parts/Aero/wings/elevon1/StandardCtrlSrf'
[LOG 18:20:19.943] PartLoader: Part 'Squad/Parts/Aero/wings/elevon1/StandardCtrlSrf' has no database record. Creating.
[LOG 18:20:19.943] [DragCubeSystem]: Drag cubes not found or cannot be read for part Part. Generating New drag cubes.
[LOG 18:20:19.943] [KSPCF/DragCubeGeneration] Creating drag cubes for part 'StandardCtrlSrf'
[LOG 18:20:19.968] PartLoader: Compiling Part 'Squad/Parts/Aero/wings/elevon2/elevon2'
[LOG 18:20:19.973] PartLoader: Part 'Squad/Parts/Aero/wings/elevon2/elevon2' has no database record. Creating.
[LOG 18:20:19.973] [DragCubeSystem]: Drag cubes not found or cannot be read for part Part. Generating New drag cubes.
[LOG 18:20:19.973] [KSPCF/DragCubeGeneration] Creating drag cubes for part 'elevon2'
[LOG 18:20:19.996] PartLoader: Compiling Part 'Squad/Parts/Aero/wings/elevon3/elevon3'
[LOG 18:20:20.002] PartLoader: Part 'Squad/Parts/Aero/wings/elevon3/elevon3' has no database record. Creating.
[LOG 18:20:20.002] [DragCubeSystem]: Drag cubes not found or cannot be read for part Part. Generating New drag cubes.
[LOG 18:20:20.003] [KSPCF/DragCubeGeneration] Creating drag cubes for part 'elevon3'
[LOG 18:20:20.027] PartLoader: Compiling Part 'Squad/Parts/Aero/wings/elevon4/smallCtrlSrf'
[LOG 18:20:20.034] PartLoader: Part 'Squad/Parts/Aero/wings/elevon4/smallCtrlSrf' has no database record. Creating.
[LOG 18:20:20.034] [DragCubeSystem]: Drag cubes not found or cannot be read for part Part. Generating New drag cubes.
[LOG 18:20:20.034] [KSPCF/DragCubeGeneration] Creating drag cubes for part 'smallCtrlSrf'
[LOG 18:20:20.062] PartLoader: Compiling Part 'Squad/Parts/Aero/wings/elevon5/elevon5'
[LOG 18:20:20.075] PartLoader: Part 'Squad/Parts/Aero/wings/elevon5/elevon5' has no database record. Creating.
[LOG 18:20:20.076] [DragCubeSystem]: Drag cubes not found or cannot be read for part Part. Generating New drag cubes.
[LOG 18:20:20.076] [KSPCF/DragCubeGeneration] Creating drag cubes for part 'elevon5'
[LOG 18:20:20.103] PartLoader: Compiling Part 'Squad/Parts/Aero/wings/strake/wingStrake'
[LOG 18:20:20.108] PartLoader: Part 'Squad/Parts/Aero/wings/strake/wingStrake' has no database record. Creating.
[LOG 18:20:20.108] [DragCubeSystem]: Drag cubes not found or cannot be read for part Part. Generating New drag cubes.
[LOG 18:20:20.108] [KSPCF/DragCubeGeneration] Creating drag cubes for part 'wingStrake'
[LOG 18:20:20.114] PartLoader: Compiling Part 'Squad/Parts/Aero/wings/structural1/structuralWing'
[LOG 18:20:20.119] PartLoader: Part 'Squad/Parts/Aero/wings/structural1/structuralWing' has no database record. Creating.
[LOG 18:20:20.119] [DragCubeSystem]: Drag cubes not found or cannot be read for part Part. Generating New drag cubes.
[LOG 18:20:20.119] [KSPCF/DragCubeGeneration] Creating drag cubes for part 'structuralWing'
[LOG 18:20:20.125] PartLoader: Compiling Part 'Squad/Parts/Aero/wings/structural2/structuralWing2'
[LOG 18:20:20.132] PartLoader: Part 'Squad/Parts/Aero/wings/structural2/structuralWing2' has no database record. Creating.
[LOG 18:20:20.132] [DragCubeSystem]: Drag cubes not found or cannot be read for part Part. Generating New drag cubes.
[LOG 18:20:20.132] [KSPCF/DragCubeGeneration] Creating drag cubes for part 'structuralWing2'
[LOG 18:20:20.139] PartLoader: Compiling Part 'Squad/Parts/Aero/wings/structural3/structuralWing3'
[LOG 18:20:20.145] PartLoader: Part 'Squad/Parts/Aero/wings/structural3/structuralWing3' has no database record. Creating.
[LOG 18:20:20.145] [DragCubeSystem]: Drag cubes not found or cannot be read for part Part. Generating New drag cubes.
[LOG 18:20:20.145] [KSPCF/DragCubeGeneration] Creating drag cubes for part 'structuralWing3'
[LOG 18:20:20.151] PartLoader: Compiling Part 'Squad/Parts/Aero/wings/structural4/structuralWing4'
[LOG 18:20:20.155] PartLoader: Part 'Squad/Parts/Aero/wings/structural4/structuralWing4' has no database record. Creating.
[LOG 18:20:20.155] [DragCubeSystem]: Drag cubes not found or cannot be read for part Part. Generating New drag cubes.
[LOG 18:20:20.155] [KSPCF/DragCubeGeneration] Creating drag cubes for part 'structuralWing4'
[LOG 18:20:20.161] PartLoader: Compiling Part 'Squad/Parts/Aero/wings/swept1/sweptWing1'
[LOG 18:20:20.252] PartLoader: Part 'Squad/Parts/Aero/wings/swept1/sweptWing1' has no database record. Creating.
[LOG 18:20:20.252] [DragCubeSystem]: Drag cubes not found or cannot be read for part Part. Generating New drag cubes.
[LOG 18:20:20.252] [KSPCF/DragCubeGeneration] Creating drag cubes for part 'sweptWing1'
[LOG 18:20:20.259] PartLoader: Compiling Part 'Squad/Parts/Aero/wings/swept2/sweptWing2'
[LOG 18:20:20.265] PartLoader: Part 'Squad/Parts/Aero/wings/swept2/sweptWing2' has no database record. Creating.
[LOG 18:20:20.265] [DragCubeSystem]: Drag cubes not found or cannot be read for part Part. Generating New drag cubes.
[LOG 18:20:20.265] [KSPCF/DragCubeGeneration] Creating drag cubes for part 'sweptWing2'
[LOG 18:20:20.272] PartLoader: Compiling Part 'Squad/Parts/Cargo/CargoContainers/cargoContainer/cargoContainer'
[WRN 18:20:20.275] [Part]: Cannot have ModuleCargoPart and ModuleInventoryPart on same Part [cargoContainer'. Removed ModuleCargoPart
[LOG 18:20:20.288] PartLoader: Part 'Squad/Parts/Cargo/CargoContainers/cargoContainer/cargoContainer' has no database record. Creating.
[LOG 18:20:20.288] [DragCubeSystem]: Drag cubes not found or cannot be read for part Part. Generating New drag cubes.
[LOG 18:20:20.288] [KSPCF/DragCubeGeneration] Creating drag cubes for part 'cargoContainer'
[LOG 18:20:20.296] PartLoader: Compiling Part 'Squad/Parts/Cargo/CargoContainers/smallCargoContainer/smallCargoContainer'
[WRN 18:20:20.297] [Part]: Cannot have ModuleCargoPart and ModuleInventoryPart on same Part [smallCargoContainer'. Removed ModuleCargoPart
[LOG 18:20:20.299] PartLoader: Part 'Squad/Parts/Cargo/CargoContainers/smallCargoContainer/smallCargoContainer' has no database record. Creating.
[LOG 18:20:20.299] [DragCubeSystem]: Drag cubes not found or cannot be read for part Part. Generating New drag cubes.
[LOG 18:20:20.299] [KSPCF/DragCubeGeneration] Creating drag cubes for part 'smallCargoContainer'
[LOG 18:20:20.307] PartLoader: Compiling Part 'Squad/Parts/Cargo/Cylinder/Cylinder/evaCylinder'
[LOG 18:20:20.312] PartLoader: Part 'Squad/Parts/Cargo/Cylinder/Cylinder/evaCylinder' has no database record. Creating.
[LOG 18:20:20.312] [DragCubeSystem]: Drag cubes not found or cannot be read for part Part. Generating New drag cubes.
[LOG 18:20:20.312] [KSPCF/DragCubeGeneration] Creating drag cubes for part 'evaCylinder'
[LOG 18:20:20.319] PartLoader: Compiling Part 'Squad/Parts/Cargo/GroundAnchor/groundAnchor/groundAnchor'
[LOG 18:20:20.338] PartLoader: Part 'Squad/Parts/Cargo/GroundAnchor/groundAnchor/groundAnchor' has no database record. Creating.
[LOG 18:20:20.339] [DragCubeSystem]: Drag cubes not found or cannot be read for part Part. Generating New drag cubes.
[LOG 18:20:20.339] [KSPCF/DragCubeGeneration] Creating drag cubes for part 'groundAnchor'
[LOG 18:20:20.358] PartLoader: Compiling Part 'Squad/Parts/Cargo/Jetpack/Jetpack/evaJetpack'
[LOG 18:20:20.364] PartLoader: Part 'Squad/Parts/Cargo/Jetpack/Jetpack/evaJetpack' has no database record. Creating.
[LOG 18:20:20.364] [DragCubeSystem]: Drag cubes not found or cannot be read for part Part. Generating New drag cubes.
[LOG 18:20:20.364] [KSPCF/DragCubeGeneration] Creating drag cubes for part 'evaJetpack'
[LOG 18:20:20.371] PartLoader: Compiling Part 'Squad/Parts/Cargo/Parachute/Parachute/evaChute'
[LOG 18:20:20.376] PartLoader: Part 'Squad/Parts/Cargo/Parachute/Parachute/evaChute' has no database record. Creating.
[LOG 18:20:20.377] [DragCubeSystem]: Drag cubes not found or cannot be read for part Part. Generating New drag cubes.
[LOG 18:20:20.377] [KSPCF/DragCubeGeneration] Creating drag cubes for part 'evaChute'
[LOG 18:20:20.383] PartLoader: Compiling Part 'Squad/Parts/Cargo/RepairKit/RepairKit/evaRepairKit'
[LOG 18:20:20.397] PartLoader: Part 'Squad/Parts/Cargo/RepairKit/RepairKit/evaRepairKit' has no database record. Creating.
[LOG 18:20:20.397] [DragCubeSystem]: Drag cubes not found or cannot be read for part Part. Generating New drag cubes.
[LOG 18:20:20.397] [KSPCF/DragCubeGeneration] Creating drag cubes for part 'evaRepairKit'
[LOG 18:20:20.406] PartLoader: Compiling Part 'Squad/Parts/Cargo/ScienceKit/evaScienceKit/evaScienceKit'
[LOG 18:20:20.409] PartLoader: Part 'Squad/Parts/Cargo/ScienceKit/evaScienceKit/evaScienceKit' has no database record. Creating.
[LOG 18:20:20.409] [DragCubeSystem]: Drag cubes not found or cannot be read for part Part. Generating New drag cubes.
[LOG 18:20:20.409] [KSPCF/DragCubeGeneration] Creating drag cubes for part 'evaScienceKit'
[LOG 18:20:20.415] PartLoader: Compiling Part 'Squad/Parts/Cargo/StorageUnits/CargoStorageUnit/CargoStorageUnit'
[WRN 18:20:20.419] [Part]: Cannot have ModuleCargoPart and ModuleInventoryPart on same Part [CargoStorageUnit'. Removed ModuleCargoPart
[LOG 18:20:20.421] PartLoader: Part 'Squad/Parts/Cargo/StorageUnits/CargoStorageUnit/CargoStorageUnit' has no database record. Creating.
[LOG 18:20:20.421] [DragCubeSystem]: Drag cubes not found or cannot be read for part Part. Generating New drag cubes.
[LOG 18:20:20.421] [KSPCF/DragCubeGeneration] Creating drag cubes for part 'CargoStorageUnit'
[LOG 18:20:20.430] PartLoader: Compiling Part 'Squad/Parts/Cargo/StorageUnits/ConformalStorageUnit/ConformalStorageUnit'
[WRN 18:20:20.433] [Part]: Cannot have ModuleCargoPart and ModuleInventoryPart on same Part [ConformalStorageUnit'. Removed ModuleCargoPart
[LOG 18:20:20.436] PartLoader: Part 'Squad/Parts/Cargo/StorageUnits/ConformalStorageUnit/ConformalStorageUnit' has no database record. Creating.
[LOG 18:20:20.436] [DragCubeSystem]: Drag cubes not found or cannot be read for part Part. Generating New drag cubes.
[LOG 18:20:20.436] [KSPCF/DragCubeGeneration] Creating drag cubes for part 'ConformalStorageUnit'
[LOG 18:20:20.442] PartLoader: Compiling Part 'Squad/Parts/Command/advancedSasModuleLarge/advSasModuleLarge/asasmodule1-2'
[LOG 18:20:20.450] PartLoader: Part 'Squad/Parts/Command/advancedSasModuleLarge/advSasModuleLarge/asasmodule1-2' has no database record. Creating.
[LOG 18:20:20.451] PartLoader: Compiling Part 'Squad/Parts/Command/cupola/cupola/cupola'
[LOG 18:20:20.488] PartLoader: Part 'Squad/Parts/Command/cupola/cupola/cupola' has no database record. Creating.
[LOG 18:20:20.488] [DragCubeSystem]: Drag cubes not found or cannot be read for part Part. Generating New drag cubes.
[LOG 18:20:20.488] [KSPCF/DragCubeGeneration] Creating drag cubes for part 'cupola'
[LOG 18:20:20.500] PartLoader: Compiling Part 'Squad/Parts/Command/externalCommandSeat/externalCommandSeat/seatExternalCmd'
[LOG 18:20:20.507] PartLoader: Part 'Squad/Parts/Command/externalCommandSeat/externalCommandSeat/seatExternalCmd' has no database record. Creating.
[LOG 18:20:20.507] [DragCubeSystem]: Drag cubes not found or cannot be read for part Part. Generating New drag cubes.
[LOG 18:20:20.507] [KSPCF/DragCubeGeneration] Creating drag cubes for part 'seatExternalCmd'
[LOG 18:20:20.513] PartLoader: Compiling Part 'Squad/Parts/Command/hitchhikerStorageContainer/hitchikerStorageContainer/crewCabin'
[LOG 18:20:20.518] PartLoader: Part 'Squad/Parts/Command/hitchhikerStorageContainer/hitchikerStorageContainer/crewCabin' has no database record. Creating.
[LOG 18:20:20.518] [DragCubeSystem]: Drag cubes not found or cannot be read for part Part. Generating New drag cubes.
[LOG 18:20:20.518] [KSPCF/DragCubeGeneration] Creating drag cubes for part 'crewCabin'
[LOG 18:20:20.525] PartLoader: Compiling Part 'Squad/Parts/Command/inlineAdvancedStabilizer/inlineAdvancedStabilizer/advSasModule'
[LOG 18:20:20.529] PartLoader: Part 'Squad/Parts/Command/inlineAdvancedStabilizer/inlineAdvancedStabilizer/advSasModule' has no database record. Creating.
[LOG 18:20:20.529] [DragCubeSystem]: Drag cubes not found or cannot be read for part Part. Generating New drag cubes.
[LOG 18:20:20.529] [KSPCF/DragCubeGeneration] Creating drag cubes for part 'advSasModule'
[LOG 18:20:20.535] PartLoader: Compiling Part 'Squad/Parts/Command/inlineReactionWheel/inlineReactionWheel/sasModule'
[LOG 18:20:20.539] PartLoader: Part 'Squad/Parts/Command/inlineReactionWheel/inlineReactionWheel/sasModule' has no database record. Creating.
[LOG 18:20:20.539] [DragCubeSystem]: Drag cubes not found or cannot be read for part Part. Generating New drag cubes.
[LOG 18:20:20.539] [KSPCF/DragCubeGeneration] Creating drag cubes for part 'sasModule'
[LOG 18:20:20.545] PartLoader: Compiling Part 'Squad/Parts/Command/Mk1-3Pod/mk1-3/mk1-3pod'
[LOG 18:20:20.576] PartLoader: Part 'Squad/Parts/Command/Mk1-3Pod/mk1-3/mk1-3pod' has no database record. Creating.
[LOG 18:20:20.577] [DragCubeSystem]: Drag cubes not found or cannot be read for part Part. Generating New drag cubes.
[LOG 18:20:20.577] [KSPCF/DragCubeGeneration] Creating drag cubes for part 'mk1-3pod'
[LOG 18:20:20.585] PartLoader: Compiling Part 'Squad/Parts/Command/mk1Cockpits/mk1Cockpit/Mark1Cockpit'
[WRN 18:20:20.590] [Part]: Cannot have ModuleCargoPart and ModuleInventoryPart on same Part [Mark1Cockpit'. Removed ModuleCargoPart
[LOG 18:20:20.594] PartLoader: Part 'Squad/Parts/Command/mk1Cockpits/mk1Cockpit/Mark1Cockpit' has no database record. Creating.
[LOG 18:20:20.594] [DragCubeSystem]: Drag cubes not found or cannot be read for part Part. Generating New drag cubes.
[LOG 18:20:20.594] [KSPCF/DragCubeGeneration] Creating drag cubes for part 'Mark1Cockpit'
[LOG 18:20:20.603] PartLoader: Compiling Part 'Squad/Parts/Command/mk1Cockpits/mk1CrewCabin/MK1CrewCabin'
[WRN 18:20:20.608] [Part]: Cannot have ModuleCargoPart and ModuleInventoryPart on same Part [MK1CrewCabin'. Removed ModuleCargoPart
[LOG 18:20:20.611] PartLoader: Part 'Squad/Parts/Command/mk1Cockpits/mk1CrewCabin/MK1CrewCabin' has no database record. Creating.
[LOG 18:20:20.611] [DragCubeSystem]: Drag cubes not found or cannot be read for part Part. Generating New drag cubes.
[LOG 18:20:20.612] [KSPCF/DragCubeGeneration] Creating drag cubes for part 'MK1CrewCabin'
[LOG 18:20:20.619] PartLoader: Compiling Part 'Squad/Parts/Command/mk1Cockpits/mk1InlineCockpit/Mark2Cockpit'
[WRN 18:20:20.624] [Part]: Cannot have ModuleCargoPart and ModuleInventoryPart on same Part [Mark2Cockpit'. Removed ModuleCargoPart
[LOG 18:20:20.627] PartLoader: Part 'Squad/Parts/Command/mk1Cockpits/mk1InlineCockpit/Mark2Cockpit' has no database record. Creating.
[LOG 18:20:20.628] [DragCubeSystem]: Drag cubes not found or cannot be read for part Part. Generating New drag cubes.
[LOG 18:20:20.628] [KSPCF/DragCubeGeneration] Creating drag cubes for part 'Mark2Cockpit'
[LOG 18:20:20.635] PartLoader: Compiling Part 'Squad/Parts/Command/mk1LanderCan/mk1LanderCan/landerCabinSmall'
[WRN 18:20:20.638] [Part]: Cannot have ModuleCargoPart and ModuleInventoryPart on same Part [landerCabinSmall'. Removed ModuleCargoPart
[LOG 18:20:20.641] PartLoader: Part 'Squad/Parts/Command/mk1LanderCan/mk1LanderCan/landerCabinSmall' has no database record. Creating.
[LOG 18:20:20.641] [DragCubeSystem]: Drag cubes not found or cannot be read for part Part. Generating New drag cubes.
[LOG 18:20:20.641] [KSPCF/DragCubeGeneration] Creating drag cubes for part 'landerCabinSmall'
[LOG 18:20:20.650] PartLoader: Compiling Part 'Squad/Parts/Command/mk1pod_v2/mk1Pod_v2/mk1pod_v2'
[WRN 18:20:20.654] [Part]: Cannot have ModuleCargoPart and ModuleInventoryPart on same Part [mk1pod.v2'. Removed ModuleCargoPart
[LOG 18:20:20.659] PartLoader: Part 'Squad/Parts/Command/mk1pod_v2/mk1Pod_v2/mk1pod_v2' has no database record. Creating.
[LOG 18:20:20.659] [DragCubeSystem]: Drag cubes not found or cannot be read for part Part. Generating New drag cubes.
[LOG 18:20:20.659] [KSPCF/DragCubeGeneration] Creating drag cubes for part 'mk1pod.v2'
[LOG 18:20:20.670] PartLoader: Compiling Part 'Squad/Parts/Command/mk2CockpitInline/mk2CockpitInline/mk2Cockpit_Inline'
[WRN 18:20:20.674] [Part]: Cannot have ModuleCargoPart and ModuleInventoryPart on same Part [mk2Cockpit.Inline'. Removed ModuleCargoPart
[LOG 18:20:20.678] PartLoader: Part 'Squad/Parts/Command/mk2CockpitInline/mk2CockpitInline/mk2Cockpit_Inline' has no database record. Creating.
[LOG 18:20:20.681] [DragCubeSystem]: Drag cubes not found or cannot be read for part Part. Generating New drag cubes.
[LOG 18:20:20.682] [KSPCF/DragCubeGeneration] Creating drag cubes for part 'mk2Cockpit.Inline'
[LOG 18:20:20.689] PartLoader: Compiling Part 'Squad/Parts/Command/mk2CockpitStandard/mk2CockpitStandard/mk2Cockpit_Standard'
[WRN 18:20:20.694] [Part]: Cannot have ModuleCargoPart and ModuleInventoryPart on same Part [mk2Cockpit.Standard'. Removed ModuleCargoPart
[LOG 18:20:20.698] PartLoader: Part 'Squad/Parts/Command/mk2CockpitStandard/mk2CockpitStandard/mk2Cockpit_Standard' has no database record. Creating.
[LOG 18:20:20.698] [DragCubeSystem]: Drag cubes not found or cannot be read for part Part. Generating New drag cubes.
[LOG 18:20:20.698] [KSPCF/DragCubeGeneration] Creating drag cubes for part 'mk2Cockpit.Standard'
[LOG 18:20:20.705] PartLoader: Compiling Part 'Squad/Parts/Command/mk2DroneCore/mk2Dronecore/mk2DroneCore'
[LOG 18:20:20.711] PartLoader: Part 'Squad/Parts/Command/mk2DroneCore/mk2Dronecore/mk2DroneCore' has no database record. Creating.
[LOG 18:20:20.714] PartLoader: Compiling Part 'Squad/Parts/Command/mk2LanderCan/mk2LanderCan/mk2LanderCabin'
[WRN 18:20:20.720] [Part]: Cannot have ModuleCargoPart and ModuleInventoryPart on same Part [mk2LanderCabin'. Removed ModuleCargoPart
[LOG 18:20:20.732] PartLoader: Part 'Squad/Parts/Command/mk2LanderCan/mk2LanderCan/mk2LanderCabin' has no database record. Creating.
[LOG 18:20:20.732] [DragCubeSystem]: Drag cubes not found or cannot be read for part Part. Generating New drag cubes.
[LOG 18:20:20.732] [KSPCF/DragCubeGeneration] Creating drag cubes for part 'mk2LanderCabin'
[LOG 18:20:20.743] PartLoader: Compiling Part 'Squad/Parts/Command/mk2LanderCan_v2/mk2LanderCan_v2/mk2LanderCabin_v2'
[WRN 18:20:20.751] [Part]: Cannot have ModuleCargoPart and ModuleInventoryPart on same Part [mk2LanderCabin.v2'. Removed ModuleCargoPart
[LOG 18:20:20.758] PartLoader: Part 'Squad/Parts/Command/mk2LanderCan_v2/mk2LanderCan_v2/mk2LanderCabin_v2' has no database record. Creating.
[LOG 18:20:20.758] [DragCubeSystem]: Drag cubes not found or cannot be read for part Part. Generating New drag cubes.
[LOG 18:20:20.758] [KSPCF/DragCubeGeneration] Creating drag cubes for part 'mk2LanderCabin.v2'
[LOG 18:20:20.772] PartLoader: Compiling Part 'Squad/Parts/Command/mk3CockpitShuttle/mk3CockpitShuttle/mk3Cockpit_Shuttle'
[LOG 18:20:20.793] PartLoader: Part 'Squad/Parts/Command/mk3CockpitShuttle/mk3CockpitShuttle/mk3Cockpit_Shuttle' has no database record. Creating.
[LOG 18:20:20.793] [DragCubeSystem]: Drag cubes not found or cannot be read for part Part. Generating New drag cubes.
[LOG 18:20:20.793] [KSPCF/DragCubeGeneration] Creating drag cubes for part 'mk3Cockpit.Shuttle'
[LOG 18:20:20.804] PartLoader: Compiling Part 'Squad/Parts/Command/MpoProbe/MpoProbe/MpoProbe'
[LOG 18:20:20.810] PartLoader: Part 'Squad/Parts/Command/MpoProbe/MpoProbe/MpoProbe' has no database record. Creating.
[LOG 18:20:20.810] [DragCubeSystem]: Drag cubes not found or cannot be read for part Part. Generating New drag cubes.
[LOG 18:20:20.810] [KSPCF/DragCubeGeneration] Creating drag cubes for part 'MpoProbe'
[LOG 18:20:20.817] PartLoader: Compiling Part 'Squad/Parts/Command/MtmStage/MTM_Stage/MtmStage'
[LOG 18:20:20.823] PartLoader: Part 'Squad/Parts/Command/MtmStage/MTM_Stage/MtmStage' has no database record. Creating.
[LOG 18:20:20.823] [DragCubeSystem]: Drag cubes not found or cannot be read for part Part. Generating New drag cubes.
[LOG 18:20:20.823] [KSPCF/DragCubeGeneration] Creating drag cubes for part 'MtmStage'
[LOG 18:20:20.830] PartLoader: Compiling Part 'Squad/Parts/Command/probeCoreCube/probeCoreCube/probeCoreCube'
[LOG 18:20:20.839] PartLoader: Part 'Squad/Parts/Command/probeCoreCube/probeCoreCube/probeCoreCube' has no database record. Creating.
[LOG 18:20:20.840] PartLoader: Compiling Part 'Squad/Parts/Command/probeCoreHex/probeCoreHex/probeCoreHex'
[LOG 18:20:20.847] PartLoader: Part 'Squad/Parts/Command/probeCoreHex/probeCoreHex/probeCoreHex' has no database record. Creating.
[LOG 18:20:20.847] [DragCubeSystem]: Drag cubes not found or cannot be read for part Part. Generating New drag cubes.
[LOG 18:20:20.848] [KSPCF/DragCubeGeneration] Creating drag cubes for part 'probeCoreHex'
[LOG 18:20:20.854] PartLoader: Compiling Part 'Squad/Parts/Command/probeCoreHex_v2/probeCoreHex_v2/probeCoreHex_v2'
[LOG 18:20:20.865] PartLoader: Part 'Squad/Parts/Command/probeCoreHex_v2/probeCoreHex_v2/probeCoreHex_v2' has no database record. Creating.
[LOG 18:20:20.865] [DragCubeSystem]: Drag cubes not found or cannot be read for part Part. Generating New drag cubes.
[LOG 18:20:20.865] [KSPCF/DragCubeGeneration] Creating drag cubes for part 'probeCoreHex.v2'
[LOG 18:20:20.872] PartLoader: Compiling Part 'Squad/Parts/Command/probeCoreOcto2_v2/probeCoreOcto2_v2/probeCoreOcto2_v2'
[LOG 18:20:20.883] PartLoader: Part 'Squad/Parts/Command/probeCoreOcto2_v2/probeCoreOcto2_v2/probeCoreOcto2_v2' has no database record. Creating.
[LOG 18:20:20.883] [DragCubeSystem]: Drag cubes not found or cannot be read for part Part. Generating New drag cubes.
[LOG 18:20:20.883] [KSPCF/DragCubeGeneration] Creating drag cubes for part 'probeCoreOcto2.v2'
[LOG 18:20:20.890] PartLoader: Compiling Part 'Squad/Parts/Command/probeCoreOcto_v2/probeCoreOcto_v2/probeCoreOcto_v2'
[LOG 18:20:20.903] PartLoader: Part 'Squad/Parts/Command/probeCoreOcto_v2/probeCoreOcto_v2/probeCoreOcto_v2' has no database record. Creating.
[LOG 18:20:20.903] [DragCubeSystem]: Drag cubes not found or cannot be read for part Part. Generating New drag cubes.
[LOG 18:20:20.903] [KSPCF/DragCubeGeneration] Creating drag cubes for part 'probeCoreOcto.v2'
[LOG 18:20:20.911] PartLoader: Compiling Part 'Squad/Parts/Command/probeRoverBody/probeRoverBody/roverBody'
[LOG 18:20:20.922] PartLoader: Part 'Squad/Parts/Command/probeRoverBody/probeRoverBody/roverBody' has no database record. Creating.
[LOG 18:20:20.922] [DragCubeSystem]: Drag cubes not found or cannot be read for part Part. Generating New drag cubes.
[LOG 18:20:20.923] [KSPCF/DragCubeGeneration] Creating drag cubes for part 'roverBody'
[LOG 18:20:20.930] PartLoader: Compiling Part 'Squad/Parts/Command/probeRoverBody_v2/probeRoverBody_v2/roverBody_v2'
[LOG 18:20:20.942] PartLoader: Part 'Squad/Parts/Command/probeRoverBody_v2/probeRoverBody_v2/roverBody_v2' has no database record. Creating.
[LOG 18:20:20.942] [DragCubeSystem]: Drag cubes not found or cannot be read for part Part. Generating New drag cubes.
[LOG 18:20:20.942] [KSPCF/DragCubeGeneration] Creating drag cubes for part 'roverBody.v2'
[LOG 18:20:20.972] PartLoader: Compiling Part 'Squad/Parts/Command/probeStackLarge/probeStackLarge/probeStackLarge'
[LOG 18:20:20.980] PartLoader: Part 'Squad/Parts/Command/probeStackLarge/probeStackLarge/probeStackLarge' has no database record. Creating.
[LOG 18:20:20.980] [DragCubeSystem]: Drag cubes not found or cannot be read for part Part. Generating New drag cubes.
[LOG 18:20:20.980] [KSPCF/DragCubeGeneration] Creating drag cubes for part 'probeStackLarge'
[LOG 18:20:20.987] PartLoader: Compiling Part 'Squad/Parts/Command/probeStackSmall/probeStackSmall/probeStackSmall'
[LOG 18:20:20.994] PartLoader: Part 'Squad/Parts/Command/probeStackSmall/probeStackSmall/probeStackSmall' has no database record. Creating.
[LOG 18:20:20.994] [DragCubeSystem]: Drag cubes not found or cannot be read for part Part. Generating New drag cubes.
[LOG 18:20:20.995] [KSPCF/DragCubeGeneration] Creating drag cubes for part 'probeStackSmall'
[LOG 18:20:21.003] PartLoader: Compiling Part 'Squad/Parts/Command/probeStackSphere_v2/probeStackSphere_v2/probeCoreSphere_v2'
[LOG 18:20:21.010] PartLoader: Part 'Squad/Parts/Command/probeStackSphere_v2/probeStackSphere_v2/probeCoreSphere_v2' has no database record. Creating.
[LOG 18:20:21.012] PartLoader: Compiling Part 'Squad/Parts/CompoundParts/FuelLine/fuelLine/fuelLine'
[LOG 18:20:21.046] PartLoader: Part 'Squad/Parts/CompoundParts/FuelLine/fuelLine/fuelLine' has no database record. Creating.
[LOG 18:20:21.047] [DragCubeSystem]: Drag cubes not found or cannot be read for part CompoundPart. Generating New drag cubes.
[LOG 18:20:21.047] [KSPCF/DragCubeGeneration] Creating drag cubes for part 'fuelLine'
[LOG 18:20:21.053] PartLoader: Compiling Part 'Squad/Parts/CompoundParts/strutConnector/strutConnector/strutConnector'
[LOG 18:20:21.062] PartLoader: Part 'Squad/Parts/CompoundParts/strutConnector/strutConnector/strutConnector' has no database record. Creating.
[LOG 18:20:21.063] [DragCubeSystem]: Drag cubes not found or cannot be read for part CompoundPart. Generating New drag cubes.
[LOG 18:20:21.063] [KSPCF/DragCubeGeneration] Creating drag cubes for part 'strutConnector'
[LOG 18:20:21.071] PartLoader: Compiling Part 'Squad/Parts/Coupling/Decoupler_0/Decoupler_0'
[LOG 18:20:21.085] PartLoader: Part 'Squad/Parts/Coupling/Decoupler_0/Decoupler_0' has no database record. Creating.
[LOG 18:20:21.086] PartLoader: Compiling Part 'Squad/Parts/Coupling/Decoupler_1/Decoupler_1'
[LOG 18:20:21.096] PartLoader: Part 'Squad/Parts/Coupling/Decoupler_1/Decoupler_1' has no database record. Creating.
[LOG 18:20:21.097] PartLoader: Compiling Part 'Squad/Parts/Coupling/Decoupler_2/Decoupler_2'
[LOG 18:20:21.106] PartLoader: Part 'Squad/Parts/Coupling/Decoupler_2/Decoupler_2' has no database record. Creating.
[LOG 18:20:21.107] PartLoader: Compiling Part 'Squad/Parts/Coupling/Decoupler_3/Decoupler_3'
[LOG 18:20:21.114] PartLoader: Part 'Squad/Parts/Coupling/Decoupler_3/Decoupler_3' has no database record. Creating.
[LOG 18:20:21.114] PartLoader: Compiling Part 'Squad/Parts/Coupling/Separator_0/Separator_0'
[LOG 18:20:21.119] PartLoader: Part 'Squad/Parts/Coupling/Separator_0/Separator_0' has no database record. Creating.
[LOG 18:20:21.120] PartLoader: Compiling Part 'Squad/Parts/Coupling/Separator_1/Separator_1'
[LOG 18:20:21.125] PartLoader: Part 'Squad/Parts/Coupling/Separator_1/Separator_1' has no database record. Creating.
[LOG 18:20:21.126] PartLoader: Compiling Part 'Squad/Parts/Coupling/Separator_2/Separator_2'
[LOG 18:20:21.134] PartLoader: Part 'Squad/Parts/Coupling/Separator_2/Separator_2' has no database record. Creating.
[LOG 18:20:21.134] PartLoader: Compiling Part 'Squad/Parts/Coupling/Separator_3/Separator_3'
[LOG 18:20:21.142] PartLoader: Part 'Squad/Parts/Coupling/Separator_3/Separator_3' has no database record. Creating.
[LOG 18:20:21.143] PartLoader: Compiling Part 'Squad/Parts/Electrical/10CSolarPanels/OX-10C/solarPanelOX10C'
[LOG 18:20:21.155] PartLoader: Part 'Squad/Parts/Electrical/10CSolarPanels/OX-10C/solarPanelOX10C' has no database record. Creating.
[LOG 18:20:21.155] [DragCubeSystem]: Drag cubes not found or cannot be read for part Part. Generating New drag cubes.
[LOG 18:20:21.155] [KSPCF/DragCubeGeneration] Creating drag cubes for part 'solarPanelOX10C'
[LOG 18:20:21.181] PartLoader: Compiling Part 'Squad/Parts/Electrical/10CSolarPanels/SP-10C/solarPanelSP10C'
[LOG 18:20:21.187] PartLoader: Part 'Squad/Parts/Electrical/10CSolarPanels/SP-10C/solarPanelSP10C' has no database record. Creating.
[LOG 18:20:21.187] [DragCubeSystem]: Drag cubes not found or cannot be read for part Part. Generating New drag cubes.
[LOG 18:20:21.188] [KSPCF/DragCubeGeneration] Creating drag cubes for part 'solarPanelSP10C'
[LOG 18:20:21.213] PartLoader: Compiling Part 'Squad/Parts/Electrical/10LSolarPanels/OX-10L/solarPanelOX10L'
[LOG 18:20:21.217] PartLoader: Part 'Squad/Parts/Electrical/10LSolarPanels/OX-10L/solarPanelOX10L' has no database record. Creating.
[LOG 18:20:21.217] [DragCubeSystem]: Drag cubes not found or cannot be read for part Part. Generating New drag cubes.
[LOG 18:20:21.217] [KSPCF/DragCubeGeneration] Creating drag cubes for part 'solarPanelOX10L'
[LOG 18:20:21.240] PartLoader: Compiling Part 'Squad/Parts/Electrical/10LSolarPanels/SP-10L/solarPanelSP10L'
[LOG 18:20:21.247] PartLoader: Part 'Squad/Parts/Electrical/10LSolarPanels/SP-10L/solarPanelSP10L' has no database record. Creating.
[LOG 18:20:21.247] [DragCubeSystem]: Drag cubes not found or cannot be read for part Part. Generating New drag cubes.
[LOG 18:20:21.247] [KSPCF/DragCubeGeneration] Creating drag cubes for part 'solarPanelSP10L'
[LOG 18:20:21.271] PartLoader: Compiling Part 'Squad/Parts/Electrical/1x6ShroudSolarPanels/1x6ShroudSolarPanels/solarPanels2'
[LOG 18:20:21.277] PartLoader: Part 'Squad/Parts/Electrical/1x6ShroudSolarPanels/1x6ShroudSolarPanels/solarPanels2' has no database record. Creating.
[LOG 18:20:21.277] [DragCubeSystem]: Drag cubes not found or cannot be read for part Part. Generating New drag cubes.
[LOG 18:20:21.277] [KSPCF/DragCubeGeneration] Creating drag cubes for part 'solarPanels2'
[LOG 18:20:21.300] PartLoader: Compiling Part 'Squad/Parts/Electrical/1x6SolarPanels/1x6SolarPanels/solarPanels4'
[LOG 18:20:21.308] PartLoader: Part 'Squad/Parts/Electrical/1x6SolarPanels/1x6SolarPanels/solarPanels4' has no database record. Creating.
[LOG 18:20:21.308] [DragCubeSystem]: Drag cubes not found or cannot be read for part Part. Generating New drag cubes.
[LOG 18:20:21.308] [KSPCF/DragCubeGeneration] Creating drag cubes for part 'solarPanels4'
[LOG 18:20:21.331] PartLoader: Compiling Part 'Squad/Parts/Electrical/3x2ShroudSolarPanels/3x2ShroudSolarPanels/solarPanels1'
[LOG 18:20:21.339] PartLoader: Part 'Squad/Parts/Electrical/3x2ShroudSolarPanels/3x2ShroudSolarPanels/solarPanels1' has no database record. Creating.
[LOG 18:20:21.339] [DragCubeSystem]: Drag cubes not found or cannot be read for part Part. Generating New drag cubes.
[LOG 18:20:21.339] [KSPCF/DragCubeGeneration] Creating drag cubes for part 'solarPanels1'
[LOG 18:20:21.365] PartLoader: Compiling Part 'Squad/Parts/Electrical/3x2SolarPanels/3x2SolarPanels/solarPanels3'
[LOG 18:20:21.370] PartLoader: Part 'Squad/Parts/Electrical/3x2SolarPanels/3x2SolarPanels/solarPanels3' has no database record. Creating.
[LOG 18:20:21.370] [DragCubeSystem]: Drag cubes not found or cannot be read for part Part. Generating New drag cubes.
[LOG 18:20:21.370] [KSPCF/DragCubeGeneration] Creating drag cubes for part 'solarPanels3'
[LOG 18:20:21.395] PartLoader: Compiling Part 'Squad/Parts/Electrical/gigantorXlSolarArray/gigantorXlSolarArray/largeSolarPanel'
[LOG 18:20:21.402] PartLoader: Part 'Squad/Parts/Electrical/gigantorXlSolarArray/gigantorXlSolarArray/largeSolarPanel' has no database record. Creating.
[LOG 18:20:21.403] [DragCubeSystem]: Drag cubes not found or cannot be read for part Part. Generating New drag cubes.
[LOG 18:20:21.403] [KSPCF/DragCubeGeneration] Creating drag cubes for part 'largeSolarPanel'
[LOG 18:20:21.426] PartLoader: Compiling Part 'Squad/Parts/Electrical/radialFlatSolarPanel/radialFlatSolarPanel/solarPanels5'
[LOG 18:20:21.432] PartLoader: Part 'Squad/Parts/Electrical/radialFlatSolarPanel/radialFlatSolarPanel/solarPanels5' has no database record. Creating.
[LOG 18:20:21.432] [DragCubeSystem]: Drag cubes not found or cannot be read for part Part. Generating New drag cubes.
[LOG 18:20:21.432] [KSPCF/DragCubeGeneration] Creating drag cubes for part 'solarPanels5'
[LOG 18:20:21.442] PartLoader: Compiling Part 'Squad/Parts/Electrical/RTG/RTG/rtg'
[LOG 18:20:21.453] PartLoader: Part 'Squad/Parts/Electrical/RTG/RTG/rtg' has no database record. Creating.
[LOG 18:20:21.453] [DragCubeSystem]: Drag cubes not found or cannot be read for part Part. Generating New drag cubes.
[LOG 18:20:21.453] [KSPCF/DragCubeGeneration] Creating drag cubes for part 'rtg'
[LOG 18:20:21.460] PartLoader: Compiling Part 'Squad/Parts/Electrical/z-100Battery/z-100Battery/batteryPack'
[LOG 18:20:21.463] PartLoader: Part 'Squad/Parts/Electrical/z-100Battery/z-100Battery/batteryPack' has no database record. Creating.
[LOG 18:20:21.463] [DragCubeSystem]: Drag cubes not found or cannot be read for part Part. Generating New drag cubes.
[LOG 18:20:21.463] [KSPCF/DragCubeGeneration] Creating drag cubes for part 'batteryPack'
[LOG 18:20:21.471] PartLoader: Compiling Part 'Squad/Parts/Electrical/z-1kBattery/z-1kBattery/batteryBank'
[LOG 18:20:21.475] PartLoader: Part 'Squad/Parts/Electrical/z-1kBattery/z-1kBattery/batteryBank' has no database record. Creating.
[LOG 18:20:21.475] [DragCubeSystem]: Drag cubes not found or cannot be read for part Part. Generating New drag cubes.
[LOG 18:20:21.475] [KSPCF/DragCubeGeneration] Creating drag cubes for part 'batteryBank'
[LOG 18:20:21.482] PartLoader: Compiling Part 'Squad/Parts/Electrical/z-200Battery/z-200Battery/batteryBankMini'
[LOG 18:20:21.486] PartLoader: Part 'Squad/Parts/Electrical/z-200Battery/z-200Battery/batteryBankMini' has no database record. Creating.
[LOG 18:20:21.486] [DragCubeSystem]: Drag cubes not found or cannot be read for part Part. Generating New drag cubes.
[LOG 18:20:21.486] [KSPCF/DragCubeGeneration] Creating drag cubes for part 'batteryBankMini'
[LOG 18:20:21.493] PartLoader: Compiling Part 'Squad/Parts/Electrical/z-400Battery/z-400Battery/ksp_r_largeBatteryPack'
[LOG 18:20:21.495] PartLoader: Part 'Squad/Parts/Electrical/z-400Battery/z-400Battery/ksp_r_largeBatteryPack' has no database record. Creating.
[LOG 18:20:21.495] [DragCubeSystem]: Drag cubes not found or cannot be read for part Part. Generating New drag cubes.
[LOG 18:20:21.495] [KSPCF/DragCubeGeneration] Creating drag cubes for part 'ksp.r.largeBatteryPack'
[LOG 18:20:21.502] PartLoader: Compiling Part 'Squad/Parts/Electrical/z-4kBattery/z-4kBattery/batteryBankLarge'
[LOG 18:20:21.506] PartLoader: Part 'Squad/Parts/Electrical/z-4kBattery/z-4kBattery/batteryBankLarge' has no database record. Creating.
[LOG 18:20:21.506] [DragCubeSystem]: Drag cubes not found or cannot be read for part Part. Generating New drag cubes.
[LOG 18:20:21.506] [KSPCF/DragCubeGeneration] Creating drag cubes for part 'batteryBankLarge'
[LOG 18:20:21.513] PartLoader: Compiling Part 'Squad/Parts/Engine/ionEngine/ionEngine/ionEngine'
[LOG 18:20:21.535] PartLoader: Part 'Squad/Parts/Engine/ionEngine/ionEngine/ionEngine' has no database record. Creating.
[LOG 18:20:21.535] [DragCubeSystem]: Drag cubes not found or cannot be read for part Part. Generating New drag cubes.
[LOG 18:20:21.535] [KSPCF/DragCubeGeneration] Creating drag cubes for part 'ionEngine'
[LOG 18:20:21.544] PartLoader: Compiling Part 'Squad/Parts/Engine/jetEngines/jetEngineAfterburning/turboJet'
[LOG 18:20:21.576] PartLoader: Part 'Squad/Parts/Engine/jetEngines/jetEngineAfterburning/turboJet' has no database record. Creating.
[LOG 18:20:21.576] [DragCubeSystem]: Drag cubes not found or cannot be read for part Part. Generating New drag cubes.
[LOG 18:20:21.576] [KSPCF/DragCubeGeneration] Creating drag cubes for part 'turboJet'
[LOG 18:20:21.593] PartLoader: Compiling Part 'Squad/Parts/Engine/jetEngines/jetEngineBasic/JetEngine'
[LOG 18:20:21.618] PartLoader: Part 'Squad/Parts/Engine/jetEngines/jetEngineBasic/JetEngine' has no database record. Creating.
[LOG 18:20:21.618] [DragCubeSystem]: Drag cubes not found or cannot be read for part Part. Generating New drag cubes.
[LOG 18:20:21.618] [KSPCF/DragCubeGeneration] Creating drag cubes for part 'JetEngine'
[LOG 18:20:21.645] PartLoader: Compiling Part 'Squad/Parts/Engine/jetEngines/jetEngineBig/turboFanSize2'
[LOG 18:20:21.664] PartLoader: Part 'Squad/Parts/Engine/jetEngines/jetEngineBig/turboFanSize2' has no database record. Creating.
[LOG 18:20:21.664] [DragCubeSystem]: Drag cubes not found or cannot be read for part Part. Generating New drag cubes.
[LOG 18:20:21.664] [KSPCF/DragCubeGeneration] Creating drag cubes for part 'turboFanSize2'
[LOG 18:20:21.689] PartLoader: Compiling Part 'Squad/Parts/Engine/jetEngines/jetEngineTurbo/turboFanEngine'
[LOG 18:20:21.705] PartLoader: Part 'Squad/Parts/Engine/jetEngines/jetEngineTurbo/turboFanEngine' has no database record. Creating.
[LOG 18:20:21.705] [DragCubeSystem]: Drag cubes not found or cannot be read for part Part. Generating New drag cubes.
[LOG 18:20:21.706] [KSPCF/DragCubeGeneration] Creating drag cubes for part 'turboFanEngine'
[LOG 18:20:21.716] PartLoader: Compiling Part 'Squad/Parts/Engine/liquidEngine24-77/liquidEngine24-77/smallRadialEngine'
[LOG 18:20:21.722] PartLoader: Part 'Squad/Parts/Engine/liquidEngine24-77/liquidEngine24-77/smallRadialEngine' has no database record. Creating.
[LOG 18:20:21.722] [DragCubeSystem]: Drag cubes not found or cannot be read for part Part. Generating New drag cubes.
[LOG 18:20:21.722] [KSPCF/DragCubeGeneration] Creating drag cubes for part 'smallRadialEngine'
[LOG 18:20:21.730] PartLoader: Compiling Part 'Squad/Parts/Engine/liquidEngine24-77_v2/liquidEngine24-77_v2/smallRadialEngine_v2'
[LOG 18:20:21.743] PartLoader: Part 'Squad/Parts/Engine/liquidEngine24-77_v2/liquidEngine24-77_v2/smallRadialEngine_v2' has no database record. Creating.
[LOG 18:20:21.743] [DragCubeSystem]: Drag cubes not found or cannot be read for part Part. Generating New drag cubes.
[LOG 18:20:21.743] [KSPCF/DragCubeGeneration] Creating drag cubes for part 'smallRadialEngine.v2'
[LOG 18:20:21.753] PartLoader: Compiling Part 'Squad/Parts/Engine/liquidEngine48-7S_v2/liquidEngine48-7S_v2/liquidEngineMini_v2'
[LOG 18:20:21.762] PartLoader: Part 'Squad/Parts/Engine/liquidEngine48-7S_v2/liquidEngine48-7S_v2/liquidEngineMini_v2' has no database record. Creating.
[LOG 18:20:21.762] [DragCubeSystem]: Drag cubes not found or cannot be read for part Part. Generating New drag cubes.
[LOG 18:20:21.762] [KSPCF/DragCubeGeneration] Creating drag cubes for part 'liquidEngineMini.v2'
[LOG 18:20:21.811] PartLoader: Compiling Part 'Squad/Parts/Engine/liquidEngineAerospike/liquidEngineAerospike/toroidalAerospike'
[LOG 18:20:21.831] PartLoader: Part 'Squad/Parts/Engine/liquidEngineAerospike/liquidEngineAerospike/toroidalAerospike' has no database record. Creating.
[LOG 18:20:21.832] [DragCubeSystem]: Drag cubes not found or cannot be read for part Part. Generating New drag cubes.
[LOG 18:20:21.832] [KSPCF/DragCubeGeneration] Creating drag cubes for part 'toroidalAerospike'
[LOG 18:20:21.855] PartLoader: Compiling Part 'Squad/Parts/Engine/liquidEngineLV-1_v2/liquidEngineLV-1R _v2/radialEngineMini_v2'
[LOG 18:20:21.867] PartLoader: Part 'Squad/Parts/Engine/liquidEngineLV-1_v2/liquidEngineLV-1R _v2/radialEngineMini_v2' has no database record. Creating.
[LOG 18:20:21.868] [DragCubeSystem]: Drag cubes not found or cannot be read for part Part. Generating New drag cubes.
[LOG 18:20:21.868] [KSPCF/DragCubeGeneration] Creating drag cubes for part 'radialEngineMini.v2'
[LOG 18:20:21.890] PartLoader: Compiling Part 'Squad/Parts/Engine/liquidEngineLV-1_v2/liquidEngineLV-1_v2/microEngine_v2'
[LOG 18:20:21.901] PartLoader: Part 'Squad/Parts/Engine/liquidEngineLV-1_v2/liquidEngineLV-1_v2/microEngine_v2' has no database record. Creating.
[LOG 18:20:21.901] [DragCubeSystem]: Drag cubes not found or cannot be read for part Part. Generating New drag cubes.
[LOG 18:20:21.901] [KSPCF/DragCubeGeneration] Creating drag cubes for part 'microEngine.v2'
[LOG 18:20:21.919] PartLoader: Compiling Part 'Squad/Parts/Engine/liquidEngineLV-909_v2/liquidEngineLV-909_v2/liquidEngine3_v2'
[LOG 18:20:21.929] PartLoader: Part 'Squad/Parts/Engine/liquidEngineLV-909_v2/liquidEngineLV-909_v2/liquidEngine3_v2' has no database record. Creating.
[LOG 18:20:21.929] [DragCubeSystem]: Drag cubes not found or cannot be read for part Part. Generating New drag cubes.
[LOG 18:20:21.929] [KSPCF/DragCubeGeneration] Creating drag cubes for part 'liquidEngine3.v2'
[LOG 18:20:21.972] PartLoader: Compiling Part 'Squad/Parts/Engine/liquidEngineLV-N/liquidEngineLV-N/nuclearEngine'
[LOG 18:20:21.986] PartLoader: Part 'Squad/Parts/Engine/liquidEngineLV-N/liquidEngineLV-N/nuclearEngine' has no database record. Creating.
[LOG 18:20:21.986] [DragCubeSystem]: Drag cubes not found or cannot be read for part Part. Generating New drag cubes.
[LOG 18:20:21.986] [KSPCF/DragCubeGeneration] Part 'nuclearEngine' has defined a procedural drag cube setup
[LOG 18:20:21.988] PartLoader: Compiling Part 'Squad/Parts/Engine/liquidEngineLV-T30/liquidEngineLV-T30/liquidEngine'
[LOG 18:20:21.999] PartLoader: Part 'Squad/Parts/Engine/liquidEngineLV-T30/liquidEngineLV-T30/liquidEngine' has no database record. Creating.
[LOG 18:20:21.999] [DragCubeSystem]: Drag cubes not found or cannot be read for part Part. Generating New drag cubes.
[LOG 18:20:22.000] [KSPCF/DragCubeGeneration] Creating drag cubes for part 'liquidEngine'
[LOG 18:20:22.016] PartLoader: Compiling Part 'Squad/Parts/Engine/liquidEngineLV-T30_v2/liquidEngineLV-T30_v2/liquidEngine_v2'
[LOG 18:20:22.024] PartLoader: Part 'Squad/Parts/Engine/liquidEngineLV-T30_v2/liquidEngineLV-T30_v2/liquidEngine_v2' has no database record. Creating.
[LOG 18:20:22.025] PartLoader: Compiling Part 'Squad/Parts/Engine/liquidEngineLV-T45/liquidEngineLV-T45/liquidEngine2'
[LOG 18:20:22.037] PartLoader: Part 'Squad/Parts/Engine/liquidEngineLV-T45/liquidEngineLV-T45/liquidEngine2' has no database record. Creating.
[LOG 18:20:22.037] [DragCubeSystem]: Drag cubes not found or cannot be read for part Part. Generating New drag cubes.
[LOG 18:20:22.037] [KSPCF/DragCubeGeneration] Creating drag cubes for part 'liquidEngine2'
[LOG 18:20:22.059] PartLoader: Compiling Part 'Squad/Parts/Engine/liquidEngineLV-T45_v2/liquidEngineLV-T45_v2/liquidEngine2_v2'
[LOG 18:20:22.069] PartLoader: Part 'Squad/Parts/Engine/liquidEngineLV-T45_v2/liquidEngineLV-T45_v2/liquidEngine2_v2' has no database record. Creating.
[LOG 18:20:22.071] PartLoader: Compiling Part 'Squad/Parts/Engine/liquidEngineMainsail_v2/liquidEngineMainsail_v2/liquidEngineMainsail_v2'
[LOG 18:20:22.082] PartLoader: Part 'Squad/Parts/Engine/liquidEngineMainsail_v2/liquidEngineMainsail_v2/liquidEngineMainsail_v2' has no database record. Creating.
[LOG 18:20:22.082] [DragCubeSystem]: Drag cubes not found or cannot be read for part Part. Generating New drag cubes.
[LOG 18:20:22.082] [KSPCF/DragCubeGeneration] Creating drag cubes for part 'liquidEngineMainsail.v2'
[LOG 18:20:22.126] PartLoader: Compiling Part 'Squad/Parts/Engine/liquidEngineMk55/liquidEngineMk55/radialLiquidEngine1-2'
[LOG 18:20:22.132] PartLoader: Part 'Squad/Parts/Engine/liquidEngineMk55/liquidEngineMk55/radialLiquidEngine1-2' has no database record. Creating.
[LOG 18:20:22.132] [DragCubeSystem]: Drag cubes not found or cannot be read for part Part. Generating New drag cubes.
[LOG 18:20:22.132] [KSPCF/DragCubeGeneration] Creating drag cubes for part 'radialLiquidEngine1-2'
[LOG 18:20:22.138] PartLoader: Compiling Part 'Squad/Parts/Engine/liquidEnginePoodle_v2/liquidEnginePoodle_v2/liquidEngine2-2_v2'
[LOG 18:20:22.148] PartLoader: Part 'Squad/Parts/Engine/liquidEnginePoodle_v2/liquidEnginePoodle_v2/liquidEngine2-2_v2' has no database record. Creating.
[LOG 18:20:22.149] PartLoader: Compiling Part 'Squad/Parts/Engine/liquidEngineSkipper_v2/skipperLiquidEngine_v2/engineLargeSkipper_v2'
[LOG 18:20:22.163] PartLoader: Part 'Squad/Parts/Engine/liquidEngineSkipper_v2/skipperLiquidEngine_v2/engineLargeSkipper_v2' has no database record. Creating.
[LOG 18:20:22.163] [DragCubeSystem]: Drag cubes not found or cannot be read for part Part. Generating New drag cubes.
[LOG 18:20:22.163] [KSPCF/DragCubeGeneration] Creating drag cubes for part 'engineLargeSkipper.v2'
[LOG 18:20:22.218] PartLoader: Compiling Part 'Squad/Parts/Engine/liquidEngineSSME/SSME/SSME'
[LOG 18:20:22.235] PartLoader: Part 'Squad/Parts/Engine/liquidEngineSSME/SSME/SSME' has no database record. Creating.
[LOG 18:20:22.235] [DragCubeSystem]: Drag cubes not found or cannot be read for part Part. Generating New drag cubes.
[LOG 18:20:22.236] [KSPCF/DragCubeGeneration] Creating drag cubes for part 'SSME'
[LOG 18:20:22.256] PartLoader: Compiling Part 'Squad/Parts/Engine/MassiveSRB/part/MassiveBooster'
[LOG 18:20:22.265] PartLoader: Part 'Squad/Parts/Engine/MassiveSRB/part/MassiveBooster' has no database record. Creating.
[LOG 18:20:22.265] [DragCubeSystem]: Drag cubes not found or cannot be read for part Part. Generating New drag cubes.
[LOG 18:20:22.265] [KSPCF/DragCubeGeneration] Creating drag cubes for part 'MassiveBooster'
[LOG 18:20:22.273] PartLoader: Compiling Part 'Squad/Parts/Engine/miniJet/SmallJetEngine/miniJetEngine'
[LOG 18:20:22.285] PartLoader: Part 'Squad/Parts/Engine/miniJet/SmallJetEngine/miniJetEngine' has no database record. Creating.
[LOG 18:20:22.285] [DragCubeSystem]: Drag cubes not found or cannot be read for part Part. Generating New drag cubes.
[LOG 18:20:22.285] [KSPCF/DragCubeGeneration] Creating drag cubes for part 'miniJetEngine'
[LOG 18:20:22.293] PartLoader: Compiling Part 'Squad/Parts/Engine/OMSEngine/omsEngine/omsEngine'
[LOG 18:20:22.301] PartLoader: Part 'Squad/Parts/Engine/OMSEngine/omsEngine/omsEngine' has no database record. Creating.
[LOG 18:20:22.301] [DragCubeSystem]: Drag cubes not found or cannot be read for part Part. Generating New drag cubes.
[LOG 18:20:22.301] [KSPCF/DragCubeGeneration] Creating drag cubes for part 'omsEngine'
[LOG 18:20:22.307] PartLoader: Compiling Part 'Squad/Parts/Engine/rapierEngine/rapierEngine/RAPIER'
[LOG 18:20:22.320] PartLoader: Part 'Squad/Parts/Engine/rapierEngine/rapierEngine/RAPIER' has no database record. Creating.
[LOG 18:20:22.320] [DragCubeSystem]: Drag cubes not found or cannot be read for part Part. Generating New drag cubes.
[LOG 18:20:22.320] [KSPCF/DragCubeGeneration] Creating drag cubes for part 'RAPIER'
[LOG 18:20:22.332] PartLoader: Compiling Part 'Squad/Parts/Engine/Size1_SRBs/solidBoosterRT-10_v2/solidBooster_v2'
[LOG 18:20:22.339] PartLoader: Part 'Squad/Parts/Engine/Size1_SRBs/solidBoosterRT-10_v2/solidBooster_v2' has no database record. Creating.
[LOG 18:20:22.339] [DragCubeSystem]: Drag cubes not found or cannot be read for part Part. Generating New drag cubes.
[LOG 18:20:22.339] [KSPCF/DragCubeGeneration] Creating drag cubes for part 'solidBooster.v2'
[LOG 18:20:22.359] PartLoader: Compiling Part 'Squad/Parts/Engine/Size1_SRBs/solidBoosterRT-5_v2/solidBooster_sm_v2'
[LOG 18:20:22.370] PartLoader: Part 'Squad/Parts/Engine/Size1_SRBs/solidBoosterRT-5_v2/solidBooster_sm_v2' has no database record. Creating.
[LOG 18:20:22.370] [DragCubeSystem]: Drag cubes not found or cannot be read for part Part. Generating New drag cubes.
[LOG 18:20:22.370] [KSPCF/DragCubeGeneration] Creating drag cubes for part 'solidBooster.sm.v2'
[LOG 18:20:22.389] PartLoader: Compiling Part 'Squad/Parts/Engine/Size2LFB/part/Size2LFB'
[LOG 18:20:22.403] PartLoader: Part 'Squad/Parts/Engine/Size2LFB/part/Size2LFB' has no database record. Creating.
[LOG 18:20:22.403] [DragCubeSystem]: Drag cubes not found or cannot be read for part Part. Generating New drag cubes.
[LOG 18:20:22.403] [KSPCF/DragCubeGeneration] Creating drag cubes for part 'Size2LFB'
[LOG 18:20:22.412] PartLoader: Compiling Part 'Squad/Parts/Engine/Size2LFB_v2/part/Size2LFB_v2'
[LOG 18:20:22.422] PartLoader: Part 'Squad/Parts/Engine/Size2LFB_v2/part/Size2LFB_v2' has no database record. Creating.
[LOG 18:20:22.422] [DragCubeSystem]: Drag cubes not found or cannot be read for part Part. Generating New drag cubes.
[LOG 18:20:22.422] [KSPCF/DragCubeGeneration] Creating drag cubes for part 'Size2LFB.v2'
[LOG 18:20:22.432] PartLoader: Compiling Part 'Squad/Parts/Engine/Size3AdvancedEngine/part/Size3AdvancedEngine'
[LOG 18:20:22.443] PartLoader: Part 'Squad/Parts/Engine/Size3AdvancedEngine/part/Size3AdvancedEngine' has no database record. Creating.
[LOG 18:20:22.443] [DragCubeSystem]: Drag cubes not found or cannot be read for part Part. Generating New drag cubes.
[LOG 18:20:22.443] [KSPCF/DragCubeGeneration] Creating drag cubes for part 'Size3AdvancedEngine'
[LOG 18:20:22.464] PartLoader: Compiling Part 'Squad/Parts/Engine/Size3EngineCluster/part/Size3EngineCluster'
[LOG 18:20:22.475] PartLoader: Part 'Squad/Parts/Engine/Size3EngineCluster/part/Size3EngineCluster' has no database record. Creating.
[LOG 18:20:22.475] [DragCubeSystem]: Drag cubes not found or cannot be read for part Part. Generating New drag cubes.
[LOG 18:20:22.475] [KSPCF/DragCubeGeneration] Creating drag cubes for part 'Size3EngineCluster'
[LOG 18:20:22.482] PartLoader: Compiling Part 'Squad/Parts/Engine/solidBoosterBACC/solidBoosterBACC/solidBooster1-1'
[LOG 18:20:22.491] PartLoader: Part 'Squad/Parts/Engine/solidBoosterBACC/solidBoosterBACC/solidBooster1-1' has no database record. Creating.
[LOG 18:20:22.491] [DragCubeSystem]: Drag cubes not found or cannot be read for part Part. Generating New drag cubes.
[LOG 18:20:22.491] [KSPCF/DragCubeGeneration] Creating drag cubes for part 'solidBooster1-1'
[LOG 18:20:22.498] PartLoader: Compiling Part 'Squad/Parts/Engine/solidBoosterS2-17/solidBoosterS2-17/Thoroughbred'
[LOG 18:20:22.507] PartLoader: Part 'Squad/Parts/Engine/solidBoosterS2-17/solidBoosterS2-17/Thoroughbred' has no database record. Creating.
[LOG 18:20:22.507] [DragCubeSystem]: Drag cubes not found or cannot be read for part Part. Generating New drag cubes.
[LOG 18:20:22.507] [KSPCF/DragCubeGeneration] Creating drag cubes for part 'Thoroughbred'
[LOG 18:20:22.515] PartLoader: Compiling Part 'Squad/Parts/Engine/solidBoosterS2-33/solidBoosterS2-33/Clydesdale'
[LOG 18:20:22.525] PartLoader: Part 'Squad/Parts/Engine/solidBoosterS2-33/solidBoosterS2-33/Clydesdale' has no database record. Creating.
[LOG 18:20:22.525] [DragCubeSystem]: Drag cubes not found or cannot be read for part Part. Generating New drag cubes.
[LOG 18:20:22.525] [KSPCF/DragCubeGeneration] Creating drag cubes for part 'Clydesdale'
[LOG 18:20:22.533] PartLoader: Compiling Part 'Squad/Parts/Engine/solidBoosterSep/solidBoosterSep/sepMotor1'
[LOG 18:20:22.536] [ModuleCargoPart]: Setting stackableQuantity to 1 as sepMotor1 contains resources
[LOG 18:20:22.538] PartLoader: Part 'Squad/Parts/Engine/solidBoosterSep/solidBoosterSep/sepMotor1' has no database record. Creating.
[LOG 18:20:22.538] [DragCubeSystem]: Drag cubes not found or cannot be read for part Part. Generating New drag cubes.
[LOG 18:20:22.538] [KSPCF/DragCubeGeneration] Creating drag cubes for part 'sepMotor1'
[LOG 18:20:22.546] PartLoader: Compiling Part 'Squad/Parts/Engine/SolidBoostersF/SolidBoosterF3S0/Shrimp'
[LOG 18:20:22.554] PartLoader: Part 'Squad/Parts/Engine/SolidBoostersF/SolidBoosterF3S0/Shrimp' has no database record. Creating.
[LOG 18:20:22.554] [DragCubeSystem]: Drag cubes not found or cannot be read for part Part. Generating New drag cubes.
[LOG 18:20:22.554] [KSPCF/DragCubeGeneration] Creating drag cubes for part 'Shrimp'
[LOG 18:20:22.562] PartLoader: Compiling Part 'Squad/Parts/Engine/SolidBoostersF/SolidBoosterFM1/Mite'
[LOG 18:20:22.571] PartLoader: Part 'Squad/Parts/Engine/SolidBoostersF/SolidBoosterFM1/Mite' has no database record. Creating.
[LOG 18:20:22.571] [DragCubeSystem]: Drag cubes not found or cannot be read for part Part. Generating New drag cubes.
[LOG 18:20:22.571] [KSPCF/DragCubeGeneration] Creating drag cubes for part 'Mite'
[LOG 18:20:22.579] PartLoader: Compiling Part 'Squad/Parts/FuelTank/adapterTanks/Mk3-Mk2/adapterMk3-Mk2'
[LOG 18:20:22.583] PartLoader: Part 'Squad/Parts/FuelTank/adapterTanks/Mk3-Mk2/adapterMk3-Mk2' has no database record. Creating.
[LOG 18:20:22.584] [DragCubeSystem]: Drag cubes not found or cannot be read for part Part. Generating New drag cubes.
[LOG 18:20:22.584] [KSPCF/DragCubeGeneration] Creating drag cubes for part 'adapterMk3-Mk2'
[LOG 18:20:22.590] PartLoader: Compiling Part 'Squad/Parts/FuelTank/adapterTanks/Mk3-ShuttleAdapter/adapterEngines'
[LOG 18:20:22.594] PartLoader: Part 'Squad/Parts/FuelTank/adapterTanks/Mk3-ShuttleAdapter/adapterEngines' has no database record. Creating.
[LOG 18:20:22.594] [DragCubeSystem]: Drag cubes not found or cannot be read for part Part. Generating New drag cubes.
[LOG 18:20:22.594] [KSPCF/DragCubeGeneration] Creating drag cubes for part 'adapterEngines'
[LOG 18:20:22.600] PartLoader: Compiling Part 'Squad/Parts/FuelTank/adapterTanks/Mk3-Size2/adapterMk3-Size2'
[LOG 18:20:22.603] PartLoader: Part 'Squad/Parts/FuelTank/adapterTanks/Mk3-Size2/adapterMk3-Size2' has no database record. Creating.
[LOG 18:20:22.603] [DragCubeSystem]: Drag cubes not found or cannot be read for part Part. Generating New drag cubes.
[LOG 18:20:22.603] [KSPCF/DragCubeGeneration] Creating drag cubes for part 'adapterMk3-Size2'
[LOG 18:20:22.612] PartLoader: Compiling Part 'Squad/Parts/FuelTank/adapterTanks/Mk3-Size2Slant/adapterMk3-Size2Slant'
[LOG 18:20:22.615] PartLoader: Part 'Squad/Parts/FuelTank/adapterTanks/Mk3-Size2Slant/adapterMk3-Size2Slant' has no database record. Creating.
[LOG 18:20:22.616] [DragCubeSystem]: Drag cubes not found or cannot be read for part Part. Generating New drag cubes.
[LOG 18:20:22.616] [KSPCF/DragCubeGeneration] Creating drag cubes for part 'adapterMk3-Size2Slant'
[LOG 18:20:22.622] PartLoader: Compiling Part 'Squad/Parts/FuelTank/adapterTanks/Size2-Mk2/adapterSize2-Mk2'
[LOG 18:20:22.626] PartLoader: Part 'Squad/Parts/FuelTank/adapterTanks/Size2-Mk2/adapterSize2-Mk2' has no database record. Creating.
[LOG 18:20:22.626] [DragCubeSystem]: Drag cubes not found or cannot be read for part Part. Generating New drag cubes.
[LOG 18:20:22.626] [KSPCF/DragCubeGeneration] Creating drag cubes for part 'adapterSize2-Mk2'
[LOG 18:20:22.633] PartLoader: Compiling Part 'Squad/Parts/FuelTank/adapterTanks/Size2-Size1/adapterSize2-Size1'
[LOG 18:20:22.636] PartLoader: Part 'Squad/Parts/FuelTank/adapterTanks/Size2-Size1/adapterSize2-Size1' has no database record. Creating.
[LOG 18:20:22.636] [DragCubeSystem]: Drag cubes not found or cannot be read for part Part. Generating New drag cubes.
[LOG 18:20:22.636] [KSPCF/DragCubeGeneration] Creating drag cubes for part 'adapterSize2-Size1'
[LOG 18:20:22.642] PartLoader: Compiling Part 'Squad/Parts/FuelTank/adapterTanks/Size2-Size1Slant/adapterSize2-Size1Slant'
[LOG 18:20:22.647] PartLoader: Part 'Squad/Parts/FuelTank/adapterTanks/Size2-Size1Slant/adapterSize2-Size1Slant' has no database record. Creating.
[LOG 18:20:22.647] [DragCubeSystem]: Drag cubes not found or cannot be read for part Part. Generating New drag cubes.
[LOG 18:20:22.647] [KSPCF/DragCubeGeneration] Creating drag cubes for part 'adapterSize2-Size1Slant'
[LOG 18:20:22.654] PartLoader: Compiling Part 'Squad/Parts/FuelTank/adapterTanks/Size3-Mk3/adapterSize3-Mk3'
[LOG 18:20:22.658] PartLoader: Part 'Squad/Parts/FuelTank/adapterTanks/Size3-Mk3/adapterSize3-Mk3' has no database record. Creating.
[LOG 18:20:22.658] [DragCubeSystem]: Drag cubes not found or cannot be read for part Part. Generating New drag cubes.
[LOG 18:20:22.658] [KSPCF/DragCubeGeneration] Creating drag cubes for part 'adapterSize3-Mk3'
[LOG 18:20:22.664] PartLoader: Compiling Part 'Squad/Parts/FuelTank/drainTankFTE-1/ReleaseValve/ReleaseValve'
[LOG 18:20:22.678] PartLoader: Part 'Squad/Parts/FuelTank/drainTankFTE-1/ReleaseValve/ReleaseValve' has no database record. Creating.
[LOG 18:20:22.678] [DragCubeSystem]: Drag cubes not found or cannot be read for part Part. Generating New drag cubes.
[LOG 18:20:22.678] [KSPCF/DragCubeGeneration] Creating drag cubes for part 'ReleaseValve'
[LOG 18:20:22.685] PartLoader: Compiling Part 'Squad/Parts/FuelTank/FoilTanks/RadialTank_Capsule/externalTankCapsule'
[LOG 18:20:22.688] PartLoader: Part 'Squad/Parts/FuelTank/FoilTanks/RadialTank_Capsule/externalTankCapsule' has no database record. Creating.
[LOG 18:20:22.688] [DragCubeSystem]: Drag cubes not found or cannot be read for part Part. Generating New drag cubes.
[LOG 18:20:22.688] [KSPCF/DragCubeGeneration] Creating drag cubes for part 'externalTankCapsule'
[LOG 18:20:22.696] PartLoader: Compiling Part 'Squad/Parts/FuelTank/FoilTanks/RadialTank_Round/externalTankRound'
[LOG 18:20:22.699] PartLoader: Part 'Squad/Parts/FuelTank/FoilTanks/RadialTank_Round/externalTankRound' has no database record. Creating.
[LOG 18:20:22.700] [DragCubeSystem]: Drag cubes not found or cannot be read for part Part. Generating New drag cubes.
[LOG 18:20:22.700] [KSPCF/DragCubeGeneration] Creating drag cubes for part 'externalTankRound'
[LOG 18:20:22.707] PartLoader: Compiling Part 'Squad/Parts/FuelTank/FoilTanks/ToroidTank/externalTankToroid'
[LOG 18:20:22.711] PartLoader: Part 'Squad/Parts/FuelTank/FoilTanks/ToroidTank/externalTankToroid' has no database record. Creating.
[LOG 18:20:22.711] [DragCubeSystem]: Drag cubes not found or cannot be read for part Part. Generating New drag cubes.
[LOG 18:20:22.711] [KSPCF/DragCubeGeneration] Creating drag cubes for part 'externalTankToroid'
[LOG 18:20:22.719] PartLoader: Compiling Part 'Squad/Parts/FuelTank/fuelTankOscarB/fuelTankOscarB/miniFuelTank'
[LOG 18:20:22.721] PartLoader: Part 'Squad/Parts/FuelTank/fuelTankOscarB/fuelTankOscarB/miniFuelTank' has no database record. Creating.
[LOG 18:20:22.721] [DragCubeSystem]: Drag cubes not found or cannot be read for part Part. Generating New drag cubes.
[LOG 18:20:22.721] [KSPCF/DragCubeGeneration] Creating drag cubes for part 'miniFuelTank'
[LOG 18:20:22.727] PartLoader: Compiling Part 'Squad/Parts/FuelTank/miniFuselage/miniFuselage/miniFuselage'
[LOG 18:20:22.731] PartLoader: Part 'Squad/Parts/FuelTank/miniFuselage/miniFuselage/miniFuselage' has no database record. Creating.
[LOG 18:20:22.731] [DragCubeSystem]: Drag cubes not found or cannot be read for part Part. Generating New drag cubes.
[LOG 18:20:22.731] [KSPCF/DragCubeGeneration] Creating drag cubes for part 'miniFuselage'
[LOG 18:20:22.736] PartLoader: Compiling Part 'Squad/Parts/FuelTank/mk2Adapters/bicoupler/mk2_1m_Bicoupler'
[LOG 18:20:22.739] PartLoader: Part 'Squad/Parts/FuelTank/mk2Adapters/bicoupler/mk2_1m_Bicoupler' has no database record. Creating.
[LOG 18:20:22.739] [DragCubeSystem]: Drag cubes not found or cannot be read for part Part. Generating New drag cubes.
[LOG 18:20:22.739] [KSPCF/DragCubeGeneration] Creating drag cubes for part 'mk2.1m.Bicoupler'
[LOG 18:20:22.747] PartLoader: Compiling Part 'Squad/Parts/FuelTank/mk2Adapters/long/mk2_1m_AdapterLong'
[LOG 18:20:22.752] PartLoader: Part 'Squad/Parts/FuelTank/mk2Adapters/long/mk2_1m_AdapterLong' has no database record. Creating.
[LOG 18:20:22.752] [DragCubeSystem]: Drag cubes not found or cannot be read for part Part. Generating New drag cubes.
[LOG 18:20:22.752] [KSPCF/DragCubeGeneration] Creating drag cubes for part 'mk2.1m.AdapterLong'
[LOG 18:20:22.758] PartLoader: Compiling Part 'Squad/Parts/FuelTank/mk2Adapters/standard/mk2SpacePlaneAdapter'
[LOG 18:20:22.762] PartLoader: Part 'Squad/Parts/FuelTank/mk2Adapters/standard/mk2SpacePlaneAdapter' has no database record. Creating.
[LOG 18:20:22.762] [DragCubeSystem]: Drag cubes not found or cannot be read for part Part. Generating New drag cubes.
[LOG 18:20:22.762] [KSPCF/DragCubeGeneration] Creating drag cubes for part 'mk2SpacePlaneAdapter'
[LOG 18:20:22.768] PartLoader: Compiling Part 'Squad/Parts/FuelTank/mk2FuselageLong/LFO_long/mk2FuselageLongLFO'
[LOG 18:20:22.772] PartLoader: Part 'Squad/Parts/FuelTank/mk2FuselageLong/LFO_long/mk2FuselageLongLFO' has no database record. Creating.
[LOG 18:20:22.772] [DragCubeSystem]: Drag cubes not found or cannot be read for part Part. Generating New drag cubes.
[LOG 18:20:22.772] [KSPCF/DragCubeGeneration] Creating drag cubes for part 'mk2FuselageLongLFO'
[LOG 18:20:22.778] PartLoader: Compiling Part 'Squad/Parts/FuelTank/mk2FuselageLong/L_long/mk2Fuselage'
[LOG 18:20:22.782] PartLoader: Part 'Squad/Parts/FuelTank/mk2FuselageLong/L_long/mk2Fuselage' has no database record. Creating.
[LOG 18:20:22.782] [DragCubeSystem]: Drag cubes not found or cannot be read for part Part. Generating New drag cubes.
[LOG 18:20:22.782] [KSPCF/DragCubeGeneration] Creating drag cubes for part 'mk2Fuselage'
[LOG 18:20:22.789] PartLoader: Compiling Part 'Squad/Parts/FuelTank/mk2FuselageShort/LFO_short/mk2FuselageShortLFO'
[LOG 18:20:22.794] PartLoader: Part 'Squad/Parts/FuelTank/mk2FuselageShort/LFO_short/mk2FuselageShortLFO' has no database record. Creating.
[LOG 18:20:22.794] [DragCubeSystem]: Drag cubes not found or cannot be read for part Part. Generating New drag cubes.
[LOG 18:20:22.794] [KSPCF/DragCubeGeneration] Creating drag cubes for part 'mk2FuselageShortLFO'
[LOG 18:20:22.800] PartLoader: Compiling Part 'Squad/Parts/FuelTank/mk2FuselageShort/L_short/mk2FuselageShortLiquid'
[LOG 18:20:22.804] PartLoader: Part 'Squad/Parts/FuelTank/mk2FuselageShort/L_short/mk2FuselageShortLiquid' has no database record. Creating.
[LOG 18:20:22.805] [DragCubeSystem]: Drag cubes not found or cannot be read for part Part. Generating New drag cubes.
[LOG 18:20:22.805] [KSPCF/DragCubeGeneration] Creating drag cubes for part 'mk2FuselageShortLiquid'
[LOG 18:20:22.811] PartLoader: Compiling Part 'Squad/Parts/FuelTank/mk2FuselageShort/Mono_short/mk2FuselageShortMono'
[LOG 18:20:22.815] PartLoader: Part 'Squad/Parts/FuelTank/mk2FuselageShort/Mono_short/mk2FuselageShortMono' has no database record. Creating.
[LOG 18:20:22.815] [DragCubeSystem]: Drag cubes not found or cannot be read for part Part. Generating New drag cubes.
[LOG 18:20:22.815] [KSPCF/DragCubeGeneration] Creating drag cubes for part 'mk2FuselageShortMono'
[LOG 18:20:22.821] PartLoader: Compiling Part 'Squad/Parts/FuelTank/mk3Fuselage/CREW/mk3CrewCabin'
[LOG 18:20:22.828] PartLoader: Part 'Squad/Parts/FuelTank/mk3Fuselage/CREW/mk3CrewCabin' has no database record. Creating.
[LOG 18:20:22.828] [DragCubeSystem]: Drag cubes not found or cannot be read for part Part. Generating New drag cubes.
[LOG 18:20:22.828] [KSPCF/DragCubeGeneration] Creating drag cubes for part 'mk3CrewCabin'
[LOG 18:20:22.835] PartLoader: Compiling Part 'Squad/Parts/FuelTank/mk3Fuselage/LFO_100/mk3FuselageLFO_100'
[LOG 18:20:22.839] PartLoader: Part 'Squad/Parts/FuelTank/mk3Fuselage/LFO_100/mk3FuselageLFO_100' has no database record. Creating.
[LOG 18:20:22.839] [DragCubeSystem]: Drag cubes not found or cannot be read for part Part. Generating New drag cubes.
[LOG 18:20:22.839] [KSPCF/DragCubeGeneration] Creating drag cubes for part 'mk3FuselageLFO.100'
[LOG 18:20:22.845] PartLoader: Compiling Part 'Squad/Parts/FuelTank/mk3Fuselage/LFO_25/mk3FuselageLFO_25'
[LOG 18:20:22.848] PartLoader: Part 'Squad/Parts/FuelTank/mk3Fuselage/LFO_25/mk3FuselageLFO_25' has no database record. Creating.
[LOG 18:20:22.848] [DragCubeSystem]: Drag cubes not found or cannot be read for part Part. Generating New drag cubes.
[LOG 18:20:22.849] [KSPCF/DragCubeGeneration] Creating drag cubes for part 'mk3FuselageLFO.25'
[LOG 18:20:22.855] PartLoader: Compiling Part 'Squad/Parts/FuelTank/mk3Fuselage/LFO_50/mk3FuselageLFO_50'
[LOG 18:20:22.857] PartLoader: Part 'Squad/Parts/FuelTank/mk3Fuselage/LFO_50/mk3FuselageLFO_50' has no database record. Creating.
[LOG 18:20:22.857] [DragCubeSystem]: Drag cubes not found or cannot be read for part Part. Generating New drag cubes.
[LOG 18:20:22.857] [KSPCF/DragCubeGeneration] Creating drag cubes for part 'mk3FuselageLFO.50'
[LOG 18:20:22.864] PartLoader: Compiling Part 'Squad/Parts/FuelTank/mk3Fuselage/LF_100/mk3FuselageLF_100'
[LOG 18:20:22.867] PartLoader: Part 'Squad/Parts/FuelTank/mk3Fuselage/LF_100/mk3FuselageLF_100' has no database record. Creating.
[LOG 18:20:22.868] [DragCubeSystem]: Drag cubes not found or cannot be read for part Part. Generating New drag cubes.
[LOG 18:20:22.868] [KSPCF/DragCubeGeneration] Creating drag cubes for part 'mk3FuselageLF.100'
[LOG 18:20:22.874] PartLoader: Compiling Part 'Squad/Parts/FuelTank/mk3Fuselage/LF_25/mk3FuselageLF_25'
[LOG 18:20:22.879] PartLoader: Part 'Squad/Parts/FuelTank/mk3Fuselage/LF_25/mk3FuselageLF_25' has no database record. Creating.
[LOG 18:20:22.879] [DragCubeSystem]: Drag cubes not found or cannot be read for part Part. Generating New drag cubes.
[LOG 18:20:22.880] [KSPCF/DragCubeGeneration] Creating drag cubes for part 'mk3FuselageLF.25'
[LOG 18:20:22.886] PartLoader: Compiling Part 'Squad/Parts/FuelTank/mk3Fuselage/LF_50/mk3FuselageLF_50'
[LOG 18:20:22.889] PartLoader: Part 'Squad/Parts/FuelTank/mk3Fuselage/LF_50/mk3FuselageLF_50' has no database record. Creating.
[LOG 18:20:22.889] [DragCubeSystem]: Drag cubes not found or cannot be read for part Part. Generating New drag cubes.
[LOG 18:20:22.889] [KSPCF/DragCubeGeneration] Creating drag cubes for part 'mk3FuselageLF.50'
[LOG 18:20:22.896] PartLoader: Compiling Part 'Squad/Parts/FuelTank/mk3Fuselage/MONO/mk3FuselageMONO'
[LOG 18:20:22.899] PartLoader: Part 'Squad/Parts/FuelTank/mk3Fuselage/MONO/mk3FuselageMONO' has no database record. Creating.
[LOG 18:20:22.900] [DragCubeSystem]: Drag cubes not found or cannot be read for part Part. Generating New drag cubes.
[LOG 18:20:22.900] [KSPCF/DragCubeGeneration] Creating drag cubes for part 'mk3FuselageMONO'
[LOG 18:20:22.906] PartLoader: Compiling Part 'Squad/Parts/FuelTank/RCSFuelTankR1/RCSFuelTankR1/RCSTank1-2'
[LOG 18:20:22.909] PartLoader: Part 'Squad/Parts/FuelTank/RCSFuelTankR1/RCSFuelTankR1/RCSTank1-2' has no database record. Creating.
[LOG 18:20:22.909] [DragCubeSystem]: Drag cubes not found or cannot be read for part Part. Generating New drag cubes.
[LOG 18:20:22.909] [KSPCF/DragCubeGeneration] Creating drag cubes for part 'RCSTank1-2'
[LOG 18:20:22.915] PartLoader: Compiling Part 'Squad/Parts/FuelTank/RCSFuelTankR10/RCSFuelTankR10/rcsTankMini'
[LOG 18:20:22.918] PartLoader: Part 'Squad/Parts/FuelTank/RCSFuelTankR10/RCSFuelTankR10/rcsTankMini' has no database record. Creating.
[LOG 18:20:22.918] [DragCubeSystem]: Drag cubes not found or cannot be read for part Part. Generating New drag cubes.
[LOG 18:20:22.918] [KSPCF/DragCubeGeneration] Creating drag cubes for part 'rcsTankMini'
[LOG 18:20:22.924] PartLoader: Compiling Part 'Squad/Parts/FuelTank/RCSFuelTankR25/RCSFuelTankR25/RCSFuelTank'
[LOG 18:20:22.929] PartLoader: Part 'Squad/Parts/FuelTank/RCSFuelTankR25/RCSFuelTankR25/RCSFuelTank' has no database record. Creating.
[LOG 18:20:22.929] [DragCubeSystem]: Drag cubes not found or cannot be read for part Part. Generating New drag cubes.
[LOG 18:20:22.929] [KSPCF/DragCubeGeneration] Creating drag cubes for part 'RCSFuelTank'
[LOG 18:20:22.937] PartLoader: Compiling Part 'Squad/Parts/FuelTank/RCSTankRadial/radialRCSTank/radialRCSTank'
[LOG 18:20:22.943] PartLoader: Part 'Squad/Parts/FuelTank/RCSTankRadial/radialRCSTank/radialRCSTank' has no database record. Creating.
[LOG 18:20:22.943] [DragCubeSystem]: Drag cubes not found or cannot be read for part Part. Generating New drag cubes.
[LOG 18:20:22.943] [KSPCF/DragCubeGeneration] Creating drag cubes for part 'radialRCSTank'
[LOG 18:20:22.949] PartLoader: Compiling Part 'Squad/Parts/FuelTank/RCStankRadialLong/RCSTankRadialLong/rcsTankRadialLong'
[LOG 18:20:22.951] PartLoader: Part 'Squad/Parts/FuelTank/RCStankRadialLong/RCSTankRadialLong/rcsTankRadialLong' has no database record. Creating.
[LOG 18:20:22.952] [DragCubeSystem]: Drag cubes not found or cannot be read for part Part. Generating New drag cubes.
[LOG 18:20:22.952] [KSPCF/DragCubeGeneration] Creating drag cubes for part 'rcsTankRadialLong'
[LOG 18:20:22.957] PartLoader: Compiling Part 'Squad/Parts/FuelTank/RockomaxTanks/Rockomax16/Rockomax16_BW'
[LOG 18:20:22.960] PartLoader: Part 'Squad/Parts/FuelTank/RockomaxTanks/Rockomax16/Rockomax16_BW' has no database record. Creating.
[LOG 18:20:22.960] [DragCubeSystem]: Drag cubes not found or cannot be read for part Part. Generating New drag cubes.
[LOG 18:20:22.960] [KSPCF/DragCubeGeneration] Creating drag cubes for part 'Rockomax16.BW'
[LOG 18:20:22.965] PartLoader: Compiling Part 'Squad/Parts/FuelTank/RockomaxTanks/Rockomax32/Rockomax32_BW'
[LOG 18:20:22.972] PartLoader: Part 'Squad/Parts/FuelTank/RockomaxTanks/Rockomax32/Rockomax32_BW' has no database record. Creating.
[LOG 18:20:22.972] [DragCubeSystem]: Drag cubes not found or cannot be read for part Part. Generating New drag cubes.
[LOG 18:20:22.972] [KSPCF/DragCubeGeneration] Creating drag cubes for part 'Rockomax32.BW'
[LOG 18:20:22.998] PartLoader: Compiling Part 'Squad/Parts/FuelTank/RockomaxTanks/Rockomax64/Rockomax64_BW'
[LOG 18:20:23.002] PartLoader: Part 'Squad/Parts/FuelTank/RockomaxTanks/Rockomax64/Rockomax64_BW' has no database record. Creating.
[LOG 18:20:23.002] [DragCubeSystem]: Drag cubes not found or cannot be read for part Part. Generating New drag cubes.
[LOG 18:20:23.002] [KSPCF/DragCubeGeneration] Creating drag cubes for part 'Rockomax64.BW'
[LOG 18:20:23.019] PartLoader: Compiling Part 'Squad/Parts/FuelTank/RockomaxTanks/Rockomax8/Rockomax8BW'
[LOG 18:20:23.023] PartLoader: Part 'Squad/Parts/FuelTank/RockomaxTanks/Rockomax8/Rockomax8BW' has no database record. Creating.
[LOG 18:20:23.023] [DragCubeSystem]: Drag cubes not found or cannot be read for part Part. Generating New drag cubes.
[LOG 18:20:23.023] [KSPCF/DragCubeGeneration] Creating drag cubes for part 'Rockomax8BW'
[LOG 18:20:23.040] PartLoader: Compiling Part 'Squad/Parts/FuelTank/Size1_Tanks/fuelTankT100/fuelTankSmallFlat'
[LOG 18:20:23.045] PartLoader: Part 'Squad/Parts/FuelTank/Size1_Tanks/fuelTankT100/fuelTankSmallFlat' has no database record. Creating.
[LOG 18:20:23.045] [DragCubeSystem]: Drag cubes not found or cannot be read for part Part. Generating New drag cubes.
[LOG 18:20:23.045] [KSPCF/DragCubeGeneration] Creating drag cubes for part 'fuelTankSmallFlat'
[LOG 18:20:23.051] PartLoader: Compiling Part 'Squad/Parts/FuelTank/Size1_Tanks/fuelTankT200/fuelTankSmall'
[LOG 18:20:23.055] PartLoader: Part 'Squad/Parts/FuelTank/Size1_Tanks/fuelTankT200/fuelTankSmall' has no database record. Creating.
[LOG 18:20:23.055] [DragCubeSystem]: Drag cubes not found or cannot be read for part Part. Generating New drag cubes.
[LOG 18:20:23.055] [KSPCF/DragCubeGeneration] Creating drag cubes for part 'fuelTankSmall'
[LOG 18:20:23.061] PartLoader: Compiling Part 'Squad/Parts/FuelTank/Size1_Tanks/fuelTankT400/fuelTank'
[LOG 18:20:23.064] PartLoader: Part 'Squad/Parts/FuelTank/Size1_Tanks/fuelTankT400/fuelTank' has no database record. Creating.
[LOG 18:20:23.064] [DragCubeSystem]: Drag cubes not found or cannot be read for part Part. Generating New drag cubes.
[LOG 18:20:23.064] [KSPCF/DragCubeGeneration] Creating drag cubes for part 'fuelTank'
[LOG 18:20:23.071] PartLoader: Compiling Part 'Squad/Parts/FuelTank/Size1_Tanks/fuelTankT800/fuelTank_long'
[LOG 18:20:23.075] PartLoader: Part 'Squad/Parts/FuelTank/Size1_Tanks/fuelTankT800/fuelTank_long' has no database record. Creating.
[LOG 18:20:23.075] [DragCubeSystem]: Drag cubes not found or cannot be read for part Part. Generating New drag cubes.
[LOG 18:20:23.075] [KSPCF/DragCubeGeneration] Creating drag cubes for part 'fuelTank.long'
[LOG 18:20:23.083] PartLoader: Compiling Part 'Squad/Parts/FuelTank/Size3Tanks/large/Size3LargeTank'
[LOG 18:20:23.088] PartLoader: Part 'Squad/Parts/FuelTank/Size3Tanks/large/Size3LargeTank' has no database record. Creating.
[LOG 18:20:23.088] [DragCubeSystem]: Drag cubes not found or cannot be read for part Part. Generating New drag cubes.
[LOG 18:20:23.088] [KSPCF/DragCubeGeneration] Creating drag cubes for part 'Size3LargeTank'
[LOG 18:20:23.096] PartLoader: Compiling Part 'Squad/Parts/FuelTank/Size3Tanks/medium/Size3MediumTank'
[LOG 18:20:23.100] PartLoader: Part 'Squad/Parts/FuelTank/Size3Tanks/medium/Size3MediumTank' has no database record. Creating.
[LOG 18:20:23.100] [DragCubeSystem]: Drag cubes not found or cannot be read for part Part. Generating New drag cubes.
[LOG 18:20:23.100] [KSPCF/DragCubeGeneration] Creating drag cubes for part 'Size3MediumTank'
[LOG 18:20:23.107] PartLoader: Compiling Part 'Squad/Parts/FuelTank/Size3Tanks/small/Size3SmallTank'
[LOG 18:20:23.112] PartLoader: Part 'Squad/Parts/FuelTank/Size3Tanks/small/Size3SmallTank' has no database record. Creating.
[LOG 18:20:23.112] [DragCubeSystem]: Drag cubes not found or cannot be read for part Part. Generating New drag cubes.
[LOG 18:20:23.112] [KSPCF/DragCubeGeneration] Creating drag cubes for part 'Size3SmallTank'
[LOG 18:20:23.118] PartLoader: Compiling Part 'Squad/Parts/FuelTank/xenonTank/xenonTank/xenonTank'
[LOG 18:20:23.121] PartLoader: Part 'Squad/Parts/FuelTank/xenonTank/xenonTank/xenonTank' has no database record. Creating.
[LOG 18:20:23.121] [DragCubeSystem]: Drag cubes not found or cannot be read for part Part. Generating New drag cubes.
[LOG 18:20:23.121] [KSPCF/DragCubeGeneration] Creating drag cubes for part 'xenonTank'
[LOG 18:20:23.127] PartLoader: Compiling Part 'Squad/Parts/FuelTank/xenonTankLarge/xenonTankLarge/xenonTankLarge'
[LOG 18:20:23.129] PartLoader: Part 'Squad/Parts/FuelTank/xenonTankLarge/xenonTankLarge/xenonTankLarge' has no database record. Creating.
[LOG 18:20:23.130] [DragCubeSystem]: Drag cubes not found or cannot be read for part Part. Generating New drag cubes.
[LOG 18:20:23.130] [KSPCF/DragCubeGeneration] Creating drag cubes for part 'xenonTankLarge'
[LOG 18:20:23.136] PartLoader: Compiling Part 'Squad/Parts/FuelTank/xenonTankRadial/xenonTankRadial/xenonTankRadial'
[LOG 18:20:23.140] PartLoader: Part 'Squad/Parts/FuelTank/xenonTankRadial/xenonTankRadial/xenonTankRadial' has no database record. Creating.
[LOG 18:20:23.140] [DragCubeSystem]: Drag cubes not found or cannot be read for part Part. Generating New drag cubes.
[LOG 18:20:23.140] [KSPCF/DragCubeGeneration] Creating drag cubes for part 'xenonTankRadial'
[LOG 18:20:23.148] PartLoader: Compiling Part 'Squad/Parts/Misc/AsteroidDay/CamSat/InfraredTelescope'
[LOG 18:20:23.155] PartLoader: Part 'Squad/Parts/Misc/AsteroidDay/CamSat/InfraredTelescope' has no database record. Creating.
[LOG 18:20:23.155] [DragCubeSystem]: Drag cubes not found or cannot be read for part Part. Generating New drag cubes.
[LOG 18:20:23.155] [KSPCF/DragCubeGeneration] Creating drag cubes for part 'InfraredTelescope'
[LOG 18:20:23.162] PartLoader: Compiling Part 'Squad/Parts/Misc/AsteroidDay/HECS2/HECS2_ProbeCore'
[LOG 18:20:23.168] PartLoader: Part 'Squad/Parts/Misc/AsteroidDay/HECS2/HECS2_ProbeCore' has no database record. Creating.
[LOG 18:20:23.168] [DragCubeSystem]: Drag cubes not found or cannot be read for part Part. Generating New drag cubes.
[LOG 18:20:23.168] [KSPCF/DragCubeGeneration] Creating drag cubes for part 'HECS2.ProbeCore'
[LOG 18:20:23.178] PartLoader: Compiling Part 'Squad/Parts/Misc/AsteroidDay/HighGainAntenna/HighGainAntenna'
[LOG 18:20:23.190] PartLoader: Part 'Squad/Parts/Misc/AsteroidDay/HighGainAntenna/HighGainAntenna' has no database record. Creating.
[LOG 18:20:23.190] [DragCubeSystem]: Drag cubes not found or cannot be read for part Part. Generating New drag cubes.
[LOG 18:20:23.190] [KSPCF/DragCubeGeneration] Creating drag cubes for part 'HighGainAntenna'
[LOG 18:20:23.210] PartLoader: Compiling Part 'Squad/Parts/Misc/AsteroidDay/LgRadialSolar/LgRadialSolarPanel'
[LOG 18:20:23.214] PartLoader: Part 'Squad/Parts/Misc/AsteroidDay/LgRadialSolar/LgRadialSolarPanel' has no database record. Creating.
[LOG 18:20:23.214] [DragCubeSystem]: Drag cubes not found or cannot be read for part Part. Generating New drag cubes.
[LOG 18:20:23.214] [KSPCF/DragCubeGeneration] Creating drag cubes for part 'LgRadialSolarPanel'
[LOG 18:20:23.223] PartLoader: Compiling Part 'Squad/Parts/Misc/PotatoComet/part/PotatoComet'
[LOG 18:20:23.239] PartLoader: Part 'Squad/Parts/Misc/PotatoComet/part/PotatoComet' has no database record. Creating.
[LOG 18:20:23.239] PartLoader: Compiling Part 'Squad/Parts/Misc/PotatoRoid/part/PotatoRoid'
[LOG 18:20:23.259] PartLoader: Part 'Squad/Parts/Misc/PotatoRoid/part/PotatoRoid' has no database record. Creating.
[LOG 18:20:23.260] PartLoader: Compiling Part 'Squad/Parts/Prebuilt/flag/flag'
[LOG 18:20:23.264] PartLoader: Compiling Part 'Squad/Parts/Prebuilt/kerbalEVA/kerbalEVA'
[LOG 18:20:23.282] PartLoader: Compiling Part 'Squad/Parts/Prebuilt/kerbalEVAfemale/kerbalEVAfemale'
[LOG 18:20:23.289] PartLoader: Compiling Part 'Squad/Parts/Prebuilt/kerbalEVASlimSuit/kerbalEVASlimSuit'
[LOG 18:20:23.294] PartLoader: Compiling Part 'Squad/Parts/Prebuilt/kerbalEVASlimSuitFemale/kerbalEVASlimSuitFemale'
[LOG 18:20:23.301] PartLoader: Compiling Part 'Squad/Parts/Resources/FuelCell/FuelCell/FuelCell'
[LOG 18:20:23.309] PartLoader: Part 'Squad/Parts/Resources/FuelCell/FuelCell/FuelCell' has no database record. Creating.
[LOG 18:20:23.309] [DragCubeSystem]: Drag cubes not found or cannot be read for part Part. Generating New drag cubes.
[LOG 18:20:23.309] [KSPCF/DragCubeGeneration] Creating drag cubes for part 'FuelCell'
[LOG 18:20:23.319] PartLoader: Compiling Part 'Squad/Parts/Resources/FuelCell/FuelCellArray/FuelCellArray'
[LOG 18:20:23.325] PartLoader: Part 'Squad/Parts/Resources/FuelCell/FuelCellArray/FuelCellArray' has no database record. Creating.
[LOG 18:20:23.325] [DragCubeSystem]: Drag cubes not found or cannot be read for part Part. Generating New drag cubes.
[LOG 18:20:23.325] [KSPCF/DragCubeGeneration] Creating drag cubes for part 'FuelCellArray'
[LOG 18:20:23.332] PartLoader: Compiling Part 'Squad/Parts/Resources/ISRU/ISRU/ISRU'
[LOG 18:20:23.345] PartLoader: Part 'Squad/Parts/Resources/ISRU/ISRU/ISRU' has no database record. Creating.
[LOG 18:20:23.345] [DragCubeSystem]: Drag cubes not found or cannot be read for part Part. Generating New drag cubes.
[LOG 18:20:23.345] [KSPCF/DragCubeGeneration] Creating drag cubes for part 'ISRU'
[LOG 18:20:23.368] PartLoader: Compiling Part 'Squad/Parts/Resources/LargeTank/LargeTank/LargeTank'
[LOG 18:20:23.376] PartLoader: Part 'Squad/Parts/Resources/LargeTank/LargeTank/LargeTank' has no database record. Creating.
[LOG 18:20:23.377] [DragCubeSystem]: Drag cubes not found or cannot be read for part Part. Generating New drag cubes.
[LOG 18:20:23.377] [KSPCF/DragCubeGeneration] Creating drag cubes for part 'LargeTank'
[LOG 18:20:23.383] PartLoader: Compiling Part 'Squad/Parts/Resources/MiniDrill/MiniDrill/MiniDrill'
[LOG 18:20:23.404] PartLoader: Part 'Squad/Parts/Resources/MiniDrill/MiniDrill/MiniDrill' has no database record. Creating.
[LOG 18:20:23.404] [DragCubeSystem]: Drag cubes not found or cannot be read for part Part. Generating New drag cubes.
[LOG 18:20:23.404] [KSPCF/DragCubeGeneration] Creating drag cubes for part 'MiniDrill'
[LOG 18:20:23.440] PartLoader: Compiling Part 'Squad/Parts/Resources/MiniISRU/MiniISRU/MiniISRU'
[LOG 18:20:23.447] PartLoader: Part 'Squad/Parts/Resources/MiniISRU/MiniISRU/MiniISRU' has no database record. Creating.
[LOG 18:20:23.447] [DragCubeSystem]: Drag cubes not found or cannot be read for part Part. Generating New drag cubes.
[LOG 18:20:23.447] [KSPCF/DragCubeGeneration] Creating drag cubes for part 'MiniISRU'
[LOG 18:20:23.455] PartLoader: Compiling Part 'Squad/Parts/Resources/OrbitalScanner/OrbitalScanner/OrbitalScanner'
[LOG 18:20:23.467] PartLoader: Part 'Squad/Parts/Resources/OrbitalScanner/OrbitalScanner/OrbitalScanner' has no database record. Creating.
[LOG 18:20:23.467] [DragCubeSystem]: Drag cubes not found or cannot be read for part Part. Generating New drag cubes.
[LOG 18:20:23.467] [KSPCF/DragCubeGeneration] Creating drag cubes for part 'OrbitalScanner'
[LOG 18:20:23.485] PartLoader: Compiling Part 'Squad/Parts/Resources/RadialDrill/RadialDrill/RadialDrill'
[LOG 18:20:23.495] PartLoader: Part 'Squad/Parts/Resources/RadialDrill/RadialDrill/RadialDrill' has no database record. Creating.
[LOG 18:20:23.495] [DragCubeSystem]: Drag cubes not found or cannot be read for part Part. Generating New drag cubes.
[LOG 18:20:23.495] [KSPCF/DragCubeGeneration] Creating drag cubes for part 'RadialDrill'
[LOG 18:20:23.531] PartLoader: Compiling Part 'Squad/Parts/Resources/RadialTank/RadialTank/RadialOreTank'
[LOG 18:20:23.537] PartLoader: Part 'Squad/Parts/Resources/RadialTank/RadialTank/RadialOreTank' has no database record. Creating.
[LOG 18:20:23.537] [DragCubeSystem]: Drag cubes not found or cannot be read for part Part. Generating New drag cubes.
[LOG 18:20:23.537] [KSPCF/DragCubeGeneration] Creating drag cubes for part 'RadialOreTank'
[LOG 18:20:23.542] PartLoader: Compiling Part 'Squad/Parts/Resources/SmallTank/SmallTank/SmallTank'
[LOG 18:20:23.547] PartLoader: Part 'Squad/Parts/Resources/SmallTank/SmallTank/SmallTank' has no database record. Creating.
[LOG 18:20:23.547] [DragCubeSystem]: Drag cubes not found or cannot be read for part Part. Generating New drag cubes.
[LOG 18:20:23.547] [KSPCF/DragCubeGeneration] Creating drag cubes for part 'SmallTank'
[LOG 18:20:23.553] PartLoader: Compiling Part 'Squad/Parts/Resources/SurfaceScanner/SurfaceScanner/SurfaceScanner'
[LOG 18:20:23.578] PartLoader: Part 'Squad/Parts/Resources/SurfaceScanner/SurfaceScanner/SurfaceScanner' has no database record. Creating.
[LOG 18:20:23.578] [DragCubeSystem]: Drag cubes not found or cannot be read for part Part. Generating New drag cubes.
[LOG 18:20:23.578] [KSPCF/DragCubeGeneration] Creating drag cubes for part 'SurfaceScanner'
[LOG 18:20:23.585] PartLoader: Compiling Part 'Squad/Parts/Resources/SurveyScanner/SurveyScanner/SurveyScanner'
[LOG 18:20:23.598] PartLoader: Part 'Squad/Parts/Resources/SurveyScanner/SurveyScanner/SurveyScanner' has no database record. Creating.
[LOG 18:20:23.598] [DragCubeSystem]: Drag cubes not found or cannot be read for part Part. Generating New drag cubes.
[LOG 18:20:23.598] [KSPCF/DragCubeGeneration] Creating drag cubes for part 'SurveyScanner'
[LOG 18:20:23.615] PartLoader: Compiling Part 'Squad/Parts/Science/AtmosphereSensor/sensorAtmosphere/sensorAtmosphere'
[LOG 18:20:23.624] PartLoader: Part 'Squad/Parts/Science/AtmosphereSensor/sensorAtmosphere/sensorAtmosphere' has no database record. Creating.
[LOG 18:20:23.624] [DragCubeSystem]: Drag cubes not found or cannot be read for part Part. Generating New drag cubes.
[LOG 18:20:23.624] [KSPCF/DragCubeGeneration] Creating drag cubes for part 'sensorAtmosphere'
[LOG 18:20:23.631] PartLoader: Compiling Part 'Squad/Parts/Science/GooExperiment/gooExperiment/GooExperiment'
[LOG 18:20:23.636] PartLoader: Part 'Squad/Parts/Science/GooExperiment/gooExperiment/GooExperiment' has no database record. Creating.
[LOG 18:20:23.636] [DragCubeSystem]: Drag cubes not found or cannot be read for part Part. Generating New drag cubes.
[LOG 18:20:23.636] [KSPCF/DragCubeGeneration] Creating drag cubes for part 'GooExperiment'
[LOG 18:20:23.654] PartLoader: Compiling Part 'Squad/Parts/Science/LargeCrewedLab/largeCrewedLab/Large_Crewed_Lab'
[LOG 18:20:23.674] PartLoader: Part 'Squad/Parts/Science/LargeCrewedLab/largeCrewedLab/Large_Crewed_Lab' has no database record. Creating.
[LOG 18:20:23.674] [DragCubeSystem]: Drag cubes not found or cannot be read for part Part. Generating New drag cubes.
[LOG 18:20:23.674] [KSPCF/DragCubeGeneration] Creating drag cubes for part 'Large.Crewed.Lab'
[LOG 18:20:23.683] PartLoader: Compiling Part 'Squad/Parts/Science/Magnetometer/Magnetometer/Magnetometer'
[LOG 18:20:23.691] PartLoader: Part 'Squad/Parts/Science/Magnetometer/Magnetometer/Magnetometer' has no database record. Creating.
[LOG 18:20:23.692] [DragCubeSystem]: Drag cubes not found or cannot be read for part Part. Generating New drag cubes.
[LOG 18:20:23.692] [KSPCF/DragCubeGeneration] Creating drag cubes for part 'Magnetometer'
[LOG 18:20:23.720] PartLoader: Compiling Part 'Squad/Parts/Science/MaterialBay/materialBay/science_module'
[LOG 18:20:23.728] PartLoader: Part 'Squad/Parts/Science/MaterialBay/materialBay/science_module' has no database record. Creating.
[LOG 18:20:23.728] [DragCubeSystem]: Drag cubes not found or cannot be read for part Part. Generating New drag cubes.
[LOG 18:20:23.728] [KSPCF/DragCubeGeneration] Creating drag cubes for part 'science.module'
[LOG 18:20:23.750] PartLoader: Compiling Part 'Squad/Parts/Science/ScienceBox/ScienceBox/ScienceBox'
[LOG 18:20:23.754] PartLoader: Part 'Squad/Parts/Science/ScienceBox/ScienceBox/ScienceBox' has no database record. Creating.
[LOG 18:20:23.754] [DragCubeSystem]: Drag cubes not found or cannot be read for part Part. Generating New drag cubes.
[LOG 18:20:23.754] [KSPCF/DragCubeGeneration] Creating drag cubes for part 'ScienceBox'
[LOG 18:20:23.760] PartLoader: Compiling Part 'Squad/Parts/Science/sensorAccelerometer/sensorAccelerometer/sensorAccelerometer'
[LOG 18:20:23.770] PartLoader: Part 'Squad/Parts/Science/sensorAccelerometer/sensorAccelerometer/sensorAccelerometer' has no database record. Creating.
[LOG 18:20:23.770] [DragCubeSystem]: Drag cubes not found or cannot be read for part Part. Generating New drag cubes.
[LOG 18:20:23.771] [KSPCF/DragCubeGeneration] Creating drag cubes for part 'sensorAccelerometer'
[LOG 18:20:23.789] PartLoader: Compiling Part 'Squad/Parts/Science/sensorBarometer/sensorBarometer/sensorBarometer'
[LOG 18:20:23.795] PartLoader: Part 'Squad/Parts/Science/sensorBarometer/sensorBarometer/sensorBarometer' has no database record. Creating.
[LOG 18:20:23.795] [DragCubeSystem]: Drag cubes not found or cannot be read for part Part. Generating New drag cubes.
[LOG 18:20:23.795] [KSPCF/DragCubeGeneration] Creating drag cubes for part 'sensorBarometer'
[LOG 18:20:23.802] PartLoader: Compiling Part 'Squad/Parts/Science/sensorGravimeter/sensorGravimeter/sensorGravimeter'
[LOG 18:20:23.805] PartLoader: Part 'Squad/Parts/Science/sensorGravimeter/sensorGravimeter/sensorGravimeter' has no database record. Creating.
[LOG 18:20:23.806] [DragCubeSystem]: Drag cubes not found or cannot be read for part Part. Generating New drag cubes.
[LOG 18:20:23.806] [KSPCF/DragCubeGeneration] Creating drag cubes for part 'sensorGravimeter'
[LOG 18:20:23.814] PartLoader: Compiling Part 'Squad/Parts/Science/sensorThermometer/sensorThermometer/sensorThermometer'
[LOG 18:20:23.819] PartLoader: Part 'Squad/Parts/Science/sensorThermometer/sensorThermometer/sensorThermometer' has no database record. Creating.
[LOG 18:20:23.819] [DragCubeSystem]: Drag cubes not found or cannot be read for part Part. Generating New drag cubes.
[LOG 18:20:23.819] [KSPCF/DragCubeGeneration] Creating drag cubes for part 'sensorThermometer'
[LOG 18:20:23.824] PartLoader: Compiling Part 'Squad/Parts/Structural/FLAdapters/adapterSmallMiniShort/adapterSmallMiniShort'
[LOG 18:20:23.828] PartLoader: Part 'Squad/Parts/Structural/FLAdapters/adapterSmallMiniShort/adapterSmallMiniShort' has no database record. Creating.
[LOG 18:20:23.828] [DragCubeSystem]: Drag cubes not found or cannot be read for part Part. Generating New drag cubes.
[LOG 18:20:23.828] [KSPCF/DragCubeGeneration] Creating drag cubes for part 'adapterSmallMiniShort'
[LOG 18:20:23.834] PartLoader: Compiling Part 'Squad/Parts/Structural/FLAdapters/adapterSmallMiniTall/adapterSmallMiniTall'
[LOG 18:20:23.838] PartLoader: Part 'Squad/Parts/Structural/FLAdapters/adapterSmallMiniTall/adapterSmallMiniTall' has no database record. Creating.
[LOG 18:20:23.838] [DragCubeSystem]: Drag cubes not found or cannot be read for part Part. Generating New drag cubes.
[LOG 18:20:23.838] [KSPCF/DragCubeGeneration] Creating drag cubes for part 'adapterSmallMiniTall'
[LOG 18:20:23.843] PartLoader: Compiling Part 'Squad/Parts/Structural/mk1Parts/engineBodyRadial/radialEngineBody'
[LOG 18:20:23.849] PartLoader: Part 'Squad/Parts/Structural/mk1Parts/engineBodyRadial/radialEngineBody' has no database record. Creating.
[LOG 18:20:23.849] [DragCubeSystem]: Drag cubes not found or cannot be read for part Part. Generating New drag cubes.
[LOG 18:20:23.849] [KSPCF/DragCubeGeneration] Creating drag cubes for part 'radialEngineBody'
[LOG 18:20:23.855] PartLoader: Compiling Part 'Squad/Parts/Structural/mk1Parts/engineNacelle/nacelleBody'
[LOG 18:20:23.859] PartLoader: Part 'Squad/Parts/Structural/mk1Parts/engineNacelle/nacelleBody' has no database record. Creating.
[LOG 18:20:23.859] [DragCubeSystem]: Drag cubes not found or cannot be read for part Part. Generating New drag cubes.
[LOG 18:20:23.859] [KSPCF/DragCubeGeneration] Creating drag cubes for part 'nacelleBody'
[LOG 18:20:23.865] PartLoader: Compiling Part 'Squad/Parts/Structural/mk1Parts/mk1Fuselage/MK1Fuselage'
[LOG 18:20:23.868] PartLoader: Part 'Squad/Parts/Structural/mk1Parts/mk1Fuselage/MK1Fuselage' has no database record. Creating.
[LOG 18:20:23.868] [DragCubeSystem]: Drag cubes not found or cannot be read for part Part. Generating New drag cubes.
[LOG 18:20:23.868] [KSPCF/DragCubeGeneration] Creating drag cubes for part 'MK1Fuselage'
[LOG 18:20:23.875] PartLoader: Compiling Part 'Squad/Parts/Structural/mk1Parts/mk1FuselageIntake/MK1IntakeFuselage'
[LOG 18:20:23.880] PartLoader: Part 'Squad/Parts/Structural/mk1Parts/mk1FuselageIntake/MK1IntakeFuselage' has no database record. Creating.
[LOG 18:20:23.880] [DragCubeSystem]: Drag cubes not found or cannot be read for part Part. Generating New drag cubes.
[LOG 18:20:23.880] [KSPCF/DragCubeGeneration] Creating drag cubes for part 'MK1IntakeFuselage'
[LOG 18:20:23.888] PartLoader: Compiling Part 'Squad/Parts/Structural/mk1Parts/mk1Structural/Mk1FuselageStructural'
[LOG 18:20:23.892] PartLoader: Part 'Squad/Parts/Structural/mk1Parts/mk1Structural/Mk1FuselageStructural' has no database record. Creating.
[LOG 18:20:23.892] PartLoader: Compiling Part 'Squad/Parts/Structural/Size3To2Adapter_v2/Size2to3_v2/Size3To2Adapter_v2'
[LOG 18:20:23.896] PartLoader: Part 'Squad/Parts/Structural/Size3To2Adapter_v2/Size2to3_v2/Size3To2Adapter_v2' has no database record. Creating.
[LOG 18:20:23.897] PartLoader: Compiling Part 'Squad/Parts/Structural/stackAdapters/adapterLargeSmallBi/adapterLargeSmallBi'
[LOG 18:20:23.902] PartLoader: Part 'Squad/Parts/Structural/stackAdapters/adapterLargeSmallBi/adapterLargeSmallBi' has no database record. Creating.
[LOG 18:20:23.902] [DragCubeSystem]: Drag cubes not found or cannot be read for part Part. Generating New drag cubes.
[LOG 18:20:23.902] [KSPCF/DragCubeGeneration] Creating drag cubes for part 'adapterLargeSmallBi'
[LOG 18:20:23.909] PartLoader: Compiling Part 'Squad/Parts/Structural/stackAdapters/adapterLargeSmallQuad/adapterLargeSmallQuad'
[LOG 18:20:23.913] PartLoader: Part 'Squad/Parts/Structural/stackAdapters/adapterLargeSmallQuad/adapterLargeSmallQuad' has no database record. Creating.
[LOG 18:20:23.913] [DragCubeSystem]: Drag cubes not found or cannot be read for part Part. Generating New drag cubes.
[LOG 18:20:23.913] [KSPCF/DragCubeGeneration] Creating drag cubes for part 'adapterLargeSmallQuad'
[LOG 18:20:23.920] PartLoader: Compiling Part 'Squad/Parts/Structural/stackAdapters/adapterLargeSmallTri/adapterLargeSmallTri'
[LOG 18:20:23.924] PartLoader: Part 'Squad/Parts/Structural/stackAdapters/adapterLargeSmallTri/adapterLargeSmallTri' has no database record. Creating.
[LOG 18:20:23.924] [DragCubeSystem]: Drag cubes not found or cannot be read for part Part. Generating New drag cubes.
[LOG 18:20:23.924] [KSPCF/DragCubeGeneration] Creating drag cubes for part 'adapterLargeSmallTri'
[LOG 18:20:23.930] PartLoader: Compiling Part 'Squad/Parts/Structural/stationHub/stationHub/stationHub'
[LOG 18:20:23.934] PartLoader: Part 'Squad/Parts/Structural/stationHub/stationHub/stationHub' has no database record. Creating.
[LOG 18:20:23.935] [DragCubeSystem]: Drag cubes not found or cannot be read for part Part. Generating New drag cubes.
[LOG 18:20:23.935] [KSPCF/DragCubeGeneration] Creating drag cubes for part 'stationHub'
[LOG 18:20:23.942] PartLoader: Compiling Part 'Squad/Parts/Structural/structuralIBeam200/structuralIBeam200/structuralIBeam2'
[LOG 18:20:23.947] PartLoader: Part 'Squad/Parts/Structural/structuralIBeam200/structuralIBeam200/structuralIBeam2' has no database record. Creating.
[LOG 18:20:23.947] [DragCubeSystem]: Drag cubes not found or cannot be read for part Part. Generating New drag cubes.
[LOG 18:20:23.947] [KSPCF/DragCubeGeneration] Creating drag cubes for part 'structuralIBeam2'
[LOG 18:20:23.952] PartLoader: Compiling Part 'Squad/Parts/Structural/structuralIBeam200Pocket/structuralIBeam200Pocket/structuralIBeam3'
[LOG 18:20:23.956] PartLoader: Part 'Squad/Parts/Structural/structuralIBeam200Pocket/structuralIBeam200Pocket/structuralIBeam3' has no database record. Creating.
[LOG 18:20:23.956] [DragCubeSystem]: Drag cubes not found or cannot be read for part Part. Generating New drag cubes.
[LOG 18:20:23.956] [KSPCF/DragCubeGeneration] Creating drag cubes for part 'structuralIBeam3'
[LOG 18:20:23.963] PartLoader: Compiling Part 'Squad/Parts/Structural/structuralIBeam650/structuralIBeam650/structuralIBeam1'
[LOG 18:20:23.966] PartLoader: Part 'Squad/Parts/Structural/structuralIBeam650/structuralIBeam650/structuralIBeam1' has no database record. Creating.
[LOG 18:20:23.966] [DragCubeSystem]: Drag cubes not found or cannot be read for part Part. Generating New drag cubes.
[LOG 18:20:23.966] [KSPCF/DragCubeGeneration] Creating drag cubes for part 'structuralIBeam1'
[LOG 18:20:23.974] PartLoader: Compiling Part 'Squad/Parts/Structural/structuralMicronode/structuralMicronode/structuralMiniNode'
[LOG 18:20:23.978] PartLoader: Part 'Squad/Parts/Structural/structuralMicronode/structuralMicronode/structuralMiniNode' has no database record. Creating.
[LOG 18:20:23.978] [DragCubeSystem]: Drag cubes not found or cannot be read for part Part. Generating New drag cubes.
[LOG 18:20:23.978] [KSPCF/DragCubeGeneration] Creating drag cubes for part 'structuralMiniNode'
[LOG 18:20:23.983] PartLoader: Compiling Part 'Squad/Parts/Structural/structuralPanel1x1/structuralPanel1x1/structuralPanel1'
[LOG 18:20:23.988] PartLoader: Part 'Squad/Parts/Structural/structuralPanel1x1/structuralPanel1x1/structuralPanel1' has no database record. Creating.
[LOG 18:20:23.988] [DragCubeSystem]: Drag cubes not found or cannot be read for part Part. Generating New drag cubes.
[LOG 18:20:23.988] [KSPCF/DragCubeGeneration] Creating drag cubes for part 'structuralPanel1'
[LOG 18:20:23.995] PartLoader: Compiling Part 'Squad/Parts/Structural/structuralPanel2x2/structuralPanel2x2/structuralPanel2'
[LOG 18:20:23.999] PartLoader: Part 'Squad/Parts/Structural/structuralPanel2x2/structuralPanel2x2/structuralPanel2' has no database record. Creating.
[LOG 18:20:23.999] [DragCubeSystem]: Drag cubes not found or cannot be read for part Part. Generating New drag cubes.
[LOG 18:20:23.999] [KSPCF/DragCubeGeneration] Creating drag cubes for part 'structuralPanel2'
[LOG 18:20:24.005] PartLoader: Compiling Part 'Squad/Parts/Structural/structuralPylons/smallHardpoint/smallHardpoint'
[LOG 18:20:24.012] PartLoader: Part 'Squad/Parts/Structural/structuralPylons/smallHardpoint/smallHardpoint' has no database record. Creating.
[LOG 18:20:24.013] [DragCubeSystem]: Drag cubes not found or cannot be read for part Part. Generating New drag cubes.
[LOG 18:20:24.013] [KSPCF/DragCubeGeneration] Creating drag cubes for part 'smallHardpoint'
[LOG 18:20:24.018] PartLoader: Compiling Part 'Squad/Parts/Structural/structuralPylons/structuralPylon/structuralPylon'
[LOG 18:20:24.024] PartLoader: Part 'Squad/Parts/Structural/structuralPylons/structuralPylon/structuralPylon' has no database record. Creating.
[LOG 18:20:24.025] [DragCubeSystem]: Drag cubes not found or cannot be read for part Part. Generating New drag cubes.
[LOG 18:20:24.025] [KSPCF/DragCubeGeneration] Creating drag cubes for part 'structuralPylon'
[LOG 18:20:24.031] PartLoader: Compiling Part 'Squad/Parts/Structural/strutCubicOcto/strutCubicOcto/strutCube'
[LOG 18:20:24.035] PartLoader: Part 'Squad/Parts/Structural/strutCubicOcto/strutCubicOcto/strutCube' has no database record. Creating.
[LOG 18:20:24.035] [DragCubeSystem]: Drag cubes not found or cannot be read for part Part. Generating New drag cubes.
[LOG 18:20:24.035] [KSPCF/DragCubeGeneration] Creating drag cubes for part 'strutCube'
[LOG 18:20:24.041] PartLoader: Compiling Part 'Squad/Parts/Structural/strutOcto/strutOcto/strutOcto'
[LOG 18:20:24.047] PartLoader: Part 'Squad/Parts/Structural/strutOcto/strutOcto/strutOcto' has no database record. Creating.
[LOG 18:20:24.047] [DragCubeSystem]: Drag cubes not found or cannot be read for part Part. Generating New drag cubes.
[LOG 18:20:24.047] [KSPCF/DragCubeGeneration] Creating drag cubes for part 'strutOcto'
[LOG 18:20:24.052] PartLoader: Compiling Part 'Squad/Parts/Structural/trussGirderAdapter/trussGirderAdapter/trussAdapter'
[LOG 18:20:24.055] PartLoader: Part 'Squad/Parts/Structural/trussGirderAdapter/trussGirderAdapter/trussAdapter' has no database record. Creating.
[LOG 18:20:24.055] [DragCubeSystem]: Drag cubes not found or cannot be read for part Part. Generating New drag cubes.
[LOG 18:20:24.055] [KSPCF/DragCubeGeneration] Creating drag cubes for part 'trussAdapter'
[LOG 18:20:24.060] PartLoader: Compiling Part 'Squad/Parts/Structural/trussGirderL/trussGirderL/trussPiece1x'
[LOG 18:20:24.063] PartLoader: Part 'Squad/Parts/Structural/trussGirderL/trussGirderL/trussPiece1x' has no database record. Creating.
[LOG 18:20:24.063] [DragCubeSystem]: Drag cubes not found or cannot be read for part Part. Generating New drag cubes.
[LOG 18:20:24.064] [KSPCF/DragCubeGeneration] Creating drag cubes for part 'trussPiece1x'
[LOG 18:20:24.071] PartLoader: Compiling Part 'Squad/Parts/Structural/trussGirderXL/trussGirderXL/trussPiece3x'
[LOG 18:20:24.075] PartLoader: Part 'Squad/Parts/Structural/trussGirderXL/trussGirderXL/trussPiece3x' has no database record. Creating.
[LOG 18:20:24.075] [DragCubeSystem]: Drag cubes not found or cannot be read for part Part. Generating New drag cubes.
[LOG 18:20:24.075] [KSPCF/DragCubeGeneration] Creating drag cubes for part 'trussPiece3x'
[LOG 18:20:24.080] PartLoader: Compiling Part 'Squad/Parts/Thermal/FoldingRadiators/foldingRadLarge/foldingRadLarge'
[LOG 18:20:24.096] PartLoader: Part 'Squad/Parts/Thermal/FoldingRadiators/foldingRadLarge/foldingRadLarge' has no database record. Creating.
[LOG 18:20:24.098] PartLoader: Compiling Part 'Squad/Parts/Thermal/FoldingRadiators/foldingRadMed/foldingRadMed'
[LOG 18:20:24.102] PartLoader: Part 'Squad/Parts/Thermal/FoldingRadiators/foldingRadMed/foldingRadMed' has no database record. Creating.
[LOG 18:20:24.103] PartLoader: Compiling Part 'Squad/Parts/Thermal/FoldingRadiators/foldingRadSmall/foldingRadSmall'
[LOG 18:20:24.109] PartLoader: Part 'Squad/Parts/Thermal/FoldingRadiators/foldingRadSmall/foldingRadSmall' has no database record. Creating.
[LOG 18:20:24.109] PartLoader: Compiling Part 'Squad/Parts/Thermal/RadiatorPanels/radPanelEdge/radPanelEdge'
[LOG 18:20:24.113] PartLoader: Part 'Squad/Parts/Thermal/RadiatorPanels/radPanelEdge/radPanelEdge' has no database record. Creating.
[LOG 18:20:24.113] [DragCubeSystem]: Drag cubes not found or cannot be read for part Part. Generating New drag cubes.
[LOG 18:20:24.113] [KSPCF/DragCubeGeneration] Creating drag cubes for part 'radPanelEdge'
[LOG 18:20:24.119] PartLoader: Compiling Part 'Squad/Parts/Thermal/RadiatorPanels/radPanelLg/radPanelLg'
[LOG 18:20:24.122] PartLoader: Part 'Squad/Parts/Thermal/RadiatorPanels/radPanelLg/radPanelLg' has no database record. Creating.
[LOG 18:20:24.122] [DragCubeSystem]: Drag cubes not found or cannot be read for part Part. Generating New drag cubes.
[LOG 18:20:24.122] [KSPCF/DragCubeGeneration] Creating drag cubes for part 'radPanelLg'
[LOG 18:20:24.128] PartLoader: Compiling Part 'Squad/Parts/Thermal/RadiatorPanels/radPanelSm/radPanelSm'
[LOG 18:20:24.131] PartLoader: Part 'Squad/Parts/Thermal/RadiatorPanels/radPanelSm/radPanelSm' has no database record. Creating.
[LOG 18:20:24.131] [DragCubeSystem]: Drag cubes not found or cannot be read for part Part. Generating New drag cubes.
[LOG 18:20:24.131] [KSPCF/DragCubeGeneration] Creating drag cubes for part 'radPanelSm'
[LOG 18:20:24.137] PartLoader: Compiling Part 'Squad/Parts/Utility/commDish88-88/commDish88-88/commDish'
[LOG 18:20:24.142] PartLoader: Part 'Squad/Parts/Utility/commDish88-88/commDish88-88/commDish' has no database record. Creating.
[LOG 18:20:24.142] [DragCubeSystem]: Drag cubes not found or cannot be read for part Part. Generating New drag cubes.
[LOG 18:20:24.142] [KSPCF/DragCubeGeneration] Creating drag cubes for part 'commDish'
[LOG 18:20:24.168] PartLoader: Compiling Part 'Squad/Parts/Utility/commsAntennaDTS-M1/commsAntennaDTS-M1/mediumDishAntenna'
[LOG 18:20:24.173] PartLoader: Part 'Squad/Parts/Utility/commsAntennaDTS-M1/commsAntennaDTS-M1/mediumDishAntenna' has no database record. Creating.
[LOG 18:20:24.174] [DragCubeSystem]: Drag cubes not found or cannot be read for part Part. Generating New drag cubes.
[LOG 18:20:24.174] [KSPCF/DragCubeGeneration] Creating drag cubes for part 'mediumDishAntenna'
[LOG 18:20:24.196] PartLoader: Compiling Part 'Squad/Parts/Utility/commsDish16/commsAntenna16/longAntenna'
[LOG 18:20:24.202] PartLoader: Part 'Squad/Parts/Utility/commsDish16/commsAntenna16/longAntenna' has no database record. Creating.
[LOG 18:20:24.202] [DragCubeSystem]: Drag cubes not found or cannot be read for part Part. Generating New drag cubes.
[LOG 18:20:24.202] [KSPCF/DragCubeGeneration] Creating drag cubes for part 'longAntenna'
[LOG 18:20:24.219] PartLoader: Compiling Part 'Squad/Parts/Utility/decouplerRadialHDM/decouplerRadialHDM/radialDecoupler1-2'
[LOG 18:20:24.230] PartLoader: Part 'Squad/Parts/Utility/decouplerRadialHDM/decouplerRadialHDM/radialDecoupler1-2' has no database record. Creating.
[LOG 18:20:24.230] [DragCubeSystem]: Drag cubes not found or cannot be read for part Part. Generating New drag cubes.
[LOG 18:20:24.230] [KSPCF/DragCubeGeneration] Creating drag cubes for part 'radialDecoupler1-2'
[LOG 18:20:24.239] PartLoader: Compiling Part 'Squad/Parts/Utility/decouplerRadialTT-38K/decouplerRadialTT-38K/radialDecoupler'
[LOG 18:20:24.245] PartLoader: Part 'Squad/Parts/Utility/decouplerRadialTT-38K/decouplerRadialTT-38K/radialDecoupler' has no database record. Creating.
[LOG 18:20:24.245] [DragCubeSystem]: Drag cubes not found or cannot be read for part Part. Generating New drag cubes.
[LOG 18:20:24.245] [KSPCF/DragCubeGeneration] Creating drag cubes for part 'radialDecoupler'
[LOG 18:20:24.252] PartLoader: Compiling Part 'Squad/Parts/Utility/decouplerRadialTT-70/decouplerRadialTT-70/radialDecoupler2'
[LOG 18:20:24.257] PartLoader: Part 'Squad/Parts/Utility/decouplerRadialTT-70/decouplerRadialTT-70/radialDecoupler2' has no database record. Creating.
[LOG 18:20:24.257] [DragCubeSystem]: Drag cubes not found or cannot be read for part Part. Generating New drag cubes.
[LOG 18:20:24.257] [KSPCF/DragCubeGeneration] Creating drag cubes for part 'radialDecoupler2'
[LOG 18:20:24.263] PartLoader: Compiling Part 'Squad/Parts/Utility/DirectAntennas/C16S/SurfAntenna'
[LOG 18:20:24.267] PartLoader: Part 'Squad/Parts/Utility/DirectAntennas/C16S/SurfAntenna' has no database record. Creating.
[LOG 18:20:24.267] [DragCubeSystem]: Drag cubes not found or cannot be read for part Part. Generating New drag cubes.
[LOG 18:20:24.267] [KSPCF/DragCubeGeneration] Creating drag cubes for part 'SurfAntenna'
[LOG 18:20:24.274] PartLoader: Compiling Part 'Squad/Parts/Utility/DirectAntennas/HG-5/HighGainAntenna5'
[LOG 18:20:24.278] PartLoader: Part 'Squad/Parts/Utility/DirectAntennas/HG-5/HighGainAntenna5' has no database record. Creating.
[LOG 18:20:24.278] [DragCubeSystem]: Drag cubes not found or cannot be read for part Part. Generating New drag cubes.
[LOG 18:20:24.278] [KSPCF/DragCubeGeneration] Creating drag cubes for part 'HighGainAntenna5'
[LOG 18:20:24.296] PartLoader: Compiling Part 'Squad/Parts/Utility/DirectAntennas/HG-5_v2/HighGainAntenna5_v2'
[LOG 18:20:24.301] PartLoader: Part 'Squad/Parts/Utility/DirectAntennas/HG-5_v2/HighGainAntenna5_v2' has no database record. Creating.
[LOG 18:20:24.302] [DragCubeSystem]: Drag cubes not found or cannot be read for part Part. Generating New drag cubes.
[LOG 18:20:24.302] [KSPCF/DragCubeGeneration] Creating drag cubes for part 'HighGainAntenna5.v2'
[LOG 18:20:24.320] PartLoader: Compiling Part 'Squad/Parts/Utility/dockingPort/dockingPort/dockingPort2'
[LOG 18:20:24.337] PartLoader: Part 'Squad/Parts/Utility/dockingPort/dockingPort/dockingPort2' has no database record. Creating.
[LOG 18:20:24.337] [DragCubeSystem]: Drag cubes not found or cannot be read for part Part. Generating New drag cubes.
[LOG 18:20:24.337] [KSPCF/DragCubeGeneration] Creating drag cubes for part 'dockingPort2'
[LOG 18:20:24.346] PartLoader: Compiling Part 'Squad/Parts/Utility/dockingPortInline/dockingPortInline/dockingPortLateral'
[LOG 18:20:24.353] PartLoader: Part 'Squad/Parts/Utility/dockingPortInline/dockingPortInline/dockingPortLateral' has no database record. Creating.
[LOG 18:20:24.353] [DragCubeSystem]: Drag cubes not found or cannot be read for part Part. Generating New drag cubes.
[LOG 18:20:24.354] [KSPCF/DragCubeGeneration] Creating drag cubes for part 'dockingPortLateral'
[LOG 18:20:24.371] PartLoader: Compiling Part 'Squad/Parts/Utility/dockingPortJr/dockingPortJr/dockingPort3'
[LOG 18:20:24.375] PartLoader: Part 'Squad/Parts/Utility/dockingPortJr/dockingPortJr/dockingPort3' has no database record. Creating.
[LOG 18:20:24.375] [DragCubeSystem]: Drag cubes not found or cannot be read for part Part. Generating New drag cubes.
[LOG 18:20:24.375] [KSPCF/DragCubeGeneration] Creating drag cubes for part 'dockingPort3'
[LOG 18:20:24.380] PartLoader: Compiling Part 'Squad/Parts/Utility/dockingPortShielded/dockingPortShielded/dockingPort1'
[LOG 18:20:24.386] PartLoader: Part 'Squad/Parts/Utility/dockingPortShielded/dockingPortShielded/dockingPort1' has no database record. Creating.
[LOG 18:20:24.386] [DragCubeSystem]: Drag cubes not found or cannot be read for part Part. Generating New drag cubes.
[LOG 18:20:24.386] [KSPCF/DragCubeGeneration] Creating drag cubes for part 'dockingPort1'
[LOG 18:20:24.401] PartLoader: Compiling Part 'Squad/Parts/Utility/dockingPortSr/dockingPortSr/dockingPortLarge'
[LOG 18:20:24.407] PartLoader: Part 'Squad/Parts/Utility/dockingPortSr/dockingPortSr/dockingPortLarge' has no database record. Creating.
[LOG 18:20:24.407] [DragCubeSystem]: Drag cubes not found or cannot be read for part Part. Generating New drag cubes.
[LOG 18:20:24.407] [KSPCF/DragCubeGeneration] Creating drag cubes for part 'dockingPortLarge'
[LOG 18:20:24.414] PartLoader: Compiling Part 'Squad/Parts/Utility/Fireworks/fireworksLauncherBig/fireworksLauncherBig'
[LOG 18:20:24.430] PartLoader: Part 'Squad/Parts/Utility/Fireworks/fireworksLauncherBig/fireworksLauncherBig' has no database record. Creating.
[LOG 18:20:24.431] [DragCubeSystem]: Drag cubes not found or cannot be read for part Part. Generating New drag cubes.
[LOG 18:20:24.431] [KSPCF/DragCubeGeneration] Creating drag cubes for part 'fireworksLauncherBig'
[LOG 18:20:24.437] PartLoader: Compiling Part 'Squad/Parts/Utility/Fireworks/fireworksLauncherSmall/fireworksLauncherSmall'
[LOG 18:20:24.451] PartLoader: Part 'Squad/Parts/Utility/Fireworks/fireworksLauncherSmall/fireworksLauncherSmall' has no database record. Creating.
[LOG 18:20:24.451] [DragCubeSystem]: Drag cubes not found or cannot be read for part Part. Generating New drag cubes.
[LOG 18:20:24.451] [KSPCF/DragCubeGeneration] Creating drag cubes for part 'fireworksLauncherSmall'
[LOG 18:20:24.457] PartLoader: Compiling Part 'Squad/Parts/Utility/flags/flagFlat/flagFlat/flagPartFlat'
[LOG 18:20:24.468] PartLoader: Part 'Squad/Parts/Utility/flags/flagFlat/flagFlat/flagPartFlat' has no database record. Creating.
[LOG 18:20:24.468] [DragCubeSystem]: Drag cubes not found or cannot be read for part Part. Generating New drag cubes.
[LOG 18:20:24.468] [KSPCF/DragCubeGeneration] Creating drag cubes for part 'flagPartFlat'
[LOG 18:20:24.474] PartLoader: Compiling Part 'Squad/Parts/Utility/flags/flagSize0/flagSize0/flagPartSize0'
[LOG 18:20:24.480] PartLoader: Part 'Squad/Parts/Utility/flags/flagSize0/flagSize0/flagPartSize0' has no database record. Creating.
[LOG 18:20:24.480] [DragCubeSystem]: Drag cubes not found or cannot be read for part Part. Generating New drag cubes.
[LOG 18:20:24.480] [KSPCF/DragCubeGeneration] Creating drag cubes for part 'flagPartSize0'
[LOG 18:20:24.486] PartLoader: Compiling Part 'Squad/Parts/Utility/flags/flagSize1/flagSize1/flagPartSize1'
[LOG 18:20:24.491] PartLoader: Part 'Squad/Parts/Utility/flags/flagSize1/flagSize1/flagPartSize1' has no database record. Creating.
[LOG 18:20:24.491] [DragCubeSystem]: Drag cubes not found or cannot be read for part Part. Generating New drag cubes.
[LOG 18:20:24.491] [KSPCF/DragCubeGeneration] Creating drag cubes for part 'flagPartSize1'
[LOG 18:20:24.497] PartLoader: Compiling Part 'Squad/Parts/Utility/flags/flagSize2/flagSize2/flagPartSize2'
[LOG 18:20:24.503] PartLoader: Part 'Squad/Parts/Utility/flags/flagSize2/flagSize2/flagPartSize2' has no database record. Creating.
[LOG 18:20:24.504] [DragCubeSystem]: Drag cubes not found or cannot be read for part Part. Generating New drag cubes.
[LOG 18:20:24.504] [KSPCF/DragCubeGeneration] Creating drag cubes for part 'flagPartSize2'
[LOG 18:20:24.510] PartLoader: Compiling Part 'Squad/Parts/Utility/flags/flagSize3/flagSize3/flagPartSize3'
[LOG 18:20:24.518] PartLoader: Part 'Squad/Parts/Utility/flags/flagSize3/flagSize3/flagPartSize3' has no database record. Creating.
[LOG 18:20:24.518] [DragCubeSystem]: Drag cubes not found or cannot be read for part Part. Generating New drag cubes.
[LOG 18:20:24.518] [KSPCF/DragCubeGeneration] Creating drag cubes for part 'flagPartSize3'
[LOG 18:20:24.524] PartLoader: Compiling Part 'Squad/Parts/Utility/GrapplingDevice/part/GrapplingDevice'
[LOG 18:20:24.539] PartLoader: Part 'Squad/Parts/Utility/GrapplingDevice/part/GrapplingDevice' has no database record. Creating.
[LOG 18:20:24.539] [DragCubeSystem]: Drag cubes not found or cannot be read for part Part. Generating New drag cubes.
[LOG 18:20:24.540] [KSPCF/DragCubeGeneration] Creating drag cubes for part 'GrapplingDevice'
[LOG 18:20:24.566] PartLoader: Compiling Part 'Squad/Parts/Utility/ladderRadial/ladderRadial/ladder1'
[LOG 18:20:24.569] PartLoader: Part 'Squad/Parts/Utility/ladderRadial/ladderRadial/ladder1' has no database record. Creating.
[LOG 18:20:24.569] [DragCubeSystem]: Drag cubes not found or cannot be read for part Part. Generating New drag cubes.
[LOG 18:20:24.569] [KSPCF/DragCubeGeneration] Creating drag cubes for part 'ladder1'
[LOG 18:20:24.576] PartLoader: Compiling Part 'Squad/Parts/Utility/ladderTelescopic/ladderTelescopic/telescopicLadder'
[LOG 18:20:24.585] PartLoader: Part 'Squad/Parts/Utility/ladderTelescopic/ladderTelescopic/telescopicLadder' has no database record. Creating.
[LOG 18:20:24.585] [DragCubeSystem]: Drag cubes not found or cannot be read for part Part. Generating New drag cubes.
[LOG 18:20:24.586] [KSPCF/DragCubeGeneration] Creating drag cubes for part 'telescopicLadder'
[LOG 18:20:24.604] PartLoader: Compiling Part 'Squad/Parts/Utility/ladderTelescopicBay/ladderTelescopicBay/telescopicLadderBay'
[LOG 18:20:24.620] PartLoader: Part 'Squad/Parts/Utility/ladderTelescopicBay/ladderTelescopicBay/telescopicLadderBay' has no database record. Creating.
[LOG 18:20:24.620] [DragCubeSystem]: Drag cubes not found or cannot be read for part Part. Generating New drag cubes.
[LOG 18:20:24.620] [KSPCF/DragCubeGeneration] Creating drag cubes for part 'telescopicLadderBay'
[LOG 18:20:24.639] PartLoader: Compiling Part 'Squad/Parts/Utility/landingLegLT-1/landingLegLT-1/landingLeg1'
[LOG 18:20:24.676] PartLoader: Part 'Squad/Parts/Utility/landingLegLT-1/landingLegLT-1/landingLeg1' has no database record. Creating.
[LOG 18:20:24.676] [DragCubeSystem]: Drag cubes not found or cannot be read for part Part. Generating New drag cubes.
[LOG 18:20:24.676] [KSPCF/DragCubeGeneration] Creating drag cubes for part 'landingLeg1'
[LOG 18:20:24.698] PartLoader: Compiling Part 'Squad/Parts/Utility/landingLegLT-2/landingLegLT-2/landingLeg1-2'
[LOG 18:20:24.709] PartLoader: Part 'Squad/Parts/Utility/landingLegLT-2/landingLegLT-2/landingLeg1-2' has no database record. Creating.
[LOG 18:20:24.709] [DragCubeSystem]: Drag cubes not found or cannot be read for part Part. Generating New drag cubes.
[LOG 18:20:24.709] [KSPCF/DragCubeGeneration] Creating drag cubes for part 'landingLeg1-2'
[LOG 18:20:24.725] PartLoader: Compiling Part 'Squad/Parts/Utility/landingLegLT-5/landingLegLT-5/miniLandingLeg'
[LOG 18:20:24.734] PartLoader: Part 'Squad/Parts/Utility/landingLegLT-5/landingLegLT-5/miniLandingLeg' has no database record. Creating.
[LOG 18:20:24.734] [DragCubeSystem]: Drag cubes not found or cannot be read for part Part. Generating New drag cubes.
[LOG 18:20:24.734] [KSPCF/DragCubeGeneration] Creating drag cubes for part 'miniLandingLeg'
[LOG 18:20:24.752] PartLoader: Compiling Part 'Squad/Parts/Utility/launchClamp1/launchClamp1/launchClamp1'
[LOG 18:20:24.764] PartLoader: Part 'Squad/Parts/Utility/launchClamp1/launchClamp1/launchClamp1' has no database record. Creating.
[LOG 18:20:24.764] [DragCubeSystem]: Drag cubes not found or cannot be read for part Part. Generating New drag cubes.
[LOG 18:20:24.764] [KSPCF/DragCubeGeneration] Creating drag cubes for part 'launchClamp1'
[LOG 18:20:24.770] PartLoader: Compiling Part 'Squad/Parts/Utility/launchEscapeSystem/part/LaunchEscapeSystem'
[LOG 18:20:24.777] PartLoader: Part 'Squad/Parts/Utility/launchEscapeSystem/part/LaunchEscapeSystem' has no database record. Creating.
[LOG 18:20:24.777] [DragCubeSystem]: Drag cubes not found or cannot be read for part Part. Generating New drag cubes.
[LOG 18:20:24.777] [KSPCF/DragCubeGeneration] Creating drag cubes for part 'LaunchEscapeSystem'
[LOG 18:20:24.784] PartLoader: Compiling Part 'Squad/Parts/Utility/Lights/domeLight1/domeLight1'
[LOG 18:20:24.794] PartLoader: Part 'Squad/Parts/Utility/Lights/domeLight1/domeLight1' has no database record. Creating.
[LOG 18:20:24.794] [DragCubeSystem]: Drag cubes not found or cannot be read for part Part. Generating New drag cubes.
[LOG 18:20:24.794] [KSPCF/DragCubeGeneration] Creating drag cubes for part 'domeLight1'
[LOG 18:20:24.800] PartLoader: Compiling Part 'Squad/Parts/Utility/Lights/groundLight1/groundLight1'
[LOG 18:20:24.810] PartLoader: Part 'Squad/Parts/Utility/Lights/groundLight1/groundLight1' has no database record. Creating.
[LOG 18:20:24.810] [DragCubeSystem]: Drag cubes not found or cannot be read for part Part. Generating New drag cubes.
[LOG 18:20:24.810] [KSPCF/DragCubeGeneration] Creating drag cubes for part 'groundLight1'
[LOG 18:20:24.816] PartLoader: Compiling Part 'Squad/Parts/Utility/Lights/groundLight2/groundLight2'
[LOG 18:20:24.821] PartLoader: Part 'Squad/Parts/Utility/Lights/groundLight2/groundLight2' has no database record. Creating.
[LOG 18:20:24.821] [DragCubeSystem]: Drag cubes not found or cannot be read for part Part. Generating New drag cubes.
[LOG 18:20:24.821] [KSPCF/DragCubeGeneration] Creating drag cubes for part 'groundLight2'
[LOG 18:20:24.828] PartLoader: Compiling Part 'Squad/Parts/Utility/Lights/navLight1/navLight1'
[LOG 18:20:24.833] PartLoader: Part 'Squad/Parts/Utility/Lights/navLight1/navLight1' has no database record. Creating.
[LOG 18:20:24.833] [DragCubeSystem]: Drag cubes not found or cannot be read for part Part. Generating New drag cubes.
[LOG 18:20:24.833] [KSPCF/DragCubeGeneration] Creating drag cubes for part 'navLight1'
[LOG 18:20:24.840] PartLoader: Compiling Part 'Squad/Parts/Utility/Lights/spotLight1/spotLight3'
[LOG 18:20:24.850] PartLoader: Part 'Squad/Parts/Utility/Lights/spotLight1/spotLight3' has no database record. Creating.
[LOG 18:20:24.850] [DragCubeSystem]: Drag cubes not found or cannot be read for part Part. Generating New drag cubes.
[LOG 18:20:24.850] [KSPCF/DragCubeGeneration] Creating drag cubes for part 'spotLight3'
[LOG 18:20:24.857] PartLoader: Compiling Part 'Squad/Parts/Utility/Lights/stripLight1/stripLight1'
[LOG 18:20:24.867] PartLoader: Part 'Squad/Parts/Utility/Lights/stripLight1/stripLight1' has no database record. Creating.
[LOG 18:20:24.867] [DragCubeSystem]: Drag cubes not found or cannot be read for part Part. Generating New drag cubes.
[LOG 18:20:24.867] [KSPCF/DragCubeGeneration] Creating drag cubes for part 'stripLight1'
[LOG 18:20:24.873] PartLoader: Compiling Part 'Squad/Parts/Utility/linearVernorRCS/linearRCS/linearRcs'
[LOG 18:20:24.881] PartLoader: Part 'Squad/Parts/Utility/linearVernorRCS/linearRCS/linearRcs' has no database record. Creating.
[LOG 18:20:24.881] [DragCubeSystem]: Drag cubes not found or cannot be read for part Part. Generating New drag cubes.
[LOG 18:20:24.881] [KSPCF/DragCubeGeneration] Creating drag cubes for part 'linearRcs'
[LOG 18:20:24.887] PartLoader: Compiling Part 'Squad/Parts/Utility/linearVernorRCS/vernorEngine/vernierEngine'
[LOG 18:20:24.893] PartLoader: Part 'Squad/Parts/Utility/linearVernorRCS/vernorEngine/vernierEngine' has no database record. Creating.
[LOG 18:20:24.893] [DragCubeSystem]: Drag cubes not found or cannot be read for part Part. Generating New drag cubes.
[LOG 18:20:24.893] [KSPCF/DragCubeGeneration] Creating drag cubes for part 'vernierEngine'
[LOG 18:20:24.900] PartLoader: Compiling Part 'Squad/Parts/Utility/mk2CargoBay/BayL/mk2CargoBayL'
[LOG 18:20:24.904] PartLoader: Part 'Squad/Parts/Utility/mk2CargoBay/BayL/mk2CargoBayL' has no database record. Creating.
[LOG 18:20:24.905] PartLoader: Compiling Part 'Squad/Parts/Utility/mk2CargoBay/BayS/mk2CargoBayS'
[LOG 18:20:24.908] PartLoader: Part 'Squad/Parts/Utility/mk2CargoBay/BayS/mk2CargoBayS' has no database record. Creating.
[LOG 18:20:24.909] PartLoader: Compiling Part 'Squad/Parts/Utility/mk2CrewCabin/mk2CrewCabin/mk2CrewCabin'
[WRN 18:20:24.911] [Part]: Cannot have ModuleCargoPart and ModuleInventoryPart on same Part [mk2CrewCabin'. Removed ModuleCargoPart
[LOG 18:20:24.914] PartLoader: Part 'Squad/Parts/Utility/mk2CrewCabin/mk2CrewCabin/mk2CrewCabin' has no database record. Creating.
[LOG 18:20:24.914] [DragCubeSystem]: Drag cubes not found or cannot be read for part Part. Generating New drag cubes.
[LOG 18:20:24.914] [KSPCF/DragCubeGeneration] Creating drag cubes for part 'mk2CrewCabin'
[LOG 18:20:24.921] PartLoader: Compiling Part 'Squad/Parts/Utility/mk2DockingPort/mk2DockingPort/mk2DockingPort'
[LOG 18:20:24.933] PartLoader: Part 'Squad/Parts/Utility/mk2DockingPort/mk2DockingPort/mk2DockingPort' has no database record. Creating.
[LOG 18:20:24.934] PartLoader: Compiling Part 'Squad/Parts/Utility/mk3CargoBay/long/mk3CargoBayL'
[LOG 18:20:24.940] PartLoader: Part 'Squad/Parts/Utility/mk3CargoBay/long/mk3CargoBayL' has no database record. Creating.
[LOG 18:20:24.940] PartLoader: Compiling Part 'Squad/Parts/Utility/mk3CargoBay/medium/mk3CargoBayM'
[LOG 18:20:24.945] PartLoader: Part 'Squad/Parts/Utility/mk3CargoBay/medium/mk3CargoBayM' has no database record. Creating.
[LOG 18:20:24.945] PartLoader: Compiling Part 'Squad/Parts/Utility/mk3CargoBay/ramp/mk3CargoRamp'
[LOG 18:20:24.951] PartLoader: Part 'Squad/Parts/Utility/mk3CargoBay/ramp/mk3CargoRamp' has no database record. Creating.
[LOG 18:20:24.951] PartLoader: Compiling Part 'Squad/Parts/Utility/mk3CargoBay/short/mk3CargoBayS'
[LOG 18:20:24.956] PartLoader: Part 'Squad/Parts/Utility/mk3CargoBay/short/mk3CargoBayS' has no database record. Creating.
[LOG 18:20:24.956] PartLoader: Compiling Part 'Squad/Parts/Utility/parachuteMk1/parachuteMk1/parachuteSingle'
[LOG 18:20:24.973] PartLoader: Part 'Squad/Parts/Utility/parachuteMk1/parachuteMk1/parachuteSingle' has no database record. Creating.
[LOG 18:20:24.973] [DragCubeSystem]: Drag cubes not found or cannot be read for part Part. Generating New drag cubes.
[LOG 18:20:24.973] [KSPCF/DragCubeGeneration] Creating drag cubes for part 'parachuteSingle'
[LOG 18:20:25.002] PartLoader: Compiling Part 'Squad/Parts/Utility/parachuteMk12-R/parachuteMk12-R/radialDrogue'
[LOG 18:20:25.010] PartLoader: Part 'Squad/Parts/Utility/parachuteMk12-R/parachuteMk12-R/radialDrogue' has no database record. Creating.
[LOG 18:20:25.010] [DragCubeSystem]: Drag cubes not found or cannot be read for part Part. Generating New drag cubes.
[LOG 18:20:25.010] [KSPCF/DragCubeGeneration] Creating drag cubes for part 'radialDrogue'
[LOG 18:20:25.034] PartLoader: Compiling Part 'Squad/Parts/Utility/parachuteMk16-XL/parachuteMk16-XL/parachuteLarge'
[LOG 18:20:25.038] PartLoader: Part 'Squad/Parts/Utility/parachuteMk16-XL/parachuteMk16-XL/parachuteLarge' has no database record. Creating.
[LOG 18:20:25.038] [DragCubeSystem]: Drag cubes not found or cannot be read for part Part. Generating New drag cubes.
[LOG 18:20:25.038] [KSPCF/DragCubeGeneration] Creating drag cubes for part 'parachuteLarge'
[LOG 18:20:25.063] PartLoader: Compiling Part 'Squad/Parts/Utility/parachuteMk2-R/parachuteMk2-R/parachuteRadial'
[LOG 18:20:25.067] PartLoader: Part 'Squad/Parts/Utility/parachuteMk2-R/parachuteMk2-R/parachuteRadial' has no database record. Creating.
[LOG 18:20:25.067] [DragCubeSystem]: Drag cubes not found or cannot be read for part Part. Generating New drag cubes.
[LOG 18:20:25.067] [KSPCF/DragCubeGeneration] Creating drag cubes for part 'parachuteRadial'
[LOG 18:20:25.092] PartLoader: Compiling Part 'Squad/Parts/Utility/parachuteMk25/parachuteMk25/parachuteDrogue'
[LOG 18:20:25.098] PartLoader: Part 'Squad/Parts/Utility/parachuteMk25/parachuteMk25/parachuteDrogue' has no database record. Creating.
[LOG 18:20:25.098] [DragCubeSystem]: Drag cubes not found or cannot be read for part Part. Generating New drag cubes.
[LOG 18:20:25.098] [KSPCF/DragCubeGeneration] Creating drag cubes for part 'parachuteDrogue'
[LOG 18:20:25.123] PartLoader: Compiling Part 'Squad/Parts/Utility/radialAttachmentPoint/radialAttachmentPoint/stackPoint1'
[LOG 18:20:25.127] PartLoader: Part 'Squad/Parts/Utility/radialAttachmentPoint/radialAttachmentPoint/stackPoint1' has no database record. Creating.
[LOG 18:20:25.127] [DragCubeSystem]: Drag cubes not found or cannot be read for part Part. Generating New drag cubes.
[LOG 18:20:25.127] [KSPCF/DragCubeGeneration] Creating drag cubes for part 'stackPoint1'
[LOG 18:20:25.133] PartLoader: Compiling Part 'Squad/Parts/Utility/rcsBlockRV-105_v2/rcsBlockRV-105/RCSBlock_v2'
[LOG 18:20:25.141] PartLoader: Part 'Squad/Parts/Utility/rcsBlockRV-105_v2/rcsBlockRV-105/RCSBlock_v2' has no database record. Creating.
[LOG 18:20:25.141] [DragCubeSystem]: Drag cubes not found or cannot be read for part Part. Generating New drag cubes.
[LOG 18:20:25.141] [KSPCF/DragCubeGeneration] Creating drag cubes for part 'RCSBlock.v2'
[LOG 18:20:25.184] PartLoader: Compiling Part 'Squad/Parts/Utility/rcsBlockRV-105_v2/RCSblock_01_small/RCSblock_01_small'
[LOG 18:20:25.190] PartLoader: Part 'Squad/Parts/Utility/rcsBlockRV-105_v2/RCSblock_01_small/RCSblock_01_small' has no database record. Creating.
[LOG 18:20:25.190] [DragCubeSystem]: Drag cubes not found or cannot be read for part Part. Generating New drag cubes.
[LOG 18:20:25.191] [KSPCF/DragCubeGeneration] Creating drag cubes for part 'RCSblock.01.small'
[LOG 18:20:25.232] PartLoader: Compiling Part 'Squad/Parts/Utility/rcsSmallLinear/RCSLinearSmall/RCSLinearSmall'
[LOG 18:20:25.239] PartLoader: Part 'Squad/Parts/Utility/rcsSmallLinear/RCSLinearSmall/RCSLinearSmall' has no database record. Creating.
[LOG 18:20:25.239] [DragCubeSystem]: Drag cubes not found or cannot be read for part Part. Generating New drag cubes.
[LOG 18:20:25.239] [KSPCF/DragCubeGeneration] Creating drag cubes for part 'RCSLinearSmall'
[LOG 18:20:25.259] PartLoader: Compiling Part 'Squad/Parts/Utility/RelayAntennas/RA-100/RelayAntenna100'
[LOG 18:20:25.263] PartLoader: Part 'Squad/Parts/Utility/RelayAntennas/RA-100/RelayAntenna100' has no database record. Creating.
[LOG 18:20:25.263] [DragCubeSystem]: Drag cubes not found or cannot be read for part Part. Generating New drag cubes.
[LOG 18:20:25.263] [KSPCF/DragCubeGeneration] Creating drag cubes for part 'RelayAntenna100'
[LOG 18:20:25.270] PartLoader: Compiling Part 'Squad/Parts/Utility/RelayAntennas/RA-5/RelayAntenna5'
[LOG 18:20:25.275] PartLoader: Part 'Squad/Parts/Utility/RelayAntennas/RA-5/RelayAntenna5' has no database record. Creating.
[LOG 18:20:25.276] [DragCubeSystem]: Drag cubes not found or cannot be read for part Part. Generating New drag cubes.
[LOG 18:20:25.276] [KSPCF/DragCubeGeneration] Creating drag cubes for part 'RelayAntenna5'
[LOG 18:20:25.283] PartLoader: Compiling Part 'Squad/Parts/Utility/RelayAntennas/RA-50/RelayAntenna50'
[LOG 18:20:25.291] PartLoader: Part 'Squad/Parts/Utility/RelayAntennas/RA-50/RelayAntenna50' has no database record. Creating.
[LOG 18:20:25.291] [DragCubeSystem]: Drag cubes not found or cannot be read for part Part. Generating New drag cubes.
[LOG 18:20:25.291] [KSPCF/DragCubeGeneration] Creating drag cubes for part 'RelayAntenna50'
[LOG 18:20:25.298] PartLoader: Compiling Part 'Squad/Parts/Utility/rockomaxAdapters/largeAdapter/largeAdapter'
[LOG 18:20:25.303] PartLoader: Part 'Squad/Parts/Utility/rockomaxAdapters/largeAdapter/largeAdapter' has no database record. Creating.
[LOG 18:20:25.303] [DragCubeSystem]: Drag cubes not found or cannot be read for part Part. Generating New drag cubes.
[LOG 18:20:25.303] [KSPCF/DragCubeGeneration] Creating drag cubes for part 'largeAdapter'
[LOG 18:20:25.309] PartLoader: Compiling Part 'Squad/Parts/Utility/rockomaxAdapters/largeAdapterShort/largeAdapter2'
[LOG 18:20:25.313] PartLoader: Part 'Squad/Parts/Utility/rockomaxAdapters/largeAdapterShort/largeAdapter2' has no database record. Creating.
[LOG 18:20:25.313] [DragCubeSystem]: Drag cubes not found or cannot be read for part Part. Generating New drag cubes.
[LOG 18:20:25.313] [KSPCF/DragCubeGeneration] Creating drag cubes for part 'largeAdapter2'
[LOG 18:20:25.319] PartLoader: Compiling Part 'Squad/Parts/Utility/ServiceBay_v2/ServiceBay_125_v2/ServiceBay_125_v2'
[LOG 18:20:25.325] PartLoader: Part 'Squad/Parts/Utility/ServiceBay_v2/ServiceBay_125_v2/ServiceBay_125_v2' has no database record. Creating.
[LOG 18:20:25.325] [DragCubeSystem]: Drag cubes not found or cannot be read for part Part. Generating New drag cubes.
[LOG 18:20:25.325] [KSPCF/DragCubeGeneration] Creating drag cubes for part 'ServiceBay.125.v2'
[LOG 18:20:25.342] PartLoader: Compiling Part 'Squad/Parts/Utility/ServiceBay_v2/ServiceBay_250_v2/ServiceBay_250_v2'
[LOG 18:20:25.347] PartLoader: Part 'Squad/Parts/Utility/ServiceBay_v2/ServiceBay_250_v2/ServiceBay_250_v2' has no database record. Creating.
[LOG 18:20:25.347] [DragCubeSystem]: Drag cubes not found or cannot be read for part Part. Generating New drag cubes.
[LOG 18:20:25.347] [KSPCF/DragCubeGeneration] Creating drag cubes for part 'ServiceBay.250.v2'
[LOG 18:20:25.364] PartLoader: Compiling Part 'Squad/Parts/Utility/smallClaw/smallClaw/smallClaw'
[LOG 18:20:25.372] PartLoader: Part 'Squad/Parts/Utility/smallClaw/smallClaw/smallClaw' has no database record. Creating.
[LOG 18:20:25.372] [DragCubeSystem]: Drag cubes not found or cannot be read for part Part. Generating New drag cubes.
[LOG 18:20:25.373] [KSPCF/DragCubeGeneration] Creating drag cubes for part 'smallClaw'
[LOG 18:20:25.394] PartLoader: Compiling Part 'Squad/Parts/Utility/spotLightMk1/spotLightMk1/spotLight1'
[LOG 18:20:25.399] PartLoader: Part 'Squad/Parts/Utility/spotLightMk1/spotLightMk1/spotLight1' has no database record. Creating.
[LOG 18:20:25.399] [DragCubeSystem]: Drag cubes not found or cannot be read for part Part. Generating New drag cubes.
[LOG 18:20:25.399] [KSPCF/DragCubeGeneration] Creating drag cubes for part 'spotLight1'
[LOG 18:20:25.405] PartLoader: Compiling Part 'Squad/Parts/Utility/spotLightMk1_v2/spotLightMk1_v2/spotLight1_v2'
[LOG 18:20:25.409] PartLoader: Part 'Squad/Parts/Utility/spotLightMk1_v2/spotLightMk1_v2/spotLight1_v2' has no database record. Creating.
[LOG 18:20:25.409] [DragCubeSystem]: Drag cubes not found or cannot be read for part Part. Generating New drag cubes.
[LOG 18:20:25.410] [KSPCF/DragCubeGeneration] Creating drag cubes for part 'spotLight1.v2'
[LOG 18:20:25.417] PartLoader: Compiling Part 'Squad/Parts/Utility/spotLightMk2/spotLightMk2/spotLight2'
[LOG 18:20:25.422] PartLoader: Part 'Squad/Parts/Utility/spotLightMk2/spotLightMk2/spotLight2' has no database record. Creating.
[LOG 18:20:25.422] [DragCubeSystem]: Drag cubes not found or cannot be read for part Part. Generating New drag cubes.
[LOG 18:20:25.422] [KSPCF/DragCubeGeneration] Creating drag cubes for part 'spotLight2'
[LOG 18:20:25.429] PartLoader: Compiling Part 'Squad/Parts/Utility/spotLightMk2_v2/spotLightMk2_v2/spotLight2_v2'
[LOG 18:20:25.435] PartLoader: Part 'Squad/Parts/Utility/spotLightMk2_v2/spotLightMk2_v2/spotLight2_v2' has no database record. Creating.
[LOG 18:20:25.436] [DragCubeSystem]: Drag cubes not found or cannot be read for part Part. Generating New drag cubes.
[LOG 18:20:25.436] [KSPCF/DragCubeGeneration] Creating drag cubes for part 'spotLight2.v2'
[LOG 18:20:25.441] PartLoader: Compiling Part 'Squad/Parts/Utility/stackCouplers/stackBiCoupler_v2/stackBiCoupler_v2'
[LOG 18:20:25.444] PartLoader: Part 'Squad/Parts/Utility/stackCouplers/stackBiCoupler_v2/stackBiCoupler_v2' has no database record. Creating.
[LOG 18:20:25.444] [DragCubeSystem]: Drag cubes not found or cannot be read for part Part. Generating New drag cubes.
[LOG 18:20:25.444] [KSPCF/DragCubeGeneration] Creating drag cubes for part 'stackBiCoupler.v2'
[LOG 18:20:25.450] PartLoader: Compiling Part 'Squad/Parts/Utility/stackCouplers/stackQuadCoupler/stackQuadCoupler'
[LOG 18:20:25.453] PartLoader: Part 'Squad/Parts/Utility/stackCouplers/stackQuadCoupler/stackQuadCoupler' has no database record. Creating.
[LOG 18:20:25.453] [DragCubeSystem]: Drag cubes not found or cannot be read for part Part. Generating New drag cubes.
[LOG 18:20:25.453] [KSPCF/DragCubeGeneration] Creating drag cubes for part 'stackQuadCoupler'
[LOG 18:20:25.460] PartLoader: Compiling Part 'Squad/Parts/Utility/stackCouplers/stackTriCoupler_v2/stackTriCoupler_v2'
[LOG 18:20:25.464] PartLoader: Part 'Squad/Parts/Utility/stackCouplers/stackTriCoupler_v2/stackTriCoupler_v2' has no database record. Creating.
[LOG 18:20:25.464] [DragCubeSystem]: Drag cubes not found or cannot be read for part Part. Generating New drag cubes.
[LOG 18:20:25.464] [KSPCF/DragCubeGeneration] Creating drag cubes for part 'stackTriCoupler.v2'
[LOG 18:20:25.469] PartLoader: Compiling Part 'Squad/Parts/Wheel/LandingGear/GearExtraLarge/GearLarge'
[LOG 18:20:25.488] PartLoader: Part 'Squad/Parts/Wheel/LandingGear/GearExtraLarge/GearLarge' has no database record. Creating.
[LOG 18:20:25.488] [DragCubeSystem]: Drag cubes not found or cannot be read for part Part. Generating New drag cubes.
[LOG 18:20:25.488] [KSPCF/DragCubeGeneration] Creating drag cubes for part 'GearLarge'
[LOG 18:20:25.509] PartLoader: Compiling Part 'Squad/Parts/Wheel/LandingGear/GearFixed/GearFixed'
[LOG 18:20:25.518] PartLoader: Part 'Squad/Parts/Wheel/LandingGear/GearFixed/GearFixed' has no database record. Creating.
[LOG 18:20:25.518] [DragCubeSystem]: Drag cubes not found or cannot be read for part Part. Generating New drag cubes.
[LOG 18:20:25.519] [KSPCF/DragCubeGeneration] Creating drag cubes for part 'GearFixed'
[LOG 18:20:25.524] PartLoader: Compiling Part 'Squad/Parts/Wheel/LandingGear/GearFree/GearFree'
[LOG 18:20:25.541] PartLoader: Part 'Squad/Parts/Wheel/LandingGear/GearFree/GearFree' has no database record. Creating.
[LOG 18:20:25.543] [DragCubeSystem]: Drag cubes not found or cannot be read for part Part. Generating New drag cubes.
[LOG 18:20:25.544] [KSPCF/DragCubeGeneration] Creating drag cubes for part 'GearFree'
[LOG 18:20:25.561] PartLoader: Compiling Part 'Squad/Parts/Wheel/LandingGear/GearLarge/GearMedium'
[LOG 18:20:25.575] PartLoader: Part 'Squad/Parts/Wheel/LandingGear/GearLarge/GearMedium' has no database record. Creating.
[LOG 18:20:25.575] [DragCubeSystem]: Drag cubes not found or cannot be read for part Part. Generating New drag cubes.
[LOG 18:20:25.575] [KSPCF/DragCubeGeneration] Creating drag cubes for part 'GearMedium'
[LOG 18:20:25.601] PartLoader: Compiling Part 'Squad/Parts/Wheel/LandingGear/GearMedium/GearSmall'
[LOG 18:20:25.613] PartLoader: Part 'Squad/Parts/Wheel/LandingGear/GearMedium/GearSmall' has no database record. Creating.
[LOG 18:20:25.613] [DragCubeSystem]: Drag cubes not found or cannot be read for part Part. Generating New drag cubes.
[LOG 18:20:25.613] [KSPCF/DragCubeGeneration] Creating drag cubes for part 'GearSmall'
[LOG 18:20:25.634] PartLoader: Compiling Part 'Squad/Parts/Wheel/LandingGear/GearSmall/SmallGearBay'
[LOG 18:20:25.652] PartLoader: Part 'Squad/Parts/Wheel/LandingGear/GearSmall/SmallGearBay' has no database record. Creating.
[LOG 18:20:25.652] [DragCubeSystem]: Drag cubes not found or cannot be read for part Part. Generating New drag cubes.
[LOG 18:20:25.652] [KSPCF/DragCubeGeneration] Creating drag cubes for part 'SmallGearBay'
[LOG 18:20:25.674] PartLoader: Compiling Part 'Squad/Parts/Wheel/roverWheelM1/roverWheelM1/roverWheel1'
[LOG 18:20:25.685] PartLoader: Part 'Squad/Parts/Wheel/roverWheelM1/roverWheelM1/roverWheel1' has no database record. Creating.
[LOG 18:20:25.685] [DragCubeSystem]: Drag cubes not found or cannot be read for part Part. Generating New drag cubes.
[LOG 18:20:25.685] [KSPCF/DragCubeGeneration] Creating drag cubes for part 'roverWheel1'
[LOG 18:20:25.693] PartLoader: Compiling Part 'Squad/Parts/Wheel/roverWheelS2/roverWheelS2/roverWheel2'
[LOG 18:20:25.704] PartLoader: Part 'Squad/Parts/Wheel/roverWheelS2/roverWheelS2/roverWheel2' has no database record. Creating.
[LOG 18:20:25.704] [DragCubeSystem]: Drag cubes not found or cannot be read for part Part. Generating New drag cubes.
[LOG 18:20:25.704] [KSPCF/DragCubeGeneration] Creating drag cubes for part 'roverWheel2'
[LOG 18:20:25.713] PartLoader: Compiling Part 'Squad/Parts/Wheel/roverWheelTR-2L/roverWheelTR-2L/wheelMed'
[LOG 18:20:25.723] PartLoader: Part 'Squad/Parts/Wheel/roverWheelTR-2L/roverWheelTR-2L/wheelMed' has no database record. Creating.
[LOG 18:20:25.723] [DragCubeSystem]: Drag cubes not found or cannot be read for part Part. Generating New drag cubes.
[LOG 18:20:25.723] [KSPCF/DragCubeGeneration] Creating drag cubes for part 'wheelMed'
[LOG 18:20:25.732] PartLoader: Compiling Part 'Squad/Parts/Wheel/roverWheelXL3/roverWheelXL3/roverWheel3'
[LOG 18:20:25.746] PartLoader: Part 'Squad/Parts/Wheel/roverWheelXL3/roverWheelXL3/roverWheel3' has no database record. Creating.
[LOG 18:20:25.746] [DragCubeSystem]: Drag cubes not found or cannot be read for part Part. Generating New drag cubes.
[LOG 18:20:25.746] [KSPCF/DragCubeGeneration] Creating drag cubes for part 'roverWheel3'
[LOG 18:20:25.753] PartLoader: Compiling Part 'SquadExpansion/MakingHistory/Parts/Aero/protectiveRocketNoseMk16/rocketNoseCone_size4/rocketNoseConeSize4'
[LOG 18:20:25.756] PartLoader: Part 'SquadExpansion/MakingHistory/Parts/Aero/protectiveRocketNoseMk16/rocketNoseCone_size4/rocketNoseConeSize4' has no database record. Creating.
[LOG 18:20:25.756] [DragCubeSystem]: Drag cubes not found or cannot be read for part Part. Generating New drag cubes.
[LOG 18:20:25.756] [KSPCF/DragCubeGeneration] Creating drag cubes for part 'rocketNoseConeSize4'
[LOG 18:20:25.761] PartLoader: Compiling Part 'SquadExpansion/MakingHistory/Parts/Aero/protectiveRocketNoseMk5A/Size_1_5_Cone/Size_1_5_Cone'
[LOG 18:20:25.767] PartLoader: Part 'SquadExpansion/MakingHistory/Parts/Aero/protectiveRocketNoseMk5A/Size_1_5_Cone/Size_1_5_Cone' has no database record. Creating.
[LOG 18:20:25.767] [DragCubeSystem]: Drag cubes not found or cannot be read for part Part. Generating New drag cubes.
[LOG 18:20:25.767] [KSPCF/DragCubeGeneration] Creating drag cubes for part 'Size.1.5.Cone'
[LOG 18:20:25.772] PartLoader: Compiling Part 'SquadExpansion/MakingHistory/Parts/Coupling/Decoupler_1p5/Decoupler_1p5'
[LOG 18:20:25.778] PartLoader: Part 'SquadExpansion/MakingHistory/Parts/Coupling/Decoupler_1p5/Decoupler_1p5' has no database record. Creating.
[LOG 18:20:25.780] PartLoader: Compiling Part 'SquadExpansion/MakingHistory/Parts/Coupling/Decoupler_4/Decoupler_4'
[LOG 18:20:25.785] PartLoader: Part 'SquadExpansion/MakingHistory/Parts/Coupling/Decoupler_4/Decoupler_4' has no database record. Creating.
[LOG 18:20:25.785] PartLoader: Compiling Part 'SquadExpansion/MakingHistory/Parts/Coupling/EnginePlate_1p5/EnginePlate1p5'
[LOG 18:20:25.795] PartLoader: Part 'SquadExpansion/MakingHistory/Parts/Coupling/EnginePlate_1p5/EnginePlate1p5' has no database record. Creating.
[LOG 18:20:25.795] [DragCubeSystem]: Drag cubes not found or cannot be read for part Part. Generating New drag cubes.
[LOG 18:20:25.795] [KSPCF/DragCubeGeneration] Part 'EnginePlate1p5' has defined a procedural drag cube setup
[LOG 18:20:25.795] PartLoader: Compiling Part 'SquadExpansion/MakingHistory/Parts/Coupling/EnginePlate_2/EnginePlate2'
[LOG 18:20:25.801] PartLoader: Part 'SquadExpansion/MakingHistory/Parts/Coupling/EnginePlate_2/EnginePlate2' has no database record. Creating.
[LOG 18:20:25.801] [DragCubeSystem]: Drag cubes not found or cannot be read for part Part. Generating New drag cubes.
[LOG 18:20:25.801] [KSPCF/DragCubeGeneration] Part 'EnginePlate2' has defined a procedural drag cube setup
[LOG 18:20:25.801] PartLoader: Compiling Part 'SquadExpansion/MakingHistory/Parts/Coupling/EnginePlate_3/EnginePlate3'
[LOG 18:20:25.807] PartLoader: Part 'SquadExpansion/MakingHistory/Parts/Coupling/EnginePlate_3/EnginePlate3' has no database record. Creating.
[LOG 18:20:25.807] [DragCubeSystem]: Drag cubes not found or cannot be read for part Part. Generating New drag cubes.
[LOG 18:20:25.807] [KSPCF/DragCubeGeneration] Part 'EnginePlate3' has defined a procedural drag cube setup
[LOG 18:20:25.807] PartLoader: Compiling Part 'SquadExpansion/MakingHistory/Parts/Coupling/EnginePlate_4/EnginePlate4'
[LOG 18:20:25.814] PartLoader: Part 'SquadExpansion/MakingHistory/Parts/Coupling/EnginePlate_4/EnginePlate4' has no database record. Creating.
[LOG 18:20:25.814] [DragCubeSystem]: Drag cubes not found or cannot be read for part Part. Generating New drag cubes.
[LOG 18:20:25.815] [KSPCF/DragCubeGeneration] Part 'EnginePlate4' has defined a procedural drag cube setup
[LOG 18:20:25.815] PartLoader: Compiling Part 'SquadExpansion/MakingHistory/Parts/Coupling/EnginePlate_5/EnginePlate5'
[LOG 18:20:25.828] PartLoader: Part 'SquadExpansion/MakingHistory/Parts/Coupling/EnginePlate_5/EnginePlate5' has no database record. Creating.
[LOG 18:20:25.828] [DragCubeSystem]: Drag cubes not found or cannot be read for part Part. Generating New drag cubes.
[LOG 18:20:25.828] [KSPCF/DragCubeGeneration] Part 'EnginePlate5' has defined a procedural drag cube setup
[LOG 18:20:25.829] PartLoader: Compiling Part 'SquadExpansion/MakingHistory/Parts/Coupling/InflatableAirlock/InflatableAirlock'
[LOG 18:20:25.835] PartLoader: Part 'SquadExpansion/MakingHistory/Parts/Coupling/InflatableAirlock/InflatableAirlock' has no database record. Creating.
[LOG 18:20:25.835] [DragCubeSystem]: Drag cubes not found or cannot be read for part Part. Generating New drag cubes.
[LOG 18:20:25.835] [KSPCF/DragCubeGeneration] Creating drag cubes for part 'InflatableAirlock'
[LOG 18:20:25.853] PartLoader: Compiling Part 'SquadExpansion/MakingHistory/Parts/Coupling/Separator_1p5/Separator_1p5'
[LOG 18:20:25.861] PartLoader: Part 'SquadExpansion/MakingHistory/Parts/Coupling/Separator_1p5/Separator_1p5' has no database record. Creating.
[LOG 18:20:25.862] PartLoader: Compiling Part 'SquadExpansion/MakingHistory/Parts/Coupling/Separator_4/Separator_4'
[LOG 18:20:25.866] PartLoader: Part 'SquadExpansion/MakingHistory/Parts/Coupling/Separator_4/Separator_4' has no database record. Creating.
[LOG 18:20:25.866] PartLoader: Compiling Part 'SquadExpansion/MakingHistory/Parts/Coupling/Size1p5_Strut_Decoupler/Size1p5_Strut_Decoupler'
[LOG 18:20:25.871] PartLoader: Part 'SquadExpansion/MakingHistory/Parts/Coupling/Size1p5_Strut_Decoupler/Size1p5_Strut_Decoupler' has no database record. Creating.
[LOG 18:20:25.871] PartLoader: Compiling Part 'SquadExpansion/MakingHistory/Parts/Engine/LiquidEngineKE-1/LiquidEngineKE-1'
[LOG 18:20:25.881] PartLoader: Part 'SquadExpansion/MakingHistory/Parts/Engine/LiquidEngineKE-1/LiquidEngineKE-1' has no database record. Creating.
[LOG 18:20:25.881] [DragCubeSystem]: Drag cubes not found or cannot be read for part Part. Generating New drag cubes.
[LOG 18:20:25.881] [KSPCF/DragCubeGeneration] Creating drag cubes for part 'LiquidEngineKE-1'
[LOG 18:20:25.928] PartLoader: Compiling Part 'SquadExpansion/MakingHistory/Parts/Engine/LiquidEngineLV-T91/LiquidEngineLV-T91'
[LOG 18:20:25.937] PartLoader: Part 'SquadExpansion/MakingHistory/Parts/Engine/LiquidEngineLV-T91/LiquidEngineLV-T91' has no database record. Creating.
[LOG 18:20:25.937] [DragCubeSystem]: Drag cubes not found or cannot be read for part Part. Generating New drag cubes.
[LOG 18:20:25.937] [KSPCF/DragCubeGeneration] Creating drag cubes for part 'LiquidEngineLV-T91'
[LOG 18:20:25.971] PartLoader: Compiling Part 'SquadExpansion/MakingHistory/Parts/Engine/LiquidEngineLV-TX87/LiquidEngineLV-TX87'
[LOG 18:20:25.985] PartLoader: Part 'SquadExpansion/MakingHistory/Parts/Engine/LiquidEngineLV-TX87/LiquidEngineLV-TX87' has no database record. Creating.
[LOG 18:20:25.985] [DragCubeSystem]: Drag cubes not found or cannot be read for part Part. Generating New drag cubes.
[LOG 18:20:25.985] [KSPCF/DragCubeGeneration] Creating drag cubes for part 'LiquidEngineLV-TX87'
[LOG 18:20:26.028] PartLoader: Compiling Part 'SquadExpansion/MakingHistory/Parts/Engine/LiquidEngineRE-I2/LiquidEngineRE-I2'
[LOG 18:20:26.043] PartLoader: Part 'SquadExpansion/MakingHistory/Parts/Engine/LiquidEngineRE-I2/LiquidEngineRE-I2' has no database record. Creating.
[LOG 18:20:26.043] [DragCubeSystem]: Drag cubes not found or cannot be read for part Part. Generating New drag cubes.
[LOG 18:20:26.043] [KSPCF/DragCubeGeneration] Creating drag cubes for part 'LiquidEngineRE-I2'
[LOG 18:20:26.082] PartLoader: Compiling Part 'SquadExpansion/MakingHistory/Parts/Engine/LiquidEngineRE-J10/LiquidEngineRE-J10'
[LOG 18:20:26.091] PartLoader: Part 'SquadExpansion/MakingHistory/Parts/Engine/LiquidEngineRE-J10/LiquidEngineRE-J10' has no database record. Creating.
[LOG 18:20:26.091] [DragCubeSystem]: Drag cubes not found or cannot be read for part Part. Generating New drag cubes.
[LOG 18:20:26.091] [KSPCF/DragCubeGeneration] Creating drag cubes for part 'LiquidEngineRE-J10'
[LOG 18:20:26.126] PartLoader: Compiling Part 'SquadExpansion/MakingHistory/Parts/Engine/LiquidEngineRK-7/LiquidEngineRK-7'
[LOG 18:20:26.134] PartLoader: Part 'SquadExpansion/MakingHistory/Parts/Engine/LiquidEngineRK-7/LiquidEngineRK-7' has no database record. Creating.
[LOG 18:20:26.135] [DragCubeSystem]: Drag cubes not found or cannot be read for part Part. Generating New drag cubes.
[LOG 18:20:26.135] [KSPCF/DragCubeGeneration] Creating drag cubes for part 'LiquidEngineRK-7'
[LOG 18:20:26.177] PartLoader: Compiling Part 'SquadExpansion/MakingHistory/Parts/Engine/LiquidEngineRV-1/LiquidEngineRV-1'
[LOG 18:20:26.183] PartLoader: Part 'SquadExpansion/MakingHistory/Parts/Engine/LiquidEngineRV-1/LiquidEngineRV-1' has no database record. Creating.
[LOG 18:20:26.183] [DragCubeSystem]: Drag cubes not found or cannot be read for part Part. Generating New drag cubes.
[LOG 18:20:26.183] [KSPCF/DragCubeGeneration] Creating drag cubes for part 'LiquidEngineRV-1'
[LOG 18:20:26.190] PartLoader: Compiling Part 'SquadExpansion/MakingHistory/Parts/Engine/solidBoosterTHK/solidBoosterTHK/Pollux'
[LOG 18:20:26.195] PartLoader: Part 'SquadExpansion/MakingHistory/Parts/Engine/solidBoosterTHK/solidBoosterTHK/Pollux' has no database record. Creating.
[LOG 18:20:26.195] [DragCubeSystem]: Drag cubes not found or cannot be read for part Part. Generating New drag cubes.
[LOG 18:20:26.195] [KSPCF/DragCubeGeneration] Creating drag cubes for part 'Pollux'
[LOG 18:20:26.203] PartLoader: Compiling Part 'SquadExpansion/MakingHistory/Parts/FuelTank/MonoPropMini/monopropMiniSphere'
[LOG 18:20:26.206] PartLoader: Part 'SquadExpansion/MakingHistory/Parts/FuelTank/MonoPropMini/monopropMiniSphere' has no database record. Creating.
[LOG 18:20:26.206] [DragCubeSystem]: Drag cubes not found or cannot be read for part Part. Generating New drag cubes.
[LOG 18:20:26.206] [KSPCF/DragCubeGeneration] Creating drag cubes for part 'monopropMiniSphere'
[LOG 18:20:26.213] PartLoader: Compiling Part 'SquadExpansion/MakingHistory/Parts/FuelTank/Size1p5_Monoprop/Size1p5_Monoprop'
[LOG 18:20:26.218] PartLoader: Part 'SquadExpansion/MakingHistory/Parts/FuelTank/Size1p5_Monoprop/Size1p5_Monoprop' has no database record. Creating.
[LOG 18:20:26.218] [DragCubeSystem]: Drag cubes not found or cannot be read for part Part. Generating New drag cubes.
[LOG 18:20:26.218] [KSPCF/DragCubeGeneration] Creating drag cubes for part 'Size1p5.Monoprop'
[LOG 18:20:26.224] PartLoader: Compiling Part 'SquadExpansion/MakingHistory/Parts/FuelTank/Size1p5_Size0_Adapter_01/Size1p5_Size0_Adapter_01'
[LOG 18:20:26.228] PartLoader: Part 'SquadExpansion/MakingHistory/Parts/FuelTank/Size1p5_Size0_Adapter_01/Size1p5_Size0_Adapter_01' has no database record. Creating.
[LOG 18:20:26.228] [DragCubeSystem]: Drag cubes not found or cannot be read for part Part. Generating New drag cubes.
[LOG 18:20:26.228] [KSPCF/DragCubeGeneration] Creating drag cubes for part 'Size1p5.Size0.Adapter.01'
[LOG 18:20:26.267] PartLoader: Compiling Part 'SquadExpansion/MakingHistory/Parts/FuelTank/Size1p5_Size1_Adapter_01/Size1p5_Size1_Adapter_01'
[LOG 18:20:26.272] PartLoader: Part 'SquadExpansion/MakingHistory/Parts/FuelTank/Size1p5_Size1_Adapter_01/Size1p5_Size1_Adapter_01' has no database record. Creating.
[LOG 18:20:26.272] [DragCubeSystem]: Drag cubes not found or cannot be read for part Part. Generating New drag cubes.
[LOG 18:20:26.272] [KSPCF/DragCubeGeneration] Creating drag cubes for part 'Size1p5.Size1.Adapter.01'
[LOG 18:20:26.283] PartLoader: Compiling Part 'SquadExpansion/MakingHistory/Parts/FuelTank/Size1p5_Size1_Adapter_02/Size1p5_Size1_Adapter_02'
[LOG 18:20:26.290] PartLoader: Part 'SquadExpansion/MakingHistory/Parts/FuelTank/Size1p5_Size1_Adapter_02/Size1p5_Size1_Adapter_02' has no database record. Creating.
[LOG 18:20:26.290] [DragCubeSystem]: Drag cubes not found or cannot be read for part Part. Generating New drag cubes.
[LOG 18:20:26.290] [KSPCF/DragCubeGeneration] Creating drag cubes for part 'Size1p5.Size1.Adapter.02'
[LOG 18:20:26.296] PartLoader: Compiling Part 'SquadExpansion/MakingHistory/Parts/FuelTank/Size1p5_Size2_Adapter_01/Size1p5_Size2_Adapter_01'
[LOG 18:20:26.302] PartLoader: Part 'SquadExpansion/MakingHistory/Parts/FuelTank/Size1p5_Size2_Adapter_01/Size1p5_Size2_Adapter_01' has no database record. Creating.
[LOG 18:20:26.349] [DragCubeSystem]: Drag cubes not found or cannot be read for part Part. Generating New drag cubes.
[LOG 18:20:26.349] [KSPCF/DragCubeGeneration] Creating drag cubes for part 'Size1p5.Size2.Adapter.01'
[LOG 18:20:26.357] PartLoader: Compiling Part 'SquadExpansion/MakingHistory/Parts/FuelTank/Size1p5_Tank_01/Size1p5_Tank_01'
[LOG 18:20:26.361] PartLoader: Part 'SquadExpansion/MakingHistory/Parts/FuelTank/Size1p5_Tank_01/Size1p5_Tank_01' has no database record. Creating.
[LOG 18:20:26.361] [DragCubeSystem]: Drag cubes not found or cannot be read for part Part. Generating New drag cubes.
[LOG 18:20:26.361] [KSPCF/DragCubeGeneration] Creating drag cubes for part 'Size1p5.Tank.01'
[LOG 18:20:26.368] PartLoader: Compiling Part 'SquadExpansion/MakingHistory/Parts/FuelTank/Size1p5_Tank_02/Size1p5_Tank_02'
[LOG 18:20:26.371] PartLoader: Part 'SquadExpansion/MakingHistory/Parts/FuelTank/Size1p5_Tank_02/Size1p5_Tank_02' has no database record. Creating.
[LOG 18:20:26.371] [DragCubeSystem]: Drag cubes not found or cannot be read for part Part. Generating New drag cubes.
[LOG 18:20:26.371] [KSPCF/DragCubeGeneration] Creating drag cubes for part 'Size1p5.Tank.02'
[LOG 18:20:26.378] PartLoader: Compiling Part 'SquadExpansion/MakingHistory/Parts/FuelTank/Size1p5_Tank_03/Size1p5_Tank_03'
[LOG 18:20:26.382] PartLoader: Part 'SquadExpansion/MakingHistory/Parts/FuelTank/Size1p5_Tank_03/Size1p5_Tank_03' has no database record. Creating.
[LOG 18:20:26.382] [DragCubeSystem]: Drag cubes not found or cannot be read for part Part. Generating New drag cubes.
[LOG 18:20:26.384] [KSPCF/DragCubeGeneration] Creating drag cubes for part 'Size1p5.Tank.03'
[LOG 18:20:26.392] PartLoader: Compiling Part 'SquadExpansion/MakingHistory/Parts/FuelTank/Size1p5_Tank_04/Size1p5_Tank_04'
[LOG 18:20:26.397] PartLoader: Part 'SquadExpansion/MakingHistory/Parts/FuelTank/Size1p5_Tank_04/Size1p5_Tank_04' has no database record. Creating.
[LOG 18:20:26.397] [DragCubeSystem]: Drag cubes not found or cannot be read for part Part. Generating New drag cubes.
[LOG 18:20:26.397] [KSPCF/DragCubeGeneration] Creating drag cubes for part 'Size1p5.Tank.04'
[LOG 18:20:26.403] PartLoader: Compiling Part 'SquadExpansion/MakingHistory/Parts/FuelTank/Size1p5_Tank_05/Size1p5_Tank_05'
[LOG 18:20:26.412] PartLoader: Part 'SquadExpansion/MakingHistory/Parts/FuelTank/Size1p5_Tank_05/Size1p5_Tank_05' has no database record. Creating.
[LOG 18:20:26.412] [DragCubeSystem]: Drag cubes not found or cannot be read for part Part. Generating New drag cubes.
[LOG 18:20:26.412] [KSPCF/DragCubeGeneration] Creating drag cubes for part 'Size1p5.Tank.05'
[LOG 18:20:26.423] PartLoader: Compiling Part 'SquadExpansion/MakingHistory/Parts/FuelTank/Size3_Size4_Adapter_01/Size3_Size4_Adapter_01'
[LOG 18:20:26.427] PartLoader: Part 'SquadExpansion/MakingHistory/Parts/FuelTank/Size3_Size4_Adapter_01/Size3_Size4_Adapter_01' has no database record. Creating.
[LOG 18:20:26.427] [DragCubeSystem]: Drag cubes not found or cannot be read for part Part. Generating New drag cubes.
[LOG 18:20:26.427] [KSPCF/DragCubeGeneration] Creating drag cubes for part 'Size3.Size4.Adapter.01'
[LOG 18:20:26.434] PartLoader: Compiling Part 'SquadExpansion/MakingHistory/Parts/FuelTank/Size4_EngineAdapter_01/Size4_EngineAdapter_01'
[LOG 18:20:26.437] PartLoader: Part 'SquadExpansion/MakingHistory/Parts/FuelTank/Size4_EngineAdapter_01/Size4_EngineAdapter_01' has no database record. Creating.
[LOG 18:20:26.437] [DragCubeSystem]: Drag cubes not found or cannot be read for part Part. Generating New drag cubes.
[LOG 18:20:26.438] [KSPCF/DragCubeGeneration] Creating drag cubes for part 'Size4.EngineAdapter.01'
[LOG 18:20:26.444] PartLoader: Compiling Part 'SquadExpansion/MakingHistory/Parts/FuelTank/Size4_Tank_01/Size4_Tank_01'
[LOG 18:20:26.446] PartLoader: Part 'SquadExpansion/MakingHistory/Parts/FuelTank/Size4_Tank_01/Size4_Tank_01' has no database record. Creating.
[LOG 18:20:26.446] [DragCubeSystem]: Drag cubes not found or cannot be read for part Part. Generating New drag cubes.
[LOG 18:20:26.446] [KSPCF/DragCubeGeneration] Creating drag cubes for part 'Size4.Tank.01'
[LOG 18:20:26.452] PartLoader: Compiling Part 'SquadExpansion/MakingHistory/Parts/FuelTank/Size4_Tank_02/Size4_Tank_02'
[LOG 18:20:26.457] PartLoader: Part 'SquadExpansion/MakingHistory/Parts/FuelTank/Size4_Tank_02/Size4_Tank_02' has no database record. Creating.
[LOG 18:20:26.457] [DragCubeSystem]: Drag cubes not found or cannot be read for part Part. Generating New drag cubes.
[LOG 18:20:26.457] [KSPCF/DragCubeGeneration] Creating drag cubes for part 'Size4.Tank.02'
[LOG 18:20:26.464] PartLoader: Compiling Part 'SquadExpansion/MakingHistory/Parts/FuelTank/Size4_Tank_03/Size4_Tank_03'
[LOG 18:20:26.467] PartLoader: Part 'SquadExpansion/MakingHistory/Parts/FuelTank/Size4_Tank_03/Size4_Tank_03' has no database record. Creating.
[LOG 18:20:26.467] [DragCubeSystem]: Drag cubes not found or cannot be read for part Part. Generating New drag cubes.
[LOG 18:20:26.467] [KSPCF/DragCubeGeneration] Creating drag cubes for part 'Size4.Tank.03'
[LOG 18:20:26.473] PartLoader: Compiling Part 'SquadExpansion/MakingHistory/Parts/FuelTank/Size4_Tank_04/Size4_Tank_04'
[LOG 18:20:26.475] PartLoader: Part 'SquadExpansion/MakingHistory/Parts/FuelTank/Size4_Tank_04/Size4_Tank_04' has no database record. Creating.
[LOG 18:20:26.475] [DragCubeSystem]: Drag cubes not found or cannot be read for part Part. Generating New drag cubes.
[LOG 18:20:26.475] [KSPCF/DragCubeGeneration] Creating drag cubes for part 'Size4.Tank.04'
[LOG 18:20:26.486] PartLoader: Compiling Part 'SquadExpansion/MakingHistory/Parts/Ground/RoverWheel/roverWheelM1-F'
[LOG 18:20:26.496] PartLoader: Part 'SquadExpansion/MakingHistory/Parts/Ground/RoverWheel/roverWheelM1-F' has no database record. Creating.
[LOG 18:20:26.496] [DragCubeSystem]: Drag cubes not found or cannot be read for part Part. Generating New drag cubes.
[LOG 18:20:26.496] [KSPCF/DragCubeGeneration] Creating drag cubes for part 'roverWheelM1-F'
[LOG 18:20:26.517] PartLoader: Compiling Part 'SquadExpansion/MakingHistory/Parts/Payload/fairingSize1p5/fairingSize1p5'
[LOG 18:20:26.528] PartLoader: Part 'SquadExpansion/MakingHistory/Parts/Payload/fairingSize1p5/fairingSize1p5' has no database record. Creating.
[LOG 18:20:26.528] [DragCubeSystem]: Drag cubes not found or cannot be read for part Part. Generating New drag cubes.
[LOG 18:20:26.528] [KSPCF/DragCubeGeneration] Creating drag cubes for part 'fairingSize1p5'
[LOG 18:20:26.535] PartLoader: Compiling Part 'SquadExpansion/MakingHistory/Parts/Payload/fairingSize4/fairingSize4'
[LOG 18:20:26.546] PartLoader: Part 'SquadExpansion/MakingHistory/Parts/Payload/fairingSize4/fairingSize4' has no database record. Creating.
[LOG 18:20:26.546] [DragCubeSystem]: Drag cubes not found or cannot be read for part Part. Generating New drag cubes.
[LOG 18:20:26.546] [KSPCF/DragCubeGeneration] Creating drag cubes for part 'fairingSize4'
[LOG 18:20:26.551] PartLoader: Compiling Part 'SquadExpansion/MakingHistory/Parts/Payload/Size1to0ServiceModule/Size1to0ServiceModule'
[LOG 18:20:26.559] PartLoader: Part 'SquadExpansion/MakingHistory/Parts/Payload/Size1to0ServiceModule/Size1to0ServiceModule' has no database record. Creating.
[LOG 18:20:26.559] [DragCubeSystem]: Drag cubes not found or cannot be read for part Part. Generating New drag cubes.
[LOG 18:20:26.559] [KSPCF/DragCubeGeneration] Part 'Size1to0ServiceModule' has defined a procedural drag cube setup
[LOG 18:20:26.560] PartLoader: Compiling Part 'SquadExpansion/MakingHistory/Parts/Payload/SM18/ServiceModule18'
[LOG 18:20:26.566] PartLoader: Part 'SquadExpansion/MakingHistory/Parts/Payload/SM18/ServiceModule18' has no database record. Creating.
[LOG 18:20:26.566] [DragCubeSystem]: Drag cubes not found or cannot be read for part Part. Generating New drag cubes.
[LOG 18:20:26.566] [KSPCF/DragCubeGeneration] Part 'ServiceModule18' has defined a procedural drag cube setup
[LOG 18:20:26.566] PartLoader: Compiling Part 'SquadExpansion/MakingHistory/Parts/Payload/SM25/ServiceModule25'
[LOG 18:20:26.571] PartLoader: Part 'SquadExpansion/MakingHistory/Parts/Payload/SM25/ServiceModule25' has no database record. Creating.
[LOG 18:20:26.571] [DragCubeSystem]: Drag cubes not found or cannot be read for part Part. Generating New drag cubes.
[LOG 18:20:26.571] [KSPCF/DragCubeGeneration] Part 'ServiceModule25' has defined a procedural drag cube setup
[LOG 18:20:26.572] PartLoader: Compiling Part 'SquadExpansion/MakingHistory/Parts/Pods/KV1Pod/kv1Pod'
[WRN 18:20:26.575] [Part]: Cannot have ModuleCargoPart and ModuleInventoryPart on same Part [kv1Pod'. Removed ModuleCargoPart
[LOG 18:20:26.579] PartLoader: Part 'SquadExpansion/MakingHistory/Parts/Pods/KV1Pod/kv1Pod' has no database record. Creating.
[LOG 18:20:26.581] PartLoader: Compiling Part 'SquadExpansion/MakingHistory/Parts/Pods/KV2Pod/kv2Pod'
[WRN 18:20:26.587] [Part]: Cannot have ModuleCargoPart and ModuleInventoryPart on same Part [kv2Pod'. Removed ModuleCargoPart
[LOG 18:20:26.593] PartLoader: Part 'SquadExpansion/MakingHistory/Parts/Pods/KV2Pod/kv2Pod' has no database record. Creating.
[LOG 18:20:26.596] PartLoader: Compiling Part 'SquadExpansion/MakingHistory/Parts/Pods/KV3Pod/kv3Pod'
[WRN 18:20:26.600] [Part]: Cannot have ModuleCargoPart and ModuleInventoryPart on same Part [kv3Pod'. Removed ModuleCargoPart
[LOG 18:20:26.604] PartLoader: Part 'SquadExpansion/MakingHistory/Parts/Pods/KV3Pod/kv3Pod' has no database record. Creating.
[LOG 18:20:26.606] PartLoader: Compiling Part 'SquadExpansion/MakingHistory/Parts/Pods/Mk2Pod/Mk2Pod'
[WRN 18:20:26.609] [Part]: Cannot have ModuleCargoPart and ModuleInventoryPart on same Part [Mk2Pod'. Removed ModuleCargoPart
[LOG 18:20:26.613] PartLoader: Part 'SquadExpansion/MakingHistory/Parts/Pods/Mk2Pod/Mk2Pod' has no database record. Creating.
[LOG 18:20:26.613] [DragCubeSystem]: Drag cubes not found or cannot be read for part Part. Generating New drag cubes.
[LOG 18:20:26.613] [KSPCF/DragCubeGeneration] Creating drag cubes for part 'Mk2Pod'
[LOG 18:20:26.621] PartLoader: Compiling Part 'SquadExpansion/MakingHistory/Parts/Pods/Size1_5_Lander/MEMLander'
[WRN 18:20:26.628] [Part]: Cannot add ModuleCargoPart as this Part 'MEMLander' already has a ModuleInventoryPart PartModule and they are mutually exclusive.
[LOG 18:20:26.637] PartLoader: Part 'SquadExpansion/MakingHistory/Parts/Pods/Size1_5_Lander/MEMLander' has no database record. Creating.
[LOG 18:20:26.637] [DragCubeSystem]: Drag cubes not found or cannot be read for part Part. Generating New drag cubes.
[LOG 18:20:26.637] [KSPCF/DragCubeGeneration] Creating drag cubes for part 'MEMLander'
[LOG 18:20:26.645] PartLoader: Compiling Part 'SquadExpansion/MakingHistory/Parts/Prebuilt/kerbalEVAfemaleVintage/kerbalEVAfemaleVintage'
[LOG 18:20:26.652] PartLoader: Compiling Part 'SquadExpansion/MakingHistory/Parts/Prebuilt/kerbalEVAVintage/kerbalEVAVintage'
[LOG 18:20:26.659] PartLoader: Compiling Part 'SquadExpansion/MakingHistory/Parts/Structural/EquiTriangle0/EquiTriangle0'
[LOG 18:20:26.666] PartLoader: Part 'SquadExpansion/MakingHistory/Parts/Structural/EquiTriangle0/EquiTriangle0' has no database record. Creating.
[LOG 18:20:26.666] [DragCubeSystem]: Drag cubes not found or cannot be read for part Part. Generating New drag cubes.
[LOG 18:20:26.666] [KSPCF/DragCubeGeneration] Creating drag cubes for part 'EquiTriangle0'
[LOG 18:20:26.672] PartLoader: Compiling Part 'SquadExpansion/MakingHistory/Parts/Structural/EquiTriangle1/EquiTriangle1'
[LOG 18:20:26.677] PartLoader: Part 'SquadExpansion/MakingHistory/Parts/Structural/EquiTriangle1/EquiTriangle1' has no database record. Creating.
[LOG 18:20:26.677] [DragCubeSystem]: Drag cubes not found or cannot be read for part Part. Generating New drag cubes.
[LOG 18:20:26.677] [KSPCF/DragCubeGeneration] Creating drag cubes for part 'EquiTriangle1'
[LOG 18:20:26.682] PartLoader: Compiling Part 'SquadExpansion/MakingHistory/Parts/Structural/EquiTriangle1p5/EquiTriangle1p5'
[LOG 18:20:26.686] PartLoader: Part 'SquadExpansion/MakingHistory/Parts/Structural/EquiTriangle1p5/EquiTriangle1p5' has no database record. Creating.
[LOG 18:20:26.686] [DragCubeSystem]: Drag cubes not found or cannot be read for part Part. Generating New drag cubes.
[LOG 18:20:26.686] [KSPCF/DragCubeGeneration] Creating drag cubes for part 'EquiTriangle1p5'
[LOG 18:20:26.692] PartLoader: Compiling Part 'SquadExpansion/MakingHistory/Parts/Structural/EquiTriangle2/EquiTriangle2'
[LOG 18:20:26.698] PartLoader: Part 'SquadExpansion/MakingHistory/Parts/Structural/EquiTriangle2/EquiTriangle2' has no database record. Creating.
[LOG 18:20:26.698] [DragCubeSystem]: Drag cubes not found or cannot be read for part Part. Generating New drag cubes.
[LOG 18:20:26.699] [KSPCF/DragCubeGeneration] Creating drag cubes for part 'EquiTriangle2'
[LOG 18:20:26.705] PartLoader: Compiling Part 'SquadExpansion/MakingHistory/Parts/Structural/Panel0/Panel0'
[LOG 18:20:26.708] PartLoader: Part 'SquadExpansion/MakingHistory/Parts/Structural/Panel0/Panel0' has no database record. Creating.
[LOG 18:20:26.708] [DragCubeSystem]: Drag cubes not found or cannot be read for part Part. Generating New drag cubes.
[LOG 18:20:26.708] [KSPCF/DragCubeGeneration] Creating drag cubes for part 'Panel0'
[LOG 18:20:26.714] PartLoader: Compiling Part 'SquadExpansion/MakingHistory/Parts/Structural/Panel1/Panel1'
[LOG 18:20:26.717] PartLoader: Part 'SquadExpansion/MakingHistory/Parts/Structural/Panel1/Panel1' has no database record. Creating.
[LOG 18:20:26.717] [DragCubeSystem]: Drag cubes not found or cannot be read for part Part. Generating New drag cubes.
[LOG 18:20:26.718] [KSPCF/DragCubeGeneration] Creating drag cubes for part 'Panel1'
[LOG 18:20:26.724] PartLoader: Compiling Part 'SquadExpansion/MakingHistory/Parts/Structural/Panel1p5/Panel1p5'
[LOG 18:20:26.728] PartLoader: Part 'SquadExpansion/MakingHistory/Parts/Structural/Panel1p5/Panel1p5' has no database record. Creating.
[LOG 18:20:26.728] [DragCubeSystem]: Drag cubes not found or cannot be read for part Part. Generating New drag cubes.
[LOG 18:20:26.728] [KSPCF/DragCubeGeneration] Creating drag cubes for part 'Panel1p5'
[LOG 18:20:26.735] PartLoader: Compiling Part 'SquadExpansion/MakingHistory/Parts/Structural/Panel2/Panel2'
[LOG 18:20:26.740] PartLoader: Part 'SquadExpansion/MakingHistory/Parts/Structural/Panel2/Panel2' has no database record. Creating.
[LOG 18:20:26.740] [DragCubeSystem]: Drag cubes not found or cannot be read for part Part. Generating New drag cubes.
[LOG 18:20:26.740] [KSPCF/DragCubeGeneration] Creating drag cubes for part 'Panel2'
[LOG 18:20:26.746] PartLoader: Compiling Part 'SquadExpansion/MakingHistory/Parts/Structural/Triangle0/Triangle0'
[LOG 18:20:26.752] PartLoader: Part 'SquadExpansion/MakingHistory/Parts/Structural/Triangle0/Triangle0' has no database record. Creating.
[LOG 18:20:26.752] [DragCubeSystem]: Drag cubes not found or cannot be read for part Part. Generating New drag cubes.
[LOG 18:20:26.753] [KSPCF/DragCubeGeneration] Creating drag cubes for part 'Triangle0'
[LOG 18:20:26.759] PartLoader: Compiling Part 'SquadExpansion/MakingHistory/Parts/Structural/Triangle1/Triangle1'
[LOG 18:20:26.762] PartLoader: Part 'SquadExpansion/MakingHistory/Parts/Structural/Triangle1/Triangle1' has no database record. Creating.
[LOG 18:20:26.762] [DragCubeSystem]: Drag cubes not found or cannot be read for part Part. Generating New drag cubes.
[LOG 18:20:26.762] [KSPCF/DragCubeGeneration] Creating drag cubes for part 'Triangle1'
[LOG 18:20:26.769] PartLoader: Compiling Part 'SquadExpansion/MakingHistory/Parts/Structural/Triangle1p5/Triangle1p5'
[LOG 18:20:26.774] PartLoader: Part 'SquadExpansion/MakingHistory/Parts/Structural/Triangle1p5/Triangle1p5' has no database record. Creating.
[LOG 18:20:26.775] [DragCubeSystem]: Drag cubes not found or cannot be read for part Part. Generating New drag cubes.
[LOG 18:20:26.775] [KSPCF/DragCubeGeneration] Creating drag cubes for part 'Triangle1p5'
[LOG 18:20:26.781] PartLoader: Compiling Part 'SquadExpansion/MakingHistory/Parts/Structural/Triangle2/Triangle2'
[LOG 18:20:26.787] PartLoader: Part 'SquadExpansion/MakingHistory/Parts/Structural/Triangle2/Triangle2' has no database record. Creating.
[LOG 18:20:26.787] [DragCubeSystem]: Drag cubes not found or cannot be read for part Part. Generating New drag cubes.
[LOG 18:20:26.787] [KSPCF/DragCubeGeneration] Creating drag cubes for part 'Triangle2'
[LOG 18:20:26.792] PartLoader: Compiling Part 'SquadExpansion/MakingHistory/Parts/Structural/Tube1/Tube1'
[LOG 18:20:26.797] PartLoader: Part 'SquadExpansion/MakingHistory/Parts/Structural/Tube1/Tube1' has no database record. Creating.
[LOG 18:20:26.798] PartLoader: Compiling Part 'SquadExpansion/MakingHistory/Parts/Structural/Tube1p5/Tube1p5'
[LOG 18:20:26.809] PartLoader: Part 'SquadExpansion/MakingHistory/Parts/Structural/Tube1p5/Tube1p5' has no database record. Creating.
[LOG 18:20:26.809] PartLoader: Compiling Part 'SquadExpansion/MakingHistory/Parts/Structural/Tube2/Tube2'
[LOG 18:20:26.816] PartLoader: Part 'SquadExpansion/MakingHistory/Parts/Structural/Tube2/Tube2' has no database record. Creating.
[LOG 18:20:26.816] PartLoader: Compiling Part 'SquadExpansion/MakingHistory/Parts/Structural/Tube3/Tube3'
[LOG 18:20:26.821] PartLoader: Part 'SquadExpansion/MakingHistory/Parts/Structural/Tube3/Tube3' has no database record. Creating.
[LOG 18:20:26.821] PartLoader: Compiling Part 'SquadExpansion/MakingHistory/Parts/Structural/Tube4/Tube4'
[LOG 18:20:26.825] PartLoader: Part 'SquadExpansion/MakingHistory/Parts/Structural/Tube4/Tube4' has no database record. Creating.
[LOG 18:20:26.825] PartLoader: Compiling Part 'SquadExpansion/MakingHistory/Parts/Thermal/HeatShield1p5/HeatShield1p5'
[LOG 18:20:26.833] PartLoader: Part 'SquadExpansion/MakingHistory/Parts/Thermal/HeatShield1p5/HeatShield1p5' has no database record. Creating.
[LOG 18:20:26.833] [DragCubeSystem]: Drag cubes not found or cannot be read for part Part. Generating New drag cubes.
[LOG 18:20:26.833] [KSPCF/DragCubeGeneration] Creating drag cubes for part 'HeatShield1p5'
[LOG 18:20:26.855] PartLoader: Compiling Part 'SquadExpansion/MakingHistory/Parts/Utility/flags/flagSize1p5/flagSize1p5/flagPartSize1p5'
[LOG 18:20:26.866] PartLoader: Part 'SquadExpansion/MakingHistory/Parts/Utility/flags/flagSize1p5/flagSize1p5/flagPartSize1p5' has no database record. Creating.
[LOG 18:20:26.866] [DragCubeSystem]: Drag cubes not found or cannot be read for part Part. Generating New drag cubes.
[LOG 18:20:26.866] [KSPCF/DragCubeGeneration] Creating drag cubes for part 'flagPartSize1p5'
[LOG 18:20:26.873] PartLoader: Compiling Part 'SquadExpansion/MakingHistory/Parts/Utility/flags/flagSize4/flagSize4/flagPartSize4'
[LOG 18:20:26.881] PartLoader: Part 'SquadExpansion/MakingHistory/Parts/Utility/flags/flagSize4/flagSize4/flagPartSize4' has no database record. Creating.
[LOG 18:20:26.881] [DragCubeSystem]: Drag cubes not found or cannot be read for part Part. Generating New drag cubes.
[LOG 18:20:26.881] [KSPCF/DragCubeGeneration] Creating drag cubes for part 'flagPartSize4'
[LOG 18:20:26.887] PartLoader: Compiling Part 'SquadExpansion/Serenity/Parts/Aero/FanShroud_01/FanShroud_01'
[LOG 18:20:26.890] PartLoader: Part 'SquadExpansion/Serenity/Parts/Aero/FanShroud_01/FanShroud_01' has no database record. Creating.
[LOG 18:20:26.890] [DragCubeSystem]: Drag cubes not found or cannot be read for part Part. Generating New drag cubes.
[LOG 18:20:26.890] [KSPCF/DragCubeGeneration] Creating drag cubes for part 'FanShroud.01'
[LOG 18:20:26.896] PartLoader: Compiling Part 'SquadExpansion/Serenity/Parts/Aero/FanShroud_02/FanShroud_02'
[LOG 18:20:26.900] PartLoader: Part 'SquadExpansion/Serenity/Parts/Aero/FanShroud_02/FanShroud_02' has no database record. Creating.
[LOG 18:20:26.900] [DragCubeSystem]: Drag cubes not found or cannot be read for part Part. Generating New drag cubes.
[LOG 18:20:26.900] [KSPCF/DragCubeGeneration] Creating drag cubes for part 'FanShroud.02'
[LOG 18:20:26.906] PartLoader: Compiling Part 'SquadExpansion/Serenity/Parts/Aero/FanShroud_03/FanShroud_03'
[LOG 18:20:26.915] PartLoader: Part 'SquadExpansion/Serenity/Parts/Aero/FanShroud_03/FanShroud_03' has no database record. Creating.
[LOG 18:20:26.915] [DragCubeSystem]: Drag cubes not found or cannot be read for part Part. Generating New drag cubes.
[LOG 18:20:26.915] [KSPCF/DragCubeGeneration] Creating drag cubes for part 'FanShroud.03'
[LOG 18:20:26.921] PartLoader: Compiling Part 'SquadExpansion/Serenity/Parts/Aero/noseconeTiny/noseconeTiny'
[LOG 18:20:26.926] PartLoader: Part 'SquadExpansion/Serenity/Parts/Aero/noseconeTiny/noseconeTiny' has no database record. Creating.
[LOG 18:20:26.926] [DragCubeSystem]: Drag cubes not found or cannot be read for part Part. Generating New drag cubes.
[LOG 18:20:26.926] [KSPCF/DragCubeGeneration] Creating drag cubes for part 'noseconeTiny'
[LOG 18:20:26.932] PartLoader: Compiling Part 'SquadExpansion/Serenity/Parts/Aero/noseconeVS/noseconeVS'
[LOG 18:20:26.939] PartLoader: Part 'SquadExpansion/Serenity/Parts/Aero/noseconeVS/noseconeVS' has no database record. Creating.
[LOG 18:20:26.939] [DragCubeSystem]: Drag cubes not found or cannot be read for part Part. Generating New drag cubes.
[LOG 18:20:26.939] [KSPCF/DragCubeGeneration] Creating drag cubes for part 'noseconeVS'
[LOG 18:20:26.945] PartLoader: Compiling Part 'SquadExpansion/Serenity/Parts/DeployedScience/centralStation/DeployedCentralStation'
[LOG 18:20:26.962] PartLoader: Part 'SquadExpansion/Serenity/Parts/DeployedScience/centralStation/DeployedCentralStation' has no database record. Creating.
[LOG 18:20:26.962] [DragCubeSystem]: Drag cubes not found or cannot be read for part Part. Generating New drag cubes.
[LOG 18:20:26.962] [KSPCF/DragCubeGeneration] Creating drag cubes for part 'DeployedCentralStation'
[LOG 18:20:26.998] PartLoader: Compiling Part 'SquadExpansion/Serenity/Parts/DeployedScience/gooObservation/DeployedGoExOb'
[LOG 18:20:27.007] PartLoader: Part 'SquadExpansion/Serenity/Parts/DeployedScience/gooObservation/DeployedGoExOb' has no database record. Creating.
[LOG 18:20:27.007] [DragCubeSystem]: Drag cubes not found or cannot be read for part Part. Generating New drag cubes.
[LOG 18:20:27.007] [KSPCF/DragCubeGeneration] Creating drag cubes for part 'DeployedGoExOb'
[LOG 18:20:27.044] PartLoader: Compiling Part 'SquadExpansion/Serenity/Parts/DeployedScience/ionCollector/DeployedIONExp'
[LOG 18:20:27.052] PartLoader: Part 'SquadExpansion/Serenity/Parts/DeployedScience/ionCollector/DeployedIONExp' has no database record. Creating.
[LOG 18:20:27.052] [DragCubeSystem]: Drag cubes not found or cannot be read for part Part. Generating New drag cubes.
[LOG 18:20:27.052] [KSPCF/DragCubeGeneration] Creating drag cubes for part 'DeployedIONExp'
[LOG 18:20:27.068] PartLoader: Compiling Part 'SquadExpansion/Serenity/Parts/DeployedScience/rtg/DeployedRTG'
[LOG 18:20:27.081] PartLoader: Part 'SquadExpansion/Serenity/Parts/DeployedScience/rtg/DeployedRTG' has no database record. Creating.
[LOG 18:20:27.081] [DragCubeSystem]: Drag cubes not found or cannot be read for part Part. Generating New drag cubes.
[LOG 18:20:27.081] [KSPCF/DragCubeGeneration] Creating drag cubes for part 'DeployedRTG'
[LOG 18:20:27.102] PartLoader: Compiling Part 'SquadExpansion/Serenity/Parts/DeployedScience/satDish/DeployedSatDish'
[LOG 18:20:27.111] PartLoader: Part 'SquadExpansion/Serenity/Parts/DeployedScience/satDish/DeployedSatDish' has no database record. Creating.
[LOG 18:20:27.111] [DragCubeSystem]: Drag cubes not found or cannot be read for part Part. Generating New drag cubes.
[LOG 18:20:27.111] [KSPCF/DragCubeGeneration] Creating drag cubes for part 'DeployedSatDish'
[LOG 18:20:27.130] PartLoader: Compiling Part 'SquadExpansion/Serenity/Parts/DeployedScience/seismicSensor/DeployedSeismicSensor'
[LOG 18:20:27.136] PartLoader: Part 'SquadExpansion/Serenity/Parts/DeployedScience/seismicSensor/DeployedSeismicSensor' has no database record. Creating.
[LOG 18:20:27.136] [DragCubeSystem]: Drag cubes not found or cannot be read for part Part. Generating New drag cubes.
[LOG 18:20:27.136] [KSPCF/DragCubeGeneration] Creating drag cubes for part 'DeployedSeismicSensor'
[LOG 18:20:27.154] PartLoader: Compiling Part 'SquadExpansion/Serenity/Parts/DeployedScience/solarPanel/DeployedSolarPanel'
[LOG 18:20:27.163] PartLoader: Part 'SquadExpansion/Serenity/Parts/DeployedScience/solarPanel/DeployedSolarPanel' has no database record. Creating.
[LOG 18:20:27.163] [DragCubeSystem]: Drag cubes not found or cannot be read for part Part. Generating New drag cubes.
[LOG 18:20:27.163] [KSPCF/DragCubeGeneration] Creating drag cubes for part 'DeployedSolarPanel'
[LOG 18:20:27.184] PartLoader: Compiling Part 'SquadExpansion/Serenity/Parts/DeployedScience/weatherStation/DeployedWeatherStn'
[LOG 18:20:27.190] PartLoader: Part 'SquadExpansion/Serenity/Parts/DeployedScience/weatherStation/DeployedWeatherStn' has no database record. Creating.
[LOG 18:20:27.190] [DragCubeSystem]: Drag cubes not found or cannot be read for part Part. Generating New drag cubes.
[LOG 18:20:27.190] [KSPCF/DragCubeGeneration] Creating drag cubes for part 'DeployedWeatherStn'
[LOG 18:20:27.223] PartLoader: Compiling Part 'SquadExpansion/Serenity/Parts/Prebuilt/kerbalEVA/kerbalEVA'
[LOG 18:20:27.225] PartLoader: Compiling Part 'SquadExpansion/Serenity/Parts/Prebuilt/kerbalEVAfemale/kerbalEVAfemale'
[LOG 18:20:27.228] PartLoader: Compiling Part 'SquadExpansion/Serenity/Parts/Prebuilt/kerbalEVAfemaleFuture/kerbalEVAfemaleFuture'
[LOG 18:20:27.238] PartLoader: Compiling Part 'SquadExpansion/Serenity/Parts/Prebuilt/kerbalEVAfemaleVintage/kerbalEVAfemaleVintage'
[LOG 18:20:27.240] PartLoader: Compiling Part 'SquadExpansion/Serenity/Parts/Prebuilt/kerbalEVAFuture/kerbalEVAFuture'
[LOG 18:20:27.248] PartLoader: Compiling Part 'SquadExpansion/Serenity/Parts/Prebuilt/kerbalEVASlimSuit/kerbalEVASlimSuit'
[LOG 18:20:27.251] PartLoader: Compiling Part 'SquadExpansion/Serenity/Parts/Prebuilt/kerbalEVASlimSuitFemale/kerbalEVASlimSuitFemale'
[LOG 18:20:27.252] PartLoader: Compiling Part 'SquadExpansion/Serenity/Parts/Prebuilt/kerbalEVAVintage/kerbalEVAVintage'
[LOG 18:20:27.254] PartLoader: Compiling Part 'SquadExpansion/Serenity/Parts/Propellers/largeFanBlade/largeFanBlade'
[LOG 18:20:27.259] PartLoader: Part 'SquadExpansion/Serenity/Parts/Propellers/largeFanBlade/largeFanBlade' has no database record. Creating.
[LOG 18:20:27.259] [DragCubeSystem]: Drag cubes not found or cannot be read for part Part. Generating New drag cubes.
[LOG 18:20:27.260] [KSPCF/DragCubeGeneration] Creating drag cubes for part 'largeFanBlade'
[LOG 18:20:27.281] PartLoader: Compiling Part 'SquadExpansion/Serenity/Parts/Propellers/largeHeliBlade/largeHeliBlade'
[LOG 18:20:27.290] PartLoader: Part 'SquadExpansion/Serenity/Parts/Propellers/largeHeliBlade/largeHeliBlade' has no database record. Creating.
[LOG 18:20:27.290] [DragCubeSystem]: Drag cubes not found or cannot be read for part Part. Generating New drag cubes.
[LOG 18:20:27.290] [KSPCF/DragCubeGeneration] Creating drag cubes for part 'largeHeliBlade'
[LOG 18:20:27.316] PartLoader: Compiling Part 'SquadExpansion/Serenity/Parts/Propellers/largePropeller/largePropeller'
[LOG 18:20:27.331] PartLoader: Part 'SquadExpansion/Serenity/Parts/Propellers/largePropeller/largePropeller' has no database record. Creating.
[LOG 18:20:27.331] [DragCubeSystem]: Drag cubes not found or cannot be read for part Part. Generating New drag cubes.
[LOG 18:20:27.332] [KSPCF/DragCubeGeneration] Creating drag cubes for part 'largePropeller'
[LOG 18:20:27.359] PartLoader: Compiling Part 'SquadExpansion/Serenity/Parts/Propellers/mediumFanBlade/mediumFanBlade'
[LOG 18:20:27.366] PartLoader: Part 'SquadExpansion/Serenity/Parts/Propellers/mediumFanBlade/mediumFanBlade' has no database record. Creating.
[LOG 18:20:27.366] [DragCubeSystem]: Drag cubes not found or cannot be read for part Part. Generating New drag cubes.
[LOG 18:20:27.366] [KSPCF/DragCubeGeneration] Creating drag cubes for part 'mediumFanBlade'
[LOG 18:20:27.407] PartLoader: Compiling Part 'SquadExpansion/Serenity/Parts/Propellers/mediumHeliBlade/mediumHeliBlade'
[LOG 18:20:27.412] PartLoader: Part 'SquadExpansion/Serenity/Parts/Propellers/mediumHeliBlade/mediumHeliBlade' has no database record. Creating.
[LOG 18:20:27.412] [DragCubeSystem]: Drag cubes not found or cannot be read for part Part. Generating New drag cubes.
[LOG 18:20:27.412] [KSPCF/DragCubeGeneration] Creating drag cubes for part 'mediumHeliBlade'
[LOG 18:20:27.433] PartLoader: Compiling Part 'SquadExpansion/Serenity/Parts/Propellers/mediumPropeller/mediumPropeller'
[LOG 18:20:27.437] PartLoader: Part 'SquadExpansion/Serenity/Parts/Propellers/mediumPropeller/mediumPropeller' has no database record. Creating.
[LOG 18:20:27.437] [DragCubeSystem]: Drag cubes not found or cannot be read for part Part. Generating New drag cubes.
[LOG 18:20:27.437] [KSPCF/DragCubeGeneration] Creating drag cubes for part 'mediumPropeller'
[LOG 18:20:27.460] PartLoader: Compiling Part 'SquadExpansion/Serenity/Parts/Propellers/smallFanBlade/smallFanBlade'
[LOG 18:20:27.464] PartLoader: Part 'SquadExpansion/Serenity/Parts/Propellers/smallFanBlade/smallFanBlade' has no database record. Creating.
[LOG 18:20:27.464] [DragCubeSystem]: Drag cubes not found or cannot be read for part Part. Generating New drag cubes.
[LOG 18:20:27.465] [KSPCF/DragCubeGeneration] Creating drag cubes for part 'smallFanBlade'
[LOG 18:20:27.487] PartLoader: Compiling Part 'SquadExpansion/Serenity/Parts/Propellers/smallHeliBlade/smallHeliBlade'
[LOG 18:20:27.492] PartLoader: Part 'SquadExpansion/Serenity/Parts/Propellers/smallHeliBlade/smallHeliBlade' has no database record. Creating.
[LOG 18:20:27.492] [DragCubeSystem]: Drag cubes not found or cannot be read for part Part. Generating New drag cubes.
[LOG 18:20:27.492] [KSPCF/DragCubeGeneration] Creating drag cubes for part 'smallHeliBlade'
[LOG 18:20:27.515] PartLoader: Compiling Part 'SquadExpansion/Serenity/Parts/Propellers/smallPropeller/smallPropeller'
[LOG 18:20:27.521] PartLoader: Part 'SquadExpansion/Serenity/Parts/Propellers/smallPropeller/smallPropeller' has no database record. Creating.
[LOG 18:20:27.521] [DragCubeSystem]: Drag cubes not found or cannot be read for part Part. Generating New drag cubes.
[LOG 18:20:27.521] [KSPCF/DragCubeGeneration] Creating drag cubes for part 'smallPropeller'
[LOG 18:20:27.545] PartLoader: Compiling Part 'SquadExpansion/Serenity/Parts/Robotics/hinge_01/hinge_01'
[LOG 18:20:27.563] PartLoader: Part 'SquadExpansion/Serenity/Parts/Robotics/hinge_01/hinge_01' has no database record. Creating.
[LOG 18:20:27.563] [DragCubeSystem]: Drag cubes not found or cannot be read for part Part. Generating New drag cubes.
[LOG 18:20:27.563] [KSPCF/DragCubeGeneration] Creating drag cubes for part 'hinge.01'
[LOG 18:20:27.570] PartLoader: Compiling Part 'SquadExpansion/Serenity/Parts/Robotics/hinge_01_s/hinge_01_s'
[LOG 18:20:27.576] PartLoader: Part 'SquadExpansion/Serenity/Parts/Robotics/hinge_01_s/hinge_01_s' has no database record. Creating.
[LOG 18:20:27.576] [DragCubeSystem]: Drag cubes not found or cannot be read for part Part. Generating New drag cubes.
[LOG 18:20:27.576] [KSPCF/DragCubeGeneration] Creating drag cubes for part 'hinge.01.s'
[LOG 18:20:27.583] PartLoader: Compiling Part 'SquadExpansion/Serenity/Parts/Robotics/hinge_03/hinge_03'
[LOG 18:20:27.589] PartLoader: Part 'SquadExpansion/Serenity/Parts/Robotics/hinge_03/hinge_03' has no database record. Creating.
[LOG 18:20:27.590] PartLoader: Compiling Part 'SquadExpansion/Serenity/Parts/Robotics/hinge_03_s/hinge_03_s'
[LOG 18:20:27.595] PartLoader: Part 'SquadExpansion/Serenity/Parts/Robotics/hinge_03_s/hinge_03_s' has no database record. Creating.
[LOG 18:20:27.596] PartLoader: Compiling Part 'SquadExpansion/Serenity/Parts/Robotics/hinge_04/hinge_04'
[LOG 18:20:27.602] PartLoader: Part 'SquadExpansion/Serenity/Parts/Robotics/hinge_04/hinge_04' has no database record. Creating.
[LOG 18:20:27.603] PartLoader: Compiling Part 'SquadExpansion/Serenity/Parts/Robotics/piston_01/piston_01'
[LOG 18:20:27.614] PartLoader: Part 'SquadExpansion/Serenity/Parts/Robotics/piston_01/piston_01' has no database record. Creating.
[LOG 18:20:27.615] PartLoader: Compiling Part 'SquadExpansion/Serenity/Parts/Robotics/piston_02/piston_02'
[LOG 18:20:27.621] PartLoader: Part 'SquadExpansion/Serenity/Parts/Robotics/piston_02/piston_02' has no database record. Creating.
[LOG 18:20:27.622] PartLoader: Compiling Part 'SquadExpansion/Serenity/Parts/Robotics/piston_03/piston_03'
[LOG 18:20:27.627] PartLoader: Part 'SquadExpansion/Serenity/Parts/Robotics/piston_03/piston_03' has no database record. Creating.
[LOG 18:20:27.628] PartLoader: Compiling Part 'SquadExpansion/Serenity/Parts/Robotics/piston_04/piston_04'
[LOG 18:20:27.634] PartLoader: Part 'SquadExpansion/Serenity/Parts/Robotics/piston_04/piston_04' has no database record. Creating.
[LOG 18:20:27.635] PartLoader: Compiling Part 'SquadExpansion/Serenity/Parts/Robotics/RotorEngine_02/RotorEngine_02'
[LOG 18:20:27.646] PartLoader: Part 'SquadExpansion/Serenity/Parts/Robotics/RotorEngine_02/RotorEngine_02' has no database record. Creating.
[LOG 18:20:27.646] [DragCubeSystem]: Drag cubes not found or cannot be read for part Part. Generating New drag cubes.
[LOG 18:20:27.646] [KSPCF/DragCubeGeneration] Creating drag cubes for part 'RotorEngine.02'
[LOG 18:20:27.656] PartLoader: Compiling Part 'SquadExpansion/Serenity/Parts/Robotics/RotorEngine_03/RotorEngine_03'
[LOG 18:20:27.665] PartLoader: Part 'SquadExpansion/Serenity/Parts/Robotics/RotorEngine_03/RotorEngine_03' has no database record. Creating.
[LOG 18:20:27.665] [DragCubeSystem]: Drag cubes not found or cannot be read for part Part. Generating New drag cubes.
[LOG 18:20:27.665] [KSPCF/DragCubeGeneration] Creating drag cubes for part 'RotorEngine.03'
[LOG 18:20:27.672] PartLoader: Compiling Part 'SquadExpansion/Serenity/Parts/Robotics/rotor_01/rotor_01'
[LOG 18:20:27.680] PartLoader: Part 'SquadExpansion/Serenity/Parts/Robotics/rotor_01/rotor_01' has no database record. Creating.
[LOG 18:20:27.680] [DragCubeSystem]: Drag cubes not found or cannot be read for part Part. Generating New drag cubes.
[LOG 18:20:27.680] [KSPCF/DragCubeGeneration] Creating drag cubes for part 'rotor.01'
[LOG 18:20:27.686] PartLoader: Compiling Part 'SquadExpansion/Serenity/Parts/Robotics/rotor_01s/rotor_01s'
[LOG 18:20:27.694] PartLoader: Part 'SquadExpansion/Serenity/Parts/Robotics/rotor_01s/rotor_01s' has no database record. Creating.
[LOG 18:20:27.694] [DragCubeSystem]: Drag cubes not found or cannot be read for part Part. Generating New drag cubes.
[LOG 18:20:27.694] [KSPCF/DragCubeGeneration] Creating drag cubes for part 'rotor.01s'
[LOG 18:20:27.700] PartLoader: Compiling Part 'SquadExpansion/Serenity/Parts/Robotics/rotor_02/rotor_02'
[LOG 18:20:27.706] PartLoader: Part 'SquadExpansion/Serenity/Parts/Robotics/rotor_02/rotor_02' has no database record. Creating.
[LOG 18:20:27.706] [DragCubeSystem]: Drag cubes not found or cannot be read for part Part. Generating New drag cubes.
[LOG 18:20:27.707] [KSPCF/DragCubeGeneration] Creating drag cubes for part 'rotor.02'
[LOG 18:20:27.713] PartLoader: Compiling Part 'SquadExpansion/Serenity/Parts/Robotics/rotor_02s/rotor_02s'
[LOG 18:20:27.720] PartLoader: Part 'SquadExpansion/Serenity/Parts/Robotics/rotor_02s/rotor_02s' has no database record. Creating.
[LOG 18:20:27.720] [DragCubeSystem]: Drag cubes not found or cannot be read for part Part. Generating New drag cubes.
[LOG 18:20:27.720] [KSPCF/DragCubeGeneration] Creating drag cubes for part 'rotor.02s'
[LOG 18:20:27.726] PartLoader: Compiling Part 'SquadExpansion/Serenity/Parts/Robotics/rotor_03/rotor_03'
[LOG 18:20:27.732] PartLoader: Part 'SquadExpansion/Serenity/Parts/Robotics/rotor_03/rotor_03' has no database record. Creating.
[LOG 18:20:27.733] [DragCubeSystem]: Drag cubes not found or cannot be read for part Part. Generating New drag cubes.
[LOG 18:20:27.733] [KSPCF/DragCubeGeneration] Creating drag cubes for part 'rotor.03'
[LOG 18:20:27.739] PartLoader: Compiling Part 'SquadExpansion/Serenity/Parts/Robotics/rotor_03s/rotor_03s'
[LOG 18:20:27.745] PartLoader: Part 'SquadExpansion/Serenity/Parts/Robotics/rotor_03s/rotor_03s' has no database record. Creating.
[LOG 18:20:27.745] [DragCubeSystem]: Drag cubes not found or cannot be read for part Part. Generating New drag cubes.
[LOG 18:20:27.745] [KSPCF/DragCubeGeneration] Creating drag cubes for part 'rotor.03s'
[LOG 18:20:27.751] PartLoader: Compiling Part 'SquadExpansion/Serenity/Parts/Robotics/rotoServo_00/rotoServo_00'
[LOG 18:20:27.766] PartLoader: Part 'SquadExpansion/Serenity/Parts/Robotics/rotoServo_00/rotoServo_00' has no database record. Creating.
[LOG 18:20:27.767] [DragCubeSystem]: Drag cubes not found or cannot be read for part Part. Generating New drag cubes.
[LOG 18:20:27.767] [KSPCF/DragCubeGeneration] Creating drag cubes for part 'rotoServo.00'
[LOG 18:20:27.774] PartLoader: Compiling Part 'SquadExpansion/Serenity/Parts/Robotics/rotoServo_02/rotoServo_02'
[LOG 18:20:27.780] PartLoader: Part 'SquadExpansion/Serenity/Parts/Robotics/rotoServo_02/rotoServo_02' has no database record. Creating.
[LOG 18:20:27.780] [DragCubeSystem]: Drag cubes not found or cannot be read for part Part. Generating New drag cubes.
[LOG 18:20:27.781] [KSPCF/DragCubeGeneration] Creating drag cubes for part 'rotoServo.02'
[LOG 18:20:27.787] PartLoader: Compiling Part 'SquadExpansion/Serenity/Parts/Robotics/rotoServo_03/rotoServo_03'
[LOG 18:20:27.793] PartLoader: Part 'SquadExpansion/Serenity/Parts/Robotics/rotoServo_03/rotoServo_03' has no database record. Creating.
[LOG 18:20:27.793] [DragCubeSystem]: Drag cubes not found or cannot be read for part Part. Generating New drag cubes.
[LOG 18:20:27.793] [KSPCF/DragCubeGeneration] Creating drag cubes for part 'rotoServo.03'
[LOG 18:20:27.801] PartLoader: Compiling Part 'SquadExpansion/Serenity/Parts/Robotics/rotoServo_04/rotoServo_04'
[LOG 18:20:27.808] PartLoader: Part 'SquadExpansion/Serenity/Parts/Robotics/rotoServo_04/rotoServo_04' has no database record. Creating.
[LOG 18:20:27.808] [DragCubeSystem]: Drag cubes not found or cannot be read for part Part. Generating New drag cubes.
[LOG 18:20:27.808] [KSPCF/DragCubeGeneration] Creating drag cubes for part 'rotoServo.04'
[LOG 18:20:27.815] PartLoader: Compiling Part 'SquadExpansion/Serenity/Parts/Robotics/Controllers/KAL1000/controller1000'
[LOG 18:20:27.827] PartLoader: Part 'SquadExpansion/Serenity/Parts/Robotics/Controllers/KAL1000/controller1000' has no database record. Creating.
[LOG 18:20:27.827] [DragCubeSystem]: Drag cubes not found or cannot be read for part Part. Generating New drag cubes.
[LOG 18:20:27.827] [KSPCF/DragCubeGeneration] Creating drag cubes for part 'controller1000'
[LOG 18:20:27.834] PartLoader: Compiling Part 'SquadExpansion/Serenity/Parts/Science/RobotArmScanner/RobotArmScanner_S1/RobotArmScanner_S1'
[LOG 18:20:27.856] PartLoader: Part 'SquadExpansion/Serenity/Parts/Science/RobotArmScanner/RobotArmScanner_S1/RobotArmScanner_S1' has no database record. Creating.
[LOG 18:20:27.856] [DragCubeSystem]: Drag cubes not found or cannot be read for part Part. Generating New drag cubes.
[LOG 18:20:27.857] [KSPCF/DragCubeGeneration] Creating drag cubes for part 'RobotArmScanner.S1'
[LOG 18:20:27.881] PartLoader: Compiling Part 'SquadExpansion/Serenity/Parts/Science/RobotArmScanner/RobotArmScanner_S2/RobotArmScanner_S2'
[LOG 18:20:27.888] PartLoader: Part 'SquadExpansion/Serenity/Parts/Science/RobotArmScanner/RobotArmScanner_S2/RobotArmScanner_S2' has no database record. Creating.
[LOG 18:20:27.888] [DragCubeSystem]: Drag cubes not found or cannot be read for part Part. Generating New drag cubes.
[LOG 18:20:27.888] [KSPCF/DragCubeGeneration] Creating drag cubes for part 'RobotArmScanner.S2'
[LOG 18:20:27.914] PartLoader: Compiling Part 'SquadExpansion/Serenity/Parts/Science/RobotArmScanner/RobotArmScanner_S3/RobotArmScanner_S3'
[LOG 18:20:27.922] PartLoader: Part 'SquadExpansion/Serenity/Parts/Science/RobotArmScanner/RobotArmScanner_S3/RobotArmScanner_S3' has no database record. Creating.
[LOG 18:20:27.922] [DragCubeSystem]: Drag cubes not found or cannot be read for part Part. Generating New drag cubes.
[LOG 18:20:27.922] [KSPCF/DragCubeGeneration] Creating drag cubes for part 'RobotArmScanner.S3'
[LOG 18:20:27.948] PartLoader: Compiling Part 'SquadExpansion/Serenity/Parts/Structural/gripPads/lGripPad/lGripPad'
[LOG 18:20:27.956] PartLoader: Part 'SquadExpansion/Serenity/Parts/Structural/gripPads/lGripPad/lGripPad' has no database record. Creating.
[LOG 18:20:27.956] [DragCubeSystem]: Drag cubes not found or cannot be read for part Part. Generating New drag cubes.
[LOG 18:20:27.956] [KSPCF/DragCubeGeneration] Creating drag cubes for part 'lGripPad'
[LOG 18:20:27.972] PartLoader: Compiling Part 'SquadExpansion/Serenity/Parts/Structural/gripPads/lGripStrip/lGripStrip'
[LOG 18:20:27.975] PartLoader: Part 'SquadExpansion/Serenity/Parts/Structural/gripPads/lGripStrip/lGripStrip' has no database record. Creating.
[LOG 18:20:27.975] [DragCubeSystem]: Drag cubes not found or cannot be read for part Part. Generating New drag cubes.
[LOG 18:20:27.975] [KSPCF/DragCubeGeneration] Creating drag cubes for part 'lGripStrip'
[LOG 18:20:27.981] PartLoader: Compiling Part 'SquadExpansion/Serenity/Parts/Structural/gripPads/mGripPad/mGripPad'
[LOG 18:20:27.984] PartLoader: Part 'SquadExpansion/Serenity/Parts/Structural/gripPads/mGripPad/mGripPad' has no database record. Creating.
[LOG 18:20:27.984] [DragCubeSystem]: Drag cubes not found or cannot be read for part Part. Generating New drag cubes.
[LOG 18:20:27.984] [KSPCF/DragCubeGeneration] Creating drag cubes for part 'mGripPad'
[LOG 18:20:27.999] PartLoader: Compiling Part 'SquadExpansion/Serenity/Parts/Structural/gripPads/sGripPad/sGripPad'
[LOG 18:20:28.002] PartLoader: Part 'SquadExpansion/Serenity/Parts/Structural/gripPads/sGripPad/sGripPad' has no database record. Creating.
[LOG 18:20:28.002] [DragCubeSystem]: Drag cubes not found or cannot be read for part Part. Generating New drag cubes.
[LOG 18:20:28.002] [KSPCF/DragCubeGeneration] Creating drag cubes for part 'sGripPad'
[LOG 18:20:28.017] PartLoader: Compiling Part 'SquadExpansion/Serenity/Parts/Structural/gripPads/sGripStrip/sGripStrip'
[LOG 18:20:28.020] PartLoader: Part 'SquadExpansion/Serenity/Parts/Structural/gripPads/sGripStrip/sGripStrip' has no database record. Creating.
[LOG 18:20:28.020] [DragCubeSystem]: Drag cubes not found or cannot be read for part Part. Generating New drag cubes.
[LOG 18:20:28.020] [KSPCF/DragCubeGeneration] Creating drag cubes for part 'sGripStrip'
[LOG 18:20:28.027] PartLoader: Compiling Internal Prop 'Squad/Props/AltimeterThreeHands/prop/AltimeterThreeHands'
[LOG 18:20:28.031] PartLoader: Compiling Internal Prop 'Squad/Props/AtmosphereDepth/prop/AtmosphereDepth'
[LOG 18:20:28.032] PartLoader: Compiling Internal Prop 'Squad/Props/AxisIndicator/pitchConfig/AxisIndicatorPitch'
[LOG 18:20:28.033] PartLoader: Compiling Internal Prop 'Squad/Props/AxisIndicator/rollConfig/AxisIndicatorRoll'
[LOG 18:20:28.035] PartLoader: Compiling Internal Prop 'Squad/Props/AxisIndicator/yawConfig/AxisIndicatorYaw'
[LOG 18:20:28.036] PartLoader: Compiling Internal Prop 'Squad/Props/buttonsGeneric/circularButton/genericCircularButton'
[LOG 18:20:28.037] PartLoader: Compiling Internal Prop 'Squad/Props/buttonsGeneric/clusterButtons/genericClusterButtons'
[LOG 18:20:28.037] PartLoader: Compiling Internal Prop 'Squad/Props/buttonsGeneric/clusterButtons2/genericClusterButtons2'
[LOG 18:20:28.038] PartLoader: Compiling Internal Prop 'Squad/Props/buttonsGeneric/clusterKnob/genericClusterKnobs'
[LOG 18:20:28.038] PartLoader: Compiling Internal Prop 'Squad/Props/buttonsGeneric/clusterKnob2/genericClusterKnobs2'
[LOG 18:20:28.039] PartLoader: Compiling Internal Prop 'Squad/Props/buttonsGeneric/clusterMixed/genericClusterMixed'
[LOG 18:20:28.039] PartLoader: Compiling Internal Prop 'Squad/Props/buttonsGeneric/clusterSwitches01/genericClusterSwitches01'
[LOG 18:20:28.040] PartLoader: Compiling Internal Prop 'Squad/Props/buttonsGeneric/clusterSwitches02/genericClusterSwitches02'
[LOG 18:20:28.041] PartLoader: Compiling Internal Prop 'Squad/Props/buttonsGeneric/clusterSwitches03/genericClusterSwitches03'
[LOG 18:20:28.041] PartLoader: Compiling Internal Prop 'Squad/Props/buttonsGeneric/clusterSwitches04/genericClusterSwitches04'
[LOG 18:20:28.042] PartLoader: Compiling Internal Prop 'Squad/Props/buttonsGeneric/clusterSwitches05/genericClusterSwitches05'
[LOG 18:20:28.042] PartLoader: Compiling Internal Prop 'Squad/Props/buttonsGeneric/clusterSwitches06/genericClusterSwitches06'
[LOG 18:20:28.043] PartLoader: Compiling Internal Prop 'Squad/Props/buttonsGeneric/clusterSwitches07/genericClusterSwitches07'
[LOG 18:20:28.043] PartLoader: Compiling Internal Prop 'Squad/Props/buttonsGeneric/directionalKnob/genericDirectionalKnob'
[LOG 18:20:28.044] PartLoader: Compiling Internal Prop 'Squad/Props/buttonsGeneric/directionalKnob2/genericDirectionalKnob2'
[LOG 18:20:28.044] PartLoader: Compiling Internal Prop 'Squad/Props/buttonsGeneric/pullSwitch/genericPullSwitch'
[LOG 18:20:28.045] PartLoader: Compiling Internal Prop 'Squad/Props/buttonsGeneric/squareButton/genericSquareButton'
[LOG 18:20:28.045] PartLoader: Compiling Internal Prop 'Squad/Props/buttonsGeneric/standingSwitch/genericStandingSwitch'
[LOG 18:20:28.046] PartLoader: Compiling Internal Prop 'Squad/Props/buttonsGeneric/switch/genericSwitch'
[LOG 18:20:28.046] PartLoader: Compiling Internal Prop 'Squad/Props/buttonsGeneric/switchWithGuards/genericSwitchWithGuards'
[LOG 18:20:28.047] PartLoader: Compiling Internal Prop 'Squad/Props/ButtonSquare/prop/ButtonSquare'
[LOG 18:20:28.049] PartLoader: Compiling Internal Prop 'Squad/Props/circularButton/prop/circularButton'
[LOG 18:20:28.050] PartLoader: Compiling Internal Prop 'Squad/Props/Compass/prop/Compass'
[LOG 18:20:28.051] PartLoader: Compiling Internal Prop 'Squad/Props/directionalKnob/prop/directionalKnob'
[LOG 18:20:28.052] PartLoader: Compiling Internal Prop 'Squad/Props/directionalKnob2/prop/directionalKnob2'
[LOG 18:20:28.052] PartLoader: Compiling Internal Prop 'Squad/Props/IndicatorPanel/prop/IndicatorPanel'
[LOG 18:20:28.055] PartLoader: Compiling Internal Prop 'Squad/Props/IVANavBall/prop/NavBall'
[LOG 18:20:28.057] PartLoader: Compiling Internal Prop 'Squad/Props/IVANavBallNoBase/prop/NavBallNoBase'
[LOG 18:20:28.058] PartLoader: Compiling Internal Prop 'Squad/Props/ledPanelSpeed/prop/ledPanelSpeed'
[LOG 18:20:28.060] PartLoader: Compiling Internal Prop 'Squad/Props/Monitor/DockingMode/MonitorDockingMode'
[LOG 18:20:28.061] PartLoader: Compiling Internal Prop 'Squad/Props/NavBall/prop/NavBall'
[LOG 18:20:28.062] PartLoader: Compiling Internal Prop 'Squad/Props/PropsGeneric/Button_DockingMode/Button_DockingMode'
[LOG 18:20:28.063] PartLoader: Compiling Internal Prop 'Squad/Props/PropsGeneric/CargoBagA/CargoBagA'
[LOG 18:20:28.063] PartLoader: Compiling Internal Prop 'Squad/Props/PropsGeneric/CargoBagB/CargoBagB'
[LOG 18:20:28.064] PartLoader: Compiling Internal Prop 'Squad/Props/PropsGeneric/CargoBagC/CargoBagC'
[LOG 18:20:28.064] PartLoader: Compiling Internal Prop 'Squad/Props/PropsGeneric/Hatch_Plane/Hatch_Plane'
[LOG 18:20:28.065] PartLoader: Compiling Internal Prop 'Squad/Props/PropsGeneric/Hatch_Plane_Curve90/Hatch_Plane_Curve90'
[LOG 18:20:28.065] PartLoader: Compiling Internal Prop 'Squad/Props/PropsGeneric/Hatch_Plane_Frame/Hatch_Plane_Frame'
[LOG 18:20:28.066] PartLoader: Compiling Internal Prop 'Squad/Props/PropsGeneric/Seat_Passenger/Seat_Passenger'
[LOG 18:20:28.066] PartLoader: Compiling Internal Prop 'Squad/Props/PropsGeneric/Seat_Pilot/Seat_Pilot'
[LOG 18:20:28.067] PartLoader: Compiling Internal Prop 'Squad/Props/PropsGeneric/Seat_Pilot_Helmet/Seat_Pilot_Helmet'
[LOG 18:20:28.068] PartLoader: Compiling Internal Prop 'Squad/Props/PropsGeneric/SideStick/SideStick'
[LOG 18:20:28.068] PartLoader: Compiling Internal Prop 'Squad/Props/pullSwitch/prop/pullSwitch'
[LOG 18:20:28.069] PartLoader: Compiling Internal Prop 'Squad/Props/radarAltitude/prop/RadarAltimeter'
[LOG 18:20:28.070] PartLoader: Compiling Internal Prop 'Squad/Props/squareButton/prop/squareButton'
[LOG 18:20:28.071] PartLoader: Compiling Internal Prop 'Squad/Props/standingSwitch/prop/standingSwitch'
[LOG 18:20:28.072] PartLoader: Compiling Internal Prop 'Squad/Props/switch/prop/switch'
[LOG 18:20:28.072] PartLoader: Compiling Internal Prop 'Squad/Props/switchGuard/prop/switchGuard'
[LOG 18:20:28.073] PartLoader: Compiling Internal Prop 'Squad/Props/switchWithGuards/prop/switchWithGuards'
[LOG 18:20:28.073] PartLoader: Compiling Internal Prop 'Squad/Props/throttle/prop/throttle'
[LOG 18:20:28.075] PartLoader: Compiling Internal Prop 'Squad/Props/VSI/prop/VSI'
[LOG 18:20:28.078] PartLoader: Compiling Internal Space 'Squad/Spaces/crewCabinInternals/internal/crewCabinInternals'
[LOG 18:20:28.090] PartLoader: Compiling Internal Space 'Squad/Spaces/cupolaInternal/internal/cupolaInternal'
[LOG 18:20:28.106] PartLoader: Compiling Internal Space 'Squad/Spaces/GenericSpace1/internal/GenericSpace1'
[LOG 18:20:28.107] PartLoader: Compiling Internal Space 'Squad/Spaces/GenericSpace3/internal/GenericSpace3'
[LOG 18:20:28.109] PartLoader: Compiling Internal Space 'Squad/Spaces/landerCabinInternals/internal/landerCabinInternals'
[LOG 18:20:28.113] PartLoader: Compiling Internal Space 'Squad/Spaces/landerCabinSmallInternal/internal/landerCabinSmallInternal'
[LOG 18:20:28.117] PartLoader: Compiling Internal Space 'Squad/Spaces/LargeCrewedLabInternals/internal/Mobile_Processing_Lab_Int'
[LOG 18:20:28.121] PartLoader: Compiling Internal Space 'Squad/Spaces/Mk1-3/internal/Mk1-3'
[LOG 18:20:28.129] PartLoader: Compiling Internal Space 'Squad/Spaces/mk1CabinInternal/internal/mk1CabinInternal'
[LOG 18:20:28.135] PartLoader: Compiling Internal Space 'Squad/Spaces/mk1CockpitInternal/internal/mk1CockpitInternal'
[LOG 18:20:28.143] PartLoader: Compiling Internal Space 'Squad/Spaces/mk1InlineInternal/internal/mk1InlineInternal'
[LOG 18:20:28.150] PartLoader: Compiling Internal Space 'Squad/Spaces/mk1PodCockpit/internal/mk1PodCockpit'
[LOG 18:20:28.153] PartLoader: Compiling Internal Space 'Squad/Spaces/mk1pod_IVA/mk1pod_Internal/mk1pod_IVA'
[LOG 18:20:28.159] PartLoader: Compiling Internal Space 'Squad/Spaces/mk2CockpitStandardInternal/internal/mk2CockpitStandardInternals'
[LOG 18:20:28.168] PartLoader: Compiling Internal Space 'Squad/Spaces/Mk2CrewCabinInternal/internal_MK2_CrewCab/MK2_CrewCab_Int'
[LOG 18:20:28.173] PartLoader: Compiling Internal Space 'Squad/Spaces/mk2InlineInternal/internal/mk2InlineInternal'
[LOG 18:20:28.186] PartLoader: Compiling Internal Space 'Squad/Spaces/mk2LanderCanInternal/internal/mk2LanderCanInternal'
[LOG 18:20:28.193] PartLoader: Compiling Internal Space 'Squad/Spaces/MK3CockpitInternal/internal_MK3/MK3_Cockpit_Int'
[LOG 18:20:28.205] PartLoader: Compiling Internal Space 'Squad/Spaces/MK3_CrewCab_Int/internal_MK3_CrewCab/MK3_CrewCab_Int'
[LOG 18:20:28.208] InternalSeat: Cannot find portraitCamera of name 'Camera_Left003'
[LOG 18:20:28.215] PartLoader: Compiling Internal Space 'Squad/Spaces/Placeholder/internal/Placeholder'
[LOG 18:20:28.224] PartLoader: Compiling Internal Space 'Squad/Spaces/PodCockpit/internal/PodCockpit'
[LOG 18:20:28.232] PartLoader: Compiling Internal Space 'SquadExpansion/MakingHistory/Spaces/KVPods/Airlock_Internal/Airlock_IVA'
[LOG 18:20:28.233] PartLoader: Compiling Internal Space 'SquadExpansion/MakingHistory/Spaces/KVPods/KV1_Internal/KV1_IVA'
[LOG 18:20:28.237] PartLoader: Compiling Internal Space 'SquadExpansion/MakingHistory/Spaces/KVPods/KV2_Internal/KV2_IVA'
[LOG 18:20:28.242] PartLoader: Compiling Internal Space 'SquadExpansion/MakingHistory/Spaces/KVPods/KV3_Internal/KV3_IVA'
[LOG 18:20:28.248] PartLoader: Compiling Internal Space 'SquadExpansion/MakingHistory/Spaces/MEM/MEM_IVA/MEM_IVA'
[LOG 18:20:28.259] PartLoader: Compiling Internal Space 'SquadExpansion/MakingHistory/Spaces/Mk2Pod/Mk2Pod_Internal/MK2POD_IVA'
[LOG 18:20:28.346] Assets:
[LOG 18:20:28.346] anim_missionsapp_idle.anim
[LOG 18:20:28.346] anim_missionsapp_idle_warning.anim
[LOG 18:20:28.346] anim_missionsapp_warning.anim
[LOG 18:20:28.347] anim_missionssapp.anim
[LOG 18:20:28.347] animcontroller_missionsappmaster.controller
[LOG 18:20:28.347] app_bg.tif
[LOG 18:20:28.347] app_bottom_gray.tif
[LOG 18:20:28.347] app_divider_pulldown_body.tif
[LOG 18:20:28.347] app_divider_pulldown_footer.tif
[LOG 18:20:28.347] app_divider_pulldown_header.tif
[LOG 18:20:28.347] app_divider_pulldown_header_over.tif
[LOG 18:20:28.347] app_header_gray.tif
[LOG 18:20:28.347] app_missions_icon_active.tif
[LOG 18:20:28.347] app_missions_icon_complete.tif
[LOG 18:20:28.347] app_missions_icon_failed.tif
[LOG 18:20:28.347] app_missions_icon_inactive.tif
[LOG 18:20:28.347] spritesheet_missionsapp.tif
[LOG 18:20:28.347] spritesheet_missionsappwarning.tif
[LOG 18:20:28.347] missionbriefingdialog.prefab
[LOG 18:20:28.347] missionbriefingtag.prefab
[LOG 18:20:28.347] awardwidget.prefab
[LOG 18:20:28.347] missionenddialog.prefab
[LOG 18:20:28.347] missionitemwidget.prefab
[LOG 18:20:28.347] missionplaybutton.prefab
[LOG 18:20:28.347] missionplaydialog.prefab
[LOG 18:20:28.347] missionsteamitemwidget.prefab
[LOG 18:20:28.347] missionvalidationdialog.prefab
[LOG 18:20:28.348] validationentry.prefab
[LOG 18:20:28.348] comettoken.fbx
[LOG 18:20:28.348] comettoken.jpg
[LOG 18:20:28.348] placementegizmo_comet.mat
[LOG 18:20:28.348] placementegizmo_comet_tail.mat
[LOG 18:20:28.348] femalevintagepreview.prefab
[LOG 18:20:28.348] malevintagepreview.prefab
[LOG 18:20:28.348] checkpointentrywidget.prefab
[LOG 18:20:28.348] crewmanagementdialog.prefab
[LOG 18:20:28.348] listitem_vesseltitle.prefab
[LOG 18:20:28.348] missionbrowser.prefab
[LOG 18:20:28.348] missioncheckpointbrowser.prefab
[LOG 18:20:28.348] missioncrewlistitem.prefab
[LOG 18:20:28.348] missionentrywidget.prefab
[LOG 18:20:28.348] missiontemplateentrywidget.prefab
[LOG 18:20:28.348] partcategorizerbutton.prefab
[LOG 18:20:28.348] partselectorbrowser.prefab
[LOG 18:20:28.348] partselectorentry.prefab
[LOG 18:20:28.348] gaputil_vesselframe.prefab
[LOG 18:20:28.348] meguiconnector.prefab
[LOG 18:20:28.348] meguinode.prefab
[LOG 18:20:28.348] meguinodecategorybutton.prefab
[LOG 18:20:28.348] meguinodeicon.prefab
[LOG 18:20:28.348] meguinodeicongroup.prefab
[LOG 18:20:28.348] meguiscrollviewitem.prefab
[LOG 18:20:28.348] meiconloaderbasicnode.prefab
[LOG 18:20:28.348] meiconloadergap.prefab
[LOG 18:20:28.348] meiconloadernodecategorizer.prefab
[LOG 18:20:28.349] menodecanvas.prefab
[LOG 18:20:28.349] missioneditorscreen.prefab
[LOG 18:20:28.349] nodelisttooltip.prefab
[LOG 18:20:28.349] nodelisttooltipextinfolistspacer.prefab
[LOG 18:20:28.349] orbitgizmo.prefab
[LOG 18:20:28.349] biomeshighlight.shader
[LOG 18:20:28.349] projector-surfacegizmo.shader
[LOG 18:20:28.349] scaledplanetbiomeshighlight.shader
[LOG 18:20:28.349] sprites-alwaysover.shader
[LOG 18:20:28.349] ui-unlit-infinite.shader
[LOG 18:20:28.349] ui-unlit-solid.shader
[LOG 18:20:28.349] assetgraph_connectionpoint_inputmark.png
[LOG 18:20:28.349] assetgraph_inputbg.png
[LOG 18:20:28.349] boldly.png
[LOG 18:20:28.349] carpool.png
[LOG 18:20:28.349] frugal.png
[LOG 18:20:28.349] homesick.png
[LOG 18:20:28.349] keys.png
[LOG 18:20:28.349] saint.png
[LOG 18:20:28.349] sinner.png
[LOG 18:20:28.349] thespot.png
[LOG 18:20:28.350] timekeeper.png
[LOG 18:20:28.350] helmetbronze.png
[LOG 18:20:28.350] helmetgold.png
[LOG 18:20:28.350] helmetsilver.png
[LOG 18:20:28.350] action-part-resource-drain.png
[LOG 18:20:28.350] change-part-resource-levels.png
[LOG 18:20:28.350] create-asteroid.png
[LOG 18:20:28.350] create-kerbal.png
[LOG 18:20:28.350] create-vessel.png
[LOG 18:20:28.350] crew-assignment.png
[LOG 18:20:28.350] dialog-message.png
[LOG 18:20:28.350] display-message.png
[LOG 18:20:28.350] fail-part.png
[LOG 18:20:28.350] fly-through.png
[LOG 18:20:28.350] funds-recovery.png
[LOG 18:20:28.350] generic-node.png
[LOG 18:20:28.350] go-to.png
[LOG 18:20:28.350] kerbal-boarded.png
[LOG 18:20:28.350] kerbal-recovery.png
[LOG 18:20:28.350] kerbal-rescue.png
[LOG 18:20:28.350] launch-site.png
[LOG 18:20:28.350] leave-soi.png
[LOG 18:20:28.350] orbit.png
[LOG 18:20:28.350] part-explode.png
[LOG 18:20:28.350] plant-flag.png
[LOG 18:20:28.350] reach-soi.png
[LOG 18:20:28.351] repair-part.png
[LOG 18:20:28.351] resource-amount.png
[LOG 18:20:28.351] resource-recovery.png
[LOG 18:20:28.351] science-experiment.png
[LOG 18:20:28.351] score.png
[LOG 18:20:28.351] take-tourist.png
[LOG 18:20:28.351] test-altitude.png
[LOG 18:20:28.351] test-eva.png
[LOG 18:20:28.351] test-grapple.png
[LOG 18:20:28.351] time-of-flight.png
[LOG 18:20:28.351] time-of-mission.png
[LOG 18:20:28.351] time-since-node.png
[LOG 18:20:28.351] vessel-crashed.png
[LOG 18:20:28.351] vessel-crew-count.png
[LOG 18:20:28.351] vessel-explode.png
[LOG 18:20:28.351] vessel-flying.png
[LOG 18:20:28.351] vessel-landed.png
[LOG 18:20:28.351] vessel-mass.png
[LOG 18:20:28.351] vessel-splashed.png
[LOG 18:20:28.351] vessel-stage-activated.png
[LOG 18:20:28.351] vessel-stage.png
[LOG 18:20:28.351] arrange-graph.png
[LOG 18:20:28.351] builderbuttons_briefing.png
[LOG 18:20:28.352] builderbuttons_reset.png
[LOG 18:20:28.352] builderbuttons_trackingstation.png
[LOG 18:20:28.352] frame-graph.png
[LOG 18:20:28.352] lock.png
[LOG 18:20:28.352] maximize.png
[LOG 18:20:28.352] minimize.png
[LOG 18:20:28.352] pin.png
[LOG 18:20:28.352] pin_down.png
[LOG 18:20:28.352] redo.png
[LOG 18:20:28.352] reset.png
[LOG 18:20:28.352] tracking-station.png
[LOG 18:20:28.352] undo.png
[LOG 18:20:28.352] visible-in-gap.png
[LOG 18:20:28.352] location.png
[LOG 18:20:28.352] logic.png
[LOG 18:20:28.352] science.png
[LOG 18:20:28.352] utility.png
[LOG 18:20:28.352] vessel.png
[LOG 18:20:28.352] eye.png
[LOG 18:20:28.352] iconmb.png
[LOG 18:20:28.352] me_btn_generic_normal.tif
[LOG 18:20:28.352] me_button_generic_normal.tif
[LOG 18:20:28.352] nodecat_bg.png
[LOG 18:20:28.352] nodecat_divider.tif
[LOG 18:20:28.352] nodecat_divider_bottom.tif
[LOG 18:20:28.352] pholderwarningicon.png
[LOG 18:20:28.352] reseticon.png
[LOG 18:20:28.352] validityindicator.controller
[LOG 18:20:28.352] validtyinidicatorpulse.anim
[LOG 18:20:28.353] broadorbittoggle button.png
[LOG 18:20:28.353] maneuvertoggle button.png
[LOG 18:20:28.353] orbitalgizmoicons.png
[LOG 18:20:28.353] reset orbit button.png
[LOG 18:20:28.353] nodelabel.prefab
[LOG 18:20:28.353] kerbaleva_female_exp.prefab
[LOG 18:20:28.353] kerbaleva_rd_exp.prefab
[LOG 18:20:28.353] missioneditorevabody.mat
[LOG 18:20:28.353] missioneditorevabodyalternate.mat
[LOG 18:20:28.353] missioneditorevabodybrown.mat
[LOG 18:20:28.353] missioneditorevaeyeballs.mat
[LOG 18:20:28.353] missioneditorevaeyes.mat
[LOG 18:20:28.353] missioneditorevahead.mat
[LOG 18:20:28.353] missioneditorevahelmet.mat
[LOG 18:20:28.353] missioneditorevahelmetred.mat
[LOG 18:20:28.353] missioneditorevajetpack.mat
[LOG 18:20:28.353] missioneditorevalight.mat
[LOG 18:20:28.353] kbevafemalevintage.prefab
[LOG 18:20:28.353] kbevavintage.prefab
[LOG 18:20:28.353] evalight.fbx
[LOG 18:20:28.353] kbeva@new.fbx
[LOG 18:20:28.353] kbeva@newfem.fbx
[LOG 18:20:28.353] mevahelmetlight.fbx
[LOG 18:20:28.353] evajetpackscondary.dds
[LOG 18:20:28.353] evajetpacksecondary_n.dds
[LOG 18:20:28.353] evalight.png
[LOG 18:20:28.353] kerbalmainnrm.dds
[LOG 18:20:28.353] me_suit_difuse_blue.dds
[LOG 18:20:28.353] me_suit_difuse_low_polybrown.dds
[LOG 18:20:28.353] me_suit_difuse_orange.dds
[LOG 18:20:28.354] kerbalfemalevintage.prefab
[LOG 18:20:28.354] kerbalmalevintage.prefab
[LOG 18:20:28.354] evahelmet.mat
[LOG 18:20:28.354] evatexture.mat
[LOG 18:20:28.354] kerbalgirl_06_basecolor.mat
[LOG 18:20:28.354] kerbalhead.mat
[LOG 18:20:28.354] lambert6.mat
[LOG 18:20:28.354] mat_eyeballs.mat
[LOG 18:20:28.354] mat_eyes01.mat
[LOG 18:20:28.354] material #4.mat
[LOG 18:20:28.354] mesh_female_kerbalastronaut01_kerbalgirl_export_15_lambert20.mat
[LOG 18:20:28.354] mesh_female_kerbalastronaut01_kerbalgirl_export_15_lambert21.mat
[LOG 18:20:28.354] kbfemale_iva_mecanim.fbx
[LOG 18:20:28.354] kbiva_mecanim.fbx
[LOG 18:20:28.354] kerbalicon_eva_female_vintage.tif
[LOG 18:20:28.354] kerbalicon_eva_vintage.tif
[LOG 18:20:28.354] kerbalicon_suit_female_vintage.tif
[LOG 18:20:28.354] kerbalicon_suit_orange_female_vintage.tif
[LOG 18:20:28.354] kerbalicon_suit_orange_vintage.tif
[LOG 18:20:28.354] kerbalicon_suit_vintage.tif
[LOG 18:20:28.354] gap_celestialbody_camerasetup.prefab
[LOG 18:20:28.354] gap_celestialbody_collisionsphere.prefab
[LOG 18:20:28.354] gap_celestialbody_surfacegizmo_area.prefab
[LOG 18:20:28.354] gap_celestialbody_surfacegizmo_basic.prefab
[LOG 18:20:28.354] gap_celestialbody_surfacegizmo_icon.prefab
[LOG 18:20:28.354] gap_celestialbody_surfacegizmo_vessel.prefab
[LOG 18:20:28.354] gap_celestialbody_surfacegizmo_volume.prefab
[LOG 18:20:28.354] gap_proceduralasteroid.prefab
[LOG 18:20:28.355] gap_proceduralcomet.prefab
[LOG 18:20:28.355] gapbuttonprefab.prefab
[LOG 18:20:28.355] gapkerbal_femaleveteran.prefab
[LOG 18:20:28.355] gapkerbal_femaleveteran_vintage.prefab
[LOG 18:20:28.355] gapkerbal_male_slimsuit.prefab
[LOG 18:20:28.355] gapkerbal_maleveteran.prefab
[LOG 18:20:28.355] gapkerbal_maleveteran_vintage.prefab
[LOG 18:20:28.355] gapscrollablesidebarbutton.prefab
[LOG 18:20:28.355] gapsidebarbutton.prefab
[LOG 18:20:28.355] gaptoggleprefab.prefab
[LOG 18:20:28.355] gaputil_biselector.prefab
[LOG 18:20:28.355] gaputil_celestialbody.prefab
[LOG 18:20:28.355] vesseldisplay_camerasetup.prefab
[LOG 18:20:28.355] desert_airfield.prefab
[LOG 18:20:28.355] desert_groundobjects.prefab
[LOG 18:20:28.355] desert_launch_site.prefab
[LOG 18:20:28.355] larkes.prefab
[LOG 18:20:28.355] floor bottom.mat
[LOG 18:20:28.355] floor top.mat
[LOG 18:20:28.355] legs.mat
[LOG 18:20:28.355] ramp.mat
[LOG 18:20:28.355] stairs grid lights pivot.mat
[LOG 18:20:28.355] supports 1.mat
[LOG 18:20:28.355] supports 2.mat
[LOG 18:20:28.355] tunnels.mat
[LOG 18:20:28.355] floor bottom.dds
[LOG 18:20:28.355] floor top.dds
[LOG 18:20:28.355] floor top_normal.dds
[LOG 18:20:28.355] legs.dds
[LOG 18:20:28.355] ramp.dds
[LOG 18:20:28.356] stairs grid lights pivot.dds
[LOG 18:20:28.356] supports 1.dds
[LOG 18:20:28.356] supports 2.dds
[LOG 18:20:28.356] tunnels.dds
[LOG 18:20:28.356] diffuse.mat
[LOG 18:20:28.356] floor bottom_base_color.mat
[LOG 18:20:28.356] floor top_base_color.mat
[LOG 18:20:28.356] legs_base_color.mat
[LOG 18:20:28.356] ramp_base_color.mat
[LOG 18:20:28.356] stairs grid lights pivot_base_colormodpsd.mat
[LOG 18:20:28.356] stairs_grid_lights_pivot_base_color.mat
[LOG 18:20:28.356] supports 1_base_color.mat
[LOG 18:20:28.356] supports 2_base_color.mat
[LOG 18:20:28.356] tunnels_base_color.mat
[LOG 18:20:28.356] mobilelaunchpad_19.fbx
[LOG 18:20:28.356] pontoons.fbx
[LOG 18:20:28.356] pontoons_diffuse.dds
[LOG 18:20:28.356] ramp_normal.png
[LOG 18:20:28.356] 1001_base_color.mat
[LOG 18:20:28.356] desert groundtransition.mat
[LOG 18:20:28.356] desert groundtransition_highquality.mat
[LOG 18:20:28.356] desert groundtransition_lowquality.mat
[LOG 18:20:28.356] desert groundtransition_mediumquality.mat
[LOG 18:20:28.356] desert groundtransition_ultraquality.mat
[LOG 18:20:28.356] desert runway sand.mat
[LOG 18:20:28.356] desert runway stone.mat
[LOG 18:20:28.356] mobilelaunchpad.prefab
[LOG 18:20:28.356] woomerang_groundobjects.prefab
[LOG 18:20:28.356] woomerang_launch_site.prefab
[LOG 18:20:28.357] Scenes:
[LOG 18:20:28.357] kspMissionEditor.unity
[LOG 18:20:37.075] Assets:
[LOG 18:20:37.075] appanim_missionsapp.prefab
[LOG 18:20:37.075] cascading_body_missionheader.prefab
[LOG 18:20:37.075] cascading_body_missioninfo.prefab
[LOG 18:20:37.075] cascading_body_missionobjective.prefab
[LOG 18:20:37.075] cascading_body_missionsvesselheader.prefab
[LOG 18:20:37.075] cascading_body_missionsvesselitem.prefab
[LOG 18:20:37.075] cascading_body_settingsbutton.prefab
[LOG 18:20:37.076] cascading_body_settingstoggle.prefab
[LOG 18:20:37.076] missionsapp.prefab
[LOG 18:20:37.076] axislimitline.prefab
[LOG 18:20:37.076] controlleraction.prefab
[LOG 18:20:37.076] controlleraxis.prefab
[LOG 18:20:37.076] controllerwindow.prefab
[LOG 18:20:37.076] curvepanelpoint.prefab
[LOG 18:20:37.076] curvepanelpointaction.prefab
[LOG 18:20:37.076] axis_align_ends.png
[LOG 18:20:37.076] axis_clamp_values.png
[LOG 18:20:37.076] axis_copy.png
[LOG 18:20:37.076] axis_flip_horizontal.png
[LOG 18:20:37.076] axis_flip_vertical.png
[LOG 18:20:37.076] axis_move_down-trackrow.png
[LOG 18:20:37.076] axis_move_down.png
[LOG 18:20:37.076] axis_move_up-trackrow.png
[LOG 18:20:37.076] axis_move_up.png
[LOG 18:20:37.076] axis_paste.png
[LOG 18:20:37.076] axis_preset_flat.png
[LOG 18:20:37.076] axis_preset_sawtooth.png
[LOG 18:20:37.076] axis_preset_sine.png
[LOG 18:20:37.076] axis_preset_square.png
[LOG 18:20:37.076] axis_preset_triangle.png
[LOG 18:20:37.076] axis_select_all.png
[LOG 18:20:37.076] background_squared_inset.png
[LOG 18:20:37.076] close.png
[LOG 18:20:37.076] direction_forward.png
[LOG 18:20:37.077] direction_reverse.png
[LOG 18:20:37.077] edit.png
[LOG 18:20:37.077] fieldlimitline.png
[LOG 18:20:37.077] keyframe_add.png
[LOG 18:20:37.077] keyframe_clamp_value.png
[LOG 18:20:37.077] keyframe_delete.png
[LOG 18:20:37.077] keyframe_linear.png
[LOG 18:20:37.077] keyframe_smooth.png
[LOG 18:20:37.077] keyframe_step_backward.png
[LOG 18:20:37.077] keyframe_step_forward.png
[LOG 18:20:37.077] line.png
[LOG 18:20:37.077] line_dashed.png
[LOG 18:20:37.077] loop_pingpong.png
[LOG 18:20:37.077] loop_playonce.png
[LOG 18:20:37.077] loop_repeat.png
[LOG 18:20:37.077] node.png
[LOG 18:20:37.077] node_circle.png
[LOG 18:20:37.077] node_square.png
[LOG 18:20:37.077] pause.png
[LOG 18:20:37.077] play.png
[LOG 18:20:37.077] pointer.png
[LOG 18:20:37.077] remove-axis.png
[LOG 18:20:37.077] remove_key.png
[LOG 18:20:37.077] resize_icon.png
[LOG 18:20:37.077] sequence_resize_button_states.png
[LOG 18:20:37.077] sequence_resize_maintain.png
[LOG 18:20:37.077] sequence_resize_scale.png
[LOG 18:20:37.077] sequence_speed.png
[LOG 18:20:37.077] tracking_editor_button_states.png
[LOG 18:20:37.077] femalefuturepreview.prefab
[LOG 18:20:37.077] malefuturepreview.prefab
[LOG 18:20:37.078] kbfemale@controlpanel_a.fbx
[LOG 18:20:37.078] kbfemale@controlpanel_b.fbx
[LOG 18:20:37.078] kbfemale@controlpanel_c.fbx
[LOG 18:20:37.078] kbfemale@rocksample.fbx
[LOG 18:20:37.078] hammerfemale.fbx
[LOG 18:20:37.078] hammermale.fbx
[LOG 18:20:37.078] kbeva@controlpanel_a.fbx
[LOG 18:20:37.078] kbeva@controlpanel_b.fbx
[LOG 18:20:37.078] kbeva@controlpanel_c.fbx
[LOG 18:20:37.078] kbeva@rocksample.fbx
[LOG 18:20:37.078] kerbaleva_female_future.prefab
[LOG 18:20:37.078] kerbaleva_rd_future.prefab
[LOG 18:20:37.078] futureevabody.mat
[LOG 18:20:37.078] futureevabodyalternate.mat
[LOG 18:20:37.078] futureevajetpack.mat
[LOG 18:20:37.078] futureevalight.mat
[LOG 18:20:37.078] futurehelmet.mat
[LOG 18:20:37.078] kbevafemalefuture.prefab
[LOG 18:20:37.078] kbevafuture.prefab
[LOG 18:20:37.078] kbeva@new.fbx
[LOG 18:20:37.078] kbeva@newfem.fbx
[LOG 18:20:37.078] mevahelmetlight.fbx
[LOG 18:20:37.078] serenityfemaleeva.fbx
[LOG 18:20:37.078] serenityflares.fbx
[LOG 18:20:37.078] serenitymaleeva.fbx
[LOG 18:20:37.078] evajetpacknrm.dds
[LOG 18:20:37.078] futuresuit_diffuse_orange.dds
[LOG 18:20:37.078] futuresuit_diffuse_whiteblue.dds
[LOG 18:20:37.078] futuresuit_diffuse_whiteorange.dds
[LOG 18:20:37.079] futuresuit_emissive.dds
[LOG 18:20:37.079] futuresuit_evalight.png
[LOG 18:20:37.079] futuresuitmainnrm.dds
[LOG 18:20:37.079] ksp_ig_jetpack_diffuse.jpg
[LOG 18:20:37.079] kerbalfemalefuture.prefab
[LOG 18:20:37.079] kerbalmalefuture.prefab
[LOG 18:20:37.079] futuresuit_diffuse.mat
[LOG 18:20:37.079] serenityfemaleiva.fbx
[LOG 18:20:37.079] serenitymaleiva.fbx
[LOG 18:20:37.079] kerbalicon_eva_female_future.tif
[LOG 18:20:37.079] kerbalicon_eva_future.tif
[LOG 18:20:37.079] kerbalicon_suit_female_future.tif
[LOG 18:20:37.079] kerbalicon_suit_future.tif
[LOG 18:20:37.079] kerbalicon_suit_orange_female_future.tif
[LOG 18:20:37.079] kerbalicon_suit_orange_future.tif
[LOG 18:20:37.079] bottom_emissor.mat
[LOG 18:20:37.079] burst_emissor.mat
[LOG 18:20:37.079] burstprojectiles_emissor.mat
[LOG 18:20:37.079] constantburst_emissor.mat
[LOG 18:20:37.079] snowflakes_emissor.mat
[LOG 18:20:37.079] vapor_emissor.mat
[LOG 18:20:37.079] base_0.mat
[LOG 18:20:37.079] base_1.mat
[LOG 18:20:37.079] base_2.mat
[LOG 18:20:37.079] base_3_1.mat
[LOG 18:20:37.079] base_3_2.mat
[LOG 18:20:37.079] vapor.mat
[LOG 18:20:37.079] burst.png
[LOG 18:20:37.079] cloud2.png
[LOG 18:20:37.079] v1.png
[LOG 18:20:37.080] v2.png
[LOG 18:20:37.080] v3.png
[LOG 18:20:37.080] v5.png
[LOG 18:20:37.080] gapkerbal_female_future.prefab
[LOG 18:20:37.080] gapkerbal_male_future.prefab
[LOG 18:20:37.080] hammerfemale.prefab
[LOG 18:20:37.080] hammermale.prefab
[LOG 18:20:37.080] bopgravelpile.prefab
[LOG 18:20:37.080] bopgravelpile.fbx
[LOG 18:20:37.080] bop_gravel pile_d.mat
[LOG 18:20:37.080] lambert1.mat
[LOG 18:20:37.080] bop_gravel pile_d.png
[LOG 18:20:37.080] bop_gravel pile_d.tga
[LOG 18:20:37.080] bop_gravel pile_n.png
[LOG 18:20:37.080] bop_gravel pile_s.png
[LOG 18:20:37.080] drescrater.prefab
[LOG 18:20:37.080] dresmeteorite.prefab
[LOG 18:20:37.080] drescrater.fbx
[LOG 18:20:37.080] dresmeteorite.fbx
[LOG 18:20:37.080] dres_crater_d.mat
[LOG 18:20:37.080] dres_meteorite_d.mat
[LOG 18:20:37.080] lambert1.mat
[LOG 18:20:37.080] dres_crater_d.tga
[LOG 18:20:37.080] dres_crater_n.png
[LOG 18:20:37.080] dres_meteorite_d.tga
[LOG 18:20:37.080] dres_meteorite_n.png
[LOG 18:20:37.080] dunablueberries.prefab
[LOG 18:20:37.080] dunadune.prefab
[LOG 18:20:37.080] dunameteorite.prefab
[LOG 18:20:37.080] dunastone.prefab
[LOG 18:20:37.081] dunaasteroid.fbx
[LOG 18:20:37.081] dunablueberries.fbx
[LOG 18:20:37.081] dunadune.fbx
[LOG 18:20:37.081] dunastone.fbx
[LOG 18:20:37.081] duna_asteroid_d.mat
[LOG 18:20:37.081] duna_dune_d.mat
[LOG 18:20:37.081] duna_stone_d.mat
[LOG 18:20:37.081] dune_blueberries_d.mat
[LOG 18:20:37.081] lambert1.mat
[LOG 18:20:37.081] duna_asteroid_d.tga
[LOG 18:20:37.081] duna_asteroid_n.png
[LOG 18:20:37.081] duna_dune_d.tga
[LOG 18:20:37.081] duna_dune_n.tga
[LOG 18:20:37.081] duna_stone_d.tga
[LOG 18:20:37.081] duna_stone_n.png
[LOG 18:20:37.081] dune_blueberries_d.tga
[LOG 18:20:37.081] dune_blueberries_n.png
[LOG 18:20:37.081] eelooberg.prefab
[LOG 18:20:37.081] eeloobrownboulder.prefab
[LOG 18:20:37.081] eelooicechunk.prefab
[LOG 18:20:37.081] eelooberg.fbx
[LOG 18:20:37.081] eelooboulder.fbx
[LOG 18:20:37.081] eelooicechunk.fbx
[LOG 18:20:37.081] eeloo_alien_glacier_d.mat
[LOG 18:20:37.081] eeloo_brown_ boulder_d.mat
[LOG 18:20:37.081] eeloo_ice chunk_d.mat
[LOG 18:20:37.081] lambert1.mat
[LOG 18:20:37.081] eeloo_alien_glacier_d.tga
[LOG 18:20:37.081] eeloo_alien_glacier_e.tga
[LOG 18:20:37.082] eeloo_alien_glacier_n.png
[LOG 18:20:37.082] eeloo_brown_ boulder_d.tga
[LOG 18:20:37.082] eeloo_brown_ boulder_n.png
[LOG 18:20:37.082] eeloo_ice chunk_d.tga
[LOG 18:20:37.082] eeloo_ice chunk_e.tga
[LOG 18:20:37.082] eeloo_ice chunk_n.png
[LOG 18:20:37.082] eeloo_ice chunk_s.tga
[LOG 18:20:37.082] evebasaltformation.prefab
[LOG 18:20:37.082] evepancakedome.prefab
[LOG 18:20:37.082] evevolcanicrock.prefab
[LOG 18:20:37.082] evebasaltformation.fbx
[LOG 18:20:37.082] evepancakeformation.fbx
[LOG 18:20:37.082] evevolcanicrock.fbx
[LOG 18:20:37.082] eve basalt formation_d.mat
[LOG 18:20:37.082] eve pancake formation_d.mat
[LOG 18:20:37.082] eve volcanic rock_d.mat
[LOG 18:20:37.082] lambert1.mat
[LOG 18:20:37.082] eve basalt formation_d.tga
[LOG 18:20:37.082] eve basalt formation_n.tga
[LOG 18:20:37.082] eve pancake formation_d.tga
[LOG 18:20:37.082] eve pancake formation_e.png
[LOG 18:20:37.082] eve pancake formation_n.png
[LOG 18:20:37.082] eve volcanic rock_d.tga
[LOG 18:20:37.082] eve volcanic rock_n.png
[LOG 18:20:37.082] gillyridgeline.fbx
[LOG 18:20:37.082] gilly ridegeline_d.mat
[LOG 18:20:37.082] lambert1.mat
[LOG 18:20:37.082] gillyridgeline.prefab
[LOG 18:20:37.082] gilly ridegeline_d.tga
[LOG 18:20:37.083] gilly ridegeline_n.png
[LOG 18:20:37.083] dunaejecta.prefab
[LOG 18:20:37.083] ikedunaejecta.fbx
[LOG 18:20:37.083] ike_duna_ejecta_mat.mat
[LOG 18:20:37.083] ike duna ejecta_d.tga
[LOG 18:20:37.083] ike duna ejecta_n.png
[LOG 18:20:37.083] kerbinbaobabtree.fbx
[LOG 18:20:37.083] kerbinquartz.fbx
[LOG 18:20:37.083] baobaptree.mat
[LOG 18:20:37.083] kerbin_baobab_tree_d.mat
[LOG 18:20:37.083] kerbin_boabob_tree_d.mat
[LOG 18:20:37.083] kerbin_giant_quartz_d.mat
[LOG 18:20:37.083] lambert1.mat
[LOG 18:20:37.083] lambert2.mat
[LOG 18:20:37.083] kerbinbaobabtree.prefab
[LOG 18:20:37.083] kerbinquartz.prefab
[LOG 18:20:37.083] kerbin_baobab_tree_alpha.png
[LOG 18:20:37.083] kerbin_baobab_tree_d.tga
[LOG 18:20:37.083] kerbin_baobab_tree_n.png
[LOG 18:20:37.083] kerbin_giant_quartz_d.tga
[LOG 18:20:37.083] kerbin_giant_quartz_e.tga
[LOG 18:20:37.083] kerbin_giant_quartz_n.tga
[LOG 18:20:37.083] kerbin_giant_quartz_s.tga
[LOG 18:20:37.083] laytheboulder.fbx
[LOG 18:20:37.083] laythegeyser.fbx
[LOG 18:20:37.083] laythestone.fbx
[LOG 18:20:37.083] lambert1.mat
[LOG 18:20:37.083] laythe_boulder_d.mat
[LOG 18:20:37.083] laythe_geyser_d.mat
[LOG 18:20:37.084] laythe_stone_d.mat
[LOG 18:20:37.084] laytheboulder.prefab
[LOG 18:20:37.084] laythegeyser.prefab
[LOG 18:20:37.084] laythestone.prefab
[LOG 18:20:37.084] laythe_boulder_d.tga
[LOG 18:20:37.084] laythe_boulder_n.png
[LOG 18:20:37.084] laythe_geyser_d.tga
[LOG 18:20:37.084] laythe_geyser_n.png
[LOG 18:20:37.084] laythe_stone_d.tga
[LOG 18:20:37.084] laythe_stone_n.png
[LOG 18:20:37.084] greensandstone.fbx
[LOG 18:20:37.084] lambert1.mat
[LOG 18:20:37.084] minmus_green_sandstone_d.mat
[LOG 18:20:37.084] minmus_olivine_formation_d.mat
[LOG 18:20:37.084] minmusolivineformation.fbx
[LOG 18:20:37.084] minmus_greensandstone.prefab
[LOG 18:20:37.084] minmus_olivineformation.prefab
[LOG 18:20:37.084] minmus_green_sandstone_d.tga
[LOG 18:20:37.084] minmus_green_sandstone_n.png
[LOG 18:20:37.084] minmus_olivine_formation_d.tga
[LOG 18:20:37.084] minmus_olivine_formation_n.png
[LOG 18:20:37.084] lambert1.mat
[LOG 18:20:37.084] moho wrinkleridge_d.mat
[LOG 18:20:37.084] moho_stone_d.mat
[LOG 18:20:37.084] mohostone.fbx
[LOG 18:20:37.084] mohowrinkleridge.fbx
[LOG 18:20:37.084] mohostone.prefab
[LOG 18:20:37.084] mohowrinkleridge.prefab
[LOG 18:20:37.084] moho wrinkleridge_d.tga
[LOG 18:20:37.085] moho wrinkleridge_e.png
[LOG 18:20:37.085] moho wrinkleridge_n.png
[LOG 18:20:37.085] moho_stone_d.tga
[LOG 18:20:37.085] moho_stone_n.png
[LOG 18:20:37.085] lambert1.mat
[LOG 18:20:37.085] mun_crater_d.mat
[LOG 18:20:37.085] mun_large_crater_d.mat
[LOG 18:20:37.085] mun_stone_d.mat
[LOG 18:20:37.085] muncrater.fbx
[LOG 18:20:37.085] munlargecrater.fbx
[LOG 18:20:37.085] munstone.fbx
[LOG 18:20:37.085] muncrater.prefab
[LOG 18:20:37.085] munlargecrater.prefab
[LOG 18:20:37.085] munstone.prefab
[LOG 18:20:37.085] mun_crater_d.tga
[LOG 18:20:37.085] mun_crater_n.png
[LOG 18:20:37.085] mun_large_crater_d.tga
[LOG 18:20:37.085] mun_large_crater_n.png
[LOG 18:20:37.085] mun_stone_d.tga
[LOG 18:20:37.085] mun_stone_n.png
[LOG 18:20:37.085] lambert1.mat
[LOG 18:20:37.085] pol_yellowstone_d.mat
[LOG 18:20:37.085] polyellowstone.fbx
[LOG 18:20:37.085] pol_yellowstones.prefab
[LOG 18:20:37.085] pol_yellowstone_d.png
[LOG 18:20:37.085] pol_yellowstone_n.png
[LOG 18:20:37.085] lambert1.mat
[LOG 18:20:37.085] tylo_checkerboard_d.mat
[LOG 18:20:37.085] tylo_dark boulder_d.mat
[LOG 18:20:37.086] tylo_light_d.mat
[LOG 18:20:37.086] tyloboulder.fbx
[LOG 18:20:37.086] tylocheckerboard.fbx
[LOG 18:20:37.086] tylolightstone.fbx
[LOG 18:20:37.086] tylo_ checkerboard_n.png
[LOG 18:20:37.086] tylo_checkerboard_d.png
[LOG 18:20:37.086] tylo_dark boulder_d.tga
[LOG 18:20:37.086] tylo_dark boulder_n.png
[LOG 18:20:37.086] tylo_light_d.tga
[LOG 18:20:37.086] tylo_light_n.png
[LOG 18:20:37.086] tylocheckerboard.prefab
[LOG 18:20:37.086] tylodarkboulder.prefab
[LOG 18:20:37.086] tylolightstone.prefab
[LOG 18:20:37.086] cryovolcano_d.mat
[LOG 18:20:37.086] lambert1.mat
[LOG 18:20:37.086] vallicechunk_d.mat
[LOG 18:20:37.087] vallstone_d.mat
[LOG 18:20:37.087] vall_cryovolcano.fbx
[LOG 18:20:37.087] vall_icechunk.fbx
[LOG 18:20:37.087] vall_stone.fbx
[LOG 18:20:37.087] cryovolcano_d.tga
[LOG 18:20:37.087] cryovolcano_e.png
[LOG 18:20:37.087] cryovolcano_n.jpg
[LOG 18:20:37.087] cryovolcano_s.jpg
[LOG 18:20:37.087] vallicechunk_d.jpg
[LOG 18:20:37.087] vallicechunk_e.jpg
[LOG 18:20:37.087] vallicechunk_n.jpg
[LOG 18:20:37.087] vallicechunk_s.jpg
[LOG 18:20:37.087] vallstone_d.jpg
[LOG 18:20:37.087] vallstone_e.jpg
[LOG 18:20:37.087] vallstone_n.jpg
[LOG 18:20:37.087] vallstone_s.jpg
[LOG 18:20:37.087] vallcryovolcano.prefab
[LOG 18:20:37.087] vallicechunk.prefab
[LOG 18:20:37.087] vallstone.prefab
[LOG 18:20:37.088] vfx_spark.mat
[LOG 18:20:37.088] vfx_welding_flare.mat
[LOG 18:20:37.088] cometdustmaterial.mat
[LOG 18:20:37.088] cometgeysermat.mat
[LOG 18:20:37.096] GetTypesOfModulesImplementingInterface2: Found 69 types with IPartModuleAdjuster interface in 8 assemblies.
[LOG 18:20:37.105] GetSubclassesOfParentClass: Found 0 types with ModuleActiveRadiator parent in 8 assemblies.
[LOG 18:20:37.112] GetSubclassesOfParentClass: Found 0 types with ModuleAlternator parent in 8 assemblies.
[LOG 18:20:37.125] GetSubclassesOfParentClass: Found 1 types with ModuleControlSurface parent in 8 assemblies.
[LOG 18:20:37.139] GetSubclassesOfParentClass: Found 0 types with ModuleDataTransmitter parent in 8 assemblies.
[LOG 18:20:37.146] GetSubclassesOfParentClass: Found 0 types with ModuleDeployableSolarPanel parent in 8 assemblies.
[LOG 18:20:37.154] GetSubclassesOfParentClass: Found 1 types with ModuleEngines parent in 8 assemblies.
[LOG 18:20:37.162] GetSubclassesOfParentClass: Found 0 types with ModuleGenerator parent in 8 assemblies.
[LOG 18:20:37.169] GetSubclassesOfParentClass: Found 0 types with ModuleGimbal parent in 8 assemblies.
[LOG 18:20:37.177] GetSubclassesOfParentClass: Found 2 types with ModuleLiftingSurface parent in 8 assemblies.
[LOG 18:20:37.184] GetSubclassesOfParentClass: Found 0 types with ModuleLight parent in 8 assemblies.
[LOG 18:20:37.192] GetSubclassesOfParentClass: Found 0 types with ModuleReactionWheel parent in 8 assemblies.
[LOG 18:20:37.201] GetSubclassesOfParentClass: Found 0 types with ModuleSAS parent in 8 assemblies.
[LOG 18:20:37.209] GetSubclassesOfParentClass: Found 0 types with ModuleWheelBrakes parent in 8 assemblies.
[LOG 18:20:37.217] GetSubclassesOfParentClass: Found 1 types with ModuleWheelMotor parent in 8 assemblies.
[LOG 18:20:37.217] GetSubclassesOfParentClass: Using cached results for ModuleActiveRadiator
[LOG 18:20:37.224] GetSubclassesOfParentClass: Found 0 types with ModuleAnchoredDecoupler parent in 8 assemblies.
[LOG 18:20:37.232] GetSubclassesOfParentClass: Found 0 types with ModuleCargoBay parent in 8 assemblies.
[LOG 18:20:37.232] GetSubclassesOfParentClass: Using cached results for ModuleControlSurface
[LOG 18:20:37.233] GetSubclassesOfParentClass: Using cached results for ModuleDataTransmitter
[LOG 18:20:37.239] GetSubclassesOfParentClass: Found 0 types with ModuleDecouple parent in 8 assemblies.
[LOG 18:20:37.247] GetSubclassesOfParentClass: Found 4 types with ModuleDeployablePart parent in 8 assemblies.
[LOG 18:20:37.255] GetSubclassesOfParentClass: Found 0 types with ModuleDockingNode parent in 8 assemblies.
[LOG 18:20:37.255] GetSubclassesOfParentClass: Using cached results for ModuleEngines
[LOG 18:20:37.262] GetSubclassesOfParentClass: Found 0 types with CModuleFuelLine parent in 8 assemblies.
[LOG 18:20:37.269] GetSubclassesOfParentClass: Found 0 types with ModuleGPS parent in 8 assemblies.
[LOG 18:20:37.276] GetSubclassesOfParentClass: Found 0 types with ModuleGrappleNode parent in 8 assemblies.
[LOG 18:20:37.276] GetSubclassesOfParentClass: Using cached results for ModuleGrappleNode
[LOG 18:20:37.284] GetSubclassesOfParentClass: Found 0 types with ModuleKerbNetAccess parent in 8 assemblies.
[LOG 18:20:37.284] GetSubclassesOfParentClass: Using cached results for ModuleLight
[LOG 18:20:37.285] GetSubclassesOfParentClass: Using cached results for ModuleLight
[LOG 18:20:37.294] GetSubclassesOfParentClass: Found 0 types with ModuleProbeControlPoint parent in 8 assemblies.
[LOG 18:20:37.303] GetSubclassesOfParentClass: Found 1 types with ModuleRCS parent in 8 assemblies.
[LOG 18:20:37.303] GetSubclassesOfParentClass: Using cached results for ModuleRCS
[LOG 18:20:37.304] GetSubclassesOfParentClass: Using cached results for ModuleReactionWheel
[LOG 18:20:37.304] GetSubclassesOfParentClass: Using cached results for ModuleReactionWheel
[LOG 18:20:37.314] GetSubclassesOfParentClass: Found 0 types with ModuleResourceIntake parent in 8 assemblies.
[LOG 18:20:37.321] GetSubclassesOfParentClass: Found 0 types with ModuleScienceExperiment parent in 8 assemblies.
[LOG 18:20:37.329] GetSubclassesOfParentClass: Found 0 types with ModuleToggleCrossfeed parent in 8 assemblies.
[LOG 18:20:37.337] GetSubclassesOfParentClass: Found 0 types with ModuleWheelDeployment parent in 8 assemblies.
[LOG 18:20:37.377] ExpansionsLoader: Expansions loaded in 9.033s
[LOG 18:20:37.377] Loading Systems: Elapsed time is 29.31822s
[LOG 18:20:41.216] [AddonLoader]: Instantiating addon 'KSPCFFastLoaderPSystemSetup' from assembly 'KSPCommunityFixes'
[LOG 18:20:41.575] [Agent]: Found 19 agent mentality types
[LOG 18:20:41.577] [AgentList]: 31 agents parsed and loaded.
[LOG 18:20:41.615] [UIMasterController]: HideUI
[LOG 18:20:41.709] [CelestialBody]: Kerbin's solar day length is 1d, 0h, 0m long. sidereal day length is 5h, 59m, 9s long
[LOG 18:20:47.699] [UIMasterController]: HideUI
[LOG 18:20:47.707] [HighLogic]: =========================== Scene Change : From LOADING to MAINMENU =====================
[LOG 18:20:48.394] [AddonLoader]: Instantiating addon 'ContractDefs' from assembly 'KSP'
[LOG 18:20:48.771] [AddonLoader]: Instantiating addon 'KSPCFFastLoaderReport' from assembly 'KSPCommunityFixes'
[LOG 18:20:48.799] [UIMasterController]: ShowUI
[LOG 18:20:49.065] [GameParameters]: Loaded custom parameter class CommNetParams.
[LOG 18:20:49.066] [GameParameters]: Loaded custom parameter class MissionParamsGeneral.
[LOG 18:20:49.066] [GameParameters]: Loaded custom parameter class MissionParamsFacilities.
[LOG 18:20:49.066] [GameParameters]: Loaded custom parameter class MissionParamsExtras.
[LOG 18:20:49.067] [GameParameters]: Loaded custom parameter class AdvancedParams.
[LOG 18:20:49.090] [ReflectionUtil]: Found 40 types with UpgradeModule attribute in 8 assemblies.
[LOG 18:20:49.108] [KSPCF:FastLoader] Intel(R) Core(TM) i7-4790K CPU @ 4.00GHz | 32687 MB | NVIDIA GeForce GTX 1060 6GB (6029 MB)
Total loading time to main menu : 44.768s
- Configs and assemblies loaded in 5.892s
- Configs reload done in 1.228s
- Configs translated in 0.017s
- 2353 assets loaded in 3.714s :
  - 86 audio assets (79.689 MiB) in 0.626s, 127.29 MiB/s
  - 1640 texture assets (1.293 GiB) in 2.519s, 525.923 MiB/s
  - 626 model assets (64.41 MiB) in 0.567s, 113.571 MiB/s
- Asset bundles loaded in 0.526s
- GameDatabase (configs, resources, traits, upgrades...) loaded in 0.132s
- Built-in parts copied in 0.031s
- Part and internal configs extracted in 0.001s
- 483 parts and 1927 modules compiled in 9.422s
  - 4.0 modules/part, 19.507 ms/part, 4.889 ms/module
  - PartIcon compilation : 1.326s
- 27 internal spaces and 56 props compiled in 0.239s
- 2 DLC (Making History, Breaking Ground) loaded in 9.065s
- Planetary system loaded in 7.907s
[LOG 18:20:49.108] Texture queries : 1725, slow path : 1 (0.06 %)
[LOG 18:20:49.113] [ModuleManager] Total loading Time = 39.182s
[LOG 18:20:49.153] [ScenarioTypes]: List Created 23 scenario types loaded from 8 loaded assemblies.
[LOG 18:20:49.168] [ApplicationLauncher] Awake False
[LOG 18:20:49.169] [ApplicationLauncher] SpawnSimpleLayout: VerticalTopDown
[LOG 18:20:49.183] ScaleModList: listSize 41 maxListSize 0
[LOG 18:20:49.186] [UiApp] Awake: 
[LOG 18:20:49.186] [ApplicationLauncher] OnSceneLoadedGUIReady: scene MAINMENU ShouldBeVisible() True ShouldBeOnTop() True iIsPositionedAtTop True
[LOG 18:20:49.189] ScaleModList: listSize 41 maxListSize 663
[LOG 18:20:49.208] [UIApp] Adding  to Application Launcher
[LOG 18:20:49.209] ScaleModList: listSize 41 maxListSize 654
[LOG 18:20:49.210] [ApplicationLauncher] SetHidden: 
[LOG 18:20:49.210] ScaleModList: listSize 41 maxListSize 695
[LOG 18:20:49.215] [MessageSystem] OnAppInitialized
[LOG 18:20:49.216] [MessageSystem] Reposition 0.0391814 23480
[LOG 18:20:55.542] [KSPUpgradePipeline]: claude (1.12.5) is up to date.
[LOG 18:20:55.551] [ExperienceSystem]: Found 0 trait types
[LOG 18:20:55.560] [ExperienceSystem]: Found 20 effect types
[LOG 18:20:55.597] [ScenarioTypes]: List Created 23 scenario types loaded from 8 loaded assemblies.
[LOG 18:20:55.619] Game State Saved to saves/claude/persistent
[LOG 18:20:55.629] [MessageSystem] Load Messages
[LOG 18:20:55.632] [UIMasterController]: HideUI
[LOG 18:20:55.634] [HighLogic]: =========================== Scene Change : From MAINMENU to SPACECENTER =====================
[LOG 18:20:55.963] [AddonLoader]: Instantiating addon 'CustomConfigsManager' from assembly 'ModuleManager'
[LOG 18:20:58.979] [UIMasterController]: ShowUI
[LOG 18:20:59.282] [SceneLoadSpeedBoost] Save loaded from disk in 1ms
[LOG 18:20:59.293] GetSubclassesOfParentClass: Found 7 types with AlarmTypeBase parent in 8 assemblies.
[LOG 18:20:59.302] Loading Depletion Nodes
[LOG 18:20:59.302] DepNodeCount:  0
[LOG 18:20:59.302] Loading Biome Nodes
[LOG 18:20:59.302] BiomeNodeCount:  0
[LOG 18:20:59.303] Loading Planet Nodes
[LOG 18:20:59.303] PlanetNodeCount:  0
[LOG 18:20:59.317] [ScenarioDestructibles]: Loading... 0 objects registered
[LOG 18:20:59.480] [UiApp] Awake: KSPedia
[LOG 18:20:59.480] [UiApp] Awake: Missions App
[LOG 18:20:59.480] [UiApp] Awake: AlarmClock
[LOG 18:20:59.482] [GenericAppFrame] Reposition 0 25710
[LOG 18:20:59.483] [ApplicationLauncher] OnSceneLoadedGUIReady: scene SPACECENTER ShouldBeVisible() True ShouldBeOnTop() False iIsPositionedAtTop True
[LOG 18:20:59.483] [ApplicationLauncher] SpawnSimpleLayout: HorizontalRightLeft
[LOG 18:20:59.487] [ApplicationLauncher] SetVisible: 
[LOG 18:20:59.488] ScaleModList: listSize 41 maxListSize 1148
[LOG 18:20:59.489] ScaleModList: listSize 41 maxListSize 1139
[LOG 18:20:59.529] [UIApp] OnDestroy: Contracts
[LOG 18:20:59.537] [MessageSystem] Reposition 0.02 25711
[LOG 18:20:59.537] [GenericAppFrame] Reposition 0.02 25711
[LOG 18:20:59.539] [GenericAppFrame] Reposition 0.02 25711
[LOG 18:20:59.678] [UIApp] Adding AlarmClock to Application Launcher
[LOG 18:20:59.679] ScaleModList: listSize 41 maxListSize 1098
[LOG 18:20:59.679] [UIApp] Adding Missions App to Application Launcher
[LOG 18:20:59.680] ScaleModList: listSize 41 maxListSize 1057
[LOG 18:20:59.706] [GenericAppFrame] Reposition 0.0975959 25717
[LOG 18:20:59.710] [MissionsApp] OnAppStarted(): id: -383710
[LOG 18:20:59.710] MissionsApp does not execute in this game mode, destroying this instance
[LOG 18:20:59.710] [UIApp] OnDestroy: Missions App
[LOG 18:20:59.712] ScaleModList: listSize 41 maxListSize 1057
[LOG 18:20:59.723] [UIApp] Adding KSPedia to Application Launcher
[LOG 18:20:59.724] ScaleModList: listSize 41 maxListSize 1057
[LOG 18:21:30.191] Game Paused!
[LOG 18:21:30.191] [UIMasterController]: ShowUI
[LOG 18:21:33.673] [KSPUpgradePipeline]: claude (1.12.5) is up to date.
[LOG 18:21:33.682] [ScenarioTypes]: List Created 23 scenario types loaded from 8 loaded assemblies.
[LOG 18:21:33.683] [MessageSystem] Load Messages
[LOG 18:21:33.686] [UIMasterController]: HideUI
[LOG 18:21:33.695] [HighLogic]: =========================== Scene Change : From SPACECENTER to FLIGHT =====================
[LOG 18:21:33.698] Game Unpaused!
[LOG 18:21:34.004] [UIApp] OnDestroy: KSPedia
[LOG 18:21:34.004] ScaleModList: listSize 41 maxListSize 1057
[LOG 18:21:34.004] [UIApp] OnDestroy: AlarmClock
[LOG 18:21:34.004] ScaleModList: listSize 41 maxListSize 1057
[LOG 18:21:34.009] [KSPCF:MemoryLeaks] Removed a onPlanetariumTargetChange callback owned by a destroyed Assembly-CSharp:CommNetVessel instance
[LOG 18:21:34.019] [KSPCF:MemoryLeaks] Leaving scene "SpaceCenter", cleaned 5 memory leaks in 0.013s. GameEvents callbacks : 475. Allocated memory : 680.383 MiB (managed heap), 2.189 GiB (unmanaged)
[LOG 18:21:34.030] UICanvasPrefabSpawner FlightUI spawning Flight
[LOG 18:21:34.066] UICanvasPrefabSpawner FlightUI spawning VesselLabels
[LOG 18:21:34.066] [UiApp] Awake: ResourceDisplay
[LOG 18:21:34.150] [AddonLoader]: Instantiating addon 'AeroGUI' from assembly 'KSP'
[LOG 18:21:34.165] [PlanetariumCamera]: Focus: Kerbin
[LOG 18:21:34.166] [UIMasterController]: HideUI
[LOG 18:21:34.462] [UIMasterController]: HideUI
[LOG 18:21:34.462] ------------------- initializing flight mode... ------------------
[LOG 18:21:34.463] GetSubclassesOfParentClass: Using cached results for AlarmTypeBase
[LOG 18:21:34.463] Loading Depletion Nodes
[LOG 18:21:34.464] DepNodeCount:  0
[LOG 18:21:34.464] Loading Biome Nodes
[LOG 18:21:34.464] BiomeNodeCount:  0
[LOG 18:21:34.464] Loading Planet Nodes
[LOG 18:21:34.464] PlanetNodeCount:  0
[LOG 18:21:34.466] [ScenarioDestructibles]: Loading... 0 objects registered
[LOG 18:21:34.492] Target vessel index: 1  vessel count: 3
[LOG 18:21:34.493] [FLIGHT GLOBALS]: Switching To Vessel Vaisseau sans nom ---------------------- 
[LOG 18:21:34.495] setting new dominant body: Mun
FlightGlobals.mainBody: Mun
[LOG 18:21:34.496] Reference Frame: Rotating
[WRN 18:21:34.506] [Part]: Cannot have ModuleCargoPart and ModuleInventoryPart on same Part [Vaisseau sans nom (unloaded)'. Removed ModuleCargoPart
[LOG 18:21:34.528] Camera Mode: AUTO
[LOG 18:21:38.012] all systems started
[LOG 18:21:38.013] [UIMasterController]: ShowUI
[LOG 18:21:38.136] [AsteroidSpawner]: No new objects this time. (Odds are 1:2)
[LOG 18:21:38.295] [UiApp] Awake: CurrencyWidgetsApp
[LOG 18:21:38.296] [UiApp] Awake: ResourceDisplay
[LOG 18:21:38.296] [UiApp] Awake: KSPedia
[LOG 18:21:38.296] [UiApp] Awake: Missions App
[LOG 18:21:38.296] [UiApp] Awake: DeltaVApp
[LOG 18:21:38.296] [UiApp] Awake: ActionGroupsApp
[LOG 18:21:38.296] [UiApp] Awake: Construction
[LOG 18:21:38.296] [UiApp] Awake: Cargo
[LOG 18:21:38.297] [UiApp] Awake: AlarmClock
[LOG 18:21:38.297] [UiApp] Awake: ManeuverTool
[LOG 18:21:38.297] [ApplicationLauncher] OnSceneLoadedGUIReady: scene FLIGHT ShouldBeVisible() True ShouldBeOnTop() True iIsPositionedAtTop False
[LOG 18:21:38.297] [ApplicationLauncher] SpawnSimpleLayout: VerticalTopDown
[LOG 18:21:38.299] ScaleModList: listSize 41 maxListSize 502
[LOG 18:21:38.300] [KnowledgeBase] OnAppLauncherReady 32974
[LOG 18:21:38.314] [UIApp] OnDestroy: Contracts
[LOG 18:21:38.354] [FlightIntegrator]: Reloaded drag cube for zeroed cube root part mk1pod.v2 (Vaisseau sans nom) on vessel Vaisseau sans nom
[LOG 18:21:38.367] [MessageSystem] Reposition 0.02 32975
[LOG 18:21:38.368] [GenericAppFrame] Reposition 0.02 32975
[LOG 18:21:38.368] [GenericAppFrame] Reposition 0.02 32975
[LOG 18:21:38.464] [PlanetariumCamera]: Focus: Vaisseau sans nom
[LOG 18:21:38.490] [UIApp] Adding ResourceDisplay to Application Launcher
[LOG 18:21:38.491] ScaleModList: listSize 41 maxListSize 453
[LOG 18:21:38.491] [UIApp] Adding ResourceDisplay to Application Launcher
[LOG 18:21:38.492] ScaleModList: listSize 41 maxListSize 412
[LOG 18:21:38.503] [ResourceDisplay] OnAppStarted(): id: -418846
[LOG 18:21:38.503] [GenericAppFrame] Reposition 0.1380051 32979
[LOG 18:21:38.504] [ResourceDisplay] OnAppStarted(): id: 264296
[LOG 18:21:38.504] ResourceDisplay already exist, destroying this instance
[LOG 18:21:38.504] [UIApp] OnDestroy: ResourceDisplay
[LOG 18:21:38.505] ScaleModList: listSize 41 maxListSize 412
[LOG 18:21:38.517] [UIApp] Adding AlarmClock to Application Launcher
[LOG 18:21:38.518] ScaleModList: listSize 41 maxListSize 412
[LOG 18:21:38.518] [UIApp] Adding ActionGroupsApp to Application Launcher
[LOG 18:21:38.520] ScaleModList: listSize 41 maxListSize 371
[LOG 18:21:38.520] [UIApp] Adding Missions App to Application Launcher
[LOG 18:21:38.521] ScaleModList: listSize 41 maxListSize 330
[LOG 18:21:38.521] CURRENCY WIDGET False False False
[LOG 18:21:38.523] [UIApp] OnDestroy: CurrencyWidgetsApp
[LOG 18:21:38.545] [GenericAppFrame] Reposition 0.1671394 32981
[LOG 18:21:38.548] [ActionGroupsApp] OnAppStarted(): id: -418870
[LOG 18:21:38.549] [GenericAppFrame] Reposition 0.1671394 32981
[LOG 18:21:38.549] [UIApp] Adding DeltaVApp to Application Launcher
[LOG 18:21:38.550] ScaleModList: listSize 41 maxListSize 289
[LOG 18:21:38.551] [MissionsApp] OnAppStarted(): id: -418858
[LOG 18:21:38.551] MissionsApp does not execute in this game mode, destroying this instance
[LOG 18:21:38.551] [UIApp] OnDestroy: Missions App
[LOG 18:21:38.551] ScaleModList: listSize 41 maxListSize 289
[LOG 18:21:38.565] [GenericAppFrame] Reposition 0.1981345 32982
[LOG 18:21:38.576] [UIApp] Adding Cargo to Application Launcher
[LOG 18:21:38.577] ScaleModList: listSize 41 maxListSize 289
[LOG 18:21:38.577] [UIApp] Adding Construction to Application Launcher
[LOG 18:21:38.578] ScaleModList: listSize 41 maxListSize 248
[LOG 18:21:38.578] [UIApp] Adding KSPedia to Application Launcher
[LOG 18:21:38.579] ScaleModList: listSize 41 maxListSize 207
[WRN 18:21:38.586] HighlightingSystem : Framebuffer depth data is not available and can't be used to occlude highlighting. Highlighting occluders enabled.
[LOG 18:21:38.599] [UIApp] Adding ManeuverTool to Application Launcher
[LOG 18:21:38.601] ScaleModList: listSize 41 maxListSize 166
[LOG 18:21:38.601] [ApplicationLauncher] SetHidden: 
[LOG 18:21:38.602] ScaleModList: listSize 41 maxListSize 207
[LOG 18:21:38.643] [GenericAppFrame] Reposition 0.2729115 32985
[LOG 18:21:38.652] [ManeuverTool]: Found 1 transfer types
[LOG 18:21:38.720] Flight State Captured
[LOG 18:21:38.724] Saving Achievements Tree...
[LOG 18:21:38.724] Saving Achievements Tree...
[LOG 18:21:38.724] Saving Achievements Tree...
[LOG 18:21:38.727] [MessageSystem] Save Messages
[LOG 18:21:38.739] Game State Saved as persistent
[LOG 18:21:39.369] Unpacking Vaisseau sans nom
[LOG 18:21:39.380] [UIMasterController]: ShowUI
[LOG 18:21:53.546] [Comet Manager]:Generated Comet Type:short
[LOG 18:21:53.554] [CometSpawner]: New object found near Kerbin
[LOG 18:21:53.636] [CometManager]: Generated Dust Tail Color: #0 = RGBA(0.991, 0.943, 0.743, 0.031)
[LOG 18:21:53.637] [CometManager]: Generated Ion Tail Color: #1 = RGBA(0.045, 0.182, 0.868, 0.451)
[LOG 18:22:08.578] [AsteroidSpawner]: New object found near Kerbin: Ast. JXC-220!
[LOG 18:22:23.601] [AsteroidSpawner]: No new objects this time. (Odds are 1:2)
[LOG 18:22:38.624] [AsteroidSpawner]: New object found near Kerbin: Ast. AIU-471!
[LOG 18:23:19.607] Game Paused!
[LOG 18:23:19.608] [UIMasterController]: ShowUI
[LOG 18:23:20.701] Flight State Captured
[LOG 18:23:20.701] Saving Achievements Tree...
[LOG 18:23:20.701] Saving Achievements Tree...
[LOG 18:23:20.701] Saving Achievements Tree...
[LOG 18:23:20.701] [MessageSystem] Save Messages
[LOG 18:23:20.713] Game State Saved to saves/claude/persistent
[LOG 18:23:20.724] [UIMasterController]: HideUI
[LOG 18:23:20.736] [HighLogic]: =========================== Scene Change : From FLIGHT to MAINMENU =====================
[LOG 18:23:21.234] KbApp.OnDestroy Vessel Info
[LOG 18:23:21.234] [UIApp] OnDestroy: ManeuverTool
[LOG 18:23:21.235] ScaleModList: listSize 41 maxListSize 207
[LOG 18:23:21.235] KbApp.OnDestroy Unowned Info
[LOG 18:23:21.235] KbApp.OnDestroy NullName
[LOG 18:23:21.241] KbApp.OnDestroy Vessel Crew
[LOG 18:23:21.241] [UIApp] OnDestroy: AlarmClock
[LOG 18:23:21.241] ScaleModList: listSize 41 maxListSize 207
[LOG 18:23:21.242] [UIApp] OnDestroy: Construction
[LOG 18:23:21.242] ScaleModList: listSize 41 maxListSize 207
[LOG 18:23:21.242] [UIApp] OnDestroy: Cargo
[LOG 18:23:21.242] ScaleModList: listSize 41 maxListSize 207
[LOG 18:23:21.243] [UIApp] OnDestroy: ActionGroupsApp
[LOG 18:23:21.243] ScaleModList: listSize 41 maxListSize 207
[LOG 18:23:21.243] KbApp.OnDestroy Planet Resources
[LOG 18:23:21.243] [UIApp] OnDestroy: DeltaVApp
[LOG 18:23:21.243] ScaleModList: listSize 41 maxListSize 207
[LOG 18:23:21.243] [UIApp] OnDestroy: KSPedia
[LOG 18:23:21.244] ScaleModList: listSize 41 maxListSize 207
[LOG 18:23:21.244] [UIApp] OnDestroy: ResourceDisplay
[LOG 18:23:21.245] ScaleModList: listSize 41 maxListSize 207
[LOG 18:23:21.247] KbApp.OnDestroy Planet Parameters
[LOG 18:23:21.247] KbApp.OnDestroy Planet Info
[LOG 18:23:21.249] [KSPCF:MemoryLeaks] Removed a OnMapExited callback owned by a destroyed Assembly-CSharp:NavBallToggle instance
[LOG 18:23:21.249] [KSPCF:MemoryLeaks] Removed a OnGameSettingsApplied callback owned by a destroyed Assembly-CSharp:VesselAutopilotUI instance
[LOG 18:23:21.249] [KSPCF:MemoryLeaks] Removed a onPartActionUICreate callback owned by a destroyed Assembly-CSharp:ModuleInventoryPart instance
[LOG 18:23:21.249] [KSPCF:MemoryLeaks] Removed a onModuleInventoryChanged callback owned by a destroyed Assembly-CSharp:ModuleInventoryPart instance
[LOG 18:23:21.249] [KSPCF:MemoryLeaks] Removed a OnDestructibleLoaded callback owned by a destroyed Assembly-CSharp:RunwayCollisionHandler instance
[LOG 18:23:21.250] [KSPCF:MemoryLeaks] Removed a OnClick callback owned by a destroyed Assembly-CSharp:EVAConstructionModeEditor instance
[LOG 18:23:21.250] [KSPCF:MemoryLeaks] Removed a TimingManager.Instance.timing5.onLateUpdate callback owned by a destroyed Assembly-CSharp:MapView instance
[LOG 18:23:21.250] [KSPCF:MemoryLeaks] Leaving scene "Flight", cleaned 23 memory leaks in 0.003s. GameEvents callbacks : 874. Allocated memory : 719.203 MiB (managed heap), 2.179 GiB (unmanaged)
[LOG 18:23:21.386] [UIMasterController]: ShowUI
[LOG 18:23:21.717] [ScenarioTypes]: List Created 23 scenario types loaded from 8 loaded assemblies.
[LOG 18:23:21.723] [ApplicationLauncher] OnSceneLoadedGUIReady: scene MAINMENU ShouldBeVisible() True ShouldBeOnTop() True iIsPositionedAtTop True
[LOG 18:23:21.723] [ApplicationLauncher] SetHidden: 
[LOG 18:23:21.724] ScaleModList: listSize 41 maxListSize 535
[LOG 18:23:21.724] ScaleModList: listSize 41 maxListSize 535
[LOG 18:23:21.727] [MessageSystem] Reposition 0.02 43493
[LOG 18:23:21.727] [GenericAppFrame] Reposition 0.02 43493
[LOG 18:23:21.727] [GenericAppFrame] Reposition 0.02 43493
