[LOG 18:14:59.852] ******* Log Initiated for Kerbal Space Program - 1.12.5.3190 (WindowsPlayer x64) fr-fr *******
Kerbal Space Program - 1.12.5.3190 (WindowsPlayer x64) fr-fr


OS: Windows 10  (10.0.0) 64bit
CPU: Intel(R) Core(TM) i7-4790K CPU @ 4.00GHz (8)
RAM: 32687
GPU: NVIDIA GeForce GTX 1060 6GB (6029MB)
SM: 50 (Direct3D 11.0 [level 11.1])
RT Formats: ARGB32, Depth, ARGBHalf, Shadowmap, RGB565, ARGB4444, ARGB1555, Default, ARGB2101010, DefaultHDR, ARGB64, ARGBFloat, RGFloat, RGHalf, RFloat, RHalf, R8, ARGBInt, RGInt, RInt, BGRA32, RGB111110Float, RG32, RGBAUShort, RG16, BGRA10101010_XR, BGR101010_XR, R16


Log started: Sun, Oct 04, 2026 18:14:59


[LOG 18:14:59.874] ActionCanvas MASK: 3458764513820540928
[LOG 18:14:59.874] AppCanvas MASK: 3458764513820540928
[LOG 18:14:59.876] MainCanvas MASK: 3458764513820540928
[LOG 18:15:01.354] Load(Assembly): /ModuleManager.4.2.3
[LOG 18:15:01.355] AssemblyLoader: Loading assembly at D:\ksp-dev\GameData\ModuleManager.4.2.3.dll
[LOG 18:15:01.380] AssemblyLoader: KSPAssembly 'ModuleManager' V2.5.0
[LOG 18:15:01.380] Load(Assembly): 000_Harmony/0Harmony
[LOG 18:15:01.380] AssemblyLoader: Loading assembly at D:\ksp-dev\GameData\000_Harmony\0Harmony.dll
[LOG 18:15:01.383] Load(Assembly): 000_Harmony/HarmonyInstallChecker
[LOG 18:15:01.383] AssemblyLoader: Loading assembly at D:\ksp-dev\GameData\000_Harmony\HarmonyInstallChecker.dll
[LOG 18:15:01.385] AssemblyLoader: KSPAssembly 'HarmonyKSP' V1.0.0
[LOG 18:15:01.385] Load(Assembly): KsmUI/Plugins/KsmUI
[LOG 18:15:01.385] AssemblyLoader: Loading assembly at D:\ksp-dev\GameData\KsmUI\Plugins\KsmUI.dll
[LOG 18:15:01.386] Load(Assembly): KSPCommunityFixes/Plugins/0_MultipleModuleInPartAPI
[LOG 18:15:01.386] AssemblyLoader: Loading assembly at D:\ksp-dev\GameData\KSPCommunityFixes\Plugins\0_MultipleModuleInPartAPI.dll
[LOG 18:15:01.388] AssemblyLoader: KSPAssembly 'MultipleModulePartAPI' V1.0.0
[LOG 18:15:01.388] Load(Assembly): KSPCommunityFixes/Plugins/KSPCommunityFixes
[LOG 18:15:01.388] AssemblyLoader: Loading assembly at D:\ksp-dev\GameData\KSPCommunityFixes\Plugins\KSPCommunityFixes.dll
[LOG 18:15:01.399] AssemblyLoader: KSPAssembly 'KSPCommunityFixes' V1.41.1
[LOG 18:15:01.400] AssemblyLoader: KSPAssemblyDependency 'HarmonyKSP' V1.0.0
[LOG 18:15:01.400] AssemblyLoader: KSPAssemblyDependency 'ModuleManager' V1.0.0
[LOG 18:15:01.400] AssemblyLoader: KSPAssemblyDependency 'MultipleModulePartAPI' V1.0.0
[LOG 18:15:01.400] Load(Assembly): KSPMCPServer/KSPMCPServer
[LOG 18:15:01.400] AssemblyLoader: Loading assembly at D:\ksp-dev\GameData\KSPMCPServer\KSPMCPServer.dll
[LOG 18:15:01.402] Load(Assembly): KSPProfiler/Plugins/KSPProfiler
[LOG 18:15:01.402] AssemblyLoader: Loading assembly at D:\ksp-dev\GameData\KSPProfiler\Plugins\KSPProfiler.dll
[LOG 18:15:01.406] AssemblyLoader: Loading assemblies
[LOG 18:15:01.509] VesselModules: Found VesselModule of type AxisGroupsModule with order 999
[LOG 18:15:01.555] VesselModules: Found VesselModule of type CometVessel with order 999
[LOG 18:15:01.557] VesselModules: Found VesselModule of type SuspensionLoadBalancer with order 999
[LOG 18:15:01.558] VesselModules: Found VesselModule of type FlightIntegrator with order 0
[LOG 18:15:01.561] VesselModules: Found VesselModule of type CommNetVessel with order 999
[LOG 18:15:01.566] VesselModules: Found 5 VesselModule types
[LOG 18:15:01.575] 
************************************************************************

Environment Info
Win32NT 7FFFFFFFFFFFFFFF  Args: KSP_x64.exe 

Mod DLLs found:
Stock assembly: Assembly-CSharp v0.0.0.0
ModuleManager v4.2.3.0
0Harmony v2.2.1.0
HarmonyInstallChecker v2.2.1.0
KsmUI v1.0.0.0
0_MultipleModuleInPartAPI v1.0.0.0 / v1.0.0+7969fdc50bf4e350193abe5ba2e89533b12ca02f
KSPCommunityFixes v1.41.0.0 / v1.41.1+7969fdc50bf4e350193abe5ba2e89533b12ca02f / v1.41.1.0
KSPMCPServer v0.0.0.0
KSPProfiler v1.0.0.0

Folders and files in GameData:
000_Harmony
KsmUI
KSPCommunityFixes
KSPMCPServer
KSPProfiler
Stock folder: Squad

Stock folder: SquadExpansion

ModuleManager.4.2.3.dll
ModuleManager.ConfigCache
ModuleManager.ConfigSHA
ModuleManager.Physics
ModuleManager.TechTree

************************************************************************

[LOG 18:15:01.597] [AddonLoader]: Instantiating addon 'ModuleManager' from assembly 'ModuleManager'
[LOG 18:15:01.611] [ModuleManager] Adding post patch to the loading screen 4
[LOG 18:15:01.613] [ModuleManager] Patching started on a new thread, all output will be directed to D:\ksp-dev\Logs\ModuleManager\ModuleManager.log
[LOG 18:15:01.617] [AddonLoader]: Instantiating addon 'HarmonyInstallChecker' from assembly 'HarmonyKSP'
[LOG 18:15:01.618] [AddonLoader]: Instantiating addon 'KsmUIBootstrapper' from assembly 'KsmUI'
[LOG 18:15:01.619] [AddonLoader]: Instantiating addon 'KSPCommunityFixes' from assembly 'KSPCommunityFixes'
[LOG 18:15:01.620] [AddonLoader]: Instantiating addon 'NoIVA' from assembly 'KSPCommunityFixes'
[LOG 18:15:01.620] [AddonLoader]: Instantiating addon 'ConfigNodePerf' from assembly 'KSPCommunityFixes'
[LOG 18:15:01.874] [AddonLoader]: Instantiating addon 'KSPCFFastLoader' from assembly 'KSPCommunityFixes'
[LOG 18:15:01.875] [KSPCF] Injecting FastLoader...
[LOG 18:15:01.900] [KSPCommunityFixes] Patch GameDatabasePerf applied.
[LOG 18:15:02.001] [AddonLoader]: Instantiating addon 'ReflectionTypeLoadExceptionHandler' from assembly 'KSPCommunityFixes'
[LOG 18:15:02.004] [AddonLoader]: Instantiating addon 'KSPMCPServerMod' from assembly 'KSPMCPServer'
[LOG 18:15:02.161] [KSP-MCPServer] Tool profiler_open from KSPProfiler (KSPProfiler.McpTools.Open)
[LOG 18:15:02.161] [KSP-MCPServer] Tool profiler_start_capture from KSPProfiler (KSPProfiler.McpTools.StartCapture)
[LOG 18:15:02.162] [KSP-MCPServer] Tool profiler_stop_capture from KSPProfiler (KSPProfiler.McpTools.StopCapture)
[LOG 18:15:02.162] [KSP-MCPServer] Tool profiler_export from KSPProfiler (KSPProfiler.McpTools.Export)
[LOG 18:15:02.162] [KSP-MCPServer] Tool profiler_state from KSPProfiler (KSPProfiler.McpTools.State)
[LOG 18:15:02.176] [KSP-MCPServer] Listening on http://127.0.0.1:8770/mcp/ with 35 tools
[LOG 18:15:02.177] [AddonLoader]: Instantiating addon 'KSPProfilerAddon' from assembly 'KSPProfiler'
[LOG 18:15:03.607] [KSPCF] Taking over stock loader. An exception will follow, this is intended.
[EXC 18:15:03.612] Exception: Terminating stock loader coroutine, this is intended and not an error
	KSPCommunityFixes.Performance.KSPCFFastLoader.GameDatabase_SetupMainLoaders_Prefix () (at <62bb7f5420994f409a34377c091e8538>:0)
	(wrapper dynamic-method) GameDatabase.GameDatabase.SetupMainLoaders_Patch1(GameDatabase)
	GameDatabase+<LoadObjects>d__90.MoveNext () (at <4b449f2841f84227adfaad3149c8fdba>:0)
	UnityEngine.SetupCoroutine.InvokeMoveNext (System.Collections.IEnumerator enumerator, System.IntPtr returnValueAddress) (at <12e76cd50cc64cf19e759e981cb725af>:0)
	UnityEngine.DebugLogHandler:LogException(Exception, Object)
	ModuleManager.UnityLogHandle.InterceptLogHandler:LogException(Exception, Object)
	UnityEngine.MonoBehaviour:StartCoroutine(IEnumerator)
	<CreateDatabase>d__71:MoveNext()
	UnityEngine.MonoBehaviour:StartCoroutine(IEnumerator)
	GameDatabase:StartLoad()
	<LoadSystems>d__11:MoveNext()
	UnityEngine.MonoBehaviour:StartCoroutine(IEnumerator)
	LoadingScreen:Start()
[LOG 18:15:03.799] Preloading Asset Bundle Definitions
[LOG 18:15:04.185] Load Audio: Squad/Alarms/Sounds/Chirps
[LOG 18:15:04.194] Load Audio: Squad/Alarms/Sounds/Classic
[LOG 18:15:04.195] Load Audio: Squad/Alarms/Sounds/ClockTower
[LOG 18:15:04.195] Load Audio: Squad/Alarms/Sounds/ComputerGlass1
[LOG 18:15:04.195] Load Audio: Squad/Alarms/Sounds/ComputerGlass2
[LOG 18:15:04.195] Load Audio: Squad/Alarms/Sounds/ComputerShort
[LOG 18:15:04.195] Load Audio: Squad/Alarms/Sounds/ComputerTriad
[LOG 18:15:04.195] Load Audio: Squad/Alarms/Sounds/DoorBell
[LOG 18:15:04.196] Load Audio: Squad/Alarms/Sounds/Glass
[LOG 18:15:04.196] Load Audio: Squad/Alarms/Sounds/Klaxon
[LOG 18:15:04.196] Load Audio: Squad/Alarms/Sounds/Mobile
[LOG 18:15:04.196] Load Audio: Squad/Alarms/Sounds/Morning
[LOG 18:15:04.196] Load Audio: Squad/Alarms/Sounds/OldClock
[LOG 18:15:04.196] Load Audio: Squad/Alarms/Sounds/OldHorn
[LOG 18:15:04.197] Load Audio: Squad/Alarms/Sounds/Ripple
[LOG 18:15:04.197] Load Audio: Squad/Sounds/editorLoop01
[LOG 18:15:04.197] Load Audio: Squad/Sounds/elev_loop
[LOG 18:15:04.197] Load Audio: Squad/Sounds/elev_start
[LOG 18:15:04.197] Load Audio: Squad/Sounds/elev_stop
[LOG 18:15:04.197] Load Audio: Squad/Sounds/fireworks_explosion_2
[LOG 18:15:04.197] Load Audio: Squad/Sounds/fireworks_explosion_3
[LOG 18:15:04.198] Load Audio: Squad/Sounds/fireworks_explosion_4
[LOG 18:15:04.198] Load Audio: Squad/Sounds/fireworks_launch_boom
[LOG 18:15:04.198] Load Audio: Squad/Sounds/fireworks_only_crackle_crackle_1
[LOG 18:15:04.198] Load Audio: Squad/Sounds/fireworks_only_crackle_dragon_1
[LOG 18:15:05.065] Load Audio: Squad/Sounds/fireworks_only_crackle_palm_1
[LOG 18:15:05.066] Load Audio: Squad/Sounds/fireworks_whistle
[LOG 18:15:05.066] Load Audio: Squad/Sounds/ksp1_banana_V2_01
[LOG 18:15:05.066] Load Audio: Squad/Sounds/ksp1_banana_V2_04
[LOG 18:15:05.066] Load Audio: Squad/Sounds/ksp1_banana_V2_05
[LOG 18:15:05.066] Load Audio: Squad/Sounds/ksp1_golf_swing_normal
[LOG 18:15:05.066] Load Audio: Squad/Sounds/ksp1_ground_anchor_v2_1
[LOG 18:15:05.067] Load Audio: Squad/Sounds/ksp1_strunts_disconnect_v3_pitched2
[LOG 18:15:05.067] Load Audio: Squad/Sounds/repairKit_repair1
[LOG 18:15:05.067] Load Audio: Squad/Sounds/repairKit_repair2
[LOG 18:15:05.067] Load Audio: Squad/Sounds/sound_ambience_nature
[LOG 18:15:05.067] Load Audio: Squad/Sounds/sound_click_flick
[LOG 18:15:05.068] Load Audio: Squad/Sounds/sound_click_latch
[LOG 18:15:05.068] Load Audio: Squad/Sounds/sound_click_sharp
[LOG 18:15:05.068] Load Audio: Squad/Sounds/sound_click_tick
[LOG 18:15:05.068] Load Audio: Squad/Sounds/sound_click_tock
[LOG 18:15:05.068] Load Audio: Squad/Sounds/sound_decoupler_fire
[LOG 18:15:05.068] Load Audio: Squad/Sounds/sound_delete_bin
[LOG 18:15:05.069] Load Audio: Squad/Sounds/sound_explosion_debris1
[LOG 18:15:05.069] Load Audio: Squad/Sounds/sound_explosion_debris2
[LOG 18:15:05.069] Load Audio: Squad/Sounds/sound_explosion_large
[LOG 18:15:05.069] Load Audio: Squad/Sounds/sound_rocket_mini
[LOG 18:15:05.069] Load Audio: Squad/Sounds/sound_rocket_spurts
[LOG 18:15:05.069] Load Audio: Squad/Sounds/sound_servomotor
[LOG 18:15:05.070] Load Audio: Squad/Sounds/sound_tab_extend
[LOG 18:15:05.079] Load Audio: Squad/Sounds/sound_tab_retreat
[LOG 18:15:05.079] Load Audio: SquadExpansion/Serenity/Sounds/robo_arm_large_end
[LOG 18:15:05.079] Load Audio: SquadExpansion/Serenity/Sounds/robo_arm_large_motor_00
[LOG 18:15:05.079] Load Audio: SquadExpansion/Serenity/Sounds/robo_arm_large_scan
[LOG 18:15:05.079] Load Audio: SquadExpansion/Serenity/Sounds/robo_arm_large_start
[LOG 18:15:05.079] Load Audio: SquadExpansion/Serenity/Sounds/robo_arm_medium_end
[LOG 18:15:05.079] Load Audio: SquadExpansion/Serenity/Sounds/robo_arm_medium_motor_00
[LOG 18:15:05.080] Load Audio: SquadExpansion/Serenity/Sounds/robo_arm_medium_scan
[LOG 18:15:05.080] Load Audio: SquadExpansion/Serenity/Sounds/robo_arm_medium_start
[LOG 18:15:05.080] Load Audio: SquadExpansion/Serenity/Sounds/robo_arm_small_end
[LOG 18:15:05.080] Load Audio: SquadExpansion/Serenity/Sounds/robo_arm_small_motor_00
[LOG 18:15:05.080] Load Audio: SquadExpansion/Serenity/Sounds/robo_arm_small_scan
[LOG 18:15:05.080] Load Audio: SquadExpansion/Serenity/Sounds/robo_arm_small_start
[LOG 18:15:05.081] Load Audio: SquadExpansion/Serenity/Sounds/sfx_cryoVolcano_burst
[LOG 18:15:05.081] Load Audio: SquadExpansion/Serenity/Sounds/sfx_cryoVolcano_idle
[LOG 18:15:05.081] Load Audio: SquadExpansion/Serenity/Sounds/sfx_deployable_booster_antena_end
[LOG 18:15:05.081] Load Audio: SquadExpansion/Serenity/Sounds/sfx_deployable_booster_antena_start
[LOG 18:15:05.081] Load Audio: SquadExpansion/Serenity/Sounds/sfx_deployable_central_station_end
[LOG 18:15:05.081] Load Audio: SquadExpansion/Serenity/Sounds/sfx_deployable_central_station_loop
[LOG 18:15:05.082] Load Audio: SquadExpansion/Serenity/Sounds/sfx_deployable_central_station_start
[LOG 18:15:05.082] Load Audio: SquadExpansion/Serenity/Sounds/sfx_deployable_detector_end
[LOG 18:15:05.082] Load Audio: SquadExpansion/Serenity/Sounds/sfx_deployable_detector_start
[LOG 18:15:05.082] Load Audio: SquadExpansion/Serenity/Sounds/sfx_deployable_GoObEd_end
[LOG 18:15:05.082] Load Audio: SquadExpansion/Serenity/Sounds/sfx_deployable_GoObEd_loop
[LOG 18:15:05.083] Load Audio: SquadExpansion/Serenity/Sounds/sfx_deployable_GoObEd_start
[LOG 18:15:05.123] Load Audio: SquadExpansion/Serenity/Sounds/sfx_deployable_rtg_end
[LOG 18:15:05.124] Load Audio: SquadExpansion/Serenity/Sounds/sfx_deployable_rtg_start
[LOG 18:15:05.124] Load Audio: SquadExpansion/Serenity/Sounds/sfx_deployable_seismometer_end
[LOG 18:15:05.124] Load Audio: SquadExpansion/Serenity/Sounds/sfx_deployable_seismometer_start
[LOG 18:15:05.124] Load Audio: SquadExpansion/Serenity/Sounds/sfx_deployable_solar_panel_end
[LOG 18:15:05.124] Load Audio: SquadExpansion/Serenity/Sounds/sfx_deployable_solar_panel_start
[LOG 18:15:05.124] Load Audio: SquadExpansion/Serenity/Sounds/sfx_deployable_weather_station_end
[LOG 18:15:05.125] Load Audio: SquadExpansion/Serenity/Sounds/sfx_deployable_weather_station_loop
[LOG 18:15:05.125] Load Audio: SquadExpansion/Serenity/Sounds/sfx_deployable_weather_station_start
[LOG 18:15:05.125] Load Audio: SquadExpansion/Serenity/Sounds/sfx_geyser_burst
[LOG 18:15:05.125] Load Audio: SquadExpansion/Serenity/Sounds/sfx_geyser_idle
[LOG 18:15:05.140] Load PNG texture: KsmUI/Icons/arrows-down-32
[LOG 18:15:05.146] [KSPCF] PNG texture 'KsmUI/Icons/arrows-down-32' was converted to DXT5 and has been cached for future reloads
[LOG 18:15:05.146] Load PNG texture: KsmUI/Icons/arrows-left-32
[LOG 18:15:05.147] [KSPCF] PNG texture 'KsmUI/Icons/arrows-left-32' was converted to DXT5 and has been cached for future reloads
[LOG 18:15:05.147] Load PNG texture: KsmUI/Icons/arrows-right-32
[LOG 18:15:05.148] [KSPCF] PNG texture 'KsmUI/Icons/arrows-right-32' was converted to DXT5 and has been cached for future reloads
[LOG 18:15:05.148] Load PNG texture: KsmUI/Icons/arrows-up-32
[LOG 18:15:05.149] [KSPCF] PNG texture 'KsmUI/Icons/arrows-up-32' was converted to DXT5 and has been cached for future reloads
[LOG 18:15:05.149] Load PNG texture: KsmUI/Icons/background-64-5
[LOG 18:15:05.150] [KSPCF] PNG texture 'KsmUI/Icons/background-64-5' was converted to DXT5 and has been cached for future reloads
[LOG 18:15:05.150] Load PNG texture: KsmUI/Icons/btn-black-64-5
[LOG 18:15:05.151] [KSPCF] PNG texture 'KsmUI/Icons/btn-black-64-5' was converted to DXT5 and has been cached for future reloads
[LOG 18:15:05.151] Load PNG texture: KsmUI/Icons/btn-black-disabled-64-5
[LOG 18:15:05.152] [KSPCF] PNG texture 'KsmUI/Icons/btn-black-disabled-64-5' was converted to DXT5 and has been cached for future reloads
[LOG 18:15:05.152] Load PNG texture: KsmUI/Icons/btn-black-highlight-64-5
[LOG 18:15:05.153] [KSPCF] PNG texture 'KsmUI/Icons/btn-black-highlight-64-5' was converted to DXT5 and has been cached for future reloads
[LOG 18:15:05.153] Load PNG texture: KsmUI/Icons/checkmark-20
[LOG 18:15:05.154] [KSPCF] PNG texture 'KsmUI/Icons/checkmark-20' was converted to DXT5 and has been cached for future reloads
[LOG 18:15:05.154] Load PNG texture: KsmUI/Icons/ColorPicker
[LOG 18:15:05.169] [KSPCF] PNG texture 'KsmUI/Icons/ColorPicker' was converted to DXT5 and has been cached for future reloads
[LOG 18:15:05.169] Load PNG texture: KsmUI/Icons/i8-header-close-32
[LOG 18:15:05.172] [KSPCF] PNG texture 'KsmUI/Icons/i8-header-close-32' was converted to DXT5 and has been cached for future reloads
[LOG 18:15:05.172] Load PNG texture: KsmUI/Icons/i8-header-newWindow-32
[LOG 18:15:05.173] [KSPCF] PNG texture 'KsmUI/Icons/i8-header-newWindow-32' was converted to DXT5 and has been cached for future reloads
[LOG 18:15:05.175] Load PNG texture: KsmUI/Icons/i8-rnd-32
[LOG 18:15:05.180] [KSPCF] PNG texture 'KsmUI/Icons/i8-rnd-32' was converted to DXT5 and has been cached for future reloads
[LOG 18:15:05.180] Load PNG texture: KsmUI/Icons/info-32
[LOG 18:15:05.181] [KSPCF] PNG texture 'KsmUI/Icons/info-32' was converted to DXT5 and has been cached for future reloads
[LOG 18:15:05.181] Load PNG texture: KsmUI/Icons/Selector
[LOG 18:15:05.182] [KSPCF] PNG texture 'KsmUI/Icons/Selector' was converted to DXT5 and has been cached for future reloads
[LOG 18:15:05.182] Load DDS texture: KSPCommunityFixes/MMPatches/StockTweaks/Icons/Clamp-O-Tron
[LOG 18:15:05.190] Load TRUECOLOR texture: KSPCommunityFixes/MMPatches/StockTweaks/Icons/Clamp-O-Tron_scaled
[LOG 18:15:05.190] Load DDS texture: KSPCommunityFixes/MMPatches/StockTweaks/Icons/FreeFallParachutes
[LOG 18:15:05.191] Load TRUECOLOR texture: KSPCommunityFixes/MMPatches/StockTweaks/Icons/FreeFallParachutes_scaled
[LOG 18:15:05.191] Load DDS texture: KSPCommunityFixes/MMPatches/StockTweaks/Icons/LightYearTireCompany
[LOG 18:15:05.192] Load TRUECOLOR texture: KSPCommunityFixes/MMPatches/StockTweaks/Icons/LightYearTireCompany_scaled
[LOG 18:15:05.192] Load DDS texture: KSPCommunityFixes/MMPatches/StockTweaks/Icons/StratusCorporation
[LOG 18:15:05.192] Load TRUECOLOR texture: KSPCommunityFixes/MMPatches/StockTweaks/Icons/StratusCorporation_scaled
[LOG 18:15:05.193] Load PNG texture: KSPProfiler/Icons/appIcon
[WRN 18:15:05.193] Texture isn't eligible for DXT compression, width and height must be multiples of 4
[LOG 18:15:05.194] Load DDS texture: Squad/Agencies/C7AerospaceDivision
[LOG 18:15:05.194] Load TRUECOLOR texture: Squad/Agencies/C7AerospaceDivision_scaled
[LOG 18:15:05.194] Load DDS texture: Squad/Agencies/DinkelsteinKermansConstructionEmporium
[LOG 18:15:05.194] Load TRUECOLOR texture: Squad/Agencies/DinkelsteinKermansConstructionEmporium_scaled
[LOG 18:15:05.195] Load DDS texture: Squad/Agencies/ExperimentalEngineering
[LOG 18:15:05.195] Load TRUECOLOR texture: Squad/Agencies/ExperimentalEngineering_scaled
[LOG 18:15:05.195] Load DDS texture: Squad/Agencies/FlooydResearchLab
[LOG 18:15:05.195] Load TRUECOLOR texture: Squad/Agencies/FlooydResearchLab_scaled
[LOG 18:15:05.195] Load DDS texture: Squad/Agencies/GoliathNationalProducts
[LOG 18:15:05.196] Load TRUECOLOR texture: Squad/Agencies/GoliathNationalProducts_scaled
[LOG 18:15:05.196] Load DDS texture: Squad/Agencies/IntegratedIntegrals
[LOG 18:15:05.196] Load TRUECOLOR texture: Squad/Agencies/IntegratedIntegrals_scaled
[LOG 18:15:05.196] Load DDS texture: Squad/Agencies/IonicSymphonicProtonicElectronics
[LOG 18:15:05.197] Load TRUECOLOR texture: Squad/Agencies/IonicSymphonicProtonicElectronics_scaled
[LOG 18:15:05.197] Load DDS texture: Squad/Agencies/JebsJunkyard
[LOG 18:15:05.197] Load TRUECOLOR texture: Squad/Agencies/JebsJunkyard_scaled
[LOG 18:15:05.197] Load DDS texture: Squad/Agencies/KerbalMotion
[LOG 18:15:05.197] Load TRUECOLOR texture: Squad/Agencies/KerbalMotion_scaled
[LOG 18:15:05.198] Load DDS texture: Squad/Agencies/KerbinWorldFirstRecordKeepingSociety
[LOG 18:15:05.198] Load TRUECOLOR texture: Squad/Agencies/KerbinWorldFirstRecordKeepingSociety_scaled
[LOG 18:15:05.198] Load DDS texture: Squad/Agencies/Kerbodyne
[LOG 18:15:05.198] Load TRUECOLOR texture: Squad/Agencies/Kerbodyne_scaled
[LOG 18:15:05.198] Load DDS texture: Squad/Agencies/Kerlington
[LOG 18:15:05.199] Load TRUECOLOR texture: Squad/Agencies/Kerlington_scaled
[LOG 18:15:05.199] Load DDS texture: Squad/Agencies/MaxoConstructionToys
[LOG 18:15:05.199] Load TRUECOLOR texture: Squad/Agencies/MaxoConstructionToys_scaled
[LOG 18:15:05.199] Load DDS texture: Squad/Agencies/MovingPartsExpertsGroup
[LOG 18:15:05.200] Load TRUECOLOR texture: Squad/Agencies/MovingPartsExpertsGroup_scaled
[LOG 18:15:05.200] Load DDS texture: Squad/Agencies/OMBDemolition
[LOG 18:15:05.200] Load TRUECOLOR texture: Squad/Agencies/OMBDemolition_scaled
[LOG 18:15:05.206] Load DDS texture: Squad/Agencies/PeriapsisCo
[LOG 18:15:05.213] Load TRUECOLOR texture: Squad/Agencies/PeriapsisCo_scaled
[LOG 18:15:05.214] Load DDS texture: Squad/Agencies/Probodobodyne
[LOG 18:15:05.233] Load TRUECOLOR texture: Squad/Agencies/Probodobodyne_scaled
[LOG 18:15:05.233] Load DDS texture: Squad/Agencies/R&D
[LOG 18:15:05.233] Load TRUECOLOR texture: Squad/Agencies/R&D_scaled
[LOG 18:15:05.234] Load DDS texture: Squad/Agencies/ReactionSystemsLtd
[LOG 18:15:05.234] Load TRUECOLOR texture: Squad/Agencies/ReactionSystemsLtd_scaled
[LOG 18:15:05.234] Load DDS texture: Squad/Agencies/Rockomax
[LOG 18:15:05.234] Load TRUECOLOR texture: Squad/Agencies/Rockomax_scaled
[LOG 18:15:05.234] Load DDS texture: Squad/Agencies/Rokea
[LOG 18:15:05.234] Load TRUECOLOR texture: Squad/Agencies/Rokea_scaled
[LOG 18:15:05.235] Load DDS texture: Squad/Agencies/SeansCannery
[LOG 18:15:05.235] Load TRUECOLOR texture: Squad/Agencies/SeansCannery_scaled
[LOG 18:15:05.235] Load DDS texture: Squad/Agencies/SteadlerEngineeringCorps
[LOG 18:15:05.235] Load TRUECOLOR texture: Squad/Agencies/SteadlerEngineeringCorps_scaled
[LOG 18:15:05.235] Load DDS texture: Squad/Agencies/StrutCo
[LOG 18:15:05.235] Load TRUECOLOR texture: Squad/Agencies/StrutCo_scaled
[LOG 18:15:05.235] Load DDS texture: Squad/Agencies/Vac-Co
[LOG 18:15:05.235] Load TRUECOLOR texture: Squad/Agencies/Vac-Co_scaled
[LOG 18:15:05.236] Load DDS texture: Squad/Agencies/WinterOwl
[LOG 18:15:05.236] Load TRUECOLOR texture: Squad/Agencies/WinterOwl_scaled
[LOG 18:15:05.236] Load DDS texture: Squad/Agencies/ZaltonicElectronics
[LOG 18:15:05.236] Load TRUECOLOR texture: Squad/Agencies/ZaltonicElectronics_scaled
[LOG 18:15:05.236] Load Cached PNG Texture: Squad/Alarms/Icons/ap
[LOG 18:15:05.237] Load Cached PNG Texture: Squad/Alarms/Icons/default
[LOG 18:15:05.237] Load Cached PNG Texture: Squad/Alarms/Icons/maneuver
[LOG 18:15:05.237] Load Cached PNG Texture: Squad/Alarms/Icons/pe
[LOG 18:15:05.237] Load Cached PNG Texture: Squad/Alarms/Icons/raw
[LOG 18:15:05.237] Load Cached PNG Texture: Squad/Alarms/Icons/soi
[LOG 18:15:05.237] Load Cached PNG Texture: Squad/Alarms/Icons/xfer
[LOG 18:15:05.237] Load DDS texture: Squad/Contracts/Icons/balloon
[LOG 18:15:05.237] Load DDS texture: Squad/Contracts/Icons/custom
[LOG 18:15:05.238] Load DDS texture: Squad/Contracts/Icons/default
[LOG 18:15:05.238] Load DDS texture: Squad/Contracts/Icons/dish
[LOG 18:15:05.238] Load DDS texture: Squad/Contracts/Icons/eva
[LOG 18:15:05.238] Load DDS texture: Squad/Contracts/Icons/gravity
[LOG 18:15:05.238] Load Cached PNG Texture: Squad/Contracts/Icons/ksc
[LOG 18:15:05.238] Load DDS texture: Squad/Contracts/Icons/launchsite
[LOG 18:15:05.238] Load DDS texture: Squad/Contracts/Icons/marker
[LOG 18:15:05.238] Load DDS texture: Squad/Contracts/Icons/pressure
[LOG 18:15:05.238] Load DDS texture: Squad/Contracts/Icons/report
[LOG 18:15:05.238] Load DDS texture: Squad/Contracts/Icons/runway
[LOG 18:15:05.238] Load DDS texture: Squad/Contracts/Icons/sample
[LOG 18:15:05.238] Load DDS texture: Squad/Contracts/Icons/seismic
[LOG 18:15:05.238] Load DDS texture: Squad/Contracts/Icons/thermometer
[LOG 18:15:05.238] Load DDS texture: Squad/Contracts/Icons/vessel
[LOG 18:15:05.238] Load Cached PNG Texture: Squad/Flags/09
[LOG 18:15:05.238] Load Cached PNG Texture: Squad/Flags/blorbs
[LOG 18:15:05.239] Load Cached PNG Texture: Squad/Flags/bullseye
[LOG 18:15:05.239] Load Cached PNG Texture: Squad/Flags/capsule
[LOG 18:15:05.239] Load Cached PNG Texture: Squad/Flags/circles
[LOG 18:15:05.239] Load Cached PNG Texture: Squad/Flags/default
[LOG 18:15:05.239] Load Cached PNG Texture: Squad/Flags/hexagon
[LOG 18:15:05.239] Load Cached PNG Texture: Squad/Flags/hexagonCircles
[LOG 18:15:05.240] Load Cached PNG Texture: Squad/Flags/kerbal1
[LOG 18:15:05.243] Load Cached PNG Texture: Squad/Flags/kerbal2
[LOG 18:15:05.243] Load Cached PNG Texture: Squad/Flags/kerbin
[LOG 18:15:05.243] Load Cached PNG Texture: Squad/Flags/kerbinmunflag
[LOG 18:15:05.243] Load Cached PNG Texture: Squad/Flags/line
[LOG 18:15:05.243] Load Cached PNG Texture: Squad/Flags/minimalistic
[LOG 18:15:05.244] Load Cached PNG Texture: Squad/Flags/orbit
[LOG 18:15:05.245] Load Cached PNG Texture: Squad/Flags/orbs
[LOG 18:15:05.248] Load Cached PNG Texture: Squad/Flags/retro
[LOG 18:15:05.248] Load Cached PNG Texture: Squad/Flags/rings
[LOG 18:15:05.248] Load Cached PNG Texture: Squad/Flags/rocketScience
[LOG 18:15:05.248] Load Cached PNG Texture: Squad/Flags/satellite
[LOG 18:15:05.249] Load Cached PNG Texture: Squad/Flags/Sentinel_Flag
[LOG 18:15:05.249] Load Cached PNG Texture: Squad/Flags/spheres
[LOG 18:15:05.249] Load Cached PNG Texture: Squad/Flags/squadLogo
[LOG 18:15:05.250] Load Cached PNG Texture: Squad/Flags/squadLogo2
[LOG 18:15:05.250] Load Cached PNG Texture: Squad/Flags/stripes
[LOG 18:15:05.250] Load Cached PNG Texture: Squad/Flags/trees
[LOG 18:15:05.251] Load Cached PNG Texture: Squad/Flags/trippy
[LOG 18:15:05.251] Load Cached PNG Texture: Squad/FlagsAgency/esa_dark_blue
[LOG 18:15:05.251] Load Cached PNG Texture: Squad/FlagsAgency/NASA
[LOG 18:15:05.251] Load Cached PNG Texture: Squad/FlagsAgency/uk_space_agency
[LOG 18:15:05.251] Load Cached PNG Texture: Squad/FlagsOrganization/B612_Foundation_flag
[LOG 18:15:05.252] Load Cached PNG Texture: Squad/FlagsOrganization/electron
[LOG 18:15:05.252] Load Cached PNG Texture: Squad/FlagsOrganization/ESA_Arianespace
[LOG 18:15:05.252] Load Cached PNG Texture: Squad/FlagsOrganization/rocketlab
[LOG 18:15:05.252] Load DDS texture: Squad/FX/DiamondBlue
[LOG 18:15:05.253] Load DDS texture: Squad/FX/FlameBlueOrange
[LOG 18:15:05.253] Load DDS texture: Squad/FX/FlamePurple
[LOG 18:15:05.253] Load DDS texture: Squad/FX/FlameRed
[LOG 18:15:05.253] Load DDS texture: Squad/FX/FlameRedOrange
[LOG 18:15:05.253] Load DDS texture: Squad/FX/Monoprop
[LOG 18:15:05.254] Load DDS texture: Squad/FX/plasma2
[LOG 18:15:05.254] Load DDS texture: Squad/FX/rocketplume2
[LOG 18:15:05.254] Load DDS texture: Squad/FX/shockDiamond2
[LOG 18:15:05.254] Load DDS texture: Squad/FX/smokepuff1
[LOG 18:15:05.254] Load DDS texture: Squad/Interiors/Administration/AdminBuilding_Lvl1
[LOG 18:15:05.262] Load DDS texture: Squad/Interiors/Administration/AdminBuilding_Lvl2
[LOG 18:15:05.267] Load DDS texture: Squad/Interiors/Administration/AdminBuilding_Lvl3
[LOG 18:15:05.277] Load DDS texture: Squad/MenuProps/MunOrBust
[LOG 18:15:05.281] Load Cached PNG Texture: Squad/Missions/Banners/Fail/default
[LOG 18:15:05.281] Load PNG texture: Squad/Missions/Banners/Menu/default
[WRN 18:15:05.285] Texture isn't eligible for DXT compression, width and height must be multiples of 4
[LOG 18:15:05.285] Load Cached PNG Texture: Squad/Missions/Banners/Success/default
[LOG 18:15:05.285] Load PNG texture: Squad/Missions/ESA-BepiColombo/Banners/Fail/ESA_MB_Fail_01
[WRN 18:15:05.290] Texture isn't eligible for DXT compression, width and height must be multiples of 4
[LOG 18:15:05.290] Load PNG texture: Squad/Missions/ESA-BepiColombo/Banners/Menu/ESA_MB_Select_01
[WRN 18:15:05.294] Texture isn't eligible for DXT compression, width and height must be multiples of 4
[LOG 18:15:05.294] Load PNG texture: Squad/Missions/ESA-BepiColombo/Banners/Success/ESA_MB_Success_01
[WRN 18:15:05.298] Texture isn't eligible for DXT compression, width and height must be multiples of 4
[LOG 18:15:05.298] Load PNG texture: Squad/Missions/ESA-BepiColombo-Short/Banners/Fail/ESA_MB_Fail_01
[WRN 18:15:05.302] Texture isn't eligible for DXT compression, width and height must be multiples of 4
[LOG 18:15:05.302] Load PNG texture: Squad/Missions/ESA-BepiColombo-Short/Banners/Menu/ESA_MB_Select_01
[WRN 18:15:05.307] Texture isn't eligible for DXT compression, width and height must be multiples of 4
[LOG 18:15:05.307] Load PNG texture: Squad/Missions/ESA-BepiColombo-Short/Banners/Success/ESA_MB_Success_01
[WRN 18:15:05.313] Texture isn't eligible for DXT compression, width and height must be multiples of 4
[LOG 18:15:05.314] Load PNG texture: Squad/Missions/ESA-Rosetta/Banners/Fail/ESA_MB_Fail_02
[WRN 18:15:05.319] Texture isn't eligible for DXT compression, width and height must be multiples of 4
[LOG 18:15:05.319] Load PNG texture: Squad/Missions/ESA-Rosetta/Banners/Menu/ESA_MB_Select_02
[WRN 18:15:05.322] Texture isn't eligible for DXT compression, width and height must be multiples of 4
[LOG 18:15:05.323] Load PNG texture: Squad/Missions/ESA-Rosetta/Banners/Success/ESA_MB_Success_02
[WRN 18:15:05.328] Texture isn't eligible for DXT compression, width and height must be multiples of 4
[LOG 18:15:05.328] Load Cached PNG Texture: Squad/PartList/SimpleIcons/ablator
[LOG 18:15:05.328] Load Cached PNG Texture: Squad/PartList/SimpleIcons/active_radiator
[LOG 18:15:05.328] Load Cached PNG Texture: Squad/PartList/SimpleIcons/asteroid_drill
[LOG 18:15:05.328] Load Cached PNG Texture: Squad/PartList/SimpleIcons/cargo_part
[LOG 18:15:05.328] Load Cached PNG Texture: Squad/PartList/SimpleIcons/comet_drill
[LOG 18:15:05.328] Load Cached PNG Texture: Squad/PartList/SimpleIcons/core_heat
[LOG 18:15:05.328] Load Cached PNG Texture: Squad/PartList/SimpleIcons/cs_main
[LOG 18:15:05.328] Load Cached PNG Texture: Squad/PartList/SimpleIcons/cs_mk2
[LOG 18:15:05.328] Load Cached PNG Texture: Squad/PartList/SimpleIcons/cs_mk3
[LOG 18:15:05.328] Load Cached PNG Texture: Squad/PartList/SimpleIcons/cs_size0
[LOG 18:15:05.328] Load Cached PNG Texture: Squad/PartList/SimpleIcons/cs_size1
[LOG 18:15:05.328] Load Cached PNG Texture: Squad/PartList/SimpleIcons/cs_size1p5
[LOG 18:15:05.329] Load Cached PNG Texture: Squad/PartList/SimpleIcons/cs_size2
[LOG 18:15:05.329] Load Cached PNG Texture: Squad/PartList/SimpleIcons/cs_size3
[LOG 18:15:05.329] Load Cached PNG Texture: Squad/PartList/SimpleIcons/cs_size4
[LOG 18:15:05.329] Load Cached PNG Texture: Squad/PartList/SimpleIcons/cs_surface
[LOG 18:15:05.329] Load Cached PNG Texture: Squad/PartList/SimpleIcons/custom_built_fairing
[LOG 18:15:05.329] Load Cached PNG Texture: Squad/PartList/SimpleIcons/deployable_antenna
[LOG 18:15:05.329] Load Cached PNG Texture: Squad/PartList/SimpleIcons/deployable_comms_part
[LOG 18:15:05.329] Load Cached PNG Texture: Squad/PartList/SimpleIcons/deployable_ground_part
[LOG 18:15:05.329] Load Cached PNG Texture: Squad/PartList/SimpleIcons/deployable_part
[LOG 18:15:05.330] Load Cached PNG Texture: Squad/PartList/SimpleIcons/deployable_radiator
[LOG 18:15:05.330] Load Cached PNG Texture: Squad/PartList/SimpleIcons/deployed_science_control_unit
[LOG 18:15:05.330] Load Cached PNG Texture: Squad/PartList/SimpleIcons/deployed_science_experiment
[LOG 18:15:05.330] Load Cached PNG Texture: Squad/PartList/SimpleIcons/deployed_science_part
[LOG 18:15:05.330] Load Cached PNG Texture: Squad/PartList/SimpleIcons/enviro_sensor
[LOG 18:15:05.330] Load Cached PNG Texture: Squad/PartList/SimpleIcons/experience_management
[LOG 18:15:05.330] Load Cached PNG Texture: Squad/PartList/SimpleIcons/fuels_monopropellant
[LOG 18:15:05.330] Load Cached PNG Texture: Squad/PartList/SimpleIcons/fuels_ore
[LOG 18:15:05.330] Load Cached PNG Texture: Squad/PartList/SimpleIcons/fuels_oxidizer
[LOG 18:15:05.330] Load Cached PNG Texture: Squad/PartList/SimpleIcons/fuels_solidfuel
[LOG 18:15:05.330] Load Cached PNG Texture: Squad/PartList/SimpleIcons/fuels_xenongas
[LOG 18:15:05.330] Load Cached PNG Texture: Squad/PartList/SimpleIcons/inventory_part
[LOG 18:15:05.330] Load Cached PNG Texture: Squad/PartList/SimpleIcons/kerbnet_access
[LOG 18:15:05.331] Load Cached PNG Texture: Squad/PartList/SimpleIcons/number1
[LOG 18:15:05.331] Load Cached PNG Texture: Squad/PartList/SimpleIcons/number2
[LOG 18:15:05.331] Load Cached PNG Texture: Squad/PartList/SimpleIcons/number3
[LOG 18:15:05.331] Load Cached PNG Texture: Squad/PartList/SimpleIcons/number4
[LOG 18:15:05.331] Load Cached PNG Texture: Squad/PartList/SimpleIcons/number5
[LOG 18:15:05.331] Load Cached PNG Texture: Squad/PartList/SimpleIcons/number6
[LOG 18:15:05.331] Load Cached PNG Texture: Squad/PartList/SimpleIcons/number7
[LOG 18:15:05.331] Load Cached PNG Texture: Squad/PartList/SimpleIcons/number8
[LOG 18:15:05.331] Load Cached PNG Texture: Squad/PartList/SimpleIcons/number9
[LOG 18:15:05.331] Load Cached PNG Texture: Squad/PartList/SimpleIcons/probe_control_unit
[LOG 18:15:05.331] Load Cached PNG Texture: Squad/PartList/SimpleIcons/R&D_node_icon_advaerodynamics
[LOG 18:15:05.331] Load Cached PNG Texture: Squad/PartList/SimpleIcons/R&D_node_icon_advancedmotors
[LOG 18:15:05.331] Load Cached PNG Texture: Squad/PartList/SimpleIcons/R&D_node_icon_advconstruction
[LOG 18:15:05.332] Load Cached PNG Texture: Squad/PartList/SimpleIcons/R&D_node_icon_advelectrics
[LOG 18:15:05.332] Load Cached PNG Texture: Squad/PartList/SimpleIcons/R&D_node_icon_advexploration
[LOG 18:15:05.332] Load Cached PNG Texture: Squad/PartList/SimpleIcons/R&D_node_icon_advflightcontrol
[LOG 18:15:05.332] Load Cached PNG Texture: Squad/PartList/SimpleIcons/R&D_node_icon_advlanding
[LOG 18:15:05.332] Load Cached PNG Texture: Squad/PartList/SimpleIcons/R&D_node_icon_advmetalworks
[LOG 18:15:05.332] Load Cached PNG Texture: Squad/PartList/SimpleIcons/R&D_node_icon_advrocketry
[LOG 18:15:05.332] Load Cached PNG Texture: Squad/PartList/SimpleIcons/R&D_node_icon_advsciencetech
[LOG 18:15:05.332] Load Cached PNG Texture: Squad/PartList/SimpleIcons/R&D_node_icon_advunmanned
[LOG 18:15:05.332] Load Cached PNG Texture: Squad/PartList/SimpleIcons/R&D_node_icon_aerodynamicsystems
[LOG 18:15:05.332] Load Cached PNG Texture: Squad/PartList/SimpleIcons/R&D_node_icon_aerospacetech
[LOG 18:15:05.332] Load Cached PNG Texture: Squad/PartList/SimpleIcons/R&D_node_icon_automation
[LOG 18:15:05.332] Load Cached PNG Texture: Squad/PartList/SimpleIcons/R&D_node_icon_basicprobes
[LOG 18:15:05.332] Load Cached PNG Texture: Squad/PartList/SimpleIcons/R&D_node_icon_basicrocketry
[LOG 18:15:05.332] Load Cached PNG Texture: Squad/PartList/SimpleIcons/R&D_node_icon_composites
[LOG 18:15:05.333] Load Cached PNG Texture: Squad/PartList/SimpleIcons/R&D_node_icon_electrics
[LOG 18:15:05.333] Load Cached PNG Texture: Squad/PartList/SimpleIcons/R&D_node_icon_electronics
[LOG 18:15:05.333] Load Cached PNG Texture: Squad/PartList/SimpleIcons/R&D_node_icon_evatech
[LOG 18:15:05.333] Load Cached PNG Texture: Squad/PartList/SimpleIcons/R&D_node_icon_experimentalaerodynamics
[LOG 18:15:05.333] Load Cached PNG Texture: Squad/PartList/SimpleIcons/R&D_node_icon_experimentalelectrics
[LOG 18:15:05.333] Load Cached PNG Texture: Squad/PartList/SimpleIcons/R&D_node_icon_experimentalmotors
[LOG 18:15:05.333] Load Cached PNG Texture: Squad/PartList/SimpleIcons/R&D_node_icon_experimentalrocketry
[LOG 18:15:05.333] Load Cached PNG Texture: Squad/PartList/SimpleIcons/R&D_node_icon_experimentalscience
[LOG 18:15:05.333] Load Cached PNG Texture: Squad/PartList/SimpleIcons/R&D_node_icon_fieldscience
[LOG 18:15:05.333] Load Cached PNG Texture: Squad/PartList/SimpleIcons/R&D_node_icon_flightcontrol
[LOG 18:15:05.333] Load Cached PNG Texture: Squad/PartList/SimpleIcons/R&D_node_icon_fuelsystems
[LOG 18:15:05.333] Load Cached PNG Texture: Squad/PartList/SimpleIcons/R&D_node_icon_generalconstruction
[LOG 18:15:05.333] Load Cached PNG Texture: Squad/PartList/SimpleIcons/R&D_node_icon_generalrocketry
[LOG 18:15:05.333] Load Cached PNG Texture: Squad/PartList/SimpleIcons/R&D_node_icon_generic
[LOG 18:15:05.334] Load Cached PNG Texture: Squad/PartList/SimpleIcons/R&D_node_icon_heavierrocketry
[LOG 18:15:05.334] Load Cached PNG Texture: Squad/PartList/SimpleIcons/R&D_node_icon_heavyaerodynamics
[LOG 18:15:05.334] Load Cached PNG Texture: Squad/PartList/SimpleIcons/R&D_node_icon_heavyrocketry
[LOG 18:15:05.334] Load Cached PNG Texture: Squad/PartList/SimpleIcons/R&D_node_icon_highaltitudeflight
[LOG 18:15:05.334] Load Cached PNG Texture: Squad/PartList/SimpleIcons/R&D_node_icon_highaltitudepropulsion
[LOG 18:15:05.334] Load Cached PNG Texture: Squad/PartList/SimpleIcons/R&D_node_icon_hypersonicflight
[LOG 18:15:05.334] Load Cached PNG Texture: Squad/PartList/SimpleIcons/R&D_node_icon_ionpropulsion
[LOG 18:15:05.334] Load Cached PNG Texture: Squad/PartList/SimpleIcons/R&D_node_icon_landing
[LOG 18:15:05.334] Load Cached PNG Texture: Squad/PartList/SimpleIcons/R&D_node_icon_largecontrol
[LOG 18:15:05.334] Load Cached PNG Texture: Squad/PartList/SimpleIcons/R&D_node_icon_largeelectrics
[LOG 18:15:05.334] Load Cached PNG Texture: Squad/PartList/SimpleIcons/R&D_node_icon_largeprobes
[LOG 18:15:05.334] Load Cached PNG Texture: Squad/PartList/SimpleIcons/R&D_node_icon_metamaterials
[LOG 18:15:05.334] Load Cached PNG Texture: Squad/PartList/SimpleIcons/R&D_node_icon_nanolathing
[LOG 18:15:05.334] Load Cached PNG Texture: Squad/PartList/SimpleIcons/R&D_node_icon_nuclearpropulsion
[LOG 18:15:05.334] Load Cached PNG Texture: Squad/PartList/SimpleIcons/R&D_node_icon_precisionengineering
[LOG 18:15:05.334] Load Cached PNG Texture: Squad/PartList/SimpleIcons/R&D_node_icon_robotics
[LOG 18:15:05.335] Load Cached PNG Texture: Squad/PartList/SimpleIcons/R&D_node_icon_sciencetech
[LOG 18:15:05.335] Load Cached PNG Texture: Squad/PartList/SimpleIcons/R&D_node_icon_specializedconstruction
[LOG 18:15:05.335] Load Cached PNG Texture: Squad/PartList/SimpleIcons/R&D_node_icon_specializedcontrol
[LOG 18:15:05.335] Load Cached PNG Texture: Squad/PartList/SimpleIcons/R&D_node_icon_specializedelectrics
[LOG 18:15:05.335] Load Cached PNG Texture: Squad/PartList/SimpleIcons/R&D_node_icon_stability
[LOG 18:15:05.335] Load Cached PNG Texture: Squad/PartList/SimpleIcons/R&D_node_icon_start
[LOG 18:15:05.335] Load Cached PNG Texture: Squad/PartList/SimpleIcons/R&D_node_icon_supersonicflight
[LOG 18:15:05.335] Load Cached PNG Texture: Squad/PartList/SimpleIcons/R&D_node_icon_survivability
[LOG 18:15:05.335] Load Cached PNG Texture: Squad/PartList/SimpleIcons/R&D_node_icon_unmannedtech
[LOG 18:15:05.335] Load Cached PNG Texture: Squad/PartList/SimpleIcons/R&D_node_icon_veryheavyrocketry
[LOG 18:15:05.335] Load Cached PNG Texture: Squad/PartList/SimpleIcons/rcsfx
[LOG 18:15:05.335] Load Cached PNG Texture: Squad/PartList/SimpleIcons/RDicon_aerospaceTech2
[LOG 18:15:05.335] Load Cached PNG Texture: Squad/PartList/SimpleIcons/RDicon_commandmodules
[LOG 18:15:05.336] Load Cached PNG Texture: Squad/PartList/SimpleIcons/RDicon_fuelSystems-advanced
[LOG 18:15:05.336] Load Cached PNG Texture: Squad/PartList/SimpleIcons/RDicon_fuelSystems-highPerformance
[LOG 18:15:05.336] Load Cached PNG Texture: Squad/PartList/SimpleIcons/RDicon_largeVolumeContainment
[LOG 18:15:05.336] Load Cached PNG Texture: Squad/PartList/SimpleIcons/RDicon_miniaturization
[LOG 18:15:05.336] Load Cached PNG Texture: Squad/PartList/SimpleIcons/RDicon_propulsion-precision
[LOG 18:15:05.336] Load Cached PNG Texture: Squad/PartList/SimpleIcons/RDicon_propulsionSystems
[LOG 18:15:05.336] Load Cached PNG Texture: Squad/PartList/SimpleIcons/RDicon_telescope
[LOG 18:15:05.336] Load Cached PNG Texture: Squad/PartList/SimpleIcons/robotic_controller
[LOG 18:15:05.336] Load Cached PNG Texture: Squad/PartList/SimpleIcons/robotic_rotation_servo
[LOG 18:15:05.336] Load Cached PNG Texture: Squad/PartList/SimpleIcons/robotic_servo_hinge
[LOG 18:15:05.336] Load Cached PNG Texture: Squad/PartList/SimpleIcons/robotic_servo_piston
[LOG 18:15:05.336] Load Cached PNG Texture: Squad/PartList/SimpleIcons/robotic_servo_rotor
[LOG 18:15:05.336] Load Cached PNG Texture: Squad/PartList/SimpleIcons/scanner_arm
[LOG 18:15:05.336] Load Cached PNG Texture: Squad/PartList/SimpleIcons/variant
[LOG 18:15:05.336] Load Cached PNG Texture: Squad/Parts/@thumbs/adapterSmallMiniShort_icon0
[LOG 18:15:05.336] Load Cached PNG Texture: Squad/Parts/@thumbs/adapterSmallMiniShort_icon1
[LOG 18:15:05.337] Load Cached PNG Texture: Squad/Parts/@thumbs/adapterSmallMiniTall_icon0
[LOG 18:15:05.337] Load Cached PNG Texture: Squad/Parts/@thumbs/adapterSmallMiniTall_icon1
[LOG 18:15:05.337] Load Cached PNG Texture: Squad/Parts/@thumbs/AdvancedCanard_icon
[LOG 18:15:05.337] Load Cached PNG Texture: Squad/Parts/@thumbs/advSasModule_icon
[LOG 18:15:05.337] Load Cached PNG Texture: Squad/Parts/@thumbs/airbrake1_icon
[LOG 18:15:05.337] Load Cached PNG Texture: Squad/Parts/@thumbs/airScoop_icon
[LOG 18:15:05.337] Load Cached PNG Texture: Squad/Parts/@thumbs/avionicsNoseCone_icon
[LOG 18:15:05.337] Load Cached PNG Texture: Squad/Parts/@thumbs/basicFin_icon
[LOG 18:15:05.337] Load Cached PNG Texture: Squad/Parts/@thumbs/batteryBankMini_icon
[LOG 18:15:05.337] Load Cached PNG Texture: Squad/Parts/@thumbs/batteryBank_icon
[LOG 18:15:05.337] Load Cached PNG Texture: Squad/Parts/@thumbs/batteryPack_icon
[LOG 18:15:05.337] Load Cached PNG Texture: Squad/Parts/@thumbs/cargoContainer_icon
[LOG 18:15:05.337] Load Cached PNG Texture: Squad/Parts/@thumbs/CargoStorageUnit_icon
[LOG 18:15:05.338] Load Cached PNG Texture: Squad/Parts/@thumbs/CircularIntake_icon
[LOG 18:15:05.338] Load Cached PNG Texture: Squad/Parts/@thumbs/commDish_icon
[LOG 18:15:05.338] Load Cached PNG Texture: Squad/Parts/@thumbs/Decoupler.0_icon0
[LOG 18:15:05.338] Load Cached PNG Texture: Squad/Parts/@thumbs/Decoupler.0_icon1
[LOG 18:15:05.338] Load Cached PNG Texture: Squad/Parts/@thumbs/Decoupler.1_icon0
[LOG 18:15:05.338] Load Cached PNG Texture: Squad/Parts/@thumbs/Decoupler.1_icon1
[LOG 18:15:05.338] Load Cached PNG Texture: Squad/Parts/@thumbs/dockingPort1_icon
[LOG 18:15:05.338] Load Cached PNG Texture: Squad/Parts/@thumbs/dockingPort2_icon
[LOG 18:15:05.338] Load Cached PNG Texture: Squad/Parts/@thumbs/dockingPort3_icon
[LOG 18:15:05.338] Load Cached PNG Texture: Squad/Parts/@thumbs/domeLight1_icon0
[LOG 18:15:05.338] Load Cached PNG Texture: Squad/Parts/@thumbs/domeLight1_icon1
[LOG 18:15:05.339] Load Cached PNG Texture: Squad/Parts/@thumbs/elevon2_icon
[LOG 18:15:05.339] Load Cached PNG Texture: Squad/Parts/@thumbs/elevon3_icon
[LOG 18:15:05.339] Load Cached PNG Texture: Squad/Parts/@thumbs/elevon5_icon
[LOG 18:15:05.339] Load Cached PNG Texture: Squad/Parts/@thumbs/evaChute_icon
[LOG 18:15:05.339] Load Cached PNG Texture: Squad/Parts/@thumbs/evaCylinder_icon
[LOG 18:15:05.339] Load Cached PNG Texture: Squad/Parts/@thumbs/evaJetpack_icon
[LOG 18:15:05.339] Load Cached PNG Texture: Squad/Parts/@thumbs/evaRepairKit_icon
[LOG 18:15:05.339] Load Cached PNG Texture: Squad/Parts/@thumbs/evaScienceKit_icon
[LOG 18:15:05.339] Load Cached PNG Texture: Squad/Parts/@thumbs/externalTankCapsule_icon0
[LOG 18:15:05.339] Load Cached PNG Texture: Squad/Parts/@thumbs/externalTankCapsule_icon1
[LOG 18:15:05.339] Load Cached PNG Texture: Squad/Parts/@thumbs/externalTankRound_icon0
[LOG 18:15:05.339] Load Cached PNG Texture: Squad/Parts/@thumbs/externalTankRound_icon1
[LOG 18:15:05.340] Load Cached PNG Texture: Squad/Parts/@thumbs/externalTankToroid_icon0
[LOG 18:15:05.340] Load Cached PNG Texture: Squad/Parts/@thumbs/externalTankToroid_icon1
[LOG 18:15:05.340] Load Cached PNG Texture: Squad/Parts/@thumbs/fireworksLauncherBig_icon
[LOG 18:15:05.340] Load Cached PNG Texture: Squad/Parts/@thumbs/fireworksLauncherSmall_icon
[LOG 18:15:05.340] Load Cached PNG Texture: Squad/Parts/@thumbs/foldingRadMed_icon
[LOG 18:15:05.340] Load Cached PNG Texture: Squad/Parts/@thumbs/foldingRadSmall_icon
[LOG 18:15:05.340] Load Cached PNG Texture: Squad/Parts/@thumbs/FuelCellArray_icon
[LOG 18:15:05.340] Load Cached PNG Texture: Squad/Parts/@thumbs/FuelCell_icon
[LOG 18:15:05.340] Load Cached PNG Texture: Squad/Parts/@thumbs/fuelTank.long_icon0
[LOG 18:15:05.340] Load Cached PNG Texture: Squad/Parts/@thumbs/fuelTankSmallFlat_icon0
[LOG 18:15:05.341] Load Cached PNG Texture: Squad/Parts/@thumbs/fuelTankSmallFlat_icon1
[LOG 18:15:05.341] Load Cached PNG Texture: Squad/Parts/@thumbs/fuelTankSmallFlat_icon2
[LOG 18:15:05.341] Load Cached PNG Texture: Squad/Parts/@thumbs/fuelTankSmallFlat_icon3
[LOG 18:15:05.341] Load Cached PNG Texture: Squad/Parts/@thumbs/fuelTankSmall_icon0
[LOG 18:15:05.341] Load Cached PNG Texture: Squad/Parts/@thumbs/fuelTankSmall_icon1
[LOG 18:15:05.341] Load Cached PNG Texture: Squad/Parts/@thumbs/fuelTankSmall_icon2
[LOG 18:15:05.341] Load Cached PNG Texture: Squad/Parts/@thumbs/fuelTankSmall_icon3
[LOG 18:15:05.341] Load Cached PNG Texture: Squad/Parts/@thumbs/fuelTank_icon0
[LOG 18:15:05.341] Load Cached PNG Texture: Squad/Parts/@thumbs/GearFixed_icon
[LOG 18:15:05.341] Load Cached PNG Texture: Squad/Parts/@thumbs/GearFree_icon
[LOG 18:15:05.345] Load Cached PNG Texture: Squad/Parts/@thumbs/GearSmall_icon
[LOG 18:15:05.345] Load Cached PNG Texture: Squad/Parts/@thumbs/GooExperiment_icon
[LOG 18:15:05.345] Load Cached PNG Texture: Squad/Parts/@thumbs/groundAnchor_icon
[LOG 18:15:05.345] Load Cached PNG Texture: Squad/Parts/@thumbs/groundLight1_icon
[LOG 18:15:05.345] Load Cached PNG Texture: Squad/Parts/@thumbs/groundLight2_icon
[LOG 18:15:05.345] Load Cached PNG Texture: Squad/Parts/@thumbs/HeatShield0_icon
[LOG 18:15:05.346] Load Cached PNG Texture: Squad/Parts/@thumbs/HeatShield1_icon
[LOG 18:15:05.346] Load Cached PNG Texture: Squad/Parts/@thumbs/HECS2.ProbeCore_icon
[LOG 18:15:05.346] Load Cached PNG Texture: Squad/Parts/@thumbs/HighGainAntenna5.v2_icon
[LOG 18:15:05.346] Load Cached PNG Texture: Squad/Parts/@thumbs/HighGainAntenna5_icon
[LOG 18:15:05.346] Load Cached PNG Texture: Squad/Parts/@thumbs/HighGainAntenna_icon
[LOG 18:15:05.346] Load Cached PNG Texture: Squad/Parts/@thumbs/IntakeRadialLong_icon
[LOG 18:15:05.348] Load Cached PNG Texture: Squad/Parts/@thumbs/ionEngine_icon
[LOG 18:15:05.348] Load Cached PNG Texture: Squad/Parts/@thumbs/ksp.r.largeBatteryPack_icon
[LOG 18:15:05.348] Load Cached PNG Texture: Squad/Parts/@thumbs/ladder1_icon
[LOG 18:15:05.348] Load Cached PNG Texture: Squad/Parts/@thumbs/landingLeg1-2_icon
[LOG 18:15:05.348] Load Cached PNG Texture: Squad/Parts/@thumbs/landingLeg1_icon
[LOG 18:15:05.348] Load Cached PNG Texture: Squad/Parts/@thumbs/LgRadialSolarPanel_icon
[LOG 18:15:05.348] Load Cached PNG Texture: Squad/Parts/@thumbs/linearRcs_icon
[LOG 18:15:05.348] Load Cached PNG Texture: Squad/Parts/@thumbs/liquidEngine2.v2_icon0
[LOG 18:15:05.348] Load Cached PNG Texture: Squad/Parts/@thumbs/liquidEngine3.v2_icon0
[LOG 18:15:05.349] Load Cached PNG Texture: Squad/Parts/@thumbs/liquidEngine3.v2_icon1
[LOG 18:15:05.349] Load Cached PNG Texture: Squad/Parts/@thumbs/liquidEngine3.v2_icon2
[LOG 18:15:05.349] Load Cached PNG Texture: Squad/Parts/@thumbs/liquidEngineMini.v2_icon0
[LOG 18:15:05.349] Load Cached PNG Texture: Squad/Parts/@thumbs/liquidEngineMini.v2_icon1
[LOG 18:15:05.350] Load Cached PNG Texture: Squad/Parts/@thumbs/liquidEngineMini.v2_icon2
[LOG 18:15:05.351] Load Cached PNG Texture: Squad/Parts/@thumbs/longAntenna_icon
[LOG 18:15:05.352] Load Cached PNG Texture: Squad/Parts/@thumbs/Magnetometer_icon
[LOG 18:15:05.352] Load Cached PNG Texture: Squad/Parts/@thumbs/mediumDishAntenna_icon
[LOG 18:15:05.352] Load Cached PNG Texture: Squad/Parts/@thumbs/microEngine.v2_icon0
[LOG 18:15:05.352] Load Cached PNG Texture: Squad/Parts/@thumbs/microEngine.v2_icon1
[LOG 18:15:05.353] Load Cached PNG Texture: Squad/Parts/@thumbs/MiniDrill_icon
[LOG 18:15:05.353] Load Cached PNG Texture: Squad/Parts/@thumbs/miniFuelTank_icon
[LOG 18:15:05.353] Load Cached PNG Texture: Squad/Parts/@thumbs/miniFuselage_icon
[LOG 18:15:05.358] Load Cached PNG Texture: Squad/Parts/@thumbs/miniIntake_icon
[LOG 18:15:05.358] Load Cached PNG Texture: Squad/Parts/@thumbs/miniJetEngine_icon
[LOG 18:15:05.359] Load Cached PNG Texture: Squad/Parts/@thumbs/miniLandingLeg_icon
[LOG 18:15:05.359] Load Cached PNG Texture: Squad/Parts/@thumbs/Mite_icon
[LOG 18:15:05.360] Load Cached PNG Texture: Squad/Parts/@thumbs/mk1pod.v2_icon0
[LOG 18:15:05.360] Load Cached PNG Texture: Squad/Parts/@thumbs/mk2DroneCore_icon
[LOG 18:15:05.360] Load Cached PNG Texture: Squad/Parts/@thumbs/mk2LanderCabin.v2_icon1
[LOG 18:15:05.361] Load Cached PNG Texture: Squad/Parts/@thumbs/MpoProbe_icon
[LOG 18:15:05.361] Load Cached PNG Texture: Squad/Parts/@thumbs/navLight1_icon0
[LOG 18:15:05.362] Load Cached PNG Texture: Squad/Parts/@thumbs/navLight1_icon1
[LOG 18:15:05.362] Load Cached PNG Texture: Squad/Parts/@thumbs/noseCone_icon0
[LOG 18:15:05.363] Load Cached PNG Texture: Squad/Parts/@thumbs/noseCone_icon1
[LOG 18:15:05.363] Load Cached PNG Texture: Squad/Parts/@thumbs/noseCone_icon2
[LOG 18:15:05.364] Load Cached PNG Texture: Squad/Parts/@thumbs/omsEngine_icon
[LOG 18:15:05.364] Load Cached PNG Texture: Squad/Parts/@thumbs/OrbitalScanner_icon
[LOG 18:15:05.365] Load Cached PNG Texture: Squad/Parts/@thumbs/parachuteDrogue_icon
[LOG 18:15:05.365] Load Cached PNG Texture: Squad/Parts/@thumbs/parachuteLarge_icon
[LOG 18:15:05.366] Load Cached PNG Texture: Squad/Parts/@thumbs/parachuteRadial_icon
[LOG 18:15:05.366] Load Cached PNG Texture: Squad/Parts/@thumbs/parachuteSingle_icon
[LOG 18:15:05.367] Load Cached PNG Texture: Squad/Parts/@thumbs/probeCoreCube_icon
[LOG 18:15:05.367] Load Cached PNG Texture: Squad/Parts/@thumbs/probeCoreHex.v2_icon
[LOG 18:15:05.369] Load Cached PNG Texture: Squad/Parts/@thumbs/probeCoreOcto.v2_icon
[LOG 18:15:05.369] Load Cached PNG Texture: Squad/Parts/@thumbs/probeCoreOcto2.v2_icon
[LOG 18:15:05.369] Load Cached PNG Texture: Squad/Parts/@thumbs/probeCoreSphere.v2_icon
[LOG 18:15:05.370] Load Cached PNG Texture: Squad/Parts/@thumbs/probeStackLarge_icon
[LOG 18:15:05.370] Load Cached PNG Texture: Squad/Parts/@thumbs/probeStackSmall_icon
[LOG 18:15:05.371] Load Cached PNG Texture: Squad/Parts/@thumbs/R8winglet_icon
[LOG 18:15:05.371] Load Cached PNG Texture: Squad/Parts/@thumbs/radialDecoupler1-2_icon
[LOG 18:15:05.373] Load Cached PNG Texture: Squad/Parts/@thumbs/radialDecoupler2_icon
[LOG 18:15:05.375] Load Cached PNG Texture: Squad/Parts/@thumbs/radialDecoupler_icon
[LOG 18:15:05.375] Load Cached PNG Texture: Squad/Parts/@thumbs/radialDrogue_icon
[LOG 18:15:05.382] Load Cached PNG Texture: Squad/Parts/@thumbs/radialEngineMini.v2_icon0
[LOG 18:15:05.383] Load Cached PNG Texture: Squad/Parts/@thumbs/radialEngineMini.v2_icon1
[LOG 18:15:05.383] Load Cached PNG Texture: Squad/Parts/@thumbs/radialLiquidEngine1-2_icon
[LOG 18:15:05.383] Load Cached PNG Texture: Squad/Parts/@thumbs/RadialOreTank_icon
[LOG 18:15:05.383] Load Cached PNG Texture: Squad/Parts/@thumbs/radialRCSTank_icon
[LOG 18:15:05.384] Load Cached PNG Texture: Squad/Parts/@thumbs/radPanelEdge_icon
[LOG 18:15:05.385] Load Cached PNG Texture: Squad/Parts/@thumbs/radPanelLg_icon
[LOG 18:15:05.385] Load Cached PNG Texture: Squad/Parts/@thumbs/radPanelSm_icon
[LOG 18:15:05.385] Load Cached PNG Texture: Squad/Parts/@thumbs/RCSblock.01.small_icon0
[LOG 18:15:05.386] Load Cached PNG Texture: Squad/Parts/@thumbs/RCSblock.01.small_icon1
[LOG 18:15:05.388] Load Cached PNG Texture: Squad/Parts/@thumbs/RCSblock.01.small_icon2
[LOG 18:15:05.388] Load Cached PNG Texture: Squad/Parts/@thumbs/RCSblock.01.small_icon3
[LOG 18:15:05.388] Load Cached PNG Texture: Squad/Parts/@thumbs/RCSblock.01.small_icon4
[LOG 18:15:05.389] Load Cached PNG Texture: Squad/Parts/@thumbs/RCSBlock.v2_icon
[LOG 18:15:05.389] Load Cached PNG Texture: Squad/Parts/@thumbs/RCSBlock.v2_icon0
[LOG 18:15:05.390] Load Cached PNG Texture: Squad/Parts/@thumbs/RCSBlock.v2_icon1
[LOG 18:15:05.390] Load Cached PNG Texture: Squad/Parts/@thumbs/RCSBlock.v2_icon2
[LOG 18:15:05.391] Load Cached PNG Texture: Squad/Parts/@thumbs/RCSBlock.v2_icon3
[LOG 18:15:05.391] Load Cached PNG Texture: Squad/Parts/@thumbs/RCSBlock.v2_icon4
[LOG 18:15:05.392] Load Cached PNG Texture: Squad/Parts/@thumbs/RCSFuelTank_icon
[LOG 18:15:05.392] Load Cached PNG Texture: Squad/Parts/@thumbs/RCSLinearSmall_icon
[LOG 18:15:05.393] Load Cached PNG Texture: Squad/Parts/@thumbs/rcsTankMini_icon
[LOG 18:15:05.393] Load Cached PNG Texture: Squad/Parts/@thumbs/RelayAntenna5_icon
[LOG 18:15:05.393] Load Cached PNG Texture: Squad/Parts/@thumbs/ReleaseValve_icon
[LOG 18:15:05.394] Load Cached PNG Texture: Squad/Parts/@thumbs/roverBody.v2_icon0
[LOG 18:15:05.394] Load Cached PNG Texture: Squad/Parts/@thumbs/roverBody.v2_icon1
[LOG 18:15:05.395] Load Cached PNG Texture: Squad/Parts/@thumbs/roverBody.v2_icon2
[LOG 18:15:05.395] Load Cached PNG Texture: Squad/Parts/@thumbs/roverWheel1_icon
[LOG 18:15:05.396] Load Cached PNG Texture: Squad/Parts/@thumbs/roverWheel2_icon
[LOG 18:15:05.396] Load Cached PNG Texture: Squad/Parts/@thumbs/rtg_icon
[LOG 18:15:05.397] Load Cached PNG Texture: Squad/Parts/@thumbs/sasModule_icon
[LOG 18:15:05.397] Load Cached PNG Texture: Squad/Parts/@thumbs/science.module_icon
[LOG 18:15:05.397] Load Cached PNG Texture: Squad/Parts/@thumbs/ScienceBox_icon
[LOG 18:15:05.398] Load Cached PNG Texture: Squad/Parts/@thumbs/seatExternalCmd_icon
[LOG 18:15:05.398] Load Cached PNG Texture: Squad/Parts/@thumbs/sensorAccelerometer_icon
[LOG 18:15:05.399] Load Cached PNG Texture: Squad/Parts/@thumbs/sensorAtmosphere_icon
[LOG 18:15:05.399] Load Cached PNG Texture: Squad/Parts/@thumbs/sensorBarometer_icon
[LOG 18:15:05.399] Load Cached PNG Texture: Squad/Parts/@thumbs/sensorGravimeter_icon
[LOG 18:15:05.400] Load Cached PNG Texture: Squad/Parts/@thumbs/sensorThermometer_icon
[LOG 18:15:05.400] Load Cached PNG Texture: Squad/Parts/@thumbs/Separator.0_icon0
[LOG 18:15:05.401] Load Cached PNG Texture: Squad/Parts/@thumbs/Separator.0_icon1
[LOG 18:15:05.401] Load Cached PNG Texture: Squad/Parts/@thumbs/Separator.1_icon0
[LOG 18:15:05.401] Load Cached PNG Texture: Squad/Parts/@thumbs/Separator.1_icon1
[LOG 18:15:05.402] Load Cached PNG Texture: Squad/Parts/@thumbs/sepMotor1_icon
[LOG 18:15:05.402] Load Cached PNG Texture: Squad/Parts/@thumbs/ServiceBay.125.v2_icon
[LOG 18:15:05.403] Load Cached PNG Texture: Squad/Parts/@thumbs/shockConeIntake_icon
[LOG 18:15:05.403] Load Cached PNG Texture: Squad/Parts/@thumbs/Shrimp_icon
[LOG 18:15:05.404] Load Cached PNG Texture: Squad/Parts/@thumbs/smallCargoContainer_icon
[LOG 18:15:05.407] Load Cached PNG Texture: Squad/Parts/@thumbs/smallClaw_icon0
[LOG 18:15:05.407] Load Cached PNG Texture: Squad/Parts/@thumbs/smallClaw_icon1
[LOG 18:15:05.407] Load Cached PNG Texture: Squad/Parts/@thumbs/smallCtrlSrf_icon
[LOG 18:15:05.408] Load Cached PNG Texture: Squad/Parts/@thumbs/SmallGearBay_icon
[LOG 18:15:05.408] Load Cached PNG Texture: Squad/Parts/@thumbs/smallHardpoint_icon
[LOG 18:15:05.408] Load Cached PNG Texture: Squad/Parts/@thumbs/smallRadialEngine.v2_icon0
[LOG 18:15:05.409] Load Cached PNG Texture: Squad/Parts/@thumbs/smallRadialEngine.v2_icon1
[LOG 18:15:05.413] Load Cached PNG Texture: Squad/Parts/@thumbs/solarPanelOX10C_icon
[LOG 18:15:05.416] Load Cached PNG Texture: Squad/Parts/@thumbs/solarPanelOX10L_icon
[LOG 18:15:05.417] Load Cached PNG Texture: Squad/Parts/@thumbs/solarPanels1_icon
[LOG 18:15:05.417] Load Cached PNG Texture: Squad/Parts/@thumbs/solarPanels2_icon
[LOG 18:15:05.417] Load Cached PNG Texture: Squad/Parts/@thumbs/solarPanels3_icon
[LOG 18:15:05.417] Load Cached PNG Texture: Squad/Parts/@thumbs/solarPanels4_icon
[LOG 18:15:05.418] Load Cached PNG Texture: Squad/Parts/@thumbs/solarPanels5_icon
[LOG 18:15:05.419] Load Cached PNG Texture: Squad/Parts/@thumbs/solarPanelSP10C_icon
[LOG 18:15:05.420] Load Cached PNG Texture: Squad/Parts/@thumbs/solarPanelSP10L_icon
[LOG 18:15:05.420] Load Cached PNG Texture: Squad/Parts/@thumbs/solidBooster.sm.v2_icon0
[LOG 18:15:05.421] Load Cached PNG Texture: Squad/Parts/@thumbs/solidBooster.v2_icon0
[LOG 18:15:05.421] Load Cached PNG Texture: Squad/Parts/@thumbs/spotLight1_icon
[LOG 18:15:05.422] Load Cached PNG Texture: Squad/Parts/@thumbs/spotLight2_icon
[LOG 18:15:05.423] Load Cached PNG Texture: Squad/Parts/@thumbs/spotLight3_icon0
[LOG 18:15:05.423] Load Cached PNG Texture: Squad/Parts/@thumbs/spotLight3_icon1
[LOG 18:15:05.424] Load Cached PNG Texture: Squad/Parts/@thumbs/stackPoint1_icon
[LOG 18:15:05.424] Load Cached PNG Texture: Squad/Parts/@thumbs/StandardCtrlSrf_icon
[LOG 18:15:05.425] Load Cached PNG Texture: Squad/Parts/@thumbs/standardNoseCone_icon
[LOG 18:15:05.426] Load Cached PNG Texture: Squad/Parts/@thumbs/stripLight1_icon0
[LOG 18:15:05.426] Load Cached PNG Texture: Squad/Parts/@thumbs/stripLight1_icon1
[LOG 18:15:05.427] Load Cached PNG Texture: Squad/Parts/@thumbs/structuralIBeam1_icon
[LOG 18:15:05.427] Load Cached PNG Texture: Squad/Parts/@thumbs/structuralIBeam3_icon
[LOG 18:15:05.430] Load Cached PNG Texture: Squad/Parts/@thumbs/structuralMiniNode_icon
[LOG 18:15:05.430] Load Cached PNG Texture: Squad/Parts/@thumbs/structuralPanel1_icon
[LOG 18:15:05.431] Load Cached PNG Texture: Squad/Parts/@thumbs/structuralPanel2_icon
[LOG 18:15:05.431] Load Cached PNG Texture: Squad/Parts/@thumbs/structuralWing4_icon
[LOG 18:15:05.432] Load Cached PNG Texture: Squad/Parts/@thumbs/strutCube_icon
[LOG 18:15:05.432] Load Cached PNG Texture: Squad/Parts/@thumbs/strutOcto_icon
[LOG 18:15:05.433] Load Cached PNG Texture: Squad/Parts/@thumbs/SurfaceScanner_icon
[LOG 18:15:05.433] Load Cached PNG Texture: Squad/Parts/@thumbs/SurfAntenna_icon
[LOG 18:15:05.434] Load Cached PNG Texture: Squad/Parts/@thumbs/telescopicLadderBay_icon
[LOG 18:15:05.435] Load Cached PNG Texture: Squad/Parts/@thumbs/telescopicLadder_icon
[LOG 18:15:05.436] Load Cached PNG Texture: Squad/Parts/@thumbs/toroidalAerospike_icon
[LOG 18:15:05.436] Load Cached PNG Texture: Squad/Parts/@thumbs/trussAdapter_icon
[LOG 18:15:05.437] Load Cached PNG Texture: Squad/Parts/@thumbs/trussPiece1x_icon
[LOG 18:15:05.438] Load Cached PNG Texture: Squad/Parts/@thumbs/trussPiece3x_icon
[LOG 18:15:05.438] Load Cached PNG Texture: Squad/Parts/@thumbs/vernierEngine_icon
[LOG 18:15:05.439] Load Cached PNG Texture: Squad/Parts/@thumbs/wheelMed_icon
[LOG 18:15:05.439] Load Cached PNG Texture: Squad/Parts/@thumbs/wingConnector4_icon
[LOG 18:15:05.440] Load Cached PNG Texture: Squad/Parts/@thumbs/wingConnector5_icon
[LOG 18:15:05.440] Load Cached PNG Texture: Squad/Parts/@thumbs/winglet3_icon
[LOG 18:15:05.444] Load Cached PNG Texture: Squad/Parts/@thumbs/winglet_icon
[LOG 18:15:05.444] Load Cached PNG Texture: Squad/Parts/@thumbs/wingShuttleElevon1_icon
[LOG 18:15:05.445] Load Cached PNG Texture: Squad/Parts/@thumbs/xenonTankLarge_icon
[LOG 18:15:05.445] Load Cached PNG Texture: Squad/Parts/@thumbs/xenonTankRadial_icon
[LOG 18:15:05.446] Load Cached PNG Texture: Squad/Parts/@thumbs/xenonTank_icon
[LOG 18:15:05.446] Load DDS texture: Squad/Parts/Aero/aerodynamicNoseCone/Rockomax_Adapters_diffuse
[LOG 18:15:05.447] Load DDS texture: Squad/Parts/Aero/aerodynamicNoseCone/Rockomax_Adapters_normal
[LOG 18:15:05.449] Load DDS texture: Squad/Parts/Aero/airbrake/airbrake
[LOG 18:15:05.454] Load DDS texture: Squad/Parts/Aero/airIntakeRadialXM-G50/RadialIntake
[LOG 18:15:05.454] Load DDS texture: Squad/Parts/Aero/airlinerWings/AirlinerWings
[LOG 18:15:05.462] Load DDS texture: Squad/Parts/Aero/airplaneFins/AirplaneFins
[LOG 18:15:05.466] Load DDS texture: Squad/Parts/Aero/basicFin/BasicFin
[LOG 18:15:05.466] Load DDS texture: Squad/Parts/Aero/circularIntake/CircluarIntakes
[LOG 18:15:05.467] Load DDS texture: Squad/Parts/Aero/circularIntake/CircluarIntakes_Heat
[LOG 18:15:05.467] Load DDS texture: Squad/Parts/Aero/cones/Assets/Cones
[LOG 18:15:05.467] Load DDS texture: Squad/Parts/Aero/cones/Assets/ConesDiffuse
[LOG 18:15:05.474] Load DDS texture: Squad/Parts/Aero/cones/Assets/ConesDiffuse_Orange
[LOG 18:15:05.476] Load DDS texture: Squad/Parts/Aero/cones/Assets/ConesDiffuse_White
[LOG 18:15:05.480] Load DDS texture: Squad/Parts/Aero/cones/Assets/ConesHeat
[LOG 18:15:05.494] Load DDS texture: Squad/Parts/Aero/cones/Assets/ConesHeat_Orange
[LOG 18:15:05.496] Load DDS texture: Squad/Parts/Aero/cones/Assets/ConesHeat_White
[LOG 18:15:05.498] Load DDS texture: Squad/Parts/Aero/cones/Assets/Cones_Heat
[LOG 18:15:05.498] Load Cached PNG Texture: Squad/Parts/Aero/cones/Assets/rocketNoseCones_O
[LOG 18:15:05.504] Load Cached PNG Texture: Squad/Parts/Aero/cones/Assets/rocketNoseCones_O_Normal
[LOG 18:15:05.505] Load DDS texture: Squad/Parts/Aero/cones/Assets/rocketNoseCones_W
[LOG 18:15:05.513] Load DDS texture: Squad/Parts/Aero/cones/Assets/Rockomax_Adapters_diffuse
[LOG 18:15:05.514] Load DDS texture: Squad/Parts/Aero/cones/Assets/Rockomax_Adapters_normal
[LOG 18:15:05.514] Load DDS texture: Squad/Parts/Aero/fairings/AutoTruss
[LOG 18:15:05.514] Load DDS texture: Squad/Parts/Aero/fairings/FairingBase
[LOG 18:15:05.514] Load DDS texture: Squad/Parts/Aero/fairings/FairingBaseNormals
[LOG 18:15:05.514] Load DDS texture: Squad/Parts/Aero/fairings/FairingBaseNormals_bw
[LOG 18:15:05.515] Load DDS texture: Squad/Parts/Aero/fairings/FairingBaseNormals_goldSilver
[LOG 18:15:05.515] Load DDS texture: Squad/Parts/Aero/fairings/FairingBaseNormals_orange
[LOG 18:15:05.515] Load Cached PNG Texture: Squad/Parts/Aero/fairings/FairingBase_black
[LOG 18:15:05.518] Load DDS texture: Squad/Parts/Aero/fairings/FairingBase_bw
[LOG 18:15:05.519] Load DDS texture: Squad/Parts/Aero/fairings/FairingBase_goldDiffuse
[LOG 18:15:05.519] Load DDS texture: Squad/Parts/Aero/fairings/FairingBase_goldSpecular
[LOG 18:15:05.523] Load DDS texture: Squad/Parts/Aero/fairings/FairingBase_orange
[LOG 18:15:05.524] Load DDS texture: Squad/Parts/Aero/fairings/FairingBase_silverDiffuse
[LOG 18:15:05.531] Load DDS texture: Squad/Parts/Aero/fairings/FairingBase_silverSpecular
[LOG 18:15:05.532] Load DDS texture: Squad/Parts/Aero/fairings/fairingsCap
[LOG 18:15:05.532] Load DDS texture: Squad/Parts/Aero/fairings/FairingsMat_silverSpecular
[LOG 18:15:05.534] Load DDS texture: Squad/Parts/Aero/fairings/fairings_diff
[LOG 18:15:05.536] Load DDS texture: Squad/Parts/Aero/fairings/fairings_diff_grey
[LOG 18:15:05.538] Load DDS texture: Squad/Parts/Aero/fairings/fairings_diff_orange
[LOG 18:15:05.540] Load DDS texture: Squad/Parts/Aero/fairings/fairings_grey_normals
[LOG 18:15:05.542] Load DDS texture: Squad/Parts/Aero/fairings/fairings_normals
[LOG 18:15:05.544] Load DDS texture: Squad/Parts/Aero/fairings/fairings_normals_silver
[LOG 18:15:05.546] Load DDS texture: Squad/Parts/Aero/fairings/fairings_orange_normals
[LOG 18:15:05.547] Load DDS texture: Squad/Parts/Aero/fairings/fairings_silverDiffuse
[LOG 18:15:05.549] Load DDS texture: Squad/Parts/Aero/HeatShield/Fairing
[LOG 18:15:05.549] Load DDS texture: Squad/Parts/Aero/HeatShield/heatshield
[LOG 18:15:05.550] Load DDS texture: Squad/Parts/Aero/InflatableHeatShield/HeatShield
[LOG 18:15:05.553] Load DDS texture: Squad/Parts/Aero/InflatableHeatShield/HeatShieldFairing
[LOG 18:15:05.553] Load DDS texture: Squad/Parts/Aero/InflatableHeatShield/HeatShield_NRM
[LOG 18:15:05.558] Load DDS texture: Squad/Parts/Aero/intakeRadialLong/Radial_long
[LOG 18:15:05.559] Load DDS texture: Squad/Parts/Aero/miniIntake/SmallIntake
[LOG 18:15:05.560] Load DDS texture: Squad/Parts/Aero/ramAirIntake/RampIntake
[LOG 18:15:05.560] Load DDS texture: Squad/Parts/Aero/ramAirIntake/RampIntake_Heat
[LOG 18:15:05.560] Load DDS texture: Squad/Parts/Aero/shuttleWings/ShuttleWings
[LOG 18:15:05.582] Load DDS texture: Squad/Parts/Aero/wingletAV-R8/model000
[LOG 18:15:05.584] Load DDS texture: Squad/Parts/Aero/wingletAV-R8/model001
[LOG 18:15:05.586] Load DDS texture: Squad/Parts/Aero/wingletAV-T1/model000
[LOG 18:15:05.586] Load DDS texture: Squad/Parts/Aero/wingletAV-T1/model001
[LOG 18:15:05.587] Load DDS texture: Squad/Parts/Aero/wingletDeltaDeluxe/model000
[LOG 18:15:05.587] Load DDS texture: Squad/Parts/Aero/wings/Wings
[LOG 18:15:05.588] Load DDS texture: Squad/Parts/Cargo/CargoContainers/cargoContainer_diff
[LOG 18:15:05.589] Load DDS texture: Squad/Parts/Cargo/CargoContainers/smallCargoContainer_diffuse
[LOG 18:15:05.589] Load DDS texture: Squad/Parts/Cargo/CargoContainers/smallCargoContainer_nrm
[LOG 18:15:05.589] Load DDS texture: Squad/Parts/Cargo/CargoContainers/smallCargoContainer_specular
[LOG 18:15:05.590] Load DDS texture: Squad/Parts/Cargo/Cylinder/EVAcylinder_diffuse
[LOG 18:15:05.590] Load DDS texture: Squad/Parts/Cargo/Cylinder/EVAcylinder_nrm
[LOG 18:15:05.594] Load DDS texture: Squad/Parts/Cargo/GroundAnchor/groundAnchor_diffuse
[LOG 18:15:05.594] Load DDS texture: Squad/Parts/Cargo/GroundAnchor/groundAnchor_nrm
[LOG 18:15:05.595] Load DDS texture: Squad/Parts/Cargo/Jetpack/EVAjetpack
[LOG 18:15:05.595] Load DDS texture: Squad/Parts/Cargo/Jetpack/EVAjetpackEmmisive
[LOG 18:15:05.596] Load DDS texture: Squad/Parts/Cargo/Jetpack/EVAjetpackNRM
[LOG 18:15:05.596] Load DDS texture: Squad/Parts/Cargo/Parachute/backpack_Diff
[LOG 18:15:05.605] Load DDS texture: Squad/Parts/Cargo/Parachute/backpack_NM
[LOG 18:15:05.615] Load DDS texture: Squad/Parts/Cargo/RepairKit/RepairKit_Diffuse
[LOG 18:15:05.616] Load DDS texture: Squad/Parts/Cargo/RepairKit/RepairKit_Normal
[LOG 18:15:05.618] Load DDS texture: Squad/Parts/Cargo/ScienceKit/ExperimentKit_Material_Diffuse
[LOG 18:15:05.624] Load DDS texture: Squad/Parts/Cargo/ScienceKit/ExperimentKit_Material_Emissive
[LOG 18:15:05.629] Load DDS texture: Squad/Parts/Cargo/ScienceKit/ExperimentKit_Material_Normal
[LOG 18:15:05.630] Load DDS texture: Squad/Parts/Cargo/StorageUnits/Assets/Cargo_Material_Diffuse
[LOG 18:15:05.635] Load DDS texture: Squad/Parts/Cargo/StorageUnits/Assets/Cargo_Material_Normal
[LOG 18:15:05.642] Load DDS texture: Squad/Parts/Command/advancedSasModuleLarge/model000
[LOG 18:15:05.643] Load DDS texture: Squad/Parts/Command/advancedSasModuleLarge/model001
[LOG 18:15:05.644] Load DDS texture: Squad/Parts/Command/cupola/cupola_Emissive
[LOG 18:15:05.644] Load DDS texture: Squad/Parts/Command/cupola/ksp_l_cupola_diff
[LOG 18:15:05.645] Load DDS texture: Squad/Parts/Command/cupola/ksp_l_cupola_normal
[LOG 18:15:05.646] Load DDS texture: Squad/Parts/Command/cupola/window
[LOG 18:15:05.646] Load DDS texture: Squad/Parts/Command/externalCommandSeat/model000
[LOG 18:15:05.647] Load DDS texture: Squad/Parts/Command/hitchhikerStorageContainer/cabin
[LOG 18:15:05.648] Load DDS texture: Squad/Parts/Command/hitchhikerStorageContainer/cabin_Illum
[LOG 18:15:05.648] Load DDS texture: Squad/Parts/Command/hitchhikerStorageContainer/cabin_n
[LOG 18:15:05.650] Load DDS texture: Squad/Parts/Command/hitchhikerStorageContainer/window
[LOG 18:15:05.650] Load DDS texture: Squad/Parts/Command/inlineAdvancedStabilizer/model000
[LOG 18:15:05.650] Load DDS texture: Squad/Parts/Command/inlineAdvancedStabilizer/model001
[LOG 18:15:05.650] Load DDS texture: Squad/Parts/Command/inlineReactionWheel/model000
[LOG 18:15:05.651] Load DDS texture: Squad/Parts/Command/inlineReactionWheel/model001
[LOG 18:15:05.651] Load DDS texture: Squad/Parts/Command/inlineReactionWheel/model002
[LOG 18:15:05.651] Load DDS texture: Squad/Parts/Command/Mk1-2Pod/mk 1-2 external shell Variant-Hatch
[LOG 18:15:05.653] Load DDS texture: Squad/Parts/Command/Mk1-3Pod/M1-3 Pod
[LOG 18:15:05.655] Load DDS texture: Squad/Parts/Command/Mk1-3Pod/M1-3 Pod_GLOW
[LOG 18:15:05.655] Load DDS texture: Squad/Parts/Command/mk1Cockpits/GLOW
[LOG 18:15:05.655] Load DDS texture: Squad/Parts/Command/mk1Cockpits/Mk1Cockpit
[LOG 18:15:05.657] Load DDS texture: Squad/Parts/Command/mk1LanderCan/ksp_s_landerCan_diff
[LOG 18:15:05.658] Load DDS texture: Squad/Parts/Command/mk1LanderCan/ksp_s_landerCan_normal
[LOG 18:15:05.658] Load DDS texture: Squad/Parts/Command/mk1LanderCan/ksp_s_landerCan_psd_illum
[LOG 18:15:05.659] Load DDS texture: Squad/Parts/Command/mk1pod/outer shell
[LOG 18:15:05.659] Load DDS texture: Squad/Parts/Command/mk1pod_v2/Mk1_v2
[LOG 18:15:05.660] Load DDS texture: Squad/Parts/Command/mk1pod_v2/Mk1_v2_GLOW
[LOG 18:15:05.662] Load DDS texture: Squad/Parts/Command/mk1pod_v2/Mk1_v2_GW
[LOG 18:15:05.663] Load DDS texture: Squad/Parts/Command/mk1pod_v2/Mk1_v2_N
[LOG 18:15:05.664] Load DDS texture: Squad/Parts/Command/mk1pod_v2/Mk1_v2_W
[LOG 18:15:05.665] Load DDS texture: Squad/Parts/Command/mk1pod_v2/Mk1_v2_W_N
[LOG 18:15:05.667] Load DDS texture: Squad/Parts/Command/mk2CockpitInline/Cockpit_inline_A
[LOG 18:15:05.668] Load DDS texture: Squad/Parts/Command/mk2CockpitInline/Cockpit_inline_Emissive
[LOG 18:15:05.669] Load DDS texture: Squad/Parts/Command/mk2CockpitInline/Cockpit_inline_normal
[LOG 18:15:05.680] Load DDS texture: Squad/Parts/Command/mk2CockpitStandard/Cockpit
[LOG 18:15:05.683] Load DDS texture: Squad/Parts/Command/mk2CockpitStandard/Cockpit_Lum
[LOG 18:15:05.684] Load DDS texture: Squad/Parts/Command/mk2CockpitStandard/Cockpit_NRM
[LOG 18:15:05.686] Load DDS texture: Squad/Parts/Command/mk2DroneCore/mk2Dronecore
[LOG 18:15:05.687] Load DDS texture: Squad/Parts/Command/mk2LanderCan/Illum
[LOG 18:15:05.687] Load DDS texture: Squad/Parts/Command/mk2LanderCan/ladder
[LOG 18:15:05.688] Load DDS texture: Squad/Parts/Command/mk2LanderCan/outershell
[LOG 18:15:05.689] Load DDS texture: Squad/Parts/Command/mk2LanderCan/outershell_n
[LOG 18:15:05.690] Load DDS texture: Squad/Parts/Command/mk2LanderCan/window
[LOG 18:15:05.690] Load DDS texture: Squad/Parts/Command/mk2LanderCan_v2/Mk2Can
[LOG 18:15:05.698] Load DDS texture: Squad/Parts/Command/mk2LanderCan_v2/Mk2Can_glow
[LOG 18:15:05.709] Load DDS texture: Squad/Parts/Command/mk3CockpitShuttle/Mk3CockpitShuttle
[LOG 18:15:05.714] Load DDS texture: Squad/Parts/Command/mk3CockpitShuttle/Mk3CockpitShuttle_LUM
[LOG 18:15:05.714] Load DDS texture: Squad/Parts/Command/MpoProbe/MpoProbe_diffuse
[LOG 18:15:05.715] Load DDS texture: Squad/Parts/Command/MpoProbe/MpoProbe_nrm
[LOG 18:15:05.722] Load DDS texture: Squad/Parts/Command/MpoProbe/MpoProbe_specular
[LOG 18:15:05.724] Load DDS texture: Squad/Parts/Command/MtmStage/mtmStage_diffuse
[LOG 18:15:05.725] Load DDS texture: Squad/Parts/Command/MtmStage/mtmStage_nrm
[LOG 18:15:05.727] Load DDS texture: Squad/Parts/Command/MtmStage/mtmStage_specular
[LOG 18:15:05.727] Load DDS texture: Squad/Parts/Command/probeCoreCube/QBE_New_diffuse
[LOG 18:15:05.729] Load Cached PNG Texture: Squad/Parts/Command/probeCoreCube/QBE_New_NRM
[LOG 18:15:05.731] Load DDS texture: Squad/Parts/Command/probeCoreCube/QBE_New_specular
[LOG 18:15:05.731] Load DDS texture: Squad/Parts/Command/probeCoreHex/ksp_m_hexProbe_diff
[LOG 18:15:05.734] Load DDS texture: Squad/Parts/Command/probeCoreHex/ksp_m_hexProbe_normal
[LOG 18:15:05.734] Load DDS texture: Squad/Parts/Command/probeCoreHex_v2/hecsDiffuse
[LOG 18:15:05.735] Load DDS texture: Squad/Parts/Command/probeCoreHex_v2/hecsNormal
[LOG 18:15:05.735] Load DDS texture: Squad/Parts/Command/probeCoreOcto2_v2/octoDiffuse
[LOG 18:15:05.735] Load DDS texture: Squad/Parts/Command/probeCoreOcto2_v2/octoNormal
[LOG 18:15:05.735] Load DDS texture: Squad/Parts/Command/probeCoreOcto2_v2/octoSpecular
[LOG 18:15:05.736] Load DDS texture: Squad/Parts/Command/probeCoreOcto_v2/octoDiffuse
[LOG 18:15:05.737] Load DDS texture: Squad/Parts/Command/probeCoreOcto_v2/octoNormal
[LOG 18:15:05.737] Load DDS texture: Squad/Parts/Command/probeCoreOcto_v2/octoSpecular
[LOG 18:15:05.738] Load DDS texture: Squad/Parts/Command/probeRoverBody/model000
[LOG 18:15:05.738] Load DDS texture: Squad/Parts/Command/probeRoverBody/model001
[LOG 18:15:05.739] Load DDS texture: Squad/Parts/Command/probeRoverBody_v2/probeRoverBody_v2_gold_diffuse
[LOG 18:15:05.739] Load Cached PNG Texture: Squad/Parts/Command/probeRoverBody_v2/probeRoverBody_v2_gold_NRM
[LOG 18:15:05.740] Load DDS texture: Squad/Parts/Command/probeRoverBody_v2/probeRoverBody_v2_gold_specular
[LOG 18:15:05.741] Load DDS texture: Squad/Parts/Command/probeRoverBody_v2/probeRoverBody_v2_silver_diffuse
[LOG 18:15:05.743] Load Cached PNG Texture: Squad/Parts/Command/probeRoverBody_v2/probeRoverBody_v2_silver_NRM
[LOG 18:15:05.745] Load DDS texture: Squad/Parts/Command/probeRoverBody_v2/probeRoverBody_v2_silver_specular
[LOG 18:15:05.747] Load DDS texture: Squad/Parts/Command/probeRoverBody_v2/QBE_New_diffuse
[LOG 18:15:05.747] Load DDS texture: Squad/Parts/Command/probeRoverBody_v2/QBE_New_NRM
[LOG 18:15:05.749] Load DDS texture: Squad/Parts/Command/probeRoverBody_v2/QBE_New_specular
[LOG 18:15:05.749] Load DDS texture: Squad/Parts/Command/probeStackLarge/model000
[LOG 18:15:05.750] Load DDS texture: Squad/Parts/Command/probeStackLarge/model001
[LOG 18:15:05.751] Load DDS texture: Squad/Parts/Command/probeStackSmall/model000
[LOG 18:15:05.752] Load DDS texture: Squad/Parts/Command/probeStackSmall/model001
[LOG 18:15:05.761] Load DDS texture: Squad/Parts/Command/probeStackSphere_v2/probeStackSphere_diffuse
[LOG 18:15:05.762] Load DDS texture: Squad/Parts/Command/probeStackSphere_v2/probeStackSphere_normal
[LOG 18:15:05.764] Load DDS texture: Squad/Parts/Command/probeStackSphere_v2/probeStackSphere_specular
[LOG 18:15:05.765] Load Cached PNG Texture: Squad/Parts/CompoundParts/@thumbs/fuelLine_icon0
[LOG 18:15:05.765] Load Cached PNG Texture: Squad/Parts/CompoundParts/@thumbs/fuelLine_icon1
[LOG 18:15:05.765] Load Cached PNG Texture: Squad/Parts/CompoundParts/@thumbs/strutConnector_icon0
[LOG 18:15:05.766] Load Cached PNG Texture: Squad/Parts/CompoundParts/@thumbs/strutConnector_icon1
[LOG 18:15:05.766] Load DDS texture: Squad/Parts/CompoundParts/FuelLine/FTX-2 External Fuel Duct
[LOG 18:15:05.766] Load DDS texture: Squad/Parts/CompoundParts/FuelLine/FTX-2 External Fuel Duct_ESA
[LOG 18:15:05.766] Load DDS texture: Squad/Parts/CompoundParts/strutConnector/EAS-4 Strut Connector
[LOG 18:15:05.766] Load DDS texture: Squad/Parts/CompoundParts/strutConnector/EAS-4 Strut Connector_white
[LOG 18:15:05.766] Load DDS texture: Squad/Parts/Coupling/Assets/Decouplers
[LOG 18:15:05.769] Load DDS texture: Squad/Parts/Coupling/Assets/Decouplers_N
[LOG 18:15:05.774] Load DDS texture: Squad/Parts/Coupling/Assets/Decouplers_whiteYellow
[LOG 18:15:05.777] Load DDS texture: Squad/Parts/Coupling/Assets/Decouplers_whiteYellow_N
[LOG 18:15:05.780] Load DDS texture: Squad/Parts/Electrical/10CSolarPanels/assets/circularSolarPanel_diffuse
[LOG 18:15:05.781] Load DDS texture: Squad/Parts/Electrical/10CSolarPanels/assets/circularSolarPanel_nrm
[LOG 18:15:05.782] Load DDS texture: Squad/Parts/Electrical/10LSolarPanels/assets/retractableSolarPanel_diffuse
[LOG 18:15:05.786] Load DDS texture: Squad/Parts/Electrical/10LSolarPanels/assets/retractableSolarPanel_nrm
[LOG 18:15:05.788] Load DDS texture: Squad/Parts/Electrical/1x6ShroudSolarPanels/model000
[LOG 18:15:05.788] Load DDS texture: Squad/Parts/Electrical/1x6ShroudSolarPanels/model001
[LOG 18:15:05.789] Load DDS texture: Squad/Parts/Electrical/1x6ShroudSolarPanels/model002
[LOG 18:15:05.789] Load DDS texture: Squad/Parts/Electrical/1x6SolarPanels/model000
[LOG 18:15:05.789] Load DDS texture: Squad/Parts/Electrical/1x6SolarPanels/model001
[LOG 18:15:05.790] Load DDS texture: Squad/Parts/Electrical/1x6SolarPanels/model002
[LOG 18:15:05.790] Load DDS texture: Squad/Parts/Electrical/3x2ShroudSolarPanels/model000
[LOG 18:15:05.796] Load DDS texture: Squad/Parts/Electrical/3x2ShroudSolarPanels/model001
[LOG 18:15:05.797] Load DDS texture: Squad/Parts/Electrical/3x2ShroudSolarPanels/model002
[LOG 18:15:05.797] Load DDS texture: Squad/Parts/Electrical/3x2SolarPanels/model000
[LOG 18:15:05.797] Load DDS texture: Squad/Parts/Electrical/3x2SolarPanels/model001
[LOG 18:15:05.797] Load DDS texture: Squad/Parts/Electrical/3x2SolarPanels/model002
[LOG 18:15:05.798] Load DDS texture: Squad/Parts/Electrical/gigantorXlSolarArray/panel
[LOG 18:15:05.798] Load DDS texture: Squad/Parts/Electrical/radialFlatSolarPanel/model000
[LOG 18:15:05.798] Load DDS texture: Squad/Parts/Electrical/RTG/model000
[LOG 18:15:05.798] Load DDS texture: Squad/Parts/Electrical/z-100Battery/model000
[LOG 18:15:05.798] Load DDS texture: Squad/Parts/Electrical/z-1kBattery/model000
[LOG 18:15:05.799] Load DDS texture: Squad/Parts/Electrical/z-1kBattery/model001
[LOG 18:15:05.799] Load DDS texture: Squad/Parts/Electrical/z-200Battery/ksp_m_batteryPack_diff
[LOG 18:15:05.799] Load DDS texture: Squad/Parts/Electrical/z-400Battery/model000
[LOG 18:15:05.799] Load DDS texture: Squad/Parts/Electrical/z-4kBattery/ksp_l_batteryPack_diff
[LOG 18:15:05.799] Load DDS texture: Squad/Parts/Electrical/z-4kBattery/ksp_l_batteryPack_normal
[LOG 18:15:05.800] Load DDS texture: Squad/Parts/Engine/ionEngine/model000
[LOG 18:15:05.800] Load DDS texture: Squad/Parts/Engine/jetEngines/Jet Engines
[LOG 18:15:05.800] Load DDS texture: Squad/Parts/Engine/jetEngines/Jet_Heat
[LOG 18:15:05.801] Load DDS texture: Squad/Parts/Engine/liquidEngine24-77/engine
[LOG 18:15:05.801] Load DDS texture: Squad/Parts/Engine/liquidEngine24-77_v2/Twitch
[LOG 18:15:05.802] Load DDS texture: Squad/Parts/Engine/liquidEngine24-77_v2/Twitch_G
[LOG 18:15:05.803] Load DDS texture: Squad/Parts/Engine/liquidEngine24-77_v2/Twitch_GLOW
[LOG 18:15:05.803] Load DDS texture: Squad/Parts/Engine/liquidEngine48-7S/ksp_m_liquidEngine_diff
[LOG 18:15:05.803] Load DDS texture: Squad/Parts/Engine/liquidEngine48-7S_v2/Spark
[LOG 18:15:05.803] Load DDS texture: Squad/Parts/Engine/liquidEngine48-7S_v2/Spark_Glow
[LOG 18:15:05.803] Load DDS texture: Squad/Parts/Engine/liquidEngineAerospike/Aerospike
[LOG 18:15:05.804] Load DDS texture: Squad/Parts/Engine/liquidEngineAerospike/Aerospike_Heat
[LOG 18:15:05.804] Load DDS texture: Squad/Parts/Engine/liquidEngineLV-1_v2/Assets/Ant_and_Spider_diffuse
[LOG 18:15:05.804] Load DDS texture: Squad/Parts/Engine/liquidEngineLV-1_v2/Assets/Ant_and_Spider_emissive
[LOG 18:15:05.807] Load DDS texture: Squad/Parts/Engine/liquidEngineLV-1_v2/Assets/Ant_and_Spider_normal
[LOG 18:15:05.808] Load DDS texture: Squad/Parts/Engine/liquidEngineLV-1_v2/Assets/Ant_and_Spider_specular
[LOG 18:15:05.808] Load DDS texture: Squad/Parts/Engine/liquidEngineLV-909_v2/Terrier
[LOG 18:15:05.810] Load DDS texture: Squad/Parts/Engine/liquidEngineLV-909_v2/TerrierFairing
[LOG 18:15:05.811] Load DDS texture: Squad/Parts/Engine/liquidEngineLV-909_v2/Terrier_glow
[LOG 18:15:05.812] Load DDS texture: Squad/Parts/Engine/liquidEngineLV-N/model000
[LOG 18:15:05.813] Load DDS texture: Squad/Parts/Engine/liquidEngineLV-N/model001
[LOG 18:15:05.818] Load DDS texture: Squad/Parts/Engine/liquidEngineLV-N/model002
[LOG 18:15:05.819] Load DDS texture: Squad/Parts/Engine/liquidEngineLV-N/model003
[LOG 18:15:05.819] Load DDS texture: Squad/Parts/Engine/liquidEngineLV-T30/model000
[LOG 18:15:05.819] Load DDS texture: Squad/Parts/Engine/liquidEngineLV-T30/model001
[LOG 18:15:05.819] Load DDS texture: Squad/Parts/Engine/liquidEngineLV-T30/model002
[LOG 18:15:05.819] Load DDS texture: Squad/Parts/Engine/liquidEngineLV-T30_v2/Engine_Emissive
[LOG 18:15:05.826] Load DDS texture: Squad/Parts/Engine/liquidEngineLV-T30_v2/Engine_Normal
[LOG 18:15:05.837] Load DDS texture: Squad/Parts/Engine/liquidEngineLV-T30_v2/Fairing
[LOG 18:15:05.837] Load DDS texture: Squad/Parts/Engine/liquidEngineLV-T30_v2/Reliant_v2-shroud_Diffuse
[LOG 18:15:05.843] Load DDS texture: Squad/Parts/Engine/liquidEngineLV-T30_v2/Reliant_v2_Diffuse
[LOG 18:15:05.849] Load DDS texture: Squad/Parts/Engine/liquidEngineLV-T45/model000
[LOG 18:15:05.850] Load DDS texture: Squad/Parts/Engine/liquidEngineLV-T45/model001
[LOG 18:15:05.850] Load DDS texture: Squad/Parts/Engine/liquidEngineLV-T45/model002
[LOG 18:15:05.850] Load DDS texture: Squad/Parts/Engine/liquidEngineLV-T45/model003
[LOG 18:15:05.851] Load DDS texture: Squad/Parts/Engine/liquidEngineLV-T45_v2/Engine_Emissive
[LOG 18:15:05.860] Load DDS texture: Squad/Parts/Engine/liquidEngineLV-T45_v2/Fairing
[LOG 18:15:05.861] Load DDS texture: Squad/Parts/Engine/liquidEngineLV-T45_v2/Swivel_v2_Diffuse
[LOG 18:15:05.867] Load DDS texture: Squad/Parts/Engine/liquidEngineLV-T45_v2/Swivel_v2_Normal
[LOG 18:15:05.875] Load DDS texture: Squad/Parts/Engine/liquidEngineMainsail_v2/mainsail_diffuse
[LOG 18:15:05.881] Load DDS texture: Squad/Parts/Engine/liquidEngineMainsail_v2/mainsail_emissive
[LOG 18:15:05.883] Load DDS texture: Squad/Parts/Engine/liquidEngineMainsail_v2/mainsail_nrm
[LOG 18:15:05.888] Load DDS texture: Squad/Parts/Engine/liquidEngineMainsail_v2/mainsail_specular
[LOG 18:15:05.917] Load DDS texture: Squad/Parts/Engine/liquidEngineMainsail_v2/Shroud
[LOG 18:15:05.917] Load DDS texture: Squad/Parts/Engine/liquidEngineMk55/Thud
[LOG 18:15:05.918] Load DDS texture: Squad/Parts/Engine/liquidEngineMk55/Thud_Heat
[LOG 18:15:05.918] Load DDS texture: Squad/Parts/Engine/liquidEnginePoodle_v2/poodle
[LOG 18:15:05.919] Load DDS texture: Squad/Parts/Engine/liquidEnginePoodle_v2/PoodleShroud
[LOG 18:15:05.919] Load DDS texture: Squad/Parts/Engine/liquidEnginePoodle_v2/poodle_Glow
[LOG 18:15:05.920] Load DDS texture: Squad/Parts/Engine/liquidEnginePoodle_v2/Poodle_SingleBell_Poodle_Diffuse
[LOG 18:15:05.922] Load DDS texture: Squad/Parts/Engine/liquidEnginePoodle_v2/Poodle_SingleBell_Poodle_Emissive
[LOG 18:15:05.923] Load DDS texture: Squad/Parts/Engine/liquidEnginePoodle_v2/Poodle_SingleBell_Poodle_Normal
[LOG 18:15:05.925] Load DDS texture: Squad/Parts/Engine/liquidEngineSkipper_v2/Shroud
[LOG 18:15:05.925] Load DDS texture: Squad/Parts/Engine/liquidEngineSkipper_v2/skipper_v2_diffuse
[LOG 18:15:05.937] Load DDS texture: Squad/Parts/Engine/liquidEngineSkipper_v2/skipper_v2_emissive
[LOG 18:15:05.951] Load DDS texture: Squad/Parts/Engine/liquidEngineSkipper_v2/skipper_v2_normal
[LOG 18:15:05.961] Load DDS texture: Squad/Parts/Engine/liquidEngineSSME/SSME
[LOG 18:15:05.962] Load DDS texture: Squad/Parts/Engine/liquidEngineSSME/SSME_GLOW
[LOG 18:15:05.962] Load DDS texture: Squad/Parts/Engine/liquidEngineSSME/SSME_NRM
[LOG 18:15:05.963] Load DDS texture: Squad/Parts/Engine/MassiveSRB/solid_booster_cm
[LOG 18:15:05.964] Load DDS texture: Squad/Parts/Engine/MassiveSRB/solid_booster_cm_esa
[LOG 18:15:05.965] Load DDS texture: Squad/Parts/Engine/MassiveSRB/solid_booster_em
[LOG 18:15:05.966] Load DDS texture: Squad/Parts/Engine/MassiveSRB/solid_booster_nm
[LOG 18:15:05.971] Load DDS texture: Squad/Parts/Engine/miniJet/SmallJet
[LOG 18:15:05.971] Load DDS texture: Squad/Parts/Engine/OMSEngine/Puff_diffuse
[LOG 18:15:05.971] Load DDS texture: Squad/Parts/Engine/OMSEngine/Puff_emissive
[LOG 18:15:05.971] Load DDS texture: Squad/Parts/Engine/OMSEngine/Puff_normal
[LOG 18:15:05.971] Load DDS texture: Squad/Parts/Engine/OMSEngine/Puff_specular
[LOG 18:15:05.972] Load DDS texture: Squad/Parts/Engine/rapierEngine/rapierDiffuse
[LOG 18:15:05.998] Load DDS texture: Squad/Parts/Engine/rapierEngine/rapieremit
[LOG 18:15:06.002] Load DDS texture: Squad/Parts/Engine/Size1_SRBs/SRB_O
[LOG 18:15:06.003] Load DDS texture: Squad/Parts/Engine/Size1_SRBs/SRB_W
[LOG 18:15:06.003] Load DDS texture: Squad/Parts/Engine/Size1_SRBs/SRB_Y
[LOG 18:15:06.004] Load DDS texture: Squad/Parts/Engine/Size2LFB/Size2LFBEmissive
[LOG 18:15:06.004] Load DDS texture: Squad/Parts/Engine/Size2LFB/twin_nozzle_booster_cm
[LOG 18:15:06.006] Load DDS texture: Squad/Parts/Engine/Size2LFB/twin_nozzle_booster_nm
[LOG 18:15:06.007] Load DDS texture: Squad/Parts/Engine/Size2LFB_v2/Size2LFBEmissive
[LOG 18:15:06.007] Load DDS texture: Squad/Parts/Engine/Size2LFB_v2/twin_nozzle_booster_cm
[LOG 18:15:06.009] Load DDS texture: Squad/Parts/Engine/Size2LFB_v2/twin_nozzle_booster_nm
[LOG 18:15:06.010] Load DDS texture: Squad/Parts/Engine/Size3AdvancedEngine/decoupler_and_adaptor_cm
[LOG 18:15:06.012] Load DDS texture: Squad/Parts/Engine/Size3AdvancedEngine/Size3AdvancedEngineDiffuse
[LOG 18:15:06.015] Load DDS texture: Squad/Parts/Engine/Size3AdvancedEngine/Size3AdvancedEngineEmissive
[LOG 18:15:06.015] Load DDS texture: Squad/Parts/Engine/Size3AdvancedEngine/Size3AdvancedEngineNormal
[LOG 18:15:06.015] Load DDS texture: Squad/Parts/Engine/Size3EngineCluster/ClusterEngineEmit
[LOG 18:15:06.015] Load DDS texture: Squad/Parts/Engine/Size3EngineCluster/four_nozzle_engine_cm
[LOG 18:15:06.016] Load DDS texture: Squad/Parts/Engine/Size3EngineCluster/four_nozzle_engine_nm
[LOG 18:15:06.017] Load DDS texture: Squad/Parts/Engine/solidBoosterBACC/model000
[LOG 18:15:06.021] Load DDS texture: Squad/Parts/Engine/solidBoosterBACC/model001
[LOG 18:15:06.022] Load DDS texture: Squad/Parts/Engine/solidBoosterBACC/model002
[LOG 18:15:06.024] Load DDS texture: Squad/Parts/Engine/solidBoosterRT-5/RT5
[LOG 18:15:06.025] Load DDS texture: Squad/Parts/Engine/solidBoosterS2-17/solidBoosterS2-17_diffuse
[LOG 18:15:06.045] Load DDS texture: Squad/Parts/Engine/solidBoosterS2-17/solidBoosterS2-17_emissive
[LOG 18:15:06.057] Load DDS texture: Squad/Parts/Engine/solidBoosterS2-17/solidBoosterS2-17_normal
[LOG 18:15:06.074] Load DDS texture: Squad/Parts/Engine/solidBoosterS2-33/solidBoosterS2-33_diffuse
[LOG 18:15:06.106] Load DDS texture: Squad/Parts/Engine/solidBoosterS2-33/solidBoosterS2-33_emissive
[LOG 18:15:06.168] Load DDS texture: Squad/Parts/Engine/solidBoosterS2-33/solidBoosterS2-33_normal
[LOG 18:15:06.225] Load DDS texture: Squad/Parts/Engine/solidBoosterSep/model000
[LOG 18:15:06.226] Load DDS texture: Squad/Parts/Engine/solidBoosterSep/motor
[LOG 18:15:06.231] Load DDS texture: Squad/Parts/Engine/SolidBoostersF/Assets/SolidBoosterF3S0_diffuse
[LOG 18:15:06.231] Load DDS texture: Squad/Parts/Engine/SolidBoostersF/Assets/SolidBoosterF3S0_emissive
[LOG 18:15:06.231] Load DDS texture: Squad/Parts/Engine/SolidBoostersF/Assets/SolidBoosterF3S0_normal
[LOG 18:15:06.234] Load DDS texture: Squad/Parts/FuelTank/adapterTanks/Mk3Adapters
[LOG 18:15:06.237] Load DDS texture: Squad/Parts/FuelTank/drainTankFTE-1/fuelValve_diffuse
[LOG 18:15:06.237] Load DDS texture: Squad/Parts/FuelTank/drainTankFTE-1/fuelValve_nrm
[LOG 18:15:06.237] Load DDS texture: Squad/Parts/FuelTank/FoilTanks/RadialTanks
[LOG 18:15:06.237] Load DDS texture: Squad/Parts/FuelTank/FoilTanks/RadialTanksGold_specular
[LOG 18:15:06.239] Load DDS texture: Squad/Parts/FuelTank/FoilTanks/RadialTanksSilver_specular
[LOG 18:15:06.240] Load DDS texture: Squad/Parts/FuelTank/FoilTanks/RadialTanks_N
[LOG 18:15:06.241] Load DDS texture: Squad/Parts/FuelTank/FoilTanks/RadialTanks_silver
[LOG 18:15:06.242] Load DDS texture: Squad/Parts/FuelTank/fuelTankOscarB/model000
[LOG 18:15:06.242] Load DDS texture: Squad/Parts/FuelTank/fuelTankOscarB/model001
[LOG 18:15:06.243] Load DDS texture: Squad/Parts/FuelTank/fuelTankOscarB/tank
[LOG 18:15:06.243] Load DDS texture: Squad/Parts/FuelTank/fuelTankOscarB/tank_n
[LOG 18:15:06.243] Load DDS texture: Squad/Parts/FuelTank/miniFuselage/Fuselage
[LOG 18:15:06.243] Load DDS texture: Squad/Parts/FuelTank/mk2Adapters/mk2adapters1m
[LOG 18:15:06.243] Load DDS texture: Squad/Parts/FuelTank/mk2FuselageLong/mk2Fuselage
[LOG 18:15:06.245] Load DDS texture: Squad/Parts/FuelTank/mk2FuselageShort/mk2FuselageShort
[LOG 18:15:06.247] Load DDS texture: Squad/Parts/FuelTank/mk3Fuselage/Mk3Fuselage
[LOG 18:15:06.250] Load DDS texture: Squad/Parts/FuelTank/mk3Fuselage/Mk3Fuselage_LUM
[LOG 18:15:06.250] Load DDS texture: Squad/Parts/FuelTank/RCSFuelTankR1/RCSFuelTankR1_01
[LOG 18:15:06.251] Load DDS texture: Squad/Parts/FuelTank/RCSFuelTankR1/RCSFuelTankR1_02
[LOG 18:15:06.251] Load DDS texture: Squad/Parts/FuelTank/RCSFuelTankR1/RCSFuelTankR1_N
[LOG 18:15:06.252] Load DDS texture: Squad/Parts/FuelTank/RCSFuelTankR10/ksp_m_rcsTank_diff
[LOG 18:15:06.252] Load DDS texture: Squad/Parts/FuelTank/RCSFuelTankR10/ksp_m_rcsTank_normal
[LOG 18:15:06.253] Load DDS texture: Squad/Parts/FuelTank/RCSFuelTankR25/FL-R25 RCS Fuel Tank_D
[LOG 18:15:06.253] Load DDS texture: Squad/Parts/FuelTank/RCSFuelTankR25/FL-R25 RCS Fuel Tank_N
[LOG 18:15:06.253] Load DDS texture: Squad/Parts/FuelTank/RCSTankRadial/model000
[LOG 18:15:06.253] Load DDS texture: Squad/Parts/FuelTank/RCStankRadialLong/ksp_r_rcsCylTank_diff
[LOG 18:15:06.253] Load DDS texture: Squad/Parts/FuelTank/RockomaxTanks/Assets/rockomax_16 [AlbedoM] BW
[LOG 18:15:06.259] Load DDS texture: Squad/Parts/FuelTank/RockomaxTanks/Assets/rockomax_16 [AlbedoM] ESA
[LOG 18:15:06.267] Load DDS texture: Squad/Parts/FuelTank/RockomaxTanks/Assets/rockomax_16 [AlbedoM] O
[LOG 18:15:06.276] Load DDS texture: Squad/Parts/FuelTank/RockomaxTanks/Assets/rockomax_16 [Normal] BW
[LOG 18:15:06.283] Load DDS texture: Squad/Parts/FuelTank/RockomaxTanks/Assets/rockomax_16 [Normal]ESA
[LOG 18:15:06.289] Load DDS texture: Squad/Parts/FuelTank/RockomaxTanks/Assets/rockomax_16 [Normal]O
[LOG 18:15:06.295] Load DDS texture: Squad/Parts/FuelTank/RockomaxTanks/Assets/rockomax_32 [AlbedoM] ESA
[LOG 18:15:06.296] Load DDS texture: Squad/Parts/FuelTank/RockomaxTanks/Assets/rockomax_32 [Normal]ESA
[LOG 18:15:06.297] Load DDS texture: Squad/Parts/FuelTank/Size1_Tanks/125Tanks_BW
[LOG 18:15:06.300] Load DDS texture: Squad/Parts/FuelTank/Size1_Tanks/125Tanks_D
[LOG 18:15:06.304] Load DDS texture: Squad/Parts/FuelTank/Size1_Tanks/125Tanks_N
[LOG 18:15:06.306] Load DDS texture: Squad/Parts/FuelTank/Size1_Tanks/125Tanks_O
[LOG 18:15:06.310] Load DDS texture: Squad/Parts/FuelTank/Size1_Tanks/125Tanks_W
[LOG 18:15:06.312] Load DDS texture: Squad/Parts/FuelTank/Size3Tanks/fueltTanks_cm
[LOG 18:15:06.313] Load Cached PNG Texture: Squad/Parts/FuelTank/Size3Tanks/Size3Tanks
[LOG 18:15:06.314] Load Cached PNG Texture: Squad/Parts/FuelTank/Size3Tanks/Size3Tanks_Norm
[LOG 18:15:06.314] Load Cached PNG Texture: Squad/Parts/FuelTank/Size3Tanks/Size3Tanks_Orange
[LOG 18:15:06.315] Load Cached PNG Texture: Squad/Parts/FuelTank/Size3Tanks/Size3Tanks_Orange_Norm
[LOG 18:15:06.316] Load DDS texture: Squad/Parts/FuelTank/xenonTank/model000
[LOG 18:15:06.316] Load DDS texture: Squad/Parts/FuelTank/xenonTank/model001
[LOG 18:15:06.316] Load DDS texture: Squad/Parts/FuelTank/xenonTankLarge/tank
[LOG 18:15:06.317] Load DDS texture: Squad/Parts/FuelTank/xenonTankRadial/ksp_r_xenonTank_diff
[LOG 18:15:06.317] Load DDS texture: Squad/Parts/Misc/AsteroidDay/CamSat
[LOG 18:15:06.317] Load DDS texture: Squad/Parts/Misc/AsteroidDay/CamSat_glow
[LOG 18:15:06.317] Load DDS texture: Squad/Parts/Misc/AsteroidDay/CamSat_N_NRM
[LOG 18:15:06.319] Load DDS texture: Squad/Parts/Misc/AsteroidDay/default
[LOG 18:15:06.319] Load DDS texture: Squad/Parts/Misc/AsteroidDay/hecsDiffuse
[LOG 18:15:06.319] Load DDS texture: Squad/Parts/Misc/AsteroidDay/hecsNormal
[LOG 18:15:06.319] Load DDS texture: Squad/Parts/Misc/AsteroidDay/hecsSpecular
[LOG 18:15:06.319] Load DDS texture: Squad/Parts/Misc/AsteroidDay/JumboHexProbe
[LOG 18:15:06.319] Load DDS texture: Squad/Parts/Misc/AsteroidDay/JumboHexProbe_NORM_NRM
[LOG 18:15:06.320] Load DDS texture: Squad/Parts/Resources/FuelCell/FCLamp
[LOG 18:15:06.320] Load DDS texture: Squad/Parts/Resources/FuelCell/FuelCellRack
[LOG 18:15:06.320] Load DDS texture: Squad/Parts/Resources/FuelCell/fuellcell
[LOG 18:15:06.320] Load DDS texture: Squad/Parts/Resources/ISRU/Processor_Large
[LOG 18:15:06.320] Load DDS texture: Squad/Parts/Resources/LargeTank/ksp_l_resourceContainer_diff
[LOG 18:15:06.321] Load DDS texture: Squad/Parts/Resources/LargeTank/ksp_l_resourceContainer_norm
[LOG 18:15:06.321] Load DDS texture: Squad/Parts/Resources/MiniDrill/DustParticle
[LOG 18:15:06.321] Load DDS texture: Squad/Parts/Resources/MiniDrill/ksp_r_rockProbe_diff
[LOG 18:15:06.322] Load DDS texture: Squad/Parts/Resources/MiniDrill/RockParticle
[LOG 18:15:06.322] Load DDS texture: Squad/Parts/Resources/MiniISRU/ksp_s_processorSmall_diff
[LOG 18:15:06.323] Load DDS texture: Squad/Parts/Resources/OrbitalScanner/detector
[LOG 18:15:06.323] Load DDS texture: Squad/Parts/Resources/RadialDrill/DustParticle
[LOG 18:15:06.323] Load DDS texture: Squad/Parts/Resources/RadialDrill/RockParticle
[LOG 18:15:06.323] Load DDS texture: Squad/Parts/Resources/RadialDrill/TriBitDrill
[LOG 18:15:06.323] Load DDS texture: Squad/Parts/Resources/RadialTank/ksp_r_resourceContainer_psd_2
[LOG 18:15:06.323] Load DDS texture: Squad/Parts/Resources/SmallTank/ksp_s_resourceContainer_diff
[LOG 18:15:06.324] Load DDS texture: Squad/Parts/Resources/SmallTank/ksp_s_resourceContainer_normal
[LOG 18:15:06.326] Load DDS texture: Squad/Parts/Resources/SurfaceScanner/ksp_r_samplerAir_diff
[LOG 18:15:06.327] Load DDS texture: Squad/Parts/Resources/SurveyScanner/dish
[LOG 18:15:06.328] Load DDS texture: Squad/Parts/Resources/SurveyScanner/dish_n
[LOG 18:15:06.329] Load DDS texture: Squad/Parts/Science/AtmosphereSensor/ksp_r_hydroscoop_diff
[LOG 18:15:06.330] Load DDS texture: Squad/Parts/Science/GooExperiment/GooExperiment
[LOG 18:15:06.330] Load DDS texture: Squad/Parts/Science/LargeCrewedLab/Large_Crewed_Lab
[LOG 18:15:06.332] Load DDS texture: Squad/Parts/Science/LargeCrewedLab/Large_Crewed_Lab_glow
[LOG 18:15:06.336] Load DDS texture: Squad/Parts/Science/LargeCrewedLab/window
[LOG 18:15:06.337] Load DDS texture: Squad/Parts/Science/Magnetometer/Magnetometer_diffuse
[LOG 18:15:06.337] Load DDS texture: Squad/Parts/Science/Magnetometer/Magnetometer_nrm
[LOG 18:15:06.337] Load DDS texture: Squad/Parts/Science/MaterialBay/science_module_small
[LOG 18:15:06.340] Load DDS texture: Squad/Parts/Science/MaterialBay/science_module_small_emit
[LOG 18:15:06.340] Load DDS texture: Squad/Parts/Science/MaterialBay/science_module_small_nrm
[LOG 18:15:06.341] Load DDS texture: Squad/Parts/Science/MaterialBay/wires
[LOG 18:15:06.341] Load DDS texture: Squad/Parts/Science/ScienceBox/Container
[LOG 18:15:06.341] Load DDS texture: Squad/Parts/Science/sensorAccelerometer/model000
[LOG 18:15:06.341] Load DDS texture: Squad/Parts/Science/sensorBarometer/model000
[LOG 18:15:06.341] Load DDS texture: Squad/Parts/Science/sensorGravimeter/model000
[LOG 18:15:06.341] Load DDS texture: Squad/Parts/Science/sensorThermometer/model000
[LOG 18:15:06.341] Load DDS texture: Squad/Parts/Structural/FLAdapters/Assets/FLA-Adapters_diffuse
[LOG 18:15:06.342] Load DDS texture: Squad/Parts/Structural/FLAdapters/Assets/FLA-Adapters_diffuse_O
[LOG 18:15:06.345] Load DDS texture: Squad/Parts/Structural/FLAdapters/Assets/FLA-Adapters_normal
[LOG 18:15:06.346] Load DDS texture: Squad/Parts/Structural/FLAdapters/Assets/FLA-Adapters_normal_O
[LOG 18:15:06.348] Load DDS texture: Squad/Parts/Structural/mk1Parts/Mk1Structural
[LOG 18:15:06.349] Load DDS texture: Squad/Parts/Structural/mk1Parts/Mk1StructuralHeat
[LOG 18:15:06.351] Load Cached PNG Texture: Squad/Parts/Structural/mk1Parts/@thumbs/MK1Fuselage_icon
[LOG 18:15:06.351] Load DDS texture: Squad/Parts/Structural/Size3To2Adapter_v2/Size2to3_BW_Diffuse
[LOG 18:15:06.358] Load DDS texture: Squad/Parts/Structural/Size3To2Adapter_v2/Size2to3_DUMMY_NRM
[LOG 18:15:06.358] Load DDS texture: Squad/Parts/Structural/Size3To2Adapter_v2/Size2to3_O_Diffuse
[LOG 18:15:06.366] Load DDS texture: Squad/Parts/Structural/Size3To2Adapter_v2/Size2to3_W_Diffuse
[LOG 18:15:06.375] Load DDS texture: Squad/Parts/Structural/Size3To2Adapter_v2/Size2to3_W_NRM
[LOG 18:15:06.385] Load DDS texture: Squad/Parts/Structural/stackAdapters/Assets/stackAdapters_diffuse
[LOG 18:15:06.386] Load DDS texture: Squad/Parts/Structural/stackAdapters/Assets/stackAdapters_diffuse_Dark
[LOG 18:15:06.388] Load DDS texture: Squad/Parts/Structural/stackAdapters/Assets/stackAdapters_diffuse_Orange
[LOG 18:15:06.389] Load DDS texture: Squad/Parts/Structural/stackAdapters/Assets/stackAdapters_normal
[LOG 18:15:06.391] Load DDS texture: Squad/Parts/Structural/stackAdapters/Assets/stackAdapters_normal_Orange
[LOG 18:15:06.393] Load DDS texture: Squad/Parts/Structural/stationHub/model000
[LOG 18:15:06.394] Load DDS texture: Squad/Parts/Structural/stationHub/model001
[LOG 18:15:06.394] Load DDS texture: Squad/Parts/Structural/structuralIBeam200/model000
[LOG 18:15:06.394] Load DDS texture: Squad/Parts/Structural/structuralIBeam200Pocket/model000
[LOG 18:15:06.394] Load DDS texture: Squad/Parts/Structural/structuralIBeam650/model000
[LOG 18:15:06.394] Load DDS texture: Squad/Parts/Structural/structuralMicronode/model000
[LOG 18:15:06.394] Load DDS texture: Squad/Parts/Structural/structuralPanel1x1/model000
[LOG 18:15:06.395] Load DDS texture: Squad/Parts/Structural/structuralPanel1x1/model001
[LOG 18:15:06.395] Load DDS texture: Squad/Parts/Structural/structuralPanel2x2/model000
[LOG 18:15:06.395] Load DDS texture: Squad/Parts/Structural/structuralPanel2x2/model001
[LOG 18:15:06.395] Load DDS texture: Squad/Parts/Structural/structuralPylons/Pylons
[LOG 18:15:06.395] Load DDS texture: Squad/Parts/Structural/strutCubicOcto/cubestrut
[LOG 18:15:06.395] Load DDS texture: Squad/Parts/Structural/strutOcto/model000
[LOG 18:15:06.395] Load DDS texture: Squad/Parts/Structural/trussGirderAdapter/model000
[LOG 18:15:06.395] Load DDS texture: Squad/Parts/Structural/trussGirderAdapter/model001
[LOG 18:15:06.395] Load DDS texture: Squad/Parts/Structural/trussGirderL/model000
[LOG 18:15:06.396] Load DDS texture: Squad/Parts/Structural/trussGirderXL/model000
[LOG 18:15:06.397] Load DDS texture: Squad/Parts/Thermal/FoldingRadiators/radiator
[LOG 18:15:06.398] Load DDS texture: Squad/Parts/Thermal/FoldingRadiators/radiator_N_NRM
[LOG 18:15:06.400] Load DDS texture: Squad/Parts/Thermal/RadiatorPanels/radPanel
[LOG 18:15:06.401] Load DDS texture: Squad/Parts/Thermal/RadiatorPanels/radPanel_N_NRM
[LOG 18:15:06.403] Load DDS texture: Squad/Parts/Utility/commDish88-88/comm_dish_array
[LOG 18:15:06.403] Load DDS texture: Squad/Parts/Utility/commDish88-88/comm_dish_v2_diff
[LOG 18:15:06.404] Load DDS texture: Squad/Parts/Utility/commDish88-88/model000
[LOG 18:15:06.404] Load DDS texture: Squad/Parts/Utility/commsAntennaDTS-M1/mediumDishAntenna
[LOG 18:15:06.405] Load DDS texture: Squad/Parts/Utility/commsAntennaDTS-M1/mediumDishAntenna_Emit
[LOG 18:15:06.405] Load DDS texture: Squad/Parts/Utility/commsDish16/model000
[LOG 18:15:06.405] Load DDS texture: Squad/Parts/Utility/decouplerRadialHDM/model000
[LOG 18:15:06.406] Load DDS texture: Squad/Parts/Utility/decouplerRadialTT-38K/model000
[LOG 18:15:06.406] Load DDS texture: Squad/Parts/Utility/decouplerRadialTT-38K/model001
[LOG 18:15:06.406] Load DDS texture: Squad/Parts/Utility/decouplerRadialTT-70/model000
[LOG 18:15:06.406] Load DDS texture: Squad/Parts/Utility/DirectAntennas/MiniAntenna
[LOG 18:15:06.406] Load DDS texture: Squad/Parts/Utility/dockingPort/Arrow Pointer
[LOG 18:15:06.406] Load DDS texture: Squad/Parts/Utility/dockingPort/DockingPorts_Clampotron_Diffuse
[LOG 18:15:06.413] Load DDS texture: Squad/Parts/Utility/dockingPort/DockingPorts_Clampotron_Emissive
[LOG 18:15:06.416] Load DDS texture: Squad/Parts/Utility/dockingPort/DockingPorts_Clampotron_Normal
[LOG 18:15:06.426] Load DDS texture: Squad/Parts/Utility/dockingPortInline/Arrow Pointer
[LOG 18:15:06.426] Load DDS texture: Squad/Parts/Utility/dockingPortInline/ClampotronLinear_ClampotronLinear_Diffuse
[LOG 18:15:06.432] Load DDS texture: Squad/Parts/Utility/dockingPortInline/ClampotronLinear_ClampotronLinear_Emissive
[LOG 18:15:06.432] Load DDS texture: Squad/Parts/Utility/dockingPortInline/ClampotronLinear_ClampotronLinear_Normal
[LOG 18:15:06.442] Load DDS texture: Squad/Parts/Utility/dockingPortInline/DockingPorts_Clampotron_Diffuse
[LOG 18:15:06.458] Load DDS texture: Squad/Parts/Utility/dockingPortInline/DockingPorts_Clampotron_Emissive
[LOG 18:15:06.463] Load DDS texture: Squad/Parts/Utility/dockingPortInline/DockingPorts_Clampotron_Normal
[LOG 18:15:06.469] Load DDS texture: Squad/Parts/Utility/dockingPortJr/Arrow Pointer
[LOG 18:15:06.470] Load DDS texture: Squad/Parts/Utility/dockingPortJr/DockingPorts_ClampotronJR_Diffuse
[LOG 18:15:06.471] Load DDS texture: Squad/Parts/Utility/dockingPortJr/DockingPorts_ClampotronJR_Normal
[LOG 18:15:06.472] Load DDS texture: Squad/Parts/Utility/dockingPortJr/model000
[LOG 18:15:06.472] Load DDS texture: Squad/Parts/Utility/dockingPortShielded/Arrow Pointer
[LOG 18:15:06.472] Load DDS texture: Squad/Parts/Utility/dockingPortShielded/Clamp-O-Tron Shielded Docking Port_ClampotronShielded_Diffuse
[LOG 18:15:06.478] Load DDS texture: Squad/Parts/Utility/dockingPortShielded/Clamp-O-Tron Shielded Docking Port_ClampotronShielded_Normal
[LOG 18:15:06.484] Load DDS texture: Squad/Parts/Utility/dockingPortShielded/DockingPorts_Clampotron_Diffuse
[LOG 18:15:06.491] Load DDS texture: Squad/Parts/Utility/dockingPortShielded/DockingPorts_Clampotron_Emissive
[LOG 18:15:06.492] Load DDS texture: Squad/Parts/Utility/dockingPortShielded/DockingPorts_Clampotron_Normal
[LOG 18:15:06.499] Load DDS texture: Squad/Parts/Utility/dockingPortSr/Arrow Pointer
[LOG 18:15:06.500] Load DDS texture: Squad/Parts/Utility/dockingPortSr/ClampotronSr_ClampotronSr_Diffuse
[LOG 18:15:06.505] Load DDS texture: Squad/Parts/Utility/dockingPortSr/ClampotronSr_ClampotronSr_Diffuse_gray
[LOG 18:15:06.510] Load DDS texture: Squad/Parts/Utility/dockingPortSr/ClampotronSr_ClampotronSr_Emissive
[LOG 18:15:06.512] Load DDS texture: Squad/Parts/Utility/dockingPortSr/ClampotronSr_ClampotronSr_Normal
[LOG 18:15:06.517] Load Cached PNG Texture: Squad/Parts/Utility/Fireworks/Assets/fireworks_launcher_big 1
[LOG 18:15:06.524] Load Cached PNG Texture: Squad/Parts/Utility/Fireworks/Assets/fireworks_launcher_big
[LOG 18:15:06.530] Load Cached PNG Texture: Squad/Parts/Utility/flags/backgroundTextures/dark_background
[LOG 18:15:06.530] Load Cached PNG Texture: Squad/Parts/Utility/flags/backgroundTextures/orange_background
[LOG 18:15:06.530] Load Cached PNG Texture: Squad/Parts/Utility/flags/backgroundTextures/white_background
[LOG 18:15:06.530] Load DDS texture: Squad/Parts/Utility/GrapplingDevice/grabberDiffuse
[LOG 18:15:06.532] Load DDS texture: Squad/Parts/Utility/GrapplingDevice/grabberDiffuse_dark
[LOG 18:15:06.533] Load DDS texture: Squad/Parts/Utility/GrapplingDevice/grabberNRM
[LOG 18:15:06.534] Load DDS texture: Squad/Parts/Utility/GrapplingDevice/window
[LOG 18:15:06.535] Load DDS texture: Squad/Parts/Utility/ladderRadial/model000
[LOG 18:15:06.535] Load DDS texture: Squad/Parts/Utility/ladderTelescopic/model000
[LOG 18:15:06.535] Load DDS texture: Squad/Parts/Utility/ladderTelescopic/model001
[LOG 18:15:06.536] Load DDS texture: Squad/Parts/Utility/ladderTelescopic/model002
[LOG 18:15:06.538] Load DDS texture: Squad/Parts/Utility/ladderTelescopicBay/model000
[LOG 18:15:06.539] Load DDS texture: Squad/Parts/Utility/ladderTelescopicBay/model001
[LOG 18:15:06.540] Load DDS texture: Squad/Parts/Utility/landingLegLT-1/ksp_r_landingStrut_diff
[LOG 18:15:06.540] Load DDS texture: Squad/Parts/Utility/landingLegLT-2/landingLeg
[LOG 18:15:06.540] Load DDS texture: Squad/Parts/Utility/landingLegLT-5/leg
[LOG 18:15:06.540] Load DDS texture: Squad/Parts/Utility/landingLegLT-5/model000
[LOG 18:15:06.541] Load DDS texture: Squad/Parts/Utility/launchClamp1/model000
[LOG 18:15:06.541] Load DDS texture: Squad/Parts/Utility/launchClamp1/model001
[LOG 18:15:06.542] Load DDS texture: Squad/Parts/Utility/launchEscapeSystem/LES_Diffuse
[LOG 18:15:06.542] Load DDS texture: Squad/Parts/Utility/Lights/Assets/Lights_Attacheable_Lights_Diffuse
[LOG 18:15:06.542] Load DDS texture: Squad/Parts/Utility/Lights/Assets/Lights_Attacheable_Lights_Diffuse_white
[LOG 18:15:06.543] Load DDS texture: Squad/Parts/Utility/Lights/Assets/Lights_Attacheable_Lights_Emissive
[LOG 18:15:06.543] Load DDS texture: Squad/Parts/Utility/Lights/Assets/Lights_Attacheable_Lights_Normal
[LOG 18:15:06.543] Load DDS texture: Squad/Parts/Utility/Lights/Assets/Lights_Rectangle_Light_Diffuse
[LOG 18:15:06.548] Load DDS texture: Squad/Parts/Utility/Lights/Assets/Lights_Rectangle_Light_Diffuse_white
[LOG 18:15:06.556] Load DDS texture: Squad/Parts/Utility/Lights/Assets/Lights_Rectangle_Light_Emissive
[LOG 18:15:06.563] Load DDS texture: Squad/Parts/Utility/Lights/Assets/Lights_Rectangle_Light_Normal
[LOG 18:15:06.573] Load DDS texture: Squad/Parts/Utility/Lights/Assets/Lights_Worklights_Diffuse
[LOG 18:15:06.573] Load DDS texture: Squad/Parts/Utility/Lights/Assets/Lights_Worklights_Emissive
[LOG 18:15:06.574] Load DDS texture: Squad/Parts/Utility/Lights/Assets/Lights_Worklights_Normal
[LOG 18:15:06.576] Load DDS texture: Squad/Parts/Utility/Lights/Assets/Spotlight_Attacheable_Lights_Diffuse
[LOG 18:15:06.576] Load DDS texture: Squad/Parts/Utility/Lights/Assets/Spotlight_Attacheable_Lights_Diffuse_white
[LOG 18:15:06.576] Load DDS texture: Squad/Parts/Utility/Lights/Assets/Spotlight_Attacheable_Lights_Emissive
[LOG 18:15:06.577] Load DDS texture: Squad/Parts/Utility/Lights/Assets/Spotlight_Attacheable_Lights_Normal
[LOG 18:15:06.577] Load DDS texture: Squad/Parts/Utility/linearVernorRCS/Assets/linear_vernor_diffuse
[LOG 18:15:06.577] Load DDS texture: Squad/Parts/Utility/linearVernorRCS/Assets/linear_vernor_emissive
[LOG 18:15:06.577] Load DDS texture: Squad/Parts/Utility/linearVernorRCS/Assets/linear_vernor_normalDummy
[LOG 18:15:06.577] Load DDS texture: Squad/Parts/Utility/linearVernorRCS/Assets/linear_vernor_specular
[LOG 18:15:06.577] Load DDS texture: Squad/Parts/Utility/mk2CargoBay/mk2CargoBay
[LOG 18:15:06.579] Load DDS texture: Squad/Parts/Utility/mk2CrewCabin/mk2CrewCabin
[LOG 18:15:06.579] Load DDS texture: Squad/Parts/Utility/mk2CrewCabin/mk2CrewCabin_LUM
[LOG 18:15:06.579] Load DDS texture: Squad/Parts/Utility/mk2DockingPort/Arrow Pointer
[LOG 18:15:06.579] Load DDS texture: Squad/Parts/Utility/mk2DockingPort/Mk2Clampotron_Caps_Diffuse
[LOG 18:15:06.579] Load DDS texture: Squad/Parts/Utility/mk2DockingPort/Mk2Clampotron_Caps_Emmisive
[LOG 18:15:06.580] Load DDS texture: Squad/Parts/Utility/mk2DockingPort/Mk2Clampotron_Caps_Normal
[LOG 18:15:06.580] Load DDS texture: Squad/Parts/Utility/mk2DockingPort/Mk2Clampotron_Mk2Clampotron_Diffuse
[LOG 18:15:06.587] Load DDS texture: Squad/Parts/Utility/mk2DockingPort/Mk2Clampotron_Mk2Clampotron_Emissive
[LOG 18:15:06.588] Load DDS texture: Squad/Parts/Utility/mk2DockingPort/Mk2Clampotron_Mk2Clampotron_Normal
[LOG 18:15:06.594] Load DDS texture: Squad/Parts/Utility/mk2DockingPort/mk2DockingPort
[LOG 18:15:06.595] Load DDS texture: Squad/Parts/Utility/mk3CargoBay/Mk3CargoBay
[LOG 18:15:06.597] Load DDS texture: Squad/Parts/Utility/parachuteMk1/model000
[LOG 18:15:06.597] Load DDS texture: Squad/Parts/Utility/parachuteMk1/model001
[LOG 18:15:06.597] Load DDS texture: Squad/Parts/Utility/parachuteMk12-R/model000
[LOG 18:15:06.597] Load DDS texture: Squad/Parts/Utility/parachuteMk12-R/model001
[LOG 18:15:06.597] Load DDS texture: Squad/Parts/Utility/parachuteMk16-XL/model000
[LOG 18:15:06.598] Load DDS texture: Squad/Parts/Utility/parachuteMk16-XL/model001
[LOG 18:15:06.598] Load DDS texture: Squad/Parts/Utility/parachuteMk2-R/model000
[LOG 18:15:06.598] Load DDS texture: Squad/Parts/Utility/parachuteMk2-R/model001
[LOG 18:15:06.598] Load DDS texture: Squad/Parts/Utility/parachuteMk25/model000
[LOG 18:15:06.598] Load DDS texture: Squad/Parts/Utility/parachuteMk25/model001
[LOG 18:15:06.598] Load DDS texture: Squad/Parts/Utility/radialAttachmentPoint/model000
[LOG 18:15:06.599] Load DDS texture: Squad/Parts/Utility/radialAttachmentPoint/model001
[LOG 18:15:06.599] Load DDS texture: Squad/Parts/Utility/rcsBlockRV-105_v2/rcsBlock_diffuse
[LOG 18:15:06.599] Load DDS texture: Squad/Parts/Utility/rcsBlockRV-105_v2/rcsThrusterBlock_normal
[LOG 18:15:06.599] Load DDS texture: Squad/Parts/Utility/rcsBlockRV-105_v2/rcsThruster_emissive
[LOG 18:15:06.599] Load DDS texture: Squad/Parts/Utility/rcsBlockRV-105_v2/rcsThruster_specular
[LOG 18:15:06.599] Load DDS texture: Squad/Parts/Utility/rcsBlockRV-105_v2/RCS_Block_Diffuse
[LOG 18:15:06.599] Load DDS texture: Squad/Parts/Utility/rcsBlockRV-105_v2/RCS_Block_Emissive
[LOG 18:15:06.600] Load DDS texture: Squad/Parts/Utility/rcsBlockRV-105_v2/RCS_Block_Normal
[LOG 18:15:06.600] Load DDS texture: Squad/Parts/Utility/rcsBlockRV-105_v2/RCS_Block_Specular
[LOG 18:15:06.600] Load DDS texture: Squad/Parts/Utility/rcsSmallLinear/Assets/RCS_Linear_Base_Diffuse
[LOG 18:15:06.600] Load DDS texture: Squad/Parts/Utility/rcsSmallLinear/Assets/RCS_Linear_Diffuse
[LOG 18:15:06.600] Load DDS texture: Squad/Parts/Utility/rcsSmallLinear/Assets/RCS_Linear_Emissive
[LOG 18:15:06.601] Load DDS texture: Squad/Parts/Utility/rcsSmallLinear/Assets/RCS_Linear_Normal
[LOG 18:15:06.601] Load DDS texture: Squad/Parts/Utility/rcsSmallLinear/Assets/RCS_Linear_Specular
[LOG 18:15:06.601] Load DDS texture: Squad/Parts/Utility/RelayAntennas/DishAntenna
[LOG 18:15:06.601] Load DDS texture: Squad/Parts/Utility/RelayAntennas/MiniAntenna
[LOG 18:15:06.601] Load DDS texture: Squad/Parts/Utility/rockomaxAdapters/Assets/Rockomax_Adapters_diffuse
[LOG 18:15:06.603] Load DDS texture: Squad/Parts/Utility/rockomaxAdapters/Assets/Rockomax_Adapters_diffuse_O
[LOG 18:15:06.606] Load DDS texture: Squad/Parts/Utility/rockomaxAdapters/Assets/Rockomax_Adapters_diffuse_W
[LOG 18:15:06.608] Load DDS texture: Squad/Parts/Utility/rockomaxAdapters/Assets/Rockomax_Adapters_normal
[LOG 18:15:06.609] Load DDS texture: Squad/Parts/Utility/rockomaxAdapters/Assets/Rockomax_Adapters_normal_O
[LOG 18:15:06.611] Load DDS texture: Squad/Parts/Utility/ServiceBay/ServiceBay
[LOG 18:15:06.611] Load Cached PNG Texture: Squad/Parts/Utility/ServiceBay_v2/Assets/Scratch
[LOG 18:15:06.612] Load Cached PNG Texture: Squad/Parts/Utility/ServiceBay_v2/Assets/ServiceBay_bump
[LOG 18:15:06.614] Load Cached PNG Texture: Squad/Parts/Utility/ServiceBay_v2/Assets/ServiceBay_v2
[LOG 18:15:06.614] Load DDS texture: Squad/Parts/Utility/smallClaw/grabberSmallDiffuse
[LOG 18:15:06.614] Load DDS texture: Squad/Parts/Utility/smallClaw/grabberSmallDiffuseDark
[LOG 18:15:06.614] Load DDS texture: Squad/Parts/Utility/smallClaw/grabberSmallNRM
[LOG 18:15:06.615] Load DDS texture: Squad/Parts/Utility/smallClaw/window
[LOG 18:15:06.615] Load DDS texture: Squad/Parts/Utility/spotLightMk1/light1
[LOG 18:15:06.615] Load DDS texture: Squad/Parts/Utility/spotLightMk1/light1_em
[LOG 18:15:06.615] Load DDS texture: Squad/Parts/Utility/spotLightMk1_v2/spotLightMk1_Diffuse
[LOG 18:15:06.616] Load DDS texture: Squad/Parts/Utility/spotLightMk1_v2/spotLightMk1_Diffuse_white
[LOG 18:15:06.616] Load DDS texture: Squad/Parts/Utility/spotLightMk1_v2/spotLightMk1_Emissive
[LOG 18:15:06.616] Load DDS texture: Squad/Parts/Utility/spotLightMk1_v2/spotLightMk1_Normal
[LOG 18:15:06.616] Load DDS texture: Squad/Parts/Utility/spotLightMk2/light2
[LOG 18:15:06.617] Load DDS texture: Squad/Parts/Utility/spotLightMk2/light2_em
[LOG 18:15:06.617] Load DDS texture: Squad/Parts/Utility/spotLightMk2_v2/spotLightMk2_Diffuse
[LOG 18:15:06.617] Load DDS texture: Squad/Parts/Utility/spotLightMk2_v2/spotLightMk2_Diffuse_white
[LOG 18:15:06.617] Load DDS texture: Squad/Parts/Utility/spotLightMk2_v2/spotLightMk2_Emissive
[LOG 18:15:06.618] Load DDS texture: Squad/Parts/Utility/spotLightMk2_v2/spotLightMk2_Normal
[LOG 18:15:06.618] Load DDS texture: Squad/Parts/Utility/stackCouplers/Assets/stackCouplersDiffuse
[LOG 18:15:06.619] Load DDS texture: Squad/Parts/Utility/stackCouplers/Assets/stackCouplersDiffuse_Dark
[LOG 18:15:06.620] Load DDS texture: Squad/Parts/Utility/stackCouplers/Assets/stackCouplersDiffuse_Orange
[LOG 18:15:06.621] Load DDS texture: Squad/Parts/Utility/stackCouplers/Assets/stackCouplers_NRM
[LOG 18:15:06.623] Load DDS texture: Squad/Parts/Utility/stackCouplers/Assets/stackCouplers_Orange_NRM
[LOG 18:15:06.624] Load DDS texture: Squad/Parts/Wheel/LandingGear/Flare
[LOG 18:15:06.625] Load DDS texture: Squad/Parts/Wheel/LandingGear/LandingGear
[LOG 18:15:06.626] Load DDS texture: Squad/Parts/Wheel/LandingGear/LandingGear_Emissive
[LOG 18:15:06.626] Load DDS texture: Squad/Parts/Wheel/roverWheelM1/model000
[LOG 18:15:06.626] Load DDS texture: Squad/Parts/Wheel/roverWheelM1/roverwheel1
[LOG 18:15:06.626] Load DDS texture: Squad/Parts/Wheel/roverWheelS2/model000
[LOG 18:15:06.626] Load DDS texture: Squad/Parts/Wheel/roverWheelS2/model001
[LOG 18:15:06.626] Load DDS texture: Squad/Parts/Wheel/roverWheelS2/roverwheel2
[LOG 18:15:06.627] Load DDS texture: Squad/Parts/Wheel/roverWheelS2/roverwheel2_n
[LOG 18:15:06.627] Load DDS texture: Squad/Parts/Wheel/roverWheelTR-2L/ksp_r_medWheel_diff
[LOG 18:15:06.628] Load DDS texture: Squad/Parts/Wheel/roverWheelTR-2L/ksp_r_medWheel_normal
[LOG 18:15:06.628] Load DDS texture: Squad/Parts/Wheel/roverWheelTR-2L/ksp_r_medWheel_wheel_diff
[LOG 18:15:06.630] Load DDS texture: Squad/Parts/Wheel/roverWheelTR-2L/ksp_r_medWheel_wheel_normal
[LOG 18:15:06.631] Load DDS texture: Squad/Parts/Wheel/roverWheelXL3/mount
[LOG 18:15:06.632] Load DDS texture: Squad/Parts/Wheel/roverWheelXL3/mount_n
[LOG 18:15:06.632] Load DDS texture: Squad/Parts/Wheel/roverWheelXL3/wheel
[LOG 18:15:06.632] Load DDS texture: Squad/Parts/Wheel/roverWheelXL3/wheel_n
[LOG 18:15:06.633] Load DDS texture: Squad/Props/AltimeterThreeHands/model000
[LOG 18:15:06.633] Load DDS texture: Squad/Props/AltimeterThreeHands/model001
[LOG 18:15:06.633] Load DDS texture: Squad/Props/AtmosphereDepth/model000
[LOG 18:15:06.633] Load DDS texture: Squad/Props/AtmosphereDepth/model001
[LOG 18:15:06.633] Load DDS texture: Squad/Props/AxisIndicator/model000
[LOG 18:15:06.633] Load DDS texture: Squad/Props/buttonsGeneric/ButtonsAndSwitches
[LOG 18:15:06.633] Load DDS texture: Squad/Props/ButtonSquare/model000
[LOG 18:15:06.633] Load DDS texture: Squad/Props/circularButton/model000
[LOG 18:15:06.634] Load DDS texture: Squad/Props/Compass/model000
[LOG 18:15:06.634] Load DDS texture: Squad/Props/directionalKnob/model000
[LOG 18:15:06.634] Load DDS texture: Squad/Props/directionalKnob2/model000
[LOG 18:15:06.634] Load DDS texture: Squad/Props/IndicatorPanel/model000
[LOG 18:15:06.635] Load DDS texture: Squad/Props/IndicatorPanel/model001
[LOG 18:15:06.635] Load DDS texture: Squad/Props/IVANavBall/Arrows8dir
[LOG 18:15:06.635] Load DDS texture: Squad/Props/IVANavBall/IVANavBall
[LOG 18:15:06.635] Load DDS texture: Squad/Props/IVANavBall/IVANavBall_Glow
[LOG 18:15:06.635] Load DDS texture: Squad/Props/IVANavBall/ManeuverNode_vectors
[LOG 18:15:06.635] Load DDS texture: Squad/Props/IVANavBall/navball2
[LOG 18:15:06.635] Load DDS texture: Squad/Props/IVANavBall/navBall_DV_IVA
[LOG 18:15:06.635] Load DDS texture: Squad/Props/IVANavBall/navBall_vectors_IVA
[LOG 18:15:06.636] Load Cached PNG Texture: Squad/Props/IVANavBallNoBase/Arrows8dir
[LOG 18:15:06.636] Load Cached PNG Texture: Squad/Props/IVANavBallNoBase/IVANavBall
[LOG 18:15:06.636] Load Cached PNG Texture: Squad/Props/IVANavBallNoBase/ManeuverNode_vectors
[LOG 18:15:06.636] Load Cached PNG Texture: Squad/Props/IVANavBallNoBase/navball2
[LOG 18:15:06.636] Load Cached PNG Texture: Squad/Props/IVANavBallNoBase/navBall_DV_IVA
[LOG 18:15:06.636] Load Cached PNG Texture: Squad/Props/IVANavBallNoBase/navBall_vectors_IVA
[LOG 18:15:06.636] Load DDS texture: Squad/Props/ledPanelSpeed/circularButton
[LOG 18:15:06.636] Load DDS texture: Squad/Props/ledPanelSpeed/ledPanel
[LOG 18:15:06.637] Load DDS texture: Squad/Props/Monitor/Emissives
[LOG 18:15:06.637] Load DDS texture: Squad/Props/Monitor/Emissives_glow
[LOG 18:15:06.637] Load DDS texture: Squad/Props/Monitor/Monitor
[LOG 18:15:06.637] Load DDS texture: Squad/Props/NavBall/GaugeGee
[LOG 18:15:06.637] Load DDS texture: Squad/Props/NavBall/GaugeThrottle
[LOG 18:15:06.637] Load DDS texture: Squad/Props/NavBall/model000
[LOG 18:15:06.637] Load DDS texture: Squad/Props/NavBall/model001
[LOG 18:15:06.637] Load DDS texture: Squad/Props/NavBall/model002
[LOG 18:15:06.637] Load DDS texture: Squad/Props/NavBall/model003
[LOG 18:15:06.638] Load DDS texture: Squad/Props/PropsGeneric/propsGeneric
[LOG 18:15:06.638] Load DDS texture: Squad/Props/pullSwitch/model000
[LOG 18:15:06.638] Load DDS texture: Squad/Props/pullSwitch/model001
[LOG 18:15:06.639] Load DDS texture: Squad/Props/radarAltitude/model000
[LOG 18:15:06.639] Load DDS texture: Squad/Props/squareButton/model000
[LOG 18:15:06.640] Load DDS texture: Squad/Props/standingSwitch/model000
[LOG 18:15:06.640] Load DDS texture: Squad/Props/standingSwitch/model001
[LOG 18:15:06.640] Load DDS texture: Squad/Props/switch/model000
[LOG 18:15:06.641] Load DDS texture: Squad/Props/switchGuard/model000
[LOG 18:15:06.641] Load DDS texture: Squad/Props/switchWithGuards/model000
[LOG 18:15:06.641] Load DDS texture: Squad/Props/switchWithGuards/model001
[LOG 18:15:06.641] Load DDS texture: Squad/Props/switchWithGuards/model002
[LOG 18:15:06.641] Load DDS texture: Squad/Props/throttle/model000
[LOG 18:15:06.641] Load DDS texture: Squad/Props/throttle/model001
[LOG 18:15:06.642] Load DDS texture: Squad/Props/VSI/model000
[LOG 18:15:06.643] Load DDS texture: Squad/Spaces/crewCabinInternals/model000
[LOG 18:15:06.643] Load DDS texture: Squad/Spaces/crewCabinInternals/model001
[LOG 18:15:06.651] Load DDS texture: Squad/Spaces/crewCabinInternals/model002
[LOG 18:15:06.652] Load DDS texture: Squad/Spaces/crewCabinInternals/model003
[LOG 18:15:06.653] Load DDS texture: Squad/Spaces/crewCabinInternals/model004
[LOG 18:15:06.653] Load DDS texture: Squad/Spaces/crewCabinInternals/model005
[LOG 18:15:06.654] Load DDS texture: Squad/Spaces/cupolaInternal/ksp_l_cupola_internal_diff
[LOG 18:15:06.661] Load DDS texture: Squad/Spaces/cupolaInternal/ksp_l_cupola_internal_normal
[LOG 18:15:06.668] Load DDS texture: Squad/Spaces/cupolaInternal/ksp_l_cupola_internal_windows_alpha
[LOG 18:15:06.669] Load DDS texture: Squad/Spaces/cupolaInternal/pilot Seat
[LOG 18:15:06.671] Load DDS texture: Squad/Spaces/GenericSpace1/model000
[LOG 18:15:06.674] Load DDS texture: Squad/Spaces/GenericSpace1/model001
[LOG 18:15:06.676] Load DDS texture: Squad/Spaces/GenericSpace1/model002
[LOG 18:15:06.678] Load DDS texture: Squad/Spaces/GenericSpace1/model003
[LOG 18:15:06.679] Load DDS texture: Squad/Spaces/GenericSpace1/model004
[LOG 18:15:06.681] Load DDS texture: Squad/Spaces/GenericSpace1/model005
[LOG 18:15:06.684] Load DDS texture: Squad/Spaces/GenericSpace3/model000
[LOG 18:15:06.686] Load DDS texture: Squad/Spaces/GenericSpace3/model001
[LOG 18:15:06.687] Load DDS texture: Squad/Spaces/GenericSpace3/model002
[LOG 18:15:06.689] Load DDS texture: Squad/Spaces/GenericSpace3/model003
[LOG 18:15:06.690] Load DDS texture: Squad/Spaces/GenericSpace3/model004
[LOG 18:15:06.691] Load DDS texture: Squad/Spaces/GenericSpace3/model005
[LOG 18:15:06.693] Load DDS texture: Squad/Spaces/GenericSpace3/model006
[LOG 18:15:06.693] Load DDS texture: Squad/Spaces/GenericSpace3/model007
[LOG 18:15:06.696] Load DDS texture: Squad/Spaces/landerCabinInternals/model000
[LOG 18:15:06.697] Load DDS texture: Squad/Spaces/landerCabinInternals/model001
[LOG 18:15:06.700] Load DDS texture: Squad/Spaces/landerCabinInternals/model002
[LOG 18:15:06.701] Load DDS texture: Squad/Spaces/landerCabinInternals/model003
[LOG 18:15:06.709] Load DDS texture: Squad/Spaces/landerCabinInternals/model004
[LOG 18:15:06.710] Load DDS texture: Squad/Spaces/landerCabinInternals/model005
[LOG 18:15:06.710] Load DDS texture: Squad/Spaces/landerCabinInternals/model006
[LOG 18:15:06.712] Load DDS texture: Squad/Spaces/landerCabinInternals/model007
[LOG 18:15:06.713] Load DDS texture: Squad/Spaces/landerCabinSmallInternal/ksp_s_landerCan_internal_diff
[LOG 18:15:06.720] Load DDS texture: Squad/Spaces/landerCabinSmallInternal/ksp_s_landerCan_internal_normal
[LOG 18:15:06.730] Load DDS texture: Squad/Spaces/landerCabinSmallInternal/ksp_s_landerCan_internal_window_alpha
[LOG 18:15:06.732] Load DDS texture: Squad/Spaces/landerCabinSmallInternal/pilot Seat
[LOG 18:15:06.734] Load DDS texture: Squad/Spaces/LargeCrewedLabInternals/Glass
[LOG 18:15:06.734] Load DDS texture: Squad/Spaces/LargeCrewedLabInternals/MPL_Int
[LOG 18:15:06.739] Load DDS texture: Squad/Spaces/LargeCrewedLabInternals/MPL_Int_n_NRM
[LOG 18:15:06.741] Load DDS texture: Squad/Spaces/Mk1-3/Mk1_3_IvaProps_Diffuse
[LOG 18:15:06.747] Load DDS texture: Squad/Spaces/Mk1-3/Mk1_3_IvaProps_Normal
[LOG 18:15:06.752] Load DDS texture: Squad/Spaces/Mk1-3/Mk1_3_IvaShell_Diffuse
[LOG 18:15:06.758] Load DDS texture: Squad/Spaces/Mk1-3/Mk1_3_IvaShell_Emissive
[LOG 18:15:06.765] Load DDS texture: Squad/Spaces/Mk1-3/Mk1_3_IvaShell_Normal
[LOG 18:15:06.772] Load DDS texture: Squad/Spaces/Mk1-3/pilot Seat
[LOG 18:15:06.774] Load DDS texture: Squad/Spaces/mk1CabinInternal/Cabin_Lightmap
[LOG 18:15:06.774] Load DDS texture: Squad/Spaces/mk1CabinInternal/CockpitGeneric
[LOG 18:15:06.774] Load DDS texture: Squad/Spaces/mk1CabinInternal/CockpitGeneric_NRM
[LOG 18:15:06.774] Load DDS texture: Squad/Spaces/mk1CockpitInternal/CockpitGeneric
[LOG 18:15:06.774] Load DDS texture: Squad/Spaces/mk1CockpitInternal/CockpitGeneric_NRM
[LOG 18:15:06.775] Load DDS texture: Squad/Spaces/mk1CockpitInternal/IVAMAP
[LOG 18:15:06.775] Load DDS texture: Squad/Spaces/mk1CockpitInternal/Windows
[LOG 18:15:06.775] Load DDS texture: Squad/Spaces/mk1InlineInternal/Canopy
[LOG 18:15:06.777] Load DDS texture: Squad/Spaces/mk1InlineInternal/CockpitGeneric
[LOG 18:15:06.777] Load DDS texture: Squad/Spaces/mk1InlineInternal/CockpitGeneric_NRM
[LOG 18:15:06.777] Load DDS texture: Squad/Spaces/mk1InlineInternal/Mk1Inline_Lightmap
[LOG 18:15:06.777] Load DDS texture: Squad/Spaces/mk1PodCockpit/model000
[LOG 18:15:06.778] Load DDS texture: Squad/Spaces/mk1PodCockpit/model001
[LOG 18:15:06.780] Load DDS texture: Squad/Spaces/mk1PodCockpit/model002
[LOG 18:15:06.781] Load DDS texture: Squad/Spaces/mk1PodCockpit/model003
[LOG 18:15:06.782] Load DDS texture: Squad/Spaces/mk1PodCockpit/model004
[LOG 18:15:06.785] Load DDS texture: Squad/Spaces/mk1PodCockpit/model005
[LOG 18:15:06.786] Load DDS texture: Squad/Spaces/mk1PodCockpit/model006
[LOG 18:15:06.787] Load DDS texture: Squad/Spaces/mk1PodCockpit/model007
[LOG 18:15:06.787] Load DDS texture: Squad/Spaces/mk1pod_IVA/mk1pod_iva_props_diffuse
[LOG 18:15:06.794] Load DDS texture: Squad/Spaces/mk1pod_IVA/mk1pod_iva_props_emissive
[LOG 18:15:06.795] Load DDS texture: Squad/Spaces/mk1pod_IVA/mk1pod_iva_props_normal
[LOG 18:15:06.801] Load DDS texture: Squad/Spaces/mk1pod_IVA/mk1pod_iva_shell_diffuse
[LOG 18:15:06.810] Load DDS texture: Squad/Spaces/mk1pod_IVA/mk1pod_iva_shell_normal
[LOG 18:15:06.818] Load MBM texture: Squad/Spaces/mk1pod_IVA/pilot Seat
[LOG 18:15:06.862] Load DDS texture: Squad/Spaces/mk2CockpitStandardInternal/CargoBagA
[LOG 18:15:06.862] Load DDS texture: Squad/Spaces/mk2CockpitStandardInternal/Mk2StandardIVA
[LOG 18:15:06.863] Load DDS texture: Squad/Spaces/mk2CockpitStandardInternal/Pilotseat
[LOG 18:15:06.863] Load DDS texture: Squad/Spaces/mk2CockpitStandardInternal/Windows
[LOG 18:15:06.863] Load DDS texture: Squad/Spaces/Mk2CrewCabinInternal/CargoBagA
[LOG 18:15:06.863] Load DDS texture: Squad/Spaces/Mk2CrewCabinInternal/Glass
[LOG 18:15:06.863] Load DDS texture: Squad/Spaces/Mk2CrewCabinInternal/Mk2StandardIVA
[LOG 18:15:06.864] Load DDS texture: Squad/Spaces/Mk2CrewCabinInternal/Pilotseat
[LOG 18:15:06.864] Load DDS texture: Squad/Spaces/mk2InlineInternal/CockpitGeneric
[LOG 18:15:06.864] Load DDS texture: Squad/Spaces/mk2InlineInternal/CockpitGeneric_NRM
[LOG 18:15:06.865] Load DDS texture: Squad/Spaces/mk2InlineInternal/Mk2InlineLightmap
[LOG 18:15:06.866] Load DDS texture: Squad/Spaces/mk2InlineInternal/propsGeneric
[LOG 18:15:06.866] Load DDS texture: Squad/Spaces/mk2LanderCanInternal/mk2LanderCan_props_diffuse
[LOG 18:15:06.874] Load DDS texture: Squad/Spaces/mk2LanderCanInternal/mk2LanderCan_props_normal
[LOG 18:15:06.884] Load DDS texture: Squad/Spaces/mk2LanderCanInternal/mk2LanderCan_shell_diffuse
[LOG 18:15:06.891] Load DDS texture: Squad/Spaces/mk2LanderCanInternal/mk2LanderCan_shell_normal
[LOG 18:15:06.900] Load MBM texture: Squad/Spaces/mk2LanderCanInternal/pilot Seat
[LOG 18:15:06.944] Load DDS texture: Squad/Spaces/MK3CockpitInternal/Glass
[LOG 18:15:06.944] Load DDS texture: Squad/Spaces/MK3CockpitInternal/Mk2StandardIVA
[LOG 18:15:06.945] Load DDS texture: Squad/Spaces/MK3_CrewCab_Int/Glass
[LOG 18:15:06.945] Load DDS texture: Squad/Spaces/MK3_CrewCab_Int/GlassMK3CC
[LOG 18:15:06.945] Load DDS texture: Squad/Spaces/MK3_CrewCab_Int/Mk2StandardIVA
[LOG 18:15:06.949] Load DDS texture: Squad/Spaces/MK3_CrewCab_Int/MK3_CrewCab_Int
[LOG 18:15:06.949] Load DDS texture: Squad/Spaces/MK3_CrewCab_Int/MK3_CrewCab_Int_n
[LOG 18:15:06.949] Load DDS texture: Squad/Spaces/MK3_CrewCab_Int/Pilotseat
[LOG 18:15:06.950] Load DDS texture: Squad/Spaces/Placeholder/PlaceholderIVA
[LOG 18:15:06.956] Load DDS texture: Squad/Spaces/PodCockpit/model000
[LOG 18:15:06.957] Load DDS texture: Squad/Spaces/PodCockpit/model001
[LOG 18:15:06.957] Load DDS texture: Squad/Spaces/PodCockpit/model002
[LOG 18:15:06.958] Load DDS texture: Squad/Spaces/PodCockpit/model003
[LOG 18:15:06.959] Load DDS texture: Squad/Spaces/PodCockpit/model004
[LOG 18:15:06.959] Load DDS texture: Squad/Spaces/PodCockpit/model005
[LOG 18:15:06.960] Load DDS texture: Squad/Spaces/PodCockpit/model006
[LOG 18:15:06.960] Load DDS texture: Squad/Spaces/PodCockpit/model007
[LOG 18:15:06.962] Load DDS texture: Squad/Spaces/sharedAssets/CockpitGeneric
[LOG 18:15:06.963] Load DDS texture: Squad/Spaces/sharedAssets/CockpitGeneric_NRM
[LOG 18:15:06.963] Load Cached PNG Texture: Squad/Strategies/Icons/AggressiveNegotiations
[LOG 18:15:06.964] Load Cached PNG Texture: Squad/Strategies/Icons/AppreciationCampaign
[LOG 18:15:06.964] Load Cached PNG Texture: Squad/Strategies/Icons/BailOutGrant
[LOG 18:15:06.964] Load Cached PNG Texture: Squad/Strategies/Icons/FundraisingCampaign
[LOG 18:15:06.964] Load Cached PNG Texture: Squad/Strategies/Icons/LeadershipInitiative
[LOG 18:15:06.964] Load Cached PNG Texture: Squad/Strategies/Icons/OpenSourceTechProgram
[LOG 18:15:06.964] Load Cached PNG Texture: Squad/Strategies/Icons/OutsourcedResearch
[LOG 18:15:06.964] Load Cached PNG Texture: Squad/Strategies/Icons/PatentsLicensing
[LOG 18:15:06.964] Load Cached PNG Texture: Squad/Strategies/Icons/RecoveryTransponderFitting
[LOG 18:15:06.964] Load Cached PNG Texture: Squad/Strategies/Icons/ResearchRightsSellOut
[LOG 18:15:06.964] Load Cached PNG Texture: Squad/Strategies/Icons/UnpaidResearchProgram
[LOG 18:15:06.964] Load Cached PNG Texture: Squad/Tutorials/ChuteColors
[LOG 18:15:06.964] Load DDS texture: Squad/Tutorials/EditorCoM
[LOG 18:15:06.964] Load Cached PNG Texture: Squad/Tutorials/EditorSnap
[LOG 18:15:06.964] Load Cached PNG Texture: Squad/Tutorials/EditorSnap4x
[LOG 18:15:06.965] Load Cached PNG Texture: Squad/Tutorials/EditorSymm
[LOG 18:15:06.965] Load Cached PNG Texture: Squad/Tutorials/StagingStack
[LOG 18:15:06.965] Load PNG texture: Squad/Tutorials/YPRDiagram
[WRN 18:15:06.966] Texture isn't eligible for DXT compression, width and height must be multiples of 4
[LOG 18:15:06.966] Load Cached PNG Texture: SquadExpansion/MakingHistory/Banners/Fail/default
[LOG 18:15:06.966] Load Cached PNG Texture: SquadExpansion/MakingHistory/Banners/Fail/fail01
[LOG 18:15:06.966] Load Cached PNG Texture: SquadExpansion/MakingHistory/Banners/Fail/fail02
[LOG 18:15:06.967] Load PNG texture: SquadExpansion/MakingHistory/Banners/Menu/default
[WRN 18:15:06.970] Texture isn't eligible for DXT compression, width and height must be multiples of 4
[LOG 18:15:06.970] Load PNG texture: SquadExpansion/MakingHistory/Banners/Menu/MBanner_01
[WRN 18:15:06.974] Texture isn't eligible for DXT compression, width and height must be multiples of 4
[LOG 18:15:06.975] Load PNG texture: SquadExpansion/MakingHistory/Banners/Menu/MBanner_02
[WRN 18:15:06.979] Texture isn't eligible for DXT compression, width and height must be multiples of 4
[LOG 18:15:06.979] Load PNG texture: SquadExpansion/MakingHistory/Banners/Menu/MBanner_03
[WRN 18:15:06.983] Texture isn't eligible for DXT compression, width and height must be multiples of 4
[LOG 18:15:06.983] Load Cached PNG Texture: SquadExpansion/MakingHistory/Banners/Success/default
[LOG 18:15:06.983] Load Cached PNG Texture: SquadExpansion/MakingHistory/Banners/Success/success01
[LOG 18:15:06.983] Load Cached PNG Texture: SquadExpansion/MakingHistory/Banners/Success/success02
[LOG 18:15:06.983] Load Cached PNG Texture: SquadExpansion/MakingHistory/Missions/Acapello 13/Banners/Fail/fail01
[LOG 18:15:06.983] Load PNG texture: SquadExpansion/MakingHistory/Missions/Acapello 13/Banners/Menu/Mun
[WRN 18:15:06.986] Texture isn't eligible for DXT compression, width and height must be multiples of 4
[LOG 18:15:06.986] Load Cached PNG Texture: SquadExpansion/MakingHistory/Missions/Acapello 13/Banners/Success/success01
[LOG 18:15:06.986] Load Cached PNG Texture: SquadExpansion/MakingHistory/Missions/Acapello 15/Banners/Fail/default
[LOG 18:15:06.986] Load Cached PNG Texture: SquadExpansion/MakingHistory/Missions/Acapello 15/Banners/Fail/fail02
[LOG 18:15:06.986] Load PNG texture: SquadExpansion/MakingHistory/Missions/Acapello 15/Banners/Menu/default
[WRN 18:15:06.989] Texture isn't eligible for DXT compression, width and height must be multiples of 4
[LOG 18:15:06.989] Load Cached PNG Texture: SquadExpansion/MakingHistory/Missions/Acapello 15/Banners/Success/default
[LOG 18:15:06.989] Load Cached PNG Texture: SquadExpansion/MakingHistory/Missions/Blue Mun/Banners/Fail/fail01
[LOG 18:15:06.989] Load PNG texture: SquadExpansion/MakingHistory/Missions/Blue Mun/Banners/Menu/default
[WRN 18:15:06.992] Texture isn't eligible for DXT compression, width and height must be multiples of 4
[LOG 18:15:06.992] Load Cached PNG Texture: SquadExpansion/MakingHistory/Missions/Blue Mun/Banners/Success/success02
[LOG 18:15:06.992] Load Cached PNG Texture: SquadExpansion/MakingHistory/Missions/Dawn of the Space Age/Banners/Fail/default
[LOG 18:15:06.992] Load PNG texture: SquadExpansion/MakingHistory/Missions/Dawn of the Space Age/Banners/Menu/default
[WRN 18:15:06.995] Texture isn't eligible for DXT compression, width and height must be multiples of 4
[LOG 18:15:06.995] Load Cached PNG Texture: SquadExpansion/MakingHistory/Missions/Dawn of the Space Age/Banners/Success/default
[LOG 18:15:06.995] Load Cached PNG Texture: SquadExpansion/MakingHistory/Missions/Meet Me in Zero G/Banners/Fail/default
[LOG 18:15:06.995] Load Cached PNG Texture: SquadExpansion/MakingHistory/Missions/Meet Me in Zero G/Banners/Fail/fail01
[LOG 18:15:06.995] Load PNG texture: SquadExpansion/MakingHistory/Missions/Meet Me in Zero G/Banners/Menu/default
[WRN 18:15:06.997] Texture isn't eligible for DXT compression, width and height must be multiples of 4
[LOG 18:15:06.997] Load Cached PNG Texture: SquadExpansion/MakingHistory/Missions/Meet Me in Zero G/Banners/Success/default
[LOG 18:15:06.998] Load Cached PNG Texture: SquadExpansion/MakingHistory/Missions/Meet Me in Zero G/Banners/Success/success02
[LOG 18:15:06.998] Load Cached PNG Texture: SquadExpansion/MakingHistory/Missions/Munar 1/Banners/Fail/default
[LOG 18:15:06.998] Load Cached PNG Texture: SquadExpansion/MakingHistory/Missions/Munar 1/Banners/Fail/fail02
[LOG 18:15:06.998] Load PNG texture: SquadExpansion/MakingHistory/Missions/Munar 1/Banners/Menu/default
[WRN 18:15:07.000] Texture isn't eligible for DXT compression, width and height must be multiples of 4
[LOG 18:15:07.000] Load Cached PNG Texture: SquadExpansion/MakingHistory/Missions/Munar 1/Banners/Success/default
[LOG 18:15:07.001] Load Cached PNG Texture: SquadExpansion/MakingHistory/Missions/Munar 1/Banners/Success/success01
[LOG 18:15:07.001] Load Cached PNG Texture: SquadExpansion/MakingHistory/Missions/Sally-Hut 1/Banners/Fail/default
[LOG 18:15:07.001] Load Cached PNG Texture: SquadExpansion/MakingHistory/Missions/Sally-Hut 1/Banners/Fail/fail01
[LOG 18:15:07.001] Load Cached PNG Texture: SquadExpansion/MakingHistory/Missions/Sally-Hut 1/Banners/Menu/bannerSatellite
[LOG 18:15:07.001] Load Cached PNG Texture: SquadExpansion/MakingHistory/Missions/Sally-Hut 1/Banners/Success/default
[LOG 18:15:07.001] Load Cached PNG Texture: SquadExpansion/MakingHistory/Missions/Sally-Hut 1/Banners/Success/success02
[LOG 18:15:07.001] Load Cached PNG Texture: SquadExpansion/MakingHistory/Missions/To the Mun Via Minmus/Banners/Fail/fail02
[LOG 18:15:07.001] Load PNG texture: SquadExpansion/MakingHistory/Missions/To the Mun Via Minmus/Banners/Menu/MissionBannerKerbin
[WRN 18:15:07.004] Texture isn't eligible for DXT compression, width and height must be multiples of 4
[LOG 18:15:07.004] Load Cached PNG Texture: SquadExpansion/MakingHistory/Missions/To the Mun Via Minmus/Banners/Success/success01
[LOG 18:15:07.004] Load Cached PNG Texture: SquadExpansion/MakingHistory/Missions/Trouble in the Void/Banners/Fail/fail01
[LOG 18:15:07.004] Load PNG texture: SquadExpansion/MakingHistory/Missions/Trouble in the Void/Banners/Menu/default
[WRN 18:15:07.007] Texture isn't eligible for DXT compression, width and height must be multiples of 4
[LOG 18:15:07.007] Load Cached PNG Texture: SquadExpansion/MakingHistory/Missions/Trouble in the Void/Banners/Success/success02
[LOG 18:15:07.007] Load Cached PNG Texture: SquadExpansion/MakingHistory/Missions/Ziggy Kerman and the Spiders from Duna/Banners/Fail/fail02
[LOG 18:15:07.007] Load Cached PNG Texture: SquadExpansion/MakingHistory/Missions/Ziggy Kerman and the Spiders from Duna/Banners/Menu/bannerSatellite
[LOG 18:15:07.007] Load Cached PNG Texture: SquadExpansion/MakingHistory/Missions/Ziggy Kerman and the Spiders from Duna/Banners/Success/success01
[LOG 18:15:07.007] Load Cached PNG Texture: SquadExpansion/MakingHistory/Parts/@thumbs/Decoupler.1p5_icon0
[LOG 18:15:07.007] Load Cached PNG Texture: SquadExpansion/MakingHistory/Parts/@thumbs/Decoupler.1p5_icon1
[LOG 18:15:07.007] Load Cached PNG Texture: SquadExpansion/MakingHistory/Parts/@thumbs/EquiTriangle0_icon0
[LOG 18:15:07.007] Load Cached PNG Texture: SquadExpansion/MakingHistory/Parts/@thumbs/EquiTriangle0_icon1
[LOG 18:15:07.008] Load Cached PNG Texture: SquadExpansion/MakingHistory/Parts/@thumbs/EquiTriangle0_icon2
[LOG 18:15:07.008] Load Cached PNG Texture: SquadExpansion/MakingHistory/Parts/@thumbs/EquiTriangle0_icon3
[LOG 18:15:07.009] Load Cached PNG Texture: SquadExpansion/MakingHistory/Parts/@thumbs/EquiTriangle1p5_icon0
[LOG 18:15:07.009] Load Cached PNG Texture: SquadExpansion/MakingHistory/Parts/@thumbs/EquiTriangle1p5_icon1
[LOG 18:15:07.009] Load Cached PNG Texture: SquadExpansion/MakingHistory/Parts/@thumbs/EquiTriangle1p5_icon2
[LOG 18:15:07.009] Load Cached PNG Texture: SquadExpansion/MakingHistory/Parts/@thumbs/EquiTriangle1p5_icon3
[LOG 18:15:07.009] Load Cached PNG Texture: SquadExpansion/MakingHistory/Parts/@thumbs/EquiTriangle1_icon0
[LOG 18:15:07.009] Load Cached PNG Texture: SquadExpansion/MakingHistory/Parts/@thumbs/EquiTriangle1_icon1
[LOG 18:15:07.009] Load Cached PNG Texture: SquadExpansion/MakingHistory/Parts/@thumbs/EquiTriangle1_icon2
[LOG 18:15:07.009] Load Cached PNG Texture: SquadExpansion/MakingHistory/Parts/@thumbs/EquiTriangle1_icon3
[LOG 18:15:07.009] Load Cached PNG Texture: SquadExpansion/MakingHistory/Parts/@thumbs/EquiTriangle2_icon0
[LOG 18:15:07.009] Load Cached PNG Texture: SquadExpansion/MakingHistory/Parts/@thumbs/EquiTriangle2_icon1
[LOG 18:15:07.009] Load Cached PNG Texture: SquadExpansion/MakingHistory/Parts/@thumbs/EquiTriangle2_icon2
[LOG 18:15:07.009] Load Cached PNG Texture: SquadExpansion/MakingHistory/Parts/@thumbs/EquiTriangle2_icon3
[LOG 18:15:07.009] Load Cached PNG Texture: SquadExpansion/MakingHistory/Parts/@thumbs/HeatShield1p5_icon
[LOG 18:15:07.009] Load Cached PNG Texture: SquadExpansion/MakingHistory/Parts/@thumbs/InflatableAirlock_icon
[LOG 18:15:07.010] Load Cached PNG Texture: SquadExpansion/MakingHistory/Parts/@thumbs/LiquidEngineRV-1_icon
[LOG 18:15:07.010] Load Cached PNG Texture: SquadExpansion/MakingHistory/Parts/@thumbs/monopropMiniSphere_icon
[LOG 18:15:07.010] Load Cached PNG Texture: SquadExpansion/MakingHistory/Parts/@thumbs/Panel0_icon0
[LOG 18:15:07.010] Load Cached PNG Texture: SquadExpansion/MakingHistory/Parts/@thumbs/Panel0_icon1
[LOG 18:15:07.010] Load Cached PNG Texture: SquadExpansion/MakingHistory/Parts/@thumbs/Panel0_icon2
[LOG 18:15:07.010] Load Cached PNG Texture: SquadExpansion/MakingHistory/Parts/@thumbs/Panel0_icon3
[LOG 18:15:07.010] Load Cached PNG Texture: SquadExpansion/MakingHistory/Parts/@thumbs/Panel1p5_icon0
[LOG 18:15:07.010] Load Cached PNG Texture: SquadExpansion/MakingHistory/Parts/@thumbs/Panel1p5_icon1
[LOG 18:15:07.010] Load Cached PNG Texture: SquadExpansion/MakingHistory/Parts/@thumbs/Panel1p5_icon2
[LOG 18:15:07.010] Load Cached PNG Texture: SquadExpansion/MakingHistory/Parts/@thumbs/Panel1p5_icon3
[LOG 18:15:07.010] Load Cached PNG Texture: SquadExpansion/MakingHistory/Parts/@thumbs/Panel1_icon0
[LOG 18:15:07.010] Load Cached PNG Texture: SquadExpansion/MakingHistory/Parts/@thumbs/Panel1_icon1
[LOG 18:15:07.010] Load Cached PNG Texture: SquadExpansion/MakingHistory/Parts/@thumbs/Panel1_icon2
[LOG 18:15:07.011] Load Cached PNG Texture: SquadExpansion/MakingHistory/Parts/@thumbs/Panel1_icon3
[LOG 18:15:07.011] Load Cached PNG Texture: SquadExpansion/MakingHistory/Parts/@thumbs/roverWheelM1-F_icon0
[LOG 18:15:07.011] Load Cached PNG Texture: SquadExpansion/MakingHistory/Parts/@thumbs/roverWheelM1-F_icon1
[LOG 18:15:07.011] Load Cached PNG Texture: SquadExpansion/MakingHistory/Parts/@thumbs/Separator.1p5_icon0
[LOG 18:15:07.011] Load Cached PNG Texture: SquadExpansion/MakingHistory/Parts/@thumbs/Separator.1p5_icon1
[LOG 18:15:07.011] Load Cached PNG Texture: SquadExpansion/MakingHistory/Parts/@thumbs/Size1p5.Strut.Decoupler_icon0
[LOG 18:15:07.011] Load Cached PNG Texture: SquadExpansion/MakingHistory/Parts/@thumbs/Size1p5.Strut.Decoupler_icon1
[LOG 18:15:07.011] Load Cached PNG Texture: SquadExpansion/MakingHistory/Parts/@thumbs/Size1to0ServiceModule_icon
[LOG 18:15:07.011] Load Cached PNG Texture: SquadExpansion/MakingHistory/Parts/@thumbs/Triangle0_icon0
[LOG 18:15:07.011] Load Cached PNG Texture: SquadExpansion/MakingHistory/Parts/@thumbs/Triangle0_icon1
[LOG 18:15:07.011] Load Cached PNG Texture: SquadExpansion/MakingHistory/Parts/@thumbs/Triangle0_icon2
[LOG 18:15:07.011] Load Cached PNG Texture: SquadExpansion/MakingHistory/Parts/@thumbs/Triangle0_icon3
[LOG 18:15:07.011] Load Cached PNG Texture: SquadExpansion/MakingHistory/Parts/@thumbs/Triangle1p5_icon0
[LOG 18:15:07.012] Load Cached PNG Texture: SquadExpansion/MakingHistory/Parts/@thumbs/Triangle1p5_icon1
[LOG 18:15:07.012] Load Cached PNG Texture: SquadExpansion/MakingHistory/Parts/@thumbs/Triangle1p5_icon2
[LOG 18:15:07.012] Load Cached PNG Texture: SquadExpansion/MakingHistory/Parts/@thumbs/Triangle1p5_icon3
[LOG 18:15:07.012] Load Cached PNG Texture: SquadExpansion/MakingHistory/Parts/@thumbs/Triangle1_icon0
[LOG 18:15:07.012] Load Cached PNG Texture: SquadExpansion/MakingHistory/Parts/@thumbs/Triangle1_icon1
[LOG 18:15:07.012] Load Cached PNG Texture: SquadExpansion/MakingHistory/Parts/@thumbs/Triangle1_icon2
[LOG 18:15:07.012] Load Cached PNG Texture: SquadExpansion/MakingHistory/Parts/@thumbs/Triangle1_icon3
[LOG 18:15:07.012] Load Cached PNG Texture: SquadExpansion/MakingHistory/Parts/@thumbs/Triangle2_icon0
[LOG 18:15:07.012] Load Cached PNG Texture: SquadExpansion/MakingHistory/Parts/@thumbs/Triangle2_icon1
[LOG 18:15:07.012] Load Cached PNG Texture: SquadExpansion/MakingHistory/Parts/@thumbs/Triangle2_icon2
[LOG 18:15:07.012] Load Cached PNG Texture: SquadExpansion/MakingHistory/Parts/@thumbs/Triangle2_icon3
[LOG 18:15:07.013] Load Cached PNG Texture: SquadExpansion/MakingHistory/Parts/@thumbs/Tube1_icon0
[LOG 18:15:07.013] Load Cached PNG Texture: SquadExpansion/MakingHistory/Parts/@thumbs/Tube1_icon1
[LOG 18:15:07.013] Load Cached PNG Texture: SquadExpansion/MakingHistory/Parts/@thumbs/Tube1_icon2
[LOG 18:15:07.013] Load Cached PNG Texture: SquadExpansion/MakingHistory/Parts/@thumbs/Tube1_icon3
[LOG 18:15:07.013] Load Cached PNG Texture: SquadExpansion/MakingHistory/Parts/@thumbs/Tube1_icon4
[LOG 18:15:07.013] Load Cached PNG Texture: SquadExpansion/MakingHistory/Parts/Aero/protectiveRocketNoseMk5A/s1p5_cone
[LOG 18:15:07.014] Load Cached PNG Texture: SquadExpansion/MakingHistory/Parts/Aero/protectiveRocketNoseMk5A/s1p5_cone_Orange
[LOG 18:15:07.014] Load DDS texture: SquadExpansion/MakingHistory/Parts/Coupling/Assets/airlock
[LOG 18:15:07.014] Load DDS texture: SquadExpansion/MakingHistory/Parts/Coupling/Assets/airlock_N
[LOG 18:15:07.015] Load DDS texture: SquadExpansion/MakingHistory/Parts/Coupling/Assets/EnginePlate
[LOG 18:15:07.015] Load DDS texture: SquadExpansion/MakingHistory/Parts/Coupling/Assets/Size1_5_Decoupler_grey
[LOG 18:15:07.015] Load DDS texture: SquadExpansion/MakingHistory/Parts/Coupling/Assets/Size1_5_Decoupler_orange
[LOG 18:15:07.016] Load DDS texture: SquadExpansion/MakingHistory/Parts/Engine/Assets/KE-1
[LOG 18:15:07.018] Load DDS texture: SquadExpansion/MakingHistory/Parts/Engine/Assets/KE-1_BASE
[LOG 18:15:07.018] Load DDS texture: SquadExpansion/MakingHistory/Parts/Engine/Assets/LV-T87
[LOG 18:15:07.019] Load DDS texture: SquadExpansion/MakingHistory/Parts/Engine/Assets/LV-T91
[LOG 18:15:07.021] Load DDS texture: SquadExpansion/MakingHistory/Parts/Engine/Assets/RE-I2
[LOG 18:15:07.023] Load DDS texture: SquadExpansion/MakingHistory/Parts/Engine/Assets/RE-J10
[LOG 18:15:07.025] Load DDS texture: SquadExpansion/MakingHistory/Parts/Engine/Assets/RE-J10_N
[LOG 18:15:07.026] Load DDS texture: SquadExpansion/MakingHistory/Parts/Engine/Assets/RK-7
[LOG 18:15:07.030] Load DDS texture: SquadExpansion/MakingHistory/Parts/Engine/Assets/RK-7_N
[LOG 18:15:07.031] Load DDS texture: SquadExpansion/MakingHistory/Parts/Engine/solidBoosterTHK/SolidBoosterS2-17_emissive
[LOG 18:15:07.038] Load DDS texture: SquadExpansion/MakingHistory/Parts/Engine/solidBoosterTHK/solidBoosterTHK_diffuse
[LOG 18:15:07.047] Load DDS texture: SquadExpansion/MakingHistory/Parts/FuelTank/Assets/Size1p5_02
[LOG 18:15:07.047] Load DDS texture: SquadExpansion/MakingHistory/Parts/FuelTank/Assets/Size1p5_02_ALT01
[LOG 18:15:07.048] Load DDS texture: SquadExpansion/MakingHistory/Parts/FuelTank/Assets/Size1p5_02_ALT02
[LOG 18:15:07.049] Load DDS texture: SquadExpansion/MakingHistory/Parts/FuelTank/Assets/Size1p5_02_ALT02_normal
[LOG 18:15:07.051] Load DDS texture: SquadExpansion/MakingHistory/Parts/FuelTank/Assets/Size1p5_mono
[LOG 18:15:07.052] Load DDS texture: SquadExpansion/MakingHistory/Parts/FuelTank/Assets/Size1p5_mono_2
[LOG 18:15:07.053] Load DDS texture: SquadExpansion/MakingHistory/Parts/FuelTank/Assets/Size1p5_mono_N
[LOG 18:15:07.055] Load DDS texture: SquadExpansion/MakingHistory/Parts/FuelTank/Assets/Size1_5_TankAdapters
[LOG 18:15:07.055] Load DDS texture: SquadExpansion/MakingHistory/Parts/FuelTank/Assets/Size1_5_TankAdapters_ALT01
[LOG 18:15:07.057] Load DDS texture: SquadExpansion/MakingHistory/Parts/FuelTank/Assets/Size1_5_TankAdapters_ALT02
[LOG 18:15:07.058] Load DDS texture: SquadExpansion/MakingHistory/Parts/FuelTank/Assets/Size1_5_TankAdapters_ALT02nm
[LOG 18:15:07.060] Load DDS texture: SquadExpansion/MakingHistory/Parts/FuelTank/Assets/Size1_5_TankAdapters_N
[LOG 18:15:07.061] Load DDS texture: SquadExpansion/MakingHistory/Parts/FuelTank/Assets/Size1_5_Tanks
[LOG 18:15:07.062] Load DDS texture: SquadExpansion/MakingHistory/Parts/FuelTank/Assets/Size1_5_Tanks_ALT02
[LOG 18:15:07.063] Load DDS texture: SquadExpansion/MakingHistory/Parts/FuelTank/Assets/Size1_5_Tanks_ALT02_nm
[LOG 18:15:07.064] Load DDS texture: SquadExpansion/MakingHistory/Parts/FuelTank/Assets/Size1_5_Tanks_grey
[LOG 18:15:07.065] Load DDS texture: SquadExpansion/MakingHistory/Parts/FuelTank/Assets/Size4_Tanks
[LOG 18:15:07.071] Load DDS texture: SquadExpansion/MakingHistory/Parts/FuelTank/Assets/Size4_Tanks_N
[LOG 18:15:07.077] Load DDS texture: SquadExpansion/MakingHistory/Parts/Ground/Assets/RoverWheel
[LOG 18:15:07.080] Load DDS texture: SquadExpansion/MakingHistory/Parts/Ground/Assets/RoverWheelG
[LOG 18:15:07.080] Load DDS texture: SquadExpansion/MakingHistory/Parts/Payload/Assets/Size1to0ServiceBay
[LOG 18:15:07.081] Load DDS texture: SquadExpansion/MakingHistory/Parts/Payload/Assets/Size1to0ServiceBay_n
[LOG 18:15:07.082] Load DDS texture: SquadExpansion/MakingHistory/Parts/Payload/Assets/SM18_diffuse
[LOG 18:15:07.087] Load Cached PNG Texture: SquadExpansion/MakingHistory/Parts/Payload/Assets/SM18_NRM
[LOG 18:15:07.094] Load DDS texture: SquadExpansion/MakingHistory/Parts/Payload/Assets/SM18_specular
[LOG 18:15:07.099] Load DDS texture: SquadExpansion/MakingHistory/Parts/Payload/Assets/SM25_diffuse
[LOG 18:15:07.101] Load DDS texture: SquadExpansion/MakingHistory/Parts/Payload/Assets/SM25_normals
[LOG 18:15:07.102] Load DDS texture: SquadExpansion/MakingHistory/Parts/Pods/Assets/KV1
[LOG 18:15:07.102] Load DDS texture: SquadExpansion/MakingHistory/Parts/Pods/Assets/KV1_GLOW
[LOG 18:15:07.104] Load DDS texture: SquadExpansion/MakingHistory/Parts/Pods/Assets/KV2
[LOG 18:15:07.104] Load DDS texture: SquadExpansion/MakingHistory/Parts/Pods/Assets/KV3
[LOG 18:15:07.105] Load DDS texture: SquadExpansion/MakingHistory/Parts/Pods/Assets/Mk2Pod
[LOG 18:15:07.107] Load DDS texture: SquadExpansion/MakingHistory/Parts/Pods/Assets/Mk2Pod_GLOW
[LOG 18:15:07.107] Load DDS texture: SquadExpansion/MakingHistory/Parts/Pods/Assets/Mk2Pod_n
[LOG 18:15:07.109] Load DDS texture: SquadExpansion/MakingHistory/Parts/Pods/Assets/Size1_5_Lander
[LOG 18:15:07.110] Load DDS texture: SquadExpansion/MakingHistory/Parts/Pods/Assets/Size1_5_Lander_GLOW
[LOG 18:15:07.110] Load DDS texture: SquadExpansion/MakingHistory/Parts/SharedAssets/Shrouds
[LOG 18:15:07.115] Load DDS texture: SquadExpansion/MakingHistory/Parts/SharedAssets/Shrouds_N
[LOG 18:15:07.115] Load DDS texture: SquadExpansion/MakingHistory/Parts/Structural/Assets/NormalMap
[LOG 18:15:07.119] Load DDS texture: SquadExpansion/MakingHistory/Parts/Structural/Assets/Panels
[LOG 18:15:07.121] Load DDS texture: SquadExpansion/MakingHistory/Parts/Structural/Assets/Panels_Dark_D
[LOG 18:15:07.124] Load DDS texture: SquadExpansion/MakingHistory/Parts/Structural/Assets/Panels_Gold_D
[LOG 18:15:07.127] Load Cached PNG Texture: SquadExpansion/MakingHistory/Parts/Structural/Assets/Panels_Gold_NRM
[LOG 18:15:07.129] Load DDS texture: SquadExpansion/MakingHistory/Parts/Structural/Assets/Panels_Gold_S
[LOG 18:15:07.131] Load DDS texture: SquadExpansion/MakingHistory/Parts/Structural/Assets/Panels_Silver_D
[LOG 18:15:07.134] Load DDS texture: SquadExpansion/MakingHistory/Parts/Structural/Assets/Panels_Silver_S
[LOG 18:15:07.136] Load Cached PNG Texture: SquadExpansion/MakingHistory/Ships/@thumbs/VAB/Acapello
[LOG 18:15:07.136] Load Cached PNG Texture: SquadExpansion/MakingHistory/Ships/@thumbs/VAB/Beta Centaurus
[LOG 18:15:07.137] Load Cached PNG Texture: SquadExpansion/MakingHistory/Ships/@thumbs/VAB/Goliath II HLV
[LOG 18:15:07.137] Load Cached PNG Texture: SquadExpansion/MakingHistory/Ships/@thumbs/VAB/Muna 1
[LOG 18:15:07.137] Load Cached PNG Texture: SquadExpansion/MakingHistory/Ships/@thumbs/VAB/Sally-Hut 1
[LOG 18:15:07.137] Load Cached PNG Texture: SquadExpansion/MakingHistory/Ships/@thumbs/VAB/SWM-94 Communications Satellite
[LOG 18:15:07.137] Load Cached PNG Texture: SquadExpansion/MakingHistory/Ships/@thumbs/VAB/Valshkod 2
[LOG 18:15:07.137] Load DDS texture: SquadExpansion/MakingHistory/Spaces/KVPods/airlock
[LOG 18:15:07.137] Load DDS texture: SquadExpansion/MakingHistory/Spaces/KVPods/airlock_N
[LOG 18:15:07.138] Load DDS texture: SquadExpansion/MakingHistory/Spaces/KVPods/KV1_Props_Diffuse
[LOG 18:15:07.146] Load DDS texture: SquadExpansion/MakingHistory/Spaces/KVPods/KV1_Props_Normal
[LOG 18:15:07.154] Load DDS texture: SquadExpansion/MakingHistory/Spaces/KVPods/KV1_Shell_Diffuse
[LOG 18:15:07.159] Load DDS texture: SquadExpansion/MakingHistory/Spaces/KVPods/KV1_Shell_Emissive
[LOG 18:15:07.162] Load DDS texture: SquadExpansion/MakingHistory/Spaces/KVPods/KV1_Shell_Normal
[LOG 18:15:07.172] Load DDS texture: SquadExpansion/MakingHistory/Spaces/KVPods/KV1_Vzor_Diffuse
[LOG 18:15:07.174] Load DDS texture: SquadExpansion/MakingHistory/Spaces/KVPods/KV2_Props_Diffuse
[LOG 18:15:07.179] Load DDS texture: SquadExpansion/MakingHistory/Spaces/KVPods/KV2_Props_Emissive
[LOG 18:15:07.188] Load DDS texture: SquadExpansion/MakingHistory/Spaces/KVPods/KV2_Props_Normal
[LOG 18:15:07.194] Load DDS texture: SquadExpansion/MakingHistory/Spaces/KVPods/KV2_Shell_Diffuse
[LOG 18:15:07.200] Load DDS texture: SquadExpansion/MakingHistory/Spaces/KVPods/KV2_Shell_Normal
[LOG 18:15:07.207] Load DDS texture: SquadExpansion/MakingHistory/Spaces/KVPods/KV3_Props_Diffuse
[LOG 18:15:07.212] Load DDS texture: SquadExpansion/MakingHistory/Spaces/KVPods/KV3_Props_Normal
[LOG 18:15:07.216] Load DDS texture: SquadExpansion/MakingHistory/Spaces/KVPods/KV3_Shell_Diffuse
[LOG 18:15:07.222] Load DDS texture: SquadExpansion/MakingHistory/Spaces/KVPods/KV3_Shell_Normal
[LOG 18:15:07.226] Load DDS texture: SquadExpansion/MakingHistory/Spaces/KVPods/motor
[LOG 18:15:07.227] Load DDS texture: SquadExpansion/MakingHistory/Spaces/KVPods/pilot Seat
[LOG 18:15:07.228] Load DDS texture: SquadExpansion/MakingHistory/Spaces/MEM/PANELS_AO
[LOG 18:15:07.232] Load DDS texture: SquadExpansion/MakingHistory/Spaces/MEM/PANELS_EMISSIVE
[LOG 18:15:07.236] Load DDS texture: SquadExpansion/MakingHistory/Spaces/MEM/PANELS_NORMAL
[LOG 18:15:07.241] Load DDS texture: SquadExpansion/MakingHistory/Spaces/MEM/pilot Seat
[LOG 18:15:07.243] Load DDS texture: SquadExpansion/MakingHistory/Spaces/MEM/propsGeneric
[LOG 18:15:07.244] Load DDS texture: SquadExpansion/MakingHistory/Spaces/MEM/PROPS_AO
[LOG 18:15:07.249] Load DDS texture: SquadExpansion/MakingHistory/Spaces/MEM/PROPS_EMISSIVE
[LOG 18:15:07.250] Load DDS texture: SquadExpansion/MakingHistory/Spaces/MEM/PROPS_NORMAL
[LOG 18:15:07.261] Load DDS texture: SquadExpansion/MakingHistory/Spaces/Mk2Pod/DIfuse_controlboard
[LOG 18:15:07.267] Load DDS texture: SquadExpansion/MakingHistory/Spaces/Mk2Pod/Normal_controlbard
[LOG 18:15:07.273] Load DDS texture: SquadExpansion/MakingHistory/Spaces/Mk2Pod/Outershell_Base_Color
[LOG 18:15:07.281] Load DDS texture: SquadExpansion/MakingHistory/Spaces/Mk2Pod/Outershell_Normal
[LOG 18:15:07.295] Load DDS texture: SquadExpansion/MakingHistory/Spaces/Mk2Pod/pilot Seat
[LOG 18:15:07.298] Load Cached PNG Texture: SquadExpansion/Serenity/Parts/@thumbs/controller1000_icon
[LOG 18:15:07.299] Load Cached PNG Texture: SquadExpansion/Serenity/Parts/@thumbs/DeployedCentralStation_icon
[LOG 18:15:07.299] Load Cached PNG Texture: SquadExpansion/Serenity/Parts/@thumbs/DeployedGoExOb_icon
[LOG 18:15:07.299] Load Cached PNG Texture: SquadExpansion/Serenity/Parts/@thumbs/DeployedIONExp_icon
[LOG 18:15:07.299] Load Cached PNG Texture: SquadExpansion/Serenity/Parts/@thumbs/DeployedRTG_icon
[LOG 18:15:07.299] Load Cached PNG Texture: SquadExpansion/Serenity/Parts/@thumbs/DeployedSatDish_icon
[LOG 18:15:07.299] Load Cached PNG Texture: SquadExpansion/Serenity/Parts/@thumbs/DeployedSeismicSensor_icon
[LOG 18:15:07.299] Load Cached PNG Texture: SquadExpansion/Serenity/Parts/@thumbs/DeployedSolarPanel_icon
[LOG 18:15:07.299] Load Cached PNG Texture: SquadExpansion/Serenity/Parts/@thumbs/DeployedWeatherStn_icon
[LOG 18:15:07.300] Load Cached PNG Texture: SquadExpansion/Serenity/Parts/@thumbs/FanShroud.01_icon0
[LOG 18:15:07.300] Load Cached PNG Texture: SquadExpansion/Serenity/Parts/@thumbs/FanShroud.01_icon1
[LOG 18:15:07.300] Load Cached PNG Texture: SquadExpansion/Serenity/Parts/@thumbs/FanShroud.02_icon0
[LOG 18:15:07.300] Load Cached PNG Texture: SquadExpansion/Serenity/Parts/@thumbs/FanShroud.02_icon1
[LOG 18:15:07.300] Load Cached PNG Texture: SquadExpansion/Serenity/Parts/@thumbs/hinge.01.s_icon0
[LOG 18:15:07.300] Load Cached PNG Texture: SquadExpansion/Serenity/Parts/@thumbs/hinge.01.s_icon1
[LOG 18:15:07.300] Load Cached PNG Texture: SquadExpansion/Serenity/Parts/@thumbs/hinge.01_icon0
[LOG 18:15:07.300] Load Cached PNG Texture: SquadExpansion/Serenity/Parts/@thumbs/hinge.01_icon1
[LOG 18:15:07.300] Load Cached PNG Texture: SquadExpansion/Serenity/Parts/@thumbs/hinge.03.s_icon0
[LOG 18:15:07.300] Load Cached PNG Texture: SquadExpansion/Serenity/Parts/@thumbs/hinge.03.s_icon1
[LOG 18:15:07.301] Load Cached PNG Texture: SquadExpansion/Serenity/Parts/@thumbs/hinge.03_icon0
[LOG 18:15:07.301] Load Cached PNG Texture: SquadExpansion/Serenity/Parts/@thumbs/hinge.03_icon1
[LOG 18:15:07.301] Load Cached PNG Texture: SquadExpansion/Serenity/Parts/@thumbs/largeFanBlade_icon0
[LOG 18:15:07.301] Load Cached PNG Texture: SquadExpansion/Serenity/Parts/@thumbs/largeFanBlade_icon1
[LOG 18:15:07.301] Load Cached PNG Texture: SquadExpansion/Serenity/Parts/@thumbs/largePropeller_icon0
[LOG 18:15:07.301] Load Cached PNG Texture: SquadExpansion/Serenity/Parts/@thumbs/largePropeller_icon1
[LOG 18:15:07.301] Load Cached PNG Texture: SquadExpansion/Serenity/Parts/@thumbs/lGripPad_icon0
[LOG 18:15:07.301] Load Cached PNG Texture: SquadExpansion/Serenity/Parts/@thumbs/lGripPad_icon1
[LOG 18:15:07.302] Load Cached PNG Texture: SquadExpansion/Serenity/Parts/@thumbs/lGripStrip_icon
[LOG 18:15:07.302] Load Cached PNG Texture: SquadExpansion/Serenity/Parts/@thumbs/mediumFanBlade_icon0
[LOG 18:15:07.302] Load Cached PNG Texture: SquadExpansion/Serenity/Parts/@thumbs/mediumFanBlade_icon1
[LOG 18:15:07.302] Load Cached PNG Texture: SquadExpansion/Serenity/Parts/@thumbs/mediumPropeller_icon0
[LOG 18:15:07.302] Load Cached PNG Texture: SquadExpansion/Serenity/Parts/@thumbs/mediumPropeller_icon1
[LOG 18:15:07.302] Load Cached PNG Texture: SquadExpansion/Serenity/Parts/@thumbs/mGripPad_icon0
[LOG 18:15:07.302] Load Cached PNG Texture: SquadExpansion/Serenity/Parts/@thumbs/mGripPad_icon1
[LOG 18:15:07.303] Load Cached PNG Texture: SquadExpansion/Serenity/Parts/@thumbs/noseconeTiny_icon
[LOG 18:15:07.303] Load Cached PNG Texture: SquadExpansion/Serenity/Parts/@thumbs/noseconeVS_icon
[LOG 18:15:07.303] Load Cached PNG Texture: SquadExpansion/Serenity/Parts/@thumbs/piston.01_icon0
[LOG 18:15:07.303] Load Cached PNG Texture: SquadExpansion/Serenity/Parts/@thumbs/piston.01_icon1
[LOG 18:15:07.303] Load Cached PNG Texture: SquadExpansion/Serenity/Parts/@thumbs/piston.02_icon0
[LOG 18:15:07.303] Load Cached PNG Texture: SquadExpansion/Serenity/Parts/@thumbs/piston.02_icon1
[LOG 18:15:07.303] Load Cached PNG Texture: SquadExpansion/Serenity/Parts/@thumbs/piston.03_icon0
[LOG 18:15:07.304] Load Cached PNG Texture: SquadExpansion/Serenity/Parts/@thumbs/piston.03_icon1
[LOG 18:15:07.304] Load Cached PNG Texture: SquadExpansion/Serenity/Parts/@thumbs/piston.04_icon0
[LOG 18:15:07.304] Load Cached PNG Texture: SquadExpansion/Serenity/Parts/@thumbs/piston.04_icon1
[LOG 18:15:07.304] Load Cached PNG Texture: SquadExpansion/Serenity/Parts/@thumbs/RobotArmScanner.S1_icon
[LOG 18:15:07.304] Load Cached PNG Texture: SquadExpansion/Serenity/Parts/@thumbs/RobotArmScanner.S2_icon
[LOG 18:15:07.304] Load Cached PNG Texture: SquadExpansion/Serenity/Parts/@thumbs/RobotArmScanner.S3_icon
[LOG 18:15:07.305] Load Cached PNG Texture: SquadExpansion/Serenity/Parts/@thumbs/rotor.01s_icon0
[LOG 18:15:07.305] Load Cached PNG Texture: SquadExpansion/Serenity/Parts/@thumbs/rotor.01s_icon1
[LOG 18:15:07.305] Load Cached PNG Texture: SquadExpansion/Serenity/Parts/@thumbs/rotor.01_icon0
[LOG 18:15:07.305] Load Cached PNG Texture: SquadExpansion/Serenity/Parts/@thumbs/rotor.01_icon1
[LOG 18:15:07.305] Load Cached PNG Texture: SquadExpansion/Serenity/Parts/@thumbs/rotor.02s_icon0
[LOG 18:15:07.305] Load Cached PNG Texture: SquadExpansion/Serenity/Parts/@thumbs/rotor.02s_icon1
[LOG 18:15:07.305] Load Cached PNG Texture: SquadExpansion/Serenity/Parts/@thumbs/rotor.02_icon0
[LOG 18:15:07.305] Load Cached PNG Texture: SquadExpansion/Serenity/Parts/@thumbs/rotor.02_icon1
[LOG 18:15:07.305] Load Cached PNG Texture: SquadExpansion/Serenity/Parts/@thumbs/RotorEngine.02_icon
[LOG 18:15:07.306] Load Cached PNG Texture: SquadExpansion/Serenity/Parts/@thumbs/rotoServo.00_icon0
[LOG 18:15:07.306] Load Cached PNG Texture: SquadExpansion/Serenity/Parts/@thumbs/rotoServo.00_icon1
[LOG 18:15:07.306] Load Cached PNG Texture: SquadExpansion/Serenity/Parts/@thumbs/rotoServo.02_icon0
[LOG 18:15:07.306] Load Cached PNG Texture: SquadExpansion/Serenity/Parts/@thumbs/rotoServo.02_icon1
[LOG 18:15:07.306] Load Cached PNG Texture: SquadExpansion/Serenity/Parts/@thumbs/rotoServo.03_icon0
[LOG 18:15:07.306] Load Cached PNG Texture: SquadExpansion/Serenity/Parts/@thumbs/rotoServo.03_icon1
[LOG 18:15:07.306] Load Cached PNG Texture: SquadExpansion/Serenity/Parts/@thumbs/sGripPad_icon0
[LOG 18:15:07.306] Load Cached PNG Texture: SquadExpansion/Serenity/Parts/@thumbs/sGripPad_icon1
[LOG 18:15:07.306] Load Cached PNG Texture: SquadExpansion/Serenity/Parts/@thumbs/sGripStrip_icon
[LOG 18:15:07.307] Load Cached PNG Texture: SquadExpansion/Serenity/Parts/@thumbs/smallFanBlade_icon0
[LOG 18:15:07.307] Load Cached PNG Texture: SquadExpansion/Serenity/Parts/@thumbs/smallFanBlade_icon1
[LOG 18:15:07.307] Load Cached PNG Texture: SquadExpansion/Serenity/Parts/@thumbs/smallHeliBlade_icon0
[LOG 18:15:07.307] Load Cached PNG Texture: SquadExpansion/Serenity/Parts/@thumbs/smallHeliBlade_icon1
[LOG 18:15:07.307] Load Cached PNG Texture: SquadExpansion/Serenity/Parts/@thumbs/smallPropeller_icon0
[LOG 18:15:07.307] Load Cached PNG Texture: SquadExpansion/Serenity/Parts/@thumbs/smallPropeller_icon1
[LOG 18:15:07.307] Load DDS texture: SquadExpansion/Serenity/Parts/Aero/Assets/copterBlades_diffuse
[LOG 18:15:07.307] Load DDS texture: SquadExpansion/Serenity/Parts/Aero/Assets/shroudsDiffuse_color
[LOG 18:15:07.308] Load DDS texture: SquadExpansion/Serenity/Parts/Aero/Assets/shroudsDiffuse_plain
[LOG 18:15:07.308] Load Cached PNG Texture: SquadExpansion/Serenity/Parts/DeployedScience/MockupTexture
[LOG 18:15:07.308] Load DDS texture: SquadExpansion/Serenity/Parts/DeployedScience/Assets/centralStation_diffuse
[LOG 18:15:07.309] Load DDS texture: SquadExpansion/Serenity/Parts/DeployedScience/Assets/centralStation_emissive
[LOG 18:15:07.335] Load DDS texture: SquadExpansion/Serenity/Parts/DeployedScience/Assets/GenericParts_diffuse
[LOG 18:15:07.336] Load DDS texture: SquadExpansion/Serenity/Parts/DeployedScience/Assets/GenericParts_emissive
[LOG 18:15:07.336] Load DDS texture: SquadExpansion/Serenity/Parts/DeployedScience/Assets/GenericParts_normal
[LOG 18:15:07.340] Load DDS texture: SquadExpansion/Serenity/Parts/DeployedScience/Assets/goex_diffuse
[LOG 18:15:07.343] Load DDS texture: SquadExpansion/Serenity/Parts/DeployedScience/Assets/goex_specMapped
[LOG 18:15:07.345] Load DDS texture: SquadExpansion/Serenity/Parts/DeployedScience/Assets/Grid
[LOG 18:15:07.346] Load DDS texture: SquadExpansion/Serenity/Parts/DeployedScience/Assets/IonExperiment_diffuse
[LOG 18:15:07.346] Load DDS texture: SquadExpansion/Serenity/Parts/DeployedScience/Assets/RTGCask_diffuse
[LOG 18:15:07.347] Load DDS texture: SquadExpansion/Serenity/Parts/DeployedScience/Assets/satDish_diffuse
[LOG 18:15:07.348] Load Cached PNG Texture: SquadExpansion/Serenity/Parts/DeployedScience/Assets/Scratch
[LOG 18:15:07.349] Load DDS texture: SquadExpansion/Serenity/Parts/DeployedScience/Assets/Screen2
[LOG 18:15:07.349] Load DDS texture: SquadExpansion/Serenity/Parts/DeployedScience/Assets/Screen3
[LOG 18:15:07.349] Load DDS texture: SquadExpansion/Serenity/Parts/DeployedScience/Assets/ScreenReadout
[LOG 18:15:07.349] Load DDS texture: SquadExpansion/Serenity/Parts/DeployedScience/Assets/seismicSensor_diffuse
[LOG 18:15:07.349] Load DDS texture: SquadExpansion/Serenity/Parts/DeployedScience/Assets/seismicSensor_nrm
[LOG 18:15:07.350] Load DDS texture: SquadExpansion/Serenity/Parts/DeployedScience/Assets/seismicSensor_specularMapped
[LOG 18:15:07.352] Load DDS texture: SquadExpansion/Serenity/Parts/DeployedScience/Assets/SolarGraph
[LOG 18:15:07.352] Load DDS texture: SquadExpansion/Serenity/Parts/DeployedScience/Assets/solarPanel_diffuse
[LOG 18:15:07.354] Load DDS texture: SquadExpansion/Serenity/Parts/DeployedScience/Assets/Waveleght3
[LOG 18:15:07.354] Load DDS texture: SquadExpansion/Serenity/Parts/DeployedScience/Assets/Wavelenght
[LOG 18:15:07.354] Load DDS texture: SquadExpansion/Serenity/Parts/DeployedScience/Assets/Wavelenght2
[LOG 18:15:07.354] Load DDS texture: SquadExpansion/Serenity/Parts/DeployedScience/Assets/wavelenght4
[LOG 18:15:07.354] Load DDS texture: SquadExpansion/Serenity/Parts/DeployedScience/Assets/wavelenght5
[LOG 18:15:07.355] Load DDS texture: SquadExpansion/Serenity/Parts/DeployedScience/Assets/WeatherStation [Normal]
[LOG 18:15:07.380] Load DDS texture: SquadExpansion/Serenity/Parts/DeployedScience/Assets/Weather_Station_diffuse
[LOG 18:15:07.387] Load DDS texture: SquadExpansion/Serenity/Parts/DeployedScience/Assets/Weather_Station_normal
[LOG 18:15:07.393] Load DDS texture: SquadExpansion/Serenity/Parts/Propellers/Assets/blade_diffuse
[LOG 18:15:07.394] Load DDS texture: SquadExpansion/Serenity/Parts/Propellers/Assets/copterBlades_diffuse
[LOG 18:15:07.395] Load DDS texture: SquadExpansion/Serenity/Parts/Propellers/Assets/fan_diffuse
[LOG 18:15:07.395] Load DDS texture: SquadExpansion/Serenity/Parts/Robotics/Assets/hinges-03-s_diffuse_Color
[LOG 18:15:07.395] Load DDS texture: SquadExpansion/Serenity/Parts/Robotics/Assets/hinges-03_diffuse_color
[LOG 18:15:07.396] Load DDS texture: SquadExpansion/Serenity/Parts/Robotics/Assets/hinges-03_diffuse_plain
[LOG 18:15:07.397] Load DDS texture: SquadExpansion/Serenity/Parts/Robotics/Assets/hinges_diffuse
[LOG 18:15:07.397] Load DDS texture: SquadExpansion/Serenity/Parts/Robotics/Assets/Hinge_diffuse_G-00_Color
[LOG 18:15:07.397] Load DDS texture: SquadExpansion/Serenity/Parts/Robotics/Assets/Hinge_diffuse_G-11_Color
[LOG 18:15:07.397] Load DDS texture: SquadExpansion/Serenity/Parts/Robotics/Assets/Hinge_diffuse_G-11_plain
[LOG 18:15:07.397] Load DDS texture: SquadExpansion/Serenity/Parts/Robotics/Assets/Hinge_normal
[LOG 18:15:07.398] Load DDS texture: SquadExpansion/Serenity/Parts/Robotics/Assets/RotorEngine_02_diffuse
[LOG 18:15:07.398] Load DDS texture: SquadExpansion/Serenity/Parts/Robotics/Assets/RotorEngine_03_diffuse
[LOG 18:15:07.399] Load DDS texture: SquadExpansion/Serenity/Parts/Robotics/Assets/RotorEngine_03_normal
[LOG 18:15:07.400] Load DDS texture: SquadExpansion/Serenity/Parts/Robotics/Assets/Rotor_01_diffuse_color
[LOG 18:15:07.400] Load DDS texture: SquadExpansion/Serenity/Parts/Robotics/Assets/Rotor_01_diffuse_plain
[LOG 18:15:07.401] Load DDS texture: SquadExpansion/Serenity/Parts/Robotics/Assets/Rotor_01_normal
[LOG 18:15:07.401] Load DDS texture: SquadExpansion/Serenity/Parts/Robotics/Assets/Rotor_01_specular_D
[LOG 18:15:07.401] Load DDS texture: SquadExpansion/Serenity/Parts/Robotics/Assets/Rotor_02_diffuse_color
[LOG 18:15:07.402] Load DDS texture: SquadExpansion/Serenity/Parts/Robotics/Assets/Rotor_03_diffuse_color
[LOG 18:15:07.403] Load DDS texture: SquadExpansion/Serenity/Parts/Robotics/Assets/Rotor_03_diffuse_plain
[LOG 18:15:07.403] Load DDS texture: SquadExpansion/Serenity/Parts/Robotics/Assets/Rotor_03_normal
[LOG 18:15:07.404] Load DDS texture: SquadExpansion/Serenity/Parts/Robotics/Assets/rotoServos_diffuse_color
[LOG 18:15:07.405] Load DDS texture: SquadExpansion/Serenity/Parts/Robotics/Assets/rotoServos_diffuse_plain
[LOG 18:15:07.406] Load DDS texture: SquadExpansion/Serenity/Parts/Robotics/Assets/rotoServos_nrm
[LOG 18:15:07.407] Load DDS texture: SquadExpansion/Serenity/Parts/Robotics/Controllers/roboController_diffuse
[LOG 18:15:07.408] Load DDS texture: SquadExpansion/Serenity/Parts/Robotics/Controllers/roboController_emissive
[LOG 18:15:07.408] Load Cached PNG Texture: SquadExpansion/Serenity/Parts/Science/RobotArmScanner/Assets/DrillBits
[LOG 18:15:07.408] Load DDS texture: SquadExpansion/Serenity/Parts/Science/RobotArmScanner/Assets/DustParticle
[WRN 18:15:07.408] Duplicate PNG texture 'SquadExpansion/Serenity/Parts/Science/RobotArmScanner/Assets/DustParticle' with extension 'png' won't be loaded
[LOG 18:15:07.408] Load DDS texture: SquadExpansion/Serenity/Parts/Science/RobotArmScanner/Assets/GenericParts_diffuse
[LOG 18:15:07.416] Load DDS texture: SquadExpansion/Serenity/Parts/Science/RobotArmScanner/Assets/GenericParts_normal
[LOG 18:15:07.421] Load DDS texture: SquadExpansion/Serenity/Parts/Science/RobotArmScanner/Assets/ROCArm3_diffuse
[LOG 18:15:07.427] Load DDS texture: SquadExpansion/Serenity/Parts/Science/RobotArmScanner/Assets/ROCArm3_normal
[LOG 18:15:07.433] Load DDS texture: SquadExpansion/Serenity/Parts/Science/RobotArmScanner/Assets/ROCArm_2_diffuse
[LOG 18:15:07.436] Load DDS texture: SquadExpansion/Serenity/Parts/Science/RobotArmScanner/Assets/ROCArm_2_normal
[LOG 18:15:07.439] Load Cached PNG Texture: SquadExpansion/Serenity/Parts/Science/RobotArmScanner/Assets/Scratch
[LOG 18:15:07.440] Load DDS texture: SquadExpansion/Serenity/Parts/Science/RobotArmScanner/Assets/SmallArm_diffuse
[LOG 18:15:07.441] Load DDS texture: SquadExpansion/Serenity/Parts/Science/RobotArmScanner/Assets/SmallArm_normal
[LOG 18:15:07.442] Load DDS texture: SquadExpansion/Serenity/Parts/Structural/gripPads/Assets/gripPads_diffuse
[LOG 18:15:07.443] Load DDS texture: SquadExpansion/Serenity/Parts/Structural/gripPads/Assets/gripPads_nrm
[LOG 18:15:07.444] Load Cached PNG Texture: SquadExpansion/Serenity/Ships/@thumbs/SPH/Arrow-E
[LOG 18:15:07.444] Load Cached PNG Texture: SquadExpansion/Serenity/Ships/@thumbs/SPH/Butterfly Rover
[LOG 18:15:07.445] Load Cached PNG Texture: SquadExpansion/Serenity/Ships/@thumbs/SPH/Jeb_s Quadtaxi
[LOG 18:15:07.445] Load Cached PNG Texture: SquadExpansion/Serenity/Ships/@thumbs/SPH/Kerbodyne Rotodyne
[LOG 18:15:07.445] Load Cached PNG Texture: SquadExpansion/Serenity/Ships/@thumbs/SPH/Seahawk
[LOG 18:15:07.445] Load Cached PNG Texture: SquadExpansion/Serenity/Ships/@thumbs/SPH/Val-Thopter
[LOG 18:15:07.447] Load MU model: Squad/FX/afterburner_flame
[LOG 18:15:07.457] Load MU model: Squad/FX/afterburner_shock
[LOG 18:15:07.458] Load MU model: Squad/FX/diamondBlue
[LOG 18:15:07.458] Load MU model: Squad/FX/exhaustFlames_blue
[LOG 18:15:07.581] Load MU model: Squad/FX/hydroLOXFlame
[LOG 18:15:07.582] Load MU model: Squad/FX/IonPlume
[LOG 18:15:07.582] Load MU model: Squad/FX/ks1_Exhaust
[LOG 18:15:07.583] Load MU model: Squad/FX/ks25_Exhaust
[LOG 18:15:07.583] Load MU model: Squad/FX/ksX_Exhaust
[LOG 18:15:07.583] Load MU model: Squad/FX/LES_Thruster
[LOG 18:15:07.584] Load MU model: Squad/FX/Monoprop_big
[LOG 18:15:07.584] Load MU model: Squad/FX/Monoprop_medium
[LOG 18:15:07.584] Load MU model: Squad/FX/Monoprop_small
[LOG 18:15:07.585] Load MU model: Squad/FX/shockExhaust_blue
[LOG 18:15:07.585] Load MU model: Squad/FX/shockExhaust_blue_small
[LOG 18:15:07.586] Load MU model: Squad/FX/shockExhaust_red_small
[LOG 18:15:07.586] Load MU model: Squad/FX/SRB_Large
[LOG 18:15:07.586] Load MU model: Squad/FX/SRB_LargeSparks
[LOG 18:15:07.587] Load MU model: Squad/Parts/Aero/aerodynamicNoseCone/aerodynamicNoseCone
[LOG 18:15:07.590] Load MU model: Squad/Parts/Aero/airbrake/Airbrake
[LOG 18:15:07.590] Load MU model: Squad/Parts/Aero/airIntakeRadialXM-G50/RadialIntake
[LOG 18:15:07.590] Load MU model: Squad/Parts/Aero/airlinerWings/ControlSurface
[LOG 18:15:07.590] Load MU model: Squad/Parts/Aero/airlinerWings/MainWing
[LOG 18:15:07.593] Load MU model: Squad/Parts/Aero/airlinerWings/TailFin
[LOG 18:15:07.595] Load MU model: Squad/Parts/Aero/airplaneFins/AdvCanard
[LOG 18:15:07.595] Load MU model: Squad/Parts/Aero/airplaneFins/Canard
[LOG 18:15:07.595] Load MU model: Squad/Parts/Aero/airplaneFins/Swept
[LOG 18:15:07.595] Load MU model: Squad/Parts/Aero/airplaneFins/TailFin
[LOG 18:15:07.596] Load MU model: Squad/Parts/Aero/basicFin/basicFin
[LOG 18:15:07.600] Load MU model: Squad/Parts/Aero/circularIntake/CircularIntake
[LOG 18:15:07.601] Load MU model: Squad/Parts/Aero/circularIntake/ConeIntake
[LOG 18:15:07.605] Load MU model: Squad/Parts/Aero/cones/Assets/AvioCone
[LOG 18:15:07.605] Load MU model: Squad/Parts/Aero/cones/Assets/ConeA
[LOG 18:15:07.606] Load MU model: Squad/Parts/Aero/cones/Assets/ConeB
[LOG 18:15:07.606] Load MU model: Squad/Parts/Aero/cones/Assets/NCS
[LOG 18:15:07.606] Load MU model: Squad/Parts/Aero/cones/Assets/orangeNoseCone
[LOG 18:15:07.607] Load MU model: Squad/Parts/Aero/cones/Assets/rocketNoseCone
[LOG 18:15:07.607] Load MU model: Squad/Parts/Aero/cones/Assets/rocketNoseCone_v2
[LOG 18:15:07.608] Load MU model: Squad/Parts/Aero/cones/Assets/rocketNoseCone_v3
[LOG 18:15:07.608] Load MU model: Squad/Parts/Aero/cones/Assets/TailA
[LOG 18:15:07.609] Load MU model: Squad/Parts/Aero/cones/Assets/TailB
[LOG 18:15:07.612] Load MU model: Squad/Parts/Aero/cones/Assets/TinyCone
[LOG 18:15:07.612] Load MU model: Squad/Parts/Aero/fairings/AutoTruss
[LOG 18:15:07.612] Load MU model: Squad/Parts/Aero/fairings/fairingSize1
[LOG 18:15:07.613] Load MU model: Squad/Parts/Aero/fairings/fairingSize2
[LOG 18:15:07.613] Load MU model: Squad/Parts/Aero/fairings/fairingSize3
[LOG 18:15:07.620] Load MU model: Squad/Parts/Aero/HeatShield/HeatShield0
[LOG 18:15:07.622] Load MU model: Squad/Parts/Aero/HeatShield/HeatShield1
[LOG 18:15:07.622] Load MU model: Squad/Parts/Aero/HeatShield/HeatShield2
[LOG 18:15:07.625] Load MU model: Squad/Parts/Aero/HeatShield/HeatShield3
[LOG 18:15:07.625] Load MU model: Squad/Parts/Aero/InflatableHeatShield/HeatShield
[LOG 18:15:07.627] Load MU model: Squad/Parts/Aero/intakeRadialLong/IntakeRadial
[LOG 18:15:07.627] Load MU model: Squad/Parts/Aero/miniIntake/SmallIntake
[LOG 18:15:07.628] Load MU model: Squad/Parts/Aero/ramAirIntake/RampIntake
[LOG 18:15:07.628] Load MU model: Squad/Parts/Aero/shuttleWings/ShuttleDeltaWing
[LOG 18:15:07.628] Load MU model: Squad/Parts/Aero/shuttleWings/ShuttleElevonA
[LOG 18:15:07.629] Load MU model: Squad/Parts/Aero/shuttleWings/ShuttleElevonB
[LOG 18:15:07.629] Load MU model: Squad/Parts/Aero/shuttleWings/ShuttleRudder
[LOG 18:15:07.629] Load MU model: Squad/Parts/Aero/shuttleWings/ShuttleStrake
[LOG 18:15:07.629] Load MU model: Squad/Parts/Aero/wingletAV-R8/model
[LOG 18:15:07.630] Load MU model: Squad/Parts/Aero/wingletAV-T1/model
[LOG 18:15:07.632] Load MU model: Squad/Parts/Aero/wingletDeltaDeluxe/model
[LOG 18:15:07.632] Load MU model: Squad/Parts/Aero/wings/connector1
[LOG 18:15:07.632] Load MU model: Squad/Parts/Aero/wings/connector2
[LOG 18:15:07.632] Load MU model: Squad/Parts/Aero/wings/connector3
[LOG 18:15:07.632] Load MU model: Squad/Parts/Aero/wings/connector4
[LOG 18:15:07.632] Load MU model: Squad/Parts/Aero/wings/connector5
[LOG 18:15:07.633] Load MU model: Squad/Parts/Aero/wings/delta
[LOG 18:15:07.633] Load MU model: Squad/Parts/Aero/wings/delta_small
[LOG 18:15:07.633] Load MU model: Squad/Parts/Aero/wings/elevon1
[LOG 18:15:07.633] Load MU model: Squad/Parts/Aero/wings/elevon2
[LOG 18:15:07.633] Load MU model: Squad/Parts/Aero/wings/elevon3
[LOG 18:15:07.633] Load MU model: Squad/Parts/Aero/wings/elevon4
[LOG 18:15:07.634] Load MU model: Squad/Parts/Aero/wings/elevon5
[LOG 18:15:07.634] Load MU model: Squad/Parts/Aero/wings/strake
[LOG 18:15:07.634] Load MU model: Squad/Parts/Aero/wings/structural1
[LOG 18:15:07.634] Load MU model: Squad/Parts/Aero/wings/structural2
[LOG 18:15:07.634] Load MU model: Squad/Parts/Aero/wings/structural3
[LOG 18:15:07.634] Load MU model: Squad/Parts/Aero/wings/structural4
[LOG 18:15:07.635] Load MU model: Squad/Parts/Aero/wings/swept1
[LOG 18:15:07.635] Load MU model: Squad/Parts/Aero/wings/swept2
[LOG 18:15:07.635] Load MU model: Squad/Parts/Cargo/CargoContainers/cargoContainer
[LOG 18:15:07.635] Load MU model: Squad/Parts/Cargo/CargoContainers/smallCargoContainer
[LOG 18:15:07.635] Load MU model: Squad/Parts/Cargo/Cylinder/EVAcylinder
[LOG 18:15:07.636] Load MU model: Squad/Parts/Cargo/GroundAnchor/groundAnchor
[LOG 18:15:07.636] Load MU model: Squad/Parts/Cargo/Jetpack/Jetpack
[LOG 18:15:07.637] Load MU model: Squad/Parts/Cargo/Parachute/Parachute
[LOG 18:15:07.637] Load MU model: Squad/Parts/Cargo/RepairKit/RepairKit
[LOG 18:15:07.658] Load MU model: Squad/Parts/Cargo/ScienceKit/ExperimentKit
[LOG 18:15:07.660] Load MU model: Squad/Parts/Cargo/StorageUnits/Assets/CargoStorageUnit
[LOG 18:15:07.660] Load MU model: Squad/Parts/Cargo/StorageUnits/Assets/ConformalStorageUnit
[LOG 18:15:07.660] Load MU model: Squad/Parts/Command/advancedSasModuleLarge/model
[LOG 18:15:07.661] Load MU model: Squad/Parts/Command/cupola/model
[LOG 18:15:07.662] Load MU model: Squad/Parts/Command/externalCommandSeat/model
[LOG 18:15:07.662] Load MU model: Squad/Parts/Command/hitchhikerStorageContainer/model
[LOG 18:15:07.663] Load MU model: Squad/Parts/Command/inlineAdvancedStabilizer/model
[LOG 18:15:07.663] Load MU model: Squad/Parts/Command/inlineReactionWheel/model
[LOG 18:15:07.663] Load MU model: Squad/Parts/Command/Mk1-3Pod/Mk1-3
[LOG 18:15:07.664] Load MU model: Squad/Parts/Command/mk1Cockpits/Cabin
[LOG 18:15:07.664] Load MU model: Squad/Parts/Command/mk1Cockpits/CockpitInline
[LOG 18:15:07.665] Load MU model: Squad/Parts/Command/mk1Cockpits/CockpitStandard
[LOG 18:15:07.683] Load MU model: Squad/Parts/Command/mk1LanderCan/model
[LOG 18:15:07.684] Load MU model: Squad/Parts/Command/mk1pod_v2/Mk1Pod_v2
[LOG 18:15:07.684] Load MU model: Squad/Parts/Command/mk2CockpitInline/model
[LOG 18:15:07.685] Load MU model: Squad/Parts/Command/mk2CockpitStandard/model
[LOG 18:15:07.685] Load MU model: Squad/Parts/Command/mk2DroneCore/model
[LOG 18:15:07.686] Load MU model: Squad/Parts/Command/mk2LanderCan/model
[LOG 18:15:07.686] Load MU model: Squad/Parts/Command/mk2LanderCan_v2/mk2LanderCan
[LOG 18:15:07.687] Load MU model: Squad/Parts/Command/mk3CockpitShuttle/model
[LOG 18:15:07.688] Load MU model: Squad/Parts/Command/MpoProbe/MpoProbe
[LOG 18:15:07.688] Load MU model: Squad/Parts/Command/MtmStage/MTM_Stage
[LOG 18:15:07.689] Load MU model: Squad/Parts/Command/probeCoreCube/probeCoreCube
[LOG 18:15:07.689] Load MU model: Squad/Parts/Command/probeCoreHex/model
[LOG 18:15:07.693] Load MU model: Squad/Parts/Command/probeCoreHex_v2/model
[LOG 18:15:07.694] Load MU model: Squad/Parts/Command/probeCoreOcto2_v2/probeCoreOcto2_v2
[LOG 18:15:07.694] Load MU model: Squad/Parts/Command/probeCoreOcto_v2/probeCoreOcto_v2
[LOG 18:15:07.695] Load MU model: Squad/Parts/Command/probeRoverBody/model
[LOG 18:15:07.695] Load MU model: Squad/Parts/Command/probeRoverBody_v2/probeRoverBody_v2
[LOG 18:15:07.695] Load MU model: Squad/Parts/Command/probeStackLarge/model
[LOG 18:15:07.695] Load MU model: Squad/Parts/Command/probeStackSmall/model
[LOG 18:15:07.699] Load MU model: Squad/Parts/Command/probeStackSphere_v2/probeStackSphere_v2
[LOG 18:15:07.699] Load MU model: Squad/Parts/CompoundParts/FuelLine/model
[LOG 18:15:07.699] Load MU model: Squad/Parts/CompoundParts/strutConnector/model
[LOG 18:15:07.699] Load MU model: Squad/Parts/Coupling/Assets/Decoupler_0
[LOG 18:15:07.700] Load MU model: Squad/Parts/Coupling/Assets/Decoupler_1
[LOG 18:15:07.700] Load MU model: Squad/Parts/Coupling/Assets/Decoupler_1p5
[LOG 18:15:07.701] Load MU model: Squad/Parts/Coupling/Assets/Decoupler_2
[LOG 18:15:07.701] Load MU model: Squad/Parts/Coupling/Assets/Decoupler_3
[LOG 18:15:07.702] Load MU model: Squad/Parts/Coupling/Assets/Decoupler_4
[LOG 18:15:07.702] Load MU model: Squad/Parts/Coupling/Assets/Separator_0
[LOG 18:15:07.702] Load MU model: Squad/Parts/Coupling/Assets/Separator_1
[LOG 18:15:07.703] Load MU model: Squad/Parts/Coupling/Assets/Separator_1p5
[LOG 18:15:07.703] Load MU model: Squad/Parts/Coupling/Assets/Separator_2
[LOG 18:15:07.703] Load MU model: Squad/Parts/Coupling/Assets/Separator_3
[LOG 18:15:07.704] Load MU model: Squad/Parts/Coupling/Assets/Separator_4
[LOG 18:15:07.704] Load MU model: Squad/Parts/Electrical/10CSolarPanels/assets/OX-10C
[LOG 18:15:07.706] Load MU model: Squad/Parts/Electrical/10CSolarPanels/assets/SP-10C
[LOG 18:15:07.708] Load MU model: Squad/Parts/Electrical/10LSolarPanels/assets/OX-10L
[LOG 18:15:07.711] Load MU model: Squad/Parts/Electrical/10LSolarPanels/assets/SP-10L
[LOG 18:15:07.712] Load MU model: Squad/Parts/Electrical/1x6ShroudSolarPanels/model
[LOG 18:15:07.712] Load MU model: Squad/Parts/Electrical/1x6SolarPanels/model
[LOG 18:15:07.713] Load MU model: Squad/Parts/Electrical/3x2ShroudSolarPanels/model
[LOG 18:15:07.714] Load MU model: Squad/Parts/Electrical/3x2SolarPanels/model
[LOG 18:15:07.714] Load MU model: Squad/Parts/Electrical/gigantorXlSolarArray/model
[LOG 18:15:07.715] Load MU model: Squad/Parts/Electrical/radialFlatSolarPanel/model
[LOG 18:15:07.715] Load MU model: Squad/Parts/Electrical/RTG/model
[LOG 18:15:07.715] Load MU model: Squad/Parts/Electrical/z-100Battery/model
[LOG 18:15:07.715] Load MU model: Squad/Parts/Electrical/z-1kBattery/model
[LOG 18:15:07.716] Load MU model: Squad/Parts/Electrical/z-200Battery/model
[LOG 18:15:07.716] Load MU model: Squad/Parts/Electrical/z-400Battery/model
[LOG 18:15:07.716] Load MU model: Squad/Parts/Electrical/z-4kBattery/model
[LOG 18:15:07.716] Load MU model: Squad/Parts/Engine/ionEngine/model
[LOG 18:15:07.717] Load MU model: Squad/Parts/Engine/jetEngines/turbineInside
[LOG 18:15:07.717] Load MU model: Squad/Parts/Engine/jetEngines/turboFanSize1
[LOG 18:15:07.717] Load MU model: Squad/Parts/Engine/jetEngines/turboFanSize2
[LOG 18:15:07.718] Load MU model: Squad/Parts/Engine/jetEngines/turboJet
[LOG 18:15:07.719] Load MU model: Squad/Parts/Engine/jetEngines/turboRamJet
[LOG 18:15:07.720] Load MU model: Squad/Parts/Engine/liquidEngine24-77/model
[LOG 18:15:07.720] Load MU model: Squad/Parts/Engine/liquidEngine24-77_v2/Twitch_v2
[LOG 18:15:07.724] Load MU model: Squad/Parts/Engine/liquidEngine48-7S_v2/SparkV2
[LOG 18:15:07.727] Load MU model: Squad/Parts/Engine/liquidEngineAerospike/AeroSpike
[LOG 18:15:07.734] Load MU model: Squad/Parts/Engine/liquidEngineLV-1_v2/Assets/Ant
[LOG 18:15:07.735] Load MU model: Squad/Parts/Engine/liquidEngineLV-1_v2/Assets/Spider
[LOG 18:15:07.736] Load MU model: Squad/Parts/Engine/liquidEngineLV-909_v2/TerrierV2
[LOG 18:15:07.737] Load MU model: Squad/Parts/Engine/liquidEngineLV-N/model
[LOG 18:15:07.737] Load MU model: Squad/Parts/Engine/liquidEngineLV-T30/model
[LOG 18:15:07.738] Load MU model: Squad/Parts/Engine/liquidEngineLV-T30_v2/Reliant_v2
[LOG 18:15:07.739] Load MU model: Squad/Parts/Engine/liquidEngineLV-T45/model
[LOG 18:15:07.743] Load MU model: Squad/Parts/Engine/liquidEngineLV-T45_v2/Swivel_v2
[LOG 18:15:07.744] Load MU model: Squad/Parts/Engine/liquidEngineMainsail_v2/liquidEngineMainsail_v2
[LOG 18:15:07.746] Load MU model: Squad/Parts/Engine/liquidEngineMk55/Thud
[LOG 18:15:07.750] Load MU model: Squad/Parts/Engine/liquidEnginePoodle_v2/LqdEnginePoodle_v2
[LOG 18:15:07.753] Load MU model: Squad/Parts/Engine/liquidEngineSkipper_v2/skipper_v2
[LOG 18:15:07.754] Load MU model: Squad/Parts/Engine/liquidEngineSSME/SSME
[LOG 18:15:07.755] Load MU model: Squad/Parts/Engine/MassiveSRB/MassiveSRB
[LOG 18:15:07.755] Load MU model: Squad/Parts/Engine/miniJet/SmallJet
[LOG 18:15:07.755] Load MU model: Squad/Parts/Engine/OMSEngine/Puff_v2
[LOG 18:15:07.756] Load MU model: Squad/Parts/Engine/rapierEngine/rapier
[LOG 18:15:07.756] Load MU model: Squad/Parts/Engine/Size1_SRBs/SRB10
[LOG 18:15:07.757] Load MU model: Squad/Parts/Engine/Size1_SRBs/SRB5
[LOG 18:15:07.757] Load MU model: Squad/Parts/Engine/Size2LFB/Size2LFB
[LOG 18:15:07.759] Load MU model: Squad/Parts/Engine/Size2LFB_v2/Size2LFB_v2
[LOG 18:15:07.762] Load MU model: Squad/Parts/Engine/Size3AdvancedEngine/Size3AdvancedEngine
[LOG 18:15:07.762] Load MU model: Squad/Parts/Engine/Size3EngineCluster/Size3EngineCluster
[LOG 18:15:07.763] Load MU model: Squad/Parts/Engine/solidBoosterBACC/model
[LOG 18:15:07.764] Load MU model: Squad/Parts/Engine/solidBoosterS2-17/solidBoosterS2-17
[LOG 18:15:07.765] Load MU model: Squad/Parts/Engine/solidBoosterS2-33/solidBoosterS2-33
[LOG 18:15:07.765] Load MU model: Squad/Parts/Engine/solidBoosterSep/model
[LOG 18:15:07.765] Load MU model: Squad/Parts/Engine/SolidBoostersF/Assets/SolidBoosterF3S0
[LOG 18:15:07.767] Load MU model: Squad/Parts/Engine/SolidBoostersF/Assets/SolidBoosterFM1
[LOG 18:15:07.767] Load MU model: Squad/Parts/FuelTank/adapterTanks/Mk3-Mk2
[LOG 18:15:07.768] Load MU model: Squad/Parts/FuelTank/adapterTanks/Mk3-Size2
[LOG 18:15:07.768] Load MU model: Squad/Parts/FuelTank/adapterTanks/Mk3-Size2Slant
[LOG 18:15:07.769] Load MU model: Squad/Parts/FuelTank/adapterTanks/ShuttleAdapter
[LOG 18:15:07.769] Load MU model: Squad/Parts/FuelTank/adapterTanks/Size2-Mk2
[LOG 18:15:07.769] Load MU model: Squad/Parts/FuelTank/adapterTanks/Size2-Size1
[LOG 18:15:07.769] Load MU model: Squad/Parts/FuelTank/adapterTanks/Size2-Size1Slant
[LOG 18:15:07.770] Load MU model: Squad/Parts/FuelTank/adapterTanks/Size3-Mk3
[LOG 18:15:07.770] Load MU model: Squad/Parts/FuelTank/drainTankFTE-1/fuelValve
[LOG 18:15:07.770] Load MU model: Squad/Parts/FuelTank/FoilTanks/RadialTank_Capsule
[LOG 18:15:07.770] Load MU model: Squad/Parts/FuelTank/FoilTanks/RadialTank_Round
[LOG 18:15:07.770] Load MU model: Squad/Parts/FuelTank/FoilTanks/ToroidTank
[LOG 18:15:07.771] Load MU model: Squad/Parts/FuelTank/fuelTankOscarB/model
[LOG 18:15:07.771] Load MU model: Squad/Parts/FuelTank/miniFuselage/Fuselage
[LOG 18:15:07.771] Load MU model: Squad/Parts/FuelTank/mk2Adapters/bicoupler
[LOG 18:15:07.772] Load MU model: Squad/Parts/FuelTank/mk2Adapters/long
[LOG 18:15:07.772] Load MU model: Squad/Parts/FuelTank/mk2Adapters/standard
[LOG 18:15:07.772] Load MU model: Squad/Parts/FuelTank/mk2FuselageLong/FuselageLongLFO
[LOG 18:15:07.772] Load MU model: Squad/Parts/FuelTank/mk2FuselageLong/FuselageLongLiquid
[LOG 18:15:07.773] Load MU model: Squad/Parts/FuelTank/mk2FuselageShort/FuselageShortLFO
[LOG 18:15:07.773] Load MU model: Squad/Parts/FuelTank/mk2FuselageShort/FuselageShortLiquid
[LOG 18:15:07.773] Load MU model: Squad/Parts/FuelTank/mk2FuselageShort/FuselageShortMono
[LOG 18:15:07.773] Load MU model: Squad/Parts/FuelTank/mk3Fuselage/CREW
[LOG 18:15:07.774] Load MU model: Squad/Parts/FuelTank/mk3Fuselage/LFO_100
[LOG 18:15:07.774] Load MU model: Squad/Parts/FuelTank/mk3Fuselage/LFO_25
[LOG 18:15:07.774] Load MU model: Squad/Parts/FuelTank/mk3Fuselage/LFO_50
[LOG 18:15:07.774] Load MU model: Squad/Parts/FuelTank/mk3Fuselage/LF_100
[LOG 18:15:07.774] Load MU model: Squad/Parts/FuelTank/mk3Fuselage/LF_25
[LOG 18:15:07.775] Load MU model: Squad/Parts/FuelTank/mk3Fuselage/LF_50
[LOG 18:15:07.775] Load MU model: Squad/Parts/FuelTank/mk3Fuselage/MONO
[LOG 18:15:07.775] Load MU model: Squad/Parts/FuelTank/RCSFuelTankR1/RCSFuelTankR1_01
[LOG 18:15:07.776] Load MU model: Squad/Parts/FuelTank/RCSFuelTankR10/model
[LOG 18:15:07.776] Load MU model: Squad/Parts/FuelTank/RCSFuelTankR25/RCSFuelTankR25
[LOG 18:15:07.776] Load MU model: Squad/Parts/FuelTank/RCSTankRadial/model
[LOG 18:15:07.776] Load MU model: Squad/Parts/FuelTank/RCStankRadialLong/model
[LOG 18:15:07.776] Load MU model: Squad/Parts/FuelTank/RockomaxTanks/Assets/Rockomax16
[LOG 18:15:07.777] Load MU model: Squad/Parts/FuelTank/RockomaxTanks/Assets/Rockomax32
[LOG 18:15:07.777] Load MU model: Squad/Parts/FuelTank/RockomaxTanks/Assets/Rockomax64
[LOG 18:15:07.778] Load MU model: Squad/Parts/FuelTank/RockomaxTanks/Assets/Rockomax8
[LOG 18:15:07.778] Load MU model: Squad/Parts/FuelTank/Size1_Tanks/Size1Tank_01
[LOG 18:15:07.778] Load MU model: Squad/Parts/FuelTank/Size1_Tanks/Size1Tank_02
[LOG 18:15:07.779] Load MU model: Squad/Parts/FuelTank/Size1_Tanks/Size1Tank_03
[LOG 18:15:07.779] Load MU model: Squad/Parts/FuelTank/Size1_Tanks/Size1Tank_04
[LOG 18:15:07.779] Load MU model: Squad/Parts/FuelTank/Size3Tanks/Size3LargeTank
[LOG 18:15:07.779] Load MU model: Squad/Parts/FuelTank/Size3Tanks/Size3MediumTank
[LOG 18:15:07.780] Load MU model: Squad/Parts/FuelTank/Size3Tanks/Size3SmallTank
[LOG 18:15:07.780] Load MU model: Squad/Parts/FuelTank/xenonTank/model
[LOG 18:15:07.780] Load MU model: Squad/Parts/FuelTank/xenonTankLarge/model
[LOG 18:15:07.781] Load MU model: Squad/Parts/FuelTank/xenonTankRadial/model
[LOG 18:15:07.781] Load MU model: Squad/Parts/Misc/AsteroidDay/CamSat
[LOG 18:15:07.781] Load MU model: Squad/Parts/Misc/AsteroidDay/HECS2
[LOG 18:15:07.781] Load MU model: Squad/Parts/Misc/AsteroidDay/HighGainAntenna
[LOG 18:15:07.782] Load MU model: Squad/Parts/Misc/AsteroidDay/LgRadialSolar
[LOG 18:15:07.783] Load MU model: Squad/Parts/Misc/PotatoComet/Cube
[LOG 18:15:07.783] Load MU model: Squad/Parts/Misc/PotatoRoid/Cube
[LOG 18:15:07.783] Load MU model: Squad/Parts/Resources/FuelCell/FuelCell
[LOG 18:15:07.783] Load MU model: Squad/Parts/Resources/FuelCell/FuelCellArray
[LOG 18:15:07.784] Load MU model: Squad/Parts/Resources/ISRU/ISRU
[LOG 18:15:07.784] Load MU model: Squad/Parts/Resources/LargeTank/LargeTank
[LOG 18:15:07.785] Load MU model: Squad/Parts/Resources/MiniDrill/MiniDrill
[LOG 18:15:07.786] Load MU model: Squad/Parts/Resources/MiniISRU/MiniISRU
[LOG 18:15:07.786] Load MU model: Squad/Parts/Resources/OrbitalScanner/OrbitalScanner
[LOG 18:15:07.787] Load MU model: Squad/Parts/Resources/RadialDrill/TriBitDrill
[LOG 18:15:07.790] Load MU model: Squad/Parts/Resources/RadialTank/RadialOreTank
[LOG 18:15:07.790] Load MU model: Squad/Parts/Resources/SmallTank/SmallTank
[LOG 18:15:07.790] Load MU model: Squad/Parts/Resources/SurfaceScanner/SurfaceScanner
[LOG 18:15:07.790] Load MU model: Squad/Parts/Resources/SurveyScanner/SurveyScanner
[LOG 18:15:07.791] Load MU model: Squad/Parts/Science/AtmosphereSensor/model
[LOG 18:15:07.791] Load MU model: Squad/Parts/Science/GooExperiment/GooExperiment
[LOG 18:15:07.791] Load MU model: Squad/Parts/Science/LargeCrewedLab/large_crewed_lab
[LOG 18:15:07.792] Load MU model: Squad/Parts/Science/Magnetometer/Magnetometer
[LOG 18:15:07.796] Load MU model: Squad/Parts/Science/MaterialBay/science_module_small
[LOG 18:15:07.797] Load MU model: Squad/Parts/Science/ScienceBox/ScienceBox
[LOG 18:15:07.797] Load MU model: Squad/Parts/Science/sensorAccelerometer/model
[LOG 18:15:07.797] Load MU model: Squad/Parts/Science/sensorBarometer/model
[LOG 18:15:07.797] Load MU model: Squad/Parts/Science/sensorGravimeter/model
[LOG 18:15:07.798] Load MU model: Squad/Parts/Science/sensorThermometer/model
[LOG 18:15:07.798] Load MU model: Squad/Parts/Structural/FLAdapters/Assets/adapterSmallMiniShort_v2
[LOG 18:15:07.798] Load MU model: Squad/Parts/Structural/FLAdapters/Assets/adapterSmallMiniTall_v2
[LOG 18:15:07.798] Load MU model: Squad/Parts/Structural/mk1Parts/Fuselage
[LOG 18:15:07.798] Load MU model: Squad/Parts/Structural/mk1Parts/IntakeFuselage
[LOG 18:15:07.798] Load MU model: Squad/Parts/Structural/mk1Parts/Nacelle1
[LOG 18:15:07.799] Load MU model: Squad/Parts/Structural/mk1Parts/Nacelle2
[LOG 18:15:07.800] Load MU model: Squad/Parts/Structural/mk1Parts/Structural
[LOG 18:15:07.800] Load MU model: Squad/Parts/Structural/mk1Parts/StructuralHollow
[LOG 18:15:07.800] Load MU model: Squad/Parts/Structural/Size3To2Adapter_v2/Size2to3_v2
[LOG 18:15:07.801] Load MU model: Squad/Parts/Structural/stackAdapters/Assets/adapterLargeSmallBi
[LOG 18:15:07.801] Load MU model: Squad/Parts/Structural/stackAdapters/Assets/adapterLargeSmallQuad
[LOG 18:15:07.801] Load MU model: Squad/Parts/Structural/stackAdapters/Assets/adapterLargeSmallTri
[LOG 18:15:07.802] Load MU model: Squad/Parts/Structural/stationHub/model
[LOG 18:15:07.802] Load MU model: Squad/Parts/Structural/structuralIBeam200/model
[LOG 18:15:07.802] Load MU model: Squad/Parts/Structural/structuralIBeam200Pocket/model
[LOG 18:15:07.802] Load MU model: Squad/Parts/Structural/structuralIBeam650/model
[LOG 18:15:07.803] Load MU model: Squad/Parts/Structural/structuralMicronode/model
[LOG 18:15:07.803] Load MU model: Squad/Parts/Structural/structuralPanel1x1/model
[LOG 18:15:07.803] Load MU model: Squad/Parts/Structural/structuralPanel2x2/model
[LOG 18:15:07.803] Load MU model: Squad/Parts/Structural/structuralPylons/PylonBig
[LOG 18:15:07.803] Load MU model: Squad/Parts/Structural/structuralPylons/PylonSmall
[LOG 18:15:07.803] Load MU model: Squad/Parts/Structural/strutCubicOcto/model
[LOG 18:15:07.803] Load MU model: Squad/Parts/Structural/strutOcto/model
[LOG 18:15:07.804] Load MU model: Squad/Parts/Structural/trussGirderAdapter/model
[LOG 18:15:07.804] Load MU model: Squad/Parts/Structural/trussGirderL/model
[LOG 18:15:07.804] Load MU model: Squad/Parts/Structural/trussGirderXL/model
[LOG 18:15:07.804] Load MU model: Squad/Parts/Thermal/FoldingRadiators/foldingRadLarge
[LOG 18:15:07.809] Load MU model: Squad/Parts/Thermal/FoldingRadiators/foldingRadMed
[LOG 18:15:07.812] Load MU model: Squad/Parts/Thermal/FoldingRadiators/foldingRadSmall
[LOG 18:15:07.814] Load MU model: Squad/Parts/Thermal/RadiatorPanels/radPanelEdge
[LOG 18:15:07.814] Load MU model: Squad/Parts/Thermal/RadiatorPanels/radPanelLg
[LOG 18:15:07.814] Load MU model: Squad/Parts/Thermal/RadiatorPanels/radPanelSm
[LOG 18:15:07.814] Load MU model: Squad/Parts/Utility/commDish88-88/model
[LOG 18:15:07.820] Load MU model: Squad/Parts/Utility/commsAntennaDTS-M1/mediumDishAntenna
[LOG 18:15:07.821] Load MU model: Squad/Parts/Utility/commsDish16/model
[LOG 18:15:07.821] Load MU model: Squad/Parts/Utility/decouplerRadialHDM/model
[LOG 18:15:07.822] Load MU model: Squad/Parts/Utility/decouplerRadialTT-38K/model
[LOG 18:15:07.822] Load MU model: Squad/Parts/Utility/decouplerRadialTT-70/model
[LOG 18:15:07.822] Load MU model: Squad/Parts/Utility/DirectAntennas/HGAntenna
[LOG 18:15:07.823] Load MU model: Squad/Parts/Utility/DirectAntennas/HGAntenna_v2
[LOG 18:15:07.824] Load MU model: Squad/Parts/Utility/DirectAntennas/SurfAntenna
[LOG 18:15:07.824] Load MU model: Squad/Parts/Utility/dockingPort/dockingPort
[LOG 18:15:07.825] Load MU model: Squad/Parts/Utility/dockingPortInline/dockingPortInline
[LOG 18:15:07.826] Load MU model: Squad/Parts/Utility/dockingPortJr/dockingPortJr
[LOG 18:15:07.826] Load MU model: Squad/Parts/Utility/dockingPortShielded/dockingPortShielded
[LOG 18:15:07.827] Load MU model: Squad/Parts/Utility/dockingPortSr/dockingPortSr
[LOG 18:15:07.828] Load MU model: Squad/Parts/Utility/Fireworks/Assets/fireworksLauncherBig
[LOG 18:15:07.828] Load MU model: Squad/Parts/Utility/Fireworks/Assets/fireworksLauncherSmall
[LOG 18:15:07.828] Load MU model: Squad/Parts/Utility/flags/flagFlat/flagFlatMeshes
[LOG 18:15:07.832] Load MU model: Squad/Parts/Utility/flags/flagSize0/flagSize0Meshes
[LOG 18:15:07.834] Load MU model: Squad/Parts/Utility/flags/flagSize1/flagSize1Meshes
[LOG 18:15:07.836] Load MU model: Squad/Parts/Utility/flags/flagSize2/flagSize2Meshes
[LOG 18:15:07.837] Load MU model: Squad/Parts/Utility/flags/flagSize3/flagSize3Meshes
[LOG 18:15:07.838] Load MU model: Squad/Parts/Utility/GrapplingDevice/GrapplingArm
[LOG 18:15:07.843] Load MU model: Squad/Parts/Utility/ladderRadial/model
[LOG 18:15:07.843] Load MU model: Squad/Parts/Utility/ladderTelescopic/model
[LOG 18:15:07.844] Load MU model: Squad/Parts/Utility/ladderTelescopicBay/model
[LOG 18:15:07.846] Load MU model: Squad/Parts/Utility/landingLegLT-1/model
[LOG 18:15:07.847] Load MU model: Squad/Parts/Utility/landingLegLT-2/model
[LOG 18:15:07.848] Load MU model: Squad/Parts/Utility/landingLegLT-5/model
[WRN 18:15:07.849] WheelCollider requires an attached Rigidbody to function.
[WRN 18:15:07.849] WheelCollider requires an attached Rigidbody to function.
[LOG 18:15:07.850] Load MU model: Squad/Parts/Utility/launchClamp1/model
[LOG 18:15:07.850] Load MU model: Squad/Parts/Utility/launchEscapeSystem/LaunchEscapeSystem
[LOG 18:15:07.851] Load MU model: Squad/Parts/Utility/Lights/Assets/light_02
[LOG 18:15:07.852] Load MU model: Squad/Parts/Utility/Lights/Assets/light_03
[LOG 18:15:07.852] Load MU model: Squad/Parts/Utility/Lights/Assets/light_04
[LOG 18:15:07.852] Load MU model: Squad/Parts/Utility/Lights/Assets/light_07
[LOG 18:15:07.853] Load MU model: Squad/Parts/Utility/Lights/Assets/light_08
[LOG 18:15:07.853] Load MU model: Squad/Parts/Utility/Lights/Assets/light_12
[LOG 18:15:07.854] Load MU model: Squad/Parts/Utility/linearVernorRCS/Assets/linearRCS
[LOG 18:15:07.854] Load MU model: Squad/Parts/Utility/linearVernorRCS/Assets/vernorEngine
[LOG 18:15:07.854] Load MU model: Squad/Parts/Utility/mk2CargoBay/BayLarge
[LOG 18:15:07.855] Load MU model: Squad/Parts/Utility/mk2CargoBay/BaySmall
[LOG 18:15:07.855] Load MU model: Squad/Parts/Utility/mk2CrewCabin/model
[LOG 18:15:07.856] Load MU model: Squad/Parts/Utility/mk2DockingPort/mk2Dockingport
[LOG 18:15:07.857] Load MU model: Squad/Parts/Utility/mk3CargoBay/long
[LOG 18:15:07.858] Load MU model: Squad/Parts/Utility/mk3CargoBay/medium
[LOG 18:15:07.858] Load MU model: Squad/Parts/Utility/mk3CargoBay/ramp
[LOG 18:15:07.860] Load MU model: Squad/Parts/Utility/mk3CargoBay/short
[LOG 18:15:07.860] Load MU model: Squad/Parts/Utility/parachuteMk1/model
[LOG 18:15:07.860] Load MU model: Squad/Parts/Utility/parachuteMk12-R/model
[LOG 18:15:07.861] Load MU model: Squad/Parts/Utility/parachuteMk16-XL/model
[LOG 18:15:07.861] Load MU model: Squad/Parts/Utility/parachuteMk2-R/model
[LOG 18:15:07.862] Load MU model: Squad/Parts/Utility/parachuteMk25/model
[LOG 18:15:07.862] Load MU model: Squad/Parts/Utility/radialAttachmentPoint/model
[LOG 18:15:07.862] Load MU model: Squad/Parts/Utility/rcsBlockRV-105_v2/rcsBlock105
[LOG 18:15:07.863] Load MU model: Squad/Parts/Utility/rcsSmallLinear/Assets/RCSLinearSmall
[LOG 18:15:07.864] Load MU model: Squad/Parts/Utility/RelayAntennas/HGAntenna
[LOG 18:15:07.865] Load MU model: Squad/Parts/Utility/RelayAntennas/RA-100
[LOG 18:15:07.865] Load MU model: Squad/Parts/Utility/RelayAntennas/RA-5
[LOG 18:15:07.865] Load MU model: Squad/Parts/Utility/RelayAntennas/RA-50
[LOG 18:15:07.865] Load MU model: Squad/Parts/Utility/rockomaxAdapters/Assets/brandAdapter
[LOG 18:15:07.866] Load MU model: Squad/Parts/Utility/rockomaxAdapters/Assets/brandAdapter02
[LOG 18:15:07.866] Load MU model: Squad/Parts/Utility/ServiceBay_v2/Assets/ServiceBay_125_v2
[LOG 18:15:07.869] Load MU model: Squad/Parts/Utility/ServiceBay_v2/Assets/ServiceBay_250_v2
[LOG 18:15:07.871] Load MU model: Squad/Parts/Utility/smallClaw/smallClaw
[LOG 18:15:07.874] Load MU model: Squad/Parts/Utility/spotLightMk1/model
[LOG 18:15:07.875] Load MU model: Squad/Parts/Utility/spotLightMk1_v2/model
[LOG 18:15:07.875] Load MU model: Squad/Parts/Utility/spotLightMk2/model
[LOG 18:15:07.875] Load MU model: Squad/Parts/Utility/spotLightMk2_v2/model
[LOG 18:15:07.876] Load MU model: Squad/Parts/Utility/stackCouplers/Assets/stackBiCoupler_v2
[LOG 18:15:07.876] Load MU model: Squad/Parts/Utility/stackCouplers/Assets/stackQuadCoupler
[LOG 18:15:07.876] Load MU model: Squad/Parts/Utility/stackCouplers/Assets/stackTriCoupler_v2
[LOG 18:15:07.877] Load MU model: Squad/Parts/Wheel/LandingGear/GearExtraLarge
[WRN 18:15:07.878] WheelCollider requires an attached Rigidbody to function.
[WRN 18:15:07.878] WheelCollider requires an attached Rigidbody to function.
[LOG 18:15:07.879] Load MU model: Squad/Parts/Wheel/LandingGear/GearFixed
[WRN 18:15:07.879] WheelCollider requires an attached Rigidbody to function.
[WRN 18:15:07.879] WheelCollider requires an attached Rigidbody to function.
[LOG 18:15:07.880] Load MU model: Squad/Parts/Wheel/LandingGear/GearFree
[WRN 18:15:07.880] WheelCollider requires an attached Rigidbody to function.
[WRN 18:15:07.880] WheelCollider requires an attached Rigidbody to function.
[LOG 18:15:07.880] Load MU model: Squad/Parts/Wheel/LandingGear/GearLarge
[WRN 18:15:07.880] WheelCollider requires an attached Rigidbody to function.
[WRN 18:15:07.880] WheelCollider requires an attached Rigidbody to function.
[LOG 18:15:07.881] Load MU model: Squad/Parts/Wheel/LandingGear/GearMedium
[WRN 18:15:07.882] WheelCollider requires an attached Rigidbody to function.
[WRN 18:15:07.882] WheelCollider requires an attached Rigidbody to function.
[LOG 18:15:07.882] Load MU model: Squad/Parts/Wheel/LandingGear/GearSmall
[WRN 18:15:07.882] WheelCollider requires an attached Rigidbody to function.
[WRN 18:15:07.882] WheelCollider requires an attached Rigidbody to function.
[LOG 18:15:07.883] Load MU model: Squad/Parts/Wheel/roverWheelM1/model
[WRN 18:15:07.883] WheelCollider requires an attached Rigidbody to function.
[WRN 18:15:07.883] WheelCollider requires an attached Rigidbody to function.
[LOG 18:15:07.883] Load MU model: Squad/Parts/Wheel/roverWheelS2/model
[WRN 18:15:07.884] WheelCollider requires an attached Rigidbody to function.
[WRN 18:15:07.884] WheelCollider requires an attached Rigidbody to function.
[LOG 18:15:07.884] Load MU model: Squad/Parts/Wheel/roverWheelTR-2L/model
[WRN 18:15:07.885] WheelCollider requires an attached Rigidbody to function.
[WRN 18:15:07.885] WheelCollider requires an attached Rigidbody to function.
[LOG 18:15:07.885] Load MU model: Squad/Parts/Wheel/roverWheelXL3/model
[WRN 18:15:07.886] WheelCollider requires an attached Rigidbody to function.
[WRN 18:15:07.886] WheelCollider requires an attached Rigidbody to function.
[LOG 18:15:07.886] Load MU model: Squad/Props/AltimeterThreeHands/model
[LOG 18:15:07.886] Load MU model: Squad/Props/AtmosphereDepth/model
[LOG 18:15:07.887] Load MU model: Squad/Props/AxisIndicator/model
[LOG 18:15:07.887] Load MU model: Squad/Props/buttonsGeneric/circularButton
[LOG 18:15:07.887] Load MU model: Squad/Props/buttonsGeneric/clusterButtons
[LOG 18:15:07.887] Load MU model: Squad/Props/buttonsGeneric/clusterButtons2
[LOG 18:15:07.887] Load MU model: Squad/Props/buttonsGeneric/clusterKnob
[LOG 18:15:07.887] Load MU model: Squad/Props/buttonsGeneric/clusterKnob2
[LOG 18:15:07.887] Load MU model: Squad/Props/buttonsGeneric/clusterMixed
[LOG 18:15:07.888] Load MU model: Squad/Props/buttonsGeneric/clusterSwitches01
[LOG 18:15:07.888] Load MU model: Squad/Props/buttonsGeneric/clusterSwitches02
[LOG 18:15:07.889] Load MU model: Squad/Props/buttonsGeneric/clusterSwitches03
[LOG 18:15:07.889] Load MU model: Squad/Props/buttonsGeneric/clusterSwitches04
[LOG 18:15:07.889] Load MU model: Squad/Props/buttonsGeneric/clusterSwitches05
[LOG 18:15:07.889] Load MU model: Squad/Props/buttonsGeneric/clusterSwitches06
[LOG 18:15:07.889] Load MU model: Squad/Props/buttonsGeneric/clusterSwitches07
[LOG 18:15:07.890] Load MU model: Squad/Props/buttonsGeneric/directionalKnob
[LOG 18:15:07.890] Load MU model: Squad/Props/buttonsGeneric/directionalKnob2
[LOG 18:15:07.890] Load MU model: Squad/Props/buttonsGeneric/pullSwitch
[LOG 18:15:07.890] Load MU model: Squad/Props/buttonsGeneric/squareButton
[LOG 18:15:07.890] Load MU model: Squad/Props/buttonsGeneric/standingSwitch
[LOG 18:15:07.890] Load MU model: Squad/Props/buttonsGeneric/switch
[LOG 18:15:07.890] Load MU model: Squad/Props/buttonsGeneric/switchWithGuards
[LOG 18:15:07.890] Load MU model: Squad/Props/ButtonSquare/model
[LOG 18:15:07.891] Load MU model: Squad/Props/circularButton/model
[LOG 18:15:07.891] Load MU model: Squad/Props/Compass/model
[LOG 18:15:07.891] Load MU model: Squad/Props/directionalKnob/model
[LOG 18:15:07.891] Load MU model: Squad/Props/directionalKnob2/model
[LOG 18:15:07.891] Load MU model: Squad/Props/IndicatorPanel/model
[LOG 18:15:07.892] Load MU model: Squad/Props/IVANavBall/model
[LOG 18:15:07.892] Load MU model: Squad/Props/IVANavBallNoBase/model
[LOG 18:15:07.893] Load MU model: Squad/Props/ledPanelSpeed/model
[LOG 18:15:07.893] Load MU model: Squad/Props/Monitor/MonitorDockingMode
[LOG 18:15:07.893] Load MU model: Squad/Props/NavBall/model
[LOG 18:15:07.893] Load MU model: Squad/Props/PropsGeneric/Button_DockingMode
[LOG 18:15:07.894] Load MU model: Squad/Props/PropsGeneric/CargoBagA
[LOG 18:15:07.896] Load MU model: Squad/Props/PropsGeneric/CargoBagB
[LOG 18:15:07.896] Load MU model: Squad/Props/PropsGeneric/CargoBagC
[LOG 18:15:07.896] Load MU model: Squad/Props/PropsGeneric/Hatch_Plane
[LOG 18:15:07.896] Load MU model: Squad/Props/PropsGeneric/Hatch_Plane_Curve90
[LOG 18:15:07.896] Load MU model: Squad/Props/PropsGeneric/Hatch_Plane_Frame
[LOG 18:15:07.896] Load MU model: Squad/Props/PropsGeneric/Seat_Passenger
[LOG 18:15:07.897] Load MU model: Squad/Props/PropsGeneric/Seat_Pilot
[LOG 18:15:07.897] Load MU model: Squad/Props/PropsGeneric/Seat_Pilot_Helmet
[LOG 18:15:07.897] Load MU model: Squad/Props/PropsGeneric/SideStick
[LOG 18:15:07.897] Load MU model: Squad/Props/pullSwitch/model
[LOG 18:15:07.897] Load MU model: Squad/Props/radarAltitude/model
[LOG 18:15:07.897] Load MU model: Squad/Props/squareButton/model
[LOG 18:15:07.897] Load MU model: Squad/Props/standingSwitch/model
[LOG 18:15:07.898] Load MU model: Squad/Props/switch/model
[LOG 18:15:07.898] Load MU model: Squad/Props/switchGuard/model
[LOG 18:15:07.898] Load MU model: Squad/Props/switchWithGuards/model
[LOG 18:15:07.898] Load MU model: Squad/Props/throttle/model
[LOG 18:15:07.898] Load MU model: Squad/Props/VSI/model
[LOG 18:15:07.898] Load MU model: Squad/Spaces/crewCabinInternals/model
[LOG 18:15:07.900] Load MU model: Squad/Spaces/cupolaInternal/model
[LOG 18:15:07.902] Load MU model: Squad/Spaces/GenericSpace1/model
[LOG 18:15:07.904] Load MU model: Squad/Spaces/GenericSpace3/model
[LOG 18:15:07.905] Load MU model: Squad/Spaces/landerCabinInternals/model
[LOG 18:15:07.906] Load MU model: Squad/Spaces/landerCabinSmallInternal/model
[LOG 18:15:07.907] Load MU model: Squad/Spaces/LargeCrewedLabInternals/Large_Crewed_lab_Int
[LOG 18:15:07.909] Load MU model: Squad/Spaces/Mk1-3/model
[LOG 18:15:07.912] Load MU model: Squad/Spaces/mk1CabinInternal/mk1cabin
[LOG 18:15:07.914] Load MU model: Squad/Spaces/mk1CockpitInternal/Mk1StandardIVA
[LOG 18:15:07.916] Load MU model: Squad/Spaces/mk1InlineInternal/Mk1InlineIVA
[LOG 18:15:07.917] Load MU model: Squad/Spaces/mk1PodCockpit/model
[LOG 18:15:07.918] Load MU model: Squad/Spaces/mk1pod_IVA/mk1pod_IVA
[LOG 18:15:07.919] Load MU model: Squad/Spaces/mk2CockpitStandardInternal/model
[LOG 18:15:07.920] Load MU model: Squad/Spaces/Mk2CrewCabinInternal/MK2_CrewCab_Int
[LOG 18:15:07.921] Load MU model: Squad/Spaces/mk2InlineInternal/mk2InlineIVA
[LOG 18:15:07.923] Load MU model: Squad/Spaces/mk2LanderCanInternal/mk2LanderCanInternal
[LOG 18:15:07.924] Load MU model: Squad/Spaces/MK3CockpitInternal/MK3_Cockpit_Int
[LOG 18:15:07.925] Load MU model: Squad/Spaces/MK3_CrewCab_Int/MK3_CrewCab_Int
[LOG 18:15:07.929] Load MU model: Squad/Spaces/OverlayMasks/CupolaMask
[LOG 18:15:07.929] Load MU model: Squad/Spaces/OverlayMasks/HitchhikerBorder
[LOG 18:15:07.929] Load MU model: Squad/Spaces/OverlayMasks/HitchhikerMask
[LOG 18:15:07.930] Load MU model: Squad/Spaces/OverlayMasks/LargeLabBorder
[LOG 18:15:07.930] Load MU model: Squad/Spaces/OverlayMasks/LargeLabMask
[LOG 18:15:07.930] Load MU model: Squad/Spaces/OverlayMasks/Mk1CabinBorder
[LOG 18:15:07.930] Load MU model: Squad/Spaces/OverlayMasks/Mk1CabinMask
[LOG 18:15:07.930] Load MU model: Squad/Spaces/OverlayMasks/Mk1InlineMask
[LOG 18:15:07.930] Load MU model: Squad/Spaces/OverlayMasks/Mk1InlineMask2
[LOG 18:15:07.930] Load MU model: Squad/Spaces/OverlayMasks/Mk1StandardBorder2
[LOG 18:15:07.930] Load MU model: Squad/Spaces/OverlayMasks/Mk1StandardBorder3
[LOG 18:15:07.930] Load MU model: Squad/Spaces/OverlayMasks/Mk1StandardMask
[LOG 18:15:07.930] Load MU model: Squad/Spaces/OverlayMasks/Mk1StandardMask2
[LOG 18:15:07.931] Load MU model: Squad/Spaces/OverlayMasks/Mk1StandardMask3
[LOG 18:15:07.931] Load MU model: Squad/Spaces/OverlayMasks/Mk2CabinBorder
[LOG 18:15:07.931] Load MU model: Squad/Spaces/OverlayMasks/Mk2CabinMask
[LOG 18:15:07.931] Load MU model: Squad/Spaces/OverlayMasks/Mk2InlineBorder
[LOG 18:15:07.931] Load MU model: Squad/Spaces/OverlayMasks/Mk2InlineMask
[LOG 18:15:07.931] Load MU model: Squad/Spaces/OverlayMasks/Mk2StandardBorder
[LOG 18:15:07.931] Load MU model: Squad/Spaces/OverlayMasks/Mk2StandardMask
[LOG 18:15:07.931] Load MU model: Squad/Spaces/OverlayMasks/Mk3CabinBorder
[LOG 18:15:07.931] Load MU model: Squad/Spaces/OverlayMasks/Mk3CabinMask
[LOG 18:15:07.932] Load MU model: Squad/Spaces/OverlayMasks/Mk3CabinMask2
[LOG 18:15:07.932] Load MU model: Squad/Spaces/OverlayMasks/Mk3ShuttleBorder
[LOG 18:15:07.932] Load MU model: Squad/Spaces/OverlayMasks/Mk3ShuttleMask
[LOG 18:15:07.932] Load MU model: Squad/Spaces/OverlayMasks/Size1LanderBorder
[LOG 18:15:07.932] Load MU model: Squad/Spaces/OverlayMasks/Size1LanderMask
[LOG 18:15:07.932] Load MU model: Squad/Spaces/OverlayMasks/Size1PodBorder
[LOG 18:15:07.932] Load MU model: Squad/Spaces/OverlayMasks/Size1PodMask
[LOG 18:15:07.932] Load MU model: Squad/Spaces/OverlayMasks/Size2LanderBorder
[LOG 18:15:07.932] Load MU model: Squad/Spaces/OverlayMasks/Size2LanderMask
[LOG 18:15:07.933] Load MU model: Squad/Spaces/OverlayMasks/Size2PodBorder
[LOG 18:15:07.933] Load MU model: Squad/Spaces/OverlayMasks/Size2PodMask
[LOG 18:15:07.933] Load MU model: Squad/Spaces/Placeholder/PlaceholderIVA
[LOG 18:15:07.933] Load MU model: Squad/Spaces/PodCockpit/model
[LOG 18:15:07.937] Load MU model: SquadExpansion/MakingHistory/Parts/Aero/protectiveRocketNoseMk5A/Size_1_5_Cone
[LOG 18:15:07.937] Load MU model: SquadExpansion/MakingHistory/Parts/Coupling/Assets/EnginePlate
[LOG 18:15:07.938] Load MU model: SquadExpansion/MakingHistory/Parts/Coupling/Assets/InflatableAirlock
[LOG 18:15:07.939] Load MU model: SquadExpansion/MakingHistory/Parts/Coupling/Assets/Size1_5_Decoupler
[LOG 18:15:07.939] Load MU model: SquadExpansion/MakingHistory/Parts/Engine/Assets/KE-1
[LOG 18:15:07.943] Load MU model: SquadExpansion/MakingHistory/Parts/Engine/Assets/LV-T87
[LOG 18:15:07.945] Load MU model: SquadExpansion/MakingHistory/Parts/Engine/Assets/LV-T91
[LOG 18:15:07.946] Load MU model: SquadExpansion/MakingHistory/Parts/Engine/Assets/RE-I2
[LOG 18:15:07.947] Load MU model: SquadExpansion/MakingHistory/Parts/Engine/Assets/RE-J10
[LOG 18:15:07.948] Load MU model: SquadExpansion/MakingHistory/Parts/Engine/Assets/RK-7
[LOG 18:15:07.950] Load MU model: SquadExpansion/MakingHistory/Parts/Engine/Assets/RV-1
[LOG 18:15:07.950] Load MU model: SquadExpansion/MakingHistory/Parts/Engine/solidBoosterTHK/solidBoosterTHK
[LOG 18:15:07.951] Load MU model: SquadExpansion/MakingHistory/Parts/FuelTank/Assets/MiniMonoTank
[LOG 18:15:07.951] Load MU model: SquadExpansion/MakingHistory/Parts/FuelTank/Assets/Size1_5_Size0_Adapter_01
[LOG 18:15:07.951] Load MU model: SquadExpansion/MakingHistory/Parts/FuelTank/Assets/Size1_5_Size1_Adapter_01
[LOG 18:15:07.952] Load MU model: SquadExpansion/MakingHistory/Parts/FuelTank/Assets/Size1_5_Size1_Adapter_02
[LOG 18:15:07.952] Load MU model: SquadExpansion/MakingHistory/Parts/FuelTank/Assets/Size1_5_Size2_Adapter_01
[LOG 18:15:07.952] Load MU model: SquadExpansion/MakingHistory/Parts/FuelTank/Assets/Size1_5_Tank_01
[LOG 18:15:07.953] Load MU model: SquadExpansion/MakingHistory/Parts/FuelTank/Assets/Size1_5_Tank_02
[LOG 18:15:07.953] Load MU model: SquadExpansion/MakingHistory/Parts/FuelTank/Assets/Size1_5_Tank_03
[LOG 18:15:07.953] Load MU model: SquadExpansion/MakingHistory/Parts/FuelTank/Assets/Size1_5_Tank_04
[LOG 18:15:07.954] Load MU model: SquadExpansion/MakingHistory/Parts/FuelTank/Assets/Size1_5_Tank_05
[LOG 18:15:07.954] Load MU model: SquadExpansion/MakingHistory/Parts/FuelTank/Assets/Size3_Size4_Adapter_01
[LOG 18:15:07.954] Load MU model: SquadExpansion/MakingHistory/Parts/FuelTank/Assets/Size4_EngineAdapter_01
[LOG 18:15:07.955] Load MU model: SquadExpansion/MakingHistory/Parts/FuelTank/Assets/Size4_Tank_01
[LOG 18:15:07.955] Load MU model: SquadExpansion/MakingHistory/Parts/FuelTank/Assets/Size4_Tank_02
[LOG 18:15:07.955] Load MU model: SquadExpansion/MakingHistory/Parts/FuelTank/Assets/Size4_Tank_03
[LOG 18:15:07.956] Load MU model: SquadExpansion/MakingHistory/Parts/FuelTank/Assets/Size4_Tank_04
[LOG 18:15:07.956] Load MU model: SquadExpansion/MakingHistory/Parts/FuelTank/Assets/Size_1p5_Monoprop
[LOG 18:15:07.957] Load MU model: SquadExpansion/MakingHistory/Parts/Ground/Assets/RoverWheel
[WRN 18:15:07.957] WheelCollider requires an attached Rigidbody to function.
[WRN 18:15:07.958] WheelCollider requires an attached Rigidbody to function.
[LOG 18:15:07.958] Load MU model: SquadExpansion/MakingHistory/Parts/Payload/Assets/ServiceModule18
[LOG 18:15:07.958] Load MU model: SquadExpansion/MakingHistory/Parts/Payload/Assets/ServiceModule25
[LOG 18:15:07.959] Load MU model: SquadExpansion/MakingHistory/Parts/Payload/Assets/Size1to0ServiceModule
[LOG 18:15:07.960] Load MU model: SquadExpansion/MakingHistory/Parts/Pods/Assets/Mk2Pod
[LOG 18:15:07.960] Load MU model: SquadExpansion/MakingHistory/Parts/Pods/Assets/RoundPod
[LOG 18:15:07.961] Load MU model: SquadExpansion/MakingHistory/Parts/Pods/Assets/Size1_5_Lander
[LOG 18:15:07.962] Load MU model: SquadExpansion/MakingHistory/Parts/SharedAssets/Shroud1p5x0
[LOG 18:15:07.962] Load MU model: SquadExpansion/MakingHistory/Parts/SharedAssets/Shroud1p5x1
[LOG 18:15:07.962] Load MU model: SquadExpansion/MakingHistory/Parts/SharedAssets/Shroud1p5x2
[LOG 18:15:07.962] Load MU model: SquadExpansion/MakingHistory/Parts/SharedAssets/Shroud1p5x3
[LOG 18:15:07.962] Load MU model: SquadExpansion/MakingHistory/Parts/SharedAssets/Shroud1p5x4
[LOG 18:15:07.963] Load MU model: SquadExpansion/MakingHistory/Parts/SharedAssets/Shroud1x0
[LOG 18:15:07.963] Load MU model: SquadExpansion/MakingHistory/Parts/SharedAssets/Shroud1x1
[LOG 18:15:07.963] Load MU model: SquadExpansion/MakingHistory/Parts/SharedAssets/Shroud1x2
[LOG 18:15:07.963] Load MU model: SquadExpansion/MakingHistory/Parts/SharedAssets/Shroud1x3
[LOG 18:15:07.963] Load MU model: SquadExpansion/MakingHistory/Parts/SharedAssets/Shroud1x4
[LOG 18:15:07.963] Load MU model: SquadExpansion/MakingHistory/Parts/SharedAssets/Shroud2x0
[LOG 18:15:07.963] Load MU model: SquadExpansion/MakingHistory/Parts/SharedAssets/Shroud2x1
[LOG 18:15:07.963] Load MU model: SquadExpansion/MakingHistory/Parts/SharedAssets/Shroud2x2
[LOG 18:15:07.964] Load MU model: SquadExpansion/MakingHistory/Parts/SharedAssets/Shroud2x3
[LOG 18:15:07.964] Load MU model: SquadExpansion/MakingHistory/Parts/SharedAssets/Shroud2x4
[LOG 18:15:07.964] Load MU model: SquadExpansion/MakingHistory/Parts/SharedAssets/Shroud3x0
[LOG 18:15:07.964] Load MU model: SquadExpansion/MakingHistory/Parts/SharedAssets/Shroud3x1
[LOG 18:15:07.964] Load MU model: SquadExpansion/MakingHistory/Parts/SharedAssets/Shroud3x2
[LOG 18:15:07.964] Load MU model: SquadExpansion/MakingHistory/Parts/SharedAssets/Shroud3x3
[LOG 18:15:07.964] Load MU model: SquadExpansion/MakingHistory/Parts/SharedAssets/Shroud3x4
[LOG 18:15:07.964] Load MU model: SquadExpansion/MakingHistory/Parts/SharedAssets/Shroud4x0
[LOG 18:15:07.965] Load MU model: SquadExpansion/MakingHistory/Parts/SharedAssets/Shroud4x1
[LOG 18:15:07.965] Load MU model: SquadExpansion/MakingHistory/Parts/SharedAssets/Shroud4x2
[LOG 18:15:07.965] Load MU model: SquadExpansion/MakingHistory/Parts/SharedAssets/Shroud4x3
[LOG 18:15:07.965] Load MU model: SquadExpansion/MakingHistory/Parts/SharedAssets/Shroud4x4
[LOG 18:15:07.965] Load MU model: SquadExpansion/MakingHistory/Parts/SharedAssets/ShroudCollider0
[LOG 18:15:07.965] Load MU model: SquadExpansion/MakingHistory/Parts/SharedAssets/ShroudCollider1
[LOG 18:15:07.966] Load MU model: SquadExpansion/MakingHistory/Parts/SharedAssets/ShroudCollider1p5
[LOG 18:15:07.966] Load MU model: SquadExpansion/MakingHistory/Parts/SharedAssets/ShroudCollider2
[LOG 18:15:07.966] Load MU model: SquadExpansion/MakingHistory/Parts/SharedAssets/ShroudCollider3
[LOG 18:15:07.967] Load MU model: SquadExpansion/MakingHistory/Parts/SharedAssets/ShroudCollider4
[LOG 18:15:07.967] Load MU model: SquadExpansion/MakingHistory/Parts/Structural/Assets/EquiTriangle0
[LOG 18:15:07.967] Load MU model: SquadExpansion/MakingHistory/Parts/Structural/Assets/EquiTriangle1
[LOG 18:15:07.967] Load MU model: SquadExpansion/MakingHistory/Parts/Structural/Assets/EquiTriangle1p5
[LOG 18:15:07.967] Load MU model: SquadExpansion/MakingHistory/Parts/Structural/Assets/EquiTriangle2
[LOG 18:15:07.968] Load MU model: SquadExpansion/MakingHistory/Parts/Structural/Assets/Panel0
[LOG 18:15:07.968] Load MU model: SquadExpansion/MakingHistory/Parts/Structural/Assets/Panel1
[LOG 18:15:07.968] Load MU model: SquadExpansion/MakingHistory/Parts/Structural/Assets/Panel1p5
[LOG 18:15:07.968] Load MU model: SquadExpansion/MakingHistory/Parts/Structural/Assets/Panel2
[LOG 18:15:07.968] Load MU model: SquadExpansion/MakingHistory/Parts/Structural/Assets/Triangle0
[LOG 18:15:07.968] Load MU model: SquadExpansion/MakingHistory/Parts/Structural/Assets/Triangle1
[LOG 18:15:07.968] Load MU model: SquadExpansion/MakingHistory/Parts/Structural/Assets/Triangle1p5
[LOG 18:15:07.969] Load MU model: SquadExpansion/MakingHistory/Parts/Structural/Assets/Triangle2
[LOG 18:15:07.969] Load MU model: SquadExpansion/MakingHistory/Parts/Utility/flags/flagSize1p5/flagSize1p5Meshes
[LOG 18:15:07.971] Load MU model: SquadExpansion/MakingHistory/Parts/Utility/flags/flagSize4/flagSize4Meshes
[LOG 18:15:07.973] Load MU model: SquadExpansion/MakingHistory/Spaces/KVPods/Airlock_IVA
[LOG 18:15:07.974] Load MU model: SquadExpansion/MakingHistory/Spaces/KVPods/KV1_IVA
[LOG 18:15:07.975] Load MU model: SquadExpansion/MakingHistory/Spaces/KVPods/KV2_IVA
[LOG 18:15:07.977] Load MU model: SquadExpansion/MakingHistory/Spaces/KVPods/KV3_IVA
[LOG 18:15:07.979] Load MU model: SquadExpansion/MakingHistory/Spaces/MEM/MEM_IVA
[LOG 18:15:07.981] Load MU model: SquadExpansion/MakingHistory/Spaces/Mk2Pod/MK2POD_IVA
[LOG 18:15:07.982] Load MU model: SquadExpansion/Serenity/Parts/Aero/Assets/FanShroud_01
[LOG 18:15:07.983] Load MU model: SquadExpansion/Serenity/Parts/Aero/Assets/FanShroud_02
[LOG 18:15:07.984] Load MU model: SquadExpansion/Serenity/Parts/Aero/Assets/FanShroud_03
[LOG 18:15:07.984] Load MU model: SquadExpansion/Serenity/Parts/Aero/Assets/noseconeTiny
[LOG 18:15:07.985] Load MU model: SquadExpansion/Serenity/Parts/Aero/Assets/noseconeVS
[LOG 18:15:07.985] Load MU model: SquadExpansion/Serenity/Parts/DeployedScience/Assets/CentralStation
[LOG 18:15:07.987] Load MU model: SquadExpansion/Serenity/Parts/DeployedScience/Assets/GoExOb
[LOG 18:15:07.989] Load MU model: SquadExpansion/Serenity/Parts/DeployedScience/Assets/IonExperiment
[LOG 18:15:07.990] Load MU model: SquadExpansion/Serenity/Parts/DeployedScience/Assets/RTGCask
[LOG 18:15:07.991] Load MU model: SquadExpansion/Serenity/Parts/DeployedScience/Assets/satDish
[LOG 18:15:07.994] Load MU model: SquadExpansion/Serenity/Parts/DeployedScience/Assets/seismicSensor
[LOG 18:15:07.998] Load MU model: SquadExpansion/Serenity/Parts/DeployedScience/Assets/solarPanel
[LOG 18:15:08.000] Load MU model: SquadExpansion/Serenity/Parts/DeployedScience/Assets/WeatherStation
[LOG 18:15:08.003] Load MU model: SquadExpansion/Serenity/Parts/Propellers/Assets/largeFanBlade
[LOG 18:15:08.003] Load MU model: SquadExpansion/Serenity/Parts/Propellers/Assets/largeHeliBlade
[LOG 18:15:08.003] Load MU model: SquadExpansion/Serenity/Parts/Propellers/Assets/largePropeller
[LOG 18:15:08.004] Load MU model: SquadExpansion/Serenity/Parts/Propellers/Assets/mediumFanBlade
[LOG 18:15:08.005] Load MU model: SquadExpansion/Serenity/Parts/Propellers/Assets/mediumHeliBlade
[LOG 18:15:08.005] Load MU model: SquadExpansion/Serenity/Parts/Propellers/Assets/mediumPropeller
[LOG 18:15:08.006] Load MU model: SquadExpansion/Serenity/Parts/Propellers/Assets/smallFanBlade
[LOG 18:15:08.006] Load MU model: SquadExpansion/Serenity/Parts/Propellers/Assets/smallHeliBlade
[LOG 18:15:08.006] Load MU model: SquadExpansion/Serenity/Parts/Propellers/Assets/smallPropeller
[LOG 18:15:08.007] Load MU model: SquadExpansion/Serenity/Parts/Robotics/Assets/hinge_01
[LOG 18:15:08.007] Load MU model: SquadExpansion/Serenity/Parts/Robotics/Assets/hinge_01_s
[LOG 18:15:08.007] Load MU model: SquadExpansion/Serenity/Parts/Robotics/Assets/hinge_03
[LOG 18:15:08.008] Load MU model: SquadExpansion/Serenity/Parts/Robotics/Assets/hinge_03_s
[LOG 18:15:08.008] Load MU model: SquadExpansion/Serenity/Parts/Robotics/Assets/hinge_04
[LOG 18:15:08.009] Load MU model: SquadExpansion/Serenity/Parts/Robotics/Assets/piston_01
[LOG 18:15:08.009] Load MU model: SquadExpansion/Serenity/Parts/Robotics/Assets/piston_02
[LOG 18:15:08.009] Load MU model: SquadExpansion/Serenity/Parts/Robotics/Assets/piston_03
[LOG 18:15:08.009] Load MU model: SquadExpansion/Serenity/Parts/Robotics/Assets/piston_04
[LOG 18:15:08.010] Load MU model: SquadExpansion/Serenity/Parts/Robotics/Assets/RotorEngine_02
[LOG 18:15:08.010] Load MU model: SquadExpansion/Serenity/Parts/Robotics/Assets/RotorEngine_03
[LOG 18:15:08.011] Load MU model: SquadExpansion/Serenity/Parts/Robotics/Assets/rotor_01
[LOG 18:15:08.012] Load MU model: SquadExpansion/Serenity/Parts/Robotics/Assets/rotor_01s
[LOG 18:15:08.012] Load MU model: SquadExpansion/Serenity/Parts/Robotics/Assets/rotor_02
[LOG 18:15:08.013] Load MU model: SquadExpansion/Serenity/Parts/Robotics/Assets/rotor_02s
[LOG 18:15:08.014] Load MU model: SquadExpansion/Serenity/Parts/Robotics/Assets/rotor_03
[LOG 18:15:08.014] Load MU model: SquadExpansion/Serenity/Parts/Robotics/Assets/rotor_03s
[LOG 18:15:08.015] Load MU model: SquadExpansion/Serenity/Parts/Robotics/Assets/RotoServo_00
[LOG 18:15:08.015] Load MU model: SquadExpansion/Serenity/Parts/Robotics/Assets/RotoServo_02
[LOG 18:15:08.016] Load MU model: SquadExpansion/Serenity/Parts/Robotics/Assets/RotoServo_03
[LOG 18:15:08.016] Load MU model: SquadExpansion/Serenity/Parts/Robotics/Assets/RotoServo_04
[LOG 18:15:08.016] Load MU model: SquadExpansion/Serenity/Parts/Robotics/Controllers/controller1000
[LOG 18:15:08.017] Load MU model: SquadExpansion/Serenity/Parts/Science/RobotArmScanner/Assets/ROCArm_01
[LOG 18:15:08.018] Load MU model: SquadExpansion/Serenity/Parts/Science/RobotArmScanner/Assets/ROCArm_02
[LOG 18:15:08.019] Load MU model: SquadExpansion/Serenity/Parts/Science/RobotArmScanner/Assets/ROCArm_03
[LOG 18:15:08.022] Load MU model: SquadExpansion/Serenity/Parts/Structural/gripPads/Assets/lGripPad
[LOG 18:15:08.023] Load MU model: SquadExpansion/Serenity/Parts/Structural/gripPads/Assets/lGripStrip
[LOG 18:15:08.023] Load MU model: SquadExpansion/Serenity/Parts/Structural/gripPads/Assets/mGripPad
[LOG 18:15:08.023] Load MU model: SquadExpansion/Serenity/Parts/Structural/gripPads/Assets/sGripPad
[LOG 18:15:08.023] Load MU model: SquadExpansion/Serenity/Parts/Structural/gripPads/Assets/sGripStrip
[LOG 18:15:08.024] Loading Asset Bundle Definitions
[LOG 18:15:08.025] AssetLoader: Loading bundle definitions
[LOG 18:15:08.159] AssetLoader: Loaded bundle 'squadcore'
[LOG 18:15:08.160] AssetLoader: Loaded bundle 'squadcorefx'
[LOG 18:15:08.160] AssetLoader: Loaded mod bundle 'kspedia'
[LOG 18:15:08.161] AssetLoader: Loaded mod bundle 'kspedia_actionsets'
[LOG 18:15:08.161] AssetLoader: Loaded mod bundle 'kspedia_aircraft'
[LOG 18:15:08.161] AssetLoader: Loaded mod bundle 'kspedia_aircraftbasics'
[LOG 18:15:08.161] AssetLoader: Loaded mod bundle 'kspedia_aircraftbasicsbalance'
[LOG 18:15:08.162] AssetLoader: Loaded mod bundle 'kspedia_aircraftbasicsbalance2'
[LOG 18:15:08.162] AssetLoader: Loaded mod bundle 'kspedia_aircraftbasicscol'
[LOG 18:15:08.162] AssetLoader: Loaded mod bundle 'kspedia_aircraftbasicscontrol'
[LOG 18:15:08.163] AssetLoader: Loaded mod bundle 'kspedia_aircraftbasicscontrolsurfaces'
[LOG 18:15:08.163] AssetLoader: Loaded mod bundle 'kspedia_aircraftbasicsdrag'
[LOG 18:15:08.163] AssetLoader: Loaded mod bundle 'kspedia_aircraftbasicsengines'
[LOG 18:15:08.163] AssetLoader: Loaded mod bundle 'kspedia_aircraftbasicsforces'
[LOG 18:15:08.164] AssetLoader: Loaded mod bundle 'kspedia_aircraftbasicsintakes'
[LOG 18:15:08.164] AssetLoader: Loaded mod bundle 'kspedia_aircraftbasicslandinggear'
[LOG 18:15:08.164] AssetLoader: Loaded mod bundle 'kspedia_aircraftbasicslift'
[LOG 18:15:08.164] AssetLoader: Loaded mod bundle 'kspedia_axisgroups'
[LOG 18:15:08.165] AssetLoader: Loaded mod bundle 'kspedia_career'
[LOG 18:15:08.165] AssetLoader: Loaded mod bundle 'kspedia_careerbasicscontracts'
[LOG 18:15:08.165] AssetLoader: Loaded mod bundle 'kspedia_careerbasicscrew'
[LOG 18:15:08.166] AssetLoader: Loaded mod bundle 'kspedia_careerbasicscurrencies'
[LOG 18:15:08.166] AssetLoader: Loaded mod bundle 'kspedia_careerbasicsexperience'
[LOG 18:15:08.166] AssetLoader: Loaded mod bundle 'kspedia_careerbasicsfacilities'
[LOG 18:15:08.166] AssetLoader: Loaded mod bundle 'kspedia_careerbasicsstrategies'
[LOG 18:15:08.167] AssetLoader: Loaded mod bundle 'kspedia_careerbasicstechnology'
[LOG 18:15:08.167] AssetLoader: Loaded mod bundle 'kspedia_careerui-ac'
[LOG 18:15:08.167] AssetLoader: Loaded mod bundle 'kspedia_careerui-admin'
[LOG 18:15:08.167] AssetLoader: Loaded mod bundle 'kspedia_careerui-ksc'
[LOG 18:15:08.168] AssetLoader: Loaded mod bundle 'kspedia_careerui-mc'
[LOG 18:15:08.168] AssetLoader: Loaded mod bundle 'kspedia_careerui-sciencearchives'
[LOG 18:15:08.168] AssetLoader: Loaded mod bundle 'kspedia_careerui-techtree'
[LOG 18:15:08.169] AssetLoader: Loaded mod bundle 'kspedia_careerui-ts'
[LOG 18:15:08.169] AssetLoader: Loaded mod bundle 'kspedia_careerui'
[LOG 18:15:08.169] AssetLoader: Loaded mod bundle 'kspedia_cargoapp'
[LOG 18:15:08.169] AssetLoader: Loaded mod bundle 'kspedia_cargomode'
[LOG 18:15:08.170] AssetLoader: Loaded mod bundle 'kspedia_cargosystem-placeableparts'
[LOG 18:15:08.170] AssetLoader: Loaded mod bundle 'kspedia_cargosystem'
[LOG 18:15:08.170] AssetLoader: Loaded mod bundle 'kspedia_chute'
[LOG 18:15:08.170] AssetLoader: Loaded mod bundle 'kspedia_commnet'
[LOG 18:15:08.171] AssetLoader: Loaded mod bundle 'kspedia_commnetbasics'
[LOG 18:15:08.171] AssetLoader: Loaded mod bundle 'kspedia_commnetbuildingeffectivenetworks'
[LOG 18:15:08.171] AssetLoader: Loaded mod bundle 'kspedia_commnetcalculatingrange'
[LOG 18:15:08.171] AssetLoader: Loaded mod bundle 'kspedia_commnetcontrollevels'
[LOG 18:15:08.172] AssetLoader: Loaded mod bundle 'kspedia_commnetcontrollinks'
[LOG 18:15:08.172] AssetLoader: Loaded mod bundle 'kspedia_commnetcontrolpoints'
[LOG 18:15:08.172] AssetLoader: Loaded mod bundle 'kspedia_commnetgui'
[LOG 18:15:08.172] AssetLoader: Loaded mod bundle 'kspedia_commnetgui01'
[LOG 18:15:08.172] AssetLoader: Loaded mod bundle 'kspedia_commnetgui02'
[LOG 18:15:08.173] AssetLoader: Loaded mod bundle 'kspedia_commnetrange'
[LOG 18:15:08.173] AssetLoader: Loaded mod bundle 'kspedia_commnetrelays'
[LOG 18:15:08.173] AssetLoader: Loaded mod bundle 'kspedia_commnetsciencetransmission'
[LOG 18:15:08.173] AssetLoader: Loaded mod bundle 'kspedia_commnetsignalstrength'
[LOG 18:15:08.174] AssetLoader: Loaded mod bundle 'kspedia_commnettransmission'
[LOG 18:15:08.174] AssetLoader: Loaded mod bundle 'kspedia_constructionui-actiongroups'
[LOG 18:15:08.174] AssetLoader: Loaded mod bundle 'kspedia_constructionui-applauncher'
[LOG 18:15:08.174] AssetLoader: Loaded mod bundle 'kspedia_constructionui-crew'
[LOG 18:15:08.175] AssetLoader: Loaded mod bundle 'kspedia_constructionui-engineersreport'
[LOG 18:15:08.175] AssetLoader: Loaded mod bundle 'kspedia_constructionui-gizmos'
[LOG 18:15:08.175] AssetLoader: Loaded mod bundle 'kspedia_constructionui-infos'
[LOG 18:15:08.176] AssetLoader: Loaded mod bundle 'kspedia_constructionui-partdetails'
[LOG 18:15:08.176] AssetLoader: Loaded mod bundle 'kspedia_constructionui-parts'
[LOG 18:15:08.176] AssetLoader: Loaded mod bundle 'kspedia_constructionui-symmetry'
[LOG 18:15:08.176] AssetLoader: Loaded mod bundle 'kspedia_constructionui-vesseldetails'
[LOG 18:15:08.177] AssetLoader: Loaded mod bundle 'kspedia_constructionui'
[LOG 18:15:08.177] AssetLoader: Loaded mod bundle 'kspedia_controls-dockingmode'
[LOG 18:15:08.177] AssetLoader: Loaded mod bundle 'kspedia_controls-editor'
[LOG 18:15:08.178] AssetLoader: Loaded mod bundle 'kspedia_controls-editorgizmos'
[LOG 18:15:08.178] AssetLoader: Loaded mod bundle 'kspedia_controls-eva'
[LOG 18:15:08.178] AssetLoader: Loaded mod bundle 'kspedia_controls-flight'
[LOG 18:15:08.178] AssetLoader: Loaded mod bundle 'kspedia_controls-flightactivities'
[LOG 18:15:08.179] AssetLoader: Loaded mod bundle 'kspedia_controls-flightdirections'
[LOG 18:15:08.179] AssetLoader: Loaded mod bundle 'kspedia_controls-general'
[LOG 18:15:08.179] AssetLoader: Loaded mod bundle 'kspedia_controls-mapandtime'
[LOG 18:15:08.179] AssetLoader: Loaded mod bundle 'kspedia_controls-mouseconstruction'
[LOG 18:15:08.180] AssetLoader: Loaded mod bundle 'kspedia_controls-mouseflight'
[LOG 18:15:08.180] AssetLoader: Loaded mod bundle 'kspedia_controls-rcs'
[LOG 18:15:08.180] AssetLoader: Loaded mod bundle 'kspedia_controls'
[LOG 18:15:08.180] AssetLoader: Loaded mod bundle 'kspedia_eastereggs'
[LOG 18:15:08.181] AssetLoader: Loaded mod bundle 'kspedia_evaconstructionmode'
[LOG 18:15:08.181] AssetLoader: Loaded mod bundle 'kspedia_facilities-ac'
[LOG 18:15:08.181] AssetLoader: Loaded mod bundle 'kspedia_facilities-admin'
[LOG 18:15:08.181] AssetLoader: Loaded mod bundle 'kspedia_facilities-context'
[LOG 18:15:08.182] AssetLoader: Loaded mod bundle 'kspedia_facilities-ksc'
[LOG 18:15:08.182] AssetLoader: Loaded mod bundle 'kspedia_facilities-launchpad'
[LOG 18:15:08.182] AssetLoader: Loaded mod bundle 'kspedia_facilities-mc'
[LOG 18:15:08.182] AssetLoader: Loaded mod bundle 'kspedia_facilities-randd'
[LOG 18:15:08.183] AssetLoader: Loaded mod bundle 'kspedia_facilities-runway'
[LOG 18:15:08.183] AssetLoader: Loaded mod bundle 'kspedia_facilities-sph'
[LOG 18:15:08.183] AssetLoader: Loaded mod bundle 'kspedia_facilities-ts'
[LOG 18:15:08.183] AssetLoader: Loaded mod bundle 'kspedia_facilities-vab'
[LOG 18:15:08.184] AssetLoader: Loaded mod bundle 'kspedia_flightui-altimeter'
[LOG 18:15:08.184] AssetLoader: Loaded mod bundle 'kspedia_flightui-applauncher'
[LOG 18:15:08.184] AssetLoader: Loaded mod bundle 'kspedia_flightui-evaactivities'
[LOG 18:15:08.184] AssetLoader: Loaded mod bundle 'kspedia_flightui-maneuvermodeeditor'
[LOG 18:15:08.185] AssetLoader: Loaded mod bundle 'kspedia_flightui-maneuvermodeeditorcont'
[LOG 18:15:08.185] AssetLoader: Loaded mod bundle 'kspedia_flightui-maneuvermodeorbit'
[LOG 18:15:08.185] AssetLoader: Loaded mod bundle 'kspedia_flightui-maneuvertoolinfo'
[LOG 18:15:08.185] AssetLoader: Loaded mod bundle 'kspedia_flightui-maneuvertoolmain'
[LOG 18:15:08.186] AssetLoader: Loaded mod bundle 'kspedia_flightui-modecontrol'
[LOG 18:15:08.186] AssetLoader: Loaded mod bundle 'kspedia_flightui-navball'
[LOG 18:15:08.186] AssetLoader: Loaded mod bundle 'kspedia_flightui-partrepairs'
[LOG 18:15:08.187] AssetLoader: Loaded mod bundle 'kspedia_flightui-portraits'
[LOG 18:15:08.187] AssetLoader: Loaded mod bundle 'kspedia_flightui-staging'
[LOG 18:15:08.187] AssetLoader: Loaded mod bundle 'kspedia_flightui-timeandaction'
[LOG 18:15:08.187] AssetLoader: Loaded mod bundle 'kspedia_flightui'
[LOG 18:15:08.188] AssetLoader: Loaded mod bundle 'kspedia_heat'
[LOG 18:15:08.188] AssetLoader: Loaded mod bundle 'kspedia_heatactiveradiators'
[LOG 18:15:08.188] AssetLoader: Loaded mod bundle 'kspedia_heatengines'
[LOG 18:15:08.189] AssetLoader: Loaded mod bundle 'kspedia_heatflow'
[LOG 18:15:08.189] AssetLoader: Loaded mod bundle 'kspedia_heatpart'
[LOG 18:15:08.189] AssetLoader: Loaded mod bundle 'kspedia_heatpassiveradiators'
[LOG 18:15:08.190] AssetLoader: Loaded mod bundle 'kspedia_heatshields'
[LOG 18:15:08.190] AssetLoader: Loaded mod bundle 'kspedia_kerbnet'
[LOG 18:15:08.190] AssetLoader: Loaded mod bundle 'kspedia_kerbnetinterface'
[LOG 18:15:08.190] AssetLoader: Loaded mod bundle 'kspedia_kerbnetmodes'
[LOG 18:15:08.191] AssetLoader: Loaded mod bundle 'kspedia_kerbnetwaypoints'
[LOG 18:15:08.191] AssetLoader: Loaded mod bundle 'kspedia_locations'
[LOG 18:15:08.191] AssetLoader: Loaded mod bundle 'kspedia_manual'
[LOG 18:15:08.191] AssetLoader: Loaded mod bundle 'kspedia_mapui-alarmclockcreation'
[LOG 18:15:08.192] AssetLoader: Loaded mod bundle 'kspedia_mapui-alarmclockmain'
[LOG 18:15:08.192] AssetLoader: Loaded mod bundle 'kspedia_mapui-burnindicator'
[LOG 18:15:08.192] AssetLoader: Loaded mod bundle 'kspedia_mapui-dvtoolsflight'
[LOG 18:15:08.192] AssetLoader: Loaded mod bundle 'kspedia_mapui-dvtoolsvab'
[LOG 18:15:08.193] AssetLoader: Loaded mod bundle 'kspedia_mapui-mannodes'
[LOG 18:15:08.193] AssetLoader: Loaded mod bundle 'kspedia_mapui-orbitnodes'
[LOG 18:15:08.193] AssetLoader: Loaded mod bundle 'kspedia_mapui-orbitnodes2'
[LOG 18:15:08.194] AssetLoader: Loaded mod bundle 'kspedia_mapui'
[LOG 18:15:08.194] AssetLoader: Loaded mod bundle 'kspedia_orbitalbasics-atmosphere'
[LOG 18:15:08.194] AssetLoader: Loaded mod bundle 'kspedia_orbitalbasics-gettingbackdown'
[LOG 18:15:08.194] AssetLoader: Loaded mod bundle 'kspedia_orbitalbasics-gettingupthere'
[LOG 18:15:08.195] AssetLoader: Loaded mod bundle 'kspedia_orbitalbasics-gravityturn'
[LOG 18:15:08.195] AssetLoader: Loaded mod bundle 'kspedia_orbitalbasics-orbits'
[LOG 18:15:08.195] AssetLoader: Loaded mod bundle 'kspedia_orbitalbasics-stayingupthere'
[LOG 18:15:08.195] AssetLoader: Loaded mod bundle 'kspedia_orbitalbasics'
[LOG 18:15:08.196] AssetLoader: Loaded mod bundle 'kspedia_orbitaldefinitions-appe'
[LOG 18:15:08.196] AssetLoader: Loaded mod bundle 'kspedia_orbitaldefinitions-dirandinc'
[LOG 18:15:08.196] AssetLoader: Loaded mod bundle 'kspedia_orbitaldefinitions-directions'
[LOG 18:15:08.196] AssetLoader: Loaded mod bundle 'kspedia_orbitaldefinitions-eccentricity'
[LOG 18:15:08.197] AssetLoader: Loaded mod bundle 'kspedia_orbitaldefinitions'
[LOG 18:15:08.197] AssetLoader: Loaded mod bundle 'kspedia_orbitalmaneuvers-adjustinginclination'
[LOG 18:15:08.197] AssetLoader: Loaded mod bundle 'kspedia_orbitalmaneuvers-deltav'
[LOG 18:15:08.197] AssetLoader: Loaded mod bundle 'kspedia_orbitalmaneuvers-efficiency'
[LOG 18:15:08.198] AssetLoader: Loaded mod bundle 'kspedia_orbitalmaneuvers-hohmanntransfer'
[LOG 18:15:08.198] AssetLoader: Loaded mod bundle 'kspedia_orbitalmaneuvers-hohmanntransfer2'
[LOG 18:15:08.198] AssetLoader: Loaded mod bundle 'kspedia_orbitalmaneuvers-orbittypes'
[LOG 18:15:08.198] AssetLoader: Loaded mod bundle 'kspedia_orbitalmaneuvers-radandantirad'
[LOG 18:15:08.199] AssetLoader: Loaded mod bundle 'kspedia_orbitalmaneuvers-shapingup'
[LOG 18:15:08.199] AssetLoader: Loaded mod bundle 'kspedia_orbitalmaneuvers'
[LOG 18:15:08.199] AssetLoader: Loaded mod bundle 'kspedia_planets-dres'
[LOG 18:15:08.199] AssetLoader: Loaded mod bundle 'kspedia_planets-duna'
[LOG 18:15:08.200] AssetLoader: Loaded mod bundle 'kspedia_planets-eeloo'
[LOG 18:15:08.200] AssetLoader: Loaded mod bundle 'kspedia_planets-eve'
[LOG 18:15:08.200] AssetLoader: Loaded mod bundle 'kspedia_planets-jool'
[LOG 18:15:08.200] AssetLoader: Loaded mod bundle 'kspedia_planets-kerbin'
[LOG 18:15:08.201] AssetLoader: Loaded mod bundle 'kspedia_planets-moho'
[LOG 18:15:08.201] AssetLoader: Loaded mod bundle 'kspedia_planets-sun'
[LOG 18:15:08.201] AssetLoader: Loaded mod bundle 'kspedia_planets-system'
[LOG 18:15:08.201] AssetLoader: Loaded mod bundle 'kspedia_resources-asteroidmining'
[LOG 18:15:08.202] AssetLoader: Loaded mod bundle 'kspedia_resources-conversionmanagement'
[LOG 18:15:08.202] AssetLoader: Loaded mod bundle 'kspedia_resources-drilling'
[LOG 18:15:08.202] AssetLoader: Loaded mod bundle 'kspedia_resources-findingit'
[LOG 18:15:08.202] AssetLoader: Loaded mod bundle 'kspedia_resources-findingit2'
[LOG 18:15:08.203] AssetLoader: Loaded mod bundle 'kspedia_resources-storageandconversion'
[LOG 18:15:08.203] AssetLoader: Loaded mod bundle 'kspedia_resources'
[LOG 18:15:08.203] AssetLoader: Loaded mod bundle 'kspedia_rocketry'
[LOG 18:15:08.203] AssetLoader: Loaded mod bundle 'kspedia_rocketryadvanced-fairings'
[LOG 18:15:08.204] AssetLoader: Loaded mod bundle 'kspedia_rocketryadvanced-girders'
[LOG 18:15:08.204] AssetLoader: Loaded mod bundle 'kspedia_rocketryadvanced'
[LOG 18:15:08.204] AssetLoader: Loaded mod bundle 'kspedia_rocketrybasics'
[LOG 18:15:08.204] AssetLoader: Loaded mod bundle 'kspedia_rocketrybasicsaero'
[LOG 18:15:08.205] AssetLoader: Loaded mod bundle 'kspedia_rocketrybasicscentered'
[LOG 18:15:08.205] AssetLoader: Loaded mod bundle 'kspedia_rocketrybasicschutes'
[LOG 18:15:08.205] AssetLoader: Loaded mod bundle 'kspedia_rocketrybasicscontrol'
[LOG 18:15:08.205] AssetLoader: Loaded mod bundle 'kspedia_rocketrybasicsecrecharging'
[LOG 18:15:08.206] AssetLoader: Loaded mod bundle 'kspedia_rocketrybasicsengines'
[LOG 18:15:08.206] AssetLoader: Loaded mod bundle 'kspedia_rocketrybasicsforces'
[LOG 18:15:08.206] AssetLoader: Loaded mod bundle 'kspedia_rocketrybasicshatchesandladders'
[LOG 18:15:08.206] AssetLoader: Loaded mod bundle 'kspedia_rocketrybasicshibernation'
[LOG 18:15:08.207] AssetLoader: Loaded mod bundle 'kspedia_rocketrybasicsresources'
[LOG 18:15:08.207] AssetLoader: Loaded mod bundle 'kspedia_rocketrybasicsservicecontainers'
[LOG 18:15:08.207] AssetLoader: Loaded mod bundle 'kspedia_rocketrybasicsstability'
[LOG 18:15:08.207] AssetLoader: Loaded mod bundle 'kspedia_rocketrybasicsstabilityassist'
[LOG 18:15:08.208] AssetLoader: Loaded mod bundle 'kspedia_rocketrybasicsstaging'
[LOG 18:15:08.208] AssetLoader: Loaded mod bundle 'kspedia_rocketrybasicssymmetry'
[LOG 18:15:08.208] AssetLoader: Loaded mod bundle 'kspedia_science'
[LOG 18:15:08.208] AssetLoader: Loaded mod bundle 'kspedia_sciencedata'
[LOG 18:15:08.209] AssetLoader: Loaded mod bundle 'kspedia_scienceexperiments'
[LOG 18:15:08.209] AssetLoader: Loaded mod bundle 'kspedia_sciencelab'
[LOG 18:15:08.209] AssetLoader: Loaded mod bundle 'kspedia_sciencetransmitted'
[LOG 18:15:08.209] AssetLoader: Loaded mod bundle 'kspedia_spacetravel'
[LOG 18:15:08.210] AssetLoader: Loaded mod bundle 'kspedia_variantswitcher'
[LOG 18:15:08.210] AssetLoader: Loaded mod bundle 'kspfonts'
[LOG 18:15:08.360] AssetLoader: Loaded bundle 'squadcore'
[LOG 18:15:08.361] AssetLoader: Loaded bundle 'squadcorefx'
[LOG 18:15:08.361] AssetLoader: Loaded mod bundle 'kspedia_builder'
[LOG 18:15:08.361] AssetLoader: Loaded mod bundle 'kspedia_buildertoolbar'
[LOG 18:15:08.361] AssetLoader: Loaded mod bundle 'kspedia_canvas'
[LOG 18:15:08.362] AssetLoader: Loaded mod bundle 'kspedia_exportingvalidation'
[LOG 18:15:08.362] AssetLoader: Loaded mod bundle 'kspedia_flight'
[LOG 18:15:08.362] AssetLoader: Loaded mod bundle 'kspedia_flightapp'
[LOG 18:15:08.362] AssetLoader: Loaded mod bundle 'kspedia_gap'
[LOG 18:15:08.363] AssetLoader: Loaded mod bundle 'kspedia_gaptools'
[LOG 18:15:08.363] AssetLoader: Loaded mod bundle 'kspedia_makinghistory'
[LOG 18:15:08.363] AssetLoader: Loaded mod bundle 'kspedia_missionbriefing'
[LOG 18:15:08.363] AssetLoader: Loaded mod bundle 'kspedia_nodedocking'
[LOG 18:15:08.364] AssetLoader: Loaded mod bundle 'kspedia_nodesconnectors'
[LOG 18:15:08.364] AssetLoader: Loaded mod bundle 'kspedia_sap'
[LOG 18:15:08.364] AssetLoader: Loaded mod bundle 'kspedia_sidebar'
[LOG 18:15:08.365] AssetLoader: Loaded mod bundle 'kspedia_testingcheckpoints'
[LOG 18:15:08.365] AssetLoader: Loaded bundle 'makinghistory'
[LOG 18:15:08.365] AssetLoader: Loaded mod bundle 'kspedia_bladecyclic-collective-behaviour'
[LOG 18:15:08.365] AssetLoader: Loaded mod bundle 'kspedia_bladecyclic-collective-controls'
[LOG 18:15:08.366] AssetLoader: Loaded mod bundle 'kspedia_deployedscience-experiments'
[LOG 18:15:08.366] AssetLoader: Loaded mod bundle 'kspedia_deployedscience'
[LOG 18:15:08.366] AssetLoader: Loaded mod bundle 'kspedia_grippads'
[LOG 18:15:08.367] AssetLoader: Loaded mod bundle 'kspedia_layindtracks'
[LOG 18:15:08.367] AssetLoader: Loaded mod bundle 'kspedia_propellers'
[LOG 18:15:08.367] AssetLoader: Loaded mod bundle 'kspedia_propellersaerodynamics'
[LOG 18:15:08.367] AssetLoader: Loaded mod bundle 'kspedia_roboticcontroller'
[LOG 18:15:08.368] AssetLoader: Loaded mod bundle 'kspedia_roboticparts'
[LOG 18:15:08.368] AssetLoader: Loaded mod bundle 'kspedia_surface features-overview'
[LOG 18:15:08.368] AssetLoader: Loaded mod bundle 'kspedia_surface features-roverarmdetails'
[LOG 18:15:08.368] AssetLoader: Loaded mod bundle 'kspedia_trackeditor'
[LOG 18:15:08.369] AssetLoader: Loaded mod bundle 'kspedia_trackeditortoolbar'
[LOG 18:15:08.369] AssetLoader: Loaded mod bundle 'serenity'
[LOG 18:15:08.370] AssetLoader: Finished loading. 226 bundle definitions loaded.
[LOG 18:15:08.371] Compiling Configs:
[LOG 18:15:08.371] Config(PHYSICSGLOBALS) /Physics/PHYSICSGLOBALS
[LOG 18:15:08.371] Config(KSP_COMMUNITY_FIXES) KSPCommunityFixes/Settings/KSP_COMMUNITY_FIXES
[LOG 18:15:08.371] Config(Localization) KSPCommunityFixes/Localization/en-us/Localization
[LOG 18:15:08.371] Config(Localization) KSPCommunityFixes/Localization/fr-fr/Localization
[LOG 18:15:08.371] Config(Localization) KSPCommunityFixes/Localization/ru/Localization
[LOG 18:15:08.371] Config(Localization) KSPCommunityFixes/Localization/zh-cn/Localization
[LOG 18:15:08.371] Config(@PART[*]:HAS[@MODULE[ModuleDockingNodeFixed]]:NEEDS[FixDockingNodes]:FINAL) KSPCommunityFixes/MMPatches/ModSupport/FixDockingNodes/@PART[*]:HAS[@MODULE[ModuleDockingNodeFixed]]:NEEDS[FixDockingNodes]:FINAL
[LOG 18:15:08.371] Config(@PART[*]:HAS[@MODULE[Refunding]]:LAST[999_KSP-Recall]) KSPCommunityFixes/MMPatches/ModSupport/KSPRecall/@PART[*]:HAS[@MODULE[Refunding]]:LAST[999_KSP-Recall]
[LOG 18:15:08.371] Config(@PART[*]:HAS[#hasRefundingOnRecovery[?rue]]:LAST[999_KSP-Recall]) KSPCommunityFixes/MMPatches/ModSupport/KSPRecall/@PART[*]:HAS[#hasRefundingOnRecovery[?rue]]:LAST[999_KSP-Recall]
[LOG 18:15:08.371] Config(@PART[*]:HAS[#hasRefundingOnRecovery]:LAST[999_KSP-Recall]) KSPCommunityFixes/MMPatches/ModSupport/KSPRecall/@PART[*]:HAS[#hasRefundingOnRecovery]:LAST[999_KSP-Recall]
[LOG 18:15:08.371] Config(@KSP-Recall:LAST[999_KSP-Recall]) KSPCommunityFixes/MMPatches/ModSupport/KSPRecall/@KSP-Recall:LAST[999_KSP-Recall]
[LOG 18:15:08.371] Config(@KSP-Recall:HAS[#hasRefundingOnRecovery[?rue]]:LAST[999_KSP-Recall]) KSPCommunityFixes/MMPatches/ModSupport/KSPRecall/@KSP-Recall:HAS[#hasRefundingOnRecovery[?rue]]:LAST[999_KSP-Recall]
[LOG 18:15:08.371] Config(@KSP-Recall:HAS[#hasRefundingOnRecovery]:LAST[999_KSP-Recall]) KSPCommunityFixes/MMPatches/ModSupport/KSPRecall/@KSP-Recall:HAS[#hasRefundingOnRecovery]:LAST[999_KSP-Recall]
[LOG 18:15:08.372] Config(@KSP_COMMUNITY_FIXES:NEEDS[AttachedOnEditor]) KSPCommunityFixes/MMPatches/ModSupport/KSPRecall/@KSP_COMMUNITY_FIXES:NEEDS[AttachedOnEditor]
[LOG 18:15:08.372] Config(@KSP_COMMUNITY_FIXES:NEEDS[UniversalStorage2]) KSPCommunityFixes/MMPatches/ModSupport/UniversalStorage/@KSP_COMMUNITY_FIXES:NEEDS[UniversalStorage2]
[LOG 18:15:08.372] Config(@PART[telescopicLadderBay]:FIRST) KSPCommunityFixes/MMPatches/StockTweaks/LadderToggleableLight/@PART[telescopicLadderBay]:FIRST
[LOG 18:15:08.372] Config(@PART[telescopicLadderBay]:HAS[#LadderToggleableLight[?rue]]:FIRST) KSPCommunityFixes/MMPatches/StockTweaks/LadderToggleableLight/@PART[telescopicLadderBay]:HAS[#LadderToggleableLight[?rue]]:FIRST
[LOG 18:15:08.372] Config(@PART[telescopicLadderBay]:HAS[#LadderToggleableLight]:FIRST) KSPCommunityFixes/MMPatches/StockTweaks/LadderToggleableLight/@PART[telescopicLadderBay]:HAS[#LadderToggleableLight]:FIRST
[LOG 18:15:08.372] Config(@PART[GearSmall]:FIRST) KSPCommunityFixes/MMPatches/StockTweaks/LandingGearLights/@PART[GearSmall]:FIRST
[LOG 18:15:08.372] Config(@PART[SmallGearBay]:FIRST) KSPCommunityFixes/MMPatches/StockTweaks/LandingGearLights/@PART[SmallGearBay]:FIRST
[LOG 18:15:08.372] Config(@PART[sasModule]:FOR[KSPCommunityFixes]) KSPCommunityFixes/MMPatches/StockTweaks/ManufacturerFixes/@PART[sasModule]:FOR[KSPCommunityFixes]
[LOG 18:15:08.372] Config(@PART[xenonTankRadial]:FOR[KSPCommunityFixes]) KSPCommunityFixes/MMPatches/StockTweaks/ManufacturerFixes/@PART[xenonTankRadial]:FOR[KSPCommunityFixes]
[LOG 18:15:08.372] Config(@PART[winglet|fireworksLauncherSmall|fireworksLauncherBig]:FOR[KSPCommunityFixes]) KSPCommunityFixes/MMPatches/StockTweaks/ManufacturerFixes/@PART[winglet|fireworksLauncherSmall|fireworksLauncherBig]:FOR[KSPCommunityFixes]
[LOG 18:15:08.372] Config(@PART[solidBooster_sm_v2|solidBooster_v2]:FOR[KSPCommunityFixes]) KSPCommunityFixes/MMPatches/StockTweaks/ManufacturerFixes/@PART[solidBooster_sm_v2|solidBooster_v2]:FOR[KSPCommunityFixes]
[LOG 18:15:08.372] Config(@PART[ServiceBay_125_v2|ServiceBay_250_v2]:FOR[KSPCommunityFixes]) KSPCommunityFixes/MMPatches/StockTweaks/ManufacturerFixes/@PART[ServiceBay_125_v2|ServiceBay_250_v2]:FOR[KSPCommunityFixes]
[LOG 18:15:08.372] Config(@PART[externalTankCapsule]:FOR[KSPCommunityFixes]) KSPCommunityFixes/MMPatches/StockTweaks/ManufacturerFixes/@PART[externalTankCapsule]:FOR[KSPCommunityFixes]
[LOG 18:15:08.372] Config(@PART[RCSFuelTank|rcsTankMini|RCSTank1-2]:FOR[KSPCommunityFixes]) KSPCommunityFixes/MMPatches/StockTweaks/ManufacturerFixes/@PART[RCSFuelTank|rcsTankMini|RCSTank1-2]:FOR[KSPCommunityFixes]
[LOG 18:15:08.372] Config(@PART[landerCabinSmall]:FOR[KSPCommunityFixes]) KSPCommunityFixes/MMPatches/StockTweaks/ManufacturerFixes/@PART[landerCabinSmall]:FOR[KSPCommunityFixes]
[LOG 18:15:08.372] Config(@PART[dockingPortLateral]:FOR[KSPCommunityFixes]) KSPCommunityFixes/MMPatches/StockTweaks/ManufacturerFixes/@PART[dockingPortLateral]:FOR[KSPCommunityFixes]
[LOG 18:15:08.372] Config(@PART[EnginePlate4]:FOR[KSPCommunityFixes]:NEEDS[SquadExpansion/MakingHistory]) KSPCommunityFixes/MMPatches/StockTweaks/ManufacturerFixes/@PART[EnginePlate4]:FOR[KSPCommunityFixes]:NEEDS[SquadExpansion/MakingHistory]
[LOG 18:15:08.372] Config(@PART[Mk2Pod]:FOR[KSPCommunityFixes]:NEEDS[SquadExpansion/MakingHistory]) KSPCommunityFixes/MMPatches/StockTweaks/ManufacturerFixes/@PART[Mk2Pod]:FOR[KSPCommunityFixes]:NEEDS[SquadExpansion/MakingHistory]
[LOG 18:15:08.372] Config(@PART[evaChute|parachuteSingle|parachuteRadial|radialDrogue|parachuteLarge|parachuteDrogue]:FOR[KSPCommunityFixes]) KSPCommunityFixes/MMPatches/StockTweaks/ManufacturerFixes/@PART[evaChute|parachuteSingle|parachuteRadial|radialDrogue|parachuteLarge|parachuteDrogue]:FOR[KSPCommunityFixes]
[LOG 18:15:08.372] Config(@PART[stackPoint1|dockingPort1|dockingPort2|dockingPort3|dockingPortLarge]:FOR[KSPCommunityFixes]) KSPCommunityFixes/MMPatches/StockTweaks/ManufacturerFixes/@PART[stackPoint1|dockingPort1|dockingPort2|dockingPort3|dockingPortLarge]:FOR[KSPCommunityFixes]
[LOG 18:15:08.372] Config(AGENT) KSPCommunityFixes/MMPatches/StockTweaks/ManufacturerFixes/Clamp-O-Tron
[LOG 18:15:08.372] Config(AGENT) KSPCommunityFixes/MMPatches/StockTweaks/ManufacturerFixes/FreeFall Parachutes
[LOG 18:15:08.372] Config(AGENT) KSPCommunityFixes/MMPatches/StockTweaks/ManufacturerFixes/LightYear Tire Company
[LOG 18:15:08.372] Config(AGENT) KSPCommunityFixes/MMPatches/StockTweaks/ManufacturerFixes/Stratus Corporation
[LOG 18:15:08.372] Config(Localization) KSPCommunityFixes/MMPatches/StockTweaks/ManufacturerFixes/Localization
[LOG 18:15:08.372] Config(AGENT) Squad/Agencies/Agents/C7 Aerospace Division
[LOG 18:15:08.372] Config(AGENT) Squad/Agencies/Agents/Dinkelstein Kerman's Construction Emporium
[LOG 18:15:08.372] Config(AGENT) Squad/Agencies/Agents/Experimental Engineering Group
[LOG 18:15:08.372] Config(AGENT) Squad/Agencies/Agents/FLOOYD Dynamics Research Labs
[LOG 18:15:08.373] Config(AGENT) Squad/Agencies/Agents/Goliath National Products
[LOG 18:15:08.373] Config(AGENT) Squad/Agencies/Agents/Integrated Integrals
[LOG 18:15:08.373] Config(AGENT) Squad/Agencies/Agents/Ionic Symphonic Protonic Electronics
[LOG 18:15:08.373] Config(AGENT) Squad/Agencies/Agents/Jebediah Kerman's Junkyard and Spacecraft Parts Co
[LOG 18:15:08.373] Config(AGENT) Squad/Agencies/Agents/Kerbal Motion LLC
[LOG 18:15:08.373] Config(AGENT) Squad/Agencies/Agents/Kerbin World-Firsts Record-Keeping Society
[LOG 18:15:08.373] Config(AGENT) Squad/Agencies/Agents/Kerbodyne
[LOG 18:15:08.373] Config(AGENT) Squad/Agencies/Agents/Kerlington Model Rockets and Paper Products Inc
[LOG 18:15:08.373] Config(AGENT) Squad/Agencies/Agents/Maxo Construction Toys
[LOG 18:15:08.373] Config(AGENT) Squad/Agencies/Agents/Moving Parts Experts Group
[LOG 18:15:08.373] Config(AGENT) Squad/Agencies/Agents/O.M.B. Demolition Enterprises
[LOG 18:15:08.373] Config(AGENT) Squad/Agencies/Agents/Periapsis Rocket Supplies Co
[LOG 18:15:08.373] Config(AGENT) Squad/Agencies/Agents/Probodobodyne Inc
[LOG 18:15:08.373] Config(AGENT) Squad/Agencies/Agents/Research & Development Department
[LOG 18:15:08.373] Config(AGENT) Squad/Agencies/Agents/Reaction Systems Ltd
[LOG 18:15:08.373] Config(AGENT) Squad/Agencies/Agents/Rockomax Conglomerate
[LOG 18:15:08.373] Config(AGENT) Squad/Agencies/Agents/Rokea Inc
[LOG 18:15:08.373] Config(AGENT) Squad/Agencies/Agents/Sean's Cannery
[LOG 18:15:08.373] Config(AGENT) Squad/Agencies/Agents/STEADLER Engineering Corps
[LOG 18:15:08.373] Config(AGENT) Squad/Agencies/Agents/StrutCo
[LOG 18:15:08.373] Config(AGENT) Squad/Agencies/Agents/Vac-Co Advanced Suction Systems
[LOG 18:15:08.373] Config(AGENT) Squad/Agencies/Agents/WinterOwl Aircraft Emporium
[LOG 18:15:08.373] Config(AGENT) Squad/Agencies/Agents/Zaltonic Electronics
[LOG 18:15:08.373] Config(CONTRACT_CONSTRUCTION_PARTS) Squad/Contracts/constructionContractParts/CONTRACT_CONSTRUCTION_PARTS
[LOG 18:15:08.373] Config(Contracts) Squad/Contracts/Contracts/Contracts
[LOG 18:15:08.373] Config(CONTRACTCRAFT) Squad/Contracts/PrebuiltCraft/prebuiltData/CONTRACTCRAFT
[LOG 18:15:08.373] Config(CONTRACTCRAFT) Squad/Contracts/PrebuiltCraft/OrbitalConstructionContract/orbitalConstructionContractCraft/CONTRACTCRAFT
[LOG 18:15:08.373] Config(CONTRACTCRAFT) Squad/Contracts/PrebuiltCraft/RepairContract/repairContractCraft/CONTRACTCRAFT
[LOG 18:15:08.373] Config(CONTRACTCRAFT) Squad/Contracts/PrebuiltCraft/RoverContract/roverContractCraft/CONTRACTCRAFT
[LOG 18:15:08.374] Config(KEYBOARD_LAYOUT) Squad/Controls/Azerty/#autoLOC_6001233
[LOG 18:15:08.374] Config(PITCH_DOWN) Squad/Controls/Azerty/PITCH_DOWN
[LOG 18:15:08.374] Config(PITCH_UP) Squad/Controls/Azerty/PITCH_UP
[LOG 18:15:08.374] Config(YAW_LEFT) Squad/Controls/Azerty/YAW_LEFT
[LOG 18:15:08.374] Config(YAW_RIGHT) Squad/Controls/Azerty/YAW_RIGHT
[LOG 18:15:08.374] Config(ROLL_LEFT) Squad/Controls/Azerty/ROLL_LEFT
[LOG 18:15:08.374] Config(ROLL_RIGHT) Squad/Controls/Azerty/ROLL_RIGHT
[LOG 18:15:08.374] Config(THROTTLE_UP) Squad/Controls/Azerty/THROTTLE_UP
[LOG 18:15:08.374] Config(THROTTLE_DOWN) Squad/Controls/Azerty/THROTTLE_DOWN
[LOG 18:15:08.374] Config(SAS_HOLD) Squad/Controls/Azerty/SAS_HOLD
[LOG 18:15:08.374] Config(SAS_TOGGLE) Squad/Controls/Azerty/SAS_TOGGLE
[LOG 18:15:08.374] Config(LAUNCH_STAGES) Squad/Controls/Azerty/LAUNCH_STAGES
[LOG 18:15:08.374] Config(Docking_toggleRotLin) Squad/Controls/Azerty/Docking_toggleRotLin
[LOG 18:15:08.374] Config(CAMERA_MODE) Squad/Controls/Azerty/CAMERA_MODE
[LOG 18:15:08.374] Config(CAMERA_NEXT) Squad/Controls/Azerty/CAMERA_NEXT
[LOG 18:15:08.374] Config(PAUSE) Squad/Controls/Azerty/PAUSE
[LOG 18:15:08.374] Config(PRECISION_CTRL) Squad/Controls/Azerty/PRECISION_CTRL
[LOG 18:15:08.374] Config(ZOOM_IN) Squad/Controls/Azerty/ZOOM_IN
[LOG 18:15:08.374] Config(ZOOM_OUT) Squad/Controls/Azerty/ZOOM_OUT
[LOG 18:15:08.374] Config(SCROLL_VIEW_UP) Squad/Controls/Azerty/SCROLL_VIEW_UP
[LOG 18:15:08.374] Config(SCROLL_VIEW_DOWN) Squad/Controls/Azerty/SCROLL_VIEW_DOWN
[LOG 18:15:08.374] Config(SCROLL_ICONS_UP) Squad/Controls/Azerty/SCROLL_ICONS_UP
[LOG 18:15:08.374] Config(SCROLL_ICONS_DOWN) Squad/Controls/Azerty/SCROLL_ICONS_DOWN
[LOG 18:15:08.374] Config(CAMERA_ORBIT_UP) Squad/Controls/Azerty/CAMERA_ORBIT_UP
[LOG 18:15:08.374] Config(CAMERA_ORBIT_DOWN) Squad/Controls/Azerty/CAMERA_ORBIT_DOWN
[LOG 18:15:08.374] Config(CAMERA_ORBIT_LEFT) Squad/Controls/Azerty/CAMERA_ORBIT_LEFT
[LOG 18:15:08.374] Config(CAMERA_ORBIT_RIGHT) Squad/Controls/Azerty/CAMERA_ORBIT_RIGHT
[LOG 18:15:08.374] Config(CAMERA_RESET) Squad/Controls/Azerty/CAMERA_RESET
[LOG 18:15:08.374] Config(CAMERA_MOUSE_TOGGLE) Squad/Controls/Azerty/CAMERA_MOUSE_TOGGLE
[LOG 18:15:08.374] Config(TIME_WARP_INCREASE) Squad/Controls/Azerty/TIME_WARP_INCREASE
[LOG 18:15:08.374] Config(TIME_WARP_DECREASE) Squad/Controls/Azerty/TIME_WARP_DECREASE
[LOG 18:15:08.374] Config(TIME_WARP_STOP) Squad/Controls/Azerty/TIME_WARP_STOP
[LOG 18:15:08.375] Config(MAP_VIEW_TOGGLE) Squad/Controls/Azerty/MAP_VIEW_TOGGLE
[LOG 18:15:08.375] Config(NAVBALL_TOGGLE) Squad/Controls/Azerty/NAVBALL_TOGGLE
[LOG 18:15:08.375] Config(UIMODE_STAGING) Squad/Controls/Azerty/UIMODE_STAGING
[LOG 18:15:08.375] Config(UIMODE_DOCKING) Squad/Controls/Azerty/UIMODE_DOCKING
[LOG 18:15:08.375] Config(TRANSLATE_DOWN) Squad/Controls/Azerty/TRANSLATE_DOWN
[LOG 18:15:08.375] Config(TRANSLATE_UP) Squad/Controls/Azerty/TRANSLATE_UP
[LOG 18:15:08.375] Config(TRANSLATE_LEFT) Squad/Controls/Azerty/TRANSLATE_LEFT
[LOG 18:15:08.375] Config(TRANSLATE_RIGHT) Squad/Controls/Azerty/TRANSLATE_RIGHT
[LOG 18:15:08.375] Config(TRANSLATE_FWD) Squad/Controls/Azerty/TRANSLATE_FWD
[LOG 18:15:08.375] Config(TRANSLATE_BACK) Squad/Controls/Azerty/TRANSLATE_BACK
[LOG 18:15:08.375] Config(RCS_TOGGLE) Squad/Controls/Azerty/RCS_TOGGLE
[LOG 18:15:08.375] Config(FOCUS_NEXT_VESSEL) Squad/Controls/Azerty/FOCUS_NEXT_VESSEL
[LOG 18:15:08.375] Config(FOCUS_PREV_VESSEL) Squad/Controls/Azerty/FOCUS_PREV_VESSEL
[LOG 18:15:08.375] Config(TOGGLE_UI) Squad/Controls/Azerty/TOGGLE_UI
[LOG 18:15:08.375] Config(TOGGLE_STATUS_SCREEN) Squad/Controls/Azerty/TOGGLE_STATUS_SCREEN
[LOG 18:15:08.375] Config(TAKE_SCREENSHOT) Squad/Controls/Azerty/TAKE_SCREENSHOT
[LOG 18:15:08.375] Config(TOGGLE_LABELS) Squad/Controls/Azerty/TOGGLE_LABELS
[LOG 18:15:08.375] Config(TOGGLE_TEMP_GAUGES) Squad/Controls/Azerty/TOGGLE_TEMP_GAUGES
[LOG 18:15:08.375] Config(TOGGLE_TEMP_OVERLAY) Squad/Controls/Azerty/TOGGLE_TEMP_OVERLAY
[LOG 18:15:08.375] Config(TOGGLE_FLIGHT_FORCES) Squad/Controls/Azerty/TOGGLE_FLIGHT_FORCES
[LOG 18:15:08.375] Config(QUICKSAVE) Squad/Controls/Azerty/QUICKSAVE
[LOG 18:15:08.376] Config(QUICKLOAD) Squad/Controls/Azerty/QUICKLOAD
[LOG 18:15:08.376] Config(THROTTLE_CUTOFF) Squad/Controls/Azerty/THROTTLE_CUTOFF
[LOG 18:15:08.376] Config(THROTTLE_FULL) Squad/Controls/Azerty/THROTTLE_FULL
[LOG 18:15:08.376] Config(LANDING_GEAR) Squad/Controls/Azerty/LANDING_GEAR
[LOG 18:15:08.376] Config(HEADLIGHT_TOGGLE) Squad/Controls/Azerty/HEADLIGHT_TOGGLE
[LOG 18:15:08.376] Config(BRAKES) Squad/Controls/Azerty/BRAKES
[LOG 18:15:08.376] Config(TOGGLE_SPACENAV_FLIGHT_CONTROL) Squad/Controls/Azerty/TOGGLE_SPACENAV_FLIGHT_CONTROL
[LOG 18:15:08.376] Config(TOGGLE_SPACENAV_ROLL_LOCK) Squad/Controls/Azerty/TOGGLE_SPACENAV_ROLL_LOCK
[LOG 18:15:08.376] Config(WHEEL_STEER_LEFT) Squad/Controls/Azerty/WHEEL_STEER_LEFT
[LOG 18:15:08.376] Config(WHEEL_STEER_RIGHT) Squad/Controls/Azerty/WHEEL_STEER_RIGHT
[LOG 18:15:08.376] Config(WHEEL_THROTTLE_DOWN) Squad/Controls/Azerty/WHEEL_THROTTLE_DOWN
[LOG 18:15:08.376] Config(WHEEL_THROTTLE_UP) Squad/Controls/Azerty/WHEEL_THROTTLE_UP
[LOG 18:15:08.376] Config(EVA_forward) Squad/Controls/Azerty/EVA_forward
[LOG 18:15:08.376] Config(EVA_back) Squad/Controls/Azerty/EVA_back
[LOG 18:15:08.376] Config(EVA_left) Squad/Controls/Azerty/EVA_left
[LOG 18:15:08.376] Config(EVA_right) Squad/Controls/Azerty/EVA_right
[LOG 18:15:08.376] Config(EVA_yaw_left) Squad/Controls/Azerty/EVA_yaw_left
[LOG 18:15:08.376] Config(EVA_yaw_right) Squad/Controls/Azerty/EVA_yaw_right
[LOG 18:15:08.376] Config(EVA_Pack_forward) Squad/Controls/Azerty/EVA_Pack_forward
[LOG 18:15:08.376] Config(EVA_Pack_back) Squad/Controls/Azerty/EVA_Pack_back
[LOG 18:15:08.376] Config(EVA_Pack_left) Squad/Controls/Azerty/EVA_Pack_left
[LOG 18:15:08.376] Config(EVA_Pack_right) Squad/Controls/Azerty/EVA_Pack_right
[LOG 18:15:08.376] Config(EVA_Pack_up) Squad/Controls/Azerty/EVA_Pack_up
[LOG 18:15:08.376] Config(EVA_Pack_down) Squad/Controls/Azerty/EVA_Pack_down
[LOG 18:15:08.376] Config(EVA_Jump) Squad/Controls/Azerty/EVA_Jump
[LOG 18:15:08.376] Config(EVA_Run) Squad/Controls/Azerty/EVA_Run
[LOG 18:15:08.376] Config(EVA_ToggleMovementMode) Squad/Controls/Azerty/EVA_ToggleMovementMode
[LOG 18:15:08.376] Config(EVA_TogglePack) Squad/Controls/Azerty/EVA_TogglePack
[LOG 18:15:08.376] Config(EVA_Use) Squad/Controls/Azerty/EVA_Use
[LOG 18:15:08.376] Config(EVA_Board) Squad/Controls/Azerty/EVA_Board
[LOG 18:15:08.377] Config(EVA_Orient) Squad/Controls/Azerty/EVA_Orient
[LOG 18:15:08.377] Config(EVA_Lights) Squad/Controls/Azerty/EVA_Lights
[LOG 18:15:08.377] Config(EVA_ChuteDeploy) Squad/Controls/Azerty/EVA_ChuteDeploy
[LOG 18:15:08.377] Config(Editor_pitchUp) Squad/Controls/Azerty/Editor_pitchUp
[LOG 18:15:08.377] Config(Editor_pitchDown) Squad/Controls/Azerty/Editor_pitchDown
[LOG 18:15:08.377] Config(Editor_yawLeft) Squad/Controls/Azerty/Editor_yawLeft
[LOG 18:15:08.377] Config(Editor_yawRight) Squad/Controls/Azerty/Editor_yawRight
[LOG 18:15:08.377] Config(Editor_rollLeft) Squad/Controls/Azerty/Editor_rollLeft
[LOG 18:15:08.377] Config(Editor_rollRight) Squad/Controls/Azerty/Editor_rollRight
[LOG 18:15:08.377] Config(Editor_resetRotation) Squad/Controls/Azerty/Editor_resetRotation
[LOG 18:15:08.377] Config(Editor_modePlace) Squad/Controls/Azerty/Editor_modePlace
[LOG 18:15:08.377] Config(Editor_modeOffset) Squad/Controls/Azerty/Editor_modeOffset
[LOG 18:15:08.377] Config(Editor_modeRotate) Squad/Controls/Azerty/Editor_modeRotate
[LOG 18:15:08.377] Config(Editor_modeRoot) Squad/Controls/Azerty/Editor_modeRoot
[LOG 18:15:08.377] Config(Editor_coordSystem) Squad/Controls/Azerty/Editor_coordSystem
[LOG 18:15:08.377] Config(Editor_toggleSymMethod) Squad/Controls/Azerty/Editor_toggleSymMethod
[LOG 18:15:08.377] Config(Editor_toggleSymMode) Squad/Controls/Azerty/Editor_toggleSymMode
[LOG 18:15:08.377] Config(Editor_toggleAngleSnap) Squad/Controls/Azerty/Editor_toggleAngleSnap
[LOG 18:15:08.377] Config(Editor_fineTweak) Squad/Controls/Azerty/Editor_fineTweak
[LOG 18:15:08.377] Config(Editor_partSearch) Squad/Controls/Azerty/Editor_partSearch
[LOG 18:15:08.377] Config(Editor_zoomScrollModifier) Squad/Controls/Azerty/Editor_zoomScrollModifier
[LOG 18:15:08.377] Config(MODIFIER_KEY) Squad/Controls/Azerty/MODIFIER_KEY
[LOG 18:15:08.378] Config(AbortActionGroup) Squad/Controls/Azerty/AbortActionGroup
[LOG 18:15:08.378] Config(CustomActionGroup1) Squad/Controls/Azerty/CustomActionGroup1
[LOG 18:15:08.378] Config(CustomActionGroup2) Squad/Controls/Azerty/CustomActionGroup2
[LOG 18:15:08.378] Config(CustomActionGroup3) Squad/Controls/Azerty/CustomActionGroup3
[LOG 18:15:08.378] Config(CustomActionGroup4) Squad/Controls/Azerty/CustomActionGroup4
[LOG 18:15:08.378] Config(CustomActionGroup5) Squad/Controls/Azerty/CustomActionGroup5
[LOG 18:15:08.378] Config(CustomActionGroup6) Squad/Controls/Azerty/CustomActionGroup6
[LOG 18:15:08.378] Config(CustomActionGroup7) Squad/Controls/Azerty/CustomActionGroup7
[LOG 18:15:08.378] Config(CustomActionGroup8) Squad/Controls/Azerty/CustomActionGroup8
[LOG 18:15:08.378] Config(CustomActionGroup9) Squad/Controls/Azerty/CustomActionGroup9
[LOG 18:15:08.378] Config(CustomActionGroup10) Squad/Controls/Azerty/CustomActionGroup10
[LOG 18:15:08.378] Config(KEY_MAP) Squad/Controls/Azerty/KEY_MAP
[LOG 18:15:08.378] Config(KEYBOARD_LAYOUT) Squad/Controls/Dvorak/#autoLOC_6001234
[LOG 18:15:08.378] Config(PITCH_DOWN) Squad/Controls/Dvorak/PITCH_DOWN
[LOG 18:15:08.378] Config(PITCH_UP) Squad/Controls/Dvorak/PITCH_UP
[LOG 18:15:08.378] Config(YAW_LEFT) Squad/Controls/Dvorak/YAW_LEFT
[LOG 18:15:08.378] Config(YAW_RIGHT) Squad/Controls/Dvorak/YAW_RIGHT
[LOG 18:15:08.378] Config(ROLL_LEFT) Squad/Controls/Dvorak/ROLL_LEFT
[LOG 18:15:08.378] Config(ROLL_RIGHT) Squad/Controls/Dvorak/ROLL_RIGHT
[LOG 18:15:08.378] Config(THROTTLE_UP) Squad/Controls/Dvorak/THROTTLE_UP
[LOG 18:15:08.378] Config(THROTTLE_DOWN) Squad/Controls/Dvorak/THROTTLE_DOWN
[LOG 18:15:08.378] Config(SAS_HOLD) Squad/Controls/Dvorak/SAS_HOLD
[LOG 18:15:08.378] Config(SAS_TOGGLE) Squad/Controls/Dvorak/SAS_TOGGLE
[LOG 18:15:08.378] Config(LAUNCH_STAGES) Squad/Controls/Dvorak/LAUNCH_STAGES
[LOG 18:15:08.378] Config(Docking_toggleRotLin) Squad/Controls/Dvorak/Docking_toggleRotLin
[LOG 18:15:08.378] Config(CAMERA_MODE) Squad/Controls/Dvorak/CAMERA_MODE
[LOG 18:15:08.378] Config(CAMERA_NEXT) Squad/Controls/Dvorak/CAMERA_NEXT
[LOG 18:15:08.378] Config(PAUSE) Squad/Controls/Dvorak/PAUSE
[LOG 18:15:08.378] Config(PRECISION_CTRL) Squad/Controls/Dvorak/PRECISION_CTRL
[LOG 18:15:08.379] Config(ZOOM_IN) Squad/Controls/Dvorak/ZOOM_IN
[LOG 18:15:08.379] Config(ZOOM_OUT) Squad/Controls/Dvorak/ZOOM_OUT
[LOG 18:15:08.379] Config(SCROLL_VIEW_UP) Squad/Controls/Dvorak/SCROLL_VIEW_UP
[LOG 18:15:08.379] Config(SCROLL_VIEW_DOWN) Squad/Controls/Dvorak/SCROLL_VIEW_DOWN
[LOG 18:15:08.379] Config(SCROLL_ICONS_UP) Squad/Controls/Dvorak/SCROLL_ICONS_UP
[LOG 18:15:08.379] Config(SCROLL_ICONS_DOWN) Squad/Controls/Dvorak/SCROLL_ICONS_DOWN
[LOG 18:15:08.379] Config(CAMERA_ORBIT_UP) Squad/Controls/Dvorak/CAMERA_ORBIT_UP
[LOG 18:15:08.379] Config(CAMERA_ORBIT_DOWN) Squad/Controls/Dvorak/CAMERA_ORBIT_DOWN
[LOG 18:15:08.379] Config(CAMERA_ORBIT_LEFT) Squad/Controls/Dvorak/CAMERA_ORBIT_LEFT
[LOG 18:15:08.379] Config(CAMERA_ORBIT_RIGHT) Squad/Controls/Dvorak/CAMERA_ORBIT_RIGHT
[LOG 18:15:08.379] Config(CAMERA_RESET) Squad/Controls/Dvorak/CAMERA_RESET
[LOG 18:15:08.379] Config(CAMERA_MOUSE_TOGGLE) Squad/Controls/Dvorak/CAMERA_MOUSE_TOGGLE
[LOG 18:15:08.379] Config(TIME_WARP_INCREASE) Squad/Controls/Dvorak/TIME_WARP_INCREASE
[LOG 18:15:08.379] Config(TIME_WARP_DECREASE) Squad/Controls/Dvorak/TIME_WARP_DECREASE
[LOG 18:15:08.379] Config(TIME_WARP_STOP) Squad/Controls/Dvorak/TIME_WARP_STOP
[LOG 18:15:08.379] Config(MAP_VIEW_TOGGLE) Squad/Controls/Dvorak/MAP_VIEW_TOGGLE
[LOG 18:15:08.379] Config(NAVBALL_TOGGLE) Squad/Controls/Dvorak/NAVBALL_TOGGLE
[LOG 18:15:08.379] Config(UIMODE_STAGING) Squad/Controls/Dvorak/UIMODE_STAGING
[LOG 18:15:08.379] Config(UIMODE_DOCKING) Squad/Controls/Dvorak/UIMODE_DOCKING
[LOG 18:15:08.379] Config(TRANSLATE_DOWN) Squad/Controls/Dvorak/TRANSLATE_DOWN
[LOG 18:15:08.379] Config(TRANSLATE_UP) Squad/Controls/Dvorak/TRANSLATE_UP
[LOG 18:15:08.379] Config(TRANSLATE_LEFT) Squad/Controls/Dvorak/TRANSLATE_LEFT
[LOG 18:15:08.379] Config(TRANSLATE_RIGHT) Squad/Controls/Dvorak/TRANSLATE_RIGHT
[LOG 18:15:08.379] Config(TRANSLATE_FWD) Squad/Controls/Dvorak/TRANSLATE_FWD
[LOG 18:15:08.379] Config(TRANSLATE_BACK) Squad/Controls/Dvorak/TRANSLATE_BACK
[LOG 18:15:08.379] Config(RCS_TOGGLE) Squad/Controls/Dvorak/RCS_TOGGLE
[LOG 18:15:08.379] Config(FOCUS_NEXT_VESSEL) Squad/Controls/Dvorak/FOCUS_NEXT_VESSEL
[LOG 18:15:08.379] Config(FOCUS_PREV_VESSEL) Squad/Controls/Dvorak/FOCUS_PREV_VESSEL
[LOG 18:15:08.379] Config(TOGGLE_UI) Squad/Controls/Dvorak/TOGGLE_UI
[LOG 18:15:08.380] Config(TOGGLE_STATUS_SCREEN) Squad/Controls/Dvorak/TOGGLE_STATUS_SCREEN
[LOG 18:15:08.380] Config(TAKE_SCREENSHOT) Squad/Controls/Dvorak/TAKE_SCREENSHOT
[LOG 18:15:08.380] Config(TOGGLE_LABELS) Squad/Controls/Dvorak/TOGGLE_LABELS
[LOG 18:15:08.380] Config(TOGGLE_TEMP_GAUGES) Squad/Controls/Dvorak/TOGGLE_TEMP_GAUGES
[LOG 18:15:08.380] Config(TOGGLE_TEMP_OVERLAY) Squad/Controls/Dvorak/TOGGLE_TEMP_OVERLAY
[LOG 18:15:08.380] Config(TOGGLE_FLIGHT_FORCES) Squad/Controls/Dvorak/TOGGLE_FLIGHT_FORCES
[LOG 18:15:08.380] Config(QUICKSAVE) Squad/Controls/Dvorak/QUICKSAVE
[LOG 18:15:08.380] Config(QUICKLOAD) Squad/Controls/Dvorak/QUICKLOAD
[LOG 18:15:08.380] Config(THROTTLE_CUTOFF) Squad/Controls/Dvorak/THROTTLE_CUTOFF
[LOG 18:15:08.380] Config(THROTTLE_FULL) Squad/Controls/Dvorak/THROTTLE_FULL
[LOG 18:15:08.380] Config(LANDING_GEAR) Squad/Controls/Dvorak/LANDING_GEAR
[LOG 18:15:08.380] Config(HEADLIGHT_TOGGLE) Squad/Controls/Dvorak/HEADLIGHT_TOGGLE
[LOG 18:15:08.380] Config(BRAKES) Squad/Controls/Dvorak/BRAKES
[LOG 18:15:08.380] Config(TOGGLE_SPACENAV_FLIGHT_CONTROL) Squad/Controls/Dvorak/TOGGLE_SPACENAV_FLIGHT_CONTROL
[LOG 18:15:08.380] Config(TOGGLE_SPACENAV_ROLL_LOCK) Squad/Controls/Dvorak/TOGGLE_SPACENAV_ROLL_LOCK
[LOG 18:15:08.380] Config(WHEEL_STEER_LEFT) Squad/Controls/Dvorak/WHEEL_STEER_LEFT
[LOG 18:15:08.380] Config(WHEEL_STEER_RIGHT) Squad/Controls/Dvorak/WHEEL_STEER_RIGHT
[LOG 18:15:08.380] Config(WHEEL_THROTTLE_DOWN) Squad/Controls/Dvorak/WHEEL_THROTTLE_DOWN
[LOG 18:15:08.380] Config(WHEEL_THROTTLE_UP) Squad/Controls/Dvorak/WHEEL_THROTTLE_UP
[LOG 18:15:08.380] Config(EVA_forward) Squad/Controls/Dvorak/EVA_forward
[LOG 18:15:08.380] Config(EVA_back) Squad/Controls/Dvorak/EVA_back
[LOG 18:15:08.380] Config(EVA_left) Squad/Controls/Dvorak/EVA_left
[LOG 18:15:08.380] Config(EVA_right) Squad/Controls/Dvorak/EVA_right
[LOG 18:15:08.380] Config(EVA_yaw_left) Squad/Controls/Dvorak/EVA_yaw_left
[LOG 18:15:08.380] Config(EVA_yaw_right) Squad/Controls/Dvorak/EVA_yaw_right
[LOG 18:15:08.380] Config(EVA_Pack_forward) Squad/Controls/Dvorak/EVA_Pack_forward
[LOG 18:15:08.380] Config(EVA_Pack_back) Squad/Controls/Dvorak/EVA_Pack_back
[LOG 18:15:08.380] Config(EVA_Pack_left) Squad/Controls/Dvorak/EVA_Pack_left
[LOG 18:15:08.381] Config(EVA_Pack_right) Squad/Controls/Dvorak/EVA_Pack_right
[LOG 18:15:08.381] Config(EVA_Pack_up) Squad/Controls/Dvorak/EVA_Pack_up
[LOG 18:15:08.381] Config(EVA_Pack_down) Squad/Controls/Dvorak/EVA_Pack_down
[LOG 18:15:08.381] Config(EVA_Jump) Squad/Controls/Dvorak/EVA_Jump
[LOG 18:15:08.381] Config(EVA_Run) Squad/Controls/Dvorak/EVA_Run
[LOG 18:15:08.381] Config(EVA_ToggleMovementMode) Squad/Controls/Dvorak/EVA_ToggleMovementMode
[LOG 18:15:08.381] Config(EVA_TogglePack) Squad/Controls/Dvorak/EVA_TogglePack
[LOG 18:15:08.381] Config(EVA_Use) Squad/Controls/Dvorak/EVA_Use
[LOG 18:15:08.381] Config(EVA_Board) Squad/Controls/Dvorak/EVA_Board
[LOG 18:15:08.381] Config(EVA_Orient) Squad/Controls/Dvorak/EVA_Orient
[LOG 18:15:08.381] Config(EVA_Lights) Squad/Controls/Dvorak/EVA_Lights
[LOG 18:15:08.381] Config(EVA_ChuteDeploy) Squad/Controls/Dvorak/EVA_ChuteDeploy
[LOG 18:15:08.381] Config(Editor_pitchUp) Squad/Controls/Dvorak/Editor_pitchUp
[LOG 18:15:08.381] Config(Editor_pitchDown) Squad/Controls/Dvorak/Editor_pitchDown
[LOG 18:15:08.381] Config(Editor_yawLeft) Squad/Controls/Dvorak/Editor_yawLeft
[LOG 18:15:08.381] Config(Editor_yawRight) Squad/Controls/Dvorak/Editor_yawRight
[LOG 18:15:08.381] Config(Editor_rollLeft) Squad/Controls/Dvorak/Editor_rollLeft
[LOG 18:15:08.381] Config(Editor_rollRight) Squad/Controls/Dvorak/Editor_rollRight
[LOG 18:15:08.381] Config(Editor_resetRotation) Squad/Controls/Dvorak/Editor_resetRotation
[LOG 18:15:08.381] Config(Editor_modePlace) Squad/Controls/Dvorak/Editor_modePlace
[LOG 18:15:08.381] Config(Editor_modeOffset) Squad/Controls/Dvorak/Editor_modeOffset
[LOG 18:15:08.381] Config(Editor_modeRotate) Squad/Controls/Dvorak/Editor_modeRotate
[LOG 18:15:08.381] Config(Editor_modeRoot) Squad/Controls/Dvorak/Editor_modeRoot
[LOG 18:15:08.381] Config(Editor_coordSystem) Squad/Controls/Dvorak/Editor_coordSystem
[LOG 18:15:08.381] Config(Editor_toggleSymMethod) Squad/Controls/Dvorak/Editor_toggleSymMethod
[LOG 18:15:08.381] Config(Editor_toggleSymMode) Squad/Controls/Dvorak/Editor_toggleSymMode
[LOG 18:15:08.381] Config(Editor_toggleAngleSnap) Squad/Controls/Dvorak/Editor_toggleAngleSnap
[LOG 18:15:08.381] Config(Editor_fineTweak) Squad/Controls/Dvorak/Editor_fineTweak
[LOG 18:15:08.382] Config(Editor_partSearch) Squad/Controls/Dvorak/Editor_partSearch
[LOG 18:15:08.382] Config(Editor_zoomScrollModifier) Squad/Controls/Dvorak/Editor_zoomScrollModifier
[LOG 18:15:08.382] Config(MODIFIER_KEY) Squad/Controls/Dvorak/MODIFIER_KEY
[LOG 18:15:08.382] Config(AbortActionGroup) Squad/Controls/Dvorak/AbortActionGroup
[LOG 18:15:08.382] Config(CustomActionGroup1) Squad/Controls/Dvorak/CustomActionGroup1
[LOG 18:15:08.382] Config(CustomActionGroup2) Squad/Controls/Dvorak/CustomActionGroup2
[LOG 18:15:08.382] Config(CustomActionGroup3) Squad/Controls/Dvorak/CustomActionGroup3
[LOG 18:15:08.382] Config(CustomActionGroup4) Squad/Controls/Dvorak/CustomActionGroup4
[LOG 18:15:08.382] Config(CustomActionGroup5) Squad/Controls/Dvorak/CustomActionGroup5
[LOG 18:15:08.382] Config(CustomActionGroup6) Squad/Controls/Dvorak/CustomActionGroup6
[LOG 18:15:08.382] Config(CustomActionGroup7) Squad/Controls/Dvorak/CustomActionGroup7
[LOG 18:15:08.382] Config(CustomActionGroup8) Squad/Controls/Dvorak/CustomActionGroup8
[LOG 18:15:08.382] Config(CustomActionGroup9) Squad/Controls/Dvorak/CustomActionGroup9
[LOG 18:15:08.382] Config(CustomActionGroup10) Squad/Controls/Dvorak/CustomActionGroup10
[LOG 18:15:08.382] Config(KEY_MAP) Squad/Controls/Dvorak/KEY_MAP
[LOG 18:15:08.382] Config(KEYBOARD_LAYOUT) Squad/Controls/Qwerty/#autoLOC_6001227
[LOG 18:15:08.382] Config(PITCH_DOWN) Squad/Controls/Qwerty/PITCH_DOWN
[LOG 18:15:08.382] Config(PITCH_UP) Squad/Controls/Qwerty/PITCH_UP
[LOG 18:15:08.382] Config(YAW_LEFT) Squad/Controls/Qwerty/YAW_LEFT
[LOG 18:15:08.382] Config(YAW_RIGHT) Squad/Controls/Qwerty/YAW_RIGHT
[LOG 18:15:08.382] Config(ROLL_LEFT) Squad/Controls/Qwerty/ROLL_LEFT
[LOG 18:15:08.382] Config(ROLL_RIGHT) Squad/Controls/Qwerty/ROLL_RIGHT
[LOG 18:15:08.382] Config(THROTTLE_UP) Squad/Controls/Qwerty/THROTTLE_UP
[LOG 18:15:08.382] Config(THROTTLE_DOWN) Squad/Controls/Qwerty/THROTTLE_DOWN
[LOG 18:15:08.382] Config(SAS_HOLD) Squad/Controls/Qwerty/SAS_HOLD
[LOG 18:15:08.382] Config(SAS_TOGGLE) Squad/Controls/Qwerty/SAS_TOGGLE
[LOG 18:15:08.382] Config(LAUNCH_STAGES) Squad/Controls/Qwerty/LAUNCH_STAGES
[LOG 18:15:08.382] Config(Docking_toggleRotLin) Squad/Controls/Qwerty/Docking_toggleRotLin
[LOG 18:15:08.382] Config(CAMERA_MODE) Squad/Controls/Qwerty/CAMERA_MODE
[LOG 18:15:08.383] Config(CAMERA_NEXT) Squad/Controls/Qwerty/CAMERA_NEXT
[LOG 18:15:08.383] Config(PAUSE) Squad/Controls/Qwerty/PAUSE
[LOG 18:15:08.383] Config(PRECISION_CTRL) Squad/Controls/Qwerty/PRECISION_CTRL
[LOG 18:15:08.383] Config(ZOOM_IN) Squad/Controls/Qwerty/ZOOM_IN
[LOG 18:15:08.383] Config(ZOOM_OUT) Squad/Controls/Qwerty/ZOOM_OUT
[LOG 18:15:08.383] Config(SCROLL_VIEW_UP) Squad/Controls/Qwerty/SCROLL_VIEW_UP
[LOG 18:15:08.383] Config(SCROLL_VIEW_DOWN) Squad/Controls/Qwerty/SCROLL_VIEW_DOWN
[LOG 18:15:08.383] Config(SCROLL_ICONS_UP) Squad/Controls/Qwerty/SCROLL_ICONS_UP
[LOG 18:15:08.383] Config(SCROLL_ICONS_DOWN) Squad/Controls/Qwerty/SCROLL_ICONS_DOWN
[LOG 18:15:08.383] Config(CAMERA_ORBIT_UP) Squad/Controls/Qwerty/CAMERA_ORBIT_UP
[LOG 18:15:08.383] Config(CAMERA_ORBIT_DOWN) Squad/Controls/Qwerty/CAMERA_ORBIT_DOWN
[LOG 18:15:08.383] Config(CAMERA_ORBIT_LEFT) Squad/Controls/Qwerty/CAMERA_ORBIT_LEFT
[LOG 18:15:08.383] Config(CAMERA_ORBIT_RIGHT) Squad/Controls/Qwerty/CAMERA_ORBIT_RIGHT
[LOG 18:15:08.383] Config(CAMERA_RESET) Squad/Controls/Qwerty/CAMERA_RESET
[LOG 18:15:08.383] Config(CAMERA_MOUSE_TOGGLE) Squad/Controls/Qwerty/CAMERA_MOUSE_TOGGLE
[LOG 18:15:08.383] Config(TIME_WARP_INCREASE) Squad/Controls/Qwerty/TIME_WARP_INCREASE
[LOG 18:15:08.383] Config(TIME_WARP_DECREASE) Squad/Controls/Qwerty/TIME_WARP_DECREASE
[LOG 18:15:08.383] Config(TIME_WARP_STOP) Squad/Controls/Qwerty/TIME_WARP_STOP
[LOG 18:15:08.383] Config(MAP_VIEW_TOGGLE) Squad/Controls/Qwerty/MAP_VIEW_TOGGLE
[LOG 18:15:08.383] Config(NAVBALL_TOGGLE) Squad/Controls/Qwerty/NAVBALL_TOGGLE
[LOG 18:15:08.383] Config(UIMODE_STAGING) Squad/Controls/Qwerty/UIMODE_STAGING
[LOG 18:15:08.383] Config(UIMODE_DOCKING) Squad/Controls/Qwerty/UIMODE_DOCKING
[LOG 18:15:08.383] Config(TRANSLATE_DOWN) Squad/Controls/Qwerty/TRANSLATE_DOWN
[LOG 18:15:08.384] Config(TRANSLATE_UP) Squad/Controls/Qwerty/TRANSLATE_UP
[LOG 18:15:08.384] Config(TRANSLATE_LEFT) Squad/Controls/Qwerty/TRANSLATE_LEFT
[LOG 18:15:08.384] Config(TRANSLATE_RIGHT) Squad/Controls/Qwerty/TRANSLATE_RIGHT
[LOG 18:15:08.384] Config(TRANSLATE_FWD) Squad/Controls/Qwerty/TRANSLATE_FWD
[LOG 18:15:08.384] Config(TRANSLATE_BACK) Squad/Controls/Qwerty/TRANSLATE_BACK
[LOG 18:15:08.384] Config(RCS_TOGGLE) Squad/Controls/Qwerty/RCS_TOGGLE
[LOG 18:15:08.384] Config(FOCUS_NEXT_VESSEL) Squad/Controls/Qwerty/FOCUS_NEXT_VESSEL
[LOG 18:15:08.384] Config(FOCUS_PREV_VESSEL) Squad/Controls/Qwerty/FOCUS_PREV_VESSEL
[LOG 18:15:08.384] Config(TOGGLE_UI) Squad/Controls/Qwerty/TOGGLE_UI
[LOG 18:15:08.384] Config(TOGGLE_STATUS_SCREEN) Squad/Controls/Qwerty/TOGGLE_STATUS_SCREEN
[LOG 18:15:08.384] Config(TAKE_SCREENSHOT) Squad/Controls/Qwerty/TAKE_SCREENSHOT
[LOG 18:15:08.384] Config(TOGGLE_LABELS) Squad/Controls/Qwerty/TOGGLE_LABELS
[LOG 18:15:08.384] Config(TOGGLE_TEMP_GAUGES) Squad/Controls/Qwerty/TOGGLE_TEMP_GAUGES
[LOG 18:15:08.384] Config(TOGGLE_TEMP_OVERLAY) Squad/Controls/Qwerty/TOGGLE_TEMP_OVERLAY
[LOG 18:15:08.384] Config(TOGGLE_FLIGHT_FORCES) Squad/Controls/Qwerty/TOGGLE_FLIGHT_FORCES
[LOG 18:15:08.384] Config(QUICKSAVE) Squad/Controls/Qwerty/QUICKSAVE
[LOG 18:15:08.384] Config(QUICKLOAD) Squad/Controls/Qwerty/QUICKLOAD
[LOG 18:15:08.384] Config(THROTTLE_CUTOFF) Squad/Controls/Qwerty/THROTTLE_CUTOFF
[LOG 18:15:08.384] Config(THROTTLE_FULL) Squad/Controls/Qwerty/THROTTLE_FULL
[LOG 18:15:08.384] Config(LANDING_GEAR) Squad/Controls/Qwerty/LANDING_GEAR
[LOG 18:15:08.384] Config(HEADLIGHT_TOGGLE) Squad/Controls/Qwerty/HEADLIGHT_TOGGLE
[LOG 18:15:08.384] Config(BRAKES) Squad/Controls/Qwerty/BRAKES
[LOG 18:15:08.384] Config(TOGGLE_SPACENAV_FLIGHT_CONTROL) Squad/Controls/Qwerty/TOGGLE_SPACENAV_FLIGHT_CONTROL
[LOG 18:15:08.384] Config(TOGGLE_SPACENAV_ROLL_LOCK) Squad/Controls/Qwerty/TOGGLE_SPACENAV_ROLL_LOCK
[LOG 18:15:08.384] Config(WHEEL_STEER_LEFT) Squad/Controls/Qwerty/WHEEL_STEER_LEFT
[LOG 18:15:08.384] Config(WHEEL_STEER_RIGHT) Squad/Controls/Qwerty/WHEEL_STEER_RIGHT
[LOG 18:15:08.384] Config(WHEEL_THROTTLE_DOWN) Squad/Controls/Qwerty/WHEEL_THROTTLE_DOWN
[LOG 18:15:08.384] Config(WHEEL_THROTTLE_UP) Squad/Controls/Qwerty/WHEEL_THROTTLE_UP
[LOG 18:15:08.384] Config(EVA_forward) Squad/Controls/Qwerty/EVA_forward
[LOG 18:15:08.384] Config(EVA_back) Squad/Controls/Qwerty/EVA_back
[LOG 18:15:08.385] Config(EVA_left) Squad/Controls/Qwerty/EVA_left
[LOG 18:15:08.385] Config(EVA_right) Squad/Controls/Qwerty/EVA_right
[LOG 18:15:08.385] Config(EVA_yaw_left) Squad/Controls/Qwerty/EVA_yaw_left
[LOG 18:15:08.385] Config(EVA_yaw_right) Squad/Controls/Qwerty/EVA_yaw_right
[LOG 18:15:08.385] Config(EVA_Pack_forward) Squad/Controls/Qwerty/EVA_Pack_forward
[LOG 18:15:08.385] Config(EVA_Pack_back) Squad/Controls/Qwerty/EVA_Pack_back
[LOG 18:15:08.385] Config(EVA_Pack_left) Squad/Controls/Qwerty/EVA_Pack_left
[LOG 18:15:08.385] Config(EVA_Pack_right) Squad/Controls/Qwerty/EVA_Pack_right
[LOG 18:15:08.385] Config(EVA_Pack_up) Squad/Controls/Qwerty/EVA_Pack_up
[LOG 18:15:08.385] Config(EVA_Pack_down) Squad/Controls/Qwerty/EVA_Pack_down
[LOG 18:15:08.385] Config(EVA_Jump) Squad/Controls/Qwerty/EVA_Jump
[LOG 18:15:08.385] Config(EVA_Run) Squad/Controls/Qwerty/EVA_Run
[LOG 18:15:08.385] Config(EVA_ToggleMovementMode) Squad/Controls/Qwerty/EVA_ToggleMovementMode
[LOG 18:15:08.385] Config(EVA_TogglePack) Squad/Controls/Qwerty/EVA_TogglePack
[LOG 18:15:08.385] Config(EVA_Use) Squad/Controls/Qwerty/EVA_Use
[LOG 18:15:08.385] Config(EVA_Board) Squad/Controls/Qwerty/EVA_Board
[LOG 18:15:08.385] Config(EVA_Orient) Squad/Controls/Qwerty/EVA_Orient
[LOG 18:15:08.385] Config(EVA_Lights) Squad/Controls/Qwerty/EVA_Lights
[LOG 18:15:08.385] Config(EVA_ChuteDeploy) Squad/Controls/Qwerty/EVA_ChuteDeploy
[LOG 18:15:08.385] Config(Editor_pitchUp) Squad/Controls/Qwerty/Editor_pitchUp
[LOG 18:15:08.385] Config(Editor_pitchDown) Squad/Controls/Qwerty/Editor_pitchDown
[LOG 18:15:08.385] Config(Editor_yawLeft) Squad/Controls/Qwerty/Editor_yawLeft
[LOG 18:15:08.385] Config(Editor_yawRight) Squad/Controls/Qwerty/Editor_yawRight
[LOG 18:15:08.385] Config(Editor_rollLeft) Squad/Controls/Qwerty/Editor_rollLeft
[LOG 18:15:08.385] Config(Editor_rollRight) Squad/Controls/Qwerty/Editor_rollRight
[LOG 18:15:08.385] Config(Editor_resetRotation) Squad/Controls/Qwerty/Editor_resetRotation
[LOG 18:15:08.385] Config(Editor_modePlace) Squad/Controls/Qwerty/Editor_modePlace
[LOG 18:15:08.385] Config(Editor_modeOffset) Squad/Controls/Qwerty/Editor_modeOffset
[LOG 18:15:08.385] Config(Editor_modeRotate) Squad/Controls/Qwerty/Editor_modeRotate
[LOG 18:15:08.385] Config(Editor_modeRoot) Squad/Controls/Qwerty/Editor_modeRoot
[LOG 18:15:08.386] Config(Editor_coordSystem) Squad/Controls/Qwerty/Editor_coordSystem
[LOG 18:15:08.386] Config(Editor_toggleSymMethod) Squad/Controls/Qwerty/Editor_toggleSymMethod
[LOG 18:15:08.386] Config(Editor_toggleSymMode) Squad/Controls/Qwerty/Editor_toggleSymMode
[LOG 18:15:08.386] Config(Editor_toggleAngleSnap) Squad/Controls/Qwerty/Editor_toggleAngleSnap
[LOG 18:15:08.386] Config(Editor_fineTweak) Squad/Controls/Qwerty/Editor_fineTweak
[LOG 18:15:08.386] Config(Editor_partSearch) Squad/Controls/Qwerty/Editor_partSearch
[LOG 18:15:08.386] Config(Editor_zoomScrollModifier) Squad/Controls/Qwerty/Editor_zoomScrollModifier
[LOG 18:15:08.386] Config(MODIFIER_KEY) Squad/Controls/Qwerty/MODIFIER_KEY
[LOG 18:15:08.386] Config(AbortActionGroup) Squad/Controls/Qwerty/AbortActionGroup
[LOG 18:15:08.386] Config(CustomActionGroup1) Squad/Controls/Qwerty/CustomActionGroup1
[LOG 18:15:08.386] Config(CustomActionGroup2) Squad/Controls/Qwerty/CustomActionGroup2
[LOG 18:15:08.386] Config(CustomActionGroup3) Squad/Controls/Qwerty/CustomActionGroup3
[LOG 18:15:08.386] Config(CustomActionGroup4) Squad/Controls/Qwerty/CustomActionGroup4
[LOG 18:15:08.386] Config(CustomActionGroup5) Squad/Controls/Qwerty/CustomActionGroup5
[LOG 18:15:08.386] Config(CustomActionGroup6) Squad/Controls/Qwerty/CustomActionGroup6
[LOG 18:15:08.386] Config(CustomActionGroup7) Squad/Controls/Qwerty/CustomActionGroup7
[LOG 18:15:08.386] Config(CustomActionGroup8) Squad/Controls/Qwerty/CustomActionGroup8
[LOG 18:15:08.386] Config(CustomActionGroup9) Squad/Controls/Qwerty/CustomActionGroup9
[LOG 18:15:08.386] Config(CustomActionGroup10) Squad/Controls/Qwerty/CustomActionGroup10
[LOG 18:15:08.386] Config(KEY_MAP) Squad/Controls/Qwerty/KEY_MAP
[LOG 18:15:08.386] Config(KEYBOARD_LAYOUT) Squad/Controls/Qwerty_en-GB/#autoLOC_6001228
[LOG 18:15:08.386] Config(KEY_MAP) Squad/Controls/Qwerty_en-GB/KEY_MAP
[LOG 18:15:08.386] Config(KEYBOARD_LAYOUT) Squad/Controls/Qwerty_es-LA/#autoLOC_6001229
[LOG 18:15:08.386] Config(CAMERA_MOUSE_TOGGLE) Squad/Controls/Qwerty_es-LA/CAMERA_MOUSE_TOGGLE
[LOG 18:15:08.386] Config(TIME_WARP_STOP) Squad/Controls/Qwerty_es-LA/TIME_WARP_STOP
[LOG 18:15:08.386] Config(FOCUS_NEXT_VESSEL) Squad/Controls/Qwerty_es-LA/FOCUS_NEXT_VESSEL
[LOG 18:15:08.386] Config(FOCUS_PREV_VESSEL) Squad/Controls/Qwerty_es-LA/FOCUS_PREV_VESSEL
[LOG 18:15:08.386] Config(CAMERA_RESET) Squad/Controls/Qwerty_es-LA/CAMERA_RESET
[LOG 18:15:08.386] Config(Editor_partSearch) Squad/Controls/Qwerty_es-LA/Editor_partSearch
[LOG 18:15:08.387] Config(KEY_MAP) Squad/Controls/Qwerty_es-LA/KEY_MAP
[LOG 18:15:08.387] Config(KEYBOARD_LAYOUT) Squad/Controls/Qwerty_it-IT/#autoLOC_6001230
[LOG 18:15:08.387] Config(FOCUS_NEXT_VESSEL) Squad/Controls/Qwerty_it-IT/FOCUS_NEXT_VESSEL
[LOG 18:15:08.387] Config(FOCUS_PREV_VESSEL) Squad/Controls/Qwerty_it-IT/FOCUS_PREV_VESSEL
[LOG 18:15:08.387] Config(CAMERA_MOUSE_TOGGLE) Squad/Controls/Qwerty_it-IT/CAMERA_MOUSE_TOGGLE
[LOG 18:15:08.387] Config(TIME_WARP_STOP) Squad/Controls/Qwerty_it-IT/TIME_WARP_STOP
[LOG 18:15:08.387] Config(CAMERA_RESET) Squad/Controls/Qwerty_it-IT/CAMERA_RESET
[LOG 18:15:08.387] Config(Editor_partSearch) Squad/Controls/Qwerty_it-IT/Editor_partSearch
[LOG 18:15:08.387] Config(KEY_MAP) Squad/Controls/Qwerty_it-IT/KEY_MAP
[LOG 18:15:08.387] Config(KEYBOARD_LAYOUT) Squad/Controls/Qwerty_ja-JP/#autoLOC_6001231
[LOG 18:15:08.387] Config(FOCUS_NEXT_VESSEL) Squad/Controls/Qwerty_ja-JP/FOCUS_NEXT_VESSEL
[LOG 18:15:08.387] Config(FOCUS_PREV_VESSEL) Squad/Controls/Qwerty_ja-JP/FOCUS_PREV_VESSEL
[LOG 18:15:08.387] Config(PRECISION_CTRL) Squad/Controls/Qwerty_ja-JP/PRECISION_CTRL
[LOG 18:15:08.387] Config(CAMERA_MOUSE_TOGGLE) Squad/Controls/Qwerty_ja-JP/CAMERA_MOUSE_TOGGLE
[LOG 18:15:08.387] Config(Editor_partSearch) Squad/Controls/Qwerty_ja-JP/Editor_partSearch
[LOG 18:15:08.387] Config(CAMERA_RESET) Squad/Controls/Qwerty_ja-JP/CAMERA_RESET
[LOG 18:15:08.387] Config(KEY_MAP) Squad/Controls/Qwerty_ja-JP/KEY_MAP
[LOG 18:15:08.387] Config(KEYBOARD_LAYOUT) Squad/Controls/Qwerty_pt-PT/#autoLOC_6001230
[LOG 18:15:08.387] Config(FOCUS_NEXT_VESSEL) Squad/Controls/Qwerty_pt-PT/FOCUS_NEXT_VESSEL
[LOG 18:15:08.387] Config(FOCUS_PREV_VESSEL) Squad/Controls/Qwerty_pt-PT/FOCUS_PREV_VESSEL
[LOG 18:15:08.387] Config(CAMERA_MOUSE_TOGGLE) Squad/Controls/Qwerty_pt-PT/CAMERA_MOUSE_TOGGLE
[LOG 18:15:08.387] Config(TIME_WARP_STOP) Squad/Controls/Qwerty_pt-PT/TIME_WARP_STOP
[LOG 18:15:08.387] Config(CAMERA_RESET) Squad/Controls/Qwerty_pt-PT/CAMERA_RESET
[LOG 18:15:08.388] Config(Editor_partSearch) Squad/Controls/Qwerty_pt-PT/Editor_partSearch
[LOG 18:15:08.388] Config(KEY_MAP) Squad/Controls/Qwerty_pt-PT/KEY_MAP
[LOG 18:15:08.388] Config(KEYBOARD_LAYOUT) Squad/Controls/Qwertz/#autoLOC_6001232
[LOG 18:15:08.388] Config(PITCH_DOWN) Squad/Controls/Qwertz/PITCH_DOWN
[LOG 18:15:08.388] Config(PITCH_UP) Squad/Controls/Qwertz/PITCH_UP
[LOG 18:15:08.388] Config(YAW_LEFT) Squad/Controls/Qwertz/YAW_LEFT
[LOG 18:15:08.388] Config(YAW_RIGHT) Squad/Controls/Qwertz/YAW_RIGHT
[LOG 18:15:08.388] Config(ROLL_LEFT) Squad/Controls/Qwertz/ROLL_LEFT
[LOG 18:15:08.388] Config(ROLL_RIGHT) Squad/Controls/Qwertz/ROLL_RIGHT
[LOG 18:15:08.388] Config(THROTTLE_UP) Squad/Controls/Qwertz/THROTTLE_UP
[LOG 18:15:08.388] Config(THROTTLE_DOWN) Squad/Controls/Qwertz/THROTTLE_DOWN
[LOG 18:15:08.388] Config(SAS_HOLD) Squad/Controls/Qwertz/SAS_HOLD
[LOG 18:15:08.388] Config(SAS_TOGGLE) Squad/Controls/Qwertz/SAS_TOGGLE
[LOG 18:15:08.388] Config(LAUNCH_STAGES) Squad/Controls/Qwertz/LAUNCH_STAGES
[LOG 18:15:08.388] Config(Docking_toggleRotLin) Squad/Controls/Qwertz/Docking_toggleRotLin
[LOG 18:15:08.388] Config(CAMERA_MODE) Squad/Controls/Qwertz/CAMERA_MODE
[LOG 18:15:08.388] Config(CAMERA_NEXT) Squad/Controls/Qwertz/CAMERA_NEXT
[LOG 18:15:08.388] Config(PAUSE) Squad/Controls/Qwertz/PAUSE
[LOG 18:15:08.388] Config(PRECISION_CTRL) Squad/Controls/Qwertz/PRECISION_CTRL
[LOG 18:15:08.388] Config(ZOOM_IN) Squad/Controls/Qwertz/ZOOM_IN
[LOG 18:15:08.388] Config(ZOOM_OUT) Squad/Controls/Qwertz/ZOOM_OUT
[LOG 18:15:08.388] Config(SCROLL_VIEW_UP) Squad/Controls/Qwertz/SCROLL_VIEW_UP
[LOG 18:15:08.388] Config(SCROLL_VIEW_DOWN) Squad/Controls/Qwertz/SCROLL_VIEW_DOWN
[LOG 18:15:08.388] Config(SCROLL_ICONS_UP) Squad/Controls/Qwertz/SCROLL_ICONS_UP
[LOG 18:15:08.388] Config(SCROLL_ICONS_DOWN) Squad/Controls/Qwertz/SCROLL_ICONS_DOWN
[LOG 18:15:08.388] Config(CAMERA_ORBIT_UP) Squad/Controls/Qwertz/CAMERA_ORBIT_UP
[LOG 18:15:08.388] Config(CAMERA_ORBIT_DOWN) Squad/Controls/Qwertz/CAMERA_ORBIT_DOWN
[LOG 18:15:08.388] Config(CAMERA_ORBIT_LEFT) Squad/Controls/Qwertz/CAMERA_ORBIT_LEFT
[LOG 18:15:08.388] Config(CAMERA_ORBIT_RIGHT) Squad/Controls/Qwertz/CAMERA_ORBIT_RIGHT
[LOG 18:15:08.388] Config(CAMERA_RESET) Squad/Controls/Qwertz/CAMERA_RESET
[LOG 18:15:08.389] Config(CAMERA_MOUSE_TOGGLE) Squad/Controls/Qwertz/CAMERA_MOUSE_TOGGLE
[LOG 18:15:08.389] Config(TIME_WARP_INCREASE) Squad/Controls/Qwertz/TIME_WARP_INCREASE
[LOG 18:15:08.389] Config(TIME_WARP_DECREASE) Squad/Controls/Qwertz/TIME_WARP_DECREASE
[LOG 18:15:08.389] Config(TIME_WARP_STOP) Squad/Controls/Qwertz/TIME_WARP_STOP
[LOG 18:15:08.389] Config(MAP_VIEW_TOGGLE) Squad/Controls/Qwertz/MAP_VIEW_TOGGLE
[LOG 18:15:08.389] Config(NAVBALL_TOGGLE) Squad/Controls/Qwertz/NAVBALL_TOGGLE
[LOG 18:15:08.389] Config(UIMODE_STAGING) Squad/Controls/Qwertz/UIMODE_STAGING
[LOG 18:15:08.389] Config(UIMODE_DOCKING) Squad/Controls/Qwertz/UIMODE_DOCKING
[LOG 18:15:08.389] Config(TRANSLATE_DOWN) Squad/Controls/Qwertz/TRANSLATE_DOWN
[LOG 18:15:08.389] Config(TRANSLATE_UP) Squad/Controls/Qwertz/TRANSLATE_UP
[LOG 18:15:08.389] Config(TRANSLATE_LEFT) Squad/Controls/Qwertz/TRANSLATE_LEFT
[LOG 18:15:08.389] Config(TRANSLATE_RIGHT) Squad/Controls/Qwertz/TRANSLATE_RIGHT
[LOG 18:15:08.389] Config(TRANSLATE_FWD) Squad/Controls/Qwertz/TRANSLATE_FWD
[LOG 18:15:08.389] Config(TRANSLATE_BACK) Squad/Controls/Qwertz/TRANSLATE_BACK
[LOG 18:15:08.389] Config(RCS_TOGGLE) Squad/Controls/Qwertz/RCS_TOGGLE
[LOG 18:15:08.389] Config(FOCUS_NEXT_VESSEL) Squad/Controls/Qwertz/FOCUS_NEXT_VESSEL
[LOG 18:15:08.389] Config(FOCUS_PREV_VESSEL) Squad/Controls/Qwertz/FOCUS_PREV_VESSEL
[LOG 18:15:08.389] Config(TOGGLE_UI) Squad/Controls/Qwertz/TOGGLE_UI
[LOG 18:15:08.389] Config(TOGGLE_STATUS_SCREEN) Squad/Controls/Qwertz/TOGGLE_STATUS_SCREEN
[LOG 18:15:08.389] Config(TAKE_SCREENSHOT) Squad/Controls/Qwertz/TAKE_SCREENSHOT
[LOG 18:15:08.389] Config(TOGGLE_LABELS) Squad/Controls/Qwertz/TOGGLE_LABELS
[LOG 18:15:08.389] Config(TOGGLE_TEMP_GAUGES) Squad/Controls/Qwertz/TOGGLE_TEMP_GAUGES
[LOG 18:15:08.389] Config(TOGGLE_TEMP_OVERLAY) Squad/Controls/Qwertz/TOGGLE_TEMP_OVERLAY
[LOG 18:15:08.389] Config(TOGGLE_FLIGHT_FORCES) Squad/Controls/Qwertz/TOGGLE_FLIGHT_FORCES
[LOG 18:15:08.389] Config(QUICKSAVE) Squad/Controls/Qwertz/QUICKSAVE
[LOG 18:15:08.390] Config(QUICKLOAD) Squad/Controls/Qwertz/QUICKLOAD
[LOG 18:15:08.390] Config(THROTTLE_CUTOFF) Squad/Controls/Qwertz/THROTTLE_CUTOFF
[LOG 18:15:08.390] Config(THROTTLE_FULL) Squad/Controls/Qwertz/THROTTLE_FULL
[LOG 18:15:08.390] Config(LANDING_GEAR) Squad/Controls/Qwertz/LANDING_GEAR
[LOG 18:15:08.390] Config(HEADLIGHT_TOGGLE) Squad/Controls/Qwertz/HEADLIGHT_TOGGLE
[LOG 18:15:08.390] Config(BRAKES) Squad/Controls/Qwertz/BRAKES
[LOG 18:15:08.390] Config(TOGGLE_SPACENAV_FLIGHT_CONTROL) Squad/Controls/Qwertz/TOGGLE_SPACENAV_FLIGHT_CONTROL
[LOG 18:15:08.390] Config(TOGGLE_SPACENAV_ROLL_LOCK) Squad/Controls/Qwertz/TOGGLE_SPACENAV_ROLL_LOCK
[LOG 18:15:08.390] Config(WHEEL_STEER_LEFT) Squad/Controls/Qwertz/WHEEL_STEER_LEFT
[LOG 18:15:08.390] Config(WHEEL_STEER_RIGHT) Squad/Controls/Qwertz/WHEEL_STEER_RIGHT
[LOG 18:15:08.390] Config(WHEEL_THROTTLE_DOWN) Squad/Controls/Qwertz/WHEEL_THROTTLE_DOWN
[LOG 18:15:08.390] Config(WHEEL_THROTTLE_UP) Squad/Controls/Qwertz/WHEEL_THROTTLE_UP
[LOG 18:15:08.390] Config(EVA_forward) Squad/Controls/Qwertz/EVA_forward
[LOG 18:15:08.390] Config(EVA_back) Squad/Controls/Qwertz/EVA_back
[LOG 18:15:08.390] Config(EVA_left) Squad/Controls/Qwertz/EVA_left
[LOG 18:15:08.390] Config(EVA_right) Squad/Controls/Qwertz/EVA_right
[LOG 18:15:08.390] Config(EVA_yaw_left) Squad/Controls/Qwertz/EVA_yaw_left
[LOG 18:15:08.390] Config(EVA_yaw_right) Squad/Controls/Qwertz/EVA_yaw_right
[LOG 18:15:08.390] Config(EVA_Pack_forward) Squad/Controls/Qwertz/EVA_Pack_forward
[LOG 18:15:08.390] Config(EVA_Pack_back) Squad/Controls/Qwertz/EVA_Pack_back
[LOG 18:15:08.390] Config(EVA_Pack_left) Squad/Controls/Qwertz/EVA_Pack_left
[LOG 18:15:08.390] Config(EVA_Pack_right) Squad/Controls/Qwertz/EVA_Pack_right
[LOG 18:15:08.390] Config(EVA_Pack_up) Squad/Controls/Qwertz/EVA_Pack_up
[LOG 18:15:08.390] Config(EVA_Pack_down) Squad/Controls/Qwertz/EVA_Pack_down
[LOG 18:15:08.390] Config(EVA_Jump) Squad/Controls/Qwertz/EVA_Jump
[LOG 18:15:08.390] Config(EVA_Run) Squad/Controls/Qwertz/EVA_Run
[LOG 18:15:08.390] Config(EVA_ToggleMovementMode) Squad/Controls/Qwertz/EVA_ToggleMovementMode
[LOG 18:15:08.390] Config(EVA_TogglePack) Squad/Controls/Qwertz/EVA_TogglePack
[LOG 18:15:08.390] Config(EVA_Use) Squad/Controls/Qwertz/EVA_Use
[LOG 18:15:08.390] Config(EVA_Board) Squad/Controls/Qwertz/EVA_Board
[LOG 18:15:08.391] Config(EVA_Orient) Squad/Controls/Qwertz/EVA_Orient
[LOG 18:15:08.391] Config(EVA_Lights) Squad/Controls/Qwertz/EVA_Lights
[LOG 18:15:08.391] Config(Editor_pitchUp) Squad/Controls/Qwertz/Editor_pitchUp
[LOG 18:15:08.391] Config(Editor_pitchDown) Squad/Controls/Qwertz/Editor_pitchDown
[LOG 18:15:08.391] Config(Editor_yawLeft) Squad/Controls/Qwertz/Editor_yawLeft
[LOG 18:15:08.391] Config(Editor_yawRight) Squad/Controls/Qwertz/Editor_yawRight
[LOG 18:15:08.391] Config(Editor_rollLeft) Squad/Controls/Qwertz/Editor_rollLeft
[LOG 18:15:08.391] Config(Editor_rollRight) Squad/Controls/Qwertz/Editor_rollRight
[LOG 18:15:08.391] Config(Editor_resetRotation) Squad/Controls/Qwertz/Editor_resetRotation
[LOG 18:15:08.391] Config(Editor_modePlace) Squad/Controls/Qwertz/Editor_modePlace
[LOG 18:15:08.391] Config(Editor_modeOffset) Squad/Controls/Qwertz/Editor_modeOffset
[LOG 18:15:08.391] Config(Editor_modeRotate) Squad/Controls/Qwertz/Editor_modeRotate
[LOG 18:15:08.391] Config(Editor_modeRoot) Squad/Controls/Qwertz/Editor_modeRoot
[LOG 18:15:08.391] Config(Editor_coordSystem) Squad/Controls/Qwertz/Editor_coordSystem
[LOG 18:15:08.391] Config(Editor_toggleSymMethod) Squad/Controls/Qwertz/Editor_toggleSymMethod
[LOG 18:15:08.391] Config(Editor_toggleSymMode) Squad/Controls/Qwertz/Editor_toggleSymMode
[LOG 18:15:08.391] Config(Editor_toggleAngleSnap) Squad/Controls/Qwertz/Editor_toggleAngleSnap
[LOG 18:15:08.391] Config(Editor_fineTweak) Squad/Controls/Qwertz/Editor_fineTweak
[LOG 18:15:08.392] Config(Editor_partSearch) Squad/Controls/Qwertz/Editor_partSearch
[LOG 18:15:08.392] Config(Editor_zoomScrollModifier) Squad/Controls/Qwertz/Editor_zoomScrollModifier
[LOG 18:15:08.392] Config(MODIFIER_KEY) Squad/Controls/Qwertz/MODIFIER_KEY
[LOG 18:15:08.392] Config(AbortActionGroup) Squad/Controls/Qwertz/AbortActionGroup
[LOG 18:15:08.392] Config(CustomActionGroup1) Squad/Controls/Qwertz/CustomActionGroup1
[LOG 18:15:08.392] Config(CustomActionGroup2) Squad/Controls/Qwertz/CustomActionGroup2
[LOG 18:15:08.392] Config(CustomActionGroup3) Squad/Controls/Qwertz/CustomActionGroup3
[LOG 18:15:08.392] Config(CustomActionGroup4) Squad/Controls/Qwertz/CustomActionGroup4
[LOG 18:15:08.392] Config(CustomActionGroup5) Squad/Controls/Qwertz/CustomActionGroup5
[LOG 18:15:08.392] Config(CustomActionGroup6) Squad/Controls/Qwertz/CustomActionGroup6
[LOG 18:15:08.392] Config(CustomActionGroup7) Squad/Controls/Qwertz/CustomActionGroup7
[LOG 18:15:08.392] Config(CustomActionGroup8) Squad/Controls/Qwertz/CustomActionGroup8
[LOG 18:15:08.392] Config(CustomActionGroup9) Squad/Controls/Qwertz/CustomActionGroup9
[LOG 18:15:08.392] Config(CustomActionGroup10) Squad/Controls/Qwertz/CustomActionGroup10
[LOG 18:15:08.392] Config(KEY_MAP) Squad/Controls/Qwertz/KEY_MAP
[LOG 18:15:08.392] Config(EXPERIENCE_TRAIT) Squad/Experience/Traits/Pilot
[LOG 18:15:08.392] Config(EXPERIENCE_TRAIT) Squad/Experience/Traits/Engineer
[LOG 18:15:08.392] Config(EXPERIENCE_TRAIT) Squad/Experience/Traits/Scientist
[LOG 18:15:08.392] Config(EXPERIENCE_TRAIT) Squad/Experience/Traits/Tourist
[LOG 18:15:08.392] Config(Localization) Squad/Localization/dictionary/Localization
[LOG 18:15:08.393] Config(MISSIONPACK) Squad/Missions/MissionPacks/squad_ESA
[LOG 18:15:08.393] Config(VARIANTTHEME) Squad/Parts/VariantThemes/White
[LOG 18:15:08.393] Config(VARIANTTHEME) Squad/Parts/VariantThemes/BlackAndWhite
[LOG 18:15:08.393] Config(VARIANTTHEME) Squad/Parts/VariantThemes/GrayAndOrange
[LOG 18:15:08.393] Config(VARIANTTHEME) Squad/Parts/VariantThemes/Dark
[LOG 18:15:08.393] Config(VARIANTTHEME) Squad/Parts/VariantThemes/Gray
[LOG 18:15:08.393] Config(VARIANTTHEME) Squad/Parts/VariantThemes/Orange
[LOG 18:15:08.393] Config(VARIANTTHEME) Squad/Parts/VariantThemes/Gold
[LOG 18:15:08.393] Config(VARIANTTHEME) Squad/Parts/VariantThemes/Bare
[LOG 18:15:08.393] Config(VARIANTTHEME) Squad/Parts/VariantThemes/Shroud
[LOG 18:15:08.393] Config(VARIANTTHEME) Squad/Parts/VariantThemes/GrayAndWhite
[LOG 18:15:08.393] Config(VARIANTTHEME) Squad/Parts/VariantThemes/YellowAndWhite
[LOG 18:15:08.393] Config(VARIANTTHEME) Squad/Parts/VariantThemes/Silver
[LOG 18:15:08.393] Config(VARIANTTHEME) Squad/Parts/VariantThemes/Gray with Stripes
[LOG 18:15:08.393] Config(PART) Squad/Parts/Aero/aerodynamicNoseCone/aerodynamicNoseCone/noseCone
[LOG 18:15:08.393] Config(PART) Squad/Parts/Aero/airbrake/Airbrake/airbrake1
[LOG 18:15:08.393] Config(PART) Squad/Parts/Aero/airIntakeRadialXM-G50/airIntakeRadialXM-G50/airScoop
[LOG 18:15:08.393] Config(PART) Squad/Parts/Aero/airlinerWings/ControlSurface/airlinerCtrlSrf
[LOG 18:15:08.393] Config(PART) Squad/Parts/Aero/airlinerWings/MainWing/airlinerMainWing
[LOG 18:15:08.393] Config(PART) Squad/Parts/Aero/airlinerWings/TailFin/airlinerTailFin
[LOG 18:15:08.393] Config(PART) Squad/Parts/Aero/airplaneFins/advancedCanard/AdvancedCanard
[LOG 18:15:08.393] Config(PART) Squad/Parts/Aero/airplaneFins/standardCanard/CanardController
[LOG 18:15:08.393] Config(PART) Squad/Parts/Aero/airplaneFins/sweptWing/sweptWing
[LOG 18:15:08.393] Config(PART) Squad/Parts/Aero/airplaneFins/tailfin/tailfin
[LOG 18:15:08.393] Config(PART) Squad/Parts/Aero/basicFin/basicFin/basicFin
[LOG 18:15:08.393] Config(PART) Squad/Parts/Aero/circularIntake/circularIntake/CircularIntake
[LOG 18:15:08.393] Config(PART) Squad/Parts/Aero/circularIntake/intakeShockCone/shockConeIntake
[LOG 18:15:08.393] Config(PART) Squad/Parts/Aero/cones/avionicsNoseCone/avionicsNoseCone
[LOG 18:15:08.394] Config(PART) Squad/Parts/Aero/cones/ConeA/pointyNoseConeA
[LOG 18:15:08.394] Config(PART) Squad/Parts/Aero/cones/ConeB/pointyNoseConeB
[LOG 18:15:08.394] Config(PART) Squad/Parts/Aero/cones/noseConeAdapter/noseConeAdapter
[LOG 18:15:08.394] Config(PART) Squad/Parts/Aero/cones/protectiveRocketNoseMk7_v2/rocketNoseCone_v2
[LOG 18:15:08.394] Config(PART) Squad/Parts/Aero/cones/protectiveRocketNoseMk7_v3/rocketNoseCone_v3
[LOG 18:15:08.394] Config(PART) Squad/Parts/Aero/cones/rocketNoseCone_size3/rocketNoseConeSize3
[LOG 18:15:08.394] Config(PART) Squad/Parts/Aero/cones/smallNoseCone/standardNoseCone
[LOG 18:15:08.394] Config(PART) Squad/Parts/Aero/cones/tailConnectorA/airplaneTail
[LOG 18:15:08.394] Config(PART) Squad/Parts/Aero/cones/tailConnectorB/airplaneTailB
[LOG 18:15:08.394] Config(PART) Squad/Parts/Aero/fairings/fairingSize1/fairingSize1
[LOG 18:15:08.394] Config(PART) Squad/Parts/Aero/fairings/fairingSize2/fairingSize2
[LOG 18:15:08.394] Config(PART) Squad/Parts/Aero/fairings/fairingSize3/fairingSize3
[LOG 18:15:08.394] Config(PART) Squad/Parts/Aero/HeatShield/HeatShield0/HeatShield0
[LOG 18:15:08.394] Config(PART) Squad/Parts/Aero/HeatShield/HeatShield1/HeatShield1
[LOG 18:15:08.394] Config(PART) Squad/Parts/Aero/HeatShield/HeatShield2/HeatShield2
[LOG 18:15:08.394] Config(PART) Squad/Parts/Aero/HeatShield/HeatShield3/HeatShield3
[LOG 18:15:08.394] Config(PART) Squad/Parts/Aero/InflatableHeatShield/HeatShield/InflatableHeatShield
[LOG 18:15:08.394] Config(PART) Squad/Parts/Aero/intakeRadialLong/intakeRadialLong/IntakeRadialLong
[LOG 18:15:08.394] Config(PART) Squad/Parts/Aero/miniIntake/SmallIntake/miniIntake
[LOG 18:15:08.394] Config(PART) Squad/Parts/Aero/ramAirIntake/ramAirIntake/ramAirIntake
[LOG 18:15:08.395] Config(PART) Squad/Parts/Aero/shuttleWings/delta/wingShuttleDelta
[LOG 18:15:08.395] Config(PART) Squad/Parts/Aero/shuttleWings/elevon1/wingShuttleElevon1
[LOG 18:15:08.395] Config(PART) Squad/Parts/Aero/shuttleWings/elevon2/wingShuttleElevon2
[LOG 18:15:08.395] Config(PART) Squad/Parts/Aero/shuttleWings/rudder/wingShuttleRudder
[LOG 18:15:08.395] Config(PART) Squad/Parts/Aero/shuttleWings/strake/wingShuttleStrake
[LOG 18:15:08.395] Config(PART) Squad/Parts/Aero/wingletAV-R8/wingletAV-R8/R8winglet
[LOG 18:15:08.395] Config(PART) Squad/Parts/Aero/wingletAV-T1/wingletAV-T1/winglet
[LOG 18:15:08.395] Config(PART) Squad/Parts/Aero/wingletDeltaDeluxe/wingletDeltaDeluxe/winglet3
[LOG 18:15:08.395] Config(PART) Squad/Parts/Aero/wings/connector1/wingConnector
[LOG 18:15:08.395] Config(PART) Squad/Parts/Aero/wings/connector2/wingConnector2
[LOG 18:15:08.395] Config(PART) Squad/Parts/Aero/wings/connector3/wingConnector3
[LOG 18:15:08.395] Config(PART) Squad/Parts/Aero/wings/connector4/wingConnector4
[LOG 18:15:08.395] Config(PART) Squad/Parts/Aero/wings/connector5/wingConnector5
[LOG 18:15:08.395] Config(PART) Squad/Parts/Aero/wings/delta/deltaWing
[LOG 18:15:08.395] Config(PART) Squad/Parts/Aero/wings/delta_small/delta_small
[LOG 18:15:08.395] Config(PART) Squad/Parts/Aero/wings/elevon1/StandardCtrlSrf
[LOG 18:15:08.395] Config(PART) Squad/Parts/Aero/wings/elevon2/elevon2
[LOG 18:15:08.395] Config(PART) Squad/Parts/Aero/wings/elevon3/elevon3
[LOG 18:15:08.395] Config(PART) Squad/Parts/Aero/wings/elevon4/smallCtrlSrf
[LOG 18:15:08.395] Config(PART) Squad/Parts/Aero/wings/elevon5/elevon5
[LOG 18:15:08.395] Config(PART) Squad/Parts/Aero/wings/strake/wingStrake
[LOG 18:15:08.395] Config(PART) Squad/Parts/Aero/wings/structural1/structuralWing
[LOG 18:15:08.395] Config(PART) Squad/Parts/Aero/wings/structural2/structuralWing2
[LOG 18:15:08.395] Config(PART) Squad/Parts/Aero/wings/structural3/structuralWing3
[LOG 18:15:08.395] Config(PART) Squad/Parts/Aero/wings/structural4/structuralWing4
[LOG 18:15:08.395] Config(PART) Squad/Parts/Aero/wings/swept1/sweptWing1
[LOG 18:15:08.396] Config(PART) Squad/Parts/Aero/wings/swept2/sweptWing2
[LOG 18:15:08.396] Config(PART) Squad/Parts/Cargo/CargoContainers/cargoContainer/cargoContainer
[LOG 18:15:08.396] Config(PART) Squad/Parts/Cargo/CargoContainers/smallCargoContainer/smallCargoContainer
[LOG 18:15:08.396] Config(PART) Squad/Parts/Cargo/Cylinder/Cylinder/evaCylinder
[LOG 18:15:08.396] Config(PART) Squad/Parts/Cargo/GroundAnchor/groundAnchor/groundAnchor
[LOG 18:15:08.396] Config(PART) Squad/Parts/Cargo/Jetpack/Jetpack/evaJetpack
[LOG 18:15:08.396] Config(PART) Squad/Parts/Cargo/Parachute/Parachute/evaChute
[LOG 18:15:08.396] Config(PART) Squad/Parts/Cargo/RepairKit/RepairKit/evaRepairKit
[LOG 18:15:08.396] Config(PART) Squad/Parts/Cargo/ScienceKit/evaScienceKit/evaScienceKit
[LOG 18:15:08.396] Config(PART) Squad/Parts/Cargo/StorageUnits/CargoStorageUnit/CargoStorageUnit
[LOG 18:15:08.396] Config(PART) Squad/Parts/Cargo/StorageUnits/ConformalStorageUnit/ConformalStorageUnit
[LOG 18:15:08.396] Config(PART) Squad/Parts/Command/advancedSasModuleLarge/advSasModuleLarge/asasmodule1-2
[LOG 18:15:08.396] Config(PART) Squad/Parts/Command/cupola/cupola/cupola
[LOG 18:15:08.396] Config(PART) Squad/Parts/Command/externalCommandSeat/externalCommandSeat/seatExternalCmd
[LOG 18:15:08.396] Config(PART) Squad/Parts/Command/hitchhikerStorageContainer/hitchikerStorageContainer/crewCabin
[LOG 18:15:08.396] Config(PART) Squad/Parts/Command/inlineAdvancedStabilizer/inlineAdvancedStabilizer/advSasModule
[LOG 18:15:08.396] Config(PART) Squad/Parts/Command/inlineReactionWheel/inlineReactionWheel/sasModule
[LOG 18:15:08.396] Config(PART) Squad/Parts/Command/Mk1-3Pod/mk1-3/mk1-3pod
[LOG 18:15:08.396] Config(PART) Squad/Parts/Command/mk1Cockpits/mk1Cockpit/Mark1Cockpit
[LOG 18:15:08.396] Config(PART) Squad/Parts/Command/mk1Cockpits/mk1CrewCabin/MK1CrewCabin
[LOG 18:15:08.396] Config(PART) Squad/Parts/Command/mk1Cockpits/mk1InlineCockpit/Mark2Cockpit
[LOG 18:15:08.396] Config(PART) Squad/Parts/Command/mk1LanderCan/mk1LanderCan/landerCabinSmall
[LOG 18:15:08.396] Config(PART) Squad/Parts/Command/mk1pod_v2/mk1Pod_v2/mk1pod_v2
[LOG 18:15:08.396] Config(PART) Squad/Parts/Command/mk2CockpitInline/mk2CockpitInline/mk2Cockpit_Inline
[LOG 18:15:08.396] Config(PART) Squad/Parts/Command/mk2CockpitStandard/mk2CockpitStandard/mk2Cockpit_Standard
[LOG 18:15:08.396] Config(PART) Squad/Parts/Command/mk2DroneCore/mk2Dronecore/mk2DroneCore
[LOG 18:15:08.397] Config(PART) Squad/Parts/Command/mk2LanderCan/mk2LanderCan/mk2LanderCabin
[LOG 18:15:08.397] Config(PART) Squad/Parts/Command/mk2LanderCan_v2/mk2LanderCan_v2/mk2LanderCabin_v2
[LOG 18:15:08.397] Config(PART) Squad/Parts/Command/mk3CockpitShuttle/mk3CockpitShuttle/mk3Cockpit_Shuttle
[LOG 18:15:08.397] Config(PART) Squad/Parts/Command/MpoProbe/MpoProbe/MpoProbe
[LOG 18:15:08.397] Config(PART) Squad/Parts/Command/MtmStage/MTM_Stage/MtmStage
[LOG 18:15:08.397] Config(PART) Squad/Parts/Command/probeCoreCube/probeCoreCube/probeCoreCube
[LOG 18:15:08.397] Config(PART) Squad/Parts/Command/probeCoreHex/probeCoreHex/probeCoreHex
[LOG 18:15:08.397] Config(PART) Squad/Parts/Command/probeCoreHex_v2/probeCoreHex_v2/probeCoreHex_v2
[LOG 18:15:08.397] Config(PART) Squad/Parts/Command/probeCoreOcto2_v2/probeCoreOcto2_v2/probeCoreOcto2_v2
[LOG 18:15:08.397] Config(PART) Squad/Parts/Command/probeCoreOcto_v2/probeCoreOcto_v2/probeCoreOcto_v2
[LOG 18:15:08.397] Config(PART) Squad/Parts/Command/probeRoverBody/probeRoverBody/roverBody
[LOG 18:15:08.397] Config(PART) Squad/Parts/Command/probeRoverBody_v2/probeRoverBody_v2/roverBody_v2
[LOG 18:15:08.397] Config(PART) Squad/Parts/Command/probeStackLarge/probeStackLarge/probeStackLarge
[LOG 18:15:08.397] Config(PART) Squad/Parts/Command/probeStackSmall/probeStackSmall/probeStackSmall
[LOG 18:15:08.397] Config(PART) Squad/Parts/Command/probeStackSphere_v2/probeStackSphere_v2/probeCoreSphere_v2
[LOG 18:15:08.397] Config(PART) Squad/Parts/CompoundParts/FuelLine/fuelLine/fuelLine
[LOG 18:15:08.397] Config(PART) Squad/Parts/CompoundParts/strutConnector/strutConnector/strutConnector
[LOG 18:15:08.397] Config(PART) Squad/Parts/Coupling/Decoupler_0/Decoupler_0
[LOG 18:15:08.397] Config(PART) Squad/Parts/Coupling/Decoupler_1/Decoupler_1
[LOG 18:15:08.397] Config(PART) Squad/Parts/Coupling/Decoupler_2/Decoupler_2
[LOG 18:15:08.397] Config(PART) Squad/Parts/Coupling/Decoupler_3/Decoupler_3
[LOG 18:15:08.397] Config(PART) Squad/Parts/Coupling/Separator_0/Separator_0
[LOG 18:15:08.397] Config(PART) Squad/Parts/Coupling/Separator_1/Separator_1
[LOG 18:15:08.397] Config(PART) Squad/Parts/Coupling/Separator_2/Separator_2
[LOG 18:15:08.397] Config(PART) Squad/Parts/Coupling/Separator_3/Separator_3
[LOG 18:15:08.398] Config(PART) Squad/Parts/Electrical/10CSolarPanels/OX-10C/solarPanelOX10C
[LOG 18:15:08.398] Config(PART) Squad/Parts/Electrical/10CSolarPanels/SP-10C/solarPanelSP10C
[LOG 18:15:08.398] Config(PART) Squad/Parts/Electrical/10LSolarPanels/OX-10L/solarPanelOX10L
[LOG 18:15:08.398] Config(PART) Squad/Parts/Electrical/10LSolarPanels/SP-10L/solarPanelSP10L
[LOG 18:15:08.398] Config(PART) Squad/Parts/Electrical/1x6ShroudSolarPanels/1x6ShroudSolarPanels/solarPanels2
[LOG 18:15:08.398] Config(PART) Squad/Parts/Electrical/1x6SolarPanels/1x6SolarPanels/solarPanels4
[LOG 18:15:08.398] Config(PART) Squad/Parts/Electrical/3x2ShroudSolarPanels/3x2ShroudSolarPanels/solarPanels1
[LOG 18:15:08.398] Config(PART) Squad/Parts/Electrical/3x2SolarPanels/3x2SolarPanels/solarPanels3
[LOG 18:15:08.398] Config(PART) Squad/Parts/Electrical/gigantorXlSolarArray/gigantorXlSolarArray/largeSolarPanel
[LOG 18:15:08.398] Config(PART) Squad/Parts/Electrical/radialFlatSolarPanel/radialFlatSolarPanel/solarPanels5
[LOG 18:15:08.398] Config(PART) Squad/Parts/Electrical/RTG/RTG/rtg
[LOG 18:15:08.398] Config(PART) Squad/Parts/Electrical/z-100Battery/z-100Battery/batteryPack
[LOG 18:15:08.398] Config(PART) Squad/Parts/Electrical/z-1kBattery/z-1kBattery/batteryBank
[LOG 18:15:08.398] Config(PART) Squad/Parts/Electrical/z-200Battery/z-200Battery/batteryBankMini
[LOG 18:15:08.398] Config(PART) Squad/Parts/Electrical/z-400Battery/z-400Battery/ksp_r_largeBatteryPack
[LOG 18:15:08.398] Config(PART) Squad/Parts/Electrical/z-4kBattery/z-4kBattery/batteryBankLarge
[LOG 18:15:08.398] Config(PART) Squad/Parts/Engine/ionEngine/ionEngine/ionEngine
[LOG 18:15:08.398] Config(PART) Squad/Parts/Engine/jetEngines/jetEngineAfterburning/turboJet
[LOG 18:15:08.398] Config(PART) Squad/Parts/Engine/jetEngines/jetEngineBasic/JetEngine
[LOG 18:15:08.398] Config(PART) Squad/Parts/Engine/jetEngines/jetEngineBig/turboFanSize2
[LOG 18:15:08.398] Config(PART) Squad/Parts/Engine/jetEngines/jetEngineTurbo/turboFanEngine
[LOG 18:15:08.398] Config(PART) Squad/Parts/Engine/liquidEngine24-77/liquidEngine24-77/smallRadialEngine
[LOG 18:15:08.398] Config(PART) Squad/Parts/Engine/liquidEngine24-77_v2/liquidEngine24-77_v2/smallRadialEngine_v2
[LOG 18:15:08.398] Config(PART) Squad/Parts/Engine/liquidEngine48-7S_v2/liquidEngine48-7S_v2/liquidEngineMini_v2
[LOG 18:15:08.398] Config(PART) Squad/Parts/Engine/liquidEngineAerospike/liquidEngineAerospike/toroidalAerospike
[LOG 18:15:08.398] Config(PART) Squad/Parts/Engine/liquidEngineLV-1_v2/liquidEngineLV-1R _v2/radialEngineMini_v2
[LOG 18:15:08.399] Config(PART) Squad/Parts/Engine/liquidEngineLV-1_v2/liquidEngineLV-1_v2/microEngine_v2
[LOG 18:15:08.399] Config(PART) Squad/Parts/Engine/liquidEngineLV-909_v2/liquidEngineLV-909_v2/liquidEngine3_v2
[LOG 18:15:08.399] Config(PART) Squad/Parts/Engine/liquidEngineLV-N/liquidEngineLV-N/nuclearEngine
[LOG 18:15:08.399] Config(PART) Squad/Parts/Engine/liquidEngineLV-T30/liquidEngineLV-T30/liquidEngine
[LOG 18:15:08.399] Config(PART) Squad/Parts/Engine/liquidEngineLV-T30_v2/liquidEngineLV-T30_v2/liquidEngine_v2
[LOG 18:15:08.399] Config(PART) Squad/Parts/Engine/liquidEngineLV-T45/liquidEngineLV-T45/liquidEngine2
[LOG 18:15:08.399] Config(PART) Squad/Parts/Engine/liquidEngineLV-T45_v2/liquidEngineLV-T45_v2/liquidEngine2_v2
[LOG 18:15:08.399] Config(PART) Squad/Parts/Engine/liquidEngineMainsail_v2/liquidEngineMainsail_v2/liquidEngineMainsail_v2
[LOG 18:15:08.399] Config(PART) Squad/Parts/Engine/liquidEngineMk55/liquidEngineMk55/radialLiquidEngine1-2
[LOG 18:15:08.399] Config(PART) Squad/Parts/Engine/liquidEnginePoodle_v2/liquidEnginePoodle_v2/liquidEngine2-2_v2
[LOG 18:15:08.399] Config(PART) Squad/Parts/Engine/liquidEngineSkipper_v2/skipperLiquidEngine_v2/engineLargeSkipper_v2
[LOG 18:15:08.399] Config(PART) Squad/Parts/Engine/liquidEngineSSME/SSME/SSME
[LOG 18:15:08.399] Config(PART) Squad/Parts/Engine/MassiveSRB/part/MassiveBooster
[LOG 18:15:08.399] Config(PART) Squad/Parts/Engine/miniJet/SmallJetEngine/miniJetEngine
[LOG 18:15:08.399] Config(PART) Squad/Parts/Engine/OMSEngine/omsEngine/omsEngine
[LOG 18:15:08.399] Config(PART) Squad/Parts/Engine/rapierEngine/rapierEngine/RAPIER
[LOG 18:15:08.399] Config(PART) Squad/Parts/Engine/Size1_SRBs/solidBoosterRT-10_v2/solidBooster_v2
[LOG 18:15:08.399] Config(PART) Squad/Parts/Engine/Size1_SRBs/solidBoosterRT-5_v2/solidBooster_sm_v2
[LOG 18:15:08.399] Config(PART) Squad/Parts/Engine/Size2LFB/part/Size2LFB
[LOG 18:15:08.399] Config(PART) Squad/Parts/Engine/Size2LFB_v2/part/Size2LFB_v2
[LOG 18:15:08.399] Config(PART) Squad/Parts/Engine/Size3AdvancedEngine/part/Size3AdvancedEngine
[LOG 18:15:08.399] Config(PART) Squad/Parts/Engine/Size3EngineCluster/part/Size3EngineCluster
[LOG 18:15:08.399] Config(PART) Squad/Parts/Engine/solidBoosterBACC/solidBoosterBACC/solidBooster1-1
[LOG 18:15:08.400] Config(PART) Squad/Parts/Engine/solidBoosterS2-17/solidBoosterS2-17/Thoroughbred
[LOG 18:15:08.400] Config(PART) Squad/Parts/Engine/solidBoosterS2-33/solidBoosterS2-33/Clydesdale
[LOG 18:15:08.400] Config(PART) Squad/Parts/Engine/solidBoosterSep/solidBoosterSep/sepMotor1
[LOG 18:15:08.400] Config(PART) Squad/Parts/Engine/SolidBoostersF/SolidBoosterF3S0/Shrimp
[LOG 18:15:08.400] Config(PART) Squad/Parts/Engine/SolidBoostersF/SolidBoosterFM1/Mite
[LOG 18:15:08.400] Config(PART) Squad/Parts/FuelTank/adapterTanks/Mk3-Mk2/adapterMk3-Mk2
[LOG 18:15:08.400] Config(PART) Squad/Parts/FuelTank/adapterTanks/Mk3-ShuttleAdapter/adapterEngines
[LOG 18:15:08.400] Config(PART) Squad/Parts/FuelTank/adapterTanks/Mk3-Size2/adapterMk3-Size2
[LOG 18:15:08.400] Config(PART) Squad/Parts/FuelTank/adapterTanks/Mk3-Size2Slant/adapterMk3-Size2Slant
[LOG 18:15:08.400] Config(PART) Squad/Parts/FuelTank/adapterTanks/Size2-Mk2/adapterSize2-Mk2
[LOG 18:15:08.400] Config(PART) Squad/Parts/FuelTank/adapterTanks/Size2-Size1/adapterSize2-Size1
[LOG 18:15:08.400] Config(PART) Squad/Parts/FuelTank/adapterTanks/Size2-Size1Slant/adapterSize2-Size1Slant
[LOG 18:15:08.400] Config(PART) Squad/Parts/FuelTank/adapterTanks/Size3-Mk3/adapterSize3-Mk3
[LOG 18:15:08.400] Config(PART) Squad/Parts/FuelTank/drainTankFTE-1/ReleaseValve/ReleaseValve
[LOG 18:15:08.400] Config(PART) Squad/Parts/FuelTank/FoilTanks/RadialTank_Capsule/externalTankCapsule
[LOG 18:15:08.400] Config(PART) Squad/Parts/FuelTank/FoilTanks/RadialTank_Round/externalTankRound
[LOG 18:15:08.400] Config(PART) Squad/Parts/FuelTank/FoilTanks/ToroidTank/externalTankToroid
[LOG 18:15:08.400] Config(PART) Squad/Parts/FuelTank/fuelTankOscarB/fuelTankOscarB/miniFuelTank
[LOG 18:15:08.400] Config(PART) Squad/Parts/FuelTank/miniFuselage/miniFuselage/miniFuselage
[LOG 18:15:08.400] Config(PART) Squad/Parts/FuelTank/mk2Adapters/bicoupler/mk2_1m_Bicoupler
[LOG 18:15:08.400] Config(PART) Squad/Parts/FuelTank/mk2Adapters/long/mk2_1m_AdapterLong
[LOG 18:15:08.400] Config(PART) Squad/Parts/FuelTank/mk2Adapters/standard/mk2SpacePlaneAdapter
[LOG 18:15:08.400] Config(PART) Squad/Parts/FuelTank/mk2FuselageLong/LFO_long/mk2FuselageLongLFO
[LOG 18:15:08.400] Config(PART) Squad/Parts/FuelTank/mk2FuselageLong/L_long/mk2Fuselage
[LOG 18:15:08.400] Config(PART) Squad/Parts/FuelTank/mk2FuselageShort/LFO_short/mk2FuselageShortLFO
[LOG 18:15:08.400] Config(PART) Squad/Parts/FuelTank/mk2FuselageShort/L_short/mk2FuselageShortLiquid
[LOG 18:15:08.400] Config(PART) Squad/Parts/FuelTank/mk2FuselageShort/Mono_short/mk2FuselageShortMono
[LOG 18:15:08.400] Config(PART) Squad/Parts/FuelTank/mk3Fuselage/CREW/mk3CrewCabin
[LOG 18:15:08.400] Config(PART) Squad/Parts/FuelTank/mk3Fuselage/LFO_100/mk3FuselageLFO_100
[LOG 18:15:08.401] Config(PART) Squad/Parts/FuelTank/mk3Fuselage/LFO_25/mk3FuselageLFO_25
[LOG 18:15:08.401] Config(PART) Squad/Parts/FuelTank/mk3Fuselage/LFO_50/mk3FuselageLFO_50
[LOG 18:15:08.401] Config(PART) Squad/Parts/FuelTank/mk3Fuselage/LF_100/mk3FuselageLF_100
[LOG 18:15:08.401] Config(PART) Squad/Parts/FuelTank/mk3Fuselage/LF_25/mk3FuselageLF_25
[LOG 18:15:08.401] Config(PART) Squad/Parts/FuelTank/mk3Fuselage/LF_50/mk3FuselageLF_50
[LOG 18:15:08.401] Config(PART) Squad/Parts/FuelTank/mk3Fuselage/MONO/mk3FuselageMONO
[LOG 18:15:08.401] Config(PART) Squad/Parts/FuelTank/RCSFuelTankR1/RCSFuelTankR1/RCSTank1-2
[LOG 18:15:08.401] Config(PART) Squad/Parts/FuelTank/RCSFuelTankR10/RCSFuelTankR10/rcsTankMini
[LOG 18:15:08.401] Config(PART) Squad/Parts/FuelTank/RCSFuelTankR25/RCSFuelTankR25/RCSFuelTank
[LOG 18:15:08.401] Config(PART) Squad/Parts/FuelTank/RCSTankRadial/radialRCSTank/radialRCSTank
[LOG 18:15:08.401] Config(PART) Squad/Parts/FuelTank/RCStankRadialLong/RCSTankRadialLong/rcsTankRadialLong
[LOG 18:15:08.401] Config(PART) Squad/Parts/FuelTank/RockomaxTanks/Rockomax16/Rockomax16_BW
[LOG 18:15:08.401] Config(PART) Squad/Parts/FuelTank/RockomaxTanks/Rockomax32/Rockomax32_BW
[LOG 18:15:08.401] Config(PART) Squad/Parts/FuelTank/RockomaxTanks/Rockomax64/Rockomax64_BW
[LOG 18:15:08.401] Config(PART) Squad/Parts/FuelTank/RockomaxTanks/Rockomax8/Rockomax8BW
[LOG 18:15:08.401] Config(PART) Squad/Parts/FuelTank/Size1_Tanks/fuelTankT100/fuelTankSmallFlat
[LOG 18:15:08.401] Config(PART) Squad/Parts/FuelTank/Size1_Tanks/fuelTankT200/fuelTankSmall
[LOG 18:15:08.401] Config(PART) Squad/Parts/FuelTank/Size1_Tanks/fuelTankT400/fuelTank
[LOG 18:15:08.401] Config(PART) Squad/Parts/FuelTank/Size1_Tanks/fuelTankT800/fuelTank_long
[LOG 18:15:08.401] Config(PART) Squad/Parts/FuelTank/Size3Tanks/large/Size3LargeTank
[LOG 18:15:08.401] Config(PART) Squad/Parts/FuelTank/Size3Tanks/medium/Size3MediumTank
[LOG 18:15:08.401] Config(PART) Squad/Parts/FuelTank/Size3Tanks/small/Size3SmallTank
[LOG 18:15:08.401] Config(PART) Squad/Parts/FuelTank/xenonTank/xenonTank/xenonTank
[LOG 18:15:08.401] Config(PART) Squad/Parts/FuelTank/xenonTankLarge/xenonTankLarge/xenonTankLarge
[LOG 18:15:08.401] Config(PART) Squad/Parts/FuelTank/xenonTankRadial/xenonTankRadial/xenonTankRadial
[LOG 18:15:08.401] Config(PART) Squad/Parts/Misc/AsteroidDay/CamSat/InfraredTelescope
[LOG 18:15:08.401] Config(PART) Squad/Parts/Misc/AsteroidDay/HECS2/HECS2_ProbeCore
[LOG 18:15:08.401] Config(PART) Squad/Parts/Misc/AsteroidDay/HighGainAntenna/HighGainAntenna
[LOG 18:15:08.402] Config(PART) Squad/Parts/Misc/AsteroidDay/LgRadialSolar/LgRadialSolarPanel
[LOG 18:15:08.402] Config(PART) Squad/Parts/Misc/PotatoComet/part/PotatoComet
[LOG 18:15:08.402] Config(PART) Squad/Parts/Misc/PotatoRoid/part/PotatoRoid
[LOG 18:15:08.402] Config(PART) Squad/Parts/Prebuilt/flag/flag
[LOG 18:15:08.402] Config(PART) Squad/Parts/Prebuilt/kerbalEVA/kerbalEVA
[LOG 18:15:08.402] Config(PART) Squad/Parts/Prebuilt/kerbalEVAfemale/kerbalEVAfemale
[LOG 18:15:08.402] Config(PART) Squad/Parts/Prebuilt/kerbalEVASlimSuit/kerbalEVASlimSuit
[LOG 18:15:08.402] Config(PART) Squad/Parts/Prebuilt/kerbalEVASlimSuitFemale/kerbalEVASlimSuitFemale
[LOG 18:15:08.402] Config(PART) Squad/Parts/Resources/FuelCell/FuelCell/FuelCell
[LOG 18:15:08.402] Config(PART) Squad/Parts/Resources/FuelCell/FuelCellArray/FuelCellArray
[LOG 18:15:08.402] Config(PART) Squad/Parts/Resources/ISRU/ISRU/ISRU
[LOG 18:15:08.402] Config(PART) Squad/Parts/Resources/LargeTank/LargeTank/LargeTank
[LOG 18:15:08.402] Config(PART) Squad/Parts/Resources/MiniDrill/MiniDrill/MiniDrill
[LOG 18:15:08.402] Config(PART) Squad/Parts/Resources/MiniISRU/MiniISRU/MiniISRU
[LOG 18:15:08.402] Config(PART) Squad/Parts/Resources/OrbitalScanner/OrbitalScanner/OrbitalScanner
[LOG 18:15:08.402] Config(PART) Squad/Parts/Resources/RadialDrill/RadialDrill/RadialDrill
[LOG 18:15:08.402] Config(PART) Squad/Parts/Resources/RadialTank/RadialTank/RadialOreTank
[LOG 18:15:08.402] Config(PART) Squad/Parts/Resources/SmallTank/SmallTank/SmallTank
[LOG 18:15:08.402] Config(PART) Squad/Parts/Resources/SurfaceScanner/SurfaceScanner/SurfaceScanner
[LOG 18:15:08.402] Config(PART) Squad/Parts/Resources/SurveyScanner/SurveyScanner/SurveyScanner
[LOG 18:15:08.402] Config(PART) Squad/Parts/Science/AtmosphereSensor/sensorAtmosphere/sensorAtmosphere
[LOG 18:15:08.402] Config(PART) Squad/Parts/Science/GooExperiment/gooExperiment/GooExperiment
[LOG 18:15:08.402] Config(PART) Squad/Parts/Science/LargeCrewedLab/largeCrewedLab/Large_Crewed_Lab
[LOG 18:15:08.402] Config(PART) Squad/Parts/Science/Magnetometer/Magnetometer/Magnetometer
[LOG 18:15:08.403] Config(PART) Squad/Parts/Science/MaterialBay/materialBay/science_module
[LOG 18:15:08.403] Config(PART) Squad/Parts/Science/ScienceBox/ScienceBox/ScienceBox
[LOG 18:15:08.403] Config(PART) Squad/Parts/Science/sensorAccelerometer/sensorAccelerometer/sensorAccelerometer
[LOG 18:15:08.403] Config(PART) Squad/Parts/Science/sensorBarometer/sensorBarometer/sensorBarometer
[LOG 18:15:08.403] Config(PART) Squad/Parts/Science/sensorGravimeter/sensorGravimeter/sensorGravimeter
[LOG 18:15:08.403] Config(PART) Squad/Parts/Science/sensorThermometer/sensorThermometer/sensorThermometer
[LOG 18:15:08.403] Config(PART) Squad/Parts/Structural/FLAdapters/adapterSmallMiniShort/adapterSmallMiniShort
[LOG 18:15:08.403] Config(PART) Squad/Parts/Structural/FLAdapters/adapterSmallMiniTall/adapterSmallMiniTall
[LOG 18:15:08.403] Config(PART) Squad/Parts/Structural/mk1Parts/engineBodyRadial/radialEngineBody
[LOG 18:15:08.403] Config(PART) Squad/Parts/Structural/mk1Parts/engineNacelle/nacelleBody
[LOG 18:15:08.403] Config(PART) Squad/Parts/Structural/mk1Parts/mk1Fuselage/MK1Fuselage
[LOG 18:15:08.403] Config(PART) Squad/Parts/Structural/mk1Parts/mk1FuselageIntake/MK1IntakeFuselage
[LOG 18:15:08.403] Config(PART) Squad/Parts/Structural/mk1Parts/mk1Structural/Mk1FuselageStructural
[LOG 18:15:08.403] Config(PART) Squad/Parts/Structural/Size3To2Adapter_v2/Size2to3_v2/Size3To2Adapter_v2
[LOG 18:15:08.403] Config(PART) Squad/Parts/Structural/stackAdapters/adapterLargeSmallBi/adapterLargeSmallBi
[LOG 18:15:08.403] Config(PART) Squad/Parts/Structural/stackAdapters/adapterLargeSmallQuad/adapterLargeSmallQuad
[LOG 18:15:08.403] Config(PART) Squad/Parts/Structural/stackAdapters/adapterLargeSmallTri/adapterLargeSmallTri
[LOG 18:15:08.403] Config(PART) Squad/Parts/Structural/stationHub/stationHub/stationHub
[LOG 18:15:08.403] Config(PART) Squad/Parts/Structural/structuralIBeam200/structuralIBeam200/structuralIBeam2
[LOG 18:15:08.403] Config(PART) Squad/Parts/Structural/structuralIBeam200Pocket/structuralIBeam200Pocket/structuralIBeam3
[LOG 18:15:08.403] Config(PART) Squad/Parts/Structural/structuralIBeam650/structuralIBeam650/structuralIBeam1
[LOG 18:15:08.403] Config(PART) Squad/Parts/Structural/structuralMicronode/structuralMicronode/structuralMiniNode
[LOG 18:15:08.403] Config(PART) Squad/Parts/Structural/structuralPanel1x1/structuralPanel1x1/structuralPanel1
[LOG 18:15:08.403] Config(PART) Squad/Parts/Structural/structuralPanel2x2/structuralPanel2x2/structuralPanel2
[LOG 18:15:08.403] Config(PART) Squad/Parts/Structural/structuralPylons/smallHardpoint/smallHardpoint
[LOG 18:15:08.403] Config(PART) Squad/Parts/Structural/structuralPylons/structuralPylon/structuralPylon
[LOG 18:15:08.403] Config(PART) Squad/Parts/Structural/strutCubicOcto/strutCubicOcto/strutCube
[LOG 18:15:08.404] Config(PART) Squad/Parts/Structural/strutOcto/strutOcto/strutOcto
[LOG 18:15:08.404] Config(PART) Squad/Parts/Structural/trussGirderAdapter/trussGirderAdapter/trussAdapter
[LOG 18:15:08.404] Config(PART) Squad/Parts/Structural/trussGirderL/trussGirderL/trussPiece1x
[LOG 18:15:08.404] Config(PART) Squad/Parts/Structural/trussGirderXL/trussGirderXL/trussPiece3x
[LOG 18:15:08.404] Config(PART) Squad/Parts/Thermal/FoldingRadiators/foldingRadLarge/foldingRadLarge
[LOG 18:15:08.404] Config(PART) Squad/Parts/Thermal/FoldingRadiators/foldingRadMed/foldingRadMed
[LOG 18:15:08.404] Config(PART) Squad/Parts/Thermal/FoldingRadiators/foldingRadSmall/foldingRadSmall
[LOG 18:15:08.404] Config(PART) Squad/Parts/Thermal/RadiatorPanels/radPanelEdge/radPanelEdge
[LOG 18:15:08.404] Config(PART) Squad/Parts/Thermal/RadiatorPanels/radPanelLg/radPanelLg
[LOG 18:15:08.404] Config(PART) Squad/Parts/Thermal/RadiatorPanels/radPanelSm/radPanelSm
[LOG 18:15:08.404] Config(PART) Squad/Parts/Utility/commDish88-88/commDish88-88/commDish
[LOG 18:15:08.404] Config(PART) Squad/Parts/Utility/commsAntennaDTS-M1/commsAntennaDTS-M1/mediumDishAntenna
[LOG 18:15:08.404] Config(PART) Squad/Parts/Utility/commsDish16/commsAntenna16/longAntenna
[LOG 18:15:08.404] Config(PART) Squad/Parts/Utility/decouplerRadialHDM/decouplerRadialHDM/radialDecoupler1-2
[LOG 18:15:08.404] Config(PART) Squad/Parts/Utility/decouplerRadialTT-38K/decouplerRadialTT-38K/radialDecoupler
[LOG 18:15:08.404] Config(PART) Squad/Parts/Utility/decouplerRadialTT-70/decouplerRadialTT-70/radialDecoupler2
[LOG 18:15:08.404] Config(PART) Squad/Parts/Utility/DirectAntennas/C16S/SurfAntenna
[LOG 18:15:08.404] Config(PART) Squad/Parts/Utility/DirectAntennas/HG-5/HighGainAntenna5
[LOG 18:15:08.404] Config(PART) Squad/Parts/Utility/DirectAntennas/HG-5_v2/HighGainAntenna5_v2
[LOG 18:15:08.404] Config(PART) Squad/Parts/Utility/dockingPort/dockingPort/dockingPort2
[LOG 18:15:08.404] Config(PART) Squad/Parts/Utility/dockingPortInline/dockingPortInline/dockingPortLateral
[LOG 18:15:08.404] Config(PART) Squad/Parts/Utility/dockingPortJr/dockingPortJr/dockingPort3
[LOG 18:15:08.404] Config(PART) Squad/Parts/Utility/dockingPortShielded/dockingPortShielded/dockingPort1
[LOG 18:15:08.404] Config(PART) Squad/Parts/Utility/dockingPortSr/dockingPortSr/dockingPortLarge
[LOG 18:15:08.404] Config(PART) Squad/Parts/Utility/Fireworks/fireworksLauncherBig/fireworksLauncherBig
[LOG 18:15:08.404] Config(PART) Squad/Parts/Utility/Fireworks/fireworksLauncherSmall/fireworksLauncherSmall
[LOG 18:15:08.404] Config(PART) Squad/Parts/Utility/flags/flagFlat/flagFlat/flagPartFlat
[LOG 18:15:08.405] Config(PART) Squad/Parts/Utility/flags/flagSize0/flagSize0/flagPartSize0
[LOG 18:15:08.405] Config(PART) Squad/Parts/Utility/flags/flagSize1/flagSize1/flagPartSize1
[LOG 18:15:08.405] Config(PART) Squad/Parts/Utility/flags/flagSize2/flagSize2/flagPartSize2
[LOG 18:15:08.405] Config(PART) Squad/Parts/Utility/flags/flagSize3/flagSize3/flagPartSize3
[LOG 18:15:08.405] Config(PART) Squad/Parts/Utility/GrapplingDevice/part/GrapplingDevice
[LOG 18:15:08.405] Config(PART) Squad/Parts/Utility/ladderRadial/ladderRadial/ladder1
[LOG 18:15:08.405] Config(PART) Squad/Parts/Utility/ladderTelescopic/ladderTelescopic/telescopicLadder
[LOG 18:15:08.405] Config(PART) Squad/Parts/Utility/ladderTelescopicBay/ladderTelescopicBay/telescopicLadderBay
[LOG 18:15:08.405] Config(PART) Squad/Parts/Utility/landingLegLT-1/landingLegLT-1/landingLeg1
[LOG 18:15:08.405] Config(PART) Squad/Parts/Utility/landingLegLT-2/landingLegLT-2/landingLeg1-2
[LOG 18:15:08.405] Config(PART) Squad/Parts/Utility/landingLegLT-5/landingLegLT-5/miniLandingLeg
[LOG 18:15:08.405] Config(PART) Squad/Parts/Utility/launchClamp1/launchClamp1/launchClamp1
[LOG 18:15:08.405] Config(PART) Squad/Parts/Utility/launchEscapeSystem/part/LaunchEscapeSystem
[LOG 18:15:08.405] Config(PART) Squad/Parts/Utility/Lights/domeLight1/domeLight1
[LOG 18:15:08.405] Config(PART) Squad/Parts/Utility/Lights/groundLight1/groundLight1
[LOG 18:15:08.405] Config(PART) Squad/Parts/Utility/Lights/groundLight2/groundLight2
[LOG 18:15:08.405] Config(PART) Squad/Parts/Utility/Lights/navLight1/navLight1
[LOG 18:15:08.405] Config(PART) Squad/Parts/Utility/Lights/spotLight1/spotLight3
[LOG 18:15:08.405] Config(PART) Squad/Parts/Utility/Lights/stripLight1/stripLight1
[LOG 18:15:08.405] Config(PART) Squad/Parts/Utility/linearVernorRCS/linearRCS/linearRcs
[LOG 18:15:08.405] Config(PART) Squad/Parts/Utility/linearVernorRCS/vernorEngine/vernierEngine
[LOG 18:15:08.405] Config(PART) Squad/Parts/Utility/mk2CargoBay/BayL/mk2CargoBayL
[LOG 18:15:08.405] Config(PART) Squad/Parts/Utility/mk2CargoBay/BayS/mk2CargoBayS
[LOG 18:15:08.405] Config(PART) Squad/Parts/Utility/mk2CrewCabin/mk2CrewCabin/mk2CrewCabin
[LOG 18:15:08.405] Config(PART) Squad/Parts/Utility/mk2DockingPort/mk2DockingPort/mk2DockingPort
[LOG 18:15:08.405] Config(PART) Squad/Parts/Utility/mk3CargoBay/long/mk3CargoBayL
[LOG 18:15:08.406] Config(PART) Squad/Parts/Utility/mk3CargoBay/medium/mk3CargoBayM
[LOG 18:15:08.406] Config(PART) Squad/Parts/Utility/mk3CargoBay/ramp/mk3CargoRamp
[LOG 18:15:08.406] Config(PART) Squad/Parts/Utility/mk3CargoBay/short/mk3CargoBayS
[LOG 18:15:08.406] Config(PART) Squad/Parts/Utility/parachuteMk1/parachuteMk1/parachuteSingle
[LOG 18:15:08.406] Config(PART) Squad/Parts/Utility/parachuteMk12-R/parachuteMk12-R/radialDrogue
[LOG 18:15:08.406] Config(PART) Squad/Parts/Utility/parachuteMk16-XL/parachuteMk16-XL/parachuteLarge
[LOG 18:15:08.406] Config(PART) Squad/Parts/Utility/parachuteMk2-R/parachuteMk2-R/parachuteRadial
[LOG 18:15:08.406] Config(PART) Squad/Parts/Utility/parachuteMk25/parachuteMk25/parachuteDrogue
[LOG 18:15:08.406] Config(PART) Squad/Parts/Utility/radialAttachmentPoint/radialAttachmentPoint/stackPoint1
[LOG 18:15:08.406] Config(PART) Squad/Parts/Utility/rcsBlockRV-105_v2/rcsBlockRV-105/RCSBlock_v2
[LOG 18:15:08.406] Config(PART) Squad/Parts/Utility/rcsBlockRV-105_v2/RCSblock_01_small/RCSblock_01_small
[LOG 18:15:08.406] Config(PART) Squad/Parts/Utility/rcsSmallLinear/RCSLinearSmall/RCSLinearSmall
[LOG 18:15:08.406] Config(PART) Squad/Parts/Utility/RelayAntennas/RA-100/RelayAntenna100
[LOG 18:15:08.406] Config(PART) Squad/Parts/Utility/RelayAntennas/RA-5/RelayAntenna5
[LOG 18:15:08.406] Config(PART) Squad/Parts/Utility/RelayAntennas/RA-50/RelayAntenna50
[LOG 18:15:08.406] Config(PART) Squad/Parts/Utility/rockomaxAdapters/largeAdapter/largeAdapter
[LOG 18:15:08.406] Config(PART) Squad/Parts/Utility/rockomaxAdapters/largeAdapterShort/largeAdapter2
[LOG 18:15:08.406] Config(PART) Squad/Parts/Utility/ServiceBay_v2/ServiceBay_125_v2/ServiceBay_125_v2
[LOG 18:15:08.406] Config(PART) Squad/Parts/Utility/ServiceBay_v2/ServiceBay_250_v2/ServiceBay_250_v2
[LOG 18:15:08.406] Config(PART) Squad/Parts/Utility/smallClaw/smallClaw/smallClaw
[LOG 18:15:08.406] Config(PART) Squad/Parts/Utility/spotLightMk1/spotLightMk1/spotLight1
[LOG 18:15:08.406] Config(PART) Squad/Parts/Utility/spotLightMk1_v2/spotLightMk1_v2/spotLight1_v2
[LOG 18:15:08.406] Config(PART) Squad/Parts/Utility/spotLightMk2/spotLightMk2/spotLight2
[LOG 18:15:08.406] Config(PART) Squad/Parts/Utility/spotLightMk2_v2/spotLightMk2_v2/spotLight2_v2
[LOG 18:15:08.407] Config(PART) Squad/Parts/Utility/stackCouplers/stackBiCoupler_v2/stackBiCoupler_v2
[LOG 18:15:08.407] Config(PART) Squad/Parts/Utility/stackCouplers/stackQuadCoupler/stackQuadCoupler
[LOG 18:15:08.407] Config(PART) Squad/Parts/Utility/stackCouplers/stackTriCoupler_v2/stackTriCoupler_v2
[LOG 18:15:08.407] Config(PART) Squad/Parts/Wheel/LandingGear/GearExtraLarge/GearLarge
[LOG 18:15:08.407] Config(PART) Squad/Parts/Wheel/LandingGear/GearFixed/GearFixed
[LOG 18:15:08.407] Config(PART) Squad/Parts/Wheel/LandingGear/GearFree/GearFree
[LOG 18:15:08.407] Config(PART) Squad/Parts/Wheel/LandingGear/GearLarge/GearMedium
[LOG 18:15:08.407] Config(PART) Squad/Parts/Wheel/LandingGear/GearMedium/GearSmall
[LOG 18:15:08.407] Config(PART) Squad/Parts/Wheel/LandingGear/GearSmall/SmallGearBay
[LOG 18:15:08.407] Config(PART) Squad/Parts/Wheel/roverWheelM1/roverWheelM1/roverWheel1
[LOG 18:15:08.407] Config(PART) Squad/Parts/Wheel/roverWheelS2/roverWheelS2/roverWheel2
[LOG 18:15:08.407] Config(PART) Squad/Parts/Wheel/roverWheelTR-2L/roverWheelTR-2L/wheelMed
[LOG 18:15:08.407] Config(PART) Squad/Parts/Wheel/roverWheelXL3/roverWheelXL3/roverWheel3
[LOG 18:15:08.407] Config(PROP) Squad/Props/AltimeterThreeHands/prop/AltimeterThreeHands
[LOG 18:15:08.407] Config(PROP) Squad/Props/AtmosphereDepth/prop/AtmosphereDepth
[LOG 18:15:08.407] Config(PROP) Squad/Props/AxisIndicator/pitchConfig/AxisIndicatorPitch
[LOG 18:15:08.407] Config(PROP) Squad/Props/AxisIndicator/rollConfig/AxisIndicatorRoll
[LOG 18:15:08.407] Config(PROP) Squad/Props/AxisIndicator/yawConfig/AxisIndicatorYaw
[LOG 18:15:08.407] Config(PROP) Squad/Props/buttonsGeneric/circularButton/genericCircularButton
[LOG 18:15:08.407] Config(PROP) Squad/Props/buttonsGeneric/clusterButtons/genericClusterButtons
[LOG 18:15:08.407] Config(PROP) Squad/Props/buttonsGeneric/clusterButtons2/genericClusterButtons2
[LOG 18:15:08.407] Config(PROP) Squad/Props/buttonsGeneric/clusterKnob/genericClusterKnobs
[LOG 18:15:08.407] Config(PROP) Squad/Props/buttonsGeneric/clusterKnob2/genericClusterKnobs2
[LOG 18:15:08.407] Config(PROP) Squad/Props/buttonsGeneric/clusterMixed/genericClusterMixed
[LOG 18:15:08.408] Config(PROP) Squad/Props/buttonsGeneric/clusterSwitches01/genericClusterSwitches01
[LOG 18:15:08.408] Config(PROP) Squad/Props/buttonsGeneric/clusterSwitches02/genericClusterSwitches02
[LOG 18:15:08.408] Config(PROP) Squad/Props/buttonsGeneric/clusterSwitches03/genericClusterSwitches03
[LOG 18:15:08.408] Config(PROP) Squad/Props/buttonsGeneric/clusterSwitches04/genericClusterSwitches04
[LOG 18:15:08.408] Config(PROP) Squad/Props/buttonsGeneric/clusterSwitches05/genericClusterSwitches05
[LOG 18:15:08.408] Config(PROP) Squad/Props/buttonsGeneric/clusterSwitches06/genericClusterSwitches06
[LOG 18:15:08.408] Config(PROP) Squad/Props/buttonsGeneric/clusterSwitches07/genericClusterSwitches07
[LOG 18:15:08.408] Config(PROP) Squad/Props/buttonsGeneric/directionalKnob/genericDirectionalKnob
[LOG 18:15:08.408] Config(PROP) Squad/Props/buttonsGeneric/directionalKnob2/genericDirectionalKnob2
[LOG 18:15:08.408] Config(PROP) Squad/Props/buttonsGeneric/pullSwitch/genericPullSwitch
[LOG 18:15:08.408] Config(PROP) Squad/Props/buttonsGeneric/squareButton/genericSquareButton
[LOG 18:15:08.408] Config(PROP) Squad/Props/buttonsGeneric/standingSwitch/genericStandingSwitch
[LOG 18:15:08.408] Config(PROP) Squad/Props/buttonsGeneric/switch/genericSwitch
[LOG 18:15:08.408] Config(PROP) Squad/Props/buttonsGeneric/switchWithGuards/genericSwitchWithGuards
[LOG 18:15:08.408] Config(PROP) Squad/Props/ButtonSquare/prop/ButtonSquare
[LOG 18:15:08.408] Config(PROP) Squad/Props/circularButton/prop/circularButton
[LOG 18:15:08.408] Config(PROP) Squad/Props/Compass/prop/Compass
[LOG 18:15:08.408] Config(PROP) Squad/Props/directionalKnob/prop/directionalKnob
[LOG 18:15:08.408] Config(PROP) Squad/Props/directionalKnob2/prop/directionalKnob2
[LOG 18:15:08.408] Config(PROP) Squad/Props/IndicatorPanel/prop/IndicatorPanel
[LOG 18:15:08.408] Config(PROP) Squad/Props/IVANavBall/prop/NavBall
[LOG 18:15:08.408] Config(PROP) Squad/Props/IVANavBallNoBase/prop/NavBallNoBase
[LOG 18:15:08.408] Config(PROP) Squad/Props/ledPanelSpeed/prop/ledPanelSpeed
[LOG 18:15:08.408] Config(PROP) Squad/Props/Monitor/DockingMode/MonitorDockingMode
[LOG 18:15:08.408] Config(PROP) Squad/Props/NavBall/prop/NavBall
[LOG 18:15:08.408] Config(PROP) Squad/Props/PropsGeneric/Button_DockingMode/Button_DockingMode
[LOG 18:15:08.408] Config(PROP) Squad/Props/PropsGeneric/CargoBagA/CargoBagA
[LOG 18:15:08.408] Config(PROP) Squad/Props/PropsGeneric/CargoBagB/CargoBagB
[LOG 18:15:08.409] Config(PROP) Squad/Props/PropsGeneric/CargoBagC/CargoBagC
[LOG 18:15:08.409] Config(PROP) Squad/Props/PropsGeneric/Hatch_Plane/Hatch_Plane
[LOG 18:15:08.409] Config(PROP) Squad/Props/PropsGeneric/Hatch_Plane_Curve90/Hatch_Plane_Curve90
[LOG 18:15:08.409] Config(PROP) Squad/Props/PropsGeneric/Hatch_Plane_Frame/Hatch_Plane_Frame
[LOG 18:15:08.409] Config(PROP) Squad/Props/PropsGeneric/Seat_Passenger/Seat_Passenger
[LOG 18:15:08.409] Config(PROP) Squad/Props/PropsGeneric/Seat_Pilot/Seat_Pilot
[LOG 18:15:08.409] Config(PROP) Squad/Props/PropsGeneric/Seat_Pilot_Helmet/Seat_Pilot_Helmet
[LOG 18:15:08.409] Config(PROP) Squad/Props/PropsGeneric/SideStick/SideStick
[LOG 18:15:08.409] Config(PROP) Squad/Props/pullSwitch/prop/pullSwitch
[LOG 18:15:08.409] Config(PROP) Squad/Props/radarAltitude/prop/RadarAltimeter
[LOG 18:15:08.409] Config(PROP) Squad/Props/squareButton/prop/squareButton
[LOG 18:15:08.409] Config(PROP) Squad/Props/standingSwitch/prop/standingSwitch
[LOG 18:15:08.409] Config(PROP) Squad/Props/switch/prop/switch
[LOG 18:15:08.409] Config(PROP) Squad/Props/switchGuard/prop/switchGuard
[LOG 18:15:08.409] Config(PROP) Squad/Props/switchWithGuards/prop/switchWithGuards
[LOG 18:15:08.409] Config(PROP) Squad/Props/throttle/prop/throttle
[LOG 18:15:08.409] Config(PROP) Squad/Props/VSI/prop/VSI
[LOG 18:15:08.409] Config(SPACEOBJECTS_LIMITS) Squad/Resources/CometDefs/SPACEOBJECTS_LIMITS
[LOG 18:15:08.409] Config(COMET_MANAGER) Squad/Resources/CometDefs/COMET_MANAGER
[LOG 18:15:08.409] Config(COMET_ORBIT_TYPE) Squad/Resources/CometDefs/short
[LOG 18:15:08.409] Config(COMET_ORBIT_TYPE) Squad/Resources/CometDefs/intermediate
[LOG 18:15:08.409] Config(COMET_ORBIT_TYPE) Squad/Resources/CometDefs/long
[LOG 18:15:08.409] Config(COMET_ORBIT_TYPE) Squad/Resources/CometDefs/interstellar
[LOG 18:15:08.409] Config(FIREWORKFX_DEFINITION) Squad/Resources/FireworkFXDefinitions/classicTrail
[LOG 18:15:08.410] Config(FIREWORKFX_DEFINITION) Squad/Resources/FireworkFXDefinitions/whirlyTrail
[LOG 18:15:08.410] Config(FIREWORKFX_DEFINITION) Squad/Resources/FireworkFXDefinitions/strobeTrail
[LOG 18:15:08.410] Config(FIREWORKFX_DEFINITION) Squad/Resources/FireworkFXDefinitions/bareTrail
[LOG 18:15:08.410] Config(FIREWORKFX_DEFINITION) Squad/Resources/FireworkFXDefinitions/classicBurst
[LOG 18:15:08.410] Config(FIREWORKFX_DEFINITION) Squad/Resources/FireworkFXDefinitions/chrysBurst
[LOG 18:15:08.410] Config(FIREWORKFX_DEFINITION) Squad/Resources/FireworkFXDefinitions/palmBurst
[LOG 18:15:08.410] Config(FIREWORKFX_DEFINITION) Squad/Resources/FireworkFXDefinitions/ringBurst
[LOG 18:15:08.410] Config(FIREWORKFX_DEFINITION) Squad/Resources/FireworkFXDefinitions/crosetteBurst
[LOG 18:15:08.410] Config(FIREWORKFX_DEFINITION) Squad/Resources/FireworkFXDefinitions/willowBurst
[LOG 18:15:08.410] Config(FIREWORKFX_DEFINITION) Squad/Resources/FireworkFXDefinitions/crackeBurst
[LOG 18:15:08.410] Config(FIREWORKFX_DEFINITION) Squad/Resources/FireworkFXDefinitions/palmCrackleBurst
[LOG 18:15:08.410] Config(FIREWORKFX_DEFINITION) Squad/Resources/FireworkFXDefinitions/dragonBurst
[LOG 18:15:08.410] Config(GLOBAL_RESOURCE) Squad/Resources/Ore/GLOBAL_RESOURCE
[LOG 18:15:08.410] Config(PLANETARY_RESOURCE) Squad/Resources/Ore/PLANETARY_RESOURCE
[LOG 18:15:08.410] Config(PLANETARY_RESOURCE) Squad/Resources/Ore/PLANETARY_RESOURCE
[LOG 18:15:08.410] Config(RESOURCE_OVERLAY_CONFIGURATION_SOLID) Squad/Resources/Overlay/RESOURCE_OVERLAY_CONFIGURATION_SOLID
[LOG 18:15:08.410] Config(RESOURCE_OVERLAY_CONFIGURATION_LINES) Squad/Resources/Overlay/RESOURCE_OVERLAY_CONFIGURATION_LINES
[LOG 18:15:08.410] Config(RESOURCE_OVERLAY_CONFIGURATION_DOTS) Squad/Resources/Overlay/RESOURCE_OVERLAY_CONFIGURATION_DOTS
[LOG 18:15:08.410] Config(RESOURCE_CONFIGURATION) Squad/Resources/ResourceDefaults/RESOURCE_CONFIGURATION
[LOG 18:15:08.410] Config(RESOURCE_DEFINITION) Squad/Resources/ResourcesGeneric/LiquidFuel
[LOG 18:15:08.410] Config(RESOURCE_DEFINITION) Squad/Resources/ResourcesGeneric/Oxidizer
[LOG 18:15:08.410] Config(RESOURCE_DEFINITION) Squad/Resources/ResourcesGeneric/SolidFuel
[LOG 18:15:08.410] Config(RESOURCE_DEFINITION) Squad/Resources/ResourcesGeneric/MonoPropellant
[LOG 18:15:08.410] Config(RESOURCE_DEFINITION) Squad/Resources/ResourcesGeneric/XenonGas
[LOG 18:15:08.410] Config(RESOURCE_DEFINITION) Squad/Resources/ResourcesGeneric/ElectricCharge
[LOG 18:15:08.410] Config(RESOURCE_DEFINITION) Squad/Resources/ResourcesGeneric/IntakeAir
[LOG 18:15:08.410] Config(RESOURCE_DEFINITION) Squad/Resources/ResourcesGeneric/EVA Propellant
[LOG 18:15:08.410] Config(RESOURCE_DEFINITION) Squad/Resources/ResourcesGeneric/Ore
[LOG 18:15:08.410] Config(RESOURCE_DEFINITION) Squad/Resources/ResourcesGeneric/Ablator
[LOG 18:15:08.411] Config(EXPERIMENT_DEFINITION) Squad/Resources/ScienceDefs/EXPERIMENT_DEFINITION
[LOG 18:15:08.411] Config(EXPERIMENT_DEFINITION) Squad/Resources/ScienceDefs/EXPERIMENT_DEFINITION
[LOG 18:15:08.411] Config(EXPERIMENT_DEFINITION) Squad/Resources/ScienceDefs/EXPERIMENT_DEFINITION
[LOG 18:15:08.411] Config(EXPERIMENT_DEFINITION) Squad/Resources/ScienceDefs/EXPERIMENT_DEFINITION
[LOG 18:15:08.411] Config(EXPERIMENT_DEFINITION) Squad/Resources/ScienceDefs/EXPERIMENT_DEFINITION
[LOG 18:15:08.411] Config(EXPERIMENT_DEFINITION) Squad/Resources/ScienceDefs/EXPERIMENT_DEFINITION
[LOG 18:15:08.411] Config(EXPERIMENT_DEFINITION) Squad/Resources/ScienceDefs/EXPERIMENT_DEFINITION
[LOG 18:15:08.411] Config(EXPERIMENT_DEFINITION) Squad/Resources/ScienceDefs/EXPERIMENT_DEFINITION
[LOG 18:15:08.411] Config(EXPERIMENT_DEFINITION) Squad/Resources/ScienceDefs/EXPERIMENT_DEFINITION
[LOG 18:15:08.411] Config(EXPERIMENT_DEFINITION) Squad/Resources/ScienceDefs/EXPERIMENT_DEFINITION
[LOG 18:15:08.411] Config(EXPERIMENT_DEFINITION) Squad/Resources/ScienceDefs/EXPERIMENT_DEFINITION
[LOG 18:15:08.411] Config(EXPERIMENT_DEFINITION) Squad/Resources/ScienceDefs/EXPERIMENT_DEFINITION
[LOG 18:15:08.411] Config(EXPERIMENT_DEFINITION) Squad/Resources/ScienceDefs/EXPERIMENT_DEFINITION
[LOG 18:15:08.411] Config(EXPERIMENT_DEFINITION) Squad/Resources/ScienceDefs/EXPERIMENT_DEFINITION
[LOG 18:15:08.411] Config(EXPERIMENT_DEFINITION) Squad/Resources/ScienceDefs/EXPERIMENT_DEFINITION
[LOG 18:15:08.411] Config(EXPERIMENT_DEFINITION) Squad/Resources/ScienceDefs/EXPERIMENT_DEFINITION
[LOG 18:15:08.411] Config(EXPERIMENT_DEFINITION) Squad/Resources/ScienceDefs/EXPERIMENT_DEFINITION
[LOG 18:15:08.411] Config(EXPERIMENT_DEFINITION) Squad/Resources/ScienceDefs/EXPERIMENT_DEFINITION
[LOG 18:15:08.411] Config(STORY_DEF) Squad/Resources/StoryDefs/STORY_DEF
[LOG 18:15:08.411] Config(TechTree) Squad/Resources/TechTree/TechTree
[LOG 18:15:08.411] Config(INTERNAL) Squad/Spaces/crewCabinInternals/internal/crewCabinInternals
[LOG 18:15:08.411] Config(INTERNAL) Squad/Spaces/cupolaInternal/internal/cupolaInternal
[LOG 18:15:08.411] Config(INTERNAL) Squad/Spaces/GenericSpace1/internal/GenericSpace1
[LOG 18:15:08.411] Config(INTERNAL) Squad/Spaces/GenericSpace3/internal/GenericSpace3
[LOG 18:15:08.411] Config(INTERNAL) Squad/Spaces/landerCabinInternals/internal/landerCabinInternals
[LOG 18:15:08.411] Config(INTERNAL) Squad/Spaces/landerCabinSmallInternal/internal/landerCabinSmallInternal
[LOG 18:15:08.411] Config(INTERNAL) Squad/Spaces/LargeCrewedLabInternals/internal/Mobile_Processing_Lab_Int
[LOG 18:15:08.411] Config(INTERNAL) Squad/Spaces/Mk1-3/internal/Mk1-3
[LOG 18:15:08.412] Config(INTERNAL) Squad/Spaces/mk1CabinInternal/internal/mk1CabinInternal
[LOG 18:15:08.412] Config(INTERNAL) Squad/Spaces/mk1CockpitInternal/internal/mk1CockpitInternal
[LOG 18:15:08.412] Config(INTERNAL) Squad/Spaces/mk1InlineInternal/internal/mk1InlineInternal
[LOG 18:15:08.412] Config(INTERNAL) Squad/Spaces/mk1PodCockpit/internal/mk1PodCockpit
[LOG 18:15:08.412] Config(INTERNAL) Squad/Spaces/mk1pod_IVA/mk1pod_Internal/mk1pod_IVA
[LOG 18:15:08.412] Config(INTERNAL) Squad/Spaces/mk2CockpitStandardInternal/internal/mk2CockpitStandardInternals
[LOG 18:15:08.412] Config(INTERNAL) Squad/Spaces/Mk2CrewCabinInternal/internal_MK2_CrewCab/MK2_CrewCab_Int
[LOG 18:15:08.412] Config(INTERNAL) Squad/Spaces/mk2InlineInternal/internal/mk2InlineInternal
[LOG 18:15:08.412] Config(INTERNAL) Squad/Spaces/mk2LanderCanInternal/internal/mk2LanderCanInternal
[LOG 18:15:08.412] Config(INTERNAL) Squad/Spaces/MK3CockpitInternal/internal_MK3/MK3_Cockpit_Int
[LOG 18:15:08.412] Config(INTERNAL) Squad/Spaces/MK3_CrewCab_Int/internal_MK3_CrewCab/MK3_CrewCab_Int
[LOG 18:15:08.412] Config(INTERNAL) Squad/Spaces/Placeholder/internal/Placeholder
[LOG 18:15:08.412] Config(INTERNAL) Squad/Spaces/PodCockpit/internal/PodCockpit
[LOG 18:15:08.412] Config(STRATEGY_DEPARTMENT) Squad/Strategies/Departments/Finances
[LOG 18:15:08.412] Config(STRATEGY_DEPARTMENT) Squad/Strategies/Departments/Science
[LOG 18:15:08.412] Config(STRATEGY_DEPARTMENT) Squad/Strategies/Departments/Public Relations
[LOG 18:15:08.412] Config(STRATEGY_DEPARTMENT) Squad/Strategies/Departments/Operations
[LOG 18:15:08.412] Config(STRATEGY) Squad/Strategies/Strategies/AppreciationCampaignCfg
[LOG 18:15:08.412] Config(STRATEGY) Squad/Strategies/Strategies/FundraisingCampaignCfg
[LOG 18:15:08.412] Config(STRATEGY) Squad/Strategies/Strategies/OpenSourceTechProgramCfg
[LOG 18:15:08.412] Config(STRATEGY) Squad/Strategies/Strategies/UnpaidResearchProgramCfg
[LOG 18:15:08.412] Config(STRATEGY) Squad/Strategies/Strategies/OutsourcedResearchCfg
[LOG 18:15:08.412] Config(STRATEGY) Squad/Strategies/Strategies/PatentsLicensingCfg
[LOG 18:15:08.412] Config(STRATEGY) Squad/Strategies/Strategies/AgressiveNegotiations
[LOG 18:15:08.412] Config(STRATEGY) Squad/Strategies/Strategies/RecoveryTransponders
[LOG 18:15:08.412] Config(STRATEGY) Squad/Strategies/Strategies/BailoutGrant
[LOG 18:15:08.413] Config(STRATEGY) Squad/Strategies/Strategies/researchIPsellout
[LOG 18:15:08.413] Config(STRATEGY) Squad/Strategies/Strategies/LeadershipInitiative
[LOG 18:15:08.413] Config(TUTORIAL) Squad/Tutorials/FlightSuborbital/FlightSuborbital
[LOG 18:15:08.413] Config(TUTORIAL) Squad/Tutorials/FromMun/FromMun
[LOG 18:15:08.413] Config(TUTORIAL) Squad/Tutorials/GoForOrbit/GoForOrbit
[LOG 18:15:08.413] Config(MISSIONPACK) SquadExpansion/MakingHistory/Missions/MissionPacks/squad_MakingHistory
[LOG 18:15:08.413] Config(MISSIONPACK) SquadExpansion/MakingHistory/Missions/MissionPacks/squad_MakingHistory_Other
[LOG 18:15:08.413] Config(MISSIONPACK) SquadExpansion/MakingHistory/Missions/MissionPacks/squad_MakingHistory_Tutorial
[LOG 18:15:08.413] Config(MEBASICNODE) SquadExpansion/MakingHistory/Nodes/AccuracyLogic/TestAccuracyLogic
[LOG 18:15:08.413] Config(MEBASICNODE) SquadExpansion/MakingHistory/Nodes/ActionChancePartResourceLevels/ActionPartResourceAmount
[LOG 18:15:08.413] Config(MEBASICNODE) SquadExpansion/MakingHistory/Nodes/ActionExplode/ActionVesselExplode
[LOG 18:15:08.413] Config(MEBASICNODE) SquadExpansion/MakingHistory/Nodes/ActionMissionScore/MissionScore
[LOG 18:15:08.413] Config(MEBASICNODE) SquadExpansion/MakingHistory/Nodes/ActionModifierFunds/ModifyFunds
[LOG 18:15:08.413] Config(MEBASICNODE) SquadExpansion/MakingHistory/Nodes/ActionModifierScore/MissionScore
[LOG 18:15:08.413] Config(MEBASICNODE) SquadExpansion/MakingHistory/Nodes/ActionPartExplode/ActionPartExplode
[LOG 18:15:08.413] Config(MEBASICNODE) SquadExpansion/MakingHistory/Nodes/ActionPartResourceDrain/ActionPartResourceDrain
[LOG 18:15:08.413] Config(MEBASICNODE) SquadExpansion/MakingHistory/Nodes/ActionVesselActionGroup/ActionVesselActionGroup
[LOG 18:15:08.413] Config(MEBASICNODE) SquadExpansion/MakingHistory/Nodes/ActionVesselStage/ActionVesselStage
[LOG 18:15:08.413] Config(MEBASICNODE) SquadExpansion/MakingHistory/Nodes/CreateAsteroid/CreateAsteroid
[LOG 18:15:08.413] Config(MEBASICNODE) SquadExpansion/MakingHistory/Nodes/CreateComet/CreateComet
[LOG 18:15:08.413] Config(MEBASICNODE) SquadExpansion/MakingHistory/Nodes/CreateFlag/CreateFlag
[LOG 18:15:08.413] Config(MEBASICNODE) SquadExpansion/MakingHistory/Nodes/CreateLaunchSite/CreateLaunchSite
[LOG 18:15:08.413] Config(MEBASICNODE) SquadExpansion/MakingHistory/Nodes/CreateVessel/CreateVessel
[LOG 18:15:08.413] Config(MEBASICNODE) SquadExpansion/MakingHistory/Nodes/CrewAssignment/TestCrewAssignment
[LOG 18:15:08.413] Config(MEBASICNODE) SquadExpansion/MakingHistory/Nodes/Destroyed/Crashed
[LOG 18:15:08.413] Config(MEBASICNODE) SquadExpansion/MakingHistory/Nodes/DialogMessage/DialogMessage
[LOG 18:15:08.413] Config(MEBASICNODE) SquadExpansion/MakingHistory/Nodes/Distance/Distance
[LOG 18:15:08.413] Config(MEBASICNODE) SquadExpansion/MakingHistory/Nodes/EmptyFalse/EmptyFalse
[LOG 18:15:08.414] Config(MEBASICNODE) SquadExpansion/MakingHistory/Nodes/EmptyTrue/EmptyTrue
[LOG 18:15:08.414] Config(MEBASICNODE) SquadExpansion/MakingHistory/Nodes/EscapeSOI/SOILeft
[LOG 18:15:08.414] Config(MEBASICNODE) SquadExpansion/MakingHistory/Nodes/EVA/EVA
[LOG 18:15:08.414] Config(MEBASICNODE) SquadExpansion/MakingHistory/Nodes/Flying/Flying
[LOG 18:15:08.414] Config(MEBASICNODE) SquadExpansion/MakingHistory/Nodes/FundsRecovery/FundsRecovery
[LOG 18:15:08.414] Config(MEBASICNODE) SquadExpansion/MakingHistory/Nodes/KerbalBoarded/TestKerbalBoarded
[LOG 18:15:08.414] Config(MEBASICNODE) SquadExpansion/MakingHistory/Nodes/KerbalKilled/EVA
[LOG 18:15:08.414] Config(MEBASICNODE) SquadExpansion/MakingHistory/Nodes/KerbalRecovery/KerbalRecovery
[LOG 18:15:08.414] Config(MEBASICNODE) SquadExpansion/MakingHistory/Nodes/KerbalRescue/KerbalRescue
[LOG 18:15:08.414] Config(MEBASICNODE) SquadExpansion/MakingHistory/Nodes/Landed/Landed
[LOG 18:15:08.414] Config(MEBASICNODE) SquadExpansion/MakingHistory/Nodes/Message/Message
[LOG 18:15:08.414] Config(MEBASICNODE) SquadExpansion/MakingHistory/Nodes/MissionFunds/MissionFunds
[LOG 18:15:08.414] Config(MEBASICNODE) SquadExpansion/MakingHistory/Nodes/MissionScore/MissionScore
[LOG 18:15:08.414] Config(MEBASICNODE) SquadExpansion/MakingHistory/Nodes/Orbit/Orbit
[LOG 18:15:08.414] Config(MEBASICNODE) SquadExpansion/MakingHistory/Nodes/OrbitParams/OrbitParams
[LOG 18:15:08.414] Config(MEBASICNODE) SquadExpansion/MakingHistory/Nodes/PartDocking/TestPartDocking
[LOG 18:15:08.414] Config(MEBASICNODE) SquadExpansion/MakingHistory/Nodes/PartFailure/PartFailure
[LOG 18:15:08.414] Config(MEBASICNODE) SquadExpansion/MakingHistory/Nodes/PartGrapple/TestGrapple
[LOG 18:15:08.414] Config(MEBASICNODE) SquadExpansion/MakingHistory/Nodes/PartRepair/PartRepair
[LOG 18:15:08.414] Config(MEBASICNODE) SquadExpansion/MakingHistory/Nodes/PlaceKerbal/CreateKerbal
[LOG 18:15:08.414] Config(MEBASICNODE) SquadExpansion/MakingHistory/Nodes/PlantFlag/PlantFlag
[LOG 18:15:08.414] Config(MEBASICNODE) SquadExpansion/MakingHistory/Nodes/ReachSOI/ReachSOI
[LOG 18:15:08.414] Config(MEBASICNODE) SquadExpansion/MakingHistory/Nodes/Resource/ResourceAmount
[LOG 18:15:08.414] Config(MEBASICNODE) SquadExpansion/MakingHistory/Nodes/ResourceRecovery/TestResourcesRecovery
[LOG 18:15:08.414] Config(MEBASICNODE) SquadExpansion/MakingHistory/Nodes/ScienceExperiment/ScienceExperiment
[LOG 18:15:08.414] Config(MEBASICNODE) SquadExpansion/MakingHistory/Nodes/SetCamera/SetCamera
[LOG 18:15:08.414] Config(MEBASICNODE) SquadExpansion/MakingHistory/Nodes/SplashDown/SplashDown
[LOG 18:15:08.414] Config(MEBASICNODE) SquadExpansion/MakingHistory/Nodes/StageActivated/TestVesselStageActivated
[LOG 18:15:08.414] Config(MEBASICNODE) SquadExpansion/MakingHistory/Nodes/TakeKerbal/TestTakeKerbal
[LOG 18:15:08.415] Config(MEBASICNODE) SquadExpansion/MakingHistory/Nodes/TestFlyThrough/TestFlyThrough
[LOG 18:15:08.415] Config(MEBASICNODE) SquadExpansion/MakingHistory/Nodes/TestGoTo/TestGoTo
[LOG 18:15:08.415] Config(MEBASICNODE) SquadExpansion/MakingHistory/Nodes/TimeMET/TimeMET
[LOG 18:15:08.415] Config(MEBASICNODE) SquadExpansion/MakingHistory/Nodes/TimeOfMission/TimeOfMission
[LOG 18:15:08.415] Config(MEBASICNODE) SquadExpansion/MakingHistory/Nodes/TimeSinceNode/TestTimeSinceNode
[LOG 18:15:08.415] Config(MEBASICNODE) SquadExpansion/MakingHistory/Nodes/VesselActiveCount/TestVesselActiveCount
[LOG 18:15:08.415] Config(MEBASICNODE) SquadExpansion/MakingHistory/Nodes/VesselAltitudeGoal/VesselAltitudeGoal
[LOG 18:15:08.415] Config(MEBASICNODE) SquadExpansion/MakingHistory/Nodes/VesselCrewCount/VeselCrewCount
[LOG 18:15:08.415] Config(MEBASICNODE) SquadExpansion/MakingHistory/Nodes/VesselMassLogic/VesselMass
[LOG 18:15:08.415] Config(MEBASICNODE) SquadExpansion/MakingHistory/Nodes/VesselPartCount/PartCount
[LOG 18:15:08.415] Config(MEBASICNODE) SquadExpansion/MakingHistory/Nodes/VesselRecovery/TestVesselRecovery
[LOG 18:15:08.415] Config(MEBASICNODE) SquadExpansion/MakingHistory/Nodes/VesselStage/TestVesselStage
[LOG 18:15:08.415] Config(MEBASICNODE) SquadExpansion/MakingHistory/Nodes/VesselVelocity/VesselVelocity
[LOG 18:15:08.415] Config(PART) SquadExpansion/MakingHistory/Parts/Aero/protectiveRocketNoseMk16/rocketNoseCone_size4/rocketNoseConeSize4
[LOG 18:15:08.415] Config(PART) SquadExpansion/MakingHistory/Parts/Aero/protectiveRocketNoseMk5A/Size_1_5_Cone/Size_1_5_Cone
[LOG 18:15:08.415] Config(PART) SquadExpansion/MakingHistory/Parts/Coupling/Decoupler_1p5/Decoupler_1p5
[LOG 18:15:08.415] Config(PART) SquadExpansion/MakingHistory/Parts/Coupling/Decoupler_4/Decoupler_4
[LOG 18:15:08.415] Config(PART) SquadExpansion/MakingHistory/Parts/Coupling/EnginePlate_1p5/EnginePlate1p5
[LOG 18:15:08.415] Config(PART) SquadExpansion/MakingHistory/Parts/Coupling/EnginePlate_2/EnginePlate2
[LOG 18:15:08.415] Config(PART) SquadExpansion/MakingHistory/Parts/Coupling/EnginePlate_3/EnginePlate3
[LOG 18:15:08.415] Config(PART) SquadExpansion/MakingHistory/Parts/Coupling/EnginePlate_4/EnginePlate4
[LOG 18:15:08.415] Config(PART) SquadExpansion/MakingHistory/Parts/Coupling/EnginePlate_5/EnginePlate5
[LOG 18:15:08.415] Config(PART) SquadExpansion/MakingHistory/Parts/Coupling/InflatableAirlock/InflatableAirlock
[LOG 18:15:08.415] Config(PART) SquadExpansion/MakingHistory/Parts/Coupling/Separator_1p5/Separator_1p5
[LOG 18:15:08.415] Config(PART) SquadExpansion/MakingHistory/Parts/Coupling/Separator_4/Separator_4
[LOG 18:15:08.415] Config(PART) SquadExpansion/MakingHistory/Parts/Coupling/Size1p5_Strut_Decoupler/Size1p5_Strut_Decoupler
[LOG 18:15:08.416] Config(PART) SquadExpansion/MakingHistory/Parts/Engine/LiquidEngineKE-1/LiquidEngineKE-1
[LOG 18:15:08.416] Config(PART) SquadExpansion/MakingHistory/Parts/Engine/LiquidEngineLV-T91/LiquidEngineLV-T91
[LOG 18:15:08.416] Config(PART) SquadExpansion/MakingHistory/Parts/Engine/LiquidEngineLV-TX87/LiquidEngineLV-TX87
[LOG 18:15:08.416] Config(PART) SquadExpansion/MakingHistory/Parts/Engine/LiquidEngineRE-I2/LiquidEngineRE-I2
[LOG 18:15:08.416] Config(PART) SquadExpansion/MakingHistory/Parts/Engine/LiquidEngineRE-J10/LiquidEngineRE-J10
[LOG 18:15:08.416] Config(PART) SquadExpansion/MakingHistory/Parts/Engine/LiquidEngineRK-7/LiquidEngineRK-7
[LOG 18:15:08.416] Config(PART) SquadExpansion/MakingHistory/Parts/Engine/LiquidEngineRV-1/LiquidEngineRV-1
[LOG 18:15:08.416] Config(PART) SquadExpansion/MakingHistory/Parts/Engine/solidBoosterTHK/solidBoosterTHK/Pollux
[LOG 18:15:08.416] Config(PART) SquadExpansion/MakingHistory/Parts/FuelTank/MonoPropMini/monopropMiniSphere
[LOG 18:15:08.416] Config(PART) SquadExpansion/MakingHistory/Parts/FuelTank/Size1p5_Monoprop/Size1p5_Monoprop
[LOG 18:15:08.416] Config(PART) SquadExpansion/MakingHistory/Parts/FuelTank/Size1p5_Size0_Adapter_01/Size1p5_Size0_Adapter_01
[LOG 18:15:08.416] Config(PART) SquadExpansion/MakingHistory/Parts/FuelTank/Size1p5_Size1_Adapter_01/Size1p5_Size1_Adapter_01
[LOG 18:15:08.416] Config(PART) SquadExpansion/MakingHistory/Parts/FuelTank/Size1p5_Size1_Adapter_02/Size1p5_Size1_Adapter_02
[LOG 18:15:08.416] Config(PART) SquadExpansion/MakingHistory/Parts/FuelTank/Size1p5_Size2_Adapter_01/Size1p5_Size2_Adapter_01
[LOG 18:15:08.416] Config(PART) SquadExpansion/MakingHistory/Parts/FuelTank/Size1p5_Tank_01/Size1p5_Tank_01
[LOG 18:15:08.416] Config(PART) SquadExpansion/MakingHistory/Parts/FuelTank/Size1p5_Tank_02/Size1p5_Tank_02
[LOG 18:15:08.416] Config(PART) SquadExpansion/MakingHistory/Parts/FuelTank/Size1p5_Tank_03/Size1p5_Tank_03
[LOG 18:15:08.416] Config(PART) SquadExpansion/MakingHistory/Parts/FuelTank/Size1p5_Tank_04/Size1p5_Tank_04
[LOG 18:15:08.416] Config(PART) SquadExpansion/MakingHistory/Parts/FuelTank/Size1p5_Tank_05/Size1p5_Tank_05
[LOG 18:15:08.416] Config(PART) SquadExpansion/MakingHistory/Parts/FuelTank/Size3_Size4_Adapter_01/Size3_Size4_Adapter_01
[LOG 18:15:08.416] Config(PART) SquadExpansion/MakingHistory/Parts/FuelTank/Size4_EngineAdapter_01/Size4_EngineAdapter_01
[LOG 18:15:08.416] Config(PART) SquadExpansion/MakingHistory/Parts/FuelTank/Size4_Tank_01/Size4_Tank_01
[LOG 18:15:08.416] Config(PART) SquadExpansion/MakingHistory/Parts/FuelTank/Size4_Tank_02/Size4_Tank_02
[LOG 18:15:08.416] Config(PART) SquadExpansion/MakingHistory/Parts/FuelTank/Size4_Tank_03/Size4_Tank_03
[LOG 18:15:08.416] Config(PART) SquadExpansion/MakingHistory/Parts/FuelTank/Size4_Tank_04/Size4_Tank_04
[LOG 18:15:08.417] Config(PART) SquadExpansion/MakingHistory/Parts/Ground/RoverWheel/roverWheelM1-F
[LOG 18:15:08.417] Config(PART) SquadExpansion/MakingHistory/Parts/Payload/fairingSize1p5/fairingSize1p5
[LOG 18:15:08.417] Config(PART) SquadExpansion/MakingHistory/Parts/Payload/fairingSize4/fairingSize4
[LOG 18:15:08.417] Config(PART) SquadExpansion/MakingHistory/Parts/Payload/Size1to0ServiceModule/Size1to0ServiceModule
[LOG 18:15:08.417] Config(PART) SquadExpansion/MakingHistory/Parts/Payload/SM18/ServiceModule18
[LOG 18:15:08.417] Config(PART) SquadExpansion/MakingHistory/Parts/Payload/SM25/ServiceModule25
[LOG 18:15:08.417] Config(PART) SquadExpansion/MakingHistory/Parts/Pods/KV1Pod/kv1Pod
[LOG 18:15:08.417] Config(PART) SquadExpansion/MakingHistory/Parts/Pods/KV2Pod/kv2Pod
[LOG 18:15:08.417] Config(PART) SquadExpansion/MakingHistory/Parts/Pods/KV3Pod/kv3Pod
[LOG 18:15:08.417] Config(PART) SquadExpansion/MakingHistory/Parts/Pods/Mk2Pod/Mk2Pod
[LOG 18:15:08.417] Config(PART) SquadExpansion/MakingHistory/Parts/Pods/Size1_5_Lander/MEMLander
[LOG 18:15:08.417] Config(PART) SquadExpansion/MakingHistory/Parts/Prebuilt/kerbalEVAfemaleVintage/kerbalEVAfemaleVintage
[LOG 18:15:08.417] Config(PART) SquadExpansion/MakingHistory/Parts/Prebuilt/kerbalEVAVintage/kerbalEVAVintage
[LOG 18:15:08.417] Config(PART) SquadExpansion/MakingHistory/Parts/Structural/EquiTriangle0/EquiTriangle0
[LOG 18:15:08.417] Config(PART) SquadExpansion/MakingHistory/Parts/Structural/EquiTriangle1/EquiTriangle1
[LOG 18:15:08.417] Config(PART) SquadExpansion/MakingHistory/Parts/Structural/EquiTriangle1p5/EquiTriangle1p5
[LOG 18:15:08.417] Config(PART) SquadExpansion/MakingHistory/Parts/Structural/EquiTriangle2/EquiTriangle2
[LOG 18:15:08.417] Config(PART) SquadExpansion/MakingHistory/Parts/Structural/Panel0/Panel0
[LOG 18:15:08.417] Config(PART) SquadExpansion/MakingHistory/Parts/Structural/Panel1/Panel1
[LOG 18:15:08.417] Config(PART) SquadExpansion/MakingHistory/Parts/Structural/Panel1p5/Panel1p5
[LOG 18:15:08.417] Config(PART) SquadExpansion/MakingHistory/Parts/Structural/Panel2/Panel2
[LOG 18:15:08.417] Config(PART) SquadExpansion/MakingHistory/Parts/Structural/Triangle0/Triangle0
[LOG 18:15:08.417] Config(PART) SquadExpansion/MakingHistory/Parts/Structural/Triangle1/Triangle1
[LOG 18:15:08.417] Config(PART) SquadExpansion/MakingHistory/Parts/Structural/Triangle1p5/Triangle1p5
[LOG 18:15:08.417] Config(PART) SquadExpansion/MakingHistory/Parts/Structural/Triangle2/Triangle2
[LOG 18:15:08.418] Config(PART) SquadExpansion/MakingHistory/Parts/Structural/Tube1/Tube1
[LOG 18:15:08.418] Config(PART) SquadExpansion/MakingHistory/Parts/Structural/Tube1p5/Tube1p5
[LOG 18:15:08.418] Config(PART) SquadExpansion/MakingHistory/Parts/Structural/Tube2/Tube2
[LOG 18:15:08.418] Config(PART) SquadExpansion/MakingHistory/Parts/Structural/Tube3/Tube3
[LOG 18:15:08.418] Config(PART) SquadExpansion/MakingHistory/Parts/Structural/Tube4/Tube4
[LOG 18:15:08.418] Config(PART) SquadExpansion/MakingHistory/Parts/Thermal/HeatShield1p5/HeatShield1p5
[LOG 18:15:08.418] Config(PART) SquadExpansion/MakingHistory/Parts/Utility/flags/flagSize1p5/flagSize1p5/flagPartSize1p5
[LOG 18:15:08.418] Config(PART) SquadExpansion/MakingHistory/Parts/Utility/flags/flagSize4/flagSize4/flagPartSize4
[LOG 18:15:08.418] Config(INTERNAL) SquadExpansion/MakingHistory/Spaces/KVPods/Airlock_Internal/Airlock_IVA
[LOG 18:15:08.418] Config(INTERNAL) SquadExpansion/MakingHistory/Spaces/KVPods/KV1_Internal/KV1_IVA
[LOG 18:15:08.418] Config(INTERNAL) SquadExpansion/MakingHistory/Spaces/KVPods/KV2_Internal/KV2_IVA
[LOG 18:15:08.418] Config(INTERNAL) SquadExpansion/MakingHistory/Spaces/KVPods/KV3_Internal/KV3_IVA
[LOG 18:15:08.418] Config(INTERNAL) SquadExpansion/MakingHistory/Spaces/MEM/MEM_IVA/MEM_IVA
[LOG 18:15:08.418] Config(INTERNAL) SquadExpansion/MakingHistory/Spaces/Mk2Pod/Mk2Pod_Internal/MK2POD_IVA
[LOG 18:15:08.418] Config(Contracts) SquadExpansion/Serenity/Contracts/contracts/Contracts
[LOG 18:15:08.418] Config(EXPERIENCE_TRAIT) SquadExpansion/Serenity/Experience/Traits/Engineer
[LOG 18:15:08.418] Config(EXPERIENCE_TRAIT) SquadExpansion/Serenity/Experience/Traits/Scientist
[LOG 18:15:08.418] Config(Localization) SquadExpansion/Serenity/Localization/dictionary/Localization
[LOG 18:15:08.418] Config(PART) SquadExpansion/Serenity/Parts/Aero/FanShroud_01/FanShroud_01
[LOG 18:15:08.418] Config(PART) SquadExpansion/Serenity/Parts/Aero/FanShroud_02/FanShroud_02
[LOG 18:15:08.418] Config(PART) SquadExpansion/Serenity/Parts/Aero/FanShroud_03/FanShroud_03
[LOG 18:15:08.418] Config(PART) SquadExpansion/Serenity/Parts/Aero/noseconeTiny/noseconeTiny
[LOG 18:15:08.418] Config(PART) SquadExpansion/Serenity/Parts/Aero/noseconeVS/noseconeVS
[LOG 18:15:08.418] Config(PART) SquadExpansion/Serenity/Parts/DeployedScience/centralStation/DeployedCentralStation
[LOG 18:15:08.418] Config(PART) SquadExpansion/Serenity/Parts/DeployedScience/gooObservation/DeployedGoExOb
[LOG 18:15:08.418] Config(PART) SquadExpansion/Serenity/Parts/DeployedScience/ionCollector/DeployedIONExp
[LOG 18:15:08.419] Config(PART) SquadExpansion/Serenity/Parts/DeployedScience/rtg/DeployedRTG
[LOG 18:15:08.419] Config(PART) SquadExpansion/Serenity/Parts/DeployedScience/satDish/DeployedSatDish
[LOG 18:15:08.419] Config(PART) SquadExpansion/Serenity/Parts/DeployedScience/seismicSensor/DeployedSeismicSensor
[LOG 18:15:08.419] Config(PART) SquadExpansion/Serenity/Parts/DeployedScience/solarPanel/DeployedSolarPanel
[LOG 18:15:08.419] Config(PART) SquadExpansion/Serenity/Parts/DeployedScience/weatherStation/DeployedWeatherStn
[LOG 18:15:08.419] Config(PART) SquadExpansion/Serenity/Parts/Prebuilt/kerbalEVA/kerbalEVA
[LOG 18:15:08.419] Config(PART) SquadExpansion/Serenity/Parts/Prebuilt/kerbalEVAfemale/kerbalEVAfemale
[LOG 18:15:08.419] Config(PART) SquadExpansion/Serenity/Parts/Prebuilt/kerbalEVAfemaleFuture/kerbalEVAfemaleFuture
[LOG 18:15:08.419] Config(PART) SquadExpansion/Serenity/Parts/Prebuilt/kerbalEVAfemaleVintage/kerbalEVAfemaleVintage
[LOG 18:15:08.419] Config(PART) SquadExpansion/Serenity/Parts/Prebuilt/kerbalEVAFuture/kerbalEVAFuture
[LOG 18:15:08.419] Config(PART) SquadExpansion/Serenity/Parts/Prebuilt/kerbalEVASlimSuit/kerbalEVASlimSuit
[LOG 18:15:08.419] Config(PART) SquadExpansion/Serenity/Parts/Prebuilt/kerbalEVASlimSuitFemale/kerbalEVASlimSuitFemale
[LOG 18:15:08.419] Config(PART) SquadExpansion/Serenity/Parts/Prebuilt/kerbalEVAVintage/kerbalEVAVintage
[LOG 18:15:08.419] Config(PART) SquadExpansion/Serenity/Parts/Propellers/largeFanBlade/largeFanBlade
[LOG 18:15:08.419] Config(PART) SquadExpansion/Serenity/Parts/Propellers/largeHeliBlade/largeHeliBlade
[LOG 18:15:08.419] Config(PART) SquadExpansion/Serenity/Parts/Propellers/largePropeller/largePropeller
[LOG 18:15:08.419] Config(PART) SquadExpansion/Serenity/Parts/Propellers/mediumFanBlade/mediumFanBlade
[LOG 18:15:08.419] Config(PART) SquadExpansion/Serenity/Parts/Propellers/mediumHeliBlade/mediumHeliBlade
[LOG 18:15:08.419] Config(PART) SquadExpansion/Serenity/Parts/Propellers/mediumPropeller/mediumPropeller
[LOG 18:15:08.419] Config(PART) SquadExpansion/Serenity/Parts/Propellers/smallFanBlade/smallFanBlade
[LOG 18:15:08.419] Config(PART) SquadExpansion/Serenity/Parts/Propellers/smallHeliBlade/smallHeliBlade
[LOG 18:15:08.419] Config(PART) SquadExpansion/Serenity/Parts/Propellers/smallPropeller/smallPropeller
[LOG 18:15:08.419] Config(PART) SquadExpansion/Serenity/Parts/Robotics/hinge_01/hinge_01
[LOG 18:15:08.419] Config(PART) SquadExpansion/Serenity/Parts/Robotics/hinge_01_s/hinge_01_s
[LOG 18:15:08.419] Config(PART) SquadExpansion/Serenity/Parts/Robotics/hinge_03/hinge_03
[LOG 18:15:08.419] Config(PART) SquadExpansion/Serenity/Parts/Robotics/hinge_03_s/hinge_03_s
[LOG 18:15:08.420] Config(PART) SquadExpansion/Serenity/Parts/Robotics/hinge_04/hinge_04
[LOG 18:15:08.420] Config(PART) SquadExpansion/Serenity/Parts/Robotics/piston_01/piston_01
[LOG 18:15:08.420] Config(PART) SquadExpansion/Serenity/Parts/Robotics/piston_02/piston_02
[LOG 18:15:08.420] Config(PART) SquadExpansion/Serenity/Parts/Robotics/piston_03/piston_03
[LOG 18:15:08.420] Config(PART) SquadExpansion/Serenity/Parts/Robotics/piston_04/piston_04
[LOG 18:15:08.420] Config(PART) SquadExpansion/Serenity/Parts/Robotics/RotorEngine_02/RotorEngine_02
[LOG 18:15:08.420] Config(PART) SquadExpansion/Serenity/Parts/Robotics/RotorEngine_03/RotorEngine_03
[LOG 18:15:08.420] Config(PART) SquadExpansion/Serenity/Parts/Robotics/rotor_01/rotor_01
[LOG 18:15:08.420] Config(PART) SquadExpansion/Serenity/Parts/Robotics/rotor_01s/rotor_01s
[LOG 18:15:08.420] Config(PART) SquadExpansion/Serenity/Parts/Robotics/rotor_02/rotor_02
[LOG 18:15:08.420] Config(PART) SquadExpansion/Serenity/Parts/Robotics/rotor_02s/rotor_02s
[LOG 18:15:08.420] Config(PART) SquadExpansion/Serenity/Parts/Robotics/rotor_03/rotor_03
[LOG 18:15:08.420] Config(PART) SquadExpansion/Serenity/Parts/Robotics/rotor_03s/rotor_03s
[LOG 18:15:08.420] Config(PART) SquadExpansion/Serenity/Parts/Robotics/rotoServo_00/rotoServo_00
[LOG 18:15:08.420] Config(PART) SquadExpansion/Serenity/Parts/Robotics/rotoServo_02/rotoServo_02
[LOG 18:15:08.420] Config(PART) SquadExpansion/Serenity/Parts/Robotics/rotoServo_03/rotoServo_03
[LOG 18:15:08.420] Config(PART) SquadExpansion/Serenity/Parts/Robotics/rotoServo_04/rotoServo_04
[LOG 18:15:08.420] Config(PART) SquadExpansion/Serenity/Parts/Robotics/Controllers/KAL1000/controller1000
[LOG 18:15:08.420] Config(PART) SquadExpansion/Serenity/Parts/Science/RobotArmScanner/RobotArmScanner_S1/RobotArmScanner_S1
[LOG 18:15:08.420] Config(PART) SquadExpansion/Serenity/Parts/Science/RobotArmScanner/RobotArmScanner_S2/RobotArmScanner_S2
[LOG 18:15:08.420] Config(PART) SquadExpansion/Serenity/Parts/Science/RobotArmScanner/RobotArmScanner_S3/RobotArmScanner_S3
[LOG 18:15:08.420] Config(PART) SquadExpansion/Serenity/Parts/Structural/gripPads/lGripPad/lGripPad
[LOG 18:15:08.420] Config(PART) SquadExpansion/Serenity/Parts/Structural/gripPads/lGripStrip/lGripStrip
[LOG 18:15:08.420] Config(PART) SquadExpansion/Serenity/Parts/Structural/gripPads/mGripPad/mGripPad
[LOG 18:15:08.420] Config(PART) SquadExpansion/Serenity/Parts/Structural/gripPads/sGripPad/sGripPad
[LOG 18:15:08.421] Config(PART) SquadExpansion/Serenity/Parts/Structural/gripPads/sGripStrip/sGripStrip
[LOG 18:15:08.421] Config(DEPLOYEDSCIENCE) SquadExpansion/Serenity/Resources/DeployedScience/DEPLOYEDSCIENCE
[LOG 18:15:08.421] Config(PHYSICMATERIAL_DEFINITION) SquadExpansion/Serenity/Resources/PhysicsMaterials/MediumGrip
[LOG 18:15:08.421] Config(PHYSICMATERIAL_DEFINITION) SquadExpansion/Serenity/Resources/PhysicsMaterials/HighGrip
[LOG 18:15:08.421] Config(PHYSICMATERIAL_DEFINITION) SquadExpansion/Serenity/Resources/PhysicsMaterials/ExtremeGrip
[LOG 18:15:08.421] Config(PHYSICMATERIAL_DEFINITION) SquadExpansion/Serenity/Resources/PhysicsMaterials/LowGrip
[LOG 18:15:08.421] Config(PHYSICMATERIAL_DEFINITION) SquadExpansion/Serenity/Resources/PhysicsMaterials/Default
[LOG 18:15:08.421] Config(ROC_DEFINITION) SquadExpansion/Serenity/Resources/rocsdef/ROC_DEFINITION
[LOG 18:15:08.421] Config(ROC_DEFINITION) SquadExpansion/Serenity/Resources/rocsdef/ROC_DEFINITION
[LOG 18:15:08.421] Config(ROC_DEFINITION) SquadExpansion/Serenity/Resources/rocsdef/ROC_DEFINITION
[LOG 18:15:08.421] Config(ROC_DEFINITION) SquadExpansion/Serenity/Resources/rocsdef/ROC_DEFINITION
[LOG 18:15:08.421] Config(ROC_DEFINITION) SquadExpansion/Serenity/Resources/rocsdef/ROC_DEFINITION
[LOG 18:15:08.421] Config(ROC_DEFINITION) SquadExpansion/Serenity/Resources/rocsdef/ROC_DEFINITION
[LOG 18:15:08.421] Config(ROC_DEFINITION) SquadExpansion/Serenity/Resources/rocsdef/ROC_DEFINITION
[LOG 18:15:08.421] Config(ROC_DEFINITION) SquadExpansion/Serenity/Resources/rocsdef/ROC_DEFINITION
[LOG 18:15:08.421] Config(ROC_DEFINITION) SquadExpansion/Serenity/Resources/rocsdef/ROC_DEFINITION
[LOG 18:15:08.421] Config(ROC_DEFINITION) SquadExpansion/Serenity/Resources/rocsdef/ROC_DEFINITION
[LOG 18:15:08.421] Config(ROC_DEFINITION) SquadExpansion/Serenity/Resources/rocsdef/ROC_DEFINITION
[LOG 18:15:08.421] Config(ROC_DEFINITION) SquadExpansion/Serenity/Resources/rocsdef/ROC_DEFINITION
[LOG 18:15:08.421] Config(ROC_DEFINITION) SquadExpansion/Serenity/Resources/rocsdef/ROC_DEFINITION
[LOG 18:15:08.421] Config(ROC_DEFINITION) SquadExpansion/Serenity/Resources/rocsdef/ROC_DEFINITION
[LOG 18:15:08.421] Config(ROC_DEFINITION) SquadExpansion/Serenity/Resources/rocsdef/ROC_DEFINITION
[LOG 18:15:08.421] Config(ROC_DEFINITION) SquadExpansion/Serenity/Resources/rocsdef/ROC_DEFINITION
[LOG 18:15:08.421] Config(ROC_DEFINITION) SquadExpansion/Serenity/Resources/rocsdef/ROC_DEFINITION
[LOG 18:15:08.421] Config(ROC_DEFINITION) SquadExpansion/Serenity/Resources/rocsdef/ROC_DEFINITION
[LOG 18:15:08.421] Config(ROC_DEFINITION) SquadExpansion/Serenity/Resources/rocsdef/ROC_DEFINITION
[LOG 18:15:08.421] Config(ROC_DEFINITION) SquadExpansion/Serenity/Resources/rocsdef/ROC_DEFINITION
[LOG 18:15:08.421] Config(ROC_DEFINITION) SquadExpansion/Serenity/Resources/rocsdef/ROC_DEFINITION
[LOG 18:15:08.422] Config(ROC_DEFINITION) SquadExpansion/Serenity/Resources/rocsdef/ROC_DEFINITION
[LOG 18:15:08.422] Config(ROC_DEFINITION) SquadExpansion/Serenity/Resources/rocsdef/ROC_DEFINITION
[LOG 18:15:08.422] Config(ROC_DEFINITION) SquadExpansion/Serenity/Resources/rocsdef/ROC_DEFINITION
[LOG 18:15:08.422] Config(ROC_DEFINITION) SquadExpansion/Serenity/Resources/rocsdef/ROC_DEFINITION
[LOG 18:15:08.422] Config(ROC_DEFINITION) SquadExpansion/Serenity/Resources/rocsdef/ROC_DEFINITION
[LOG 18:15:08.422] Config(ROC_DEFINITION) SquadExpansion/Serenity/Resources/rocsdef/ROC_DEFINITION
[LOG 18:15:08.422] Config(ROC_DEFINITION) SquadExpansion/Serenity/Resources/rocsdef/ROC_DEFINITION
[LOG 18:15:08.422] Config(ROC_DEFINITION) SquadExpansion/Serenity/Resources/rocsdef/ROC_DEFINITION
[LOG 18:15:08.422] Config(ROC_DEFINITION) SquadExpansion/Serenity/Resources/rocsdef/ROC_DEFINITION
[LOG 18:15:08.422] Config(ROC_DEFINITION) SquadExpansion/Serenity/Resources/rocsdef/ROC_DEFINITION
[LOG 18:15:08.422] Config(ROC_DEFINITION) SquadExpansion/Serenity/Resources/rocsdef/ROC_DEFINITION
[LOG 18:15:08.422] Config(ROC_DEFINITION) SquadExpansion/Serenity/Resources/rocsdef/ROC_DEFINITION
[LOG 18:15:08.422] Config(ROC_DEFINITION) SquadExpansion/Serenity/Resources/rocsdef/ROC_DEFINITION
[LOG 18:15:08.422] Config(EXPERIMENT_DEFINITION) SquadExpansion/Serenity/Resources/ScienceDefs/EXPERIMENT_DEFINITION
[LOG 18:15:08.422] Config(EXPERIMENT_DEFINITION) SquadExpansion/Serenity/Resources/ScienceDefs/EXPERIMENT_DEFINITION
[LOG 18:15:08.422] Config(EXPERIMENT_DEFINITION) SquadExpansion/Serenity/Resources/ScienceDefs/EXPERIMENT_DEFINITION
[LOG 18:15:08.422] Config(EXPERIMENT_DEFINITION) SquadExpansion/Serenity/Resources/ScienceDefs/EXPERIMENT_DEFINITION
[LOG 18:15:08.422] Config(EXPERIMENT_DEFINITION) SquadExpansion/Serenity/Resources/ScienceDefs/EXPERIMENT_DEFINITION
[LOG 18:15:08.422] Config(EXPERIMENT_DEFINITION) SquadExpansion/Serenity/Resources/ScienceDefs/EXPERIMENT_DEFINITION
[LOG 18:15:08.422] Config(EXPERIMENT_DEFINITION) SquadExpansion/Serenity/Resources/ScienceDefs/EXPERIMENT_DEFINITION
[LOG 18:15:08.422] Config(EXPERIMENT_DEFINITION) SquadExpansion/Serenity/Resources/ScienceDefs/EXPERIMENT_DEFINITION
[LOG 18:15:08.422] Config(EXPERIMENT_DEFINITION) SquadExpansion/Serenity/Resources/ScienceDefs/EXPERIMENT_DEFINITION
[LOG 18:15:08.422] Config(EXPERIMENT_DEFINITION) SquadExpansion/Serenity/Resources/ScienceDefs/EXPERIMENT_DEFINITION
[LOG 18:15:08.422] Config(EXPERIMENT_DEFINITION) SquadExpansion/Serenity/Resources/ScienceDefs/EXPERIMENT_DEFINITION
[LOG 18:15:08.422] Config(EXPERIMENT_DEFINITION) SquadExpansion/Serenity/Resources/ScienceDefs/EXPERIMENT_DEFINITION
[LOG 18:15:08.422] Config(EXPERIMENT_DEFINITION) SquadExpansion/Serenity/Resources/ScienceDefs/EXPERIMENT_DEFINITION
[LOG 18:15:08.422] Config(EXPERIMENT_DEFINITION) SquadExpansion/Serenity/Resources/ScienceDefs/EXPERIMENT_DEFINITION
[LOG 18:15:08.422] Config(EXPERIMENT_DEFINITION) SquadExpansion/Serenity/Resources/ScienceDefs/EXPERIMENT_DEFINITION
[LOG 18:15:08.422] Config(EXPERIMENT_DEFINITION) SquadExpansion/Serenity/Resources/ScienceDefs/EXPERIMENT_DEFINITION
[LOG 18:15:08.422] Config(EXPERIMENT_DEFINITION) SquadExpansion/Serenity/Resources/ScienceDefs/EXPERIMENT_DEFINITION
[LOG 18:15:08.423] Config(EXPERIMENT_DEFINITION) SquadExpansion/Serenity/Resources/ScienceDefs/EXPERIMENT_DEFINITION
[LOG 18:15:08.423] Config(EXPERIMENT_DEFINITION) SquadExpansion/Serenity/Resources/ScienceDefs/EXPERIMENT_DEFINITION
[LOG 18:15:08.423] Config(EXPERIMENT_DEFINITION) SquadExpansion/Serenity/Resources/ScienceDefs/EXPERIMENT_DEFINITION
[LOG 18:15:08.423] Config(EXPERIMENT_DEFINITION) SquadExpansion/Serenity/Resources/ScienceDefs/EXPERIMENT_DEFINITION
[LOG 18:15:08.423] Config(EXPERIMENT_DEFINITION) SquadExpansion/Serenity/Resources/ScienceDefs/EXPERIMENT_DEFINITION
[LOG 18:15:08.423] Config(EXPERIMENT_DEFINITION) SquadExpansion/Serenity/Resources/ScienceDefs/EXPERIMENT_DEFINITION
[LOG 18:15:08.423] Config(EXPERIMENT_DEFINITION) SquadExpansion/Serenity/Resources/ScienceDefs/EXPERIMENT_DEFINITION
[LOG 18:15:08.423] Config(EXPERIMENT_DEFINITION) SquadExpansion/Serenity/Resources/ScienceDefs/EXPERIMENT_DEFINITION
[LOG 18:15:08.423] Config(EXPERIMENT_DEFINITION) SquadExpansion/Serenity/Resources/ScienceDefs/EXPERIMENT_DEFINITION
[LOG 18:15:08.423] Config(EXPERIMENT_DEFINITION) SquadExpansion/Serenity/Resources/ScienceDefs/EXPERIMENT_DEFINITION
[LOG 18:15:08.423] Config(EXPERIMENT_DEFINITION) SquadExpansion/Serenity/Resources/ScienceDefs/EXPERIMENT_DEFINITION
[LOG 18:15:08.423] Config(EXPERIMENT_DEFINITION) SquadExpansion/Serenity/Resources/ScienceDefs/EXPERIMENT_DEFINITION
[LOG 18:15:08.423] Config(EXPERIMENT_DEFINITION) SquadExpansion/Serenity/Resources/ScienceDefs/EXPERIMENT_DEFINITION
[LOG 18:15:08.423] Config(EXPERIMENT_DEFINITION) SquadExpansion/Serenity/Resources/ScienceDefs/EXPERIMENT_DEFINITION
[LOG 18:15:08.423] Config(EXPERIMENT_DEFINITION) SquadExpansion/Serenity/Resources/ScienceDefs/EXPERIMENT_DEFINITION
[LOG 18:15:08.423] Config(EXPERIMENT_DEFINITION) SquadExpansion/Serenity/Resources/ScienceDefs/EXPERIMENT_DEFINITION
[LOG 18:15:08.423] Config(EXPERIMENT_DEFINITION) SquadExpansion/Serenity/Resources/ScienceDefs/EXPERIMENT_DEFINITION
[LOG 18:15:08.423] Config(EXPERIMENT_DEFINITION) SquadExpansion/Serenity/Resources/ScienceDefs/EXPERIMENT_DEFINITION
[LOG 18:15:08.423] Config(EXPERIMENT_DEFINITION) SquadExpansion/Serenity/Resources/ScienceDefs/EXPERIMENT_DEFINITION
[LOG 18:15:08.423] Config(EXPERIMENT_DEFINITION) SquadExpansion/Serenity/Resources/ScienceDefs/EXPERIMENT_DEFINITION
[LOG 18:15:08.423] Config(EXPERIMENT_DEFINITION) SquadExpansion/Serenity/Resources/ScienceDefs/EXPERIMENT_DEFINITION
[LOG 18:15:08.423] Config(STORY_DEF) SquadExpansion/Serenity/Resources/StoryDefs/STORY_DEF
[LOG 18:15:08.423] Compiling Configs Completed.
[LOG 18:15:08.426] Resource LiquidFuel added to database
[LOG 18:15:08.426] Resource Oxidizer added to database
[LOG 18:15:08.426] Resource SolidFuel added to database
[LOG 18:15:08.426] Resource MonoPropellant added to database
[LOG 18:15:08.426] Resource XenonGas added to database
[LOG 18:15:08.426] Resource ElectricCharge added to database
[LOG 18:15:08.426] Resource IntakeAir added to database
[LOG 18:15:08.427] Resource EVA Propellant added to database
[LOG 18:15:08.427] Resource Ore added to database
[LOG 18:15:08.427] Resource Ablator added to database
[LOG 18:15:08.428] Resource MediumGrip added to database
[LOG 18:15:08.428] Resource HighGrip added to database
[LOG 18:15:08.428] Resource ExtremeGrip added to database
[LOG 18:15:08.428] Resource LowGrip added to database
[LOG 18:15:08.428] Resource Default added to database
[LOG 18:15:08.428] CodeAssetLoader: Compiling all code assets
[LOG 18:15:08.433] ExperienceSystemConfig: Added Effect 'DeployedSciencePowerSkill' to Trait 'Ingénieur'
[LOG 18:15:08.433] ExperienceSystemConfig: Added Effect 'DeployedScienceExpSkill' to Trait 'Scientifique'
[LOG 18:15:08.439] ConfigNode[]
[LOG 18:15:08.439] GameDatabase: Assets loaded in 8.310s
[LOG 18:15:08.441] [ModuleManager] Waited 0.000s for patching to finish
[LOG 18:15:08.441] [ModuleManager] Applying patched game database
[LOG 18:15:08.443] [ModuleManager] Dumping ModuleManager log to main log
[LOG 18:15:08.444] [ModuleManager] 
#### BEGIN MODULEMANAGER LOG ####


[LOG 18:15:01.617] Log started at 2026-10-04 18:15:01.617
[LOG 18:15:04.184] Checking Cache
[LOG 18:15:04.610] SHA generated in 0.421s
[LOG 18:15:04.610]       SHA = B9-94-53-39-E9-C4-2D-46-09-EF-D0-53-11-A5-5A-44-18-22-42-EF-A9-FC-EE-51-B5-AD-D6-91-11-97-88-AA
[LOG 18:15:04.762] Cache SHA = CE-CD-F5-69-43-FB-B1-E3-AB-1C-70-2A-BD-62-0F-18-20-EF-5D-95-BA-55-AB-F4-C3-04-50-69-1D-01-CD-78
[LOG 18:15:04.762] useCache = False
[LOG 18:15:04.764] Pre patch init
[LOG 18:15:05.045] compiling list of loaded mods...
Mod DLLs found:
  Name                                    Assembly Version         Assembly File Version    KSPAssembly Version      SHA256

  Assembly-CSharp                         0.0.0.0                  0.0.0.0                  1.12                     d9e42483f25ee80a9c11d6c1c0a0d29b4ec78c1e08d76c971b71580c9cce51e4
  ModuleManager                           4.2.3.0                  4.2.3.0                  2.5                      95847827ab293b9e82a19b7efb97ffea3e98cc03b181862536ac8eb572e30d7d
  0Harmony                                2.2.1.0                  2.2.1.0                                           19ce60ac3280f72ec1751d36a40cb7e2fece2934df8345969dc7feb83bd633e4
  HarmonyInstallChecker                   2.2.1.0                  2.2.1.0                  1.0                      f11e659e91a52c21c5bda78e52b82a7bdc246bcab6a999733af3c69a11a9dc0e
  KsmUI                                   1.0.0.0                  1.0.0.0                                           8d8b8bac9e1af91522e40f868dc8cd1a6f6aaee29eccde4bd62eea1b98c390c6
  0_MultipleModuleInPartAPI               1.0.0.0                  1.0.0.0                  1.0                      df4a22fb0535de7fa154ca234b50dd7c2fc6be879e4a877d9bad1f87bafafcbf
  KSPCommunityFixes                       1.41.0.0                 1.41.1.0                 1.41                     e08ebbec7ab34f4f7ff56d6e900051bb0d259a4bc092881d7db3ca2f9f2e9a11
  KSPMCPServer                            0.0.0.0                  0.0.0.0                                           c5f47e92b4495ba5922c4e16ad4d9421306a6b0b2e263a91abe194af548dc20d
  KSPProfiler                             1.0.0.0                  1.0.0.0                                           2d65e2b21a3106be10753416d6d39aaf11240f8724fdc2c208dc6b7be8f0e39e
Non-DLL mods added (:FOR[xxx]):
Mods by directory (sub directories of GameData):
  000_Harmony
  Squad
  SquadExpansion
Mods added by assemblies:

[LOG 18:15:05.047] Loading Physics.cfg
[LOG 18:15:05.049] Extracting patches
[LOG 18:15:05.059] Deleting root node in file KSPCommunityFixes/MMPatches/ModSupport/FixDockingNodes node: @PART[*]:HAS[@MODULE[ModuleDockingNodeFixed]]:NEEDS[FixDockingNodes]:FINAL as it can't satisfy its NEEDS
[LOG 18:15:05.060] Deleting root node in file KSPCommunityFixes/MMPatches/ModSupport/KSPRecall node: @KSP_COMMUNITY_FIXES:NEEDS[AttachedOnEditor] as it can't satisfy its NEEDS
[LOG 18:15:05.060] Deleting root node in file KSPCommunityFixes/MMPatches/ModSupport/UniversalStorage node: @KSP_COMMUNITY_FIXES:NEEDS[UniversalStorage2] as it can't satisfy its NEEDS
[LOG 18:15:05.162] Applying patches
[LOG 18:15:05.164] :INSERT (initial) pass
[LOG 18:15:05.247] :FIRST pass
[LOG 18:15:05.251] Applying update KSPCommunityFixes/MMPatches/StockTweaks/LadderToggleableLight/@PART[telescopicLadderBay]:FIRST to Squad/Parts/Utility/ladderTelescopicBay/ladderTelescopicBay.cfg/PART[telescopicLadderBay]
[LOG 18:15:05.267] Applying update KSPCommunityFixes/MMPatches/StockTweaks/LadderToggleableLight/@PART[telescopicLadderBay]:HAS[#LadderToggleableLight[?rue]]:FIRST to Squad/Parts/Utility/ladderTelescopicBay/ladderTelescopicBay.cfg/PART[telescopicLadderBay]
[LOG 18:15:05.268] Applying update KSPCommunityFixes/MMPatches/StockTweaks/LadderToggleableLight/@PART[telescopicLadderBay]:HAS[#LadderToggleableLight]:FIRST to Squad/Parts/Utility/ladderTelescopicBay/ladderTelescopicBay.cfg/PART[telescopicLadderBay]
[LOG 18:15:05.273] Applying update KSPCommunityFixes/MMPatches/StockTweaks/LandingGearLights/@PART[GearSmall]:FIRST to Squad/Parts/Wheel/LandingGear/GearMedium.cfg/PART[GearSmall]
[LOG 18:15:05.276] Applying update KSPCommunityFixes/MMPatches/StockTweaks/LandingGearLights/@PART[SmallGearBay]:FIRST to Squad/Parts/Wheel/LandingGear/GearSmall.cfg/PART[SmallGearBay]
[LOG 18:15:05.277] :LEGACY (default) pass
[LOG 18:15:05.280] :BEFORE[0_MULTIPLEMODULEINPARTAPI] pass
[LOG 18:15:05.280] :FOR[0_MULTIPLEMODULEINPARTAPI] pass
[LOG 18:15:05.280] :AFTER[0_MULTIPLEMODULEINPARTAPI] pass
[LOG 18:15:05.280] :BEFORE[000_HARMONY] pass
[LOG 18:15:05.280] :FOR[000_HARMONY] pass
[LOG 18:15:05.280] :AFTER[000_HARMONY] pass
[LOG 18:15:05.280] :BEFORE[0HARMONY] pass
[LOG 18:15:05.280] :FOR[0HARMONY] pass
[LOG 18:15:05.280] :AFTER[0HARMONY] pass
[LOG 18:15:05.280] :BEFORE[ASSEMBLY-CSHARP] pass
[LOG 18:15:05.280] :FOR[ASSEMBLY-CSHARP] pass
[LOG 18:15:05.280] :AFTER[ASSEMBLY-CSHARP] pass
[LOG 18:15:05.280] :BEFORE[HARMONYINSTALLCHECKER] pass
[LOG 18:15:05.280] :FOR[HARMONYINSTALLCHECKER] pass
[LOG 18:15:05.280] :AFTER[HARMONYINSTALLCHECKER] pass
[LOG 18:15:05.280] :BEFORE[KSMUI] pass
[LOG 18:15:05.280] :FOR[KSMUI] pass
[LOG 18:15:05.280] :AFTER[KSMUI] pass
[LOG 18:15:05.280] :BEFORE[KSPCOMMUNITYFIXES] pass
[LOG 18:15:05.280] :FOR[KSPCOMMUNITYFIXES] pass
[LOG 18:15:05.280] Applying update KSPCommunityFixes/MMPatches/StockTweaks/ManufacturerFixes/@PART[sasModule]:FOR[KSPCommunityFixes] to Squad/Parts/Command/inlineReactionWheel/inlineReactionWheel.cfg/PART[sasModule]
[LOG 18:15:05.281] Applying update KSPCommunityFixes/MMPatches/StockTweaks/ManufacturerFixes/@PART[xenonTankRadial]:FOR[KSPCommunityFixes] to Squad/Parts/FuelTank/xenonTankRadial/xenonTankRadial.cfg/PART[xenonTankRadial]
[LOG 18:15:05.282] Applying update KSPCommunityFixes/MMPatches/StockTweaks/ManufacturerFixes/@PART[winglet|fireworksLauncherSmall|fireworksLauncherBig]:FOR[KSPCommunityFixes] to Squad/Parts/Aero/wingletAV-T1/wingletAV-T1.cfg/PART[winglet]
[LOG 18:15:05.283] Applying update KSPCommunityFixes/MMPatches/StockTweaks/ManufacturerFixes/@PART[winglet|fireworksLauncherSmall|fireworksLauncherBig]:FOR[KSPCommunityFixes] to Squad/Parts/Utility/Fireworks/fireworksLauncherBig.cfg/PART[fireworksLauncherBig]
[LOG 18:15:05.283] Applying update KSPCommunityFixes/MMPatches/StockTweaks/ManufacturerFixes/@PART[winglet|fireworksLauncherSmall|fireworksLauncherBig]:FOR[KSPCommunityFixes] to Squad/Parts/Utility/Fireworks/fireworksLauncherSmall.cfg/PART[fireworksLauncherSmall]
[LOG 18:15:05.284] Applying update KSPCommunityFixes/MMPatches/StockTweaks/ManufacturerFixes/@PART[solidBooster_sm_v2|solidBooster_v2]:FOR[KSPCommunityFixes] to Squad/Parts/Engine/Size1_SRBs/solidBoosterRT-10_v2.cfg/PART[solidBooster_v2]
[LOG 18:15:05.284] Applying update KSPCommunityFixes/MMPatches/StockTweaks/ManufacturerFixes/@PART[solidBooster_sm_v2|solidBooster_v2]:FOR[KSPCommunityFixes] to Squad/Parts/Engine/Size1_SRBs/solidBoosterRT-5_v2.cfg/PART[solidBooster_sm_v2]
[LOG 18:15:05.286] Applying update KSPCommunityFixes/MMPatches/StockTweaks/ManufacturerFixes/@PART[ServiceBay_125_v2|ServiceBay_250_v2]:FOR[KSPCommunityFixes] to Squad/Parts/Utility/ServiceBay_v2/ServiceBay_125_v2.cfg/PART[ServiceBay_125_v2]
[LOG 18:15:05.286] Applying update KSPCommunityFixes/MMPatches/StockTweaks/ManufacturerFixes/@PART[ServiceBay_125_v2|ServiceBay_250_v2]:FOR[KSPCommunityFixes] to Squad/Parts/Utility/ServiceBay_v2/ServiceBay_250_v2.cfg/PART[ServiceBay_250_v2]
[LOG 18:15:05.288] Applying update KSPCommunityFixes/MMPatches/StockTweaks/ManufacturerFixes/@PART[externalTankCapsule]:FOR[KSPCommunityFixes] to Squad/Parts/FuelTank/FoilTanks/RadialTank_Capsule.cfg/PART[externalTankCapsule]
[LOG 18:15:05.290] Applying update KSPCommunityFixes/MMPatches/StockTweaks/ManufacturerFixes/@PART[RCSFuelTank|rcsTankMini|RCSTank1-2]:FOR[KSPCommunityFixes] to Squad/Parts/FuelTank/RCSFuelTankR1/RCSFuelTankR1.cfg/PART[RCSTank1-2]
[LOG 18:15:05.290] Applying update KSPCommunityFixes/MMPatches/StockTweaks/ManufacturerFixes/@PART[RCSFuelTank|rcsTankMini|RCSTank1-2]:FOR[KSPCommunityFixes] to Squad/Parts/FuelTank/RCSFuelTankR10/RCSFuelTankR10.cfg/PART[rcsTankMini]
[LOG 18:15:05.290] Applying update KSPCommunityFixes/MMPatches/StockTweaks/ManufacturerFixes/@PART[RCSFuelTank|rcsTankMini|RCSTank1-2]:FOR[KSPCommunityFixes] to Squad/Parts/FuelTank/RCSFuelTankR25/RCSFuelTankR25.cfg/PART[RCSFuelTank]
[LOG 18:15:05.292] Applying update KSPCommunityFixes/MMPatches/StockTweaks/ManufacturerFixes/@PART[landerCabinSmall]:FOR[KSPCommunityFixes] to Squad/Parts/Command/mk1LanderCan/mk1LanderCan.cfg/PART[landerCabinSmall]
[LOG 18:15:05.294] Applying update KSPCommunityFixes/MMPatches/StockTweaks/ManufacturerFixes/@PART[dockingPortLateral]:FOR[KSPCommunityFixes] to Squad/Parts/Utility/dockingPortInline/dockingPortInline.cfg/PART[dockingPortLateral]
[LOG 18:15:05.296] Applying update KSPCommunityFixes/MMPatches/StockTweaks/ManufacturerFixes/@PART[EnginePlate4]:FOR[KSPCommunityFixes]:NEEDS[SquadExpansion/MakingHistory] to SquadExpansion/MakingHistory/Parts/Coupling/EnginePlate_4.cfg/PART[EnginePlate4]
[LOG 18:15:05.297] Applying update KSPCommunityFixes/MMPatches/StockTweaks/ManufacturerFixes/@PART[Mk2Pod]:FOR[KSPCommunityFixes]:NEEDS[SquadExpansion/MakingHistory] to SquadExpansion/MakingHistory/Parts/Pods/Mk2Pod.cfg/PART[Mk2Pod]
[LOG 18:15:05.299] Applying update KSPCommunityFixes/MMPatches/StockTweaks/ManufacturerFixes/@PART[evaChute|parachuteSingle|parachuteRadial|radialDrogue|parachuteLarge|parachuteDrogue]:FOR[KSPCommunityFixes] to Squad/Parts/Cargo/Parachute/Parachute.cfg/PART[evaChute]
[LOG 18:15:05.302] Applying update KSPCommunityFixes/MMPatches/StockTweaks/ManufacturerFixes/@PART[evaChute|parachuteSingle|parachuteRadial|radialDrogue|parachuteLarge|parachuteDrogue]:FOR[KSPCommunityFixes] to Squad/Parts/Utility/parachuteMk1/parachuteMk1.cfg/PART[parachuteSingle]
[LOG 18:15:05.302] Applying update KSPCommunityFixes/MMPatches/StockTweaks/ManufacturerFixes/@PART[evaChute|parachuteSingle|parachuteRadial|radialDrogue|parachuteLarge|parachuteDrogue]:FOR[KSPCommunityFixes] to Squad/Parts/Utility/parachuteMk12-R/parachuteMk12-R.cfg/PART[radialDrogue]
[LOG 18:15:05.302] Applying update KSPCommunityFixes/MMPatches/StockTweaks/ManufacturerFixes/@PART[evaChute|parachuteSingle|parachuteRadial|radialDrogue|parachuteLarge|parachuteDrogue]:FOR[KSPCommunityFixes] to Squad/Parts/Utility/parachuteMk16-XL/parachuteMk16-XL.cfg/PART[parachuteLarge]
[LOG 18:15:05.302] Applying update KSPCommunityFixes/MMPatches/StockTweaks/ManufacturerFixes/@PART[evaChute|parachuteSingle|parachuteRadial|radialDrogue|parachuteLarge|parachuteDrogue]:FOR[KSPCommunityFixes] to Squad/Parts/Utility/parachuteMk2-R/parachuteMk2-R.cfg/PART[parachuteRadial]
[LOG 18:15:05.302] Applying update KSPCommunityFixes/MMPatches/StockTweaks/ManufacturerFixes/@PART[evaChute|parachuteSingle|parachuteRadial|radialDrogue|parachuteLarge|parachuteDrogue]:FOR[KSPCommunityFixes] to Squad/Parts/Utility/parachuteMk25/parachuteMk25.cfg/PART[parachuteDrogue]
[LOG 18:15:05.311] Applying update KSPCommunityFixes/MMPatches/StockTweaks/ManufacturerFixes/@PART[stackPoint1|dockingPort1|dockingPort2|dockingPort3|dockingPortLarge]:FOR[KSPCommunityFixes] to Squad/Parts/Utility/dockingPort/dockingPort.cfg/PART[dockingPort2]
[LOG 18:15:05.311] Applying update KSPCommunityFixes/MMPatches/StockTweaks/ManufacturerFixes/@PART[stackPoint1|dockingPort1|dockingPort2|dockingPort3|dockingPortLarge]:FOR[KSPCommunityFixes] to Squad/Parts/Utility/dockingPortJr/dockingPortJr.cfg/PART[dockingPort3]
[LOG 18:15:05.311] Applying update KSPCommunityFixes/MMPatches/StockTweaks/ManufacturerFixes/@PART[stackPoint1|dockingPort1|dockingPort2|dockingPort3|dockingPortLarge]:FOR[KSPCommunityFixes] to Squad/Parts/Utility/dockingPortShielded/dockingPortShielded.cfg/PART[dockingPort1]
[LOG 18:15:05.311] Applying update KSPCommunityFixes/MMPatches/StockTweaks/ManufacturerFixes/@PART[stackPoint1|dockingPort1|dockingPort2|dockingPort3|dockingPortLarge]:FOR[KSPCommunityFixes] to Squad/Parts/Utility/dockingPortSr/dockingPortSr.cfg/PART[dockingPortLarge]
[LOG 18:15:05.312] Applying update KSPCommunityFixes/MMPatches/StockTweaks/ManufacturerFixes/@PART[stackPoint1|dockingPort1|dockingPort2|dockingPort3|dockingPortLarge]:FOR[KSPCommunityFixes] to Squad/Parts/Utility/radialAttachmentPoint/radialAttachmentPoint.cfg/PART[stackPoint1]
[LOG 18:15:05.313] :AFTER[KSPCOMMUNITYFIXES] pass
[LOG 18:15:05.313] :BEFORE[KSPMCPSERVER] pass
[LOG 18:15:05.313] :FOR[KSPMCPSERVER] pass
[LOG 18:15:05.313] :AFTER[KSPMCPSERVER] pass
[LOG 18:15:05.313] :BEFORE[KSPPROFILER] pass
[LOG 18:15:05.313] :FOR[KSPPROFILER] pass
[LOG 18:15:05.313] :AFTER[KSPPROFILER] pass
[LOG 18:15:05.313] :BEFORE[MODULEMANAGER] pass
[LOG 18:15:05.313] :FOR[MODULEMANAGER] pass
[LOG 18:15:05.313] :AFTER[MODULEMANAGER] pass
[LOG 18:15:05.313] :BEFORE[SQUAD] pass
[LOG 18:15:05.313] :FOR[SQUAD] pass
[LOG 18:15:05.313] :AFTER[SQUAD] pass
[LOG 18:15:05.313] :BEFORE[SQUADEXPANSION] pass
[LOG 18:15:05.313] :FOR[SQUADEXPANSION] pass
[LOG 18:15:05.313] :AFTER[SQUADEXPANSION] pass
[LOG 18:15:05.315] :LAST[999_KSP-RECALL] pass
[LOG 18:15:05.332] :FINAL pass
[LOG 18:15:05.333] Done patching
[LOG 18:15:05.333] Saving Cache
[LOG 18:15:05.415] Saving cache
[LOG 18:15:06.230] ModuleManager: 33 patches applied

[LOG 18:15:06.230] Ran in 2.045s
[LOG 18:15:06.258] Done!



#### END MODULEMANAGER LOG ####
[LOG 18:15:08.446] [ModuleManager] Running tests...
[LOG 18:15:08.447] [ModuleManager] tests complete.
[LOG 18:15:08.447] [ModuleManager] Reloading resources definitions
[LOG 18:15:08.448] Resource LiquidFuel added to database
[LOG 18:15:08.448] Resource Oxidizer added to database
[LOG 18:15:08.448] Resource SolidFuel added to database
[LOG 18:15:08.448] Resource MonoPropellant added to database
[LOG 18:15:08.448] Resource XenonGas added to database
[LOG 18:15:08.448] Resource ElectricCharge added to database
[LOG 18:15:08.448] Resource IntakeAir added to database
[LOG 18:15:08.448] Resource EVA Propellant added to database
[LOG 18:15:08.448] Resource Ore added to database
[LOG 18:15:08.448] Resource Ablator added to database
[LOG 18:15:08.448] [ModuleManager] Reloading Trait configs
[LOG 18:15:08.448] ExperienceSystemConfig: Added Effect 'DeployedSciencePowerSkill' to Trait 'Ingénieur'
[LOG 18:15:08.448] ExperienceSystemConfig: Added Effect 'DeployedScienceExpSkill' to Trait 'Scientifique'
[LOG 18:15:08.448] [ModuleManager] Reloading Part Upgrades
[LOG 18:15:08.449] [ModuleManager] Setting modded physics as the active one
[LOG 18:15:08.450] PhysicsGlobals: Loading database
[LOG 18:15:08.451] [ModuleManager] Running post patch callbacks
[LOG 18:15:08.463] [KSPCommunityFixes] Patch AutoStrutDrift applied.
[LOG 18:15:08.466] [KSPCommunityFixes] Patch EditorAnimatedPartsShipModified applied.
[LOG 18:15:08.473] [KSPCommunityFixes] Patch DragCubeLoadException applied.
[LOG 18:15:08.478] [KSPCommunityFixes] Patch DoubleCurvePreserveTangents applied.
[LOG 18:15:08.544] [KSPCommunityFixes] Patch DockingPortRotationDriftAndFixes applied.
[LOG 18:15:08.594] [KSPCommunityFixes] Patch DockingPortConserveMomentum applied.
[LOG 18:15:08.599] [KSPCommunityFixes] Patch DebugConsoleDontStealInput applied.
[LOG 18:15:08.604] [KSPCommunityFixes] Patch CorrectDragForFlags applied.
[LOG 18:15:08.605] [KSPCommunityFixes] Patch CometMiningNotRemovingMass applied.
[LOG 18:15:08.612] [KSPCommunityFixes] Patch ChutePhantomSymmetry applied.
[LOG 18:15:08.615] [KSPCommunityFixes] Patch CometSpawnerUniqueFlightId applied.
[LOG 18:15:08.616] [KSPCommunityFixes] Patch AsteroidSpawnerUniqueFlightId applied.
[LOG 18:15:08.617] [KSPCommunityFixes] Patch AsteroidInfiniteMining applied.
[LOG 18:15:08.646] [KSPCommunityFixes] Patch PersistentIConfigNode applied.
[LOG 18:15:08.646] [KSPCommunityFixes] Patch OnSymmetryFieldChanged not applied (not enabled in Settings.cfg)
[LOG 18:15:08.647] [KSPCommunityFixes] Patch ModUpgradePipeline not applied (not enabled in Settings.cfg)
[LOG 18:15:08.647] [KSPCommunityFixes] Patch KSPFieldEnumDesc not applied (not enabled in Settings.cfg)
[LOG 18:15:08.648] [KSPCommunityFixes] Patch EventProfilerMarkers not applied (not enabled in Settings.cfg)
[LOG 18:15:08.648] [KSPCommunityFixes] Patch DockingPortLockedEvents not applied (not enabled in Settings.cfg)
[LOG 18:15:08.651] [KSPCommunityFixes] Patch DepartmentHeadImage applied.
[LOG 18:15:08.665] [KSPCommunityFixes] Patch BaseFieldListUseFieldHost applied.
[LOG 18:15:08.699] [KSPCommunityFixes] Patch ResourceConverterPerf applied.
[LOG 18:15:08.709] [KSPCommunityFixes] Patch ProgressTrackingSpeedBoost applied.
[LOG 18:15:08.713] [KSPCommunityFixes] Patch PQSUpdateNoMemoryAlloc applied.
[LOG 18:15:08.714] [KSPCommunityFixes] Patch PQSOnlyStartOnce not applied (not enabled in Settings.cfg)
[LOG 18:15:08.727] [KSPCommunityFixes] Patch PQSCoroutineLeak applied.
[LOG 18:15:08.765] [KSPCommunityFixes] Patch PartSystemsFastUpdate applied.
[LOG 18:15:08.793] [KSPCommunityFixes] Patch PartParsingPerf applied.
[LOG 18:15:08.798] [KSPCommunityFixes] Patch EnginePlateAirstreamShieldedTopPart applied.
[LOG 18:15:08.807] [KSPCommunityFixes] Patch EVAConstructionMass applied.
[LOG 18:15:08.815] [KSPCommunityFixes] Patch EVAConstructionUninitializedInventory applied.
[LOG 18:15:08.826] [KSPCommunityFixes] Patch EVAKerbalRecovery applied.
[LOG 18:15:08.832] [KSPCommunityFixes] Patch TimeWarpOrbitShift applied.
[LOG 18:15:08.834] [KSPCommunityFixes] Patch TimeWarpBodyCollision applied.
[LOG 18:15:08.852] [KSPCommunityFixes] Patch ThumbnailSpotlight applied.
[LOG 18:15:08.860] [KSPCommunityFixes] Patch SymmetryReferenceOnDelete applied.
[LOG 18:15:08.860] [KSPCommunityFixes] Patch StrategyDuration not applied (not enabled in Settings.cfg)
[LOG 18:15:08.863] [KSPCommunityFixes] Patch StockAlarmDescPreserveLineBreak applied.
[LOG 18:15:08.910] [KSPCommunityFixes] Patch StickySplashedFixer applied.
[LOG 18:15:08.926] [KSPCommunityFixes] Patch ScatterDistribution applied.
[LOG 18:15:08.965] [KSPCommunityFixes] Patch RoboticsDrift applied.
[LOG 18:15:08.967] [KSPCommunityFixes] Patch RestoreMaxPhysicsDT applied.
[LOG 18:15:08.986] [KSPCommunityFixes] Patch RespawnDeadKerbals applied.
[LOG 18:15:08.991] [KSPCommunityFixes] Patch RescaledRoboticParts applied.
[LOG 18:15:08.994] [KSPCommunityFixes] Patch ReRootPreserveSurfaceAttach applied.
[LOG 18:15:09.016] [KSPCommunityFixes] Patch OptimizedModuleRaycasts applied.
[LOG 18:15:09.024] GetSubclassesOfParentClass: Found 1 types with ModuleInventoryPart parent in 9 assemblies.
[LOG 18:15:09.029] [KSPCommunityFixes] Patch RefundingOnRecovery applied.
[LOG 18:15:09.029] [KSPCommunityFixes] Patch PatchedConicEncounterFlickering applied.
[LOG 18:15:09.042] [KSPCommunityFixes] Patch PartListTooltipIconSpin applied.
[LOG 18:15:09.048] [KSPCommunityFixes] Patch PackedPartsRotation applied.
[LOG 18:15:09.062] [KSPCommunityFixes] Patch ModulePartVariantsNodePersistence applied.
[LOG 18:15:09.066] [KSPCommunityFixes] Patch ModuleAnimateGenericCrewModSpawnIVA applied.
[LOG 18:15:09.067] [KSPCommunityFixes] Patch ModuleActiveRadiatorNoParentException applied.
[LOG 18:15:09.071] [KSPCommunityFixes] Patch MapTargetBodyWithEncounter applied.
[LOG 18:15:09.074] [KSPCommunityFixes] Patch LostSoundAfterSceneSwitch applied.
[LOG 18:15:09.083] [KSPCommunityFixes] Patch LadderToggleableLight applied.
[LOG 18:15:09.098] [KSPCommunityFixes] Patch InventoryPartMass applied.
[LOG 18:15:09.106] [KSPCommunityFixes] Patch HarvesterECConsumption applied.
[LOG 18:15:09.108] [KSPCommunityFixes] Patch FixGetUnivseralTime applied.
[LOG 18:15:09.120] [KSPCommunityFixes] Patch ExtendedDeployableParts applied.
[LOG 18:15:09.122] [KSPCommunityFixes] Patch PropellantFlowDescription applied.
[LOG 18:15:09.148] [KSPCommunityFixes] Patch OptimisedVectorLines applied.
[LOG 18:15:09.156] [KSPCommunityFixes] Patch ModuleDockingNodeFindOtherNodesFaster applied.
[LOG 18:15:09.161] [KSPCommunityFixes] Patch ModuleColorChangerOptimization applied.
[LOG 18:15:09.169] [KSPCommunityFixes] Patch AutoSavedCraftNameAtLaunch applied.
[LOG 18:15:09.199] [KSPCommunityFixes] Patch PAWCollapsedInventories applied.
[LOG 18:15:09.204] [KSPCommunityFixes] Patch UIFloatEditNumericInput applied.
[LOG 18:15:09.246] [KSPCommunityFixes] Patch PAWStockGroups applied.
[LOG 18:15:09.258] [KSPCommunityFixes] Patch AltimeterHorizontalPosition applied.
[LOG 18:15:09.267] [KSPCommunityFixes] Patch SceneLoadSpeedBoost applied.
[LOG 18:15:09.311] [KSPCommunityFixes] Patch OnDemandPartBuoyancy applied.
[LOG 18:15:09.312] [KSPCommunityFixes] Patch ForceSyncSceneSwitch applied.
[LOG 18:15:09.312] [KSPCommunityFixes] Patch FewerSaves not applied (not enabled in Settings.cfg)
[LOG 18:15:09.313] [KSPCommunityFixes] Patch WheelInertiaLimit applied.
[LOG 18:15:09.314] [KSPCommunityFixes] Patch StockAlarmCustomFormatterDate isn't applicable to this KSP version.
[LOG 18:15:09.321] [KSPCommunityFixes] Patch ROCValidationOOR applied.
[LOG 18:15:09.325] [KSPCommunityFixes] Patch ZeroCostTechNodes applied.
[LOG 18:15:09.327] [KSPCommunityFixes] Patch ReactionWheelsPotentialTorque applied.
[LOG 18:15:09.332] [KSPCommunityFixes] Patch PAWGroupMemory applied.
[LOG 18:15:09.378] [KSPCommunityFixes] Patch PartStartStability applied.
[LOG 18:15:09.385] [KSPCommunityFixes] Patch PartBoundsIgnoreDisabledTransforms applied.
[LOG 18:15:09.436] [KSPCommunityFixes] Patch ModuleIndexingMismatch applied.
[LOG 18:15:09.442] [KSPCommunityFixes] Patch MapSOCorrectWrapping applied.
[LOG 18:15:09.443] [KSPCommunityFixes] Patch KerbalTooltipMaxSustainedG applied.
[LOG 18:15:09.446] [KSPCommunityFixes] Patch KerbalInventoryPersistence applied.
[LOG 18:15:09.446] [KSPCommunityFixes] Patch FlightSceneLoadKraken not applied (not enabled in Settings.cfg)
[LOG 18:15:09.449] [KSPCommunityFixes] Patch FIUpdateRadiation applied.
[LOG 18:15:09.452] [KSPCommunityFixes] Patch FastAndFixedEnumExtensions applied.
[LOG 18:15:09.514] [KSPCommunityFixes] Patch DeltaVHideWhenDisabled applied.
[LOG 18:15:09.520] [KSPCommunityFixes] Patch BlockMapViewPartClick applied.
[LOG 18:15:09.524] [KSPCommunityFixes] Patch PAWItemsOrder applied.
[LOG 18:15:09.586] [KSPCommunityFixes] Patch BetterEditorUndoRedo applied.
[LOG 18:15:09.599] [KSPCommunityFixes] Patch AutostrutActions applied.
[LOG 18:15:09.599] [KSPCommunityFixes] Patch DisableNewGameIntro not applied (not enabled in Settings.cfg)
[LOG 18:15:09.637] [KSPCommunityFixes] Patch MinorPerfTweaks applied.
[LOG 18:15:09.726] [KSPCommunityFixes] Patch MemoryLeaks applied.
[LOG 18:15:09.735] [KSPCommunityFixes] Patch LowerMinPhysicsDTPerFrame applied.
[LOG 18:15:09.739] [KSPCommunityFixes] Patch LocalizerPerf applied.
[LOG 18:15:09.742] [KSPCommunityFixes] Patch IMGUIOptimization applied.
[LOG 18:15:09.766] [KSPCommunityFixes] Patch FloatingOriginPerf applied.
[LOG 18:15:09.848] [KSPCommunityFixes] Patch FlightIntegratorPerf applied.
[LOG 18:15:09.853] [KSPCommunityFixes] Patch FasterPartFindTransform applied.
[LOG 18:15:09.868] [KSPCommunityFixes] Patch FasterEditorPartList applied.
[LOG 18:15:09.870] [KSPCommunityFixes] Patch ExpansionBundlePreload applied.
[LOG 18:15:09.885] [KSPCommunityFixes] Patch DragCubeGeneration applied.
[LOG 18:15:09.890] [KSPCommunityFixes] Patch DisableMapUpdateInFlight applied.
[LOG 18:15:09.891] [KSPCommunityFixes] Patch DisableHiddenPortraits applied.
[LOG 18:15:09.893] [KSPCommunityFixes] Patch DisableManeuverTool applied.
[LOG 18:15:09.916] [KSPCommunityFixes] Patch CraftBrowserOptimisations applied.
[LOG 18:15:09.919] [KSPCommunityFixes] Patch CommNetThrottling applied.
[LOG 18:15:09.924] [KSPCommunityFixes] Patch FairingMouseOverPersistence applied.
[LOG 18:15:09.944] [KSPCommunityFixes] Patch OptionalMakingHistoryDLCFeatures applied.
[LOG 18:15:09.948] [KSPCommunityFixes] Patch ResourceLockActions applied.
[LOG 18:15:09.956] [KSPCommunityFixes] Patch ShowContractFinishDates applied.
[LOG 18:15:09.966] [KSPCommunityFixes] Patch TargetParentBody applied.
[LOG 18:15:09.986] [KSPCommunityFixes] Patch ToolbarShowHide applied.
[LOG 18:15:09.989] [KSPCommunityFixes] Patch ContractProgressEnumCache applied.
[LOG 18:15:10.000] [KSPCommunityFixes] Patch ActiveRadiatorPerf applied.
[LOG 18:15:10.005] [KSPCommunityFixes] Patch CargoBayPerf applied.
[LOG 18:15:10.016] [KSPCommunityFixes] Patch CollisionEnhancerFastUpdate applied.
[LOG 18:15:10.022] [KSPCommunityFixes] Patch CollisionManagerFastUpdate applied.
[LOG 18:15:10.027] [KSPCommunityFixes] Patch AsteroidAndCometDrillCache applied.
[LOG 18:15:10.042] [KSPCommunityFixes] Patch TweakableWheelsAutostrut applied.
[LOG 18:15:10.085] [KSPCommunityFixes] Patch PatchSettings applied.
[LOG 18:15:10.147] [KSPCommunityFixes] Patch UpgradeBugs applied.
[LOG 18:15:10.147] [KSPCommunityFixes] Patch PartTooltipUpgradesApplyToSubstituteParts not applied (not enabled in Settings.cfg)
[LOG 18:15:10.232] [ModuleManager] Calling ConfigNodePerf.ModuleManagerPostLoad()
[LOG 18:15:10.234] [ModuleManager] Post patch ran in 1.792s
[LOG 18:15:10.297] PartLoader: Creating part database
[LOG 18:15:10.298] PartLoader: Compiling Part 'Squad/Parts/Aero/aerodynamicNoseCone/aerodynamicNoseCone/noseCone'
[LOG 18:15:10.333] EffectList: Created 15 effect types
[LOG 18:15:10.432] PartLoader: Part 'Squad/Parts/Aero/aerodynamicNoseCone/aerodynamicNoseCone/noseCone' has no database record. Creating.
[LOG 18:15:10.433] [DragCubeSystem]: Drag cubes not found or cannot be read for part Part. Generating New drag cubes.
[LOG 18:15:10.433] [KSPCF/DragCubeGeneration] Creating drag cubes for part 'noseCone'
[LOG 18:15:10.501] PartLoader: Compiling Part 'Squad/Parts/Aero/airbrake/Airbrake/airbrake1'
[LOG 18:15:10.538] PartLoader: Part 'Squad/Parts/Aero/airbrake/Airbrake/airbrake1' has no database record. Creating.
[LOG 18:15:10.538] [DragCubeSystem]: Drag cubes not found or cannot be read for part Part. Generating New drag cubes.
[LOG 18:15:10.539] [KSPCF/DragCubeGeneration] Creating drag cubes for part 'airbrake1'
[LOG 18:15:10.579] PartLoader: Compiling Part 'Squad/Parts/Aero/airIntakeRadialXM-G50/airIntakeRadialXM-G50/airScoop'
[LOG 18:15:10.594] PartLoader: Part 'Squad/Parts/Aero/airIntakeRadialXM-G50/airIntakeRadialXM-G50/airScoop' has no database record. Creating.
[LOG 18:15:10.594] [DragCubeSystem]: Drag cubes not found or cannot be read for part Part. Generating New drag cubes.
[LOG 18:15:10.594] [KSPCF/DragCubeGeneration] Creating drag cubes for part 'airScoop'
[LOG 18:15:10.602] PartLoader: Compiling Part 'Squad/Parts/Aero/airlinerWings/ControlSurface/airlinerCtrlSrf'
[LOG 18:15:10.623] PartLoader: Part 'Squad/Parts/Aero/airlinerWings/ControlSurface/airlinerCtrlSrf' has no database record. Creating.
[LOG 18:15:10.623] [DragCubeSystem]: Drag cubes not found or cannot be read for part Part. Generating New drag cubes.
[LOG 18:15:10.624] [KSPCF/DragCubeGeneration] Creating drag cubes for part 'airlinerCtrlSrf'
[LOG 18:15:10.663] PartLoader: Compiling Part 'Squad/Parts/Aero/airlinerWings/MainWing/airlinerMainWing'
[LOG 18:15:10.676] PartLoader: Part 'Squad/Parts/Aero/airlinerWings/MainWing/airlinerMainWing' has no database record. Creating.
[LOG 18:15:10.676] [DragCubeSystem]: Drag cubes not found or cannot be read for part Part. Generating New drag cubes.
[LOG 18:15:10.676] [KSPCF/DragCubeGeneration] Creating drag cubes for part 'airlinerMainWing'
[LOG 18:15:10.681] PartLoader: Compiling Part 'Squad/Parts/Aero/airlinerWings/TailFin/airlinerTailFin'
[LOG 18:15:10.697] PartLoader: Part 'Squad/Parts/Aero/airlinerWings/TailFin/airlinerTailFin' has no database record. Creating.
[LOG 18:15:10.697] [DragCubeSystem]: Drag cubes not found or cannot be read for part Part. Generating New drag cubes.
[LOG 18:15:10.698] [KSPCF/DragCubeGeneration] Creating drag cubes for part 'airlinerTailFin'
[LOG 18:15:10.725] PartLoader: Compiling Part 'Squad/Parts/Aero/airplaneFins/advancedCanard/AdvancedCanard'
[LOG 18:15:10.731] PartLoader: Part 'Squad/Parts/Aero/airplaneFins/advancedCanard/AdvancedCanard' has no database record. Creating.
[LOG 18:15:10.731] [DragCubeSystem]: Drag cubes not found or cannot be read for part Part. Generating New drag cubes.
[LOG 18:15:10.732] [KSPCF/DragCubeGeneration] Creating drag cubes for part 'AdvancedCanard'
[LOG 18:15:10.758] PartLoader: Compiling Part 'Squad/Parts/Aero/airplaneFins/standardCanard/CanardController'
[LOG 18:15:10.763] PartLoader: Part 'Squad/Parts/Aero/airplaneFins/standardCanard/CanardController' has no database record. Creating.
[LOG 18:15:10.763] [DragCubeSystem]: Drag cubes not found or cannot be read for part Part. Generating New drag cubes.
[LOG 18:15:10.763] [KSPCF/DragCubeGeneration] Creating drag cubes for part 'CanardController'
[LOG 18:15:10.788] PartLoader: Compiling Part 'Squad/Parts/Aero/airplaneFins/sweptWing/sweptWing'
[LOG 18:15:10.804] PartLoader: Part 'Squad/Parts/Aero/airplaneFins/sweptWing/sweptWing' has no database record. Creating.
[LOG 18:15:10.804] [DragCubeSystem]: Drag cubes not found or cannot be read for part Part. Generating New drag cubes.
[LOG 18:15:10.804] [KSPCF/DragCubeGeneration] Creating drag cubes for part 'sweptWing'
[LOG 18:15:10.812] PartLoader: Compiling Part 'Squad/Parts/Aero/airplaneFins/tailfin/tailfin'
[LOG 18:15:10.820] PartLoader: Part 'Squad/Parts/Aero/airplaneFins/tailfin/tailfin' has no database record. Creating.
[LOG 18:15:10.820] [DragCubeSystem]: Drag cubes not found or cannot be read for part Part. Generating New drag cubes.
[LOG 18:15:10.821] [KSPCF/DragCubeGeneration] Creating drag cubes for part 'tailfin'
[LOG 18:15:10.845] PartLoader: Compiling Part 'Squad/Parts/Aero/basicFin/basicFin/basicFin'
[LOG 18:15:10.850] PartLoader: Part 'Squad/Parts/Aero/basicFin/basicFin/basicFin' has no database record. Creating.
[LOG 18:15:10.850] [DragCubeSystem]: Drag cubes not found or cannot be read for part Part. Generating New drag cubes.
[LOG 18:15:10.850] [KSPCF/DragCubeGeneration] Creating drag cubes for part 'basicFin'
[LOG 18:15:10.855] PartLoader: Compiling Part 'Squad/Parts/Aero/circularIntake/circularIntake/CircularIntake'
[LOG 18:15:10.872] PartLoader: Part 'Squad/Parts/Aero/circularIntake/circularIntake/CircularIntake' has no database record. Creating.
[LOG 18:15:10.873] PartLoader: Compiling Part 'Squad/Parts/Aero/circularIntake/intakeShockCone/shockConeIntake'
[LOG 18:15:10.882] PartLoader: Part 'Squad/Parts/Aero/circularIntake/intakeShockCone/shockConeIntake' has no database record. Creating.
[LOG 18:15:10.883] PartLoader: Compiling Part 'Squad/Parts/Aero/cones/avionicsNoseCone/avionicsNoseCone'
[LOG 18:15:10.910] PartLoader: Part 'Squad/Parts/Aero/cones/avionicsNoseCone/avionicsNoseCone' has no database record. Creating.
[LOG 18:15:10.910] [DragCubeSystem]: Drag cubes not found or cannot be read for part Part. Generating New drag cubes.
[LOG 18:15:10.911] [KSPCF/DragCubeGeneration] Creating drag cubes for part 'avionicsNoseCone'
[LOG 18:15:10.920] PartLoader: Compiling Part 'Squad/Parts/Aero/cones/ConeA/pointyNoseConeA'
[LOG 18:15:10.927] PartLoader: Part 'Squad/Parts/Aero/cones/ConeA/pointyNoseConeA' has no database record. Creating.
[LOG 18:15:10.927] [DragCubeSystem]: Drag cubes not found or cannot be read for part Part. Generating New drag cubes.
[LOG 18:15:10.927] [KSPCF/DragCubeGeneration] Creating drag cubes for part 'pointyNoseConeA'
[LOG 18:15:10.932] PartLoader: Compiling Part 'Squad/Parts/Aero/cones/ConeB/pointyNoseConeB'
[LOG 18:15:10.936] PartLoader: Part 'Squad/Parts/Aero/cones/ConeB/pointyNoseConeB' has no database record. Creating.
[LOG 18:15:10.936] [DragCubeSystem]: Drag cubes not found or cannot be read for part Part. Generating New drag cubes.
[LOG 18:15:10.936] [KSPCF/DragCubeGeneration] Creating drag cubes for part 'pointyNoseConeB'
[LOG 18:15:10.941] PartLoader: Compiling Part 'Squad/Parts/Aero/cones/noseConeAdapter/noseConeAdapter'
[LOG 18:15:10.946] PartLoader: Part 'Squad/Parts/Aero/cones/noseConeAdapter/noseConeAdapter' has no database record. Creating.
[LOG 18:15:10.946] [DragCubeSystem]: Drag cubes not found or cannot be read for part Part. Generating New drag cubes.
[LOG 18:15:10.946] [KSPCF/DragCubeGeneration] Creating drag cubes for part 'noseConeAdapter'
[LOG 18:15:10.951] PartLoader: Compiling Part 'Squad/Parts/Aero/cones/protectiveRocketNoseMk7_v2/rocketNoseCone_v2'
[LOG 18:15:10.956] PartLoader: Part 'Squad/Parts/Aero/cones/protectiveRocketNoseMk7_v2/rocketNoseCone_v2' has no database record. Creating.
[LOG 18:15:10.956] [DragCubeSystem]: Drag cubes not found or cannot be read for part Part. Generating New drag cubes.
[LOG 18:15:10.957] [KSPCF/DragCubeGeneration] Creating drag cubes for part 'rocketNoseCone.v2'
[LOG 18:15:10.962] PartLoader: Compiling Part 'Squad/Parts/Aero/cones/protectiveRocketNoseMk7_v3/rocketNoseCone_v3'
[LOG 18:15:10.966] PartLoader: Part 'Squad/Parts/Aero/cones/protectiveRocketNoseMk7_v3/rocketNoseCone_v3' has no database record. Creating.
[LOG 18:15:10.966] [DragCubeSystem]: Drag cubes not found or cannot be read for part Part. Generating New drag cubes.
[LOG 18:15:10.966] [KSPCF/DragCubeGeneration] Creating drag cubes for part 'rocketNoseCone.v3'
[LOG 18:15:10.971] PartLoader: Compiling Part 'Squad/Parts/Aero/cones/rocketNoseCone_size3/rocketNoseConeSize3'
[LOG 18:15:10.977] PartLoader: Part 'Squad/Parts/Aero/cones/rocketNoseCone_size3/rocketNoseConeSize3' has no database record. Creating.
[LOG 18:15:10.977] [DragCubeSystem]: Drag cubes not found or cannot be read for part Part. Generating New drag cubes.
[LOG 18:15:10.977] [KSPCF/DragCubeGeneration] Creating drag cubes for part 'rocketNoseConeSize3'
[LOG 18:15:10.983] PartLoader: Compiling Part 'Squad/Parts/Aero/cones/smallNoseCone/standardNoseCone'
[LOG 18:15:10.987] PartLoader: Part 'Squad/Parts/Aero/cones/smallNoseCone/standardNoseCone' has no database record. Creating.
[LOG 18:15:10.988] [DragCubeSystem]: Drag cubes not found or cannot be read for part Part. Generating New drag cubes.
[LOG 18:15:10.988] [KSPCF/DragCubeGeneration] Creating drag cubes for part 'standardNoseCone'
[LOG 18:15:10.992] PartLoader: Compiling Part 'Squad/Parts/Aero/cones/tailConnectorA/airplaneTail'
[LOG 18:15:10.999] PartLoader: Part 'Squad/Parts/Aero/cones/tailConnectorA/airplaneTail' has no database record. Creating.
[LOG 18:15:10.999] [DragCubeSystem]: Drag cubes not found or cannot be read for part Part. Generating New drag cubes.
[LOG 18:15:10.999] [KSPCF/DragCubeGeneration] Creating drag cubes for part 'airplaneTail'
[LOG 18:15:11.004] PartLoader: Compiling Part 'Squad/Parts/Aero/cones/tailConnectorB/airplaneTailB'
[LOG 18:15:11.009] PartLoader: Part 'Squad/Parts/Aero/cones/tailConnectorB/airplaneTailB' has no database record. Creating.
[LOG 18:15:11.009] [DragCubeSystem]: Drag cubes not found or cannot be read for part Part. Generating New drag cubes.
[LOG 18:15:11.010] [KSPCF/DragCubeGeneration] Creating drag cubes for part 'airplaneTailB'
[LOG 18:15:11.014] PartLoader: Compiling Part 'Squad/Parts/Aero/fairings/fairingSize1/fairingSize1'
[LOG 18:15:11.065] PartLoader: Part 'Squad/Parts/Aero/fairings/fairingSize1/fairingSize1' has no database record. Creating.
[LOG 18:15:11.065] [DragCubeSystem]: Drag cubes not found or cannot be read for part Part. Generating New drag cubes.
[LOG 18:15:11.066] [KSPCF/DragCubeGeneration] Creating drag cubes for part 'fairingSize1'
[LOG 18:15:11.071] PartLoader: Compiling Part 'Squad/Parts/Aero/fairings/fairingSize2/fairingSize2'
[LOG 18:15:11.089] PartLoader: Part 'Squad/Parts/Aero/fairings/fairingSize2/fairingSize2' has no database record. Creating.
[LOG 18:15:11.089] [DragCubeSystem]: Drag cubes not found or cannot be read for part Part. Generating New drag cubes.
[LOG 18:15:11.089] [KSPCF/DragCubeGeneration] Creating drag cubes for part 'fairingSize2'
[LOG 18:15:11.095] PartLoader: Compiling Part 'Squad/Parts/Aero/fairings/fairingSize3/fairingSize3'
[LOG 18:15:11.113] PartLoader: Part 'Squad/Parts/Aero/fairings/fairingSize3/fairingSize3' has no database record. Creating.
[LOG 18:15:11.113] [DragCubeSystem]: Drag cubes not found or cannot be read for part Part. Generating New drag cubes.
[LOG 18:15:11.113] [KSPCF/DragCubeGeneration] Creating drag cubes for part 'fairingSize3'
[LOG 18:15:11.118] PartLoader: Compiling Part 'Squad/Parts/Aero/HeatShield/HeatShield0/HeatShield0'
[LOG 18:15:11.136] PartLoader: Part 'Squad/Parts/Aero/HeatShield/HeatShield0/HeatShield0' has no database record. Creating.
[LOG 18:15:11.136] [DragCubeSystem]: Drag cubes not found or cannot be read for part Part. Generating New drag cubes.
[LOG 18:15:11.136] [KSPCF/DragCubeGeneration] Creating drag cubes for part 'HeatShield0'
[LOG 18:15:11.144] PartLoader: Compiling Part 'Squad/Parts/Aero/HeatShield/HeatShield1/HeatShield1'
[LOG 18:15:11.162] PartLoader: Part 'Squad/Parts/Aero/HeatShield/HeatShield1/HeatShield1' has no database record. Creating.
[LOG 18:15:11.162] [DragCubeSystem]: Drag cubes not found or cannot be read for part Part. Generating New drag cubes.
[LOG 18:15:11.162] [KSPCF/DragCubeGeneration] Creating drag cubes for part 'HeatShield1'
[LOG 18:15:11.179] PartLoader: Compiling Part 'Squad/Parts/Aero/HeatShield/HeatShield2/HeatShield2'
[LOG 18:15:11.191] PartLoader: Part 'Squad/Parts/Aero/HeatShield/HeatShield2/HeatShield2' has no database record. Creating.
[LOG 18:15:11.191] [DragCubeSystem]: Drag cubes not found or cannot be read for part Part. Generating New drag cubes.
[LOG 18:15:11.191] [KSPCF/DragCubeGeneration] Creating drag cubes for part 'HeatShield2'
[LOG 18:15:11.208] PartLoader: Compiling Part 'Squad/Parts/Aero/HeatShield/HeatShield3/HeatShield3'
[LOG 18:15:11.219] PartLoader: Part 'Squad/Parts/Aero/HeatShield/HeatShield3/HeatShield3' has no database record. Creating.
[LOG 18:15:11.219] [DragCubeSystem]: Drag cubes not found or cannot be read for part Part. Generating New drag cubes.
[LOG 18:15:11.219] [KSPCF/DragCubeGeneration] Creating drag cubes for part 'HeatShield3'
[LOG 18:15:11.236] PartLoader: Compiling Part 'Squad/Parts/Aero/InflatableHeatShield/HeatShield/InflatableHeatShield'
[LOG 18:15:11.251] PartLoader: Part 'Squad/Parts/Aero/InflatableHeatShield/HeatShield/InflatableHeatShield' has no database record. Creating.
[LOG 18:15:11.252] [DragCubeSystem]: Drag cubes not found or cannot be read for part Part. Generating New drag cubes.
[LOG 18:15:11.252] [KSPCF/DragCubeGeneration] Creating drag cubes for part 'InflatableHeatShield'
[LOG 18:15:11.269] PartLoader: Compiling Part 'Squad/Parts/Aero/intakeRadialLong/intakeRadialLong/IntakeRadialLong'
[LOG 18:15:11.273] PartLoader: Part 'Squad/Parts/Aero/intakeRadialLong/intakeRadialLong/IntakeRadialLong' has no database record. Creating.
[LOG 18:15:11.273] [DragCubeSystem]: Drag cubes not found or cannot be read for part Part. Generating New drag cubes.
[LOG 18:15:11.273] [KSPCF/DragCubeGeneration] Creating drag cubes for part 'IntakeRadialLong'
[LOG 18:15:11.280] PartLoader: Compiling Part 'Squad/Parts/Aero/miniIntake/SmallIntake/miniIntake'
[LOG 18:15:11.287] PartLoader: Part 'Squad/Parts/Aero/miniIntake/SmallIntake/miniIntake' has no database record. Creating.
[LOG 18:15:11.288] PartLoader: Compiling Part 'Squad/Parts/Aero/ramAirIntake/ramAirIntake/ramAirIntake'
[LOG 18:15:11.293] PartLoader: Part 'Squad/Parts/Aero/ramAirIntake/ramAirIntake/ramAirIntake' has no database record. Creating.
[LOG 18:15:11.294] PartLoader: Compiling Part 'Squad/Parts/Aero/shuttleWings/delta/wingShuttleDelta'
[LOG 18:15:11.300] PartLoader: Part 'Squad/Parts/Aero/shuttleWings/delta/wingShuttleDelta' has no database record. Creating.
[LOG 18:15:11.301] [DragCubeSystem]: Drag cubes not found or cannot be read for part Part. Generating New drag cubes.
[LOG 18:15:11.301] [KSPCF/DragCubeGeneration] Creating drag cubes for part 'wingShuttleDelta'
[LOG 18:15:11.306] PartLoader: Compiling Part 'Squad/Parts/Aero/shuttleWings/elevon1/wingShuttleElevon1'
[LOG 18:15:11.311] PartLoader: Part 'Squad/Parts/Aero/shuttleWings/elevon1/wingShuttleElevon1' has no database record. Creating.
[LOG 18:15:11.312] [DragCubeSystem]: Drag cubes not found or cannot be read for part Part. Generating New drag cubes.
[LOG 18:15:11.312] [KSPCF/DragCubeGeneration] Creating drag cubes for part 'wingShuttleElevon1'
[LOG 18:15:11.332] PartLoader: Compiling Part 'Squad/Parts/Aero/shuttleWings/elevon2/wingShuttleElevon2'
[LOG 18:15:11.343] PartLoader: Part 'Squad/Parts/Aero/shuttleWings/elevon2/wingShuttleElevon2' has no database record. Creating.
[LOG 18:15:11.343] [DragCubeSystem]: Drag cubes not found or cannot be read for part Part. Generating New drag cubes.
[LOG 18:15:11.343] [KSPCF/DragCubeGeneration] Creating drag cubes for part 'wingShuttleElevon2'
[LOG 18:15:11.365] PartLoader: Compiling Part 'Squad/Parts/Aero/shuttleWings/rudder/wingShuttleRudder'
[LOG 18:15:11.374] PartLoader: Part 'Squad/Parts/Aero/shuttleWings/rudder/wingShuttleRudder' has no database record. Creating.
[LOG 18:15:11.374] [DragCubeSystem]: Drag cubes not found or cannot be read for part Part. Generating New drag cubes.
[LOG 18:15:11.374] [KSPCF/DragCubeGeneration] Creating drag cubes for part 'wingShuttleRudder'
[LOG 18:15:11.390] PartLoader: Compiling Part 'Squad/Parts/Aero/shuttleWings/strake/wingShuttleStrake'
[LOG 18:15:11.396] PartLoader: Part 'Squad/Parts/Aero/shuttleWings/strake/wingShuttleStrake' has no database record. Creating.
[LOG 18:15:11.396] [DragCubeSystem]: Drag cubes not found or cannot be read for part Part. Generating New drag cubes.
[LOG 18:15:11.396] [KSPCF/DragCubeGeneration] Creating drag cubes for part 'wingShuttleStrake'
[LOG 18:15:11.402] PartLoader: Compiling Part 'Squad/Parts/Aero/wingletAV-R8/wingletAV-R8/R8winglet'
[LOG 18:15:11.413] PartLoader: Part 'Squad/Parts/Aero/wingletAV-R8/wingletAV-R8/R8winglet' has no database record. Creating.
[LOG 18:15:11.413] [DragCubeSystem]: Drag cubes not found or cannot be read for part Part. Generating New drag cubes.
[LOG 18:15:11.413] [KSPCF/DragCubeGeneration] Creating drag cubes for part 'R8winglet'
[LOG 18:15:11.431] PartLoader: Compiling Part 'Squad/Parts/Aero/wingletAV-T1/wingletAV-T1/winglet'
[LOG 18:15:11.435] PartLoader: Part 'Squad/Parts/Aero/wingletAV-T1/wingletAV-T1/winglet' has no database record. Creating.
[LOG 18:15:11.435] [DragCubeSystem]: Drag cubes not found or cannot be read for part Part. Generating New drag cubes.
[LOG 18:15:11.435] [KSPCF/DragCubeGeneration] Creating drag cubes for part 'winglet'
[LOG 18:15:11.440] PartLoader: Compiling Part 'Squad/Parts/Aero/wingletDeltaDeluxe/wingletDeltaDeluxe/winglet3'
[LOG 18:15:11.448] PartLoader: Part 'Squad/Parts/Aero/wingletDeltaDeluxe/wingletDeltaDeluxe/winglet3' has no database record. Creating.
[LOG 18:15:11.448] [DragCubeSystem]: Drag cubes not found or cannot be read for part Part. Generating New drag cubes.
[LOG 18:15:11.448] [KSPCF/DragCubeGeneration] Creating drag cubes for part 'winglet3'
[LOG 18:15:11.467] PartLoader: Compiling Part 'Squad/Parts/Aero/wings/connector1/wingConnector'
[LOG 18:15:11.470] PartLoader: Part 'Squad/Parts/Aero/wings/connector1/wingConnector' has no database record. Creating.
[LOG 18:15:11.470] [DragCubeSystem]: Drag cubes not found or cannot be read for part Part. Generating New drag cubes.
[LOG 18:15:11.470] [KSPCF/DragCubeGeneration] Creating drag cubes for part 'wingConnector'
[LOG 18:15:11.474] PartLoader: Compiling Part 'Squad/Parts/Aero/wings/connector2/wingConnector2'
[LOG 18:15:11.479] PartLoader: Part 'Squad/Parts/Aero/wings/connector2/wingConnector2' has no database record. Creating.
[LOG 18:15:11.479] [DragCubeSystem]: Drag cubes not found or cannot be read for part Part. Generating New drag cubes.
[LOG 18:15:11.479] [KSPCF/DragCubeGeneration] Creating drag cubes for part 'wingConnector2'
[LOG 18:15:11.483] PartLoader: Compiling Part 'Squad/Parts/Aero/wings/connector3/wingConnector3'
[LOG 18:15:11.489] PartLoader: Part 'Squad/Parts/Aero/wings/connector3/wingConnector3' has no database record. Creating.
[LOG 18:15:11.489] [DragCubeSystem]: Drag cubes not found or cannot be read for part Part. Generating New drag cubes.
[LOG 18:15:11.489] [KSPCF/DragCubeGeneration] Creating drag cubes for part 'wingConnector3'
[LOG 18:15:11.493] PartLoader: Compiling Part 'Squad/Parts/Aero/wings/connector4/wingConnector4'
[LOG 18:15:11.500] PartLoader: Part 'Squad/Parts/Aero/wings/connector4/wingConnector4' has no database record. Creating.
[LOG 18:15:11.500] [DragCubeSystem]: Drag cubes not found or cannot be read for part Part. Generating New drag cubes.
[LOG 18:15:11.500] [KSPCF/DragCubeGeneration] Creating drag cubes for part 'wingConnector4'
[LOG 18:15:11.504] PartLoader: Compiling Part 'Squad/Parts/Aero/wings/connector5/wingConnector5'
[LOG 18:15:11.510] PartLoader: Part 'Squad/Parts/Aero/wings/connector5/wingConnector5' has no database record. Creating.
[LOG 18:15:11.510] [DragCubeSystem]: Drag cubes not found or cannot be read for part Part. Generating New drag cubes.
[LOG 18:15:11.510] [KSPCF/DragCubeGeneration] Creating drag cubes for part 'wingConnector5'
[LOG 18:15:11.515] PartLoader: Compiling Part 'Squad/Parts/Aero/wings/delta/deltaWing'
[LOG 18:15:11.518] PartLoader: Part 'Squad/Parts/Aero/wings/delta/deltaWing' has no database record. Creating.
[LOG 18:15:11.518] [DragCubeSystem]: Drag cubes not found or cannot be read for part Part. Generating New drag cubes.
[LOG 18:15:11.518] [KSPCF/DragCubeGeneration] Creating drag cubes for part 'deltaWing'
[LOG 18:15:11.524] PartLoader: Compiling Part 'Squad/Parts/Aero/wings/delta_small/delta_small'
[LOG 18:15:11.530] PartLoader: Part 'Squad/Parts/Aero/wings/delta_small/delta_small' has no database record. Creating.
[LOG 18:15:11.531] [DragCubeSystem]: Drag cubes not found or cannot be read for part Part. Generating New drag cubes.
[LOG 18:15:11.531] [KSPCF/DragCubeGeneration] Creating drag cubes for part 'delta.small'
[LOG 18:15:11.537] PartLoader: Compiling Part 'Squad/Parts/Aero/wings/elevon1/StandardCtrlSrf'
[LOG 18:15:11.547] PartLoader: Part 'Squad/Parts/Aero/wings/elevon1/StandardCtrlSrf' has no database record. Creating.
[LOG 18:15:11.547] [DragCubeSystem]: Drag cubes not found or cannot be read for part Part. Generating New drag cubes.
[LOG 18:15:11.548] [KSPCF/DragCubeGeneration] Creating drag cubes for part 'StandardCtrlSrf'
[LOG 18:15:11.567] PartLoader: Compiling Part 'Squad/Parts/Aero/wings/elevon2/elevon2'
[LOG 18:15:11.571] PartLoader: Part 'Squad/Parts/Aero/wings/elevon2/elevon2' has no database record. Creating.
[LOG 18:15:11.571] [DragCubeSystem]: Drag cubes not found or cannot be read for part Part. Generating New drag cubes.
[LOG 18:15:11.571] [KSPCF/DragCubeGeneration] Creating drag cubes for part 'elevon2'
[LOG 18:15:11.589] PartLoader: Compiling Part 'Squad/Parts/Aero/wings/elevon3/elevon3'
[LOG 18:15:11.595] PartLoader: Part 'Squad/Parts/Aero/wings/elevon3/elevon3' has no database record. Creating.
[LOG 18:15:11.595] [DragCubeSystem]: Drag cubes not found or cannot be read for part Part. Generating New drag cubes.
[LOG 18:15:11.595] [KSPCF/DragCubeGeneration] Creating drag cubes for part 'elevon3'
[LOG 18:15:11.613] PartLoader: Compiling Part 'Squad/Parts/Aero/wings/elevon4/smallCtrlSrf'
[LOG 18:15:11.619] PartLoader: Part 'Squad/Parts/Aero/wings/elevon4/smallCtrlSrf' has no database record. Creating.
[LOG 18:15:11.619] [DragCubeSystem]: Drag cubes not found or cannot be read for part Part. Generating New drag cubes.
[LOG 18:15:11.619] [KSPCF/DragCubeGeneration] Creating drag cubes for part 'smallCtrlSrf'
[LOG 18:15:11.643] PartLoader: Compiling Part 'Squad/Parts/Aero/wings/elevon5/elevon5'
[LOG 18:15:11.648] PartLoader: Part 'Squad/Parts/Aero/wings/elevon5/elevon5' has no database record. Creating.
[LOG 18:15:11.649] [DragCubeSystem]: Drag cubes not found or cannot be read for part Part. Generating New drag cubes.
[LOG 18:15:11.649] [KSPCF/DragCubeGeneration] Creating drag cubes for part 'elevon5'
[LOG 18:15:11.667] PartLoader: Compiling Part 'Squad/Parts/Aero/wings/strake/wingStrake'
[LOG 18:15:11.672] PartLoader: Part 'Squad/Parts/Aero/wings/strake/wingStrake' has no database record. Creating.
[LOG 18:15:11.672] [DragCubeSystem]: Drag cubes not found or cannot be read for part Part. Generating New drag cubes.
[LOG 18:15:11.672] [KSPCF/DragCubeGeneration] Creating drag cubes for part 'wingStrake'
[LOG 18:15:11.677] PartLoader: Compiling Part 'Squad/Parts/Aero/wings/structural1/structuralWing'
[LOG 18:15:11.683] PartLoader: Part 'Squad/Parts/Aero/wings/structural1/structuralWing' has no database record. Creating.
[LOG 18:15:11.683] [DragCubeSystem]: Drag cubes not found or cannot be read for part Part. Generating New drag cubes.
[LOG 18:15:11.683] [KSPCF/DragCubeGeneration] Creating drag cubes for part 'structuralWing'
[LOG 18:15:11.688] PartLoader: Compiling Part 'Squad/Parts/Aero/wings/structural2/structuralWing2'
[LOG 18:15:11.692] PartLoader: Part 'Squad/Parts/Aero/wings/structural2/structuralWing2' has no database record. Creating.
[LOG 18:15:11.692] [DragCubeSystem]: Drag cubes not found or cannot be read for part Part. Generating New drag cubes.
[LOG 18:15:11.693] [KSPCF/DragCubeGeneration] Creating drag cubes for part 'structuralWing2'
[LOG 18:15:11.698] PartLoader: Compiling Part 'Squad/Parts/Aero/wings/structural3/structuralWing3'
[LOG 18:15:11.704] PartLoader: Part 'Squad/Parts/Aero/wings/structural3/structuralWing3' has no database record. Creating.
[LOG 18:15:11.704] [DragCubeSystem]: Drag cubes not found or cannot be read for part Part. Generating New drag cubes.
[LOG 18:15:11.704] [KSPCF/DragCubeGeneration] Creating drag cubes for part 'structuralWing3'
[LOG 18:15:11.708] PartLoader: Compiling Part 'Squad/Parts/Aero/wings/structural4/structuralWing4'
[LOG 18:15:11.714] PartLoader: Part 'Squad/Parts/Aero/wings/structural4/structuralWing4' has no database record. Creating.
[LOG 18:15:11.714] [DragCubeSystem]: Drag cubes not found or cannot be read for part Part. Generating New drag cubes.
[LOG 18:15:11.714] [KSPCF/DragCubeGeneration] Creating drag cubes for part 'structuralWing4'
[LOG 18:15:11.718] PartLoader: Compiling Part 'Squad/Parts/Aero/wings/swept1/sweptWing1'
[LOG 18:15:11.724] PartLoader: Part 'Squad/Parts/Aero/wings/swept1/sweptWing1' has no database record. Creating.
[LOG 18:15:11.724] [DragCubeSystem]: Drag cubes not found or cannot be read for part Part. Generating New drag cubes.
[LOG 18:15:11.724] [KSPCF/DragCubeGeneration] Creating drag cubes for part 'sweptWing1'
[LOG 18:15:11.729] PartLoader: Compiling Part 'Squad/Parts/Aero/wings/swept2/sweptWing2'
[LOG 18:15:11.735] PartLoader: Part 'Squad/Parts/Aero/wings/swept2/sweptWing2' has no database record. Creating.
[LOG 18:15:11.735] [DragCubeSystem]: Drag cubes not found or cannot be read for part Part. Generating New drag cubes.
[LOG 18:15:11.735] [KSPCF/DragCubeGeneration] Creating drag cubes for part 'sweptWing2'
[LOG 18:15:11.738] PartLoader: Compiling Part 'Squad/Parts/Cargo/CargoContainers/cargoContainer/cargoContainer'
[WRN 18:15:11.740] [Part]: Cannot have ModuleCargoPart and ModuleInventoryPart on same Part [cargoContainer'. Removed ModuleCargoPart
[LOG 18:15:11.751] PartLoader: Part 'Squad/Parts/Cargo/CargoContainers/cargoContainer/cargoContainer' has no database record. Creating.
[LOG 18:15:11.751] [DragCubeSystem]: Drag cubes not found or cannot be read for part Part. Generating New drag cubes.
[LOG 18:15:11.751] [KSPCF/DragCubeGeneration] Creating drag cubes for part 'cargoContainer'
[LOG 18:15:11.758] PartLoader: Compiling Part 'Squad/Parts/Cargo/CargoContainers/smallCargoContainer/smallCargoContainer'
[WRN 18:15:11.760] [Part]: Cannot have ModuleCargoPart and ModuleInventoryPart on same Part [smallCargoContainer'. Removed ModuleCargoPart
[LOG 18:15:11.763] PartLoader: Part 'Squad/Parts/Cargo/CargoContainers/smallCargoContainer/smallCargoContainer' has no database record. Creating.
[LOG 18:15:11.763] [DragCubeSystem]: Drag cubes not found or cannot be read for part Part. Generating New drag cubes.
[LOG 18:15:11.763] [KSPCF/DragCubeGeneration] Creating drag cubes for part 'smallCargoContainer'
[LOG 18:15:11.771] PartLoader: Compiling Part 'Squad/Parts/Cargo/Cylinder/Cylinder/evaCylinder'
[LOG 18:15:11.775] PartLoader: Part 'Squad/Parts/Cargo/Cylinder/Cylinder/evaCylinder' has no database record. Creating.
[LOG 18:15:11.775] [DragCubeSystem]: Drag cubes not found or cannot be read for part Part. Generating New drag cubes.
[LOG 18:15:11.775] [KSPCF/DragCubeGeneration] Creating drag cubes for part 'evaCylinder'
[LOG 18:15:11.782] PartLoader: Compiling Part 'Squad/Parts/Cargo/GroundAnchor/groundAnchor/groundAnchor'
[LOG 18:15:11.817] PartLoader: Part 'Squad/Parts/Cargo/GroundAnchor/groundAnchor/groundAnchor' has no database record. Creating.
[LOG 18:15:11.817] [DragCubeSystem]: Drag cubes not found or cannot be read for part Part. Generating New drag cubes.
[LOG 18:15:11.818] [KSPCF/DragCubeGeneration] Creating drag cubes for part 'groundAnchor'
[LOG 18:15:11.845] PartLoader: Compiling Part 'Squad/Parts/Cargo/Jetpack/Jetpack/evaJetpack'
[LOG 18:15:11.851] PartLoader: Part 'Squad/Parts/Cargo/Jetpack/Jetpack/evaJetpack' has no database record. Creating.
[LOG 18:15:11.852] [DragCubeSystem]: Drag cubes not found or cannot be read for part Part. Generating New drag cubes.
[LOG 18:15:11.852] [KSPCF/DragCubeGeneration] Creating drag cubes for part 'evaJetpack'
[LOG 18:15:11.861] PartLoader: Compiling Part 'Squad/Parts/Cargo/Parachute/Parachute/evaChute'
[LOG 18:15:11.868] PartLoader: Part 'Squad/Parts/Cargo/Parachute/Parachute/evaChute' has no database record. Creating.
[LOG 18:15:11.868] [DragCubeSystem]: Drag cubes not found or cannot be read for part Part. Generating New drag cubes.
[LOG 18:15:11.868] [KSPCF/DragCubeGeneration] Creating drag cubes for part 'evaChute'
[LOG 18:15:11.879] PartLoader: Compiling Part 'Squad/Parts/Cargo/RepairKit/RepairKit/evaRepairKit'
[LOG 18:15:11.893] PartLoader: Part 'Squad/Parts/Cargo/RepairKit/RepairKit/evaRepairKit' has no database record. Creating.
[LOG 18:15:11.893] [DragCubeSystem]: Drag cubes not found or cannot be read for part Part. Generating New drag cubes.
[LOG 18:15:11.893] [KSPCF/DragCubeGeneration] Creating drag cubes for part 'evaRepairKit'
[LOG 18:15:11.903] PartLoader: Compiling Part 'Squad/Parts/Cargo/ScienceKit/evaScienceKit/evaScienceKit'
[LOG 18:15:11.910] PartLoader: Part 'Squad/Parts/Cargo/ScienceKit/evaScienceKit/evaScienceKit' has no database record. Creating.
[LOG 18:15:11.910] [DragCubeSystem]: Drag cubes not found or cannot be read for part Part. Generating New drag cubes.
[LOG 18:15:11.910] [KSPCF/DragCubeGeneration] Creating drag cubes for part 'evaScienceKit'
[LOG 18:15:11.916] PartLoader: Compiling Part 'Squad/Parts/Cargo/StorageUnits/CargoStorageUnit/CargoStorageUnit'
[WRN 18:15:11.918] [Part]: Cannot have ModuleCargoPart and ModuleInventoryPart on same Part [CargoStorageUnit'. Removed ModuleCargoPart
[LOG 18:15:11.922] PartLoader: Part 'Squad/Parts/Cargo/StorageUnits/CargoStorageUnit/CargoStorageUnit' has no database record. Creating.
[LOG 18:15:11.922] [DragCubeSystem]: Drag cubes not found or cannot be read for part Part. Generating New drag cubes.
[LOG 18:15:11.922] [KSPCF/DragCubeGeneration] Creating drag cubes for part 'CargoStorageUnit'
[LOG 18:15:11.928] PartLoader: Compiling Part 'Squad/Parts/Cargo/StorageUnits/ConformalStorageUnit/ConformalStorageUnit'
[WRN 18:15:11.930] [Part]: Cannot have ModuleCargoPart and ModuleInventoryPart on same Part [ConformalStorageUnit'. Removed ModuleCargoPart
[LOG 18:15:11.933] PartLoader: Part 'Squad/Parts/Cargo/StorageUnits/ConformalStorageUnit/ConformalStorageUnit' has no database record. Creating.
[LOG 18:15:11.933] [DragCubeSystem]: Drag cubes not found or cannot be read for part Part. Generating New drag cubes.
[LOG 18:15:11.933] [KSPCF/DragCubeGeneration] Creating drag cubes for part 'ConformalStorageUnit'
[LOG 18:15:11.939] PartLoader: Compiling Part 'Squad/Parts/Command/advancedSasModuleLarge/advSasModuleLarge/asasmodule1-2'
[LOG 18:15:11.950] PartLoader: Part 'Squad/Parts/Command/advancedSasModuleLarge/advSasModuleLarge/asasmodule1-2' has no database record. Creating.
[LOG 18:15:11.952] PartLoader: Compiling Part 'Squad/Parts/Command/cupola/cupola/cupola'
[LOG 18:15:11.990] PartLoader: Part 'Squad/Parts/Command/cupola/cupola/cupola' has no database record. Creating.
[LOG 18:15:11.990] [DragCubeSystem]: Drag cubes not found or cannot be read for part Part. Generating New drag cubes.
[LOG 18:15:11.990] [KSPCF/DragCubeGeneration] Creating drag cubes for part 'cupola'
[LOG 18:15:12.002] PartLoader: Compiling Part 'Squad/Parts/Command/externalCommandSeat/externalCommandSeat/seatExternalCmd'
[LOG 18:15:12.014] PartLoader: Part 'Squad/Parts/Command/externalCommandSeat/externalCommandSeat/seatExternalCmd' has no database record. Creating.
[LOG 18:15:12.014] [DragCubeSystem]: Drag cubes not found or cannot be read for part Part. Generating New drag cubes.
[LOG 18:15:12.014] [KSPCF/DragCubeGeneration] Creating drag cubes for part 'seatExternalCmd'
[LOG 18:15:12.020] PartLoader: Compiling Part 'Squad/Parts/Command/hitchhikerStorageContainer/hitchikerStorageContainer/crewCabin'
[LOG 18:15:12.028] PartLoader: Part 'Squad/Parts/Command/hitchhikerStorageContainer/hitchikerStorageContainer/crewCabin' has no database record. Creating.
[LOG 18:15:12.028] [DragCubeSystem]: Drag cubes not found or cannot be read for part Part. Generating New drag cubes.
[LOG 18:15:12.028] [KSPCF/DragCubeGeneration] Creating drag cubes for part 'crewCabin'
[LOG 18:15:12.034] PartLoader: Compiling Part 'Squad/Parts/Command/inlineAdvancedStabilizer/inlineAdvancedStabilizer/advSasModule'
[LOG 18:15:12.038] PartLoader: Part 'Squad/Parts/Command/inlineAdvancedStabilizer/inlineAdvancedStabilizer/advSasModule' has no database record. Creating.
[LOG 18:15:12.038] [DragCubeSystem]: Drag cubes not found or cannot be read for part Part. Generating New drag cubes.
[LOG 18:15:12.038] [KSPCF/DragCubeGeneration] Creating drag cubes for part 'advSasModule'
[LOG 18:15:12.043] PartLoader: Compiling Part 'Squad/Parts/Command/inlineReactionWheel/inlineReactionWheel/sasModule'
[LOG 18:15:12.048] PartLoader: Part 'Squad/Parts/Command/inlineReactionWheel/inlineReactionWheel/sasModule' has no database record. Creating.
[LOG 18:15:12.048] [DragCubeSystem]: Drag cubes not found or cannot be read for part Part. Generating New drag cubes.
[LOG 18:15:12.048] [KSPCF/DragCubeGeneration] Creating drag cubes for part 'sasModule'
[LOG 18:15:12.054] PartLoader: Compiling Part 'Squad/Parts/Command/Mk1-3Pod/mk1-3/mk1-3pod'
[LOG 18:15:12.080] PartLoader: Part 'Squad/Parts/Command/Mk1-3Pod/mk1-3/mk1-3pod' has no database record. Creating.
[LOG 18:15:12.080] [DragCubeSystem]: Drag cubes not found or cannot be read for part Part. Generating New drag cubes.
[LOG 18:15:12.080] [KSPCF/DragCubeGeneration] Creating drag cubes for part 'mk1-3pod'
[LOG 18:15:12.088] PartLoader: Compiling Part 'Squad/Parts/Command/mk1Cockpits/mk1Cockpit/Mark1Cockpit'
[WRN 18:15:12.092] [Part]: Cannot have ModuleCargoPart and ModuleInventoryPart on same Part [Mark1Cockpit'. Removed ModuleCargoPart
[LOG 18:15:12.095] PartLoader: Part 'Squad/Parts/Command/mk1Cockpits/mk1Cockpit/Mark1Cockpit' has no database record. Creating.
[LOG 18:15:12.095] [DragCubeSystem]: Drag cubes not found or cannot be read for part Part. Generating New drag cubes.
[LOG 18:15:12.096] [KSPCF/DragCubeGeneration] Creating drag cubes for part 'Mark1Cockpit'
[LOG 18:15:12.103] PartLoader: Compiling Part 'Squad/Parts/Command/mk1Cockpits/mk1CrewCabin/MK1CrewCabin'
[WRN 18:15:12.108] [Part]: Cannot have ModuleCargoPart and ModuleInventoryPart on same Part [MK1CrewCabin'. Removed ModuleCargoPart
[LOG 18:15:12.114] PartLoader: Part 'Squad/Parts/Command/mk1Cockpits/mk1CrewCabin/MK1CrewCabin' has no database record. Creating.
[LOG 18:15:12.114] [DragCubeSystem]: Drag cubes not found or cannot be read for part Part. Generating New drag cubes.
[LOG 18:15:12.114] [KSPCF/DragCubeGeneration] Creating drag cubes for part 'MK1CrewCabin'
[LOG 18:15:12.120] PartLoader: Compiling Part 'Squad/Parts/Command/mk1Cockpits/mk1InlineCockpit/Mark2Cockpit'
[WRN 18:15:12.126] [Part]: Cannot have ModuleCargoPart and ModuleInventoryPart on same Part [Mark2Cockpit'. Removed ModuleCargoPart
[LOG 18:15:12.131] PartLoader: Part 'Squad/Parts/Command/mk1Cockpits/mk1InlineCockpit/Mark2Cockpit' has no database record. Creating.
[LOG 18:15:12.131] [DragCubeSystem]: Drag cubes not found or cannot be read for part Part. Generating New drag cubes.
[LOG 18:15:12.131] [KSPCF/DragCubeGeneration] Creating drag cubes for part 'Mark2Cockpit'
[LOG 18:15:12.137] PartLoader: Compiling Part 'Squad/Parts/Command/mk1LanderCan/mk1LanderCan/landerCabinSmall'
[WRN 18:15:12.142] [Part]: Cannot have ModuleCargoPart and ModuleInventoryPart on same Part [landerCabinSmall'. Removed ModuleCargoPart
[LOG 18:15:12.148] PartLoader: Part 'Squad/Parts/Command/mk1LanderCan/mk1LanderCan/landerCabinSmall' has no database record. Creating.
[LOG 18:15:12.148] [DragCubeSystem]: Drag cubes not found or cannot be read for part Part. Generating New drag cubes.
[LOG 18:15:12.149] [KSPCF/DragCubeGeneration] Creating drag cubes for part 'landerCabinSmall'
[LOG 18:15:12.155] PartLoader: Compiling Part 'Squad/Parts/Command/mk1pod_v2/mk1Pod_v2/mk1pod_v2'
[WRN 18:15:12.160] [Part]: Cannot have ModuleCargoPart and ModuleInventoryPart on same Part [mk1pod.v2'. Removed ModuleCargoPart
[LOG 18:15:12.164] PartLoader: Part 'Squad/Parts/Command/mk1pod_v2/mk1Pod_v2/mk1pod_v2' has no database record. Creating.
[LOG 18:15:12.164] [DragCubeSystem]: Drag cubes not found or cannot be read for part Part. Generating New drag cubes.
[LOG 18:15:12.164] [KSPCF/DragCubeGeneration] Creating drag cubes for part 'mk1pod.v2'
[LOG 18:15:12.170] PartLoader: Compiling Part 'Squad/Parts/Command/mk2CockpitInline/mk2CockpitInline/mk2Cockpit_Inline'
[WRN 18:15:12.174] [Part]: Cannot have ModuleCargoPart and ModuleInventoryPart on same Part [mk2Cockpit.Inline'. Removed ModuleCargoPart
[LOG 18:15:12.178] PartLoader: Part 'Squad/Parts/Command/mk2CockpitInline/mk2CockpitInline/mk2Cockpit_Inline' has no database record. Creating.
[LOG 18:15:12.178] [DragCubeSystem]: Drag cubes not found or cannot be read for part Part. Generating New drag cubes.
[LOG 18:15:12.178] [KSPCF/DragCubeGeneration] Creating drag cubes for part 'mk2Cockpit.Inline'
[LOG 18:15:12.185] PartLoader: Compiling Part 'Squad/Parts/Command/mk2CockpitStandard/mk2CockpitStandard/mk2Cockpit_Standard'
[WRN 18:15:12.191] [Part]: Cannot have ModuleCargoPart and ModuleInventoryPart on same Part [mk2Cockpit.Standard'. Removed ModuleCargoPart
[LOG 18:15:12.195] PartLoader: Part 'Squad/Parts/Command/mk2CockpitStandard/mk2CockpitStandard/mk2Cockpit_Standard' has no database record. Creating.
[LOG 18:15:12.195] [DragCubeSystem]: Drag cubes not found or cannot be read for part Part. Generating New drag cubes.
[LOG 18:15:12.195] [KSPCF/DragCubeGeneration] Creating drag cubes for part 'mk2Cockpit.Standard'
[LOG 18:15:12.202] PartLoader: Compiling Part 'Squad/Parts/Command/mk2DroneCore/mk2Dronecore/mk2DroneCore'
[LOG 18:15:12.211] PartLoader: Part 'Squad/Parts/Command/mk2DroneCore/mk2Dronecore/mk2DroneCore' has no database record. Creating.
[LOG 18:15:12.213] PartLoader: Compiling Part 'Squad/Parts/Command/mk2LanderCan/mk2LanderCan/mk2LanderCabin'
[WRN 18:15:12.216] [Part]: Cannot have ModuleCargoPart and ModuleInventoryPart on same Part [mk2LanderCabin'. Removed ModuleCargoPart
[LOG 18:15:12.220] PartLoader: Part 'Squad/Parts/Command/mk2LanderCan/mk2LanderCan/mk2LanderCabin' has no database record. Creating.
[LOG 18:15:12.220] [DragCubeSystem]: Drag cubes not found or cannot be read for part Part. Generating New drag cubes.
[LOG 18:15:12.220] [KSPCF/DragCubeGeneration] Creating drag cubes for part 'mk2LanderCabin'
[LOG 18:15:12.228] PartLoader: Compiling Part 'Squad/Parts/Command/mk2LanderCan_v2/mk2LanderCan_v2/mk2LanderCabin_v2'
[WRN 18:15:12.233] [Part]: Cannot have ModuleCargoPart and ModuleInventoryPart on same Part [mk2LanderCabin.v2'. Removed ModuleCargoPart
[LOG 18:15:12.237] PartLoader: Part 'Squad/Parts/Command/mk2LanderCan_v2/mk2LanderCan_v2/mk2LanderCabin_v2' has no database record. Creating.
[LOG 18:15:12.237] [DragCubeSystem]: Drag cubes not found or cannot be read for part Part. Generating New drag cubes.
[LOG 18:15:12.237] [KSPCF/DragCubeGeneration] Creating drag cubes for part 'mk2LanderCabin.v2'
[LOG 18:15:12.243] PartLoader: Compiling Part 'Squad/Parts/Command/mk3CockpitShuttle/mk3CockpitShuttle/mk3Cockpit_Shuttle'
[LOG 18:15:12.249] PartLoader: Part 'Squad/Parts/Command/mk3CockpitShuttle/mk3CockpitShuttle/mk3Cockpit_Shuttle' has no database record. Creating.
[LOG 18:15:12.249] [DragCubeSystem]: Drag cubes not found or cannot be read for part Part. Generating New drag cubes.
[LOG 18:15:12.249] [KSPCF/DragCubeGeneration] Creating drag cubes for part 'mk3Cockpit.Shuttle'
[LOG 18:15:12.259] PartLoader: Compiling Part 'Squad/Parts/Command/MpoProbe/MpoProbe/MpoProbe'
[LOG 18:15:12.270] PartLoader: Part 'Squad/Parts/Command/MpoProbe/MpoProbe/MpoProbe' has no database record. Creating.
[LOG 18:15:12.270] [DragCubeSystem]: Drag cubes not found or cannot be read for part Part. Generating New drag cubes.
[LOG 18:15:12.270] [KSPCF/DragCubeGeneration] Creating drag cubes for part 'MpoProbe'
[LOG 18:15:12.277] PartLoader: Compiling Part 'Squad/Parts/Command/MtmStage/MTM_Stage/MtmStage'
[LOG 18:15:12.291] PartLoader: Part 'Squad/Parts/Command/MtmStage/MTM_Stage/MtmStage' has no database record. Creating.
[LOG 18:15:12.291] [DragCubeSystem]: Drag cubes not found or cannot be read for part Part. Generating New drag cubes.
[LOG 18:15:12.291] [KSPCF/DragCubeGeneration] Creating drag cubes for part 'MtmStage'
[LOG 18:15:12.297] PartLoader: Compiling Part 'Squad/Parts/Command/probeCoreCube/probeCoreCube/probeCoreCube'
[LOG 18:15:12.305] PartLoader: Part 'Squad/Parts/Command/probeCoreCube/probeCoreCube/probeCoreCube' has no database record. Creating.
[LOG 18:15:12.306] PartLoader: Compiling Part 'Squad/Parts/Command/probeCoreHex/probeCoreHex/probeCoreHex'
[LOG 18:15:12.324] PartLoader: Part 'Squad/Parts/Command/probeCoreHex/probeCoreHex/probeCoreHex' has no database record. Creating.
[LOG 18:15:12.324] [DragCubeSystem]: Drag cubes not found or cannot be read for part Part. Generating New drag cubes.
[LOG 18:15:12.324] [KSPCF/DragCubeGeneration] Creating drag cubes for part 'probeCoreHex'
[LOG 18:15:12.330] PartLoader: Compiling Part 'Squad/Parts/Command/probeCoreHex_v2/probeCoreHex_v2/probeCoreHex_v2'
[LOG 18:15:12.336] PartLoader: Part 'Squad/Parts/Command/probeCoreHex_v2/probeCoreHex_v2/probeCoreHex_v2' has no database record. Creating.
[LOG 18:15:12.336] [DragCubeSystem]: Drag cubes not found or cannot be read for part Part. Generating New drag cubes.
[LOG 18:15:12.336] [KSPCF/DragCubeGeneration] Creating drag cubes for part 'probeCoreHex.v2'
[LOG 18:15:12.342] PartLoader: Compiling Part 'Squad/Parts/Command/probeCoreOcto2_v2/probeCoreOcto2_v2/probeCoreOcto2_v2'
[LOG 18:15:12.349] PartLoader: Part 'Squad/Parts/Command/probeCoreOcto2_v2/probeCoreOcto2_v2/probeCoreOcto2_v2' has no database record. Creating.
[LOG 18:15:12.349] [DragCubeSystem]: Drag cubes not found or cannot be read for part Part. Generating New drag cubes.
[LOG 18:15:12.349] [KSPCF/DragCubeGeneration] Creating drag cubes for part 'probeCoreOcto2.v2'
[LOG 18:15:12.355] PartLoader: Compiling Part 'Squad/Parts/Command/probeCoreOcto_v2/probeCoreOcto_v2/probeCoreOcto_v2'
[LOG 18:15:12.361] PartLoader: Part 'Squad/Parts/Command/probeCoreOcto_v2/probeCoreOcto_v2/probeCoreOcto_v2' has no database record. Creating.
[LOG 18:15:12.361] [DragCubeSystem]: Drag cubes not found or cannot be read for part Part. Generating New drag cubes.
[LOG 18:15:12.361] [KSPCF/DragCubeGeneration] Creating drag cubes for part 'probeCoreOcto.v2'
[LOG 18:15:12.367] PartLoader: Compiling Part 'Squad/Parts/Command/probeRoverBody/probeRoverBody/roverBody'
[LOG 18:15:12.375] PartLoader: Part 'Squad/Parts/Command/probeRoverBody/probeRoverBody/roverBody' has no database record. Creating.
[LOG 18:15:12.375] [DragCubeSystem]: Drag cubes not found or cannot be read for part Part. Generating New drag cubes.
[LOG 18:15:12.375] [KSPCF/DragCubeGeneration] Creating drag cubes for part 'roverBody'
[LOG 18:15:12.379] PartLoader: Compiling Part 'Squad/Parts/Command/probeRoverBody_v2/probeRoverBody_v2/roverBody_v2'
[LOG 18:15:12.387] PartLoader: Part 'Squad/Parts/Command/probeRoverBody_v2/probeRoverBody_v2/roverBody_v2' has no database record. Creating.
[LOG 18:15:12.387] [DragCubeSystem]: Drag cubes not found or cannot be read for part Part. Generating New drag cubes.
[LOG 18:15:12.387] [KSPCF/DragCubeGeneration] Creating drag cubes for part 'roverBody.v2'
[LOG 18:15:12.407] PartLoader: Compiling Part 'Squad/Parts/Command/probeStackLarge/probeStackLarge/probeStackLarge'
[LOG 18:15:12.415] PartLoader: Part 'Squad/Parts/Command/probeStackLarge/probeStackLarge/probeStackLarge' has no database record. Creating.
[LOG 18:15:12.415] [DragCubeSystem]: Drag cubes not found or cannot be read for part Part. Generating New drag cubes.
[LOG 18:15:12.415] [KSPCF/DragCubeGeneration] Creating drag cubes for part 'probeStackLarge'
[LOG 18:15:12.421] PartLoader: Compiling Part 'Squad/Parts/Command/probeStackSmall/probeStackSmall/probeStackSmall'
[LOG 18:15:12.430] PartLoader: Part 'Squad/Parts/Command/probeStackSmall/probeStackSmall/probeStackSmall' has no database record. Creating.
[LOG 18:15:12.430] [DragCubeSystem]: Drag cubes not found or cannot be read for part Part. Generating New drag cubes.
[LOG 18:15:12.430] [KSPCF/DragCubeGeneration] Creating drag cubes for part 'probeStackSmall'
[LOG 18:15:12.435] PartLoader: Compiling Part 'Squad/Parts/Command/probeStackSphere_v2/probeStackSphere_v2/probeCoreSphere_v2'
[LOG 18:15:12.440] PartLoader: Part 'Squad/Parts/Command/probeStackSphere_v2/probeStackSphere_v2/probeCoreSphere_v2' has no database record. Creating.
[LOG 18:15:12.441] PartLoader: Compiling Part 'Squad/Parts/CompoundParts/FuelLine/fuelLine/fuelLine'
[LOG 18:15:12.468] PartLoader: Part 'Squad/Parts/CompoundParts/FuelLine/fuelLine/fuelLine' has no database record. Creating.
[LOG 18:15:12.468] [DragCubeSystem]: Drag cubes not found or cannot be read for part CompoundPart. Generating New drag cubes.
[LOG 18:15:12.468] [KSPCF/DragCubeGeneration] Creating drag cubes for part 'fuelLine'
[LOG 18:15:12.474] PartLoader: Compiling Part 'Squad/Parts/CompoundParts/strutConnector/strutConnector/strutConnector'
[LOG 18:15:12.487] PartLoader: Part 'Squad/Parts/CompoundParts/strutConnector/strutConnector/strutConnector' has no database record. Creating.
[LOG 18:15:12.488] [DragCubeSystem]: Drag cubes not found or cannot be read for part CompoundPart. Generating New drag cubes.
[LOG 18:15:12.488] [KSPCF/DragCubeGeneration] Creating drag cubes for part 'strutConnector'
[LOG 18:15:12.494] PartLoader: Compiling Part 'Squad/Parts/Coupling/Decoupler_0/Decoupler_0'
[LOG 18:15:12.513] PartLoader: Part 'Squad/Parts/Coupling/Decoupler_0/Decoupler_0' has no database record. Creating.
[LOG 18:15:12.514] PartLoader: Compiling Part 'Squad/Parts/Coupling/Decoupler_1/Decoupler_1'
[LOG 18:15:12.531] PartLoader: Part 'Squad/Parts/Coupling/Decoupler_1/Decoupler_1' has no database record. Creating.
[LOG 18:15:12.532] PartLoader: Compiling Part 'Squad/Parts/Coupling/Decoupler_2/Decoupler_2'
[LOG 18:15:12.542] PartLoader: Part 'Squad/Parts/Coupling/Decoupler_2/Decoupler_2' has no database record. Creating.
[LOG 18:15:12.543] PartLoader: Compiling Part 'Squad/Parts/Coupling/Decoupler_3/Decoupler_3'
[LOG 18:15:12.553] PartLoader: Part 'Squad/Parts/Coupling/Decoupler_3/Decoupler_3' has no database record. Creating.
[LOG 18:15:12.554] PartLoader: Compiling Part 'Squad/Parts/Coupling/Separator_0/Separator_0'
[LOG 18:15:12.564] PartLoader: Part 'Squad/Parts/Coupling/Separator_0/Separator_0' has no database record. Creating.
[LOG 18:15:12.565] PartLoader: Compiling Part 'Squad/Parts/Coupling/Separator_1/Separator_1'
[LOG 18:15:12.577] PartLoader: Part 'Squad/Parts/Coupling/Separator_1/Separator_1' has no database record. Creating.
[LOG 18:15:12.579] PartLoader: Compiling Part 'Squad/Parts/Coupling/Separator_2/Separator_2'
[LOG 18:15:12.589] PartLoader: Part 'Squad/Parts/Coupling/Separator_2/Separator_2' has no database record. Creating.
[LOG 18:15:12.589] PartLoader: Compiling Part 'Squad/Parts/Coupling/Separator_3/Separator_3'
[LOG 18:15:12.599] PartLoader: Part 'Squad/Parts/Coupling/Separator_3/Separator_3' has no database record. Creating.
[LOG 18:15:12.599] PartLoader: Compiling Part 'Squad/Parts/Electrical/10CSolarPanels/OX-10C/solarPanelOX10C'
[LOG 18:15:12.617] PartLoader: Part 'Squad/Parts/Electrical/10CSolarPanels/OX-10C/solarPanelOX10C' has no database record. Creating.
[LOG 18:15:12.617] [DragCubeSystem]: Drag cubes not found or cannot be read for part Part. Generating New drag cubes.
[LOG 18:15:12.617] [KSPCF/DragCubeGeneration] Creating drag cubes for part 'solarPanelOX10C'
[LOG 18:15:12.640] PartLoader: Compiling Part 'Squad/Parts/Electrical/10CSolarPanels/SP-10C/solarPanelSP10C'
[LOG 18:15:12.647] PartLoader: Part 'Squad/Parts/Electrical/10CSolarPanels/SP-10C/solarPanelSP10C' has no database record. Creating.
[LOG 18:15:12.647] [DragCubeSystem]: Drag cubes not found or cannot be read for part Part. Generating New drag cubes.
[LOG 18:15:12.648] [KSPCF/DragCubeGeneration] Creating drag cubes for part 'solarPanelSP10C'
[LOG 18:15:12.669] PartLoader: Compiling Part 'Squad/Parts/Electrical/10LSolarPanels/OX-10L/solarPanelOX10L'
[LOG 18:15:12.674] PartLoader: Part 'Squad/Parts/Electrical/10LSolarPanels/OX-10L/solarPanelOX10L' has no database record. Creating.
[LOG 18:15:12.674] [DragCubeSystem]: Drag cubes not found or cannot be read for part Part. Generating New drag cubes.
[LOG 18:15:12.675] [KSPCF/DragCubeGeneration] Creating drag cubes for part 'solarPanelOX10L'
[LOG 18:15:12.693] PartLoader: Compiling Part 'Squad/Parts/Electrical/10LSolarPanels/SP-10L/solarPanelSP10L'
[LOG 18:15:12.697] PartLoader: Part 'Squad/Parts/Electrical/10LSolarPanels/SP-10L/solarPanelSP10L' has no database record. Creating.
[LOG 18:15:12.697] [DragCubeSystem]: Drag cubes not found or cannot be read for part Part. Generating New drag cubes.
[LOG 18:15:12.698] [KSPCF/DragCubeGeneration] Creating drag cubes for part 'solarPanelSP10L'
[LOG 18:15:12.716] PartLoader: Compiling Part 'Squad/Parts/Electrical/1x6ShroudSolarPanels/1x6ShroudSolarPanels/solarPanels2'
[LOG 18:15:12.720] PartLoader: Part 'Squad/Parts/Electrical/1x6ShroudSolarPanels/1x6ShroudSolarPanels/solarPanels2' has no database record. Creating.
[LOG 18:15:12.720] [DragCubeSystem]: Drag cubes not found or cannot be read for part Part. Generating New drag cubes.
[LOG 18:15:12.720] [KSPCF/DragCubeGeneration] Creating drag cubes for part 'solarPanels2'
[LOG 18:15:12.737] PartLoader: Compiling Part 'Squad/Parts/Electrical/1x6SolarPanels/1x6SolarPanels/solarPanels4'
[LOG 18:15:12.745] PartLoader: Part 'Squad/Parts/Electrical/1x6SolarPanels/1x6SolarPanels/solarPanels4' has no database record. Creating.
[LOG 18:15:12.745] [DragCubeSystem]: Drag cubes not found or cannot be read for part Part. Generating New drag cubes.
[LOG 18:15:12.746] [KSPCF/DragCubeGeneration] Creating drag cubes for part 'solarPanels4'
[LOG 18:15:12.768] PartLoader: Compiling Part 'Squad/Parts/Electrical/3x2ShroudSolarPanels/3x2ShroudSolarPanels/solarPanels1'
[LOG 18:15:12.773] PartLoader: Part 'Squad/Parts/Electrical/3x2ShroudSolarPanels/3x2ShroudSolarPanels/solarPanels1' has no database record. Creating.
[LOG 18:15:12.773] [DragCubeSystem]: Drag cubes not found or cannot be read for part Part. Generating New drag cubes.
[LOG 18:15:12.773] [KSPCF/DragCubeGeneration] Creating drag cubes for part 'solarPanels1'
[LOG 18:15:12.798] PartLoader: Compiling Part 'Squad/Parts/Electrical/3x2SolarPanels/3x2SolarPanels/solarPanels3'
[LOG 18:15:12.804] PartLoader: Part 'Squad/Parts/Electrical/3x2SolarPanels/3x2SolarPanels/solarPanels3' has no database record. Creating.
[LOG 18:15:12.804] [DragCubeSystem]: Drag cubes not found or cannot be read for part Part. Generating New drag cubes.
[LOG 18:15:12.804] [KSPCF/DragCubeGeneration] Creating drag cubes for part 'solarPanels3'
[LOG 18:15:12.826] PartLoader: Compiling Part 'Squad/Parts/Electrical/gigantorXlSolarArray/gigantorXlSolarArray/largeSolarPanel'
[LOG 18:15:12.837] PartLoader: Part 'Squad/Parts/Electrical/gigantorXlSolarArray/gigantorXlSolarArray/largeSolarPanel' has no database record. Creating.
[LOG 18:15:12.837] [DragCubeSystem]: Drag cubes not found or cannot be read for part Part. Generating New drag cubes.
[LOG 18:15:12.837] [KSPCF/DragCubeGeneration] Creating drag cubes for part 'largeSolarPanel'
[LOG 18:15:12.858] PartLoader: Compiling Part 'Squad/Parts/Electrical/radialFlatSolarPanel/radialFlatSolarPanel/solarPanels5'
[LOG 18:15:12.865] PartLoader: Part 'Squad/Parts/Electrical/radialFlatSolarPanel/radialFlatSolarPanel/solarPanels5' has no database record. Creating.
[LOG 18:15:12.865] [DragCubeSystem]: Drag cubes not found or cannot be read for part Part. Generating New drag cubes.
[LOG 18:15:12.865] [KSPCF/DragCubeGeneration] Creating drag cubes for part 'solarPanels5'
[LOG 18:15:12.874] PartLoader: Compiling Part 'Squad/Parts/Electrical/RTG/RTG/rtg'
[LOG 18:15:12.894] PartLoader: Part 'Squad/Parts/Electrical/RTG/RTG/rtg' has no database record. Creating.
[LOG 18:15:12.894] [DragCubeSystem]: Drag cubes not found or cannot be read for part Part. Generating New drag cubes.
[LOG 18:15:12.894] [KSPCF/DragCubeGeneration] Creating drag cubes for part 'rtg'
[LOG 18:15:12.901] PartLoader: Compiling Part 'Squad/Parts/Electrical/z-100Battery/z-100Battery/batteryPack'
[LOG 18:15:12.908] PartLoader: Part 'Squad/Parts/Electrical/z-100Battery/z-100Battery/batteryPack' has no database record. Creating.
[LOG 18:15:12.908] [DragCubeSystem]: Drag cubes not found or cannot be read for part Part. Generating New drag cubes.
[LOG 18:15:12.908] [KSPCF/DragCubeGeneration] Creating drag cubes for part 'batteryPack'
[LOG 18:15:12.915] PartLoader: Compiling Part 'Squad/Parts/Electrical/z-1kBattery/z-1kBattery/batteryBank'
[LOG 18:15:12.921] PartLoader: Part 'Squad/Parts/Electrical/z-1kBattery/z-1kBattery/batteryBank' has no database record. Creating.
[LOG 18:15:12.921] [DragCubeSystem]: Drag cubes not found or cannot be read for part Part. Generating New drag cubes.
[LOG 18:15:12.921] [KSPCF/DragCubeGeneration] Creating drag cubes for part 'batteryBank'
[LOG 18:15:12.926] PartLoader: Compiling Part 'Squad/Parts/Electrical/z-200Battery/z-200Battery/batteryBankMini'
[LOG 18:15:12.929] PartLoader: Part 'Squad/Parts/Electrical/z-200Battery/z-200Battery/batteryBankMini' has no database record. Creating.
[LOG 18:15:12.929] [DragCubeSystem]: Drag cubes not found or cannot be read for part Part. Generating New drag cubes.
[LOG 18:15:12.929] [KSPCF/DragCubeGeneration] Creating drag cubes for part 'batteryBankMini'
[LOG 18:15:12.935] PartLoader: Compiling Part 'Squad/Parts/Electrical/z-400Battery/z-400Battery/ksp_r_largeBatteryPack'
[LOG 18:15:12.940] PartLoader: Part 'Squad/Parts/Electrical/z-400Battery/z-400Battery/ksp_r_largeBatteryPack' has no database record. Creating.
[LOG 18:15:12.940] [DragCubeSystem]: Drag cubes not found or cannot be read for part Part. Generating New drag cubes.
[LOG 18:15:12.941] [KSPCF/DragCubeGeneration] Creating drag cubes for part 'ksp.r.largeBatteryPack'
[LOG 18:15:12.949] PartLoader: Compiling Part 'Squad/Parts/Electrical/z-4kBattery/z-4kBattery/batteryBankLarge'
[LOG 18:15:12.953] PartLoader: Part 'Squad/Parts/Electrical/z-4kBattery/z-4kBattery/batteryBankLarge' has no database record. Creating.
[LOG 18:15:12.954] [DragCubeSystem]: Drag cubes not found or cannot be read for part Part. Generating New drag cubes.
[LOG 18:15:12.954] [KSPCF/DragCubeGeneration] Creating drag cubes for part 'batteryBankLarge'
[LOG 18:15:12.959] PartLoader: Compiling Part 'Squad/Parts/Engine/ionEngine/ionEngine/ionEngine'
[LOG 18:15:12.980] PartLoader: Part 'Squad/Parts/Engine/ionEngine/ionEngine/ionEngine' has no database record. Creating.
[LOG 18:15:12.980] [DragCubeSystem]: Drag cubes not found or cannot be read for part Part. Generating New drag cubes.
[LOG 18:15:12.981] [KSPCF/DragCubeGeneration] Creating drag cubes for part 'ionEngine'
[LOG 18:15:12.988] PartLoader: Compiling Part 'Squad/Parts/Engine/jetEngines/jetEngineAfterburning/turboJet'
[LOG 18:15:13.031] PartLoader: Part 'Squad/Parts/Engine/jetEngines/jetEngineAfterburning/turboJet' has no database record. Creating.
[LOG 18:15:13.031] [DragCubeSystem]: Drag cubes not found or cannot be read for part Part. Generating New drag cubes.
[LOG 18:15:13.031] [KSPCF/DragCubeGeneration] Creating drag cubes for part 'turboJet'
[LOG 18:15:13.039] PartLoader: Compiling Part 'Squad/Parts/Engine/jetEngines/jetEngineBasic/JetEngine'
[LOG 18:15:13.047] PartLoader: Part 'Squad/Parts/Engine/jetEngines/jetEngineBasic/JetEngine' has no database record. Creating.
[LOG 18:15:13.047] [DragCubeSystem]: Drag cubes not found or cannot be read for part Part. Generating New drag cubes.
[LOG 18:15:13.047] [KSPCF/DragCubeGeneration] Creating drag cubes for part 'JetEngine'
[LOG 18:15:13.062] PartLoader: Compiling Part 'Squad/Parts/Engine/jetEngines/jetEngineBig/turboFanSize2'
[LOG 18:15:13.073] PartLoader: Part 'Squad/Parts/Engine/jetEngines/jetEngineBig/turboFanSize2' has no database record. Creating.
[LOG 18:15:13.074] [DragCubeSystem]: Drag cubes not found or cannot be read for part Part. Generating New drag cubes.
[LOG 18:15:13.074] [KSPCF/DragCubeGeneration] Creating drag cubes for part 'turboFanSize2'
[LOG 18:15:13.090] PartLoader: Compiling Part 'Squad/Parts/Engine/jetEngines/jetEngineTurbo/turboFanEngine'
[LOG 18:15:13.104] PartLoader: Part 'Squad/Parts/Engine/jetEngines/jetEngineTurbo/turboFanEngine' has no database record. Creating.
[LOG 18:15:13.104] [DragCubeSystem]: Drag cubes not found or cannot be read for part Part. Generating New drag cubes.
[LOG 18:15:13.105] [KSPCF/DragCubeGeneration] Creating drag cubes for part 'turboFanEngine'
[LOG 18:15:13.112] PartLoader: Compiling Part 'Squad/Parts/Engine/liquidEngine24-77/liquidEngine24-77/smallRadialEngine'
[LOG 18:15:13.124] PartLoader: Part 'Squad/Parts/Engine/liquidEngine24-77/liquidEngine24-77/smallRadialEngine' has no database record. Creating.
[LOG 18:15:13.124] [DragCubeSystem]: Drag cubes not found or cannot be read for part Part. Generating New drag cubes.
[LOG 18:15:13.124] [KSPCF/DragCubeGeneration] Creating drag cubes for part 'smallRadialEngine'
[LOG 18:15:13.129] PartLoader: Compiling Part 'Squad/Parts/Engine/liquidEngine24-77_v2/liquidEngine24-77_v2/smallRadialEngine_v2'
[LOG 18:15:13.139] PartLoader: Part 'Squad/Parts/Engine/liquidEngine24-77_v2/liquidEngine24-77_v2/smallRadialEngine_v2' has no database record. Creating.
[LOG 18:15:13.139] [DragCubeSystem]: Drag cubes not found or cannot be read for part Part. Generating New drag cubes.
[LOG 18:15:13.139] [KSPCF/DragCubeGeneration] Creating drag cubes for part 'smallRadialEngine.v2'
[LOG 18:15:13.145] PartLoader: Compiling Part 'Squad/Parts/Engine/liquidEngine48-7S_v2/liquidEngine48-7S_v2/liquidEngineMini_v2'
[LOG 18:15:13.155] PartLoader: Part 'Squad/Parts/Engine/liquidEngine48-7S_v2/liquidEngine48-7S_v2/liquidEngineMini_v2' has no database record. Creating.
[LOG 18:15:13.155] [DragCubeSystem]: Drag cubes not found or cannot be read for part Part. Generating New drag cubes.
[LOG 18:15:13.155] [KSPCF/DragCubeGeneration] Creating drag cubes for part 'liquidEngineMini.v2'
[LOG 18:15:13.188] PartLoader: Compiling Part 'Squad/Parts/Engine/liquidEngineAerospike/liquidEngineAerospike/toroidalAerospike'
[LOG 18:15:13.207] PartLoader: Part 'Squad/Parts/Engine/liquidEngineAerospike/liquidEngineAerospike/toroidalAerospike' has no database record. Creating.
[LOG 18:15:13.207] [DragCubeSystem]: Drag cubes not found or cannot be read for part Part. Generating New drag cubes.
[LOG 18:15:13.207] [KSPCF/DragCubeGeneration] Creating drag cubes for part 'toroidalAerospike'
[LOG 18:15:13.221] PartLoader: Compiling Part 'Squad/Parts/Engine/liquidEngineLV-1_v2/liquidEngineLV-1R _v2/radialEngineMini_v2'
[LOG 18:15:13.231] PartLoader: Part 'Squad/Parts/Engine/liquidEngineLV-1_v2/liquidEngineLV-1R _v2/radialEngineMini_v2' has no database record. Creating.
[LOG 18:15:13.231] [DragCubeSystem]: Drag cubes not found or cannot be read for part Part. Generating New drag cubes.
[LOG 18:15:13.231] [KSPCF/DragCubeGeneration] Creating drag cubes for part 'radialEngineMini.v2'
[LOG 18:15:13.247] PartLoader: Compiling Part 'Squad/Parts/Engine/liquidEngineLV-1_v2/liquidEngineLV-1_v2/microEngine_v2'
[LOG 18:15:13.255] PartLoader: Part 'Squad/Parts/Engine/liquidEngineLV-1_v2/liquidEngineLV-1_v2/microEngine_v2' has no database record. Creating.
[LOG 18:15:13.255] [DragCubeSystem]: Drag cubes not found or cannot be read for part Part. Generating New drag cubes.
[LOG 18:15:13.255] [KSPCF/DragCubeGeneration] Creating drag cubes for part 'microEngine.v2'
[LOG 18:15:13.268] PartLoader: Compiling Part 'Squad/Parts/Engine/liquidEngineLV-909_v2/liquidEngineLV-909_v2/liquidEngine3_v2'
[LOG 18:15:13.278] PartLoader: Part 'Squad/Parts/Engine/liquidEngineLV-909_v2/liquidEngineLV-909_v2/liquidEngine3_v2' has no database record. Creating.
[LOG 18:15:13.279] [DragCubeSystem]: Drag cubes not found or cannot be read for part Part. Generating New drag cubes.
[LOG 18:15:13.279] [KSPCF/DragCubeGeneration] Creating drag cubes for part 'liquidEngine3.v2'
[LOG 18:15:13.305] PartLoader: Compiling Part 'Squad/Parts/Engine/liquidEngineLV-N/liquidEngineLV-N/nuclearEngine'
[LOG 18:15:13.313] PartLoader: Part 'Squad/Parts/Engine/liquidEngineLV-N/liquidEngineLV-N/nuclearEngine' has no database record. Creating.
[LOG 18:15:13.313] [DragCubeSystem]: Drag cubes not found or cannot be read for part Part. Generating New drag cubes.
[LOG 18:15:13.313] [KSPCF/DragCubeGeneration] Part 'nuclearEngine' has defined a procedural drag cube setup
[LOG 18:15:13.314] PartLoader: Compiling Part 'Squad/Parts/Engine/liquidEngineLV-T30/liquidEngineLV-T30/liquidEngine'
[LOG 18:15:13.321] PartLoader: Part 'Squad/Parts/Engine/liquidEngineLV-T30/liquidEngineLV-T30/liquidEngine' has no database record. Creating.
[LOG 18:15:13.321] [DragCubeSystem]: Drag cubes not found or cannot be read for part Part. Generating New drag cubes.
[LOG 18:15:13.321] [KSPCF/DragCubeGeneration] Creating drag cubes for part 'liquidEngine'
[LOG 18:15:13.333] PartLoader: Compiling Part 'Squad/Parts/Engine/liquidEngineLV-T30_v2/liquidEngineLV-T30_v2/liquidEngine_v2'
[LOG 18:15:13.342] PartLoader: Part 'Squad/Parts/Engine/liquidEngineLV-T30_v2/liquidEngineLV-T30_v2/liquidEngine_v2' has no database record. Creating.
[LOG 18:15:13.344] PartLoader: Compiling Part 'Squad/Parts/Engine/liquidEngineLV-T45/liquidEngineLV-T45/liquidEngine2'
[LOG 18:15:13.351] PartLoader: Part 'Squad/Parts/Engine/liquidEngineLV-T45/liquidEngineLV-T45/liquidEngine2' has no database record. Creating.
[LOG 18:15:13.351] [DragCubeSystem]: Drag cubes not found or cannot be read for part Part. Generating New drag cubes.
[LOG 18:15:13.352] [KSPCF/DragCubeGeneration] Creating drag cubes for part 'liquidEngine2'
[LOG 18:15:13.366] PartLoader: Compiling Part 'Squad/Parts/Engine/liquidEngineLV-T45_v2/liquidEngineLV-T45_v2/liquidEngine2_v2'
[LOG 18:15:13.375] PartLoader: Part 'Squad/Parts/Engine/liquidEngineLV-T45_v2/liquidEngineLV-T45_v2/liquidEngine2_v2' has no database record. Creating.
[LOG 18:15:13.377] PartLoader: Compiling Part 'Squad/Parts/Engine/liquidEngineMainsail_v2/liquidEngineMainsail_v2/liquidEngineMainsail_v2'
[LOG 18:15:13.388] PartLoader: Part 'Squad/Parts/Engine/liquidEngineMainsail_v2/liquidEngineMainsail_v2/liquidEngineMainsail_v2' has no database record. Creating.
[LOG 18:15:13.388] [DragCubeSystem]: Drag cubes not found or cannot be read for part Part. Generating New drag cubes.
[LOG 18:15:13.388] [KSPCF/DragCubeGeneration] Creating drag cubes for part 'liquidEngineMainsail.v2'
[LOG 18:15:13.421] PartLoader: Compiling Part 'Squad/Parts/Engine/liquidEngineMk55/liquidEngineMk55/radialLiquidEngine1-2'
[LOG 18:15:13.427] PartLoader: Part 'Squad/Parts/Engine/liquidEngineMk55/liquidEngineMk55/radialLiquidEngine1-2' has no database record. Creating.
[LOG 18:15:13.427] [DragCubeSystem]: Drag cubes not found or cannot be read for part Part. Generating New drag cubes.
[LOG 18:15:13.427] [KSPCF/DragCubeGeneration] Creating drag cubes for part 'radialLiquidEngine1-2'
[LOG 18:15:13.432] PartLoader: Compiling Part 'Squad/Parts/Engine/liquidEnginePoodle_v2/liquidEnginePoodle_v2/liquidEngine2-2_v2'
[LOG 18:15:13.444] PartLoader: Part 'Squad/Parts/Engine/liquidEnginePoodle_v2/liquidEnginePoodle_v2/liquidEngine2-2_v2' has no database record. Creating.
[LOG 18:15:13.445] PartLoader: Compiling Part 'Squad/Parts/Engine/liquidEngineSkipper_v2/skipperLiquidEngine_v2/engineLargeSkipper_v2'
[LOG 18:15:13.456] PartLoader: Part 'Squad/Parts/Engine/liquidEngineSkipper_v2/skipperLiquidEngine_v2/engineLargeSkipper_v2' has no database record. Creating.
[LOG 18:15:13.456] [DragCubeSystem]: Drag cubes not found or cannot be read for part Part. Generating New drag cubes.
[LOG 18:15:13.457] [KSPCF/DragCubeGeneration] Creating drag cubes for part 'engineLargeSkipper.v2'
[LOG 18:15:13.488] PartLoader: Compiling Part 'Squad/Parts/Engine/liquidEngineSSME/SSME/SSME'
[LOG 18:15:13.496] PartLoader: Part 'Squad/Parts/Engine/liquidEngineSSME/SSME/SSME' has no database record. Creating.
[LOG 18:15:13.496] [DragCubeSystem]: Drag cubes not found or cannot be read for part Part. Generating New drag cubes.
[LOG 18:15:13.496] [KSPCF/DragCubeGeneration] Creating drag cubes for part 'SSME'
[LOG 18:15:13.510] PartLoader: Compiling Part 'Squad/Parts/Engine/MassiveSRB/part/MassiveBooster'
[LOG 18:15:13.520] PartLoader: Part 'Squad/Parts/Engine/MassiveSRB/part/MassiveBooster' has no database record. Creating.
[LOG 18:15:13.520] [DragCubeSystem]: Drag cubes not found or cannot be read for part Part. Generating New drag cubes.
[LOG 18:15:13.520] [KSPCF/DragCubeGeneration] Creating drag cubes for part 'MassiveBooster'
[LOG 18:15:13.525] PartLoader: Compiling Part 'Squad/Parts/Engine/miniJet/SmallJetEngine/miniJetEngine'
[LOG 18:15:13.537] PartLoader: Part 'Squad/Parts/Engine/miniJet/SmallJetEngine/miniJetEngine' has no database record. Creating.
[LOG 18:15:13.537] [DragCubeSystem]: Drag cubes not found or cannot be read for part Part. Generating New drag cubes.
[LOG 18:15:13.537] [KSPCF/DragCubeGeneration] Creating drag cubes for part 'miniJetEngine'
[LOG 18:15:13.544] PartLoader: Compiling Part 'Squad/Parts/Engine/OMSEngine/omsEngine/omsEngine'
[LOG 18:15:13.552] PartLoader: Part 'Squad/Parts/Engine/OMSEngine/omsEngine/omsEngine' has no database record. Creating.
[LOG 18:15:13.552] [DragCubeSystem]: Drag cubes not found or cannot be read for part Part. Generating New drag cubes.
[LOG 18:15:13.552] [KSPCF/DragCubeGeneration] Creating drag cubes for part 'omsEngine'
[LOG 18:15:13.557] PartLoader: Compiling Part 'Squad/Parts/Engine/rapierEngine/rapierEngine/RAPIER'
[LOG 18:15:13.573] PartLoader: Part 'Squad/Parts/Engine/rapierEngine/rapierEngine/RAPIER' has no database record. Creating.
[LOG 18:15:13.573] [DragCubeSystem]: Drag cubes not found or cannot be read for part Part. Generating New drag cubes.
[LOG 18:15:13.573] [KSPCF/DragCubeGeneration] Creating drag cubes for part 'RAPIER'
[LOG 18:15:13.584] PartLoader: Compiling Part 'Squad/Parts/Engine/Size1_SRBs/solidBoosterRT-10_v2/solidBooster_v2'
[LOG 18:15:13.595] PartLoader: Part 'Squad/Parts/Engine/Size1_SRBs/solidBoosterRT-10_v2/solidBooster_v2' has no database record. Creating.
[LOG 18:15:13.595] [DragCubeSystem]: Drag cubes not found or cannot be read for part Part. Generating New drag cubes.
[LOG 18:15:13.595] [KSPCF/DragCubeGeneration] Creating drag cubes for part 'solidBooster.v2'
[LOG 18:15:13.615] PartLoader: Compiling Part 'Squad/Parts/Engine/Size1_SRBs/solidBoosterRT-5_v2/solidBooster_sm_v2'
[LOG 18:15:13.625] PartLoader: Part 'Squad/Parts/Engine/Size1_SRBs/solidBoosterRT-5_v2/solidBooster_sm_v2' has no database record. Creating.
[LOG 18:15:13.625] [DragCubeSystem]: Drag cubes not found or cannot be read for part Part. Generating New drag cubes.
[LOG 18:15:13.625] [KSPCF/DragCubeGeneration] Creating drag cubes for part 'solidBooster.sm.v2'
[LOG 18:15:13.649] PartLoader: Compiling Part 'Squad/Parts/Engine/Size2LFB/part/Size2LFB'
[LOG 18:15:13.657] PartLoader: Part 'Squad/Parts/Engine/Size2LFB/part/Size2LFB' has no database record. Creating.
[LOG 18:15:13.657] [DragCubeSystem]: Drag cubes not found or cannot be read for part Part. Generating New drag cubes.
[LOG 18:15:13.657] [KSPCF/DragCubeGeneration] Creating drag cubes for part 'Size2LFB'
[LOG 18:15:13.663] PartLoader: Compiling Part 'Squad/Parts/Engine/Size2LFB_v2/part/Size2LFB_v2'
[LOG 18:15:13.670] PartLoader: Part 'Squad/Parts/Engine/Size2LFB_v2/part/Size2LFB_v2' has no database record. Creating.
[LOG 18:15:13.670] [DragCubeSystem]: Drag cubes not found or cannot be read for part Part. Generating New drag cubes.
[LOG 18:15:13.670] [KSPCF/DragCubeGeneration] Creating drag cubes for part 'Size2LFB.v2'
[LOG 18:15:13.675] PartLoader: Compiling Part 'Squad/Parts/Engine/Size3AdvancedEngine/part/Size3AdvancedEngine'
[LOG 18:15:13.683] PartLoader: Part 'Squad/Parts/Engine/Size3AdvancedEngine/part/Size3AdvancedEngine' has no database record. Creating.
[LOG 18:15:13.684] [DragCubeSystem]: Drag cubes not found or cannot be read for part Part. Generating New drag cubes.
[LOG 18:15:13.684] [KSPCF/DragCubeGeneration] Creating drag cubes for part 'Size3AdvancedEngine'
[LOG 18:15:13.698] PartLoader: Compiling Part 'Squad/Parts/Engine/Size3EngineCluster/part/Size3EngineCluster'
[LOG 18:15:13.707] PartLoader: Part 'Squad/Parts/Engine/Size3EngineCluster/part/Size3EngineCluster' has no database record. Creating.
[LOG 18:15:13.707] [DragCubeSystem]: Drag cubes not found or cannot be read for part Part. Generating New drag cubes.
[LOG 18:15:13.707] [KSPCF/DragCubeGeneration] Creating drag cubes for part 'Size3EngineCluster'
[LOG 18:15:13.712] PartLoader: Compiling Part 'Squad/Parts/Engine/solidBoosterBACC/solidBoosterBACC/solidBooster1-1'
[LOG 18:15:13.720] PartLoader: Part 'Squad/Parts/Engine/solidBoosterBACC/solidBoosterBACC/solidBooster1-1' has no database record. Creating.
[LOG 18:15:13.720] [DragCubeSystem]: Drag cubes not found or cannot be read for part Part. Generating New drag cubes.
[LOG 18:15:13.720] [KSPCF/DragCubeGeneration] Creating drag cubes for part 'solidBooster1-1'
[LOG 18:15:13.727] PartLoader: Compiling Part 'Squad/Parts/Engine/solidBoosterS2-17/solidBoosterS2-17/Thoroughbred'
[LOG 18:15:13.734] PartLoader: Part 'Squad/Parts/Engine/solidBoosterS2-17/solidBoosterS2-17/Thoroughbred' has no database record. Creating.
[LOG 18:15:13.734] [DragCubeSystem]: Drag cubes not found or cannot be read for part Part. Generating New drag cubes.
[LOG 18:15:13.734] [KSPCF/DragCubeGeneration] Creating drag cubes for part 'Thoroughbred'
[LOG 18:15:13.740] PartLoader: Compiling Part 'Squad/Parts/Engine/solidBoosterS2-33/solidBoosterS2-33/Clydesdale'
[LOG 18:15:13.746] PartLoader: Part 'Squad/Parts/Engine/solidBoosterS2-33/solidBoosterS2-33/Clydesdale' has no database record. Creating.
[LOG 18:15:13.746] [DragCubeSystem]: Drag cubes not found or cannot be read for part Part. Generating New drag cubes.
[LOG 18:15:13.746] [KSPCF/DragCubeGeneration] Creating drag cubes for part 'Clydesdale'
[LOG 18:15:13.751] PartLoader: Compiling Part 'Squad/Parts/Engine/solidBoosterSep/solidBoosterSep/sepMotor1'
[LOG 18:15:13.754] [ModuleCargoPart]: Setting stackableQuantity to 1 as sepMotor1 contains resources
[LOG 18:15:13.756] PartLoader: Part 'Squad/Parts/Engine/solidBoosterSep/solidBoosterSep/sepMotor1' has no database record. Creating.
[LOG 18:15:13.756] [DragCubeSystem]: Drag cubes not found or cannot be read for part Part. Generating New drag cubes.
[LOG 18:15:13.756] [KSPCF/DragCubeGeneration] Creating drag cubes for part 'sepMotor1'
[LOG 18:15:13.762] PartLoader: Compiling Part 'Squad/Parts/Engine/SolidBoostersF/SolidBoosterF3S0/Shrimp'
[LOG 18:15:13.770] PartLoader: Part 'Squad/Parts/Engine/SolidBoostersF/SolidBoosterF3S0/Shrimp' has no database record. Creating.
[LOG 18:15:13.770] [DragCubeSystem]: Drag cubes not found or cannot be read for part Part. Generating New drag cubes.
[LOG 18:15:13.770] [KSPCF/DragCubeGeneration] Creating drag cubes for part 'Shrimp'
[LOG 18:15:13.775] PartLoader: Compiling Part 'Squad/Parts/Engine/SolidBoostersF/SolidBoosterFM1/Mite'
[LOG 18:15:13.780] PartLoader: Part 'Squad/Parts/Engine/SolidBoostersF/SolidBoosterFM1/Mite' has no database record. Creating.
[LOG 18:15:13.780] [DragCubeSystem]: Drag cubes not found or cannot be read for part Part. Generating New drag cubes.
[LOG 18:15:13.781] [KSPCF/DragCubeGeneration] Creating drag cubes for part 'Mite'
[LOG 18:15:13.785] PartLoader: Compiling Part 'Squad/Parts/FuelTank/adapterTanks/Mk3-Mk2/adapterMk3-Mk2'
[LOG 18:15:13.788] PartLoader: Part 'Squad/Parts/FuelTank/adapterTanks/Mk3-Mk2/adapterMk3-Mk2' has no database record. Creating.
[LOG 18:15:13.788] [DragCubeSystem]: Drag cubes not found or cannot be read for part Part. Generating New drag cubes.
[LOG 18:15:13.788] [KSPCF/DragCubeGeneration] Creating drag cubes for part 'adapterMk3-Mk2'
[LOG 18:15:13.793] PartLoader: Compiling Part 'Squad/Parts/FuelTank/adapterTanks/Mk3-ShuttleAdapter/adapterEngines'
[LOG 18:15:13.798] PartLoader: Part 'Squad/Parts/FuelTank/adapterTanks/Mk3-ShuttleAdapter/adapterEngines' has no database record. Creating.
[LOG 18:15:13.798] [DragCubeSystem]: Drag cubes not found or cannot be read for part Part. Generating New drag cubes.
[LOG 18:15:13.798] [KSPCF/DragCubeGeneration] Creating drag cubes for part 'adapterEngines'
[LOG 18:15:13.802] PartLoader: Compiling Part 'Squad/Parts/FuelTank/adapterTanks/Mk3-Size2/adapterMk3-Size2'
[LOG 18:15:13.805] PartLoader: Part 'Squad/Parts/FuelTank/adapterTanks/Mk3-Size2/adapterMk3-Size2' has no database record. Creating.
[LOG 18:15:13.805] [DragCubeSystem]: Drag cubes not found or cannot be read for part Part. Generating New drag cubes.
[LOG 18:15:13.805] [KSPCF/DragCubeGeneration] Creating drag cubes for part 'adapterMk3-Size2'
[LOG 18:15:13.810] PartLoader: Compiling Part 'Squad/Parts/FuelTank/adapterTanks/Mk3-Size2Slant/adapterMk3-Size2Slant'
[LOG 18:15:13.813] PartLoader: Part 'Squad/Parts/FuelTank/adapterTanks/Mk3-Size2Slant/adapterMk3-Size2Slant' has no database record. Creating.
[LOG 18:15:13.813] [DragCubeSystem]: Drag cubes not found or cannot be read for part Part. Generating New drag cubes.
[LOG 18:15:13.813] [KSPCF/DragCubeGeneration] Creating drag cubes for part 'adapterMk3-Size2Slant'
[LOG 18:15:13.817] PartLoader: Compiling Part 'Squad/Parts/FuelTank/adapterTanks/Size2-Mk2/adapterSize2-Mk2'
[LOG 18:15:13.820] PartLoader: Part 'Squad/Parts/FuelTank/adapterTanks/Size2-Mk2/adapterSize2-Mk2' has no database record. Creating.
[LOG 18:15:13.820] [DragCubeSystem]: Drag cubes not found or cannot be read for part Part. Generating New drag cubes.
[LOG 18:15:13.820] [KSPCF/DragCubeGeneration] Creating drag cubes for part 'adapterSize2-Mk2'
[LOG 18:15:13.825] PartLoader: Compiling Part 'Squad/Parts/FuelTank/adapterTanks/Size2-Size1/adapterSize2-Size1'
[LOG 18:15:13.828] PartLoader: Part 'Squad/Parts/FuelTank/adapterTanks/Size2-Size1/adapterSize2-Size1' has no database record. Creating.
[LOG 18:15:13.828] [DragCubeSystem]: Drag cubes not found or cannot be read for part Part. Generating New drag cubes.
[LOG 18:15:13.828] [KSPCF/DragCubeGeneration] Creating drag cubes for part 'adapterSize2-Size1'
[LOG 18:15:13.834] PartLoader: Compiling Part 'Squad/Parts/FuelTank/adapterTanks/Size2-Size1Slant/adapterSize2-Size1Slant'
[LOG 18:15:13.838] PartLoader: Part 'Squad/Parts/FuelTank/adapterTanks/Size2-Size1Slant/adapterSize2-Size1Slant' has no database record. Creating.
[LOG 18:15:13.838] [DragCubeSystem]: Drag cubes not found or cannot be read for part Part. Generating New drag cubes.
[LOG 18:15:13.838] [KSPCF/DragCubeGeneration] Creating drag cubes for part 'adapterSize2-Size1Slant'
[LOG 18:15:13.843] PartLoader: Compiling Part 'Squad/Parts/FuelTank/adapterTanks/Size3-Mk3/adapterSize3-Mk3'
[LOG 18:15:13.846] PartLoader: Part 'Squad/Parts/FuelTank/adapterTanks/Size3-Mk3/adapterSize3-Mk3' has no database record. Creating.
[LOG 18:15:13.846] [DragCubeSystem]: Drag cubes not found or cannot be read for part Part. Generating New drag cubes.
[LOG 18:15:13.846] [KSPCF/DragCubeGeneration] Creating drag cubes for part 'adapterSize3-Mk3'
[LOG 18:15:13.852] PartLoader: Compiling Part 'Squad/Parts/FuelTank/drainTankFTE-1/ReleaseValve/ReleaseValve'
[LOG 18:15:13.864] PartLoader: Part 'Squad/Parts/FuelTank/drainTankFTE-1/ReleaseValve/ReleaseValve' has no database record. Creating.
[LOG 18:15:13.864] [DragCubeSystem]: Drag cubes not found or cannot be read for part Part. Generating New drag cubes.
[LOG 18:15:13.864] [KSPCF/DragCubeGeneration] Creating drag cubes for part 'ReleaseValve'
[LOG 18:15:13.870] PartLoader: Compiling Part 'Squad/Parts/FuelTank/FoilTanks/RadialTank_Capsule/externalTankCapsule'
[LOG 18:15:13.876] PartLoader: Part 'Squad/Parts/FuelTank/FoilTanks/RadialTank_Capsule/externalTankCapsule' has no database record. Creating.
[LOG 18:15:13.876] [DragCubeSystem]: Drag cubes not found or cannot be read for part Part. Generating New drag cubes.
[LOG 18:15:13.877] [KSPCF/DragCubeGeneration] Creating drag cubes for part 'externalTankCapsule'
[LOG 18:15:13.882] PartLoader: Compiling Part 'Squad/Parts/FuelTank/FoilTanks/RadialTank_Round/externalTankRound'
[LOG 18:15:13.886] PartLoader: Part 'Squad/Parts/FuelTank/FoilTanks/RadialTank_Round/externalTankRound' has no database record. Creating.
[LOG 18:15:13.886] [DragCubeSystem]: Drag cubes not found or cannot be read for part Part. Generating New drag cubes.
[LOG 18:15:13.886] [KSPCF/DragCubeGeneration] Creating drag cubes for part 'externalTankRound'
[LOG 18:15:13.891] PartLoader: Compiling Part 'Squad/Parts/FuelTank/FoilTanks/ToroidTank/externalTankToroid'
[LOG 18:15:13.895] PartLoader: Part 'Squad/Parts/FuelTank/FoilTanks/ToroidTank/externalTankToroid' has no database record. Creating.
[LOG 18:15:13.895] [DragCubeSystem]: Drag cubes not found or cannot be read for part Part. Generating New drag cubes.
[LOG 18:15:13.895] [KSPCF/DragCubeGeneration] Creating drag cubes for part 'externalTankToroid'
[LOG 18:15:13.900] PartLoader: Compiling Part 'Squad/Parts/FuelTank/fuelTankOscarB/fuelTankOscarB/miniFuelTank'
[LOG 18:15:13.905] PartLoader: Part 'Squad/Parts/FuelTank/fuelTankOscarB/fuelTankOscarB/miniFuelTank' has no database record. Creating.
[LOG 18:15:13.905] [DragCubeSystem]: Drag cubes not found or cannot be read for part Part. Generating New drag cubes.
[LOG 18:15:13.905] [KSPCF/DragCubeGeneration] Creating drag cubes for part 'miniFuelTank'
[LOG 18:15:13.910] PartLoader: Compiling Part 'Squad/Parts/FuelTank/miniFuselage/miniFuselage/miniFuselage'
[LOG 18:15:13.913] PartLoader: Part 'Squad/Parts/FuelTank/miniFuselage/miniFuselage/miniFuselage' has no database record. Creating.
[LOG 18:15:13.913] [DragCubeSystem]: Drag cubes not found or cannot be read for part Part. Generating New drag cubes.
[LOG 18:15:13.913] [KSPCF/DragCubeGeneration] Creating drag cubes for part 'miniFuselage'
[LOG 18:15:13.917] PartLoader: Compiling Part 'Squad/Parts/FuelTank/mk2Adapters/bicoupler/mk2_1m_Bicoupler'
[LOG 18:15:13.921] PartLoader: Part 'Squad/Parts/FuelTank/mk2Adapters/bicoupler/mk2_1m_Bicoupler' has no database record. Creating.
[LOG 18:15:13.922] [DragCubeSystem]: Drag cubes not found or cannot be read for part Part. Generating New drag cubes.
[LOG 18:15:13.922] [KSPCF/DragCubeGeneration] Creating drag cubes for part 'mk2.1m.Bicoupler'
[LOG 18:15:13.927] PartLoader: Compiling Part 'Squad/Parts/FuelTank/mk2Adapters/long/mk2_1m_AdapterLong'
[LOG 18:15:13.932] PartLoader: Part 'Squad/Parts/FuelTank/mk2Adapters/long/mk2_1m_AdapterLong' has no database record. Creating.
[LOG 18:15:13.932] [DragCubeSystem]: Drag cubes not found or cannot be read for part Part. Generating New drag cubes.
[LOG 18:15:13.932] [KSPCF/DragCubeGeneration] Creating drag cubes for part 'mk2.1m.AdapterLong'
[LOG 18:15:13.940] PartLoader: Compiling Part 'Squad/Parts/FuelTank/mk2Adapters/standard/mk2SpacePlaneAdapter'
[LOG 18:15:13.946] PartLoader: Part 'Squad/Parts/FuelTank/mk2Adapters/standard/mk2SpacePlaneAdapter' has no database record. Creating.
[LOG 18:15:13.946] [DragCubeSystem]: Drag cubes not found or cannot be read for part Part. Generating New drag cubes.
[LOG 18:15:13.946] [KSPCF/DragCubeGeneration] Creating drag cubes for part 'mk2SpacePlaneAdapter'
[LOG 18:15:13.954] PartLoader: Compiling Part 'Squad/Parts/FuelTank/mk2FuselageLong/LFO_long/mk2FuselageLongLFO'
[LOG 18:15:13.959] PartLoader: Part 'Squad/Parts/FuelTank/mk2FuselageLong/LFO_long/mk2FuselageLongLFO' has no database record. Creating.
[LOG 18:15:13.959] [DragCubeSystem]: Drag cubes not found or cannot be read for part Part. Generating New drag cubes.
[LOG 18:15:13.959] [KSPCF/DragCubeGeneration] Creating drag cubes for part 'mk2FuselageLongLFO'
[LOG 18:15:13.964] PartLoader: Compiling Part 'Squad/Parts/FuelTank/mk2FuselageLong/L_long/mk2Fuselage'
[LOG 18:15:13.969] PartLoader: Part 'Squad/Parts/FuelTank/mk2FuselageLong/L_long/mk2Fuselage' has no database record. Creating.
[LOG 18:15:13.969] [DragCubeSystem]: Drag cubes not found or cannot be read for part Part. Generating New drag cubes.
[LOG 18:15:13.969] [KSPCF/DragCubeGeneration] Creating drag cubes for part 'mk2Fuselage'
[LOG 18:15:13.975] PartLoader: Compiling Part 'Squad/Parts/FuelTank/mk2FuselageShort/LFO_short/mk2FuselageShortLFO'
[LOG 18:15:13.978] PartLoader: Part 'Squad/Parts/FuelTank/mk2FuselageShort/LFO_short/mk2FuselageShortLFO' has no database record. Creating.
[LOG 18:15:13.978] [DragCubeSystem]: Drag cubes not found or cannot be read for part Part. Generating New drag cubes.
[LOG 18:15:13.978] [KSPCF/DragCubeGeneration] Creating drag cubes for part 'mk2FuselageShortLFO'
[LOG 18:15:13.983] PartLoader: Compiling Part 'Squad/Parts/FuelTank/mk2FuselageShort/L_short/mk2FuselageShortLiquid'
[LOG 18:15:13.986] PartLoader: Part 'Squad/Parts/FuelTank/mk2FuselageShort/L_short/mk2FuselageShortLiquid' has no database record. Creating.
[LOG 18:15:13.986] [DragCubeSystem]: Drag cubes not found or cannot be read for part Part. Generating New drag cubes.
[LOG 18:15:13.986] [KSPCF/DragCubeGeneration] Creating drag cubes for part 'mk2FuselageShortLiquid'
[LOG 18:15:13.990] PartLoader: Compiling Part 'Squad/Parts/FuelTank/mk2FuselageShort/Mono_short/mk2FuselageShortMono'
[LOG 18:15:13.994] PartLoader: Part 'Squad/Parts/FuelTank/mk2FuselageShort/Mono_short/mk2FuselageShortMono' has no database record. Creating.
[LOG 18:15:13.994] [DragCubeSystem]: Drag cubes not found or cannot be read for part Part. Generating New drag cubes.
[LOG 18:15:13.995] [KSPCF/DragCubeGeneration] Creating drag cubes for part 'mk2FuselageShortMono'
[LOG 18:15:13.999] PartLoader: Compiling Part 'Squad/Parts/FuelTank/mk3Fuselage/CREW/mk3CrewCabin'
[LOG 18:15:14.006] PartLoader: Part 'Squad/Parts/FuelTank/mk3Fuselage/CREW/mk3CrewCabin' has no database record. Creating.
[LOG 18:15:14.006] [DragCubeSystem]: Drag cubes not found or cannot be read for part Part. Generating New drag cubes.
[LOG 18:15:14.006] [KSPCF/DragCubeGeneration] Creating drag cubes for part 'mk3CrewCabin'
[LOG 18:15:14.012] PartLoader: Compiling Part 'Squad/Parts/FuelTank/mk3Fuselage/LFO_100/mk3FuselageLFO_100'
[LOG 18:15:14.017] PartLoader: Part 'Squad/Parts/FuelTank/mk3Fuselage/LFO_100/mk3FuselageLFO_100' has no database record. Creating.
[LOG 18:15:14.017] [DragCubeSystem]: Drag cubes not found or cannot be read for part Part. Generating New drag cubes.
[LOG 18:15:14.017] [KSPCF/DragCubeGeneration] Creating drag cubes for part 'mk3FuselageLFO.100'
[LOG 18:15:14.021] PartLoader: Compiling Part 'Squad/Parts/FuelTank/mk3Fuselage/LFO_25/mk3FuselageLFO_25'
[LOG 18:15:14.024] PartLoader: Part 'Squad/Parts/FuelTank/mk3Fuselage/LFO_25/mk3FuselageLFO_25' has no database record. Creating.
[LOG 18:15:14.024] [DragCubeSystem]: Drag cubes not found or cannot be read for part Part. Generating New drag cubes.
[LOG 18:15:14.024] [KSPCF/DragCubeGeneration] Creating drag cubes for part 'mk3FuselageLFO.25'
[LOG 18:15:14.028] PartLoader: Compiling Part 'Squad/Parts/FuelTank/mk3Fuselage/LFO_50/mk3FuselageLFO_50'
[LOG 18:15:14.031] PartLoader: Part 'Squad/Parts/FuelTank/mk3Fuselage/LFO_50/mk3FuselageLFO_50' has no database record. Creating.
[LOG 18:15:14.031] [DragCubeSystem]: Drag cubes not found or cannot be read for part Part. Generating New drag cubes.
[LOG 18:15:14.031] [KSPCF/DragCubeGeneration] Creating drag cubes for part 'mk3FuselageLFO.50'
[LOG 18:15:14.036] PartLoader: Compiling Part 'Squad/Parts/FuelTank/mk3Fuselage/LF_100/mk3FuselageLF_100'
[LOG 18:15:14.039] PartLoader: Part 'Squad/Parts/FuelTank/mk3Fuselage/LF_100/mk3FuselageLF_100' has no database record. Creating.
[LOG 18:15:14.039] [DragCubeSystem]: Drag cubes not found or cannot be read for part Part. Generating New drag cubes.
[LOG 18:15:14.039] [KSPCF/DragCubeGeneration] Creating drag cubes for part 'mk3FuselageLF.100'
[LOG 18:15:14.043] PartLoader: Compiling Part 'Squad/Parts/FuelTank/mk3Fuselage/LF_25/mk3FuselageLF_25'
[LOG 18:15:14.047] PartLoader: Part 'Squad/Parts/FuelTank/mk3Fuselage/LF_25/mk3FuselageLF_25' has no database record. Creating.
[LOG 18:15:14.047] [DragCubeSystem]: Drag cubes not found or cannot be read for part Part. Generating New drag cubes.
[LOG 18:15:14.047] [KSPCF/DragCubeGeneration] Creating drag cubes for part 'mk3FuselageLF.25'
[LOG 18:15:14.051] PartLoader: Compiling Part 'Squad/Parts/FuelTank/mk3Fuselage/LF_50/mk3FuselageLF_50'
[LOG 18:15:14.055] PartLoader: Part 'Squad/Parts/FuelTank/mk3Fuselage/LF_50/mk3FuselageLF_50' has no database record. Creating.
[LOG 18:15:14.055] [DragCubeSystem]: Drag cubes not found or cannot be read for part Part. Generating New drag cubes.
[LOG 18:15:14.055] [KSPCF/DragCubeGeneration] Creating drag cubes for part 'mk3FuselageLF.50'
[LOG 18:15:14.059] PartLoader: Compiling Part 'Squad/Parts/FuelTank/mk3Fuselage/MONO/mk3FuselageMONO'
[LOG 18:15:14.062] PartLoader: Part 'Squad/Parts/FuelTank/mk3Fuselage/MONO/mk3FuselageMONO' has no database record. Creating.
[LOG 18:15:14.062] [DragCubeSystem]: Drag cubes not found or cannot be read for part Part. Generating New drag cubes.
[LOG 18:15:14.062] [KSPCF/DragCubeGeneration] Creating drag cubes for part 'mk3FuselageMONO'
[LOG 18:15:14.065] PartLoader: Compiling Part 'Squad/Parts/FuelTank/RCSFuelTankR1/RCSFuelTankR1/RCSTank1-2'
[LOG 18:15:14.068] PartLoader: Part 'Squad/Parts/FuelTank/RCSFuelTankR1/RCSFuelTankR1/RCSTank1-2' has no database record. Creating.
[LOG 18:15:14.068] [DragCubeSystem]: Drag cubes not found or cannot be read for part Part. Generating New drag cubes.
[LOG 18:15:14.068] [KSPCF/DragCubeGeneration] Creating drag cubes for part 'RCSTank1-2'
[LOG 18:15:14.072] PartLoader: Compiling Part 'Squad/Parts/FuelTank/RCSFuelTankR10/RCSFuelTankR10/rcsTankMini'
[LOG 18:15:14.075] PartLoader: Part 'Squad/Parts/FuelTank/RCSFuelTankR10/RCSFuelTankR10/rcsTankMini' has no database record. Creating.
[LOG 18:15:14.075] [DragCubeSystem]: Drag cubes not found or cannot be read for part Part. Generating New drag cubes.
[LOG 18:15:14.075] [KSPCF/DragCubeGeneration] Creating drag cubes for part 'rcsTankMini'
[LOG 18:15:14.079] PartLoader: Compiling Part 'Squad/Parts/FuelTank/RCSFuelTankR25/RCSFuelTankR25/RCSFuelTank'
[LOG 18:15:14.084] PartLoader: Part 'Squad/Parts/FuelTank/RCSFuelTankR25/RCSFuelTankR25/RCSFuelTank' has no database record. Creating.
[LOG 18:15:14.085] [DragCubeSystem]: Drag cubes not found or cannot be read for part Part. Generating New drag cubes.
[LOG 18:15:14.085] [KSPCF/DragCubeGeneration] Creating drag cubes for part 'RCSFuelTank'
[LOG 18:15:14.089] PartLoader: Compiling Part 'Squad/Parts/FuelTank/RCSTankRadial/radialRCSTank/radialRCSTank'
[LOG 18:15:14.092] PartLoader: Part 'Squad/Parts/FuelTank/RCSTankRadial/radialRCSTank/radialRCSTank' has no database record. Creating.
[LOG 18:15:14.092] [DragCubeSystem]: Drag cubes not found or cannot be read for part Part. Generating New drag cubes.
[LOG 18:15:14.093] [KSPCF/DragCubeGeneration] Creating drag cubes for part 'radialRCSTank'
[LOG 18:15:14.096] PartLoader: Compiling Part 'Squad/Parts/FuelTank/RCStankRadialLong/RCSTankRadialLong/rcsTankRadialLong'
[LOG 18:15:14.100] PartLoader: Part 'Squad/Parts/FuelTank/RCStankRadialLong/RCSTankRadialLong/rcsTankRadialLong' has no database record. Creating.
[LOG 18:15:14.100] [DragCubeSystem]: Drag cubes not found or cannot be read for part Part. Generating New drag cubes.
[LOG 18:15:14.100] [KSPCF/DragCubeGeneration] Creating drag cubes for part 'rcsTankRadialLong'
[LOG 18:15:14.104] PartLoader: Compiling Part 'Squad/Parts/FuelTank/RockomaxTanks/Rockomax16/Rockomax16_BW'
[LOG 18:15:14.107] PartLoader: Part 'Squad/Parts/FuelTank/RockomaxTanks/Rockomax16/Rockomax16_BW' has no database record. Creating.
[LOG 18:15:14.107] [DragCubeSystem]: Drag cubes not found or cannot be read for part Part. Generating New drag cubes.
[LOG 18:15:14.107] [KSPCF/DragCubeGeneration] Creating drag cubes for part 'Rockomax16.BW'
[LOG 18:15:14.111] PartLoader: Compiling Part 'Squad/Parts/FuelTank/RockomaxTanks/Rockomax32/Rockomax32_BW'
[LOG 18:15:14.115] PartLoader: Part 'Squad/Parts/FuelTank/RockomaxTanks/Rockomax32/Rockomax32_BW' has no database record. Creating.
[LOG 18:15:14.115] [DragCubeSystem]: Drag cubes not found or cannot be read for part Part. Generating New drag cubes.
[LOG 18:15:14.115] [KSPCF/DragCubeGeneration] Creating drag cubes for part 'Rockomax32.BW'
[LOG 18:15:14.130] PartLoader: Compiling Part 'Squad/Parts/FuelTank/RockomaxTanks/Rockomax64/Rockomax64_BW'
[LOG 18:15:14.133] PartLoader: Part 'Squad/Parts/FuelTank/RockomaxTanks/Rockomax64/Rockomax64_BW' has no database record. Creating.
[LOG 18:15:14.133] [DragCubeSystem]: Drag cubes not found or cannot be read for part Part. Generating New drag cubes.
[LOG 18:15:14.133] [KSPCF/DragCubeGeneration] Creating drag cubes for part 'Rockomax64.BW'
[LOG 18:15:14.143] PartLoader: Compiling Part 'Squad/Parts/FuelTank/RockomaxTanks/Rockomax8/Rockomax8BW'
[LOG 18:15:14.146] PartLoader: Part 'Squad/Parts/FuelTank/RockomaxTanks/Rockomax8/Rockomax8BW' has no database record. Creating.
[LOG 18:15:14.146] [DragCubeSystem]: Drag cubes not found or cannot be read for part Part. Generating New drag cubes.
[LOG 18:15:14.146] [KSPCF/DragCubeGeneration] Creating drag cubes for part 'Rockomax8BW'
[LOG 18:15:14.157] PartLoader: Compiling Part 'Squad/Parts/FuelTank/Size1_Tanks/fuelTankT100/fuelTankSmallFlat'
[LOG 18:15:14.160] PartLoader: Part 'Squad/Parts/FuelTank/Size1_Tanks/fuelTankT100/fuelTankSmallFlat' has no database record. Creating.
[LOG 18:15:14.160] [DragCubeSystem]: Drag cubes not found or cannot be read for part Part. Generating New drag cubes.
[LOG 18:15:14.160] [KSPCF/DragCubeGeneration] Creating drag cubes for part 'fuelTankSmallFlat'
[LOG 18:15:14.165] PartLoader: Compiling Part 'Squad/Parts/FuelTank/Size1_Tanks/fuelTankT200/fuelTankSmall'
[LOG 18:15:14.168] PartLoader: Part 'Squad/Parts/FuelTank/Size1_Tanks/fuelTankT200/fuelTankSmall' has no database record. Creating.
[LOG 18:15:14.168] [DragCubeSystem]: Drag cubes not found or cannot be read for part Part. Generating New drag cubes.
[LOG 18:15:14.168] [KSPCF/DragCubeGeneration] Creating drag cubes for part 'fuelTankSmall'
[LOG 18:15:14.172] PartLoader: Compiling Part 'Squad/Parts/FuelTank/Size1_Tanks/fuelTankT400/fuelTank'
[LOG 18:15:14.175] PartLoader: Part 'Squad/Parts/FuelTank/Size1_Tanks/fuelTankT400/fuelTank' has no database record. Creating.
[LOG 18:15:14.175] [DragCubeSystem]: Drag cubes not found or cannot be read for part Part. Generating New drag cubes.
[LOG 18:15:14.175] [KSPCF/DragCubeGeneration] Creating drag cubes for part 'fuelTank'
[LOG 18:15:14.180] PartLoader: Compiling Part 'Squad/Parts/FuelTank/Size1_Tanks/fuelTankT800/fuelTank_long'
[LOG 18:15:14.182] PartLoader: Part 'Squad/Parts/FuelTank/Size1_Tanks/fuelTankT800/fuelTank_long' has no database record. Creating.
[LOG 18:15:14.182] [DragCubeSystem]: Drag cubes not found or cannot be read for part Part. Generating New drag cubes.
[LOG 18:15:14.182] [KSPCF/DragCubeGeneration] Creating drag cubes for part 'fuelTank.long'
[LOG 18:15:14.188] PartLoader: Compiling Part 'Squad/Parts/FuelTank/Size3Tanks/large/Size3LargeTank'
[LOG 18:15:14.190] PartLoader: Part 'Squad/Parts/FuelTank/Size3Tanks/large/Size3LargeTank' has no database record. Creating.
[LOG 18:15:14.190] [DragCubeSystem]: Drag cubes not found or cannot be read for part Part. Generating New drag cubes.
[LOG 18:15:14.190] [KSPCF/DragCubeGeneration] Creating drag cubes for part 'Size3LargeTank'
[LOG 18:15:14.196] PartLoader: Compiling Part 'Squad/Parts/FuelTank/Size3Tanks/medium/Size3MediumTank'
[LOG 18:15:14.199] PartLoader: Part 'Squad/Parts/FuelTank/Size3Tanks/medium/Size3MediumTank' has no database record. Creating.
[LOG 18:15:14.199] [DragCubeSystem]: Drag cubes not found or cannot be read for part Part. Generating New drag cubes.
[LOG 18:15:14.199] [KSPCF/DragCubeGeneration] Creating drag cubes for part 'Size3MediumTank'
[LOG 18:15:14.204] PartLoader: Compiling Part 'Squad/Parts/FuelTank/Size3Tanks/small/Size3SmallTank'
[LOG 18:15:14.207] PartLoader: Part 'Squad/Parts/FuelTank/Size3Tanks/small/Size3SmallTank' has no database record. Creating.
[LOG 18:15:14.207] [DragCubeSystem]: Drag cubes not found or cannot be read for part Part. Generating New drag cubes.
[LOG 18:15:14.207] [KSPCF/DragCubeGeneration] Creating drag cubes for part 'Size3SmallTank'
[LOG 18:15:14.212] PartLoader: Compiling Part 'Squad/Parts/FuelTank/xenonTank/xenonTank/xenonTank'
[LOG 18:15:14.216] PartLoader: Part 'Squad/Parts/FuelTank/xenonTank/xenonTank/xenonTank' has no database record. Creating.
[LOG 18:15:14.216] [DragCubeSystem]: Drag cubes not found or cannot be read for part Part. Generating New drag cubes.
[LOG 18:15:14.216] [KSPCF/DragCubeGeneration] Creating drag cubes for part 'xenonTank'
[LOG 18:15:14.221] PartLoader: Compiling Part 'Squad/Parts/FuelTank/xenonTankLarge/xenonTankLarge/xenonTankLarge'
[LOG 18:15:14.225] PartLoader: Part 'Squad/Parts/FuelTank/xenonTankLarge/xenonTankLarge/xenonTankLarge' has no database record. Creating.
[LOG 18:15:14.225] [DragCubeSystem]: Drag cubes not found or cannot be read for part Part. Generating New drag cubes.
[LOG 18:15:14.225] [KSPCF/DragCubeGeneration] Creating drag cubes for part 'xenonTankLarge'
[LOG 18:15:14.229] PartLoader: Compiling Part 'Squad/Parts/FuelTank/xenonTankRadial/xenonTankRadial/xenonTankRadial'
[LOG 18:15:14.233] PartLoader: Part 'Squad/Parts/FuelTank/xenonTankRadial/xenonTankRadial/xenonTankRadial' has no database record. Creating.
[LOG 18:15:14.233] [DragCubeSystem]: Drag cubes not found or cannot be read for part Part. Generating New drag cubes.
[LOG 18:15:14.233] [KSPCF/DragCubeGeneration] Creating drag cubes for part 'xenonTankRadial'
[LOG 18:15:14.237] PartLoader: Compiling Part 'Squad/Parts/Misc/AsteroidDay/CamSat/InfraredTelescope'
[LOG 18:15:14.244] PartLoader: Part 'Squad/Parts/Misc/AsteroidDay/CamSat/InfraredTelescope' has no database record. Creating.
[LOG 18:15:14.244] [DragCubeSystem]: Drag cubes not found or cannot be read for part Part. Generating New drag cubes.
[LOG 18:15:14.244] [KSPCF/DragCubeGeneration] Creating drag cubes for part 'InfraredTelescope'
[LOG 18:15:14.249] PartLoader: Compiling Part 'Squad/Parts/Misc/AsteroidDay/HECS2/HECS2_ProbeCore'
[LOG 18:15:14.257] PartLoader: Part 'Squad/Parts/Misc/AsteroidDay/HECS2/HECS2_ProbeCore' has no database record. Creating.
[LOG 18:15:14.257] [DragCubeSystem]: Drag cubes not found or cannot be read for part Part. Generating New drag cubes.
[LOG 18:15:14.257] [KSPCF/DragCubeGeneration] Creating drag cubes for part 'HECS2.ProbeCore'
[LOG 18:15:14.262] PartLoader: Compiling Part 'Squad/Parts/Misc/AsteroidDay/HighGainAntenna/HighGainAntenna'
[LOG 18:15:14.271] PartLoader: Part 'Squad/Parts/Misc/AsteroidDay/HighGainAntenna/HighGainAntenna' has no database record. Creating.
[LOG 18:15:14.271] [DragCubeSystem]: Drag cubes not found or cannot be read for part Part. Generating New drag cubes.
[LOG 18:15:14.272] [KSPCF/DragCubeGeneration] Creating drag cubes for part 'HighGainAntenna'
[LOG 18:15:14.285] PartLoader: Compiling Part 'Squad/Parts/Misc/AsteroidDay/LgRadialSolar/LgRadialSolarPanel'
[LOG 18:15:14.290] PartLoader: Part 'Squad/Parts/Misc/AsteroidDay/LgRadialSolar/LgRadialSolarPanel' has no database record. Creating.
[LOG 18:15:14.290] [DragCubeSystem]: Drag cubes not found or cannot be read for part Part. Generating New drag cubes.
[LOG 18:15:14.290] [KSPCF/DragCubeGeneration] Creating drag cubes for part 'LgRadialSolarPanel'
[LOG 18:15:14.296] PartLoader: Compiling Part 'Squad/Parts/Misc/PotatoComet/part/PotatoComet'
[LOG 18:15:14.309] PartLoader: Part 'Squad/Parts/Misc/PotatoComet/part/PotatoComet' has no database record. Creating.
[LOG 18:15:14.309] PartLoader: Compiling Part 'Squad/Parts/Misc/PotatoRoid/part/PotatoRoid'
[LOG 18:15:14.322] PartLoader: Part 'Squad/Parts/Misc/PotatoRoid/part/PotatoRoid' has no database record. Creating.
[LOG 18:15:14.322] PartLoader: Compiling Part 'Squad/Parts/Prebuilt/flag/flag'
[LOG 18:15:14.326] PartLoader: Compiling Part 'Squad/Parts/Prebuilt/kerbalEVA/kerbalEVA'
[LOG 18:15:14.348] PartLoader: Compiling Part 'Squad/Parts/Prebuilt/kerbalEVAfemale/kerbalEVAfemale'
[LOG 18:15:14.354] PartLoader: Compiling Part 'Squad/Parts/Prebuilt/kerbalEVASlimSuit/kerbalEVASlimSuit'
[LOG 18:15:14.360] PartLoader: Compiling Part 'Squad/Parts/Prebuilt/kerbalEVASlimSuitFemale/kerbalEVASlimSuitFemale'
[LOG 18:15:14.365] PartLoader: Compiling Part 'Squad/Parts/Resources/FuelCell/FuelCell/FuelCell'
[LOG 18:15:14.373] PartLoader: Part 'Squad/Parts/Resources/FuelCell/FuelCell/FuelCell' has no database record. Creating.
[LOG 18:15:14.373] [DragCubeSystem]: Drag cubes not found or cannot be read for part Part. Generating New drag cubes.
[LOG 18:15:14.373] [KSPCF/DragCubeGeneration] Creating drag cubes for part 'FuelCell'
[LOG 18:15:14.379] PartLoader: Compiling Part 'Squad/Parts/Resources/FuelCell/FuelCellArray/FuelCellArray'
[LOG 18:15:14.383] PartLoader: Part 'Squad/Parts/Resources/FuelCell/FuelCellArray/FuelCellArray' has no database record. Creating.
[LOG 18:15:14.383] [DragCubeSystem]: Drag cubes not found or cannot be read for part Part. Generating New drag cubes.
[LOG 18:15:14.383] [KSPCF/DragCubeGeneration] Creating drag cubes for part 'FuelCellArray'
[LOG 18:15:14.388] PartLoader: Compiling Part 'Squad/Parts/Resources/ISRU/ISRU/ISRU'
[LOG 18:15:14.398] PartLoader: Part 'Squad/Parts/Resources/ISRU/ISRU/ISRU' has no database record. Creating.
[LOG 18:15:14.398] [DragCubeSystem]: Drag cubes not found or cannot be read for part Part. Generating New drag cubes.
[LOG 18:15:14.398] [KSPCF/DragCubeGeneration] Creating drag cubes for part 'ISRU'
[LOG 18:15:14.411] PartLoader: Compiling Part 'Squad/Parts/Resources/LargeTank/LargeTank/LargeTank'
[LOG 18:15:14.417] PartLoader: Part 'Squad/Parts/Resources/LargeTank/LargeTank/LargeTank' has no database record. Creating.
[LOG 18:15:14.417] [DragCubeSystem]: Drag cubes not found or cannot be read for part Part. Generating New drag cubes.
[LOG 18:15:14.417] [KSPCF/DragCubeGeneration] Creating drag cubes for part 'LargeTank'
[LOG 18:15:14.422] PartLoader: Compiling Part 'Squad/Parts/Resources/MiniDrill/MiniDrill/MiniDrill'
[LOG 18:15:14.452] PartLoader: Part 'Squad/Parts/Resources/MiniDrill/MiniDrill/MiniDrill' has no database record. Creating.
[LOG 18:15:14.452] [DragCubeSystem]: Drag cubes not found or cannot be read for part Part. Generating New drag cubes.
[LOG 18:15:14.452] [KSPCF/DragCubeGeneration] Creating drag cubes for part 'MiniDrill'
[LOG 18:15:14.475] PartLoader: Compiling Part 'Squad/Parts/Resources/MiniISRU/MiniISRU/MiniISRU'
[LOG 18:15:14.482] PartLoader: Part 'Squad/Parts/Resources/MiniISRU/MiniISRU/MiniISRU' has no database record. Creating.
[LOG 18:15:14.482] [DragCubeSystem]: Drag cubes not found or cannot be read for part Part. Generating New drag cubes.
[LOG 18:15:14.482] [KSPCF/DragCubeGeneration] Creating drag cubes for part 'MiniISRU'
[LOG 18:15:14.488] PartLoader: Compiling Part 'Squad/Parts/Resources/OrbitalScanner/OrbitalScanner/OrbitalScanner'
[LOG 18:15:14.498] PartLoader: Part 'Squad/Parts/Resources/OrbitalScanner/OrbitalScanner/OrbitalScanner' has no database record. Creating.
[LOG 18:15:14.499] [DragCubeSystem]: Drag cubes not found or cannot be read for part Part. Generating New drag cubes.
[LOG 18:15:14.499] [KSPCF/DragCubeGeneration] Creating drag cubes for part 'OrbitalScanner'
[LOG 18:15:14.511] PartLoader: Compiling Part 'Squad/Parts/Resources/RadialDrill/RadialDrill/RadialDrill'
[LOG 18:15:14.517] PartLoader: Part 'Squad/Parts/Resources/RadialDrill/RadialDrill/RadialDrill' has no database record. Creating.
[LOG 18:15:14.517] [DragCubeSystem]: Drag cubes not found or cannot be read for part Part. Generating New drag cubes.
[LOG 18:15:14.517] [KSPCF/DragCubeGeneration] Creating drag cubes for part 'RadialDrill'
[LOG 18:15:14.542] PartLoader: Compiling Part 'Squad/Parts/Resources/RadialTank/RadialTank/RadialOreTank'
[LOG 18:15:14.546] PartLoader: Part 'Squad/Parts/Resources/RadialTank/RadialTank/RadialOreTank' has no database record. Creating.
[LOG 18:15:14.546] [DragCubeSystem]: Drag cubes not found or cannot be read for part Part. Generating New drag cubes.
[LOG 18:15:14.546] [KSPCF/DragCubeGeneration] Creating drag cubes for part 'RadialOreTank'
[LOG 18:15:14.550] PartLoader: Compiling Part 'Squad/Parts/Resources/SmallTank/SmallTank/SmallTank'
[LOG 18:15:14.553] PartLoader: Part 'Squad/Parts/Resources/SmallTank/SmallTank/SmallTank' has no database record. Creating.
[LOG 18:15:14.553] [DragCubeSystem]: Drag cubes not found or cannot be read for part Part. Generating New drag cubes.
[LOG 18:15:14.553] [KSPCF/DragCubeGeneration] Creating drag cubes for part 'SmallTank'
[LOG 18:15:14.557] PartLoader: Compiling Part 'Squad/Parts/Resources/SurfaceScanner/SurfaceScanner/SurfaceScanner'
[LOG 18:15:14.582] PartLoader: Part 'Squad/Parts/Resources/SurfaceScanner/SurfaceScanner/SurfaceScanner' has no database record. Creating.
[LOG 18:15:14.582] [DragCubeSystem]: Drag cubes not found or cannot be read for part Part. Generating New drag cubes.
[LOG 18:15:14.582] [KSPCF/DragCubeGeneration] Creating drag cubes for part 'SurfaceScanner'
[LOG 18:15:14.587] PartLoader: Compiling Part 'Squad/Parts/Resources/SurveyScanner/SurveyScanner/SurveyScanner'
[LOG 18:15:14.596] PartLoader: Part 'Squad/Parts/Resources/SurveyScanner/SurveyScanner/SurveyScanner' has no database record. Creating.
[LOG 18:15:14.596] [DragCubeSystem]: Drag cubes not found or cannot be read for part Part. Generating New drag cubes.
[LOG 18:15:14.596] [KSPCF/DragCubeGeneration] Creating drag cubes for part 'SurveyScanner'
[LOG 18:15:14.607] PartLoader: Compiling Part 'Squad/Parts/Science/AtmosphereSensor/sensorAtmosphere/sensorAtmosphere'
[LOG 18:15:14.610] PartLoader: Part 'Squad/Parts/Science/AtmosphereSensor/sensorAtmosphere/sensorAtmosphere' has no database record. Creating.
[LOG 18:15:14.611] [DragCubeSystem]: Drag cubes not found or cannot be read for part Part. Generating New drag cubes.
[LOG 18:15:14.611] [KSPCF/DragCubeGeneration] Creating drag cubes for part 'sensorAtmosphere'
[LOG 18:15:14.615] PartLoader: Compiling Part 'Squad/Parts/Science/GooExperiment/gooExperiment/GooExperiment'
[LOG 18:15:14.618] PartLoader: Part 'Squad/Parts/Science/GooExperiment/gooExperiment/GooExperiment' has no database record. Creating.
[LOG 18:15:14.618] [DragCubeSystem]: Drag cubes not found or cannot be read for part Part. Generating New drag cubes.
[LOG 18:15:14.618] [KSPCF/DragCubeGeneration] Creating drag cubes for part 'GooExperiment'
[LOG 18:15:14.630] PartLoader: Compiling Part 'Squad/Parts/Science/LargeCrewedLab/largeCrewedLab/Large_Crewed_Lab'
[LOG 18:15:14.646] PartLoader: Part 'Squad/Parts/Science/LargeCrewedLab/largeCrewedLab/Large_Crewed_Lab' has no database record. Creating.
[LOG 18:15:14.646] [DragCubeSystem]: Drag cubes not found or cannot be read for part Part. Generating New drag cubes.
[LOG 18:15:14.647] [KSPCF/DragCubeGeneration] Creating drag cubes for part 'Large.Crewed.Lab'
[LOG 18:15:14.653] PartLoader: Compiling Part 'Squad/Parts/Science/Magnetometer/Magnetometer/Magnetometer'
[LOG 18:15:14.669] PartLoader: Part 'Squad/Parts/Science/Magnetometer/Magnetometer/Magnetometer' has no database record. Creating.
[LOG 18:15:14.669] [DragCubeSystem]: Drag cubes not found or cannot be read for part Part. Generating New drag cubes.
[LOG 18:15:14.669] [KSPCF/DragCubeGeneration] Creating drag cubes for part 'Magnetometer'
[LOG 18:15:14.684] PartLoader: Compiling Part 'Squad/Parts/Science/MaterialBay/materialBay/science_module'
[LOG 18:15:14.689] PartLoader: Part 'Squad/Parts/Science/MaterialBay/materialBay/science_module' has no database record. Creating.
[LOG 18:15:14.689] [DragCubeSystem]: Drag cubes not found or cannot be read for part Part. Generating New drag cubes.
[LOG 18:15:14.689] [KSPCF/DragCubeGeneration] Creating drag cubes for part 'science.module'
[LOG 18:15:14.701] PartLoader: Compiling Part 'Squad/Parts/Science/ScienceBox/ScienceBox/ScienceBox'
[LOG 18:15:14.704] PartLoader: Part 'Squad/Parts/Science/ScienceBox/ScienceBox/ScienceBox' has no database record. Creating.
[LOG 18:15:14.704] [DragCubeSystem]: Drag cubes not found or cannot be read for part Part. Generating New drag cubes.
[LOG 18:15:14.704] [KSPCF/DragCubeGeneration] Creating drag cubes for part 'ScienceBox'
[LOG 18:15:14.709] PartLoader: Compiling Part 'Squad/Parts/Science/sensorAccelerometer/sensorAccelerometer/sensorAccelerometer'
[LOG 18:15:14.715] PartLoader: Part 'Squad/Parts/Science/sensorAccelerometer/sensorAccelerometer/sensorAccelerometer' has no database record. Creating.
[LOG 18:15:14.715] [DragCubeSystem]: Drag cubes not found or cannot be read for part Part. Generating New drag cubes.
[LOG 18:15:14.715] [KSPCF/DragCubeGeneration] Creating drag cubes for part 'sensorAccelerometer'
[LOG 18:15:14.720] PartLoader: Compiling Part 'Squad/Parts/Science/sensorBarometer/sensorBarometer/sensorBarometer'
[LOG 18:15:14.724] PartLoader: Part 'Squad/Parts/Science/sensorBarometer/sensorBarometer/sensorBarometer' has no database record. Creating.
[LOG 18:15:14.724] [DragCubeSystem]: Drag cubes not found or cannot be read for part Part. Generating New drag cubes.
[LOG 18:15:14.724] [KSPCF/DragCubeGeneration] Creating drag cubes for part 'sensorBarometer'
[LOG 18:15:14.729] PartLoader: Compiling Part 'Squad/Parts/Science/sensorGravimeter/sensorGravimeter/sensorGravimeter'
[LOG 18:15:14.733] PartLoader: Part 'Squad/Parts/Science/sensorGravimeter/sensorGravimeter/sensorGravimeter' has no database record. Creating.
[LOG 18:15:14.733] [DragCubeSystem]: Drag cubes not found or cannot be read for part Part. Generating New drag cubes.
[LOG 18:15:14.733] [KSPCF/DragCubeGeneration] Creating drag cubes for part 'sensorGravimeter'
[LOG 18:15:14.738] PartLoader: Compiling Part 'Squad/Parts/Science/sensorThermometer/sensorThermometer/sensorThermometer'
[LOG 18:15:14.742] PartLoader: Part 'Squad/Parts/Science/sensorThermometer/sensorThermometer/sensorThermometer' has no database record. Creating.
[LOG 18:15:14.742] [DragCubeSystem]: Drag cubes not found or cannot be read for part Part. Generating New drag cubes.
[LOG 18:15:14.742] [KSPCF/DragCubeGeneration] Creating drag cubes for part 'sensorThermometer'
[LOG 18:15:14.746] PartLoader: Compiling Part 'Squad/Parts/Structural/FLAdapters/adapterSmallMiniShort/adapterSmallMiniShort'
[LOG 18:15:14.750] PartLoader: Part 'Squad/Parts/Structural/FLAdapters/adapterSmallMiniShort/adapterSmallMiniShort' has no database record. Creating.
[LOG 18:15:14.750] [DragCubeSystem]: Drag cubes not found or cannot be read for part Part. Generating New drag cubes.
[LOG 18:15:14.750] [KSPCF/DragCubeGeneration] Creating drag cubes for part 'adapterSmallMiniShort'
[LOG 18:15:14.754] PartLoader: Compiling Part 'Squad/Parts/Structural/FLAdapters/adapterSmallMiniTall/adapterSmallMiniTall'
[LOG 18:15:14.757] PartLoader: Part 'Squad/Parts/Structural/FLAdapters/adapterSmallMiniTall/adapterSmallMiniTall' has no database record. Creating.
[LOG 18:15:14.757] [DragCubeSystem]: Drag cubes not found or cannot be read for part Part. Generating New drag cubes.
[LOG 18:15:14.757] [KSPCF/DragCubeGeneration] Creating drag cubes for part 'adapterSmallMiniTall'
[LOG 18:15:14.761] PartLoader: Compiling Part 'Squad/Parts/Structural/mk1Parts/engineBodyRadial/radialEngineBody'
[LOG 18:15:14.764] PartLoader: Part 'Squad/Parts/Structural/mk1Parts/engineBodyRadial/radialEngineBody' has no database record. Creating.
[LOG 18:15:14.765] [DragCubeSystem]: Drag cubes not found or cannot be read for part Part. Generating New drag cubes.
[LOG 18:15:14.765] [KSPCF/DragCubeGeneration] Creating drag cubes for part 'radialEngineBody'
[LOG 18:15:14.770] PartLoader: Compiling Part 'Squad/Parts/Structural/mk1Parts/engineNacelle/nacelleBody'
[LOG 18:15:14.774] PartLoader: Part 'Squad/Parts/Structural/mk1Parts/engineNacelle/nacelleBody' has no database record. Creating.
[LOG 18:15:14.774] [DragCubeSystem]: Drag cubes not found or cannot be read for part Part. Generating New drag cubes.
[LOG 18:15:14.774] [KSPCF/DragCubeGeneration] Creating drag cubes for part 'nacelleBody'
[LOG 18:15:14.779] PartLoader: Compiling Part 'Squad/Parts/Structural/mk1Parts/mk1Fuselage/MK1Fuselage'
[LOG 18:15:14.781] PartLoader: Part 'Squad/Parts/Structural/mk1Parts/mk1Fuselage/MK1Fuselage' has no database record. Creating.
[LOG 18:15:14.781] [DragCubeSystem]: Drag cubes not found or cannot be read for part Part. Generating New drag cubes.
[LOG 18:15:14.781] [KSPCF/DragCubeGeneration] Creating drag cubes for part 'MK1Fuselage'
[LOG 18:15:14.785] PartLoader: Compiling Part 'Squad/Parts/Structural/mk1Parts/mk1FuselageIntake/MK1IntakeFuselage'
[LOG 18:15:14.788] PartLoader: Part 'Squad/Parts/Structural/mk1Parts/mk1FuselageIntake/MK1IntakeFuselage' has no database record. Creating.
[LOG 18:15:14.788] [DragCubeSystem]: Drag cubes not found or cannot be read for part Part. Generating New drag cubes.
[LOG 18:15:14.788] [KSPCF/DragCubeGeneration] Creating drag cubes for part 'MK1IntakeFuselage'
[LOG 18:15:14.792] PartLoader: Compiling Part 'Squad/Parts/Structural/mk1Parts/mk1Structural/Mk1FuselageStructural'
[LOG 18:15:14.795] PartLoader: Part 'Squad/Parts/Structural/mk1Parts/mk1Structural/Mk1FuselageStructural' has no database record. Creating.
[LOG 18:15:14.795] PartLoader: Compiling Part 'Squad/Parts/Structural/Size3To2Adapter_v2/Size2to3_v2/Size3To2Adapter_v2'
[LOG 18:15:14.797] PartLoader: Part 'Squad/Parts/Structural/Size3To2Adapter_v2/Size2to3_v2/Size3To2Adapter_v2' has no database record. Creating.
[LOG 18:15:14.798] PartLoader: Compiling Part 'Squad/Parts/Structural/stackAdapters/adapterLargeSmallBi/adapterLargeSmallBi'
[LOG 18:15:14.800] PartLoader: Part 'Squad/Parts/Structural/stackAdapters/adapterLargeSmallBi/adapterLargeSmallBi' has no database record. Creating.
[LOG 18:15:14.801] [DragCubeSystem]: Drag cubes not found or cannot be read for part Part. Generating New drag cubes.
[LOG 18:15:14.801] [KSPCF/DragCubeGeneration] Creating drag cubes for part 'adapterLargeSmallBi'
[LOG 18:15:14.806] PartLoader: Compiling Part 'Squad/Parts/Structural/stackAdapters/adapterLargeSmallQuad/adapterLargeSmallQuad'
[LOG 18:15:14.813] PartLoader: Part 'Squad/Parts/Structural/stackAdapters/adapterLargeSmallQuad/adapterLargeSmallQuad' has no database record. Creating.
[LOG 18:15:14.814] [DragCubeSystem]: Drag cubes not found or cannot be read for part Part. Generating New drag cubes.
[LOG 18:15:14.814] [KSPCF/DragCubeGeneration] Creating drag cubes for part 'adapterLargeSmallQuad'
[LOG 18:15:14.818] PartLoader: Compiling Part 'Squad/Parts/Structural/stackAdapters/adapterLargeSmallTri/adapterLargeSmallTri'
[LOG 18:15:14.822] PartLoader: Part 'Squad/Parts/Structural/stackAdapters/adapterLargeSmallTri/adapterLargeSmallTri' has no database record. Creating.
[LOG 18:15:14.822] [DragCubeSystem]: Drag cubes not found or cannot be read for part Part. Generating New drag cubes.
[LOG 18:15:14.822] [KSPCF/DragCubeGeneration] Creating drag cubes for part 'adapterLargeSmallTri'
[LOG 18:15:14.827] PartLoader: Compiling Part 'Squad/Parts/Structural/stationHub/stationHub/stationHub'
[LOG 18:15:14.830] PartLoader: Part 'Squad/Parts/Structural/stationHub/stationHub/stationHub' has no database record. Creating.
[LOG 18:15:14.830] [DragCubeSystem]: Drag cubes not found or cannot be read for part Part. Generating New drag cubes.
[LOG 18:15:14.830] [KSPCF/DragCubeGeneration] Creating drag cubes for part 'stationHub'
[LOG 18:15:14.835] PartLoader: Compiling Part 'Squad/Parts/Structural/structuralIBeam200/structuralIBeam200/structuralIBeam2'
[LOG 18:15:14.838] PartLoader: Part 'Squad/Parts/Structural/structuralIBeam200/structuralIBeam200/structuralIBeam2' has no database record. Creating.
[LOG 18:15:14.838] [DragCubeSystem]: Drag cubes not found or cannot be read for part Part. Generating New drag cubes.
[LOG 18:15:14.839] [KSPCF/DragCubeGeneration] Creating drag cubes for part 'structuralIBeam2'
[LOG 18:15:14.843] PartLoader: Compiling Part 'Squad/Parts/Structural/structuralIBeam200Pocket/structuralIBeam200Pocket/structuralIBeam3'
[LOG 18:15:14.847] PartLoader: Part 'Squad/Parts/Structural/structuralIBeam200Pocket/structuralIBeam200Pocket/structuralIBeam3' has no database record. Creating.
[LOG 18:15:14.848] [DragCubeSystem]: Drag cubes not found or cannot be read for part Part. Generating New drag cubes.
[LOG 18:15:14.848] [KSPCF/DragCubeGeneration] Creating drag cubes for part 'structuralIBeam3'
[LOG 18:15:14.851] PartLoader: Compiling Part 'Squad/Parts/Structural/structuralIBeam650/structuralIBeam650/structuralIBeam1'
[LOG 18:15:14.855] PartLoader: Part 'Squad/Parts/Structural/structuralIBeam650/structuralIBeam650/structuralIBeam1' has no database record. Creating.
[LOG 18:15:14.855] [DragCubeSystem]: Drag cubes not found or cannot be read for part Part. Generating New drag cubes.
[LOG 18:15:14.855] [KSPCF/DragCubeGeneration] Creating drag cubes for part 'structuralIBeam1'
[LOG 18:15:14.858] PartLoader: Compiling Part 'Squad/Parts/Structural/structuralMicronode/structuralMicronode/structuralMiniNode'
[LOG 18:15:14.862] PartLoader: Part 'Squad/Parts/Structural/structuralMicronode/structuralMicronode/structuralMiniNode' has no database record. Creating.
[LOG 18:15:14.862] [DragCubeSystem]: Drag cubes not found or cannot be read for part Part. Generating New drag cubes.
[LOG 18:15:14.862] [KSPCF/DragCubeGeneration] Creating drag cubes for part 'structuralMiniNode'
[LOG 18:15:14.866] PartLoader: Compiling Part 'Squad/Parts/Structural/structuralPanel1x1/structuralPanel1x1/structuralPanel1'
[LOG 18:15:14.869] PartLoader: Part 'Squad/Parts/Structural/structuralPanel1x1/structuralPanel1x1/structuralPanel1' has no database record. Creating.
[LOG 18:15:14.869] [DragCubeSystem]: Drag cubes not found or cannot be read for part Part. Generating New drag cubes.
[LOG 18:15:14.869] [KSPCF/DragCubeGeneration] Creating drag cubes for part 'structuralPanel1'
[LOG 18:15:14.878] PartLoader: Compiling Part 'Squad/Parts/Structural/structuralPanel2x2/structuralPanel2x2/structuralPanel2'
[LOG 18:15:14.883] PartLoader: Part 'Squad/Parts/Structural/structuralPanel2x2/structuralPanel2x2/structuralPanel2' has no database record. Creating.
[LOG 18:15:14.883] [DragCubeSystem]: Drag cubes not found or cannot be read for part Part. Generating New drag cubes.
[LOG 18:15:14.883] [KSPCF/DragCubeGeneration] Creating drag cubes for part 'structuralPanel2'
[LOG 18:15:14.887] PartLoader: Compiling Part 'Squad/Parts/Structural/structuralPylons/smallHardpoint/smallHardpoint'
[LOG 18:15:14.895] PartLoader: Part 'Squad/Parts/Structural/structuralPylons/smallHardpoint/smallHardpoint' has no database record. Creating.
[LOG 18:15:14.895] [DragCubeSystem]: Drag cubes not found or cannot be read for part Part. Generating New drag cubes.
[LOG 18:15:14.895] [KSPCF/DragCubeGeneration] Creating drag cubes for part 'smallHardpoint'
[LOG 18:15:14.899] PartLoader: Compiling Part 'Squad/Parts/Structural/structuralPylons/structuralPylon/structuralPylon'
[LOG 18:15:14.904] PartLoader: Part 'Squad/Parts/Structural/structuralPylons/structuralPylon/structuralPylon' has no database record. Creating.
[LOG 18:15:14.904] [DragCubeSystem]: Drag cubes not found or cannot be read for part Part. Generating New drag cubes.
[LOG 18:15:14.905] [KSPCF/DragCubeGeneration] Creating drag cubes for part 'structuralPylon'
[LOG 18:15:14.913] PartLoader: Compiling Part 'Squad/Parts/Structural/strutCubicOcto/strutCubicOcto/strutCube'
[LOG 18:15:14.918] PartLoader: Part 'Squad/Parts/Structural/strutCubicOcto/strutCubicOcto/strutCube' has no database record. Creating.
[LOG 18:15:14.919] [DragCubeSystem]: Drag cubes not found or cannot be read for part Part. Generating New drag cubes.
[LOG 18:15:14.919] [KSPCF/DragCubeGeneration] Creating drag cubes for part 'strutCube'
[LOG 18:15:14.923] PartLoader: Compiling Part 'Squad/Parts/Structural/strutOcto/strutOcto/strutOcto'
[LOG 18:15:14.927] PartLoader: Part 'Squad/Parts/Structural/strutOcto/strutOcto/strutOcto' has no database record. Creating.
[LOG 18:15:14.927] [DragCubeSystem]: Drag cubes not found or cannot be read for part Part. Generating New drag cubes.
[LOG 18:15:14.927] [KSPCF/DragCubeGeneration] Creating drag cubes for part 'strutOcto'
[LOG 18:15:14.931] PartLoader: Compiling Part 'Squad/Parts/Structural/trussGirderAdapter/trussGirderAdapter/trussAdapter'
[LOG 18:15:14.934] PartLoader: Part 'Squad/Parts/Structural/trussGirderAdapter/trussGirderAdapter/trussAdapter' has no database record. Creating.
[LOG 18:15:14.934] [DragCubeSystem]: Drag cubes not found or cannot be read for part Part. Generating New drag cubes.
[LOG 18:15:14.934] [KSPCF/DragCubeGeneration] Creating drag cubes for part 'trussAdapter'
[LOG 18:15:14.939] PartLoader: Compiling Part 'Squad/Parts/Structural/trussGirderL/trussGirderL/trussPiece1x'
[LOG 18:15:14.946] PartLoader: Part 'Squad/Parts/Structural/trussGirderL/trussGirderL/trussPiece1x' has no database record. Creating.
[LOG 18:15:14.947] [DragCubeSystem]: Drag cubes not found or cannot be read for part Part. Generating New drag cubes.
[LOG 18:15:14.947] [KSPCF/DragCubeGeneration] Creating drag cubes for part 'trussPiece1x'
[LOG 18:15:14.951] PartLoader: Compiling Part 'Squad/Parts/Structural/trussGirderXL/trussGirderXL/trussPiece3x'
[LOG 18:15:14.956] PartLoader: Part 'Squad/Parts/Structural/trussGirderXL/trussGirderXL/trussPiece3x' has no database record. Creating.
[LOG 18:15:14.956] [DragCubeSystem]: Drag cubes not found or cannot be read for part Part. Generating New drag cubes.
[LOG 18:15:14.956] [KSPCF/DragCubeGeneration] Creating drag cubes for part 'trussPiece3x'
[LOG 18:15:14.961] PartLoader: Compiling Part 'Squad/Parts/Thermal/FoldingRadiators/foldingRadLarge/foldingRadLarge'
[LOG 18:15:14.978] PartLoader: Part 'Squad/Parts/Thermal/FoldingRadiators/foldingRadLarge/foldingRadLarge' has no database record. Creating.
[LOG 18:15:14.990] PartLoader: Compiling Part 'Squad/Parts/Thermal/FoldingRadiators/foldingRadMed/foldingRadMed'
[LOG 18:15:14.999] PartLoader: Part 'Squad/Parts/Thermal/FoldingRadiators/foldingRadMed/foldingRadMed' has no database record. Creating.
[LOG 18:15:15.001] PartLoader: Compiling Part 'Squad/Parts/Thermal/FoldingRadiators/foldingRadSmall/foldingRadSmall'
[LOG 18:15:15.005] PartLoader: Part 'Squad/Parts/Thermal/FoldingRadiators/foldingRadSmall/foldingRadSmall' has no database record. Creating.
[LOG 18:15:15.006] PartLoader: Compiling Part 'Squad/Parts/Thermal/RadiatorPanels/radPanelEdge/radPanelEdge'
[LOG 18:15:15.009] PartLoader: Part 'Squad/Parts/Thermal/RadiatorPanels/radPanelEdge/radPanelEdge' has no database record. Creating.
[LOG 18:15:15.009] [DragCubeSystem]: Drag cubes not found or cannot be read for part Part. Generating New drag cubes.
[LOG 18:15:15.009] [KSPCF/DragCubeGeneration] Creating drag cubes for part 'radPanelEdge'
[LOG 18:15:15.013] PartLoader: Compiling Part 'Squad/Parts/Thermal/RadiatorPanels/radPanelLg/radPanelLg'
[LOG 18:15:15.019] PartLoader: Part 'Squad/Parts/Thermal/RadiatorPanels/radPanelLg/radPanelLg' has no database record. Creating.
[LOG 18:15:15.019] [DragCubeSystem]: Drag cubes not found or cannot be read for part Part. Generating New drag cubes.
[LOG 18:15:15.019] [KSPCF/DragCubeGeneration] Creating drag cubes for part 'radPanelLg'
[LOG 18:15:15.024] PartLoader: Compiling Part 'Squad/Parts/Thermal/RadiatorPanels/radPanelSm/radPanelSm'
[LOG 18:15:15.028] PartLoader: Part 'Squad/Parts/Thermal/RadiatorPanels/radPanelSm/radPanelSm' has no database record. Creating.
[LOG 18:15:15.028] [DragCubeSystem]: Drag cubes not found or cannot be read for part Part. Generating New drag cubes.
[LOG 18:15:15.028] [KSPCF/DragCubeGeneration] Creating drag cubes for part 'radPanelSm'
[LOG 18:15:15.034] PartLoader: Compiling Part 'Squad/Parts/Utility/commDish88-88/commDish88-88/commDish'
[LOG 18:15:15.042] PartLoader: Part 'Squad/Parts/Utility/commDish88-88/commDish88-88/commDish' has no database record. Creating.
[LOG 18:15:15.042] [DragCubeSystem]: Drag cubes not found or cannot be read for part Part. Generating New drag cubes.
[LOG 18:15:15.042] [KSPCF/DragCubeGeneration] Creating drag cubes for part 'commDish'
[LOG 18:15:15.060] PartLoader: Compiling Part 'Squad/Parts/Utility/commsAntennaDTS-M1/commsAntennaDTS-M1/mediumDishAntenna'
[LOG 18:15:15.065] PartLoader: Part 'Squad/Parts/Utility/commsAntennaDTS-M1/commsAntennaDTS-M1/mediumDishAntenna' has no database record. Creating.
[LOG 18:15:15.065] [DragCubeSystem]: Drag cubes not found or cannot be read for part Part. Generating New drag cubes.
[LOG 18:15:15.065] [KSPCF/DragCubeGeneration] Creating drag cubes for part 'mediumDishAntenna'
[LOG 18:15:15.079] PartLoader: Compiling Part 'Squad/Parts/Utility/commsDish16/commsAntenna16/longAntenna'
[LOG 18:15:15.084] PartLoader: Part 'Squad/Parts/Utility/commsDish16/commsAntenna16/longAntenna' has no database record. Creating.
[LOG 18:15:15.084] [DragCubeSystem]: Drag cubes not found or cannot be read for part Part. Generating New drag cubes.
[LOG 18:15:15.084] [KSPCF/DragCubeGeneration] Creating drag cubes for part 'longAntenna'
[LOG 18:15:15.096] PartLoader: Compiling Part 'Squad/Parts/Utility/decouplerRadialHDM/decouplerRadialHDM/radialDecoupler1-2'
[LOG 18:15:15.103] PartLoader: Part 'Squad/Parts/Utility/decouplerRadialHDM/decouplerRadialHDM/radialDecoupler1-2' has no database record. Creating.
[LOG 18:15:15.103] [DragCubeSystem]: Drag cubes not found or cannot be read for part Part. Generating New drag cubes.
[LOG 18:15:15.103] [KSPCF/DragCubeGeneration] Creating drag cubes for part 'radialDecoupler1-2'
[LOG 18:15:15.108] PartLoader: Compiling Part 'Squad/Parts/Utility/decouplerRadialTT-38K/decouplerRadialTT-38K/radialDecoupler'
[LOG 18:15:15.112] PartLoader: Part 'Squad/Parts/Utility/decouplerRadialTT-38K/decouplerRadialTT-38K/radialDecoupler' has no database record. Creating.
[LOG 18:15:15.112] [DragCubeSystem]: Drag cubes not found or cannot be read for part Part. Generating New drag cubes.
[LOG 18:15:15.112] [KSPCF/DragCubeGeneration] Creating drag cubes for part 'radialDecoupler'
[LOG 18:15:15.117] PartLoader: Compiling Part 'Squad/Parts/Utility/decouplerRadialTT-70/decouplerRadialTT-70/radialDecoupler2'
[LOG 18:15:15.123] PartLoader: Part 'Squad/Parts/Utility/decouplerRadialTT-70/decouplerRadialTT-70/radialDecoupler2' has no database record. Creating.
[LOG 18:15:15.123] [DragCubeSystem]: Drag cubes not found or cannot be read for part Part. Generating New drag cubes.
[LOG 18:15:15.123] [KSPCF/DragCubeGeneration] Creating drag cubes for part 'radialDecoupler2'
[LOG 18:15:15.129] PartLoader: Compiling Part 'Squad/Parts/Utility/DirectAntennas/C16S/SurfAntenna'
[LOG 18:15:15.135] PartLoader: Part 'Squad/Parts/Utility/DirectAntennas/C16S/SurfAntenna' has no database record. Creating.
[LOG 18:15:15.135] [DragCubeSystem]: Drag cubes not found or cannot be read for part Part. Generating New drag cubes.
[LOG 18:15:15.135] [KSPCF/DragCubeGeneration] Creating drag cubes for part 'SurfAntenna'
[LOG 18:15:15.140] PartLoader: Compiling Part 'Squad/Parts/Utility/DirectAntennas/HG-5/HighGainAntenna5'
[LOG 18:15:15.144] PartLoader: Part 'Squad/Parts/Utility/DirectAntennas/HG-5/HighGainAntenna5' has no database record. Creating.
[LOG 18:15:15.144] [DragCubeSystem]: Drag cubes not found or cannot be read for part Part. Generating New drag cubes.
[LOG 18:15:15.144] [KSPCF/DragCubeGeneration] Creating drag cubes for part 'HighGainAntenna5'
[LOG 18:15:15.159] PartLoader: Compiling Part 'Squad/Parts/Utility/DirectAntennas/HG-5_v2/HighGainAntenna5_v2'
[LOG 18:15:15.165] PartLoader: Part 'Squad/Parts/Utility/DirectAntennas/HG-5_v2/HighGainAntenna5_v2' has no database record. Creating.
[LOG 18:15:15.165] [DragCubeSystem]: Drag cubes not found or cannot be read for part Part. Generating New drag cubes.
[LOG 18:15:15.165] [KSPCF/DragCubeGeneration] Creating drag cubes for part 'HighGainAntenna5.v2'
[LOG 18:15:15.181] PartLoader: Compiling Part 'Squad/Parts/Utility/dockingPort/dockingPort/dockingPort2'
[LOG 18:15:15.192] PartLoader: Part 'Squad/Parts/Utility/dockingPort/dockingPort/dockingPort2' has no database record. Creating.
[LOG 18:15:15.193] [DragCubeSystem]: Drag cubes not found or cannot be read for part Part. Generating New drag cubes.
[LOG 18:15:15.193] [KSPCF/DragCubeGeneration] Creating drag cubes for part 'dockingPort2'
[LOG 18:15:15.198] PartLoader: Compiling Part 'Squad/Parts/Utility/dockingPortInline/dockingPortInline/dockingPortLateral'
[LOG 18:15:15.204] PartLoader: Part 'Squad/Parts/Utility/dockingPortInline/dockingPortInline/dockingPortLateral' has no database record. Creating.
[LOG 18:15:15.204] [DragCubeSystem]: Drag cubes not found or cannot be read for part Part. Generating New drag cubes.
[LOG 18:15:15.204] [KSPCF/DragCubeGeneration] Creating drag cubes for part 'dockingPortLateral'
[LOG 18:15:15.217] PartLoader: Compiling Part 'Squad/Parts/Utility/dockingPortJr/dockingPortJr/dockingPort3'
[LOG 18:15:15.225] PartLoader: Part 'Squad/Parts/Utility/dockingPortJr/dockingPortJr/dockingPort3' has no database record. Creating.
[LOG 18:15:15.225] [DragCubeSystem]: Drag cubes not found or cannot be read for part Part. Generating New drag cubes.
[LOG 18:15:15.225] [KSPCF/DragCubeGeneration] Creating drag cubes for part 'dockingPort3'
[LOG 18:15:15.230] PartLoader: Compiling Part 'Squad/Parts/Utility/dockingPortShielded/dockingPortShielded/dockingPort1'
[LOG 18:15:15.237] PartLoader: Part 'Squad/Parts/Utility/dockingPortShielded/dockingPortShielded/dockingPort1' has no database record. Creating.
[LOG 18:15:15.237] [DragCubeSystem]: Drag cubes not found or cannot be read for part Part. Generating New drag cubes.
[LOG 18:15:15.237] [KSPCF/DragCubeGeneration] Creating drag cubes for part 'dockingPort1'
[LOG 18:15:15.249] PartLoader: Compiling Part 'Squad/Parts/Utility/dockingPortSr/dockingPortSr/dockingPortLarge'
[LOG 18:15:15.254] PartLoader: Part 'Squad/Parts/Utility/dockingPortSr/dockingPortSr/dockingPortLarge' has no database record. Creating.
[LOG 18:15:15.254] [DragCubeSystem]: Drag cubes not found or cannot be read for part Part. Generating New drag cubes.
[LOG 18:15:15.254] [KSPCF/DragCubeGeneration] Creating drag cubes for part 'dockingPortLarge'
[LOG 18:15:15.258] PartLoader: Compiling Part 'Squad/Parts/Utility/Fireworks/fireworksLauncherBig/fireworksLauncherBig'
[LOG 18:15:15.273] PartLoader: Part 'Squad/Parts/Utility/Fireworks/fireworksLauncherBig/fireworksLauncherBig' has no database record. Creating.
[LOG 18:15:15.273] [DragCubeSystem]: Drag cubes not found or cannot be read for part Part. Generating New drag cubes.
[LOG 18:15:15.273] [KSPCF/DragCubeGeneration] Creating drag cubes for part 'fireworksLauncherBig'
[LOG 18:15:15.278] PartLoader: Compiling Part 'Squad/Parts/Utility/Fireworks/fireworksLauncherSmall/fireworksLauncherSmall'
[LOG 18:15:15.286] PartLoader: Part 'Squad/Parts/Utility/Fireworks/fireworksLauncherSmall/fireworksLauncherSmall' has no database record. Creating.
[LOG 18:15:15.286] [DragCubeSystem]: Drag cubes not found or cannot be read for part Part. Generating New drag cubes.
[LOG 18:15:15.286] [KSPCF/DragCubeGeneration] Creating drag cubes for part 'fireworksLauncherSmall'
[LOG 18:15:15.290] PartLoader: Compiling Part 'Squad/Parts/Utility/flags/flagFlat/flagFlat/flagPartFlat'
[LOG 18:15:15.299] PartLoader: Part 'Squad/Parts/Utility/flags/flagFlat/flagFlat/flagPartFlat' has no database record. Creating.
[LOG 18:15:15.299] [DragCubeSystem]: Drag cubes not found or cannot be read for part Part. Generating New drag cubes.
[LOG 18:15:15.299] [KSPCF/DragCubeGeneration] Creating drag cubes for part 'flagPartFlat'
[LOG 18:15:15.303] PartLoader: Compiling Part 'Squad/Parts/Utility/flags/flagSize0/flagSize0/flagPartSize0'
[LOG 18:15:15.309] PartLoader: Part 'Squad/Parts/Utility/flags/flagSize0/flagSize0/flagPartSize0' has no database record. Creating.
[LOG 18:15:15.309] [DragCubeSystem]: Drag cubes not found or cannot be read for part Part. Generating New drag cubes.
[LOG 18:15:15.309] [KSPCF/DragCubeGeneration] Creating drag cubes for part 'flagPartSize0'
[LOG 18:15:15.312] PartLoader: Compiling Part 'Squad/Parts/Utility/flags/flagSize1/flagSize1/flagPartSize1'
[LOG 18:15:15.318] PartLoader: Part 'Squad/Parts/Utility/flags/flagSize1/flagSize1/flagPartSize1' has no database record. Creating.
[LOG 18:15:15.318] [DragCubeSystem]: Drag cubes not found or cannot be read for part Part. Generating New drag cubes.
[LOG 18:15:15.319] [KSPCF/DragCubeGeneration] Creating drag cubes for part 'flagPartSize1'
[LOG 18:15:15.323] PartLoader: Compiling Part 'Squad/Parts/Utility/flags/flagSize2/flagSize2/flagPartSize2'
[LOG 18:15:15.330] PartLoader: Part 'Squad/Parts/Utility/flags/flagSize2/flagSize2/flagPartSize2' has no database record. Creating.
[LOG 18:15:15.330] [DragCubeSystem]: Drag cubes not found or cannot be read for part Part. Generating New drag cubes.
[LOG 18:15:15.330] [KSPCF/DragCubeGeneration] Creating drag cubes for part 'flagPartSize2'
[LOG 18:15:15.335] PartLoader: Compiling Part 'Squad/Parts/Utility/flags/flagSize3/flagSize3/flagPartSize3'
[LOG 18:15:15.342] PartLoader: Part 'Squad/Parts/Utility/flags/flagSize3/flagSize3/flagPartSize3' has no database record. Creating.
[LOG 18:15:15.342] [DragCubeSystem]: Drag cubes not found or cannot be read for part Part. Generating New drag cubes.
[LOG 18:15:15.342] [KSPCF/DragCubeGeneration] Creating drag cubes for part 'flagPartSize3'
[LOG 18:15:15.346] PartLoader: Compiling Part 'Squad/Parts/Utility/GrapplingDevice/part/GrapplingDevice'
[LOG 18:15:15.359] PartLoader: Part 'Squad/Parts/Utility/GrapplingDevice/part/GrapplingDevice' has no database record. Creating.
[LOG 18:15:15.359] [DragCubeSystem]: Drag cubes not found or cannot be read for part Part. Generating New drag cubes.
[LOG 18:15:15.359] [KSPCF/DragCubeGeneration] Creating drag cubes for part 'GrapplingDevice'
[LOG 18:15:15.378] PartLoader: Compiling Part 'Squad/Parts/Utility/ladderRadial/ladderRadial/ladder1'
[LOG 18:15:15.381] PartLoader: Part 'Squad/Parts/Utility/ladderRadial/ladderRadial/ladder1' has no database record. Creating.
[LOG 18:15:15.381] [DragCubeSystem]: Drag cubes not found or cannot be read for part Part. Generating New drag cubes.
[LOG 18:15:15.381] [KSPCF/DragCubeGeneration] Creating drag cubes for part 'ladder1'
[LOG 18:15:15.385] PartLoader: Compiling Part 'Squad/Parts/Utility/ladderTelescopic/ladderTelescopic/telescopicLadder'
[LOG 18:15:15.391] PartLoader: Part 'Squad/Parts/Utility/ladderTelescopic/ladderTelescopic/telescopicLadder' has no database record. Creating.
[LOG 18:15:15.391] [DragCubeSystem]: Drag cubes not found or cannot be read for part Part. Generating New drag cubes.
[LOG 18:15:15.391] [KSPCF/DragCubeGeneration] Creating drag cubes for part 'telescopicLadder'
[LOG 18:15:15.403] PartLoader: Compiling Part 'Squad/Parts/Utility/ladderTelescopicBay/ladderTelescopicBay/telescopicLadderBay'
[LOG 18:15:15.418] PartLoader: Part 'Squad/Parts/Utility/ladderTelescopicBay/ladderTelescopicBay/telescopicLadderBay' has no database record. Creating.
[LOG 18:15:15.418] [DragCubeSystem]: Drag cubes not found or cannot be read for part Part. Generating New drag cubes.
[LOG 18:15:15.418] [KSPCF/DragCubeGeneration] Creating drag cubes for part 'telescopicLadderBay'
[LOG 18:15:15.431] PartLoader: Compiling Part 'Squad/Parts/Utility/landingLegLT-1/landingLegLT-1/landingLeg1'
[LOG 18:15:15.466] PartLoader: Part 'Squad/Parts/Utility/landingLegLT-1/landingLegLT-1/landingLeg1' has no database record. Creating.
[LOG 18:15:15.466] [DragCubeSystem]: Drag cubes not found or cannot be read for part Part. Generating New drag cubes.
[LOG 18:15:15.466] [KSPCF/DragCubeGeneration] Creating drag cubes for part 'landingLeg1'
[LOG 18:15:15.479] PartLoader: Compiling Part 'Squad/Parts/Utility/landingLegLT-2/landingLegLT-2/landingLeg1-2'
[LOG 18:15:15.489] PartLoader: Part 'Squad/Parts/Utility/landingLegLT-2/landingLegLT-2/landingLeg1-2' has no database record. Creating.
[LOG 18:15:15.489] [DragCubeSystem]: Drag cubes not found or cannot be read for part Part. Generating New drag cubes.
[LOG 18:15:15.489] [KSPCF/DragCubeGeneration] Creating drag cubes for part 'landingLeg1-2'
[LOG 18:15:15.500] PartLoader: Compiling Part 'Squad/Parts/Utility/landingLegLT-5/landingLegLT-5/miniLandingLeg'
[LOG 18:15:15.508] PartLoader: Part 'Squad/Parts/Utility/landingLegLT-5/landingLegLT-5/miniLandingLeg' has no database record. Creating.
[LOG 18:15:15.508] [DragCubeSystem]: Drag cubes not found or cannot be read for part Part. Generating New drag cubes.
[LOG 18:15:15.508] [KSPCF/DragCubeGeneration] Creating drag cubes for part 'miniLandingLeg'
[LOG 18:15:15.520] PartLoader: Compiling Part 'Squad/Parts/Utility/launchClamp1/launchClamp1/launchClamp1'
[LOG 18:15:15.529] PartLoader: Part 'Squad/Parts/Utility/launchClamp1/launchClamp1/launchClamp1' has no database record. Creating.
[LOG 18:15:15.530] [DragCubeSystem]: Drag cubes not found or cannot be read for part Part. Generating New drag cubes.
[LOG 18:15:15.530] [KSPCF/DragCubeGeneration] Creating drag cubes for part 'launchClamp1'
[LOG 18:15:15.534] PartLoader: Compiling Part 'Squad/Parts/Utility/launchEscapeSystem/part/LaunchEscapeSystem'
[LOG 18:15:15.539] PartLoader: Part 'Squad/Parts/Utility/launchEscapeSystem/part/LaunchEscapeSystem' has no database record. Creating.
[LOG 18:15:15.539] [DragCubeSystem]: Drag cubes not found or cannot be read for part Part. Generating New drag cubes.
[LOG 18:15:15.539] [KSPCF/DragCubeGeneration] Creating drag cubes for part 'LaunchEscapeSystem'
[LOG 18:15:15.544] PartLoader: Compiling Part 'Squad/Parts/Utility/Lights/domeLight1/domeLight1'
[LOG 18:15:15.550] PartLoader: Part 'Squad/Parts/Utility/Lights/domeLight1/domeLight1' has no database record. Creating.
[LOG 18:15:15.551] [DragCubeSystem]: Drag cubes not found or cannot be read for part Part. Generating New drag cubes.
[LOG 18:15:15.551] [KSPCF/DragCubeGeneration] Creating drag cubes for part 'domeLight1'
[LOG 18:15:15.554] PartLoader: Compiling Part 'Squad/Parts/Utility/Lights/groundLight1/groundLight1'
[LOG 18:15:15.559] PartLoader: Part 'Squad/Parts/Utility/Lights/groundLight1/groundLight1' has no database record. Creating.
[LOG 18:15:15.560] [DragCubeSystem]: Drag cubes not found or cannot be read for part Part. Generating New drag cubes.
[LOG 18:15:15.560] [KSPCF/DragCubeGeneration] Creating drag cubes for part 'groundLight1'
[LOG 18:15:15.564] PartLoader: Compiling Part 'Squad/Parts/Utility/Lights/groundLight2/groundLight2'
[LOG 18:15:15.569] PartLoader: Part 'Squad/Parts/Utility/Lights/groundLight2/groundLight2' has no database record. Creating.
[LOG 18:15:15.569] [DragCubeSystem]: Drag cubes not found or cannot be read for part Part. Generating New drag cubes.
[LOG 18:15:15.569] [KSPCF/DragCubeGeneration] Creating drag cubes for part 'groundLight2'
[LOG 18:15:15.572] PartLoader: Compiling Part 'Squad/Parts/Utility/Lights/navLight1/navLight1'
[LOG 18:15:15.578] PartLoader: Part 'Squad/Parts/Utility/Lights/navLight1/navLight1' has no database record. Creating.
[LOG 18:15:15.578] [DragCubeSystem]: Drag cubes not found or cannot be read for part Part. Generating New drag cubes.
[LOG 18:15:15.578] [KSPCF/DragCubeGeneration] Creating drag cubes for part 'navLight1'
[LOG 18:15:15.582] PartLoader: Compiling Part 'Squad/Parts/Utility/Lights/spotLight1/spotLight3'
[LOG 18:15:15.588] PartLoader: Part 'Squad/Parts/Utility/Lights/spotLight1/spotLight3' has no database record. Creating.
[LOG 18:15:15.588] [DragCubeSystem]: Drag cubes not found or cannot be read for part Part. Generating New drag cubes.
[LOG 18:15:15.588] [KSPCF/DragCubeGeneration] Creating drag cubes for part 'spotLight3'
[LOG 18:15:15.593] PartLoader: Compiling Part 'Squad/Parts/Utility/Lights/stripLight1/stripLight1'
[LOG 18:15:15.598] PartLoader: Part 'Squad/Parts/Utility/Lights/stripLight1/stripLight1' has no database record. Creating.
[LOG 18:15:15.598] [DragCubeSystem]: Drag cubes not found or cannot be read for part Part. Generating New drag cubes.
[LOG 18:15:15.598] [KSPCF/DragCubeGeneration] Creating drag cubes for part 'stripLight1'
[LOG 18:15:15.603] PartLoader: Compiling Part 'Squad/Parts/Utility/linearVernorRCS/linearRCS/linearRcs'
[LOG 18:15:15.610] PartLoader: Part 'Squad/Parts/Utility/linearVernorRCS/linearRCS/linearRcs' has no database record. Creating.
[LOG 18:15:15.610] [DragCubeSystem]: Drag cubes not found or cannot be read for part Part. Generating New drag cubes.
[LOG 18:15:15.610] [KSPCF/DragCubeGeneration] Creating drag cubes for part 'linearRcs'
[LOG 18:15:15.614] PartLoader: Compiling Part 'Squad/Parts/Utility/linearVernorRCS/vernorEngine/vernierEngine'
[LOG 18:15:15.621] PartLoader: Part 'Squad/Parts/Utility/linearVernorRCS/vernorEngine/vernierEngine' has no database record. Creating.
[LOG 18:15:15.621] [DragCubeSystem]: Drag cubes not found or cannot be read for part Part. Generating New drag cubes.
[LOG 18:15:15.621] [KSPCF/DragCubeGeneration] Creating drag cubes for part 'vernierEngine'
[LOG 18:15:15.627] PartLoader: Compiling Part 'Squad/Parts/Utility/mk2CargoBay/BayL/mk2CargoBayL'
[LOG 18:15:15.636] PartLoader: Part 'Squad/Parts/Utility/mk2CargoBay/BayL/mk2CargoBayL' has no database record. Creating.
[LOG 18:15:15.636] PartLoader: Compiling Part 'Squad/Parts/Utility/mk2CargoBay/BayS/mk2CargoBayS'
[LOG 18:15:15.642] PartLoader: Part 'Squad/Parts/Utility/mk2CargoBay/BayS/mk2CargoBayS' has no database record. Creating.
[LOG 18:15:15.643] PartLoader: Compiling Part 'Squad/Parts/Utility/mk2CrewCabin/mk2CrewCabin/mk2CrewCabin'
[WRN 18:15:15.647] [Part]: Cannot have ModuleCargoPart and ModuleInventoryPart on same Part [mk2CrewCabin'. Removed ModuleCargoPart
[LOG 18:15:15.652] PartLoader: Part 'Squad/Parts/Utility/mk2CrewCabin/mk2CrewCabin/mk2CrewCabin' has no database record. Creating.
[LOG 18:15:15.652] [DragCubeSystem]: Drag cubes not found or cannot be read for part Part. Generating New drag cubes.
[LOG 18:15:15.652] [KSPCF/DragCubeGeneration] Creating drag cubes for part 'mk2CrewCabin'
[LOG 18:15:15.657] PartLoader: Compiling Part 'Squad/Parts/Utility/mk2DockingPort/mk2DockingPort/mk2DockingPort'
[LOG 18:15:15.662] PartLoader: Part 'Squad/Parts/Utility/mk2DockingPort/mk2DockingPort/mk2DockingPort' has no database record. Creating.
[LOG 18:15:15.663] PartLoader: Compiling Part 'Squad/Parts/Utility/mk3CargoBay/long/mk3CargoBayL'
[LOG 18:15:15.666] PartLoader: Part 'Squad/Parts/Utility/mk3CargoBay/long/mk3CargoBayL' has no database record. Creating.
[LOG 18:15:15.666] PartLoader: Compiling Part 'Squad/Parts/Utility/mk3CargoBay/medium/mk3CargoBayM'
[LOG 18:15:15.671] PartLoader: Part 'Squad/Parts/Utility/mk3CargoBay/medium/mk3CargoBayM' has no database record. Creating.
[LOG 18:15:15.671] PartLoader: Compiling Part 'Squad/Parts/Utility/mk3CargoBay/ramp/mk3CargoRamp'
[LOG 18:15:15.676] PartLoader: Part 'Squad/Parts/Utility/mk3CargoBay/ramp/mk3CargoRamp' has no database record. Creating.
[LOG 18:15:15.676] PartLoader: Compiling Part 'Squad/Parts/Utility/mk3CargoBay/short/mk3CargoBayS'
[LOG 18:15:15.680] PartLoader: Part 'Squad/Parts/Utility/mk3CargoBay/short/mk3CargoBayS' has no database record. Creating.
[LOG 18:15:15.680] PartLoader: Compiling Part 'Squad/Parts/Utility/parachuteMk1/parachuteMk1/parachuteSingle'
[LOG 18:15:15.690] PartLoader: Part 'Squad/Parts/Utility/parachuteMk1/parachuteMk1/parachuteSingle' has no database record. Creating.
[LOG 18:15:15.690] [DragCubeSystem]: Drag cubes not found or cannot be read for part Part. Generating New drag cubes.
[LOG 18:15:15.691] [KSPCF/DragCubeGeneration] Creating drag cubes for part 'parachuteSingle'
[LOG 18:15:15.708] PartLoader: Compiling Part 'Squad/Parts/Utility/parachuteMk12-R/parachuteMk12-R/radialDrogue'
[LOG 18:15:15.714] PartLoader: Part 'Squad/Parts/Utility/parachuteMk12-R/parachuteMk12-R/radialDrogue' has no database record. Creating.
[LOG 18:15:15.714] [DragCubeSystem]: Drag cubes not found or cannot be read for part Part. Generating New drag cubes.
[LOG 18:15:15.714] [KSPCF/DragCubeGeneration] Creating drag cubes for part 'radialDrogue'
[LOG 18:15:15.730] PartLoader: Compiling Part 'Squad/Parts/Utility/parachuteMk16-XL/parachuteMk16-XL/parachuteLarge'
[LOG 18:15:15.735] PartLoader: Part 'Squad/Parts/Utility/parachuteMk16-XL/parachuteMk16-XL/parachuteLarge' has no database record. Creating.
[LOG 18:15:15.735] [DragCubeSystem]: Drag cubes not found or cannot be read for part Part. Generating New drag cubes.
[LOG 18:15:15.735] [KSPCF/DragCubeGeneration] Creating drag cubes for part 'parachuteLarge'
[LOG 18:15:15.750] PartLoader: Compiling Part 'Squad/Parts/Utility/parachuteMk2-R/parachuteMk2-R/parachuteRadial'
[LOG 18:15:15.754] PartLoader: Part 'Squad/Parts/Utility/parachuteMk2-R/parachuteMk2-R/parachuteRadial' has no database record. Creating.
[LOG 18:15:15.754] [DragCubeSystem]: Drag cubes not found or cannot be read for part Part. Generating New drag cubes.
[LOG 18:15:15.754] [KSPCF/DragCubeGeneration] Creating drag cubes for part 'parachuteRadial'
[LOG 18:15:15.769] PartLoader: Compiling Part 'Squad/Parts/Utility/parachuteMk25/parachuteMk25/parachuteDrogue'
[LOG 18:15:15.774] PartLoader: Part 'Squad/Parts/Utility/parachuteMk25/parachuteMk25/parachuteDrogue' has no database record. Creating.
[LOG 18:15:15.774] [DragCubeSystem]: Drag cubes not found or cannot be read for part Part. Generating New drag cubes.
[LOG 18:15:15.774] [KSPCF/DragCubeGeneration] Creating drag cubes for part 'parachuteDrogue'
[LOG 18:15:15.788] PartLoader: Compiling Part 'Squad/Parts/Utility/radialAttachmentPoint/radialAttachmentPoint/stackPoint1'
[LOG 18:15:15.792] PartLoader: Part 'Squad/Parts/Utility/radialAttachmentPoint/radialAttachmentPoint/stackPoint1' has no database record. Creating.
[LOG 18:15:15.792] [DragCubeSystem]: Drag cubes not found or cannot be read for part Part. Generating New drag cubes.
[LOG 18:15:15.792] [KSPCF/DragCubeGeneration] Creating drag cubes for part 'stackPoint1'
[LOG 18:15:15.797] PartLoader: Compiling Part 'Squad/Parts/Utility/rcsBlockRV-105_v2/rcsBlockRV-105/RCSBlock_v2'
[LOG 18:15:15.803] PartLoader: Part 'Squad/Parts/Utility/rcsBlockRV-105_v2/rcsBlockRV-105/RCSBlock_v2' has no database record. Creating.
[LOG 18:15:15.803] [DragCubeSystem]: Drag cubes not found or cannot be read for part Part. Generating New drag cubes.
[LOG 18:15:15.803] [KSPCF/DragCubeGeneration] Creating drag cubes for part 'RCSBlock.v2'
[LOG 18:15:15.829] PartLoader: Compiling Part 'Squad/Parts/Utility/rcsBlockRV-105_v2/RCSblock_01_small/RCSblock_01_small'
[LOG 18:15:15.835] PartLoader: Part 'Squad/Parts/Utility/rcsBlockRV-105_v2/RCSblock_01_small/RCSblock_01_small' has no database record. Creating.
[LOG 18:15:15.835] [DragCubeSystem]: Drag cubes not found or cannot be read for part Part. Generating New drag cubes.
[LOG 18:15:15.836] [KSPCF/DragCubeGeneration] Creating drag cubes for part 'RCSblock.01.small'
[LOG 18:15:15.860] PartLoader: Compiling Part 'Squad/Parts/Utility/rcsSmallLinear/RCSLinearSmall/RCSLinearSmall'
[LOG 18:15:15.866] PartLoader: Part 'Squad/Parts/Utility/rcsSmallLinear/RCSLinearSmall/RCSLinearSmall' has no database record. Creating.
[LOG 18:15:15.866] [DragCubeSystem]: Drag cubes not found or cannot be read for part Part. Generating New drag cubes.
[LOG 18:15:15.866] [KSPCF/DragCubeGeneration] Creating drag cubes for part 'RCSLinearSmall'
[LOG 18:15:15.879] PartLoader: Compiling Part 'Squad/Parts/Utility/RelayAntennas/RA-100/RelayAntenna100'
[LOG 18:15:15.882] PartLoader: Part 'Squad/Parts/Utility/RelayAntennas/RA-100/RelayAntenna100' has no database record. Creating.
[LOG 18:15:15.882] [DragCubeSystem]: Drag cubes not found or cannot be read for part Part. Generating New drag cubes.
[LOG 18:15:15.882] [KSPCF/DragCubeGeneration] Creating drag cubes for part 'RelayAntenna100'
[LOG 18:15:15.887] PartLoader: Compiling Part 'Squad/Parts/Utility/RelayAntennas/RA-5/RelayAntenna5'
[LOG 18:15:15.890] PartLoader: Part 'Squad/Parts/Utility/RelayAntennas/RA-5/RelayAntenna5' has no database record. Creating.
[LOG 18:15:15.890] [DragCubeSystem]: Drag cubes not found or cannot be read for part Part. Generating New drag cubes.
[LOG 18:15:15.890] [KSPCF/DragCubeGeneration] Creating drag cubes for part 'RelayAntenna5'
[LOG 18:15:15.895] PartLoader: Compiling Part 'Squad/Parts/Utility/RelayAntennas/RA-50/RelayAntenna50'
[LOG 18:15:15.898] PartLoader: Part 'Squad/Parts/Utility/RelayAntennas/RA-50/RelayAntenna50' has no database record. Creating.
[LOG 18:15:15.898] [DragCubeSystem]: Drag cubes not found or cannot be read for part Part. Generating New drag cubes.
[LOG 18:15:15.899] [KSPCF/DragCubeGeneration] Creating drag cubes for part 'RelayAntenna50'
[LOG 18:15:15.903] PartLoader: Compiling Part 'Squad/Parts/Utility/rockomaxAdapters/largeAdapter/largeAdapter'
[LOG 18:15:15.906] PartLoader: Part 'Squad/Parts/Utility/rockomaxAdapters/largeAdapter/largeAdapter' has no database record. Creating.
[LOG 18:15:15.906] [DragCubeSystem]: Drag cubes not found or cannot be read for part Part. Generating New drag cubes.
[LOG 18:15:15.906] [KSPCF/DragCubeGeneration] Creating drag cubes for part 'largeAdapter'
[LOG 18:15:15.911] PartLoader: Compiling Part 'Squad/Parts/Utility/rockomaxAdapters/largeAdapterShort/largeAdapter2'
[LOG 18:15:15.914] PartLoader: Part 'Squad/Parts/Utility/rockomaxAdapters/largeAdapterShort/largeAdapter2' has no database record. Creating.
[LOG 18:15:15.914] [DragCubeSystem]: Drag cubes not found or cannot be read for part Part. Generating New drag cubes.
[LOG 18:15:15.914] [KSPCF/DragCubeGeneration] Creating drag cubes for part 'largeAdapter2'
[LOG 18:15:15.919] PartLoader: Compiling Part 'Squad/Parts/Utility/ServiceBay_v2/ServiceBay_125_v2/ServiceBay_125_v2'
[LOG 18:15:15.926] PartLoader: Part 'Squad/Parts/Utility/ServiceBay_v2/ServiceBay_125_v2/ServiceBay_125_v2' has no database record. Creating.
[LOG 18:15:15.926] [DragCubeSystem]: Drag cubes not found or cannot be read for part Part. Generating New drag cubes.
[LOG 18:15:15.926] [KSPCF/DragCubeGeneration] Creating drag cubes for part 'ServiceBay.125.v2'
[LOG 18:15:15.937] PartLoader: Compiling Part 'Squad/Parts/Utility/ServiceBay_v2/ServiceBay_250_v2/ServiceBay_250_v2'
[LOG 18:15:15.942] PartLoader: Part 'Squad/Parts/Utility/ServiceBay_v2/ServiceBay_250_v2/ServiceBay_250_v2' has no database record. Creating.
[LOG 18:15:15.942] [DragCubeSystem]: Drag cubes not found or cannot be read for part Part. Generating New drag cubes.
[LOG 18:15:15.942] [KSPCF/DragCubeGeneration] Creating drag cubes for part 'ServiceBay.250.v2'
[LOG 18:15:15.954] PartLoader: Compiling Part 'Squad/Parts/Utility/smallClaw/smallClaw/smallClaw'
[LOG 18:15:15.967] PartLoader: Part 'Squad/Parts/Utility/smallClaw/smallClaw/smallClaw' has no database record. Creating.
[LOG 18:15:15.967] [DragCubeSystem]: Drag cubes not found or cannot be read for part Part. Generating New drag cubes.
[LOG 18:15:15.967] [KSPCF/DragCubeGeneration] Creating drag cubes for part 'smallClaw'
[LOG 18:15:15.983] PartLoader: Compiling Part 'Squad/Parts/Utility/spotLightMk1/spotLightMk1/spotLight1'
[LOG 18:15:15.987] PartLoader: Part 'Squad/Parts/Utility/spotLightMk1/spotLightMk1/spotLight1' has no database record. Creating.
[LOG 18:15:15.987] [DragCubeSystem]: Drag cubes not found or cannot be read for part Part. Generating New drag cubes.
[LOG 18:15:15.987] [KSPCF/DragCubeGeneration] Creating drag cubes for part 'spotLight1'
[LOG 18:15:15.991] PartLoader: Compiling Part 'Squad/Parts/Utility/spotLightMk1_v2/spotLightMk1_v2/spotLight1_v2'
[LOG 18:15:15.996] PartLoader: Part 'Squad/Parts/Utility/spotLightMk1_v2/spotLightMk1_v2/spotLight1_v2' has no database record. Creating.
[LOG 18:15:15.996] [DragCubeSystem]: Drag cubes not found or cannot be read for part Part. Generating New drag cubes.
[LOG 18:15:15.996] [KSPCF/DragCubeGeneration] Creating drag cubes for part 'spotLight1.v2'
[LOG 18:15:16.000] PartLoader: Compiling Part 'Squad/Parts/Utility/spotLightMk2/spotLightMk2/spotLight2'
[LOG 18:15:16.004] PartLoader: Part 'Squad/Parts/Utility/spotLightMk2/spotLightMk2/spotLight2' has no database record. Creating.
[LOG 18:15:16.005] [DragCubeSystem]: Drag cubes not found or cannot be read for part Part. Generating New drag cubes.
[LOG 18:15:16.005] [KSPCF/DragCubeGeneration] Creating drag cubes for part 'spotLight2'
[LOG 18:15:16.009] PartLoader: Compiling Part 'Squad/Parts/Utility/spotLightMk2_v2/spotLightMk2_v2/spotLight2_v2'
[LOG 18:15:16.017] PartLoader: Part 'Squad/Parts/Utility/spotLightMk2_v2/spotLightMk2_v2/spotLight2_v2' has no database record. Creating.
[LOG 18:15:16.017] [DragCubeSystem]: Drag cubes not found or cannot be read for part Part. Generating New drag cubes.
[LOG 18:15:16.017] [KSPCF/DragCubeGeneration] Creating drag cubes for part 'spotLight2.v2'
[LOG 18:15:16.021] PartLoader: Compiling Part 'Squad/Parts/Utility/stackCouplers/stackBiCoupler_v2/stackBiCoupler_v2'
[LOG 18:15:16.024] PartLoader: Part 'Squad/Parts/Utility/stackCouplers/stackBiCoupler_v2/stackBiCoupler_v2' has no database record. Creating.
[LOG 18:15:16.024] [DragCubeSystem]: Drag cubes not found or cannot be read for part Part. Generating New drag cubes.
[LOG 18:15:16.024] [KSPCF/DragCubeGeneration] Creating drag cubes for part 'stackBiCoupler.v2'
[LOG 18:15:16.029] PartLoader: Compiling Part 'Squad/Parts/Utility/stackCouplers/stackQuadCoupler/stackQuadCoupler'
[LOG 18:15:16.032] PartLoader: Part 'Squad/Parts/Utility/stackCouplers/stackQuadCoupler/stackQuadCoupler' has no database record. Creating.
[LOG 18:15:16.032] [DragCubeSystem]: Drag cubes not found or cannot be read for part Part. Generating New drag cubes.
[LOG 18:15:16.032] [KSPCF/DragCubeGeneration] Creating drag cubes for part 'stackQuadCoupler'
[LOG 18:15:16.036] PartLoader: Compiling Part 'Squad/Parts/Utility/stackCouplers/stackTriCoupler_v2/stackTriCoupler_v2'
[LOG 18:15:16.039] PartLoader: Part 'Squad/Parts/Utility/stackCouplers/stackTriCoupler_v2/stackTriCoupler_v2' has no database record. Creating.
[LOG 18:15:16.039] [DragCubeSystem]: Drag cubes not found or cannot be read for part Part. Generating New drag cubes.
[LOG 18:15:16.039] [KSPCF/DragCubeGeneration] Creating drag cubes for part 'stackTriCoupler.v2'
[LOG 18:15:16.043] PartLoader: Compiling Part 'Squad/Parts/Wheel/LandingGear/GearExtraLarge/GearLarge'
[LOG 18:15:16.061] PartLoader: Part 'Squad/Parts/Wheel/LandingGear/GearExtraLarge/GearLarge' has no database record. Creating.
[LOG 18:15:16.061] [DragCubeSystem]: Drag cubes not found or cannot be read for part Part. Generating New drag cubes.
[LOG 18:15:16.061] [KSPCF/DragCubeGeneration] Creating drag cubes for part 'GearLarge'
[LOG 18:15:16.076] PartLoader: Compiling Part 'Squad/Parts/Wheel/LandingGear/GearFixed/GearFixed'
[LOG 18:15:16.080] PartLoader: Part 'Squad/Parts/Wheel/LandingGear/GearFixed/GearFixed' has no database record. Creating.
[LOG 18:15:16.080] [DragCubeSystem]: Drag cubes not found or cannot be read for part Part. Generating New drag cubes.
[LOG 18:15:16.080] [KSPCF/DragCubeGeneration] Creating drag cubes for part 'GearFixed'
[LOG 18:15:16.084] PartLoader: Compiling Part 'Squad/Parts/Wheel/LandingGear/GearFree/GearFree'
[LOG 18:15:16.094] PartLoader: Part 'Squad/Parts/Wheel/LandingGear/GearFree/GearFree' has no database record. Creating.
[LOG 18:15:16.094] [DragCubeSystem]: Drag cubes not found or cannot be read for part Part. Generating New drag cubes.
[LOG 18:15:16.094] [KSPCF/DragCubeGeneration] Creating drag cubes for part 'GearFree'
[LOG 18:15:16.098] PartLoader: Compiling Part 'Squad/Parts/Wheel/LandingGear/GearLarge/GearMedium'
[LOG 18:15:16.109] PartLoader: Part 'Squad/Parts/Wheel/LandingGear/GearLarge/GearMedium' has no database record. Creating.
[LOG 18:15:16.109] [DragCubeSystem]: Drag cubes not found or cannot be read for part Part. Generating New drag cubes.
[LOG 18:15:16.109] [KSPCF/DragCubeGeneration] Creating drag cubes for part 'GearMedium'
[LOG 18:15:16.124] PartLoader: Compiling Part 'Squad/Parts/Wheel/LandingGear/GearMedium/GearSmall'
[LOG 18:15:16.136] PartLoader: Part 'Squad/Parts/Wheel/LandingGear/GearMedium/GearSmall' has no database record. Creating.
[LOG 18:15:16.136] [DragCubeSystem]: Drag cubes not found or cannot be read for part Part. Generating New drag cubes.
[LOG 18:15:16.136] [KSPCF/DragCubeGeneration] Creating drag cubes for part 'GearSmall'
[LOG 18:15:16.151] PartLoader: Compiling Part 'Squad/Parts/Wheel/LandingGear/GearSmall/SmallGearBay'
[LOG 18:15:16.162] PartLoader: Part 'Squad/Parts/Wheel/LandingGear/GearSmall/SmallGearBay' has no database record. Creating.
[LOG 18:15:16.162] [DragCubeSystem]: Drag cubes not found or cannot be read for part Part. Generating New drag cubes.
[LOG 18:15:16.162] [KSPCF/DragCubeGeneration] Creating drag cubes for part 'SmallGearBay'
[LOG 18:15:16.176] PartLoader: Compiling Part 'Squad/Parts/Wheel/roverWheelM1/roverWheelM1/roverWheel1'
[LOG 18:15:16.186] PartLoader: Part 'Squad/Parts/Wheel/roverWheelM1/roverWheelM1/roverWheel1' has no database record. Creating.
[LOG 18:15:16.187] [DragCubeSystem]: Drag cubes not found or cannot be read for part Part. Generating New drag cubes.
[LOG 18:15:16.187] [KSPCF/DragCubeGeneration] Creating drag cubes for part 'roverWheel1'
[LOG 18:15:16.193] PartLoader: Compiling Part 'Squad/Parts/Wheel/roverWheelS2/roverWheelS2/roverWheel2'
[LOG 18:15:16.206] PartLoader: Part 'Squad/Parts/Wheel/roverWheelS2/roverWheelS2/roverWheel2' has no database record. Creating.
[LOG 18:15:16.206] [DragCubeSystem]: Drag cubes not found or cannot be read for part Part. Generating New drag cubes.
[LOG 18:15:16.207] [KSPCF/DragCubeGeneration] Creating drag cubes for part 'roverWheel2'
[LOG 18:15:16.212] PartLoader: Compiling Part 'Squad/Parts/Wheel/roverWheelTR-2L/roverWheelTR-2L/wheelMed'
[LOG 18:15:16.220] PartLoader: Part 'Squad/Parts/Wheel/roverWheelTR-2L/roverWheelTR-2L/wheelMed' has no database record. Creating.
[LOG 18:15:16.221] [DragCubeSystem]: Drag cubes not found or cannot be read for part Part. Generating New drag cubes.
[LOG 18:15:16.221] [KSPCF/DragCubeGeneration] Creating drag cubes for part 'wheelMed'
[LOG 18:15:16.227] PartLoader: Compiling Part 'Squad/Parts/Wheel/roverWheelXL3/roverWheelXL3/roverWheel3'
[LOG 18:15:16.243] PartLoader: Part 'Squad/Parts/Wheel/roverWheelXL3/roverWheelXL3/roverWheel3' has no database record. Creating.
[LOG 18:15:16.244] [DragCubeSystem]: Drag cubes not found or cannot be read for part Part. Generating New drag cubes.
[LOG 18:15:16.244] [KSPCF/DragCubeGeneration] Creating drag cubes for part 'roverWheel3'
[LOG 18:15:16.250] PartLoader: Compiling Part 'SquadExpansion/MakingHistory/Parts/Aero/protectiveRocketNoseMk16/rocketNoseCone_size4/rocketNoseConeSize4'
[LOG 18:15:16.253] PartLoader: Part 'SquadExpansion/MakingHistory/Parts/Aero/protectiveRocketNoseMk16/rocketNoseCone_size4/rocketNoseConeSize4' has no database record. Creating.
[LOG 18:15:16.254] [DragCubeSystem]: Drag cubes not found or cannot be read for part Part. Generating New drag cubes.
[LOG 18:15:16.254] [KSPCF/DragCubeGeneration] Creating drag cubes for part 'rocketNoseConeSize4'
[LOG 18:15:16.258] PartLoader: Compiling Part 'SquadExpansion/MakingHistory/Parts/Aero/protectiveRocketNoseMk5A/Size_1_5_Cone/Size_1_5_Cone'
[LOG 18:15:16.264] PartLoader: Part 'SquadExpansion/MakingHistory/Parts/Aero/protectiveRocketNoseMk5A/Size_1_5_Cone/Size_1_5_Cone' has no database record. Creating.
[LOG 18:15:16.264] [DragCubeSystem]: Drag cubes not found or cannot be read for part Part. Generating New drag cubes.
[LOG 18:15:16.264] [KSPCF/DragCubeGeneration] Creating drag cubes for part 'Size.1.5.Cone'
[LOG 18:15:16.268] PartLoader: Compiling Part 'SquadExpansion/MakingHistory/Parts/Coupling/Decoupler_1p5/Decoupler_1p5'
[LOG 18:15:16.277] PartLoader: Part 'SquadExpansion/MakingHistory/Parts/Coupling/Decoupler_1p5/Decoupler_1p5' has no database record. Creating.
[LOG 18:15:16.277] PartLoader: Compiling Part 'SquadExpansion/MakingHistory/Parts/Coupling/Decoupler_4/Decoupler_4'
[LOG 18:15:16.283] PartLoader: Part 'SquadExpansion/MakingHistory/Parts/Coupling/Decoupler_4/Decoupler_4' has no database record. Creating.
[LOG 18:15:16.284] PartLoader: Compiling Part 'SquadExpansion/MakingHistory/Parts/Coupling/EnginePlate_1p5/EnginePlate1p5'
[LOG 18:15:16.301] PartLoader: Part 'SquadExpansion/MakingHistory/Parts/Coupling/EnginePlate_1p5/EnginePlate1p5' has no database record. Creating.
[LOG 18:15:16.302] [DragCubeSystem]: Drag cubes not found or cannot be read for part Part. Generating New drag cubes.
[LOG 18:15:16.302] [KSPCF/DragCubeGeneration] Part 'EnginePlate1p5' has defined a procedural drag cube setup
[LOG 18:15:16.302] PartLoader: Compiling Part 'SquadExpansion/MakingHistory/Parts/Coupling/EnginePlate_2/EnginePlate2'
[LOG 18:15:16.313] PartLoader: Part 'SquadExpansion/MakingHistory/Parts/Coupling/EnginePlate_2/EnginePlate2' has no database record. Creating.
[LOG 18:15:16.313] [DragCubeSystem]: Drag cubes not found or cannot be read for part Part. Generating New drag cubes.
[LOG 18:15:16.313] [KSPCF/DragCubeGeneration] Part 'EnginePlate2' has defined a procedural drag cube setup
[LOG 18:15:16.313] PartLoader: Compiling Part 'SquadExpansion/MakingHistory/Parts/Coupling/EnginePlate_3/EnginePlate3'
[LOG 18:15:16.322] PartLoader: Part 'SquadExpansion/MakingHistory/Parts/Coupling/EnginePlate_3/EnginePlate3' has no database record. Creating.
[LOG 18:15:16.322] [DragCubeSystem]: Drag cubes not found or cannot be read for part Part. Generating New drag cubes.
[LOG 18:15:16.322] [KSPCF/DragCubeGeneration] Part 'EnginePlate3' has defined a procedural drag cube setup
[LOG 18:15:16.323] PartLoader: Compiling Part 'SquadExpansion/MakingHistory/Parts/Coupling/EnginePlate_4/EnginePlate4'
[LOG 18:15:16.343] PartLoader: Part 'SquadExpansion/MakingHistory/Parts/Coupling/EnginePlate_4/EnginePlate4' has no database record. Creating.
[LOG 18:15:16.343] [DragCubeSystem]: Drag cubes not found or cannot be read for part Part. Generating New drag cubes.
[LOG 18:15:16.343] [KSPCF/DragCubeGeneration] Part 'EnginePlate4' has defined a procedural drag cube setup
[LOG 18:15:16.343] PartLoader: Compiling Part 'SquadExpansion/MakingHistory/Parts/Coupling/EnginePlate_5/EnginePlate5'
[LOG 18:15:16.349] PartLoader: Part 'SquadExpansion/MakingHistory/Parts/Coupling/EnginePlate_5/EnginePlate5' has no database record. Creating.
[LOG 18:15:16.349] [DragCubeSystem]: Drag cubes not found or cannot be read for part Part. Generating New drag cubes.
[LOG 18:15:16.349] [KSPCF/DragCubeGeneration] Part 'EnginePlate5' has defined a procedural drag cube setup
[LOG 18:15:16.350] PartLoader: Compiling Part 'SquadExpansion/MakingHistory/Parts/Coupling/InflatableAirlock/InflatableAirlock'
[LOG 18:15:16.354] PartLoader: Part 'SquadExpansion/MakingHistory/Parts/Coupling/InflatableAirlock/InflatableAirlock' has no database record. Creating.
[LOG 18:15:16.354] [DragCubeSystem]: Drag cubes not found or cannot be read for part Part. Generating New drag cubes.
[LOG 18:15:16.354] [KSPCF/DragCubeGeneration] Creating drag cubes for part 'InflatableAirlock'
[LOG 18:15:16.368] PartLoader: Compiling Part 'SquadExpansion/MakingHistory/Parts/Coupling/Separator_1p5/Separator_1p5'
[LOG 18:15:16.374] PartLoader: Part 'SquadExpansion/MakingHistory/Parts/Coupling/Separator_1p5/Separator_1p5' has no database record. Creating.
[LOG 18:15:16.375] PartLoader: Compiling Part 'SquadExpansion/MakingHistory/Parts/Coupling/Separator_4/Separator_4'
[LOG 18:15:16.379] PartLoader: Part 'SquadExpansion/MakingHistory/Parts/Coupling/Separator_4/Separator_4' has no database record. Creating.
[LOG 18:15:16.380] PartLoader: Compiling Part 'SquadExpansion/MakingHistory/Parts/Coupling/Size1p5_Strut_Decoupler/Size1p5_Strut_Decoupler'
[LOG 18:15:16.384] PartLoader: Part 'SquadExpansion/MakingHistory/Parts/Coupling/Size1p5_Strut_Decoupler/Size1p5_Strut_Decoupler' has no database record. Creating.
[LOG 18:15:16.385] PartLoader: Compiling Part 'SquadExpansion/MakingHistory/Parts/Engine/LiquidEngineKE-1/LiquidEngineKE-1'
[LOG 18:15:16.394] PartLoader: Part 'SquadExpansion/MakingHistory/Parts/Engine/LiquidEngineKE-1/LiquidEngineKE-1' has no database record. Creating.
[LOG 18:15:16.394] [DragCubeSystem]: Drag cubes not found or cannot be read for part Part. Generating New drag cubes.
[LOG 18:15:16.394] [KSPCF/DragCubeGeneration] Creating drag cubes for part 'LiquidEngineKE-1'
[LOG 18:15:16.427] PartLoader: Compiling Part 'SquadExpansion/MakingHistory/Parts/Engine/LiquidEngineLV-T91/LiquidEngineLV-T91'
[LOG 18:15:16.436] PartLoader: Part 'SquadExpansion/MakingHistory/Parts/Engine/LiquidEngineLV-T91/LiquidEngineLV-T91' has no database record. Creating.
[LOG 18:15:16.437] [DragCubeSystem]: Drag cubes not found or cannot be read for part Part. Generating New drag cubes.
[LOG 18:15:16.437] [KSPCF/DragCubeGeneration] Creating drag cubes for part 'LiquidEngineLV-T91'
[LOG 18:15:16.461] PartLoader: Compiling Part 'SquadExpansion/MakingHistory/Parts/Engine/LiquidEngineLV-TX87/LiquidEngineLV-TX87'
[LOG 18:15:16.469] PartLoader: Part 'SquadExpansion/MakingHistory/Parts/Engine/LiquidEngineLV-TX87/LiquidEngineLV-TX87' has no database record. Creating.
[LOG 18:15:16.469] [DragCubeSystem]: Drag cubes not found or cannot be read for part Part. Generating New drag cubes.
[LOG 18:15:16.469] [KSPCF/DragCubeGeneration] Creating drag cubes for part 'LiquidEngineLV-TX87'
[LOG 18:15:16.495] PartLoader: Compiling Part 'SquadExpansion/MakingHistory/Parts/Engine/LiquidEngineRE-I2/LiquidEngineRE-I2'
[LOG 18:15:16.505] PartLoader: Part 'SquadExpansion/MakingHistory/Parts/Engine/LiquidEngineRE-I2/LiquidEngineRE-I2' has no database record. Creating.
[LOG 18:15:16.505] [DragCubeSystem]: Drag cubes not found or cannot be read for part Part. Generating New drag cubes.
[LOG 18:15:16.505] [KSPCF/DragCubeGeneration] Creating drag cubes for part 'LiquidEngineRE-I2'
[LOG 18:15:16.529] PartLoader: Compiling Part 'SquadExpansion/MakingHistory/Parts/Engine/LiquidEngineRE-J10/LiquidEngineRE-J10'
[LOG 18:15:16.539] PartLoader: Part 'SquadExpansion/MakingHistory/Parts/Engine/LiquidEngineRE-J10/LiquidEngineRE-J10' has no database record. Creating.
[LOG 18:15:16.539] [DragCubeSystem]: Drag cubes not found or cannot be read for part Part. Generating New drag cubes.
[LOG 18:15:16.539] [KSPCF/DragCubeGeneration] Creating drag cubes for part 'LiquidEngineRE-J10'
[LOG 18:15:16.564] PartLoader: Compiling Part 'SquadExpansion/MakingHistory/Parts/Engine/LiquidEngineRK-7/LiquidEngineRK-7'
[LOG 18:15:16.572] PartLoader: Part 'SquadExpansion/MakingHistory/Parts/Engine/LiquidEngineRK-7/LiquidEngineRK-7' has no database record. Creating.
[LOG 18:15:16.572] [DragCubeSystem]: Drag cubes not found or cannot be read for part Part. Generating New drag cubes.
[LOG 18:15:16.572] [KSPCF/DragCubeGeneration] Creating drag cubes for part 'LiquidEngineRK-7'
[LOG 18:15:16.603] PartLoader: Compiling Part 'SquadExpansion/MakingHistory/Parts/Engine/LiquidEngineRV-1/LiquidEngineRV-1'
[LOG 18:15:16.611] PartLoader: Part 'SquadExpansion/MakingHistory/Parts/Engine/LiquidEngineRV-1/LiquidEngineRV-1' has no database record. Creating.
[LOG 18:15:16.611] [DragCubeSystem]: Drag cubes not found or cannot be read for part Part. Generating New drag cubes.
[LOG 18:15:16.611] [KSPCF/DragCubeGeneration] Creating drag cubes for part 'LiquidEngineRV-1'
[LOG 18:15:16.617] PartLoader: Compiling Part 'SquadExpansion/MakingHistory/Parts/Engine/solidBoosterTHK/solidBoosterTHK/Pollux'
[LOG 18:15:16.622] PartLoader: Part 'SquadExpansion/MakingHistory/Parts/Engine/solidBoosterTHK/solidBoosterTHK/Pollux' has no database record. Creating.
[LOG 18:15:16.622] [DragCubeSystem]: Drag cubes not found or cannot be read for part Part. Generating New drag cubes.
[LOG 18:15:16.622] [KSPCF/DragCubeGeneration] Creating drag cubes for part 'Pollux'
[LOG 18:15:16.628] PartLoader: Compiling Part 'SquadExpansion/MakingHistory/Parts/FuelTank/MonoPropMini/monopropMiniSphere'
[LOG 18:15:16.631] PartLoader: Part 'SquadExpansion/MakingHistory/Parts/FuelTank/MonoPropMini/monopropMiniSphere' has no database record. Creating.
[LOG 18:15:16.631] [DragCubeSystem]: Drag cubes not found or cannot be read for part Part. Generating New drag cubes.
[LOG 18:15:16.631] [KSPCF/DragCubeGeneration] Creating drag cubes for part 'monopropMiniSphere'
[LOG 18:15:16.637] PartLoader: Compiling Part 'SquadExpansion/MakingHistory/Parts/FuelTank/Size1p5_Monoprop/Size1p5_Monoprop'
[LOG 18:15:16.640] PartLoader: Part 'SquadExpansion/MakingHistory/Parts/FuelTank/Size1p5_Monoprop/Size1p5_Monoprop' has no database record. Creating.
[LOG 18:15:16.640] [DragCubeSystem]: Drag cubes not found or cannot be read for part Part. Generating New drag cubes.
[LOG 18:15:16.640] [KSPCF/DragCubeGeneration] Creating drag cubes for part 'Size1p5.Monoprop'
[LOG 18:15:16.645] PartLoader: Compiling Part 'SquadExpansion/MakingHistory/Parts/FuelTank/Size1p5_Size0_Adapter_01/Size1p5_Size0_Adapter_01'
[LOG 18:15:16.650] PartLoader: Part 'SquadExpansion/MakingHistory/Parts/FuelTank/Size1p5_Size0_Adapter_01/Size1p5_Size0_Adapter_01' has no database record. Creating.
[LOG 18:15:16.650] [DragCubeSystem]: Drag cubes not found or cannot be read for part Part. Generating New drag cubes.
[LOG 18:15:16.650] [KSPCF/DragCubeGeneration] Creating drag cubes for part 'Size1p5.Size0.Adapter.01'
[LOG 18:15:16.655] PartLoader: Compiling Part 'SquadExpansion/MakingHistory/Parts/FuelTank/Size1p5_Size1_Adapter_01/Size1p5_Size1_Adapter_01'
[LOG 18:15:16.658] PartLoader: Part 'SquadExpansion/MakingHistory/Parts/FuelTank/Size1p5_Size1_Adapter_01/Size1p5_Size1_Adapter_01' has no database record. Creating.
[LOG 18:15:16.658] [DragCubeSystem]: Drag cubes not found or cannot be read for part Part. Generating New drag cubes.
[LOG 18:15:16.658] [KSPCF/DragCubeGeneration] Creating drag cubes for part 'Size1p5.Size1.Adapter.01'
[LOG 18:15:16.663] PartLoader: Compiling Part 'SquadExpansion/MakingHistory/Parts/FuelTank/Size1p5_Size1_Adapter_02/Size1p5_Size1_Adapter_02'
[LOG 18:15:16.668] PartLoader: Part 'SquadExpansion/MakingHistory/Parts/FuelTank/Size1p5_Size1_Adapter_02/Size1p5_Size1_Adapter_02' has no database record. Creating.
[LOG 18:15:16.668] [DragCubeSystem]: Drag cubes not found or cannot be read for part Part. Generating New drag cubes.
[LOG 18:15:16.668] [KSPCF/DragCubeGeneration] Creating drag cubes for part 'Size1p5.Size1.Adapter.02'
[LOG 18:15:16.673] PartLoader: Compiling Part 'SquadExpansion/MakingHistory/Parts/FuelTank/Size1p5_Size2_Adapter_01/Size1p5_Size2_Adapter_01'
[LOG 18:15:16.677] PartLoader: Part 'SquadExpansion/MakingHistory/Parts/FuelTank/Size1p5_Size2_Adapter_01/Size1p5_Size2_Adapter_01' has no database record. Creating.
[LOG 18:15:16.677] [DragCubeSystem]: Drag cubes not found or cannot be read for part Part. Generating New drag cubes.
[LOG 18:15:16.677] [KSPCF/DragCubeGeneration] Creating drag cubes for part 'Size1p5.Size2.Adapter.01'
[LOG 18:15:16.682] PartLoader: Compiling Part 'SquadExpansion/MakingHistory/Parts/FuelTank/Size1p5_Tank_01/Size1p5_Tank_01'
[LOG 18:15:16.685] PartLoader: Part 'SquadExpansion/MakingHistory/Parts/FuelTank/Size1p5_Tank_01/Size1p5_Tank_01' has no database record. Creating.
[LOG 18:15:16.685] [DragCubeSystem]: Drag cubes not found or cannot be read for part Part. Generating New drag cubes.
[LOG 18:15:16.685] [KSPCF/DragCubeGeneration] Creating drag cubes for part 'Size1p5.Tank.01'
[LOG 18:15:16.690] PartLoader: Compiling Part 'SquadExpansion/MakingHistory/Parts/FuelTank/Size1p5_Tank_02/Size1p5_Tank_02'
[LOG 18:15:16.694] PartLoader: Part 'SquadExpansion/MakingHistory/Parts/FuelTank/Size1p5_Tank_02/Size1p5_Tank_02' has no database record. Creating.
[LOG 18:15:16.694] [DragCubeSystem]: Drag cubes not found or cannot be read for part Part. Generating New drag cubes.
[LOG 18:15:16.694] [KSPCF/DragCubeGeneration] Creating drag cubes for part 'Size1p5.Tank.02'
[LOG 18:15:16.699] PartLoader: Compiling Part 'SquadExpansion/MakingHistory/Parts/FuelTank/Size1p5_Tank_03/Size1p5_Tank_03'
[LOG 18:15:16.703] PartLoader: Part 'SquadExpansion/MakingHistory/Parts/FuelTank/Size1p5_Tank_03/Size1p5_Tank_03' has no database record. Creating.
[LOG 18:15:16.703] [DragCubeSystem]: Drag cubes not found or cannot be read for part Part. Generating New drag cubes.
[LOG 18:15:16.703] [KSPCF/DragCubeGeneration] Creating drag cubes for part 'Size1p5.Tank.03'
[LOG 18:15:16.708] PartLoader: Compiling Part 'SquadExpansion/MakingHistory/Parts/FuelTank/Size1p5_Tank_04/Size1p5_Tank_04'
[LOG 18:15:16.711] PartLoader: Part 'SquadExpansion/MakingHistory/Parts/FuelTank/Size1p5_Tank_04/Size1p5_Tank_04' has no database record. Creating.
[LOG 18:15:16.712] [DragCubeSystem]: Drag cubes not found or cannot be read for part Part. Generating New drag cubes.
[LOG 18:15:16.712] [KSPCF/DragCubeGeneration] Creating drag cubes for part 'Size1p5.Tank.04'
[LOG 18:15:16.718] PartLoader: Compiling Part 'SquadExpansion/MakingHistory/Parts/FuelTank/Size1p5_Tank_05/Size1p5_Tank_05'
[LOG 18:15:16.724] PartLoader: Part 'SquadExpansion/MakingHistory/Parts/FuelTank/Size1p5_Tank_05/Size1p5_Tank_05' has no database record. Creating.
[LOG 18:15:16.724] [DragCubeSystem]: Drag cubes not found or cannot be read for part Part. Generating New drag cubes.
[LOG 18:15:16.724] [KSPCF/DragCubeGeneration] Creating drag cubes for part 'Size1p5.Tank.05'
[LOG 18:15:16.730] PartLoader: Compiling Part 'SquadExpansion/MakingHistory/Parts/FuelTank/Size3_Size4_Adapter_01/Size3_Size4_Adapter_01'
[LOG 18:15:16.733] PartLoader: Part 'SquadExpansion/MakingHistory/Parts/FuelTank/Size3_Size4_Adapter_01/Size3_Size4_Adapter_01' has no database record. Creating.
[LOG 18:15:16.733] [DragCubeSystem]: Drag cubes not found or cannot be read for part Part. Generating New drag cubes.
[LOG 18:15:16.733] [KSPCF/DragCubeGeneration] Creating drag cubes for part 'Size3.Size4.Adapter.01'
[LOG 18:15:16.740] PartLoader: Compiling Part 'SquadExpansion/MakingHistory/Parts/FuelTank/Size4_EngineAdapter_01/Size4_EngineAdapter_01'
[LOG 18:15:16.744] PartLoader: Part 'SquadExpansion/MakingHistory/Parts/FuelTank/Size4_EngineAdapter_01/Size4_EngineAdapter_01' has no database record. Creating.
[LOG 18:15:16.744] [DragCubeSystem]: Drag cubes not found or cannot be read for part Part. Generating New drag cubes.
[LOG 18:15:16.744] [KSPCF/DragCubeGeneration] Creating drag cubes for part 'Size4.EngineAdapter.01'
[LOG 18:15:16.749] PartLoader: Compiling Part 'SquadExpansion/MakingHistory/Parts/FuelTank/Size4_Tank_01/Size4_Tank_01'
[LOG 18:15:16.752] PartLoader: Part 'SquadExpansion/MakingHistory/Parts/FuelTank/Size4_Tank_01/Size4_Tank_01' has no database record. Creating.
[LOG 18:15:16.752] [DragCubeSystem]: Drag cubes not found or cannot be read for part Part. Generating New drag cubes.
[LOG 18:15:16.752] [KSPCF/DragCubeGeneration] Creating drag cubes for part 'Size4.Tank.01'
[LOG 18:15:16.757] PartLoader: Compiling Part 'SquadExpansion/MakingHistory/Parts/FuelTank/Size4_Tank_02/Size4_Tank_02'
[LOG 18:15:16.759] PartLoader: Part 'SquadExpansion/MakingHistory/Parts/FuelTank/Size4_Tank_02/Size4_Tank_02' has no database record. Creating.
[LOG 18:15:16.759] [DragCubeSystem]: Drag cubes not found or cannot be read for part Part. Generating New drag cubes.
[LOG 18:15:16.759] [KSPCF/DragCubeGeneration] Creating drag cubes for part 'Size4.Tank.02'
[LOG 18:15:16.764] PartLoader: Compiling Part 'SquadExpansion/MakingHistory/Parts/FuelTank/Size4_Tank_03/Size4_Tank_03'
[LOG 18:15:16.766] PartLoader: Part 'SquadExpansion/MakingHistory/Parts/FuelTank/Size4_Tank_03/Size4_Tank_03' has no database record. Creating.
[LOG 18:15:16.766] [DragCubeSystem]: Drag cubes not found or cannot be read for part Part. Generating New drag cubes.
[LOG 18:15:16.766] [KSPCF/DragCubeGeneration] Creating drag cubes for part 'Size4.Tank.03'
[LOG 18:15:16.771] PartLoader: Compiling Part 'SquadExpansion/MakingHistory/Parts/FuelTank/Size4_Tank_04/Size4_Tank_04'
[LOG 18:15:16.774] PartLoader: Part 'SquadExpansion/MakingHistory/Parts/FuelTank/Size4_Tank_04/Size4_Tank_04' has no database record. Creating.
[LOG 18:15:16.774] [DragCubeSystem]: Drag cubes not found or cannot be read for part Part. Generating New drag cubes.
[LOG 18:15:16.774] [KSPCF/DragCubeGeneration] Creating drag cubes for part 'Size4.Tank.04'
[LOG 18:15:16.779] PartLoader: Compiling Part 'SquadExpansion/MakingHistory/Parts/Ground/RoverWheel/roverWheelM1-F'
[LOG 18:15:16.789] PartLoader: Part 'SquadExpansion/MakingHistory/Parts/Ground/RoverWheel/roverWheelM1-F' has no database record. Creating.
[LOG 18:15:16.789] [DragCubeSystem]: Drag cubes not found or cannot be read for part Part. Generating New drag cubes.
[LOG 18:15:16.789] [KSPCF/DragCubeGeneration] Creating drag cubes for part 'roverWheelM1-F'
[LOG 18:15:16.804] PartLoader: Compiling Part 'SquadExpansion/MakingHistory/Parts/Payload/fairingSize1p5/fairingSize1p5'
[LOG 18:15:16.815] PartLoader: Part 'SquadExpansion/MakingHistory/Parts/Payload/fairingSize1p5/fairingSize1p5' has no database record. Creating.
[LOG 18:15:16.815] [DragCubeSystem]: Drag cubes not found or cannot be read for part Part. Generating New drag cubes.
[LOG 18:15:16.815] [KSPCF/DragCubeGeneration] Creating drag cubes for part 'fairingSize1p5'
[LOG 18:15:16.820] PartLoader: Compiling Part 'SquadExpansion/MakingHistory/Parts/Payload/fairingSize4/fairingSize4'
[LOG 18:15:16.829] PartLoader: Part 'SquadExpansion/MakingHistory/Parts/Payload/fairingSize4/fairingSize4' has no database record. Creating.
[LOG 18:15:16.829] [DragCubeSystem]: Drag cubes not found or cannot be read for part Part. Generating New drag cubes.
[LOG 18:15:16.830] [KSPCF/DragCubeGeneration] Creating drag cubes for part 'fairingSize4'
[LOG 18:15:16.835] PartLoader: Compiling Part 'SquadExpansion/MakingHistory/Parts/Payload/Size1to0ServiceModule/Size1to0ServiceModule'
[LOG 18:15:16.848] PartLoader: Part 'SquadExpansion/MakingHistory/Parts/Payload/Size1to0ServiceModule/Size1to0ServiceModule' has no database record. Creating.
[LOG 18:15:16.848] [DragCubeSystem]: Drag cubes not found or cannot be read for part Part. Generating New drag cubes.
[LOG 18:15:16.849] [KSPCF/DragCubeGeneration] Part 'Size1to0ServiceModule' has defined a procedural drag cube setup
[LOG 18:15:16.849] PartLoader: Compiling Part 'SquadExpansion/MakingHistory/Parts/Payload/SM18/ServiceModule18'
[LOG 18:15:16.858] PartLoader: Part 'SquadExpansion/MakingHistory/Parts/Payload/SM18/ServiceModule18' has no database record. Creating.
[LOG 18:15:16.858] [DragCubeSystem]: Drag cubes not found or cannot be read for part Part. Generating New drag cubes.
[LOG 18:15:16.858] [KSPCF/DragCubeGeneration] Part 'ServiceModule18' has defined a procedural drag cube setup
[LOG 18:15:16.858] PartLoader: Compiling Part 'SquadExpansion/MakingHistory/Parts/Payload/SM25/ServiceModule25'
[LOG 18:15:16.864] PartLoader: Part 'SquadExpansion/MakingHistory/Parts/Payload/SM25/ServiceModule25' has no database record. Creating.
[LOG 18:15:16.864] [DragCubeSystem]: Drag cubes not found or cannot be read for part Part. Generating New drag cubes.
[LOG 18:15:16.864] [KSPCF/DragCubeGeneration] Part 'ServiceModule25' has defined a procedural drag cube setup
[LOG 18:15:16.865] PartLoader: Compiling Part 'SquadExpansion/MakingHistory/Parts/Pods/KV1Pod/kv1Pod'
[WRN 18:15:16.868] [Part]: Cannot have ModuleCargoPart and ModuleInventoryPart on same Part [kv1Pod'. Removed ModuleCargoPart
[LOG 18:15:16.872] PartLoader: Part 'SquadExpansion/MakingHistory/Parts/Pods/KV1Pod/kv1Pod' has no database record. Creating.
[LOG 18:15:16.874] PartLoader: Compiling Part 'SquadExpansion/MakingHistory/Parts/Pods/KV2Pod/kv2Pod'
[WRN 18:15:16.878] [Part]: Cannot have ModuleCargoPart and ModuleInventoryPart on same Part [kv2Pod'. Removed ModuleCargoPart
[LOG 18:15:16.881] PartLoader: Part 'SquadExpansion/MakingHistory/Parts/Pods/KV2Pod/kv2Pod' has no database record. Creating.
[LOG 18:15:16.883] PartLoader: Compiling Part 'SquadExpansion/MakingHistory/Parts/Pods/KV3Pod/kv3Pod'
[WRN 18:15:16.887] [Part]: Cannot have ModuleCargoPart and ModuleInventoryPart on same Part [kv3Pod'. Removed ModuleCargoPart
[LOG 18:15:16.891] PartLoader: Part 'SquadExpansion/MakingHistory/Parts/Pods/KV3Pod/kv3Pod' has no database record. Creating.
[LOG 18:15:16.893] PartLoader: Compiling Part 'SquadExpansion/MakingHistory/Parts/Pods/Mk2Pod/Mk2Pod'
[WRN 18:15:16.896] [Part]: Cannot have ModuleCargoPart and ModuleInventoryPart on same Part [Mk2Pod'. Removed ModuleCargoPart
[LOG 18:15:16.900] PartLoader: Part 'SquadExpansion/MakingHistory/Parts/Pods/Mk2Pod/Mk2Pod' has no database record. Creating.
[LOG 18:15:16.900] [DragCubeSystem]: Drag cubes not found or cannot be read for part Part. Generating New drag cubes.
[LOG 18:15:16.900] [KSPCF/DragCubeGeneration] Creating drag cubes for part 'Mk2Pod'
[LOG 18:15:16.906] PartLoader: Compiling Part 'SquadExpansion/MakingHistory/Parts/Pods/Size1_5_Lander/MEMLander'
[WRN 18:15:16.911] [Part]: Cannot add ModuleCargoPart as this Part 'MEMLander' already has a ModuleInventoryPart PartModule and they are mutually exclusive.
[LOG 18:15:16.915] PartLoader: Part 'SquadExpansion/MakingHistory/Parts/Pods/Size1_5_Lander/MEMLander' has no database record. Creating.
[LOG 18:15:16.915] [DragCubeSystem]: Drag cubes not found or cannot be read for part Part. Generating New drag cubes.
[LOG 18:15:16.915] [KSPCF/DragCubeGeneration] Creating drag cubes for part 'MEMLander'
[LOG 18:15:16.921] PartLoader: Compiling Part 'SquadExpansion/MakingHistory/Parts/Prebuilt/kerbalEVAfemaleVintage/kerbalEVAfemaleVintage'
[LOG 18:15:16.929] PartLoader: Compiling Part 'SquadExpansion/MakingHistory/Parts/Prebuilt/kerbalEVAVintage/kerbalEVAVintage'
[LOG 18:15:16.937] PartLoader: Compiling Part 'SquadExpansion/MakingHistory/Parts/Structural/EquiTriangle0/EquiTriangle0'
[LOG 18:15:16.947] PartLoader: Part 'SquadExpansion/MakingHistory/Parts/Structural/EquiTriangle0/EquiTriangle0' has no database record. Creating.
[LOG 18:15:16.947] [DragCubeSystem]: Drag cubes not found or cannot be read for part Part. Generating New drag cubes.
[LOG 18:15:16.947] [KSPCF/DragCubeGeneration] Creating drag cubes for part 'EquiTriangle0'
[LOG 18:15:16.951] PartLoader: Compiling Part 'SquadExpansion/MakingHistory/Parts/Structural/EquiTriangle1/EquiTriangle1'
[LOG 18:15:16.955] PartLoader: Part 'SquadExpansion/MakingHistory/Parts/Structural/EquiTriangle1/EquiTriangle1' has no database record. Creating.
[LOG 18:15:16.955] [DragCubeSystem]: Drag cubes not found or cannot be read for part Part. Generating New drag cubes.
[LOG 18:15:16.955] [KSPCF/DragCubeGeneration] Creating drag cubes for part 'EquiTriangle1'
[LOG 18:15:16.959] PartLoader: Compiling Part 'SquadExpansion/MakingHistory/Parts/Structural/EquiTriangle1p5/EquiTriangle1p5'
[LOG 18:15:16.963] PartLoader: Part 'SquadExpansion/MakingHistory/Parts/Structural/EquiTriangle1p5/EquiTriangle1p5' has no database record. Creating.
[LOG 18:15:16.963] [DragCubeSystem]: Drag cubes not found or cannot be read for part Part. Generating New drag cubes.
[LOG 18:15:16.963] [KSPCF/DragCubeGeneration] Creating drag cubes for part 'EquiTriangle1p5'
[LOG 18:15:16.967] PartLoader: Compiling Part 'SquadExpansion/MakingHistory/Parts/Structural/EquiTriangle2/EquiTriangle2'
[LOG 18:15:16.972] PartLoader: Part 'SquadExpansion/MakingHistory/Parts/Structural/EquiTriangle2/EquiTriangle2' has no database record. Creating.
[LOG 18:15:16.972] [DragCubeSystem]: Drag cubes not found or cannot be read for part Part. Generating New drag cubes.
[LOG 18:15:16.972] [KSPCF/DragCubeGeneration] Creating drag cubes for part 'EquiTriangle2'
[LOG 18:15:16.975] PartLoader: Compiling Part 'SquadExpansion/MakingHistory/Parts/Structural/Panel0/Panel0'
[LOG 18:15:16.981] PartLoader: Part 'SquadExpansion/MakingHistory/Parts/Structural/Panel0/Panel0' has no database record. Creating.
[LOG 18:15:16.981] [DragCubeSystem]: Drag cubes not found or cannot be read for part Part. Generating New drag cubes.
[LOG 18:15:16.981] [KSPCF/DragCubeGeneration] Creating drag cubes for part 'Panel0'
[LOG 18:15:16.985] PartLoader: Compiling Part 'SquadExpansion/MakingHistory/Parts/Structural/Panel1/Panel1'
[LOG 18:15:16.990] PartLoader: Part 'SquadExpansion/MakingHistory/Parts/Structural/Panel1/Panel1' has no database record. Creating.
[LOG 18:15:16.990] [DragCubeSystem]: Drag cubes not found or cannot be read for part Part. Generating New drag cubes.
[LOG 18:15:16.990] [KSPCF/DragCubeGeneration] Creating drag cubes for part 'Panel1'
[LOG 18:15:16.994] PartLoader: Compiling Part 'SquadExpansion/MakingHistory/Parts/Structural/Panel1p5/Panel1p5'
[LOG 18:15:16.997] PartLoader: Part 'SquadExpansion/MakingHistory/Parts/Structural/Panel1p5/Panel1p5' has no database record. Creating.
[LOG 18:15:16.997] [DragCubeSystem]: Drag cubes not found or cannot be read for part Part. Generating New drag cubes.
[LOG 18:15:16.997] [KSPCF/DragCubeGeneration] Creating drag cubes for part 'Panel1p5'
[LOG 18:15:17.001] PartLoader: Compiling Part 'SquadExpansion/MakingHistory/Parts/Structural/Panel2/Panel2'
[LOG 18:15:17.005] PartLoader: Part 'SquadExpansion/MakingHistory/Parts/Structural/Panel2/Panel2' has no database record. Creating.
[LOG 18:15:17.005] [DragCubeSystem]: Drag cubes not found or cannot be read for part Part. Generating New drag cubes.
[LOG 18:15:17.005] [KSPCF/DragCubeGeneration] Creating drag cubes for part 'Panel2'
[LOG 18:15:17.008] PartLoader: Compiling Part 'SquadExpansion/MakingHistory/Parts/Structural/Triangle0/Triangle0'
[LOG 18:15:17.012] PartLoader: Part 'SquadExpansion/MakingHistory/Parts/Structural/Triangle0/Triangle0' has no database record. Creating.
[LOG 18:15:17.012] [DragCubeSystem]: Drag cubes not found or cannot be read for part Part. Generating New drag cubes.
[LOG 18:15:17.012] [KSPCF/DragCubeGeneration] Creating drag cubes for part 'Triangle0'
[LOG 18:15:17.017] PartLoader: Compiling Part 'SquadExpansion/MakingHistory/Parts/Structural/Triangle1/Triangle1'
[LOG 18:15:17.021] PartLoader: Part 'SquadExpansion/MakingHistory/Parts/Structural/Triangle1/Triangle1' has no database record. Creating.
[LOG 18:15:17.021] [DragCubeSystem]: Drag cubes not found or cannot be read for part Part. Generating New drag cubes.
[LOG 18:15:17.021] [KSPCF/DragCubeGeneration] Creating drag cubes for part 'Triangle1'
[LOG 18:15:17.025] PartLoader: Compiling Part 'SquadExpansion/MakingHistory/Parts/Structural/Triangle1p5/Triangle1p5'
[LOG 18:15:17.028] PartLoader: Part 'SquadExpansion/MakingHistory/Parts/Structural/Triangle1p5/Triangle1p5' has no database record. Creating.
[LOG 18:15:17.029] [DragCubeSystem]: Drag cubes not found or cannot be read for part Part. Generating New drag cubes.
[LOG 18:15:17.029] [KSPCF/DragCubeGeneration] Creating drag cubes for part 'Triangle1p5'
[LOG 18:15:17.032] PartLoader: Compiling Part 'SquadExpansion/MakingHistory/Parts/Structural/Triangle2/Triangle2'
[LOG 18:15:17.035] PartLoader: Part 'SquadExpansion/MakingHistory/Parts/Structural/Triangle2/Triangle2' has no database record. Creating.
[LOG 18:15:17.035] [DragCubeSystem]: Drag cubes not found or cannot be read for part Part. Generating New drag cubes.
[LOG 18:15:17.036] [KSPCF/DragCubeGeneration] Creating drag cubes for part 'Triangle2'
[LOG 18:15:17.039] PartLoader: Compiling Part 'SquadExpansion/MakingHistory/Parts/Structural/Tube1/Tube1'
[LOG 18:15:17.043] PartLoader: Part 'SquadExpansion/MakingHistory/Parts/Structural/Tube1/Tube1' has no database record. Creating.
[LOG 18:15:17.044] PartLoader: Compiling Part 'SquadExpansion/MakingHistory/Parts/Structural/Tube1p5/Tube1p5'
[LOG 18:15:17.047] PartLoader: Part 'SquadExpansion/MakingHistory/Parts/Structural/Tube1p5/Tube1p5' has no database record. Creating.
[LOG 18:15:17.047] PartLoader: Compiling Part 'SquadExpansion/MakingHistory/Parts/Structural/Tube2/Tube2'
[LOG 18:15:17.051] PartLoader: Part 'SquadExpansion/MakingHistory/Parts/Structural/Tube2/Tube2' has no database record. Creating.
[LOG 18:15:17.053] PartLoader: Compiling Part 'SquadExpansion/MakingHistory/Parts/Structural/Tube3/Tube3'
[LOG 18:15:17.056] PartLoader: Part 'SquadExpansion/MakingHistory/Parts/Structural/Tube3/Tube3' has no database record. Creating.
[LOG 18:15:17.057] PartLoader: Compiling Part 'SquadExpansion/MakingHistory/Parts/Structural/Tube4/Tube4'
[LOG 18:15:17.060] PartLoader: Part 'SquadExpansion/MakingHistory/Parts/Structural/Tube4/Tube4' has no database record. Creating.
[LOG 18:15:17.061] PartLoader: Compiling Part 'SquadExpansion/MakingHistory/Parts/Thermal/HeatShield1p5/HeatShield1p5'
[LOG 18:15:17.066] PartLoader: Part 'SquadExpansion/MakingHistory/Parts/Thermal/HeatShield1p5/HeatShield1p5' has no database record. Creating.
[LOG 18:15:17.066] [DragCubeSystem]: Drag cubes not found or cannot be read for part Part. Generating New drag cubes.
[LOG 18:15:17.066] [KSPCF/DragCubeGeneration] Creating drag cubes for part 'HeatShield1p5'
[LOG 18:15:17.080] PartLoader: Compiling Part 'SquadExpansion/MakingHistory/Parts/Utility/flags/flagSize1p5/flagSize1p5/flagPartSize1p5'
[LOG 18:15:17.087] PartLoader: Part 'SquadExpansion/MakingHistory/Parts/Utility/flags/flagSize1p5/flagSize1p5/flagPartSize1p5' has no database record. Creating.
[LOG 18:15:17.087] [DragCubeSystem]: Drag cubes not found or cannot be read for part Part. Generating New drag cubes.
[LOG 18:15:17.087] [KSPCF/DragCubeGeneration] Creating drag cubes for part 'flagPartSize1p5'
[LOG 18:15:17.092] PartLoader: Compiling Part 'SquadExpansion/MakingHistory/Parts/Utility/flags/flagSize4/flagSize4/flagPartSize4'
[LOG 18:15:17.100] PartLoader: Part 'SquadExpansion/MakingHistory/Parts/Utility/flags/flagSize4/flagSize4/flagPartSize4' has no database record. Creating.
[LOG 18:15:17.100] [DragCubeSystem]: Drag cubes not found or cannot be read for part Part. Generating New drag cubes.
[LOG 18:15:17.100] [KSPCF/DragCubeGeneration] Creating drag cubes for part 'flagPartSize4'
[LOG 18:15:17.104] PartLoader: Compiling Part 'SquadExpansion/Serenity/Parts/Aero/FanShroud_01/FanShroud_01'
[LOG 18:15:17.109] PartLoader: Part 'SquadExpansion/Serenity/Parts/Aero/FanShroud_01/FanShroud_01' has no database record. Creating.
[LOG 18:15:17.110] [DragCubeSystem]: Drag cubes not found or cannot be read for part Part. Generating New drag cubes.
[LOG 18:15:17.110] [KSPCF/DragCubeGeneration] Creating drag cubes for part 'FanShroud.01'
[LOG 18:15:17.114] PartLoader: Compiling Part 'SquadExpansion/Serenity/Parts/Aero/FanShroud_02/FanShroud_02'
[LOG 18:15:17.118] PartLoader: Part 'SquadExpansion/Serenity/Parts/Aero/FanShroud_02/FanShroud_02' has no database record. Creating.
[LOG 18:15:17.118] [DragCubeSystem]: Drag cubes not found or cannot be read for part Part. Generating New drag cubes.
[LOG 18:15:17.118] [KSPCF/DragCubeGeneration] Creating drag cubes for part 'FanShroud.02'
[LOG 18:15:17.122] PartLoader: Compiling Part 'SquadExpansion/Serenity/Parts/Aero/FanShroud_03/FanShroud_03'
[LOG 18:15:17.126] PartLoader: Part 'SquadExpansion/Serenity/Parts/Aero/FanShroud_03/FanShroud_03' has no database record. Creating.
[LOG 18:15:17.126] [DragCubeSystem]: Drag cubes not found or cannot be read for part Part. Generating New drag cubes.
[LOG 18:15:17.126] [KSPCF/DragCubeGeneration] Creating drag cubes for part 'FanShroud.03'
[LOG 18:15:17.130] PartLoader: Compiling Part 'SquadExpansion/Serenity/Parts/Aero/noseconeTiny/noseconeTiny'
[LOG 18:15:17.133] PartLoader: Part 'SquadExpansion/Serenity/Parts/Aero/noseconeTiny/noseconeTiny' has no database record. Creating.
[LOG 18:15:17.133] [DragCubeSystem]: Drag cubes not found or cannot be read for part Part. Generating New drag cubes.
[LOG 18:15:17.133] [KSPCF/DragCubeGeneration] Creating drag cubes for part 'noseconeTiny'
[LOG 18:15:17.137] PartLoader: Compiling Part 'SquadExpansion/Serenity/Parts/Aero/noseconeVS/noseconeVS'
[LOG 18:15:17.140] PartLoader: Part 'SquadExpansion/Serenity/Parts/Aero/noseconeVS/noseconeVS' has no database record. Creating.
[LOG 18:15:17.140] [DragCubeSystem]: Drag cubes not found or cannot be read for part Part. Generating New drag cubes.
[LOG 18:15:17.140] [KSPCF/DragCubeGeneration] Creating drag cubes for part 'noseconeVS'
[LOG 18:15:17.145] PartLoader: Compiling Part 'SquadExpansion/Serenity/Parts/DeployedScience/centralStation/DeployedCentralStation'
[LOG 18:15:17.155] PartLoader: Part 'SquadExpansion/Serenity/Parts/DeployedScience/centralStation/DeployedCentralStation' has no database record. Creating.
[LOG 18:15:17.155] [DragCubeSystem]: Drag cubes not found or cannot be read for part Part. Generating New drag cubes.
[LOG 18:15:17.155] [KSPCF/DragCubeGeneration] Creating drag cubes for part 'DeployedCentralStation'
[LOG 18:15:17.179] PartLoader: Compiling Part 'SquadExpansion/Serenity/Parts/DeployedScience/gooObservation/DeployedGoExOb'
[LOG 18:15:17.187] PartLoader: Part 'SquadExpansion/Serenity/Parts/DeployedScience/gooObservation/DeployedGoExOb' has no database record. Creating.
[LOG 18:15:17.187] [DragCubeSystem]: Drag cubes not found or cannot be read for part Part. Generating New drag cubes.
[LOG 18:15:17.187] [KSPCF/DragCubeGeneration] Creating drag cubes for part 'DeployedGoExOb'
[LOG 18:15:17.213] PartLoader: Compiling Part 'SquadExpansion/Serenity/Parts/DeployedScience/ionCollector/DeployedIONExp'
[LOG 18:15:17.218] PartLoader: Part 'SquadExpansion/Serenity/Parts/DeployedScience/ionCollector/DeployedIONExp' has no database record. Creating.
[LOG 18:15:17.218] [DragCubeSystem]: Drag cubes not found or cannot be read for part Part. Generating New drag cubes.
[LOG 18:15:17.218] [KSPCF/DragCubeGeneration] Creating drag cubes for part 'DeployedIONExp'
[LOG 18:15:17.231] PartLoader: Compiling Part 'SquadExpansion/Serenity/Parts/DeployedScience/rtg/DeployedRTG'
[LOG 18:15:17.240] PartLoader: Part 'SquadExpansion/Serenity/Parts/DeployedScience/rtg/DeployedRTG' has no database record. Creating.
[LOG 18:15:17.240] [DragCubeSystem]: Drag cubes not found or cannot be read for part Part. Generating New drag cubes.
[LOG 18:15:17.240] [KSPCF/DragCubeGeneration] Creating drag cubes for part 'DeployedRTG'
[LOG 18:15:17.255] PartLoader: Compiling Part 'SquadExpansion/Serenity/Parts/DeployedScience/satDish/DeployedSatDish'
[LOG 18:15:17.264] PartLoader: Part 'SquadExpansion/Serenity/Parts/DeployedScience/satDish/DeployedSatDish' has no database record. Creating.
[LOG 18:15:17.265] [DragCubeSystem]: Drag cubes not found or cannot be read for part Part. Generating New drag cubes.
[LOG 18:15:17.265] [KSPCF/DragCubeGeneration] Creating drag cubes for part 'DeployedSatDish'
[LOG 18:15:17.279] PartLoader: Compiling Part 'SquadExpansion/Serenity/Parts/DeployedScience/seismicSensor/DeployedSeismicSensor'
[LOG 18:15:17.283] PartLoader: Part 'SquadExpansion/Serenity/Parts/DeployedScience/seismicSensor/DeployedSeismicSensor' has no database record. Creating.
[LOG 18:15:17.284] [DragCubeSystem]: Drag cubes not found or cannot be read for part Part. Generating New drag cubes.
[LOG 18:15:17.284] [KSPCF/DragCubeGeneration] Creating drag cubes for part 'DeployedSeismicSensor'
[LOG 18:15:17.296] PartLoader: Compiling Part 'SquadExpansion/Serenity/Parts/DeployedScience/solarPanel/DeployedSolarPanel'
[LOG 18:15:17.305] PartLoader: Part 'SquadExpansion/Serenity/Parts/DeployedScience/solarPanel/DeployedSolarPanel' has no database record. Creating.
[LOG 18:15:17.305] [DragCubeSystem]: Drag cubes not found or cannot be read for part Part. Generating New drag cubes.
[LOG 18:15:17.305] [KSPCF/DragCubeGeneration] Creating drag cubes for part 'DeployedSolarPanel'
[LOG 18:15:17.321] PartLoader: Compiling Part 'SquadExpansion/Serenity/Parts/DeployedScience/weatherStation/DeployedWeatherStn'
[LOG 18:15:17.326] PartLoader: Part 'SquadExpansion/Serenity/Parts/DeployedScience/weatherStation/DeployedWeatherStn' has no database record. Creating.
[LOG 18:15:17.326] [DragCubeSystem]: Drag cubes not found or cannot be read for part Part. Generating New drag cubes.
[LOG 18:15:17.326] [KSPCF/DragCubeGeneration] Creating drag cubes for part 'DeployedWeatherStn'
[LOG 18:15:17.349] PartLoader: Compiling Part 'SquadExpansion/Serenity/Parts/Prebuilt/kerbalEVA/kerbalEVA'
[LOG 18:15:17.351] PartLoader: Compiling Part 'SquadExpansion/Serenity/Parts/Prebuilt/kerbalEVAfemale/kerbalEVAfemale'
[LOG 18:15:17.352] PartLoader: Compiling Part 'SquadExpansion/Serenity/Parts/Prebuilt/kerbalEVAfemaleFuture/kerbalEVAfemaleFuture'
[LOG 18:15:17.359] PartLoader: Compiling Part 'SquadExpansion/Serenity/Parts/Prebuilt/kerbalEVAfemaleVintage/kerbalEVAfemaleVintage'
[LOG 18:15:17.360] PartLoader: Compiling Part 'SquadExpansion/Serenity/Parts/Prebuilt/kerbalEVAFuture/kerbalEVAFuture'
[LOG 18:15:17.370] PartLoader: Compiling Part 'SquadExpansion/Serenity/Parts/Prebuilt/kerbalEVASlimSuit/kerbalEVASlimSuit'
[LOG 18:15:17.373] PartLoader: Compiling Part 'SquadExpansion/Serenity/Parts/Prebuilt/kerbalEVASlimSuitFemale/kerbalEVASlimSuitFemale'
[LOG 18:15:17.375] PartLoader: Compiling Part 'SquadExpansion/Serenity/Parts/Prebuilt/kerbalEVAVintage/kerbalEVAVintage'
[LOG 18:15:17.378] PartLoader: Compiling Part 'SquadExpansion/Serenity/Parts/Propellers/largeFanBlade/largeFanBlade'
[LOG 18:15:17.386] PartLoader: Part 'SquadExpansion/Serenity/Parts/Propellers/largeFanBlade/largeFanBlade' has no database record. Creating.
[LOG 18:15:17.386] [DragCubeSystem]: Drag cubes not found or cannot be read for part Part. Generating New drag cubes.
[LOG 18:15:17.386] [KSPCF/DragCubeGeneration] Creating drag cubes for part 'largeFanBlade'
[LOG 18:15:17.400] PartLoader: Compiling Part 'SquadExpansion/Serenity/Parts/Propellers/largeHeliBlade/largeHeliBlade'
[LOG 18:15:17.406] PartLoader: Part 'SquadExpansion/Serenity/Parts/Propellers/largeHeliBlade/largeHeliBlade' has no database record. Creating.
[LOG 18:15:17.406] [DragCubeSystem]: Drag cubes not found or cannot be read for part Part. Generating New drag cubes.
[LOG 18:15:17.407] [KSPCF/DragCubeGeneration] Creating drag cubes for part 'largeHeliBlade'
[LOG 18:15:17.420] PartLoader: Compiling Part 'SquadExpansion/Serenity/Parts/Propellers/largePropeller/largePropeller'
[LOG 18:15:17.426] PartLoader: Part 'SquadExpansion/Serenity/Parts/Propellers/largePropeller/largePropeller' has no database record. Creating.
[LOG 18:15:17.426] [DragCubeSystem]: Drag cubes not found or cannot be read for part Part. Generating New drag cubes.
[LOG 18:15:17.426] [KSPCF/DragCubeGeneration] Creating drag cubes for part 'largePropeller'
[LOG 18:15:17.440] PartLoader: Compiling Part 'SquadExpansion/Serenity/Parts/Propellers/mediumFanBlade/mediumFanBlade'
[LOG 18:15:17.446] PartLoader: Part 'SquadExpansion/Serenity/Parts/Propellers/mediumFanBlade/mediumFanBlade' has no database record. Creating.
[LOG 18:15:17.446] [DragCubeSystem]: Drag cubes not found or cannot be read for part Part. Generating New drag cubes.
[LOG 18:15:17.446] [KSPCF/DragCubeGeneration] Creating drag cubes for part 'mediumFanBlade'
[LOG 18:15:17.462] PartLoader: Compiling Part 'SquadExpansion/Serenity/Parts/Propellers/mediumHeliBlade/mediumHeliBlade'
[LOG 18:15:17.468] PartLoader: Part 'SquadExpansion/Serenity/Parts/Propellers/mediumHeliBlade/mediumHeliBlade' has no database record. Creating.
[LOG 18:15:17.468] [DragCubeSystem]: Drag cubes not found or cannot be read for part Part. Generating New drag cubes.
[LOG 18:15:17.468] [KSPCF/DragCubeGeneration] Creating drag cubes for part 'mediumHeliBlade'
[LOG 18:15:17.482] PartLoader: Compiling Part 'SquadExpansion/Serenity/Parts/Propellers/mediumPropeller/mediumPropeller'
[LOG 18:15:17.488] PartLoader: Part 'SquadExpansion/Serenity/Parts/Propellers/mediumPropeller/mediumPropeller' has no database record. Creating.
[LOG 18:15:17.489] [DragCubeSystem]: Drag cubes not found or cannot be read for part Part. Generating New drag cubes.
[LOG 18:15:17.489] [KSPCF/DragCubeGeneration] Creating drag cubes for part 'mediumPropeller'
[LOG 18:15:17.504] PartLoader: Compiling Part 'SquadExpansion/Serenity/Parts/Propellers/smallFanBlade/smallFanBlade'
[LOG 18:15:17.510] PartLoader: Part 'SquadExpansion/Serenity/Parts/Propellers/smallFanBlade/smallFanBlade' has no database record. Creating.
[LOG 18:15:17.510] [DragCubeSystem]: Drag cubes not found or cannot be read for part Part. Generating New drag cubes.
[LOG 18:15:17.510] [KSPCF/DragCubeGeneration] Creating drag cubes for part 'smallFanBlade'
[LOG 18:15:17.532] PartLoader: Compiling Part 'SquadExpansion/Serenity/Parts/Propellers/smallHeliBlade/smallHeliBlade'
[LOG 18:15:17.540] PartLoader: Part 'SquadExpansion/Serenity/Parts/Propellers/smallHeliBlade/smallHeliBlade' has no database record. Creating.
[LOG 18:15:17.540] [DragCubeSystem]: Drag cubes not found or cannot be read for part Part. Generating New drag cubes.
[LOG 18:15:17.540] [KSPCF/DragCubeGeneration] Creating drag cubes for part 'smallHeliBlade'
[LOG 18:15:17.560] PartLoader: Compiling Part 'SquadExpansion/Serenity/Parts/Propellers/smallPropeller/smallPropeller'
[LOG 18:15:17.566] PartLoader: Part 'SquadExpansion/Serenity/Parts/Propellers/smallPropeller/smallPropeller' has no database record. Creating.
[LOG 18:15:17.566] [DragCubeSystem]: Drag cubes not found or cannot be read for part Part. Generating New drag cubes.
[LOG 18:15:17.566] [KSPCF/DragCubeGeneration] Creating drag cubes for part 'smallPropeller'
[LOG 18:15:17.582] PartLoader: Compiling Part 'SquadExpansion/Serenity/Parts/Robotics/hinge_01/hinge_01'
[LOG 18:15:17.610] PartLoader: Part 'SquadExpansion/Serenity/Parts/Robotics/hinge_01/hinge_01' has no database record. Creating.
[LOG 18:15:17.610] [DragCubeSystem]: Drag cubes not found or cannot be read for part Part. Generating New drag cubes.
[LOG 18:15:17.610] [KSPCF/DragCubeGeneration] Creating drag cubes for part 'hinge.01'
[LOG 18:15:17.621] PartLoader: Compiling Part 'SquadExpansion/Serenity/Parts/Robotics/hinge_01_s/hinge_01_s'
[LOG 18:15:17.635] PartLoader: Part 'SquadExpansion/Serenity/Parts/Robotics/hinge_01_s/hinge_01_s' has no database record. Creating.
[LOG 18:15:17.636] [DragCubeSystem]: Drag cubes not found or cannot be read for part Part. Generating New drag cubes.
[LOG 18:15:17.637] [KSPCF/DragCubeGeneration] Creating drag cubes for part 'hinge.01.s'
[LOG 18:15:17.649] PartLoader: Compiling Part 'SquadExpansion/Serenity/Parts/Robotics/hinge_03/hinge_03'
[LOG 18:15:17.663] PartLoader: Part 'SquadExpansion/Serenity/Parts/Robotics/hinge_03/hinge_03' has no database record. Creating.
[LOG 18:15:17.667] PartLoader: Compiling Part 'SquadExpansion/Serenity/Parts/Robotics/hinge_03_s/hinge_03_s'
[LOG 18:15:17.681] PartLoader: Part 'SquadExpansion/Serenity/Parts/Robotics/hinge_03_s/hinge_03_s' has no database record. Creating.
[LOG 18:15:17.683] PartLoader: Compiling Part 'SquadExpansion/Serenity/Parts/Robotics/hinge_04/hinge_04'
[LOG 18:15:17.697] PartLoader: Part 'SquadExpansion/Serenity/Parts/Robotics/hinge_04/hinge_04' has no database record. Creating.
[LOG 18:15:17.698] PartLoader: Compiling Part 'SquadExpansion/Serenity/Parts/Robotics/piston_01/piston_01'
[LOG 18:15:17.718] PartLoader: Part 'SquadExpansion/Serenity/Parts/Robotics/piston_01/piston_01' has no database record. Creating.
[LOG 18:15:17.722] PartLoader: Compiling Part 'SquadExpansion/Serenity/Parts/Robotics/piston_02/piston_02'
[LOG 18:15:17.730] PartLoader: Part 'SquadExpansion/Serenity/Parts/Robotics/piston_02/piston_02' has no database record. Creating.
[LOG 18:15:17.731] PartLoader: Compiling Part 'SquadExpansion/Serenity/Parts/Robotics/piston_03/piston_03'
[LOG 18:15:17.739] PartLoader: Part 'SquadExpansion/Serenity/Parts/Robotics/piston_03/piston_03' has no database record. Creating.
[LOG 18:15:17.740] PartLoader: Compiling Part 'SquadExpansion/Serenity/Parts/Robotics/piston_04/piston_04'
[LOG 18:15:17.749] PartLoader: Part 'SquadExpansion/Serenity/Parts/Robotics/piston_04/piston_04' has no database record. Creating.
[LOG 18:15:17.751] PartLoader: Compiling Part 'SquadExpansion/Serenity/Parts/Robotics/RotorEngine_02/RotorEngine_02'
[LOG 18:15:17.773] PartLoader: Part 'SquadExpansion/Serenity/Parts/Robotics/RotorEngine_02/RotorEngine_02' has no database record. Creating.
[LOG 18:15:17.773] [DragCubeSystem]: Drag cubes not found or cannot be read for part Part. Generating New drag cubes.
[LOG 18:15:17.773] [KSPCF/DragCubeGeneration] Creating drag cubes for part 'RotorEngine.02'
[LOG 18:15:17.779] PartLoader: Compiling Part 'SquadExpansion/Serenity/Parts/Robotics/RotorEngine_03/RotorEngine_03'
[LOG 18:15:17.793] PartLoader: Part 'SquadExpansion/Serenity/Parts/Robotics/RotorEngine_03/RotorEngine_03' has no database record. Creating.
[LOG 18:15:17.793] [DragCubeSystem]: Drag cubes not found or cannot be read for part Part. Generating New drag cubes.
[LOG 18:15:17.793] [KSPCF/DragCubeGeneration] Creating drag cubes for part 'RotorEngine.03'
[LOG 18:15:17.800] PartLoader: Compiling Part 'SquadExpansion/Serenity/Parts/Robotics/rotor_01/rotor_01'
[LOG 18:15:17.815] PartLoader: Part 'SquadExpansion/Serenity/Parts/Robotics/rotor_01/rotor_01' has no database record. Creating.
[LOG 18:15:17.816] [DragCubeSystem]: Drag cubes not found or cannot be read for part Part. Generating New drag cubes.
[LOG 18:15:17.816] [KSPCF/DragCubeGeneration] Creating drag cubes for part 'rotor.01'
[LOG 18:15:17.824] PartLoader: Compiling Part 'SquadExpansion/Serenity/Parts/Robotics/rotor_01s/rotor_01s'
[LOG 18:15:17.839] PartLoader: Part 'SquadExpansion/Serenity/Parts/Robotics/rotor_01s/rotor_01s' has no database record. Creating.
[LOG 18:15:17.839] [DragCubeSystem]: Drag cubes not found or cannot be read for part Part. Generating New drag cubes.
[LOG 18:15:17.839] [KSPCF/DragCubeGeneration] Creating drag cubes for part 'rotor.01s'
[LOG 18:15:17.850] PartLoader: Compiling Part 'SquadExpansion/Serenity/Parts/Robotics/rotor_02/rotor_02'
[LOG 18:15:17.865] PartLoader: Part 'SquadExpansion/Serenity/Parts/Robotics/rotor_02/rotor_02' has no database record. Creating.
[LOG 18:15:17.865] [DragCubeSystem]: Drag cubes not found or cannot be read for part Part. Generating New drag cubes.
[LOG 18:15:17.865] [KSPCF/DragCubeGeneration] Creating drag cubes for part 'rotor.02'
[LOG 18:15:17.871] PartLoader: Compiling Part 'SquadExpansion/Serenity/Parts/Robotics/rotor_02s/rotor_02s'
[LOG 18:15:17.885] PartLoader: Part 'SquadExpansion/Serenity/Parts/Robotics/rotor_02s/rotor_02s' has no database record. Creating.
[LOG 18:15:17.885] [DragCubeSystem]: Drag cubes not found or cannot be read for part Part. Generating New drag cubes.
[LOG 18:15:17.885] [KSPCF/DragCubeGeneration] Creating drag cubes for part 'rotor.02s'
[LOG 18:15:17.890] PartLoader: Compiling Part 'SquadExpansion/Serenity/Parts/Robotics/rotor_03/rotor_03'
[LOG 18:15:17.899] PartLoader: Part 'SquadExpansion/Serenity/Parts/Robotics/rotor_03/rotor_03' has no database record. Creating.
[LOG 18:15:17.899] [DragCubeSystem]: Drag cubes not found or cannot be read for part Part. Generating New drag cubes.
[LOG 18:15:17.899] [KSPCF/DragCubeGeneration] Creating drag cubes for part 'rotor.03'
[LOG 18:15:17.906] PartLoader: Compiling Part 'SquadExpansion/Serenity/Parts/Robotics/rotor_03s/rotor_03s'
[LOG 18:15:17.927] PartLoader: Part 'SquadExpansion/Serenity/Parts/Robotics/rotor_03s/rotor_03s' has no database record. Creating.
[LOG 18:15:17.927] [DragCubeSystem]: Drag cubes not found or cannot be read for part Part. Generating New drag cubes.
[LOG 18:15:17.927] [KSPCF/DragCubeGeneration] Creating drag cubes for part 'rotor.03s'
[LOG 18:15:17.932] PartLoader: Compiling Part 'SquadExpansion/Serenity/Parts/Robotics/rotoServo_00/rotoServo_00'
[LOG 18:15:17.960] PartLoader: Part 'SquadExpansion/Serenity/Parts/Robotics/rotoServo_00/rotoServo_00' has no database record. Creating.
[LOG 18:15:17.960] [DragCubeSystem]: Drag cubes not found or cannot be read for part Part. Generating New drag cubes.
[LOG 18:15:17.960] [KSPCF/DragCubeGeneration] Creating drag cubes for part 'rotoServo.00'
[LOG 18:15:17.965] PartLoader: Compiling Part 'SquadExpansion/Serenity/Parts/Robotics/rotoServo_02/rotoServo_02'
[LOG 18:15:17.973] PartLoader: Part 'SquadExpansion/Serenity/Parts/Robotics/rotoServo_02/rotoServo_02' has no database record. Creating.
[LOG 18:15:17.973] [DragCubeSystem]: Drag cubes not found or cannot be read for part Part. Generating New drag cubes.
[LOG 18:15:17.973] [KSPCF/DragCubeGeneration] Creating drag cubes for part 'rotoServo.02'
[LOG 18:15:17.977] PartLoader: Compiling Part 'SquadExpansion/Serenity/Parts/Robotics/rotoServo_03/rotoServo_03'
[LOG 18:15:17.985] PartLoader: Part 'SquadExpansion/Serenity/Parts/Robotics/rotoServo_03/rotoServo_03' has no database record. Creating.
[LOG 18:15:17.985] [DragCubeSystem]: Drag cubes not found or cannot be read for part Part. Generating New drag cubes.
[LOG 18:15:17.985] [KSPCF/DragCubeGeneration] Creating drag cubes for part 'rotoServo.03'
[LOG 18:15:17.989] PartLoader: Compiling Part 'SquadExpansion/Serenity/Parts/Robotics/rotoServo_04/rotoServo_04'
[LOG 18:15:17.998] PartLoader: Part 'SquadExpansion/Serenity/Parts/Robotics/rotoServo_04/rotoServo_04' has no database record. Creating.
[LOG 18:15:17.998] [DragCubeSystem]: Drag cubes not found or cannot be read for part Part. Generating New drag cubes.
[LOG 18:15:17.998] [KSPCF/DragCubeGeneration] Creating drag cubes for part 'rotoServo.04'
[LOG 18:15:18.002] PartLoader: Compiling Part 'SquadExpansion/Serenity/Parts/Robotics/Controllers/KAL1000/controller1000'
[LOG 18:15:18.012] PartLoader: Part 'SquadExpansion/Serenity/Parts/Robotics/Controllers/KAL1000/controller1000' has no database record. Creating.
[LOG 18:15:18.012] [DragCubeSystem]: Drag cubes not found or cannot be read for part Part. Generating New drag cubes.
[LOG 18:15:18.012] [KSPCF/DragCubeGeneration] Creating drag cubes for part 'controller1000'
[LOG 18:15:18.017] PartLoader: Compiling Part 'SquadExpansion/Serenity/Parts/Science/RobotArmScanner/RobotArmScanner_S1/RobotArmScanner_S1'
[LOG 18:15:18.032] PartLoader: Part 'SquadExpansion/Serenity/Parts/Science/RobotArmScanner/RobotArmScanner_S1/RobotArmScanner_S1' has no database record. Creating.
[LOG 18:15:18.032] [DragCubeSystem]: Drag cubes not found or cannot be read for part Part. Generating New drag cubes.
[LOG 18:15:18.032] [KSPCF/DragCubeGeneration] Creating drag cubes for part 'RobotArmScanner.S1'
[LOG 18:15:18.048] PartLoader: Compiling Part 'SquadExpansion/Serenity/Parts/Science/RobotArmScanner/RobotArmScanner_S2/RobotArmScanner_S2'
[LOG 18:15:18.055] PartLoader: Part 'SquadExpansion/Serenity/Parts/Science/RobotArmScanner/RobotArmScanner_S2/RobotArmScanner_S2' has no database record. Creating.
[LOG 18:15:18.055] [DragCubeSystem]: Drag cubes not found or cannot be read for part Part. Generating New drag cubes.
[LOG 18:15:18.055] [KSPCF/DragCubeGeneration] Creating drag cubes for part 'RobotArmScanner.S2'
[LOG 18:15:18.072] PartLoader: Compiling Part 'SquadExpansion/Serenity/Parts/Science/RobotArmScanner/RobotArmScanner_S3/RobotArmScanner_S3'
[LOG 18:15:18.080] PartLoader: Part 'SquadExpansion/Serenity/Parts/Science/RobotArmScanner/RobotArmScanner_S3/RobotArmScanner_S3' has no database record. Creating.
[LOG 18:15:18.081] [DragCubeSystem]: Drag cubes not found or cannot be read for part Part. Generating New drag cubes.
[LOG 18:15:18.081] [KSPCF/DragCubeGeneration] Creating drag cubes for part 'RobotArmScanner.S3'
[LOG 18:15:18.097] PartLoader: Compiling Part 'SquadExpansion/Serenity/Parts/Structural/gripPads/lGripPad/lGripPad'
[LOG 18:15:18.105] PartLoader: Part 'SquadExpansion/Serenity/Parts/Structural/gripPads/lGripPad/lGripPad' has no database record. Creating.
[LOG 18:15:18.105] [DragCubeSystem]: Drag cubes not found or cannot be read for part Part. Generating New drag cubes.
[LOG 18:15:18.105] [KSPCF/DragCubeGeneration] Creating drag cubes for part 'lGripPad'
[LOG 18:15:18.115] PartLoader: Compiling Part 'SquadExpansion/Serenity/Parts/Structural/gripPads/lGripStrip/lGripStrip'
[LOG 18:15:18.119] PartLoader: Part 'SquadExpansion/Serenity/Parts/Structural/gripPads/lGripStrip/lGripStrip' has no database record. Creating.
[LOG 18:15:18.119] [DragCubeSystem]: Drag cubes not found or cannot be read for part Part. Generating New drag cubes.
[LOG 18:15:18.119] [KSPCF/DragCubeGeneration] Creating drag cubes for part 'lGripStrip'
[LOG 18:15:18.123] PartLoader: Compiling Part 'SquadExpansion/Serenity/Parts/Structural/gripPads/mGripPad/mGripPad'
[LOG 18:15:18.129] PartLoader: Part 'SquadExpansion/Serenity/Parts/Structural/gripPads/mGripPad/mGripPad' has no database record. Creating.
[LOG 18:15:18.129] [DragCubeSystem]: Drag cubes not found or cannot be read for part Part. Generating New drag cubes.
[LOG 18:15:18.130] [KSPCF/DragCubeGeneration] Creating drag cubes for part 'mGripPad'
[LOG 18:15:18.140] PartLoader: Compiling Part 'SquadExpansion/Serenity/Parts/Structural/gripPads/sGripPad/sGripPad'
[LOG 18:15:18.144] PartLoader: Part 'SquadExpansion/Serenity/Parts/Structural/gripPads/sGripPad/sGripPad' has no database record. Creating.
[LOG 18:15:18.144] [DragCubeSystem]: Drag cubes not found or cannot be read for part Part. Generating New drag cubes.
[LOG 18:15:18.144] [KSPCF/DragCubeGeneration] Creating drag cubes for part 'sGripPad'
[LOG 18:15:18.153] PartLoader: Compiling Part 'SquadExpansion/Serenity/Parts/Structural/gripPads/sGripStrip/sGripStrip'
[LOG 18:15:18.158] PartLoader: Part 'SquadExpansion/Serenity/Parts/Structural/gripPads/sGripStrip/sGripStrip' has no database record. Creating.
[LOG 18:15:18.158] [DragCubeSystem]: Drag cubes not found or cannot be read for part Part. Generating New drag cubes.
[LOG 18:15:18.158] [KSPCF/DragCubeGeneration] Creating drag cubes for part 'sGripStrip'
[LOG 18:15:18.163] PartLoader: Compiling Internal Prop 'Squad/Props/AltimeterThreeHands/prop/AltimeterThreeHands'
[LOG 18:15:18.167] PartLoader: Compiling Internal Prop 'Squad/Props/AtmosphereDepth/prop/AtmosphereDepth'
[LOG 18:15:18.170] PartLoader: Compiling Internal Prop 'Squad/Props/AxisIndicator/pitchConfig/AxisIndicatorPitch'
[LOG 18:15:18.171] PartLoader: Compiling Internal Prop 'Squad/Props/AxisIndicator/rollConfig/AxisIndicatorRoll'
[LOG 18:15:18.172] PartLoader: Compiling Internal Prop 'Squad/Props/AxisIndicator/yawConfig/AxisIndicatorYaw'
[LOG 18:15:18.174] PartLoader: Compiling Internal Prop 'Squad/Props/buttonsGeneric/circularButton/genericCircularButton'
[LOG 18:15:18.175] PartLoader: Compiling Internal Prop 'Squad/Props/buttonsGeneric/clusterButtons/genericClusterButtons'
[LOG 18:15:18.175] PartLoader: Compiling Internal Prop 'Squad/Props/buttonsGeneric/clusterButtons2/genericClusterButtons2'
[LOG 18:15:18.176] PartLoader: Compiling Internal Prop 'Squad/Props/buttonsGeneric/clusterKnob/genericClusterKnobs'
[LOG 18:15:18.177] PartLoader: Compiling Internal Prop 'Squad/Props/buttonsGeneric/clusterKnob2/genericClusterKnobs2'
[LOG 18:15:18.177] PartLoader: Compiling Internal Prop 'Squad/Props/buttonsGeneric/clusterMixed/genericClusterMixed'
[LOG 18:15:18.178] PartLoader: Compiling Internal Prop 'Squad/Props/buttonsGeneric/clusterSwitches01/genericClusterSwitches01'
[LOG 18:15:18.178] PartLoader: Compiling Internal Prop 'Squad/Props/buttonsGeneric/clusterSwitches02/genericClusterSwitches02'
[LOG 18:15:18.179] PartLoader: Compiling Internal Prop 'Squad/Props/buttonsGeneric/clusterSwitches03/genericClusterSwitches03'
[LOG 18:15:18.179] PartLoader: Compiling Internal Prop 'Squad/Props/buttonsGeneric/clusterSwitches04/genericClusterSwitches04'
[LOG 18:15:18.180] PartLoader: Compiling Internal Prop 'Squad/Props/buttonsGeneric/clusterSwitches05/genericClusterSwitches05'
[LOG 18:15:18.180] PartLoader: Compiling Internal Prop 'Squad/Props/buttonsGeneric/clusterSwitches06/genericClusterSwitches06'
[LOG 18:15:18.181] PartLoader: Compiling Internal Prop 'Squad/Props/buttonsGeneric/clusterSwitches07/genericClusterSwitches07'
[LOG 18:15:18.181] PartLoader: Compiling Internal Prop 'Squad/Props/buttonsGeneric/directionalKnob/genericDirectionalKnob'
[LOG 18:15:18.182] PartLoader: Compiling Internal Prop 'Squad/Props/buttonsGeneric/directionalKnob2/genericDirectionalKnob2'
[LOG 18:15:18.182] PartLoader: Compiling Internal Prop 'Squad/Props/buttonsGeneric/pullSwitch/genericPullSwitch'
[LOG 18:15:18.183] PartLoader: Compiling Internal Prop 'Squad/Props/buttonsGeneric/squareButton/genericSquareButton'
[LOG 18:15:18.183] PartLoader: Compiling Internal Prop 'Squad/Props/buttonsGeneric/standingSwitch/genericStandingSwitch'
[LOG 18:15:18.184] PartLoader: Compiling Internal Prop 'Squad/Props/buttonsGeneric/switch/genericSwitch'
[LOG 18:15:18.184] PartLoader: Compiling Internal Prop 'Squad/Props/buttonsGeneric/switchWithGuards/genericSwitchWithGuards'
[LOG 18:15:18.185] PartLoader: Compiling Internal Prop 'Squad/Props/ButtonSquare/prop/ButtonSquare'
[LOG 18:15:18.187] PartLoader: Compiling Internal Prop 'Squad/Props/circularButton/prop/circularButton'
[LOG 18:15:18.188] PartLoader: Compiling Internal Prop 'Squad/Props/Compass/prop/Compass'
[LOG 18:15:18.189] PartLoader: Compiling Internal Prop 'Squad/Props/directionalKnob/prop/directionalKnob'
[LOG 18:15:18.189] PartLoader: Compiling Internal Prop 'Squad/Props/directionalKnob2/prop/directionalKnob2'
[LOG 18:15:18.190] PartLoader: Compiling Internal Prop 'Squad/Props/IndicatorPanel/prop/IndicatorPanel'
[LOG 18:15:18.192] PartLoader: Compiling Internal Prop 'Squad/Props/IVANavBall/prop/NavBall'
[LOG 18:15:18.195] PartLoader: Compiling Internal Prop 'Squad/Props/IVANavBallNoBase/prop/NavBallNoBase'
[LOG 18:15:18.196] PartLoader: Compiling Internal Prop 'Squad/Props/ledPanelSpeed/prop/ledPanelSpeed'
[LOG 18:15:18.198] PartLoader: Compiling Internal Prop 'Squad/Props/Monitor/DockingMode/MonitorDockingMode'
[LOG 18:15:18.198] PartLoader: Compiling Internal Prop 'Squad/Props/NavBall/prop/NavBall'
[LOG 18:15:18.199] PartLoader: Compiling Internal Prop 'Squad/Props/PropsGeneric/Button_DockingMode/Button_DockingMode'
[LOG 18:15:18.199] PartLoader: Compiling Internal Prop 'Squad/Props/PropsGeneric/CargoBagA/CargoBagA'
[LOG 18:15:18.200] PartLoader: Compiling Internal Prop 'Squad/Props/PropsGeneric/CargoBagB/CargoBagB'
[LOG 18:15:18.201] PartLoader: Compiling Internal Prop 'Squad/Props/PropsGeneric/CargoBagC/CargoBagC'
[LOG 18:15:18.202] PartLoader: Compiling Internal Prop 'Squad/Props/PropsGeneric/Hatch_Plane/Hatch_Plane'
[LOG 18:15:18.202] PartLoader: Compiling Internal Prop 'Squad/Props/PropsGeneric/Hatch_Plane_Curve90/Hatch_Plane_Curve90'
[LOG 18:15:18.203] PartLoader: Compiling Internal Prop 'Squad/Props/PropsGeneric/Hatch_Plane_Frame/Hatch_Plane_Frame'
[LOG 18:15:18.204] PartLoader: Compiling Internal Prop 'Squad/Props/PropsGeneric/Seat_Passenger/Seat_Passenger'
[LOG 18:15:18.205] PartLoader: Compiling Internal Prop 'Squad/Props/PropsGeneric/Seat_Pilot/Seat_Pilot'
[LOG 18:15:18.206] PartLoader: Compiling Internal Prop 'Squad/Props/PropsGeneric/Seat_Pilot_Helmet/Seat_Pilot_Helmet'
[LOG 18:15:18.206] PartLoader: Compiling Internal Prop 'Squad/Props/PropsGeneric/SideStick/SideStick'
[LOG 18:15:18.207] PartLoader: Compiling Internal Prop 'Squad/Props/pullSwitch/prop/pullSwitch'
[LOG 18:15:18.208] PartLoader: Compiling Internal Prop 'Squad/Props/radarAltitude/prop/RadarAltimeter'
[LOG 18:15:18.211] PartLoader: Compiling Internal Prop 'Squad/Props/squareButton/prop/squareButton'
[LOG 18:15:18.212] PartLoader: Compiling Internal Prop 'Squad/Props/standingSwitch/prop/standingSwitch'
[LOG 18:15:18.213] PartLoader: Compiling Internal Prop 'Squad/Props/switch/prop/switch'
[LOG 18:15:18.213] PartLoader: Compiling Internal Prop 'Squad/Props/switchGuard/prop/switchGuard'
[LOG 18:15:18.214] PartLoader: Compiling Internal Prop 'Squad/Props/switchWithGuards/prop/switchWithGuards'
[LOG 18:15:18.215] PartLoader: Compiling Internal Prop 'Squad/Props/throttle/prop/throttle'
[LOG 18:15:18.217] PartLoader: Compiling Internal Prop 'Squad/Props/VSI/prop/VSI'
[LOG 18:15:18.220] PartLoader: Compiling Internal Space 'Squad/Spaces/crewCabinInternals/internal/crewCabinInternals'
[LOG 18:15:18.230] PartLoader: Compiling Internal Space 'Squad/Spaces/cupolaInternal/internal/cupolaInternal'
[LOG 18:15:18.242] PartLoader: Compiling Internal Space 'Squad/Spaces/GenericSpace1/internal/GenericSpace1'
[LOG 18:15:18.244] PartLoader: Compiling Internal Space 'Squad/Spaces/GenericSpace3/internal/GenericSpace3'
[LOG 18:15:18.247] PartLoader: Compiling Internal Space 'Squad/Spaces/landerCabinInternals/internal/landerCabinInternals'
[LOG 18:15:18.250] PartLoader: Compiling Internal Space 'Squad/Spaces/landerCabinSmallInternal/internal/landerCabinSmallInternal'
[LOG 18:15:18.253] PartLoader: Compiling Internal Space 'Squad/Spaces/LargeCrewedLabInternals/internal/Mobile_Processing_Lab_Int'
[LOG 18:15:18.256] PartLoader: Compiling Internal Space 'Squad/Spaces/Mk1-3/internal/Mk1-3'
[LOG 18:15:18.263] PartLoader: Compiling Internal Space 'Squad/Spaces/mk1CabinInternal/internal/mk1CabinInternal'
[LOG 18:15:18.268] PartLoader: Compiling Internal Space 'Squad/Spaces/mk1CockpitInternal/internal/mk1CockpitInternal'
[LOG 18:15:18.276] PartLoader: Compiling Internal Space 'Squad/Spaces/mk1InlineInternal/internal/mk1InlineInternal'
[LOG 18:15:18.281] PartLoader: Compiling Internal Space 'Squad/Spaces/mk1PodCockpit/internal/mk1PodCockpit'
[LOG 18:15:18.288] PartLoader: Compiling Internal Space 'Squad/Spaces/mk1pod_IVA/mk1pod_Internal/mk1pod_IVA'
[LOG 18:15:18.298] PartLoader: Compiling Internal Space 'Squad/Spaces/mk2CockpitStandardInternal/internal/mk2CockpitStandardInternals'
[LOG 18:15:18.310] PartLoader: Compiling Internal Space 'Squad/Spaces/Mk2CrewCabinInternal/internal_MK2_CrewCab/MK2_CrewCab_Int'
[LOG 18:15:18.316] PartLoader: Compiling Internal Space 'Squad/Spaces/mk2InlineInternal/internal/mk2InlineInternal'
[LOG 18:15:18.326] PartLoader: Compiling Internal Space 'Squad/Spaces/mk2LanderCanInternal/internal/mk2LanderCanInternal'
[LOG 18:15:18.333] PartLoader: Compiling Internal Space 'Squad/Spaces/MK3CockpitInternal/internal_MK3/MK3_Cockpit_Int'
[LOG 18:15:18.345] PartLoader: Compiling Internal Space 'Squad/Spaces/MK3_CrewCab_Int/internal_MK3_CrewCab/MK3_CrewCab_Int'
[LOG 18:15:18.348] InternalSeat: Cannot find portraitCamera of name 'Camera_Left003'
[LOG 18:15:18.355] PartLoader: Compiling Internal Space 'Squad/Spaces/Placeholder/internal/Placeholder'
[LOG 18:15:18.363] PartLoader: Compiling Internal Space 'Squad/Spaces/PodCockpit/internal/PodCockpit'
[LOG 18:15:18.370] PartLoader: Compiling Internal Space 'SquadExpansion/MakingHistory/Spaces/KVPods/Airlock_Internal/Airlock_IVA'
[LOG 18:15:18.371] PartLoader: Compiling Internal Space 'SquadExpansion/MakingHistory/Spaces/KVPods/KV1_Internal/KV1_IVA'
[LOG 18:15:18.375] PartLoader: Compiling Internal Space 'SquadExpansion/MakingHistory/Spaces/KVPods/KV2_Internal/KV2_IVA'
[LOG 18:15:18.380] PartLoader: Compiling Internal Space 'SquadExpansion/MakingHistory/Spaces/KVPods/KV3_Internal/KV3_IVA'
[LOG 18:15:18.385] PartLoader: Compiling Internal Space 'SquadExpansion/MakingHistory/Spaces/MEM/MEM_IVA/MEM_IVA'
[LOG 18:15:18.394] PartLoader: Compiling Internal Space 'SquadExpansion/MakingHistory/Spaces/Mk2Pod/Mk2Pod_Internal/MK2POD_IVA'
[LOG 18:15:19.066] Assets:
[LOG 18:15:19.066] anim_missionsapp_idle.anim
[LOG 18:15:19.066] anim_missionsapp_idle_warning.anim
[LOG 18:15:19.066] anim_missionsapp_warning.anim
[LOG 18:15:19.066] anim_missionssapp.anim
[LOG 18:15:19.066] animcontroller_missionsappmaster.controller
[LOG 18:15:19.066] app_bg.tif
[LOG 18:15:19.066] app_bottom_gray.tif
[LOG 18:15:19.066] app_divider_pulldown_body.tif
[LOG 18:15:19.066] app_divider_pulldown_footer.tif
[LOG 18:15:19.066] app_divider_pulldown_header.tif
[LOG 18:15:19.066] app_divider_pulldown_header_over.tif
[LOG 18:15:19.066] app_header_gray.tif
[LOG 18:15:19.066] app_missions_icon_active.tif
[LOG 18:15:19.066] app_missions_icon_complete.tif
[LOG 18:15:19.066] app_missions_icon_failed.tif
[LOG 18:15:19.066] app_missions_icon_inactive.tif
[LOG 18:15:19.066] spritesheet_missionsapp.tif
[LOG 18:15:19.066] spritesheet_missionsappwarning.tif
[LOG 18:15:19.066] missionbriefingdialog.prefab
[LOG 18:15:19.066] missionbriefingtag.prefab
[LOG 18:15:19.067] awardwidget.prefab
[LOG 18:15:19.067] missionenddialog.prefab
[LOG 18:15:19.067] missionitemwidget.prefab
[LOG 18:15:19.067] missionplaybutton.prefab
[LOG 18:15:19.067] missionplaydialog.prefab
[LOG 18:15:19.067] missionsteamitemwidget.prefab
[LOG 18:15:19.067] missionvalidationdialog.prefab
[LOG 18:15:19.067] validationentry.prefab
[LOG 18:15:19.067] comettoken.fbx
[LOG 18:15:19.067] comettoken.jpg
[LOG 18:15:19.067] placementegizmo_comet.mat
[LOG 18:15:19.067] placementegizmo_comet_tail.mat
[LOG 18:15:19.067] femalevintagepreview.prefab
[LOG 18:15:19.067] malevintagepreview.prefab
[LOG 18:15:19.067] checkpointentrywidget.prefab
[LOG 18:15:19.067] crewmanagementdialog.prefab
[LOG 18:15:19.067] listitem_vesseltitle.prefab
[LOG 18:15:19.067] missionbrowser.prefab
[LOG 18:15:19.067] missioncheckpointbrowser.prefab
[LOG 18:15:19.067] missioncrewlistitem.prefab
[LOG 18:15:19.067] missionentrywidget.prefab
[LOG 18:15:19.067] missiontemplateentrywidget.prefab
[LOG 18:15:19.067] partcategorizerbutton.prefab
[LOG 18:15:19.067] partselectorbrowser.prefab
[LOG 18:15:19.067] partselectorentry.prefab
[LOG 18:15:19.067] gaputil_vesselframe.prefab
[LOG 18:15:19.067] meguiconnector.prefab
[LOG 18:15:19.068] meguinode.prefab
[LOG 18:15:19.068] meguinodecategorybutton.prefab
[LOG 18:15:19.068] meguinodeicon.prefab
[LOG 18:15:19.068] meguinodeicongroup.prefab
[LOG 18:15:19.068] meguiscrollviewitem.prefab
[LOG 18:15:19.068] meiconloaderbasicnode.prefab
[LOG 18:15:19.068] meiconloadergap.prefab
[LOG 18:15:19.068] meiconloadernodecategorizer.prefab
[LOG 18:15:19.068] menodecanvas.prefab
[LOG 18:15:19.068] missioneditorscreen.prefab
[LOG 18:15:19.068] nodelisttooltip.prefab
[LOG 18:15:19.068] nodelisttooltipextinfolistspacer.prefab
[LOG 18:15:19.068] orbitgizmo.prefab
[LOG 18:15:19.068] biomeshighlight.shader
[LOG 18:15:19.068] projector-surfacegizmo.shader
[LOG 18:15:19.068] scaledplanetbiomeshighlight.shader
[LOG 18:15:19.068] sprites-alwaysover.shader
[LOG 18:15:19.068] ui-unlit-infinite.shader
[LOG 18:15:19.068] ui-unlit-solid.shader
[LOG 18:15:19.068] assetgraph_connectionpoint_inputmark.png
[LOG 18:15:19.068] assetgraph_inputbg.png
[LOG 18:15:19.068] boldly.png
[LOG 18:15:19.068] carpool.png
[LOG 18:15:19.068] frugal.png
[LOG 18:15:19.068] homesick.png
[LOG 18:15:19.068] keys.png
[LOG 18:15:19.068] saint.png
[LOG 18:15:19.068] sinner.png
[LOG 18:15:19.068] thespot.png
[LOG 18:15:19.069] timekeeper.png
[LOG 18:15:19.069] helmetbronze.png
[LOG 18:15:19.069] helmetgold.png
[LOG 18:15:19.069] helmetsilver.png
[LOG 18:15:19.069] action-part-resource-drain.png
[LOG 18:15:19.069] change-part-resource-levels.png
[LOG 18:15:19.069] create-asteroid.png
[LOG 18:15:19.069] create-kerbal.png
[LOG 18:15:19.069] create-vessel.png
[LOG 18:15:19.069] crew-assignment.png
[LOG 18:15:19.069] dialog-message.png
[LOG 18:15:19.069] display-message.png
[LOG 18:15:19.069] fail-part.png
[LOG 18:15:19.069] fly-through.png
[LOG 18:15:19.069] funds-recovery.png
[LOG 18:15:19.069] generic-node.png
[LOG 18:15:19.069] go-to.png
[LOG 18:15:19.069] kerbal-boarded.png
[LOG 18:15:19.069] kerbal-recovery.png
[LOG 18:15:19.069] kerbal-rescue.png
[LOG 18:15:19.069] launch-site.png
[LOG 18:15:19.069] leave-soi.png
[LOG 18:15:19.069] orbit.png
[LOG 18:15:19.069] part-explode.png
[LOG 18:15:19.069] plant-flag.png
[LOG 18:15:19.069] reach-soi.png
[LOG 18:15:19.069] repair-part.png
[LOG 18:15:19.069] resource-amount.png
[LOG 18:15:19.069] resource-recovery.png
[LOG 18:15:19.070] science-experiment.png
[LOG 18:15:19.070] score.png
[LOG 18:15:19.070] take-tourist.png
[LOG 18:15:19.070] test-altitude.png
[LOG 18:15:19.070] test-eva.png
[LOG 18:15:19.070] test-grapple.png
[LOG 18:15:19.070] time-of-flight.png
[LOG 18:15:19.070] time-of-mission.png
[LOG 18:15:19.070] time-since-node.png
[LOG 18:15:19.070] vessel-crashed.png
[LOG 18:15:19.070] vessel-crew-count.png
[LOG 18:15:19.070] vessel-explode.png
[LOG 18:15:19.070] vessel-flying.png
[LOG 18:15:19.070] vessel-landed.png
[LOG 18:15:19.070] vessel-mass.png
[LOG 18:15:19.070] vessel-splashed.png
[LOG 18:15:19.070] vessel-stage-activated.png
[LOG 18:15:19.070] vessel-stage.png
[LOG 18:15:19.070] arrange-graph.png
[LOG 18:15:19.070] builderbuttons_briefing.png
[LOG 18:15:19.070] builderbuttons_reset.png
[LOG 18:15:19.070] builderbuttons_trackingstation.png
[LOG 18:15:19.070] frame-graph.png
[LOG 18:15:19.070] lock.png
[LOG 18:15:19.070] maximize.png
[LOG 18:15:19.070] minimize.png
[LOG 18:15:19.070] pin.png
[LOG 18:15:19.070] pin_down.png
[LOG 18:15:19.070] redo.png
[LOG 18:15:19.071] reset.png
[LOG 18:15:19.071] tracking-station.png
[LOG 18:15:19.071] undo.png
[LOG 18:15:19.071] visible-in-gap.png
[LOG 18:15:19.071] location.png
[LOG 18:15:19.071] logic.png
[LOG 18:15:19.071] science.png
[LOG 18:15:19.071] utility.png
[LOG 18:15:19.071] vessel.png
[LOG 18:15:19.071] eye.png
[LOG 18:15:19.071] iconmb.png
[LOG 18:15:19.071] me_btn_generic_normal.tif
[LOG 18:15:19.071] me_button_generic_normal.tif
[LOG 18:15:19.071] nodecat_bg.png
[LOG 18:15:19.071] nodecat_divider.tif
[LOG 18:15:19.071] nodecat_divider_bottom.tif
[LOG 18:15:19.071] pholderwarningicon.png
[LOG 18:15:19.071] reseticon.png
[LOG 18:15:19.071] validityindicator.controller
[LOG 18:15:19.071] validtyinidicatorpulse.anim
[LOG 18:15:19.071] broadorbittoggle button.png
[LOG 18:15:19.071] maneuvertoggle button.png
[LOG 18:15:19.071] orbitalgizmoicons.png
[LOG 18:15:19.071] reset orbit button.png
[LOG 18:15:19.071] nodelabel.prefab
[LOG 18:15:19.071] kerbaleva_female_exp.prefab
[LOG 18:15:19.071] kerbaleva_rd_exp.prefab
[LOG 18:15:19.071] missioneditorevabody.mat
[LOG 18:15:19.071] missioneditorevabodyalternate.mat
[LOG 18:15:19.072] missioneditorevabodybrown.mat
[LOG 18:15:19.072] missioneditorevaeyeballs.mat
[LOG 18:15:19.072] missioneditorevaeyes.mat
[LOG 18:15:19.072] missioneditorevahead.mat
[LOG 18:15:19.072] missioneditorevahelmet.mat
[LOG 18:15:19.072] missioneditorevahelmetred.mat
[LOG 18:15:19.072] missioneditorevajetpack.mat
[LOG 18:15:19.072] missioneditorevalight.mat
[LOG 18:15:19.072] kbevafemalevintage.prefab
[LOG 18:15:19.072] kbevavintage.prefab
[LOG 18:15:19.072] evalight.fbx
[LOG 18:15:19.072] kbeva@new.fbx
[LOG 18:15:19.072] kbeva@newfem.fbx
[LOG 18:15:19.072] mevahelmetlight.fbx
[LOG 18:15:19.072] evajetpackscondary.dds
[LOG 18:15:19.072] evajetpacksecondary_n.dds
[LOG 18:15:19.072] evalight.png
[LOG 18:15:19.072] kerbalmainnrm.dds
[LOG 18:15:19.072] me_suit_difuse_blue.dds
[LOG 18:15:19.072] me_suit_difuse_low_polybrown.dds
[LOG 18:15:19.072] me_suit_difuse_orange.dds
[LOG 18:15:19.072] kerbalfemalevintage.prefab
[LOG 18:15:19.072] kerbalmalevintage.prefab
[LOG 18:15:19.072] evahelmet.mat
[LOG 18:15:19.072] evatexture.mat
[LOG 18:15:19.072] kerbalgirl_06_basecolor.mat
[LOG 18:15:19.072] kerbalhead.mat
[LOG 18:15:19.072] lambert6.mat
[LOG 18:15:19.072] mat_eyeballs.mat
[LOG 18:15:19.072] mat_eyes01.mat
[LOG 18:15:19.073] material #4.mat
[LOG 18:15:19.073] mesh_female_kerbalastronaut01_kerbalgirl_export_15_lambert20.mat
[LOG 18:15:19.073] mesh_female_kerbalastronaut01_kerbalgirl_export_15_lambert21.mat
[LOG 18:15:19.073] kbfemale_iva_mecanim.fbx
[LOG 18:15:19.073] kbiva_mecanim.fbx
[LOG 18:15:19.073] kerbalicon_eva_female_vintage.tif
[LOG 18:15:19.073] kerbalicon_eva_vintage.tif
[LOG 18:15:19.073] kerbalicon_suit_female_vintage.tif
[LOG 18:15:19.073] kerbalicon_suit_orange_female_vintage.tif
[LOG 18:15:19.073] kerbalicon_suit_orange_vintage.tif
[LOG 18:15:19.073] kerbalicon_suit_vintage.tif
[LOG 18:15:19.073] gap_celestialbody_camerasetup.prefab
[LOG 18:15:19.073] gap_celestialbody_collisionsphere.prefab
[LOG 18:15:19.073] gap_celestialbody_surfacegizmo_area.prefab
[LOG 18:15:19.073] gap_celestialbody_surfacegizmo_basic.prefab
[LOG 18:15:19.073] gap_celestialbody_surfacegizmo_icon.prefab
[LOG 18:15:19.073] gap_celestialbody_surfacegizmo_vessel.prefab
[LOG 18:15:19.073] gap_celestialbody_surfacegizmo_volume.prefab
[LOG 18:15:19.073] gap_proceduralasteroid.prefab
[LOG 18:15:19.073] gap_proceduralcomet.prefab
[LOG 18:15:19.073] gapbuttonprefab.prefab
[LOG 18:15:19.073] gapkerbal_femaleveteran.prefab
[LOG 18:15:19.073] gapkerbal_femaleveteran_vintage.prefab
[LOG 18:15:19.073] gapkerbal_male_slimsuit.prefab
[LOG 18:15:19.073] gapkerbal_maleveteran.prefab
[LOG 18:15:19.073] gapkerbal_maleveteran_vintage.prefab
[LOG 18:15:19.073] gapscrollablesidebarbutton.prefab
[LOG 18:15:19.073] gapsidebarbutton.prefab
[LOG 18:15:19.073] gaptoggleprefab.prefab
[LOG 18:15:19.074] gaputil_biselector.prefab
[LOG 18:15:19.074] gaputil_celestialbody.prefab
[LOG 18:15:19.074] vesseldisplay_camerasetup.prefab
[LOG 18:15:19.074] desert_airfield.prefab
[LOG 18:15:19.074] desert_groundobjects.prefab
[LOG 18:15:19.074] desert_launch_site.prefab
[LOG 18:15:19.074] larkes.prefab
[LOG 18:15:19.074] floor bottom.mat
[LOG 18:15:19.074] floor top.mat
[LOG 18:15:19.074] legs.mat
[LOG 18:15:19.074] ramp.mat
[LOG 18:15:19.074] stairs grid lights pivot.mat
[LOG 18:15:19.074] supports 1.mat
[LOG 18:15:19.074] supports 2.mat
[LOG 18:15:19.074] tunnels.mat
[LOG 18:15:19.074] floor bottom.dds
[LOG 18:15:19.074] floor top.dds
[LOG 18:15:19.074] floor top_normal.dds
[LOG 18:15:19.074] legs.dds
[LOG 18:15:19.074] ramp.dds
[LOG 18:15:19.074] stairs grid lights pivot.dds
[LOG 18:15:19.074] supports 1.dds
[LOG 18:15:19.074] supports 2.dds
[LOG 18:15:19.074] tunnels.dds
[LOG 18:15:19.074] diffuse.mat
[LOG 18:15:19.074] floor bottom_base_color.mat
[LOG 18:15:19.074] floor top_base_color.mat
[LOG 18:15:19.074] legs_base_color.mat
[LOG 18:15:19.074] ramp_base_color.mat
[LOG 18:15:19.074] stairs grid lights pivot_base_colormodpsd.mat
[LOG 18:15:19.075] stairs_grid_lights_pivot_base_color.mat
[LOG 18:15:19.075] supports 1_base_color.mat
[LOG 18:15:19.075] supports 2_base_color.mat
[LOG 18:15:19.075] tunnels_base_color.mat
[LOG 18:15:19.075] mobilelaunchpad_19.fbx
[LOG 18:15:19.075] pontoons.fbx
[LOG 18:15:19.075] pontoons_diffuse.dds
[LOG 18:15:19.075] ramp_normal.png
[LOG 18:15:19.075] 1001_base_color.mat
[LOG 18:15:19.075] desert groundtransition.mat
[LOG 18:15:19.075] desert groundtransition_highquality.mat
[LOG 18:15:19.075] desert groundtransition_lowquality.mat
[LOG 18:15:19.075] desert groundtransition_mediumquality.mat
[LOG 18:15:19.075] desert groundtransition_ultraquality.mat
[LOG 18:15:19.075] desert runway sand.mat
[LOG 18:15:19.075] desert runway stone.mat
[LOG 18:15:19.075] mobilelaunchpad.prefab
[LOG 18:15:19.075] woomerang_groundobjects.prefab
[LOG 18:15:19.075] woomerang_launch_site.prefab
[LOG 18:15:19.076] Scenes:
[LOG 18:15:19.076] kspMissionEditor.unity
[LOG 18:15:27.930] Assets:
[LOG 18:15:27.930] appanim_missionsapp.prefab
[LOG 18:15:27.930] cascading_body_missionheader.prefab
[LOG 18:15:27.930] cascading_body_missioninfo.prefab
[LOG 18:15:27.930] cascading_body_missionobjective.prefab
[LOG 18:15:27.930] cascading_body_missionsvesselheader.prefab
[LOG 18:15:27.930] cascading_body_missionsvesselitem.prefab
[LOG 18:15:27.930] cascading_body_settingsbutton.prefab
[LOG 18:15:27.930] cascading_body_settingstoggle.prefab
[LOG 18:15:27.931] missionsapp.prefab
[LOG 18:15:27.931] axislimitline.prefab
[LOG 18:15:27.931] controlleraction.prefab
[LOG 18:15:27.931] controlleraxis.prefab
[LOG 18:15:27.931] controllerwindow.prefab
[LOG 18:15:27.931] curvepanelpoint.prefab
[LOG 18:15:27.931] curvepanelpointaction.prefab
[LOG 18:15:27.931] axis_align_ends.png
[LOG 18:15:27.931] axis_clamp_values.png
[LOG 18:15:27.931] axis_copy.png
[LOG 18:15:27.931] axis_flip_horizontal.png
[LOG 18:15:27.931] axis_flip_vertical.png
[LOG 18:15:27.931] axis_move_down-trackrow.png
[LOG 18:15:27.931] axis_move_down.png
[LOG 18:15:27.931] axis_move_up-trackrow.png
[LOG 18:15:27.931] axis_move_up.png
[LOG 18:15:27.931] axis_paste.png
[LOG 18:15:27.931] axis_preset_flat.png
[LOG 18:15:27.931] axis_preset_sawtooth.png
[LOG 18:15:27.931] axis_preset_sine.png
[LOG 18:15:27.931] axis_preset_square.png
[LOG 18:15:27.931] axis_preset_triangle.png
[LOG 18:15:27.931] axis_select_all.png
[LOG 18:15:27.931] background_squared_inset.png
[LOG 18:15:27.931] close.png
[LOG 18:15:27.931] direction_forward.png
[LOG 18:15:27.931] direction_reverse.png
[LOG 18:15:27.931] edit.png
[LOG 18:15:27.931] fieldlimitline.png
[LOG 18:15:27.931] keyframe_add.png
[LOG 18:15:27.932] keyframe_clamp_value.png
[LOG 18:15:27.932] keyframe_delete.png
[LOG 18:15:27.932] keyframe_linear.png
[LOG 18:15:27.932] keyframe_smooth.png
[LOG 18:15:27.932] keyframe_step_backward.png
[LOG 18:15:27.932] keyframe_step_forward.png
[LOG 18:15:27.932] line.png
[LOG 18:15:27.932] line_dashed.png
[LOG 18:15:27.932] loop_pingpong.png
[LOG 18:15:27.932] loop_playonce.png
[LOG 18:15:27.932] loop_repeat.png
[LOG 18:15:27.932] node.png
[LOG 18:15:27.932] node_circle.png
[LOG 18:15:27.932] node_square.png
[LOG 18:15:27.932] pause.png
[LOG 18:15:27.932] play.png
[LOG 18:15:27.932] pointer.png
[LOG 18:15:27.932] remove-axis.png
[LOG 18:15:27.932] remove_key.png
[LOG 18:15:27.932] resize_icon.png
[LOG 18:15:27.932] sequence_resize_button_states.png
[LOG 18:15:27.932] sequence_resize_maintain.png
[LOG 18:15:27.932] sequence_resize_scale.png
[LOG 18:15:27.932] sequence_speed.png
[LOG 18:15:27.932] tracking_editor_button_states.png
[LOG 18:15:27.932] femalefuturepreview.prefab
[LOG 18:15:27.932] malefuturepreview.prefab
[LOG 18:15:27.932] kbfemale@controlpanel_a.fbx
[LOG 18:15:27.932] kbfemale@controlpanel_b.fbx
[LOG 18:15:27.932] kbfemale@controlpanel_c.fbx
[LOG 18:15:27.932] kbfemale@rocksample.fbx
[LOG 18:15:27.933] hammerfemale.fbx
[LOG 18:15:27.933] hammermale.fbx
[LOG 18:15:27.933] kbeva@controlpanel_a.fbx
[LOG 18:15:27.933] kbeva@controlpanel_b.fbx
[LOG 18:15:27.933] kbeva@controlpanel_c.fbx
[LOG 18:15:27.933] kbeva@rocksample.fbx
[LOG 18:15:27.933] kerbaleva_female_future.prefab
[LOG 18:15:27.933] kerbaleva_rd_future.prefab
[LOG 18:15:27.933] futureevabody.mat
[LOG 18:15:27.933] futureevabodyalternate.mat
[LOG 18:15:27.933] futureevajetpack.mat
[LOG 18:15:27.933] futureevalight.mat
[LOG 18:15:27.933] futurehelmet.mat
[LOG 18:15:27.933] kbevafemalefuture.prefab
[LOG 18:15:27.933] kbevafuture.prefab
[LOG 18:15:27.933] kbeva@new.fbx
[LOG 18:15:27.933] kbeva@newfem.fbx
[LOG 18:15:27.933] mevahelmetlight.fbx
[LOG 18:15:27.933] serenityfemaleeva.fbx
[LOG 18:15:27.933] serenityflares.fbx
[LOG 18:15:27.933] serenitymaleeva.fbx
[LOG 18:15:27.933] evajetpacknrm.dds
[LOG 18:15:27.933] futuresuit_diffuse_orange.dds
[LOG 18:15:27.933] futuresuit_diffuse_whiteblue.dds
[LOG 18:15:27.933] futuresuit_diffuse_whiteorange.dds
[LOG 18:15:27.933] futuresuit_emissive.dds
[LOG 18:15:27.933] futuresuit_evalight.png
[LOG 18:15:27.933] futuresuitmainnrm.dds
[LOG 18:15:27.933] ksp_ig_jetpack_diffuse.jpg
[LOG 18:15:27.933] kerbalfemalefuture.prefab
[LOG 18:15:27.934] kerbalmalefuture.prefab
[LOG 18:15:27.934] futuresuit_diffuse.mat
[LOG 18:15:27.934] serenityfemaleiva.fbx
[LOG 18:15:27.934] serenitymaleiva.fbx
[LOG 18:15:27.934] kerbalicon_eva_female_future.tif
[LOG 18:15:27.934] kerbalicon_eva_future.tif
[LOG 18:15:27.934] kerbalicon_suit_female_future.tif
[LOG 18:15:27.934] kerbalicon_suit_future.tif
[LOG 18:15:27.934] kerbalicon_suit_orange_female_future.tif
[LOG 18:15:27.934] kerbalicon_suit_orange_future.tif
[LOG 18:15:27.934] bottom_emissor.mat
[LOG 18:15:27.934] burst_emissor.mat
[LOG 18:15:27.934] burstprojectiles_emissor.mat
[LOG 18:15:27.934] constantburst_emissor.mat
[LOG 18:15:27.934] snowflakes_emissor.mat
[LOG 18:15:27.934] vapor_emissor.mat
[LOG 18:15:27.934] base_0.mat
[LOG 18:15:27.934] base_1.mat
[LOG 18:15:27.934] base_2.mat
[LOG 18:15:27.934] base_3_1.mat
[LOG 18:15:27.934] base_3_2.mat
[LOG 18:15:27.934] vapor.mat
[LOG 18:15:27.934] burst.png
[LOG 18:15:27.934] cloud2.png
[LOG 18:15:27.934] v1.png
[LOG 18:15:27.934] v2.png
[LOG 18:15:27.934] v3.png
[LOG 18:15:27.934] v5.png
[LOG 18:15:27.934] gapkerbal_female_future.prefab
[LOG 18:15:27.934] gapkerbal_male_future.prefab
[LOG 18:15:27.935] hammerfemale.prefab
[LOG 18:15:27.935] hammermale.prefab
[LOG 18:15:27.935] bopgravelpile.prefab
[LOG 18:15:27.935] bopgravelpile.fbx
[LOG 18:15:27.935] bop_gravel pile_d.mat
[LOG 18:15:27.935] lambert1.mat
[LOG 18:15:27.935] bop_gravel pile_d.png
[LOG 18:15:27.935] bop_gravel pile_d.tga
[LOG 18:15:27.935] bop_gravel pile_n.png
[LOG 18:15:27.935] bop_gravel pile_s.png
[LOG 18:15:27.935] drescrater.prefab
[LOG 18:15:27.935] dresmeteorite.prefab
[LOG 18:15:27.935] drescrater.fbx
[LOG 18:15:27.935] dresmeteorite.fbx
[LOG 18:15:27.935] dres_crater_d.mat
[LOG 18:15:27.935] dres_meteorite_d.mat
[LOG 18:15:27.935] lambert1.mat
[LOG 18:15:27.935] dres_crater_d.tga
[LOG 18:15:27.935] dres_crater_n.png
[LOG 18:15:27.935] dres_meteorite_d.tga
[LOG 18:15:27.935] dres_meteorite_n.png
[LOG 18:15:27.935] dunablueberries.prefab
[LOG 18:15:27.935] dunadune.prefab
[LOG 18:15:27.935] dunameteorite.prefab
[LOG 18:15:27.935] dunastone.prefab
[LOG 18:15:27.935] dunaasteroid.fbx
[LOG 18:15:27.935] dunablueberries.fbx
[LOG 18:15:27.935] dunadune.fbx
[LOG 18:15:27.935] dunastone.fbx
[LOG 18:15:27.935] duna_asteroid_d.mat
[LOG 18:15:27.936] duna_dune_d.mat
[LOG 18:15:27.936] duna_stone_d.mat
[LOG 18:15:27.936] dune_blueberries_d.mat
[LOG 18:15:27.936] lambert1.mat
[LOG 18:15:27.936] duna_asteroid_d.tga
[LOG 18:15:27.936] duna_asteroid_n.png
[LOG 18:15:27.936] duna_dune_d.tga
[LOG 18:15:27.936] duna_dune_n.tga
[LOG 18:15:27.936] duna_stone_d.tga
[LOG 18:15:27.936] duna_stone_n.png
[LOG 18:15:27.936] dune_blueberries_d.tga
[LOG 18:15:27.936] dune_blueberries_n.png
[LOG 18:15:27.936] eelooberg.prefab
[LOG 18:15:27.936] eeloobrownboulder.prefab
[LOG 18:15:27.936] eelooicechunk.prefab
[LOG 18:15:27.936] eelooberg.fbx
[LOG 18:15:27.936] eelooboulder.fbx
[LOG 18:15:27.936] eelooicechunk.fbx
[LOG 18:15:27.936] eeloo_alien_glacier_d.mat
[LOG 18:15:27.936] eeloo_brown_ boulder_d.mat
[LOG 18:15:27.936] eeloo_ice chunk_d.mat
[LOG 18:15:27.936] lambert1.mat
[LOG 18:15:27.936] eeloo_alien_glacier_d.tga
[LOG 18:15:27.936] eeloo_alien_glacier_e.tga
[LOG 18:15:27.936] eeloo_alien_glacier_n.png
[LOG 18:15:27.936] eeloo_brown_ boulder_d.tga
[LOG 18:15:27.936] eeloo_brown_ boulder_n.png
[LOG 18:15:27.936] eeloo_ice chunk_d.tga
[LOG 18:15:27.936] eeloo_ice chunk_e.tga
[LOG 18:15:27.936] eeloo_ice chunk_n.png
[LOG 18:15:27.937] eeloo_ice chunk_s.tga
[LOG 18:15:27.937] evebasaltformation.prefab
[LOG 18:15:27.937] evepancakedome.prefab
[LOG 18:15:27.937] evevolcanicrock.prefab
[LOG 18:15:27.937] evebasaltformation.fbx
[LOG 18:15:27.937] evepancakeformation.fbx
[LOG 18:15:27.937] evevolcanicrock.fbx
[LOG 18:15:27.937] eve basalt formation_d.mat
[LOG 18:15:27.937] eve pancake formation_d.mat
[LOG 18:15:27.937] eve volcanic rock_d.mat
[LOG 18:15:27.937] lambert1.mat
[LOG 18:15:27.937] eve basalt formation_d.tga
[LOG 18:15:27.937] eve basalt formation_n.tga
[LOG 18:15:27.937] eve pancake formation_d.tga
[LOG 18:15:27.937] eve pancake formation_e.png
[LOG 18:15:27.937] eve pancake formation_n.png
[LOG 18:15:27.937] eve volcanic rock_d.tga
[LOG 18:15:27.937] eve volcanic rock_n.png
[LOG 18:15:27.937] gillyridgeline.fbx
[LOG 18:15:27.937] gilly ridegeline_d.mat
[LOG 18:15:27.937] lambert1.mat
[LOG 18:15:27.937] gillyridgeline.prefab
[LOG 18:15:27.937] gilly ridegeline_d.tga
[LOG 18:15:27.937] gilly ridegeline_n.png
[LOG 18:15:27.937] dunaejecta.prefab
[LOG 18:15:27.937] ikedunaejecta.fbx
[LOG 18:15:27.937] ike_duna_ejecta_mat.mat
[LOG 18:15:27.937] ike duna ejecta_d.tga
[LOG 18:15:27.937] ike duna ejecta_n.png
[LOG 18:15:27.937] kerbinbaobabtree.fbx
[LOG 18:15:27.938] kerbinquartz.fbx
[LOG 18:15:27.938] baobaptree.mat
[LOG 18:15:27.938] kerbin_baobab_tree_d.mat
[LOG 18:15:27.938] kerbin_boabob_tree_d.mat
[LOG 18:15:27.938] kerbin_giant_quartz_d.mat
[LOG 18:15:27.938] lambert1.mat
[LOG 18:15:27.938] lambert2.mat
[LOG 18:15:27.938] kerbinbaobabtree.prefab
[LOG 18:15:27.938] kerbinquartz.prefab
[LOG 18:15:27.938] kerbin_baobab_tree_alpha.png
[LOG 18:15:27.938] kerbin_baobab_tree_d.tga
[LOG 18:15:27.938] kerbin_baobab_tree_n.png
[LOG 18:15:27.938] kerbin_giant_quartz_d.tga
[LOG 18:15:27.938] kerbin_giant_quartz_e.tga
[LOG 18:15:27.938] kerbin_giant_quartz_n.tga
[LOG 18:15:27.938] kerbin_giant_quartz_s.tga
[LOG 18:15:27.938] laytheboulder.fbx
[LOG 18:15:27.938] laythegeyser.fbx
[LOG 18:15:27.938] laythestone.fbx
[LOG 18:15:27.938] lambert1.mat
[LOG 18:15:27.938] laythe_boulder_d.mat
[LOG 18:15:27.938] laythe_geyser_d.mat
[LOG 18:15:27.938] laythe_stone_d.mat
[LOG 18:15:27.938] laytheboulder.prefab
[LOG 18:15:27.938] laythegeyser.prefab
[LOG 18:15:27.938] laythestone.prefab
[LOG 18:15:27.938] laythe_boulder_d.tga
[LOG 18:15:27.938] laythe_boulder_n.png
[LOG 18:15:27.938] laythe_geyser_d.tga
[LOG 18:15:27.939] laythe_geyser_n.png
[LOG 18:15:27.939] laythe_stone_d.tga
[LOG 18:15:27.939] laythe_stone_n.png
[LOG 18:15:27.939] greensandstone.fbx
[LOG 18:15:27.939] lambert1.mat
[LOG 18:15:27.939] minmus_green_sandstone_d.mat
[LOG 18:15:27.939] minmus_olivine_formation_d.mat
[LOG 18:15:27.939] minmusolivineformation.fbx
[LOG 18:15:27.939] minmus_greensandstone.prefab
[LOG 18:15:27.939] minmus_olivineformation.prefab
[LOG 18:15:27.939] minmus_green_sandstone_d.tga
[LOG 18:15:27.939] minmus_green_sandstone_n.png
[LOG 18:15:27.939] minmus_olivine_formation_d.tga
[LOG 18:15:27.939] minmus_olivine_formation_n.png
[LOG 18:15:27.939] lambert1.mat
[LOG 18:15:27.939] moho wrinkleridge_d.mat
[LOG 18:15:27.939] moho_stone_d.mat
[LOG 18:15:27.939] mohostone.fbx
[LOG 18:15:27.939] mohowrinkleridge.fbx
[LOG 18:15:27.939] mohostone.prefab
[LOG 18:15:27.939] mohowrinkleridge.prefab
[LOG 18:15:27.939] moho wrinkleridge_d.tga
[LOG 18:15:27.939] moho wrinkleridge_e.png
[LOG 18:15:27.939] moho wrinkleridge_n.png
[LOG 18:15:27.939] moho_stone_d.tga
[LOG 18:15:27.939] moho_stone_n.png
[LOG 18:15:27.939] lambert1.mat
[LOG 18:15:27.939] mun_crater_d.mat
[LOG 18:15:27.939] mun_large_crater_d.mat
[LOG 18:15:27.939] mun_stone_d.mat
[LOG 18:15:27.940] muncrater.fbx
[LOG 18:15:27.940] munlargecrater.fbx
[LOG 18:15:27.940] munstone.fbx
[LOG 18:15:27.940] muncrater.prefab
[LOG 18:15:27.940] munlargecrater.prefab
[LOG 18:15:27.940] munstone.prefab
[LOG 18:15:27.940] mun_crater_d.tga
[LOG 18:15:27.940] mun_crater_n.png
[LOG 18:15:27.940] mun_large_crater_d.tga
[LOG 18:15:27.940] mun_large_crater_n.png
[LOG 18:15:27.940] mun_stone_d.tga
[LOG 18:15:27.940] mun_stone_n.png
[LOG 18:15:27.940] lambert1.mat
[LOG 18:15:27.940] pol_yellowstone_d.mat
[LOG 18:15:27.940] polyellowstone.fbx
[LOG 18:15:27.940] pol_yellowstones.prefab
[LOG 18:15:27.940] pol_yellowstone_d.png
[LOG 18:15:27.940] pol_yellowstone_n.png
[LOG 18:15:27.940] lambert1.mat
[LOG 18:15:27.940] tylo_checkerboard_d.mat
[LOG 18:15:27.940] tylo_dark boulder_d.mat
[LOG 18:15:27.940] tylo_light_d.mat
[LOG 18:15:27.940] tyloboulder.fbx
[LOG 18:15:27.940] tylocheckerboard.fbx
[LOG 18:15:27.940] tylolightstone.fbx
[LOG 18:15:27.940] tylo_ checkerboard_n.png
[LOG 18:15:27.940] tylo_checkerboard_d.png
[LOG 18:15:27.940] tylo_dark boulder_d.tga
[LOG 18:15:27.941] tylo_dark boulder_n.png
[LOG 18:15:27.941] tylo_light_d.tga
[LOG 18:15:27.941] tylo_light_n.png
[LOG 18:15:27.941] tylocheckerboard.prefab
[LOG 18:15:27.941] tylodarkboulder.prefab
[LOG 18:15:27.941] tylolightstone.prefab
[LOG 18:15:27.941] cryovolcano_d.mat
[LOG 18:15:27.941] lambert1.mat
[LOG 18:15:27.941] vallicechunk_d.mat
[LOG 18:15:27.941] vallstone_d.mat
[LOG 18:15:27.941] vall_cryovolcano.fbx
[LOG 18:15:27.941] vall_icechunk.fbx
[LOG 18:15:27.941] vall_stone.fbx
[LOG 18:15:27.941] cryovolcano_d.tga
[LOG 18:15:27.941] cryovolcano_e.png
[LOG 18:15:27.941] cryovolcano_n.jpg
[LOG 18:15:27.941] cryovolcano_s.jpg
[LOG 18:15:27.941] vallicechunk_d.jpg
[LOG 18:15:27.941] vallicechunk_e.jpg
[LOG 18:15:27.941] vallicechunk_n.jpg
[LOG 18:15:27.941] vallicechunk_s.jpg
[LOG 18:15:27.941] vallstone_d.jpg
[LOG 18:15:27.941] vallstone_e.jpg
[LOG 18:15:27.941] vallstone_n.jpg
[LOG 18:15:27.941] vallstone_s.jpg
[LOG 18:15:27.941] vallcryovolcano.prefab
[LOG 18:15:27.941] vallicechunk.prefab
[LOG 18:15:27.941] vallstone.prefab
[LOG 18:15:27.941] vfx_spark.mat
[LOG 18:15:27.941] vfx_welding_flare.mat
[LOG 18:15:27.942] cometdustmaterial.mat
[LOG 18:15:27.942] cometgeysermat.mat
[LOG 18:15:27.949] GetTypesOfModulesImplementingInterface2: Found 69 types with IPartModuleAdjuster interface in 9 assemblies.
[LOG 18:15:27.957] GetSubclassesOfParentClass: Found 0 types with ModuleActiveRadiator parent in 9 assemblies.
[LOG 18:15:27.964] GetSubclassesOfParentClass: Found 0 types with ModuleAlternator parent in 9 assemblies.
[LOG 18:15:27.970] GetSubclassesOfParentClass: Found 1 types with ModuleControlSurface parent in 9 assemblies.
[LOG 18:15:27.977] GetSubclassesOfParentClass: Found 0 types with ModuleDataTransmitter parent in 9 assemblies.
[LOG 18:15:27.983] GetSubclassesOfParentClass: Found 0 types with ModuleDeployableSolarPanel parent in 9 assemblies.
[LOG 18:15:27.989] GetSubclassesOfParentClass: Found 1 types with ModuleEngines parent in 9 assemblies.
[LOG 18:15:27.995] GetSubclassesOfParentClass: Found 0 types with ModuleGenerator parent in 9 assemblies.
[LOG 18:15:28.001] GetSubclassesOfParentClass: Found 0 types with ModuleGimbal parent in 9 assemblies.
[LOG 18:15:28.007] GetSubclassesOfParentClass: Found 2 types with ModuleLiftingSurface parent in 9 assemblies.
[LOG 18:15:28.013] GetSubclassesOfParentClass: Found 0 types with ModuleLight parent in 9 assemblies.
[LOG 18:15:28.019] GetSubclassesOfParentClass: Found 0 types with ModuleReactionWheel parent in 9 assemblies.
[LOG 18:15:28.025] GetSubclassesOfParentClass: Found 0 types with ModuleSAS parent in 9 assemblies.
[LOG 18:15:28.031] GetSubclassesOfParentClass: Found 0 types with ModuleWheelBrakes parent in 9 assemblies.
[LOG 18:15:28.037] GetSubclassesOfParentClass: Found 1 types with ModuleWheelMotor parent in 9 assemblies.
[LOG 18:15:28.037] GetSubclassesOfParentClass: Using cached results for ModuleActiveRadiator
[LOG 18:15:28.044] GetSubclassesOfParentClass: Found 0 types with ModuleAnchoredDecoupler parent in 9 assemblies.
[LOG 18:15:28.050] GetSubclassesOfParentClass: Found 0 types with ModuleCargoBay parent in 9 assemblies.
[LOG 18:15:28.050] GetSubclassesOfParentClass: Using cached results for ModuleControlSurface
[LOG 18:15:28.050] GetSubclassesOfParentClass: Using cached results for ModuleDataTransmitter
[LOG 18:15:28.056] GetSubclassesOfParentClass: Found 0 types with ModuleDecouple parent in 9 assemblies.
[LOG 18:15:28.061] GetSubclassesOfParentClass: Found 4 types with ModuleDeployablePart parent in 9 assemblies.
[LOG 18:15:28.068] GetSubclassesOfParentClass: Found 0 types with ModuleDockingNode parent in 9 assemblies.
[LOG 18:15:28.068] GetSubclassesOfParentClass: Using cached results for ModuleEngines
[LOG 18:15:28.074] GetSubclassesOfParentClass: Found 0 types with CModuleFuelLine parent in 9 assemblies.
[LOG 18:15:28.080] GetSubclassesOfParentClass: Found 0 types with ModuleGPS parent in 9 assemblies.
[LOG 18:15:28.086] GetSubclassesOfParentClass: Found 0 types with ModuleGrappleNode parent in 9 assemblies.
[LOG 18:15:28.087] GetSubclassesOfParentClass: Using cached results for ModuleGrappleNode
[LOG 18:15:28.093] GetSubclassesOfParentClass: Found 0 types with ModuleKerbNetAccess parent in 9 assemblies.
[LOG 18:15:28.093] GetSubclassesOfParentClass: Using cached results for ModuleLight
[LOG 18:15:28.093] GetSubclassesOfParentClass: Using cached results for ModuleLight
[LOG 18:15:28.099] GetSubclassesOfParentClass: Found 0 types with ModuleProbeControlPoint parent in 9 assemblies.
[LOG 18:15:28.105] GetSubclassesOfParentClass: Found 1 types with ModuleRCS parent in 9 assemblies.
[LOG 18:15:28.105] GetSubclassesOfParentClass: Using cached results for ModuleRCS
[LOG 18:15:28.105] GetSubclassesOfParentClass: Using cached results for ModuleReactionWheel
[LOG 18:15:28.105] GetSubclassesOfParentClass: Using cached results for ModuleReactionWheel
[LOG 18:15:28.112] GetSubclassesOfParentClass: Found 0 types with ModuleResourceIntake parent in 9 assemblies.
[LOG 18:15:28.118] GetSubclassesOfParentClass: Found 0 types with ModuleScienceExperiment parent in 9 assemblies.
[LOG 18:15:28.124] GetSubclassesOfParentClass: Found 0 types with ModuleToggleCrossfeed parent in 9 assemblies.
[LOG 18:15:28.132] GetSubclassesOfParentClass: Found 0 types with ModuleWheelDeployment parent in 9 assemblies.
[LOG 18:15:28.151] ExpansionsLoader: Expansions loaded in 9.618s
[LOG 18:15:28.151] Loading Systems: Elapsed time is 28.26089s
[LOG 18:15:31.483] [AddonLoader]: Instantiating addon 'KSPCFFastLoaderPSystemSetup' from assembly 'KSPCommunityFixes'
[LOG 18:15:31.798] [Agent]: Found 19 agent mentality types
[LOG 18:15:31.800] [AgentList]: 31 agents parsed and loaded.
[LOG 18:15:31.836] [UIMasterController]: HideUI
[LOG 18:15:31.924] [CelestialBody]: Kerbin's solar day length is 1d, 0h, 0m long. sidereal day length is 5h, 59m, 9s long
[LOG 18:15:37.902] [UIMasterController]: HideUI
[LOG 18:15:37.909] [HighLogic]: =========================== Scene Change : From LOADING to MAINMENU =====================
[LOG 18:15:38.491] [AddonLoader]: Instantiating addon 'ContractDefs' from assembly 'KSP'
[LOG 18:15:38.519] [AddonLoader]: Instantiating addon 'KSPCFFastLoaderReport' from assembly 'KSPCommunityFixes'
[LOG 18:15:38.547] [UIMasterController]: ShowUI
[LOG 18:15:38.818] [GameParameters]: Loaded custom parameter class CommNetParams.
[LOG 18:15:38.819] [GameParameters]: Loaded custom parameter class MissionParamsGeneral.
[LOG 18:15:38.819] [GameParameters]: Loaded custom parameter class MissionParamsFacilities.
[LOG 18:15:38.819] [GameParameters]: Loaded custom parameter class MissionParamsExtras.
[LOG 18:15:38.820] [GameParameters]: Loaded custom parameter class AdvancedParams.
[LOG 18:15:38.841] [ReflectionUtil]: Found 40 types with UpgradeModule attribute in 9 assemblies.
[LOG 18:15:38.859] [KSPCF:FastLoader] Intel(R) Core(TM) i7-4790K CPU @ 4.00GHz | 32687 MB | NVIDIA GeForce GTX 1060 6GB (6029 MB)
Total loading time to main menu : 42.519s
- Configs and assemblies loaded in 5.535s
- Configs reload done in 1.405s
- Configs translated in 0.017s
- 2353 assets loaded in 3.843s :
  - 86 audio assets (79.689 MiB) in 0.953s, 83.576 MiB/s
  - 1640 texture assets (1.293 GiB) in 2.309s, 573.651 MiB/s
  - 626 model assets (64.41 MiB) in 0.578s, 111.415 MiB/s
- Asset bundles loaded in 0.484s
- GameDatabase (configs, resources, traits, upgrades...) loaded in 0.069s
- Built-in parts copied in 0.059s
- Part and internal configs extracted in 0.002s
- 483 parts and 1927 modules compiled in 7.865s
  - 4.0 modules/part, 16.283 ms/part, 4.081 ms/module
  - PartIcon compilation : 1.278s
- 27 internal spaces and 56 props compiled in 0.238s
- 2 DLC (Making History, Breaking Ground) loaded in 9.726s
- Planetary system loaded in 7.786s
[LOG 18:15:38.859] Texture queries : 1725, slow path : 1 (0.06 %)
[LOG 18:15:38.864] [ModuleManager] Total loading Time = 37.254s
[LOG 18:15:38.906] [ScenarioTypes]: List Created 23 scenario types loaded from 9 loaded assemblies.
[LOG 18:15:38.919] [ApplicationLauncher] Awake False
[LOG 18:15:38.919] [ApplicationLauncher] SpawnSimpleLayout: VerticalTopDown
[LOG 18:15:38.933] ScaleModList: listSize 41 maxListSize 0
[LOG 18:15:38.936] [UiApp] Awake: 
[LOG 18:15:38.937] [ApplicationLauncher] OnSceneLoadedGUIReady: scene MAINMENU ShouldBeVisible() True ShouldBeOnTop() True iIsPositionedAtTop True
[LOG 18:15:38.939] ScaleModList: listSize 41 maxListSize 663
[LOG 18:15:38.959] [UIApp] Adding  to Application Launcher
[LOG 18:15:38.960] ScaleModList: listSize 41 maxListSize 654
[LOG 18:15:38.960] [ApplicationLauncher] SetHidden: 
[LOG 18:15:38.961] ScaleModList: listSize 41 maxListSize 695
[LOG 18:15:38.965] [MessageSystem] OnAppInitialized
[LOG 18:15:38.966] [MessageSystem] Reposition 0.0385531 27545
[LOG 18:15:42.465] [SceneLoadSpeedBoost] Save loaded from disk in 7ms
[LOG 18:15:42.473] [ExperienceSystem]: Found 0 trait types
[LOG 18:15:42.480] [ExperienceSystem]: Found 20 effect types
[LOG 18:15:42.505] [UIMasterController]: HideUI
[LOG 18:15:42.506] [HighLogic]: =========================== Scene Change : From MAINMENU to FLIGHT =====================
[LOG 18:15:42.785] UICanvasPrefabSpawner FlightUI spawning Flight
[LOG 18:15:42.820] UICanvasPrefabSpawner FlightUI spawning VesselLabels
[LOG 18:15:42.821] [UiApp] Awake: ResourceDisplay
[LOG 18:15:42.907] [AddonLoader]: Instantiating addon 'AeroGUI' from assembly 'KSP'
[LOG 18:15:42.922] [PlanetariumCamera]: Focus: Kerbin
[LOG 18:15:42.923] [UIMasterController]: HideUI
[LOG 18:15:43.241] [UIMasterController]: HideUI
[LOG 18:15:43.241] ------------------- initializing flight mode... ------------------
[LOG 18:15:43.254] GetSubclassesOfParentClass: Found 7 types with AlarmTypeBase parent in 9 assemblies.
[LOG 18:15:43.264] Loading Depletion Nodes
[LOG 18:15:43.264] DepNodeCount:  0
[LOG 18:15:43.265] Loading Biome Nodes
[LOG 18:15:43.265] BiomeNodeCount:  0
[LOG 18:15:43.265] Loading Planet Nodes
[LOG 18:15:43.265] PlanetNodeCount:  0
[LOG 18:15:43.283] [ScenarioDestructibles]: Loading... 0 objects registered
[LOG 18:15:43.331] Target vessel index: 1  vessel count: 3
[LOG 18:15:43.333] [FLIGHT GLOBALS]: Switching To Vessel Vaisseau sans nom ---------------------- 
[LOG 18:15:43.336] setting new dominant body: Mun
FlightGlobals.mainBody: Mun
[LOG 18:15:43.338] Reference Frame: Rotating
[WRN 18:15:43.350] [Part]: Cannot have ModuleCargoPart and ModuleInventoryPart on same Part [Vaisseau sans nom (unloaded)'. Removed ModuleCargoPart
[LOG 18:15:43.381] Camera Mode: AUTO
[LOG 18:15:46.853] all systems started
[LOG 18:15:46.853] [UIMasterController]: ShowUI
[LOG 18:15:46.996] [AsteroidSpawner]: No new objects this time. (Odds are 1:2)
[LOG 18:15:47.157] [UiApp] Awake: CurrencyWidgetsApp
[LOG 18:15:47.158] [UiApp] Awake: ResourceDisplay
[LOG 18:15:47.158] [UiApp] Awake: KSPedia
[LOG 18:15:47.158] [UiApp] Awake: Missions App
[LOG 18:15:47.158] [UiApp] Awake: DeltaVApp
[LOG 18:15:47.158] [UiApp] Awake: ActionGroupsApp
[LOG 18:15:47.158] [UiApp] Awake: Construction
[LOG 18:15:47.158] [UiApp] Awake: Cargo
[LOG 18:15:47.158] [UiApp] Awake: AlarmClock
[LOG 18:15:47.158] [UiApp] Awake: ManeuverTool
[LOG 18:15:47.159] [GenericAppFrame] Reposition 0 28211
[LOG 18:15:47.160] [ApplicationLauncher] OnSceneLoadedGUIReady: scene FLIGHT ShouldBeVisible() True ShouldBeOnTop() True iIsPositionedAtTop True
[LOG 18:15:47.161] [ApplicationLauncher] SetVisible: 
[LOG 18:15:47.166] ScaleModList: listSize 41 maxListSize 494
[LOG 18:15:47.167] ScaleModList: listSize 41 maxListSize 494
[LOG 18:15:47.168] [KnowledgeBase] OnAppLauncherReady 28211
[LOG 18:15:47.178] [UIApp] OnDestroy: Contracts
[LOG 18:15:47.256] [FlightIntegrator]: Reloaded drag cube for zeroed cube root part mk1pod.v2 (Vaisseau sans nom) on vessel Vaisseau sans nom
[LOG 18:15:47.270] [MessageSystem] Reposition 0.02 28212
[LOG 18:15:47.270] [GenericAppFrame] Reposition 0.02 28212
[LOG 18:15:47.270] [GenericAppFrame] Reposition 0.02 28212
[LOG 18:15:47.364] [PlanetariumCamera]: Focus: Vaisseau sans nom
[LOG 18:15:47.389] [UIApp] Adding ResourceDisplay to Application Launcher
[LOG 18:15:47.390] ScaleModList: listSize 41 maxListSize 453
[LOG 18:15:47.390] [UIApp] Adding ResourceDisplay to Application Launcher
[LOG 18:15:47.391] ScaleModList: listSize 41 maxListSize 412
[LOG 18:15:47.401] [ResourceDisplay] OnAppStarted(): id: -402190
[LOG 18:15:47.402] [GenericAppFrame] Reposition 0.1354811 28216
[LOG 18:15:47.403] [ResourceDisplay] OnAppStarted(): id: 258152
[LOG 18:15:47.403] ResourceDisplay already exist, destroying this instance
[LOG 18:15:47.403] [UIApp] OnDestroy: ResourceDisplay
[LOG 18:15:47.405] ScaleModList: listSize 41 maxListSize 412
[LOG 18:15:47.418] [UIApp] Adding AlarmClock to Application Launcher
[LOG 18:15:47.419] ScaleModList: listSize 41 maxListSize 412
[LOG 18:15:47.419] [UIApp] Adding ActionGroupsApp to Application Launcher
[LOG 18:15:47.420] ScaleModList: listSize 41 maxListSize 371
[LOG 18:15:47.420] [UIApp] Adding Missions App to Application Launcher
[LOG 18:15:47.421] ScaleModList: listSize 41 maxListSize 330
[LOG 18:15:47.421] CURRENCY WIDGET False False False
[LOG 18:15:47.423] [UIApp] OnDestroy: CurrencyWidgetsApp
[LOG 18:15:47.451] [GenericAppFrame] Reposition 0.1657716 28218
[LOG 18:15:47.456] [ActionGroupsApp] OnAppStarted(): id: -402214
[LOG 18:15:47.457] [GenericAppFrame] Reposition 0.1657716 28218
[LOG 18:15:47.458] [UIApp] Adding DeltaVApp to Application Launcher
[LOG 18:15:47.459] ScaleModList: listSize 41 maxListSize 289
[LOG 18:15:47.460] [MissionsApp] OnAppStarted(): id: -402202
[LOG 18:15:47.460] MissionsApp does not execute in this game mode, destroying this instance
[LOG 18:15:47.461] [UIApp] OnDestroy: Missions App
[LOG 18:15:47.462] ScaleModList: listSize 41 maxListSize 289
[LOG 18:15:47.474] [GenericAppFrame] Reposition 0.2057716 28219
[LOG 18:15:47.486] [UIApp] Adding Cargo to Application Launcher
[LOG 18:15:47.486] ScaleModList: listSize 41 maxListSize 289
[LOG 18:15:47.487] [UIApp] Adding Construction to Application Launcher
[LOG 18:15:47.488] ScaleModList: listSize 41 maxListSize 248
[LOG 18:15:47.488] [UIApp] Adding KSPedia to Application Launcher
[LOG 18:15:47.489] ScaleModList: listSize 41 maxListSize 207
[WRN 18:15:47.521] HighlightingSystem : Framebuffer depth data is not available and can't be used to occlude highlighting. Highlighting occluders enabled.
[LOG 18:15:47.535] [UIApp] Adding ManeuverTool to Application Launcher
[LOG 18:15:47.536] ScaleModList: listSize 41 maxListSize 166
[LOG 18:15:47.537] [ApplicationLauncher] SetHidden: 
[LOG 18:15:47.538] ScaleModList: listSize 41 maxListSize 207
[LOG 18:15:47.558] [GenericAppFrame] Reposition 0.2795429 28222
[LOG 18:15:47.567] [ManeuverTool]: Found 1 transfer types
[LOG 18:15:47.630] Flight State Captured
[LOG 18:15:47.634] Saving Achievements Tree...
[LOG 18:15:47.634] Saving Achievements Tree...
[LOG 18:15:47.634] Saving Achievements Tree...
[LOG 18:15:47.639] [MessageSystem] Save Messages
[LOG 18:15:47.656] Game State Saved as persistent
[LOG 18:15:48.283] Unpacking Vaisseau sans nom
[LOG 18:15:48.293] [UIMasterController]: ShowUI
[LOG 18:16:02.448] [Comet Manager]:Generated Comet Type:short
[LOG 18:16:02.456] [CometSpawner]: New object found near Kerbin
[LOG 18:16:17.478] [AsteroidSpawner]: New object found near Kerbin: Ast. FRL-369!
[LOG 18:16:32.506] [AsteroidSpawner]: No new objects this time. (Odds are 1:2)
[LOG 18:16:47.527] [AsteroidSpawner]: New object found near Kerbin: Ast. DHR-627!
[LOG 18:17:26.670] [KSP-MCPServer] Quitting KSP, as asked
[LOG 18:17:27.298] [UIApp] OnDestroy: Construction
[LOG 18:17:27.298] ScaleModList: listSize 41 maxListSize 207
[LOG 18:17:27.319] [UIApp] OnDestroy: 
