[LOG 18:33:17.162] ******* Log Initiated for Kerbal Space Program - 1.12.5.3190 (WindowsPlayer x64) fr-fr *******
Kerbal Space Program - 1.12.5.3190 (WindowsPlayer x64) fr-fr


OS: Windows 10  (10.0.0) 64bit
CPU: Intel(R) Core(TM) i7-4790K CPU @ 4.00GHz (8)
RAM: 32687
GPU: NVIDIA GeForce GTX 1060 6GB (6029MB)
SM: 50 (Direct3D 11.0 [level 11.1])
RT Formats: ARGB32, Depth, ARGBHalf, Shadowmap, RGB565, ARGB4444, ARGB1555, Default, ARGB2101010, DefaultHDR, ARGB64, ARGBFloat, RGFloat, RGHalf, RFloat, RHalf, R8, ARGBInt, RGInt, RInt, BGRA32, RGB111110Float, RG32, RGBAUShort, RG16, BGRA10101010_XR, BGR101010_XR, R16


Log started: Sun, Oct 04, 2026 18:33:17


[LOG 18:33:17.183] ActionCanvas MASK: 3458764513820540928
[LOG 18:33:17.184] AppCanvas MASK: 3458764513820540928
[LOG 18:33:17.185] MainCanvas MASK: 3458764513820540928
[LOG 18:33:18.654] Load(Assembly): /ModuleManager.4.2.3
[LOG 18:33:18.654] AssemblyLoader: Loading assembly at D:\KSP-Dev\GameData\ModuleManager.4.2.3.dll
[LOG 18:33:18.678] AssemblyLoader: KSPAssembly 'ModuleManager' V2.5.0
[LOG 18:33:18.678] Load(Assembly): 000_Harmony/0Harmony
[LOG 18:33:18.678] AssemblyLoader: Loading assembly at D:\KSP-Dev\GameData\000_Harmony\0Harmony.dll
[LOG 18:33:18.681] Load(Assembly): 000_Harmony/HarmonyInstallChecker
[LOG 18:33:18.681] AssemblyLoader: Loading assembly at D:\KSP-Dev\GameData\000_Harmony\HarmonyInstallChecker.dll
[LOG 18:33:18.682] AssemblyLoader: KSPAssembly 'HarmonyKSP' V1.0.0
[LOG 18:33:18.683] Load(Assembly): KsmUI/Plugins/KsmUI
[LOG 18:33:18.683] AssemblyLoader: Loading assembly at D:\KSP-Dev\GameData\KsmUI\Plugins\KsmUI.dll
[LOG 18:33:18.684] Load(Assembly): KSPCommunityFixes/Plugins/0_MultipleModuleInPartAPI
[LOG 18:33:18.684] AssemblyLoader: Loading assembly at D:\KSP-Dev\GameData\KSPCommunityFixes\Plugins\0_MultipleModuleInPartAPI.dll
[LOG 18:33:18.686] AssemblyLoader: KSPAssembly 'MultipleModulePartAPI' V1.0.0
[LOG 18:33:18.686] Load(Assembly): KSPCommunityFixes/Plugins/KSPCommunityFixes
[LOG 18:33:18.686] AssemblyLoader: Loading assembly at D:\KSP-Dev\GameData\KSPCommunityFixes\Plugins\KSPCommunityFixes.dll
[LOG 18:33:18.696] AssemblyLoader: KSPAssembly 'KSPCommunityFixes' V1.41.1
[LOG 18:33:18.697] AssemblyLoader: KSPAssemblyDependency 'HarmonyKSP' V1.0.0
[LOG 18:33:18.697] AssemblyLoader: KSPAssemblyDependency 'ModuleManager' V1.0.0
[LOG 18:33:18.697] AssemblyLoader: KSPAssemblyDependency 'MultipleModulePartAPI' V1.0.0
[LOG 18:33:18.697] Load(Assembly): KSPProfiler/Plugins/KSPProfiler
[LOG 18:33:18.697] AssemblyLoader: Loading assembly at D:\KSP-Dev\GameData\KSPProfiler\Plugins\KSPProfiler.dll
[LOG 18:33:18.700] AssemblyLoader: Loading assemblies
[LOG 18:33:18.800] VesselModules: Found VesselModule of type AxisGroupsModule with order 999
[LOG 18:33:18.846] VesselModules: Found VesselModule of type CometVessel with order 999
[LOG 18:33:18.848] VesselModules: Found VesselModule of type SuspensionLoadBalancer with order 999
[LOG 18:33:18.850] VesselModules: Found VesselModule of type FlightIntegrator with order 0
[LOG 18:33:18.853] VesselModules: Found VesselModule of type CommNetVessel with order 999
[LOG 18:33:18.859] VesselModules: Found 5 VesselModule types
[LOG 18:33:18.868] 
************************************************************************

Environment Info
Win32NT 7FFFFFFFFFFFFFFF  Args: KSP_x64.exe 

Mod DLLs found:
Stock assembly: Assembly-CSharp v0.0.0.0
ModuleManager v4.2.3.0
0Harmony v2.2.1.0
HarmonyInstallChecker v2.2.1.0
KsmUI v1.0.0.0
0_MultipleModuleInPartAPI v1.0.0.0 / v1.0.0+7969fdc50bf4e350193abe5ba2e89533b12ca02f
KSPCommunityFixes v1.41.0.0 / v1.41.1+7969fdc50bf4e350193abe5ba2e89533b12ca02f / v1.41.1.0
KSPProfiler v1.0.0.0

Folders and files in GameData:
000_Harmony
KsmUI
KSPCommunityFixes
KSPProfiler
Stock folder: Squad

Stock folder: SquadExpansion

ModuleManager.4.2.3.dll
ModuleManager.ConfigCache
ModuleManager.ConfigSHA
ModuleManager.Physics
ModuleManager.TechTree

************************************************************************

[LOG 18:33:18.889] [AddonLoader]: Instantiating addon 'ModuleManager' from assembly 'ModuleManager'
[LOG 18:33:18.901] [ModuleManager] Adding post patch to the loading screen 4
[LOG 18:33:18.904] [ModuleManager] Patching started on a new thread, all output will be directed to D:\KSP-Dev\Logs\ModuleManager\ModuleManager.log
[LOG 18:33:18.907] [AddonLoader]: Instantiating addon 'HarmonyInstallChecker' from assembly 'HarmonyKSP'
[LOG 18:33:18.908] [AddonLoader]: Instantiating addon 'KsmUIBootstrapper' from assembly 'KsmUI'
[LOG 18:33:18.909] [AddonLoader]: Instantiating addon 'KSPCommunityFixes' from assembly 'KSPCommunityFixes'
[LOG 18:33:18.910] [AddonLoader]: Instantiating addon 'NoIVA' from assembly 'KSPCommunityFixes'
[LOG 18:33:18.911] [AddonLoader]: Instantiating addon 'ConfigNodePerf' from assembly 'KSPCommunityFixes'
[LOG 18:33:19.182] [AddonLoader]: Instantiating addon 'KSPCFFastLoader' from assembly 'KSPCommunityFixes'
[LOG 18:33:19.183] [KSPCF] Injecting FastLoader...
[LOG 18:33:19.208] [KSPCommunityFixes] Patch GameDatabasePerf applied.
[LOG 18:33:19.311] [AddonLoader]: Instantiating addon 'ReflectionTypeLoadExceptionHandler' from assembly 'KSPCommunityFixes'
[LOG 18:33:19.314] [AddonLoader]: Instantiating addon 'KSPProfilerAddon' from assembly 'KSPProfiler'
[LOG 18:33:20.667] [KSPCF] Taking over stock loader. An exception will follow, this is intended.
[EXC 18:33:20.672] Exception: Terminating stock loader coroutine, this is intended and not an error
	KSPCommunityFixes.Performance.KSPCFFastLoader.GameDatabase_SetupMainLoaders_Prefix () (at <62bb7f5420994f409a34377c091e8538>:0)
	(wrapper dynamic-method) GameDatabase.GameDatabase.SetupMainLoaders_Patch1(GameDatabase)
	GameDatabase+<LoadObjects>d__90.MoveNext () (at <4b449f2841f84227adfaad3149c8fdba>:0)
	UnityEngine.SetupCoroutine.InvokeMoveNext (System.Collections.IEnumerator enumerator, System.IntPtr returnValueAddress) (at <12e76cd50cc64cf19e759e981cb725af>:0)
	UnityEngine.DebugLogHandler:LogException(Exception, Object)
	ModuleManager.UnityLogHandle.InterceptLogHandler:LogException(Exception, Object)
	UnityEngine.MonoBehaviour:StartCoroutine(IEnumerator)
	<CreateDatabase>d__71:MoveNext()
	UnityEngine.MonoBehaviour:StartCoroutine(IEnumerator)
	GameDatabase:StartLoad()
	<LoadSystems>d__11:MoveNext()
	UnityEngine.MonoBehaviour:StartCoroutine(IEnumerator)
	LoadingScreen:Start()
[LOG 18:33:20.862] Preloading Asset Bundle Definitions
[LOG 18:33:21.263] Load Audio: Squad/Alarms/Sounds/Chirps
[LOG 18:33:21.290] Load Audio: Squad/Alarms/Sounds/Classic
[LOG 18:33:21.291] Load Audio: Squad/Alarms/Sounds/ClockTower
[LOG 18:33:21.291] Load Audio: Squad/Alarms/Sounds/ComputerGlass1
[LOG 18:33:21.291] Load Audio: Squad/Alarms/Sounds/ComputerGlass2
[LOG 18:33:21.291] Load Audio: Squad/Alarms/Sounds/ComputerShort
[LOG 18:33:21.291] Load Audio: Squad/Alarms/Sounds/ComputerTriad
[LOG 18:33:21.292] Load Audio: Squad/Alarms/Sounds/DoorBell
[LOG 18:33:21.292] Load Audio: Squad/Alarms/Sounds/Glass
[LOG 18:33:21.292] Load Audio: Squad/Alarms/Sounds/Klaxon
[LOG 18:33:21.292] Load Audio: Squad/Alarms/Sounds/Mobile
[LOG 18:33:21.292] Load Audio: Squad/Alarms/Sounds/Morning
[LOG 18:33:21.292] Load Audio: Squad/Alarms/Sounds/OldClock
[LOG 18:33:21.292] Load Audio: Squad/Alarms/Sounds/OldHorn
[LOG 18:33:21.293] Load Audio: Squad/Alarms/Sounds/Ripple
[LOG 18:33:21.293] Load Audio: Squad/Sounds/editorLoop01
[LOG 18:33:21.293] Load Audio: Squad/Sounds/elev_loop
[LOG 18:33:21.293] Load Audio: Squad/Sounds/elev_start
[LOG 18:33:21.293] Load Audio: Squad/Sounds/elev_stop
[LOG 18:33:21.293] Load Audio: Squad/Sounds/fireworks_explosion_2
[LOG 18:33:21.293] Load Audio: Squad/Sounds/fireworks_explosion_3
[LOG 18:33:21.293] Load Audio: Squad/Sounds/fireworks_explosion_4
[LOG 18:33:21.294] Load Audio: Squad/Sounds/fireworks_launch_boom
[LOG 18:33:21.294] Load Audio: Squad/Sounds/fireworks_only_crackle_crackle_1
[LOG 18:33:21.294] Load Audio: Squad/Sounds/fireworks_only_crackle_dragon_1
[LOG 18:33:21.892] Load Audio: Squad/Sounds/fireworks_only_crackle_palm_1
[LOG 18:33:21.893] Load Audio: Squad/Sounds/fireworks_whistle
[LOG 18:33:21.893] Load Audio: Squad/Sounds/ksp1_banana_V2_01
[LOG 18:33:21.893] Load Audio: Squad/Sounds/ksp1_banana_V2_04
[LOG 18:33:21.893] Load Audio: Squad/Sounds/ksp1_banana_V2_05
[LOG 18:33:21.893] Load Audio: Squad/Sounds/ksp1_golf_swing_normal
[LOG 18:33:21.893] Load Audio: Squad/Sounds/ksp1_ground_anchor_v2_1
[LOG 18:33:21.894] Load Audio: Squad/Sounds/ksp1_strunts_disconnect_v3_pitched2
[LOG 18:33:21.894] Load Audio: Squad/Sounds/repairKit_repair1
[LOG 18:33:21.894] Load Audio: Squad/Sounds/repairKit_repair2
[LOG 18:33:21.894] Load Audio: Squad/Sounds/sound_ambience_nature
[LOG 18:33:21.894] Load Audio: Squad/Sounds/sound_click_flick
[LOG 18:33:21.895] Load Audio: Squad/Sounds/sound_click_latch
[LOG 18:33:21.895] Load Audio: Squad/Sounds/sound_click_sharp
[LOG 18:33:21.895] Load Audio: Squad/Sounds/sound_click_tick
[LOG 18:33:21.895] Load Audio: Squad/Sounds/sound_click_tock
[LOG 18:33:21.895] Load Audio: Squad/Sounds/sound_decoupler_fire
[LOG 18:33:21.895] Load Audio: Squad/Sounds/sound_delete_bin
[LOG 18:33:21.895] Load Audio: Squad/Sounds/sound_explosion_debris1
[LOG 18:33:21.896] Load Audio: Squad/Sounds/sound_explosion_debris2
[LOG 18:33:21.896] Load Audio: Squad/Sounds/sound_explosion_large
[LOG 18:33:21.896] Load Audio: Squad/Sounds/sound_rocket_mini
[LOG 18:33:21.896] Load Audio: Squad/Sounds/sound_rocket_spurts
[LOG 18:33:21.896] Load Audio: Squad/Sounds/sound_servomotor
[LOG 18:33:21.896] Load Audio: Squad/Sounds/sound_tab_extend
[LOG 18:33:21.906] Load Audio: Squad/Sounds/sound_tab_retreat
[LOG 18:33:21.907] Load Audio: SquadExpansion/Serenity/Sounds/robo_arm_large_end
[LOG 18:33:21.907] Load Audio: SquadExpansion/Serenity/Sounds/robo_arm_large_motor_00
[LOG 18:33:21.907] Load Audio: SquadExpansion/Serenity/Sounds/robo_arm_large_scan
[LOG 18:33:21.907] Load Audio: SquadExpansion/Serenity/Sounds/robo_arm_large_start
[LOG 18:33:21.907] Load Audio: SquadExpansion/Serenity/Sounds/robo_arm_medium_end
[LOG 18:33:21.908] Load Audio: SquadExpansion/Serenity/Sounds/robo_arm_medium_motor_00
[LOG 18:33:21.908] Load Audio: SquadExpansion/Serenity/Sounds/robo_arm_medium_scan
[LOG 18:33:21.908] Load Audio: SquadExpansion/Serenity/Sounds/robo_arm_medium_start
[LOG 18:33:21.908] Load Audio: SquadExpansion/Serenity/Sounds/robo_arm_small_end
[LOG 18:33:21.908] Load Audio: SquadExpansion/Serenity/Sounds/robo_arm_small_motor_00
[LOG 18:33:21.908] Load Audio: SquadExpansion/Serenity/Sounds/robo_arm_small_scan
[LOG 18:33:21.908] Load Audio: SquadExpansion/Serenity/Sounds/robo_arm_small_start
[LOG 18:33:21.909] Load Audio: SquadExpansion/Serenity/Sounds/sfx_cryoVolcano_burst
[LOG 18:33:21.909] Load Audio: SquadExpansion/Serenity/Sounds/sfx_cryoVolcano_idle
[LOG 18:33:21.909] Load Audio: SquadExpansion/Serenity/Sounds/sfx_deployable_booster_antena_end
[LOG 18:33:21.909] Load Audio: SquadExpansion/Serenity/Sounds/sfx_deployable_booster_antena_start
[LOG 18:33:21.909] Load Audio: SquadExpansion/Serenity/Sounds/sfx_deployable_central_station_end
[LOG 18:33:21.910] Load Audio: SquadExpansion/Serenity/Sounds/sfx_deployable_central_station_loop
[LOG 18:33:21.910] Load Audio: SquadExpansion/Serenity/Sounds/sfx_deployable_central_station_start
[LOG 18:33:21.910] Load Audio: SquadExpansion/Serenity/Sounds/sfx_deployable_detector_end
[LOG 18:33:21.910] Load Audio: SquadExpansion/Serenity/Sounds/sfx_deployable_detector_start
[LOG 18:33:21.910] Load Audio: SquadExpansion/Serenity/Sounds/sfx_deployable_GoObEd_end
[LOG 18:33:21.910] Load Audio: SquadExpansion/Serenity/Sounds/sfx_deployable_GoObEd_loop
[LOG 18:33:21.911] Load Audio: SquadExpansion/Serenity/Sounds/sfx_deployable_GoObEd_start
[LOG 18:33:21.948] Load Audio: SquadExpansion/Serenity/Sounds/sfx_deployable_rtg_end
[LOG 18:33:21.948] Load Audio: SquadExpansion/Serenity/Sounds/sfx_deployable_rtg_start
[LOG 18:33:21.948] Load Audio: SquadExpansion/Serenity/Sounds/sfx_deployable_seismometer_end
[LOG 18:33:21.948] Load Audio: SquadExpansion/Serenity/Sounds/sfx_deployable_seismometer_start
[LOG 18:33:21.949] Load Audio: SquadExpansion/Serenity/Sounds/sfx_deployable_solar_panel_end
[LOG 18:33:21.949] Load Audio: SquadExpansion/Serenity/Sounds/sfx_deployable_solar_panel_start
[LOG 18:33:21.949] Load Audio: SquadExpansion/Serenity/Sounds/sfx_deployable_weather_station_end
[LOG 18:33:21.949] Load Audio: SquadExpansion/Serenity/Sounds/sfx_deployable_weather_station_loop
[LOG 18:33:21.949] Load Audio: SquadExpansion/Serenity/Sounds/sfx_deployable_weather_station_start
[LOG 18:33:21.950] Load Audio: SquadExpansion/Serenity/Sounds/sfx_geyser_burst
[LOG 18:33:21.950] Load Audio: SquadExpansion/Serenity/Sounds/sfx_geyser_idle
[LOG 18:33:21.967] Load PNG texture: KsmUI/Icons/arrows-down-32
[LOG 18:33:21.973] [KSPCF] PNG texture 'KsmUI/Icons/arrows-down-32' was converted to DXT5 and has been cached for future reloads
[LOG 18:33:21.973] Load PNG texture: KsmUI/Icons/arrows-left-32
[LOG 18:33:21.974] [KSPCF] PNG texture 'KsmUI/Icons/arrows-left-32' was converted to DXT5 and has been cached for future reloads
[LOG 18:33:21.974] Load PNG texture: KsmUI/Icons/arrows-right-32
[LOG 18:33:21.975] [KSPCF] PNG texture 'KsmUI/Icons/arrows-right-32' was converted to DXT5 and has been cached for future reloads
[LOG 18:33:21.975] Load PNG texture: KsmUI/Icons/arrows-up-32
[LOG 18:33:21.976] [KSPCF] PNG texture 'KsmUI/Icons/arrows-up-32' was converted to DXT5 and has been cached for future reloads
[LOG 18:33:21.976] Load PNG texture: KsmUI/Icons/background-64-5
[LOG 18:33:21.977] [KSPCF] PNG texture 'KsmUI/Icons/background-64-5' was converted to DXT5 and has been cached for future reloads
[LOG 18:33:21.977] Load PNG texture: KsmUI/Icons/btn-black-64-5
[LOG 18:33:21.979] [KSPCF] PNG texture 'KsmUI/Icons/btn-black-64-5' was converted to DXT5 and has been cached for future reloads
[LOG 18:33:21.979] Load PNG texture: KsmUI/Icons/btn-black-disabled-64-5
[LOG 18:33:21.980] [KSPCF] PNG texture 'KsmUI/Icons/btn-black-disabled-64-5' was converted to DXT5 and has been cached for future reloads
[LOG 18:33:21.980] Load PNG texture: KsmUI/Icons/btn-black-highlight-64-5
[LOG 18:33:21.981] [KSPCF] PNG texture 'KsmUI/Icons/btn-black-highlight-64-5' was converted to DXT5 and has been cached for future reloads
[LOG 18:33:21.982] Load PNG texture: KsmUI/Icons/checkmark-20
[LOG 18:33:21.983] [KSPCF] PNG texture 'KsmUI/Icons/checkmark-20' was converted to DXT5 and has been cached for future reloads
[LOG 18:33:21.983] Load PNG texture: KsmUI/Icons/ColorPicker
[LOG 18:33:22.002] [KSPCF] PNG texture 'KsmUI/Icons/ColorPicker' was converted to DXT5 and has been cached for future reloads
[LOG 18:33:22.004] Load PNG texture: KsmUI/Icons/i8-header-close-32
[LOG 18:33:22.005] [KSPCF] PNG texture 'KsmUI/Icons/i8-header-close-32' was converted to DXT5 and has been cached for future reloads
[LOG 18:33:22.006] Load PNG texture: KsmUI/Icons/i8-header-newWindow-32
[LOG 18:33:22.007] [KSPCF] PNG texture 'KsmUI/Icons/i8-header-newWindow-32' was converted to DXT5 and has been cached for future reloads
[LOG 18:33:22.007] Load PNG texture: KsmUI/Icons/i8-rnd-32
[LOG 18:33:22.010] [KSPCF] PNG texture 'KsmUI/Icons/i8-rnd-32' was converted to DXT5 and has been cached for future reloads
[LOG 18:33:22.010] Load PNG texture: KsmUI/Icons/info-32
[LOG 18:33:22.011] [KSPCF] PNG texture 'KsmUI/Icons/info-32' was converted to DXT5 and has been cached for future reloads
[LOG 18:33:22.011] Load PNG texture: KsmUI/Icons/Selector
[LOG 18:33:22.012] [KSPCF] PNG texture 'KsmUI/Icons/Selector' was converted to DXT5 and has been cached for future reloads
[LOG 18:33:22.013] Load DDS texture: KSPCommunityFixes/MMPatches/StockTweaks/Icons/Clamp-O-Tron
[LOG 18:33:22.016] Load TRUECOLOR texture: KSPCommunityFixes/MMPatches/StockTweaks/Icons/Clamp-O-Tron_scaled
[LOG 18:33:22.016] Load DDS texture: KSPCommunityFixes/MMPatches/StockTweaks/Icons/FreeFallParachutes
[LOG 18:33:22.016] Load TRUECOLOR texture: KSPCommunityFixes/MMPatches/StockTweaks/Icons/FreeFallParachutes_scaled
[LOG 18:33:22.017] Load DDS texture: KSPCommunityFixes/MMPatches/StockTweaks/Icons/LightYearTireCompany
[LOG 18:33:22.017] Load TRUECOLOR texture: KSPCommunityFixes/MMPatches/StockTweaks/Icons/LightYearTireCompany_scaled
[LOG 18:33:22.017] Load DDS texture: KSPCommunityFixes/MMPatches/StockTweaks/Icons/StratusCorporation
[LOG 18:33:22.017] Load TRUECOLOR texture: KSPCommunityFixes/MMPatches/StockTweaks/Icons/StratusCorporation_scaled
[LOG 18:33:22.018] Load PNG texture: KSPProfiler/Icons/appIcon
[WRN 18:33:22.018] Texture isn't eligible for DXT compression, width and height must be multiples of 4
[LOG 18:33:22.018] Load DDS texture: Squad/Agencies/C7AerospaceDivision
[LOG 18:33:22.018] Load TRUECOLOR texture: Squad/Agencies/C7AerospaceDivision_scaled
[LOG 18:33:22.018] Load DDS texture: Squad/Agencies/DinkelsteinKermansConstructionEmporium
[LOG 18:33:22.018] Load TRUECOLOR texture: Squad/Agencies/DinkelsteinKermansConstructionEmporium_scaled
[LOG 18:33:22.019] Load DDS texture: Squad/Agencies/ExperimentalEngineering
[LOG 18:33:22.019] Load TRUECOLOR texture: Squad/Agencies/ExperimentalEngineering_scaled
[LOG 18:33:22.019] Load DDS texture: Squad/Agencies/FlooydResearchLab
[LOG 18:33:22.019] Load TRUECOLOR texture: Squad/Agencies/FlooydResearchLab_scaled
[LOG 18:33:22.019] Load DDS texture: Squad/Agencies/GoliathNationalProducts
[LOG 18:33:22.019] Load TRUECOLOR texture: Squad/Agencies/GoliathNationalProducts_scaled
[LOG 18:33:22.020] Load DDS texture: Squad/Agencies/IntegratedIntegrals
[LOG 18:33:22.020] Load TRUECOLOR texture: Squad/Agencies/IntegratedIntegrals_scaled
[LOG 18:33:22.020] Load DDS texture: Squad/Agencies/IonicSymphonicProtonicElectronics
[LOG 18:33:22.020] Load TRUECOLOR texture: Squad/Agencies/IonicSymphonicProtonicElectronics_scaled
[LOG 18:33:22.020] Load DDS texture: Squad/Agencies/JebsJunkyard
[LOG 18:33:22.020] Load TRUECOLOR texture: Squad/Agencies/JebsJunkyard_scaled
[LOG 18:33:22.021] Load DDS texture: Squad/Agencies/KerbalMotion
[LOG 18:33:22.021] Load TRUECOLOR texture: Squad/Agencies/KerbalMotion_scaled
[LOG 18:33:22.021] Load DDS texture: Squad/Agencies/KerbinWorldFirstRecordKeepingSociety
[LOG 18:33:22.021] Load TRUECOLOR texture: Squad/Agencies/KerbinWorldFirstRecordKeepingSociety_scaled
[LOG 18:33:22.021] Load DDS texture: Squad/Agencies/Kerbodyne
[LOG 18:33:22.021] Load TRUECOLOR texture: Squad/Agencies/Kerbodyne_scaled
[LOG 18:33:22.022] Load DDS texture: Squad/Agencies/Kerlington
[LOG 18:33:22.022] Load TRUECOLOR texture: Squad/Agencies/Kerlington_scaled
[LOG 18:33:22.022] Load DDS texture: Squad/Agencies/MaxoConstructionToys
[LOG 18:33:22.022] Load TRUECOLOR texture: Squad/Agencies/MaxoConstructionToys_scaled
[LOG 18:33:22.022] Load DDS texture: Squad/Agencies/MovingPartsExpertsGroup
[LOG 18:33:22.022] Load TRUECOLOR texture: Squad/Agencies/MovingPartsExpertsGroup_scaled
[LOG 18:33:22.023] Load DDS texture: Squad/Agencies/OMBDemolition
[LOG 18:33:22.023] Load TRUECOLOR texture: Squad/Agencies/OMBDemolition_scaled
[LOG 18:33:22.024] Load DDS texture: Squad/Agencies/PeriapsisCo
[LOG 18:33:22.024] Load TRUECOLOR texture: Squad/Agencies/PeriapsisCo_scaled
[LOG 18:33:22.024] Load DDS texture: Squad/Agencies/Probodobodyne
[LOG 18:33:22.024] Load TRUECOLOR texture: Squad/Agencies/Probodobodyne_scaled
[LOG 18:33:22.030] Load DDS texture: Squad/Agencies/R&D
[LOG 18:33:22.030] Load TRUECOLOR texture: Squad/Agencies/R&D_scaled
[LOG 18:33:22.048] Load DDS texture: Squad/Agencies/ReactionSystemsLtd
[LOG 18:33:22.049] Load TRUECOLOR texture: Squad/Agencies/ReactionSystemsLtd_scaled
[LOG 18:33:22.050] Load DDS texture: Squad/Agencies/Rockomax
[LOG 18:33:22.050] Load TRUECOLOR texture: Squad/Agencies/Rockomax_scaled
[LOG 18:33:22.051] Load DDS texture: Squad/Agencies/Rokea
[LOG 18:33:22.051] Load TRUECOLOR texture: Squad/Agencies/Rokea_scaled
[LOG 18:33:22.051] Load DDS texture: Squad/Agencies/SeansCannery
[LOG 18:33:22.051] Load TRUECOLOR texture: Squad/Agencies/SeansCannery_scaled
[LOG 18:33:22.052] Load DDS texture: Squad/Agencies/SteadlerEngineeringCorps
[LOG 18:33:22.052] Load TRUECOLOR texture: Squad/Agencies/SteadlerEngineeringCorps_scaled
[LOG 18:33:22.052] Load DDS texture: Squad/Agencies/StrutCo
[LOG 18:33:22.055] Load TRUECOLOR texture: Squad/Agencies/StrutCo_scaled
[LOG 18:33:22.055] Load DDS texture: Squad/Agencies/Vac-Co
[LOG 18:33:22.055] Load TRUECOLOR texture: Squad/Agencies/Vac-Co_scaled
[LOG 18:33:22.056] Load DDS texture: Squad/Agencies/WinterOwl
[LOG 18:33:22.056] Load TRUECOLOR texture: Squad/Agencies/WinterOwl_scaled
[LOG 18:33:22.056] Load DDS texture: Squad/Agencies/ZaltonicElectronics
[LOG 18:33:22.056] Load TRUECOLOR texture: Squad/Agencies/ZaltonicElectronics_scaled
[LOG 18:33:22.057] Load Cached PNG Texture: Squad/Alarms/Icons/ap
[LOG 18:33:22.057] Load Cached PNG Texture: Squad/Alarms/Icons/default
[LOG 18:33:22.057] Load Cached PNG Texture: Squad/Alarms/Icons/maneuver
[LOG 18:33:22.057] Load Cached PNG Texture: Squad/Alarms/Icons/pe
[LOG 18:33:22.057] Load Cached PNG Texture: Squad/Alarms/Icons/raw
[LOG 18:33:22.057] Load Cached PNG Texture: Squad/Alarms/Icons/soi
[LOG 18:33:22.058] Load Cached PNG Texture: Squad/Alarms/Icons/xfer
[LOG 18:33:22.058] Load DDS texture: Squad/Contracts/Icons/balloon
[LOG 18:33:22.058] Load DDS texture: Squad/Contracts/Icons/custom
[LOG 18:33:22.058] Load DDS texture: Squad/Contracts/Icons/default
[LOG 18:33:22.058] Load DDS texture: Squad/Contracts/Icons/dish
[LOG 18:33:22.058] Load DDS texture: Squad/Contracts/Icons/eva
[LOG 18:33:22.058] Load DDS texture: Squad/Contracts/Icons/gravity
[LOG 18:33:22.058] Load Cached PNG Texture: Squad/Contracts/Icons/ksc
[LOG 18:33:22.058] Load DDS texture: Squad/Contracts/Icons/launchsite
[LOG 18:33:22.058] Load DDS texture: Squad/Contracts/Icons/marker
[LOG 18:33:22.059] Load DDS texture: Squad/Contracts/Icons/pressure
[LOG 18:33:22.059] Load DDS texture: Squad/Contracts/Icons/report
[LOG 18:33:22.059] Load DDS texture: Squad/Contracts/Icons/runway
[LOG 18:33:22.059] Load DDS texture: Squad/Contracts/Icons/sample
[LOG 18:33:22.059] Load DDS texture: Squad/Contracts/Icons/seismic
[LOG 18:33:22.059] Load DDS texture: Squad/Contracts/Icons/thermometer
[LOG 18:33:22.059] Load DDS texture: Squad/Contracts/Icons/vessel
[LOG 18:33:22.059] Load Cached PNG Texture: Squad/Flags/09
[LOG 18:33:22.059] Load Cached PNG Texture: Squad/Flags/blorbs
[LOG 18:33:22.059] Load Cached PNG Texture: Squad/Flags/bullseye
[LOG 18:33:22.060] Load Cached PNG Texture: Squad/Flags/capsule
[LOG 18:33:22.060] Load Cached PNG Texture: Squad/Flags/circles
[LOG 18:33:22.060] Load Cached PNG Texture: Squad/Flags/default
[LOG 18:33:22.061] Load Cached PNG Texture: Squad/Flags/hexagon
[LOG 18:33:22.061] Load Cached PNG Texture: Squad/Flags/hexagonCircles
[LOG 18:33:22.061] Load Cached PNG Texture: Squad/Flags/kerbal1
[LOG 18:33:22.061] Load Cached PNG Texture: Squad/Flags/kerbal2
[LOG 18:33:22.062] Load Cached PNG Texture: Squad/Flags/kerbin
[LOG 18:33:22.062] Load Cached PNG Texture: Squad/Flags/kerbinmunflag
[LOG 18:33:22.062] Load Cached PNG Texture: Squad/Flags/line
[LOG 18:33:22.062] Load Cached PNG Texture: Squad/Flags/minimalistic
[LOG 18:33:22.063] Load Cached PNG Texture: Squad/Flags/orbit
[LOG 18:33:22.063] Load Cached PNG Texture: Squad/Flags/orbs
[LOG 18:33:22.063] Load Cached PNG Texture: Squad/Flags/retro
[LOG 18:33:22.063] Load Cached PNG Texture: Squad/Flags/rings
[LOG 18:33:22.064] Load Cached PNG Texture: Squad/Flags/rocketScience
[LOG 18:33:22.064] Load Cached PNG Texture: Squad/Flags/satellite
[LOG 18:33:22.064] Load Cached PNG Texture: Squad/Flags/Sentinel_Flag
[LOG 18:33:22.064] Load Cached PNG Texture: Squad/Flags/spheres
[LOG 18:33:22.065] Load Cached PNG Texture: Squad/Flags/squadLogo
[LOG 18:33:22.065] Load Cached PNG Texture: Squad/Flags/squadLogo2
[LOG 18:33:22.065] Load Cached PNG Texture: Squad/Flags/stripes
[LOG 18:33:22.066] Load Cached PNG Texture: Squad/Flags/trees
[LOG 18:33:22.066] Load Cached PNG Texture: Squad/Flags/trippy
[LOG 18:33:22.066] Load Cached PNG Texture: Squad/FlagsAgency/esa_dark_blue
[LOG 18:33:22.067] Load Cached PNG Texture: Squad/FlagsAgency/NASA
[LOG 18:33:22.067] Load Cached PNG Texture: Squad/FlagsAgency/uk_space_agency
[LOG 18:33:22.067] Load Cached PNG Texture: Squad/FlagsOrganization/B612_Foundation_flag
[LOG 18:33:22.067] Load Cached PNG Texture: Squad/FlagsOrganization/electron
[LOG 18:33:22.067] Load Cached PNG Texture: Squad/FlagsOrganization/ESA_Arianespace
[LOG 18:33:22.067] Load Cached PNG Texture: Squad/FlagsOrganization/rocketlab
[LOG 18:33:22.067] Load DDS texture: Squad/FX/DiamondBlue
[LOG 18:33:22.068] Load DDS texture: Squad/FX/FlameBlueOrange
[LOG 18:33:22.068] Load DDS texture: Squad/FX/FlamePurple
[LOG 18:33:22.068] Load DDS texture: Squad/FX/FlameRed
[LOG 18:33:22.068] Load DDS texture: Squad/FX/FlameRedOrange
[LOG 18:33:22.068] Load DDS texture: Squad/FX/Monoprop
[LOG 18:33:22.068] Load DDS texture: Squad/FX/plasma2
[LOG 18:33:22.068] Load DDS texture: Squad/FX/rocketplume2
[LOG 18:33:22.068] Load DDS texture: Squad/FX/shockDiamond2
[LOG 18:33:22.068] Load DDS texture: Squad/FX/smokepuff1
[LOG 18:33:22.068] Load DDS texture: Squad/Interiors/Administration/AdminBuilding_Lvl1
[LOG 18:33:22.072] Load DDS texture: Squad/Interiors/Administration/AdminBuilding_Lvl2
[LOG 18:33:22.077] Load DDS texture: Squad/Interiors/Administration/AdminBuilding_Lvl3
[LOG 18:33:22.087] Load DDS texture: Squad/MenuProps/MunOrBust
[LOG 18:33:22.088] Load Cached PNG Texture: Squad/Missions/Banners/Fail/default
[LOG 18:33:22.089] Load PNG texture: Squad/Missions/Banners/Menu/default
[WRN 18:33:22.094] Texture isn't eligible for DXT compression, width and height must be multiples of 4
[LOG 18:33:22.095] Load Cached PNG Texture: Squad/Missions/Banners/Success/default
[LOG 18:33:22.097] Load PNG texture: Squad/Missions/ESA-BepiColombo/Banners/Fail/ESA_MB_Fail_01
[WRN 18:33:22.101] Texture isn't eligible for DXT compression, width and height must be multiples of 4
[LOG 18:33:22.101] Load PNG texture: Squad/Missions/ESA-BepiColombo/Banners/Menu/ESA_MB_Select_01
[WRN 18:33:22.106] Texture isn't eligible for DXT compression, width and height must be multiples of 4
[LOG 18:33:22.106] Load PNG texture: Squad/Missions/ESA-BepiColombo/Banners/Success/ESA_MB_Success_01
[WRN 18:33:22.112] Texture isn't eligible for DXT compression, width and height must be multiples of 4
[LOG 18:33:22.112] Load PNG texture: Squad/Missions/ESA-BepiColombo-Short/Banners/Fail/ESA_MB_Fail_01
[WRN 18:33:22.124] Texture isn't eligible for DXT compression, width and height must be multiples of 4
[LOG 18:33:22.125] Load PNG texture: Squad/Missions/ESA-BepiColombo-Short/Banners/Menu/ESA_MB_Select_01
[WRN 18:33:22.132] Texture isn't eligible for DXT compression, width and height must be multiples of 4
[LOG 18:33:22.132] Load PNG texture: Squad/Missions/ESA-BepiColombo-Short/Banners/Success/ESA_MB_Success_01
[WRN 18:33:22.137] Texture isn't eligible for DXT compression, width and height must be multiples of 4
[LOG 18:33:22.138] Load PNG texture: Squad/Missions/ESA-Rosetta/Banners/Fail/ESA_MB_Fail_02
[WRN 18:33:22.146] Texture isn't eligible for DXT compression, width and height must be multiples of 4
[LOG 18:33:22.146] Load PNG texture: Squad/Missions/ESA-Rosetta/Banners/Menu/ESA_MB_Select_02
[WRN 18:33:22.151] Texture isn't eligible for DXT compression, width and height must be multiples of 4
[LOG 18:33:22.151] Load PNG texture: Squad/Missions/ESA-Rosetta/Banners/Success/ESA_MB_Success_02
[WRN 18:33:22.157] Texture isn't eligible for DXT compression, width and height must be multiples of 4
[LOG 18:33:22.157] Load Cached PNG Texture: Squad/PartList/SimpleIcons/ablator
[LOG 18:33:22.157] Load Cached PNG Texture: Squad/PartList/SimpleIcons/active_radiator
[LOG 18:33:22.157] Load Cached PNG Texture: Squad/PartList/SimpleIcons/asteroid_drill
[LOG 18:33:22.157] Load Cached PNG Texture: Squad/PartList/SimpleIcons/cargo_part
[LOG 18:33:22.157] Load Cached PNG Texture: Squad/PartList/SimpleIcons/comet_drill
[LOG 18:33:22.157] Load Cached PNG Texture: Squad/PartList/SimpleIcons/core_heat
[LOG 18:33:22.157] Load Cached PNG Texture: Squad/PartList/SimpleIcons/cs_main
[LOG 18:33:22.158] Load Cached PNG Texture: Squad/PartList/SimpleIcons/cs_mk2
[LOG 18:33:22.158] Load Cached PNG Texture: Squad/PartList/SimpleIcons/cs_mk3
[LOG 18:33:22.160] Load Cached PNG Texture: Squad/PartList/SimpleIcons/cs_size0
[LOG 18:33:22.160] Load Cached PNG Texture: Squad/PartList/SimpleIcons/cs_size1
[LOG 18:33:22.160] Load Cached PNG Texture: Squad/PartList/SimpleIcons/cs_size1p5
[LOG 18:33:22.160] Load Cached PNG Texture: Squad/PartList/SimpleIcons/cs_size2
[LOG 18:33:22.160] Load Cached PNG Texture: Squad/PartList/SimpleIcons/cs_size3
[LOG 18:33:22.160] Load Cached PNG Texture: Squad/PartList/SimpleIcons/cs_size4
[LOG 18:33:22.160] Load Cached PNG Texture: Squad/PartList/SimpleIcons/cs_surface
[LOG 18:33:22.160] Load Cached PNG Texture: Squad/PartList/SimpleIcons/custom_built_fairing
[LOG 18:33:22.160] Load Cached PNG Texture: Squad/PartList/SimpleIcons/deployable_antenna
[LOG 18:33:22.160] Load Cached PNG Texture: Squad/PartList/SimpleIcons/deployable_comms_part
[LOG 18:33:22.160] Load Cached PNG Texture: Squad/PartList/SimpleIcons/deployable_ground_part
[LOG 18:33:22.160] Load Cached PNG Texture: Squad/PartList/SimpleIcons/deployable_part
[LOG 18:33:22.161] Load Cached PNG Texture: Squad/PartList/SimpleIcons/deployable_radiator
[LOG 18:33:22.161] Load Cached PNG Texture: Squad/PartList/SimpleIcons/deployed_science_control_unit
[LOG 18:33:22.161] Load Cached PNG Texture: Squad/PartList/SimpleIcons/deployed_science_experiment
[LOG 18:33:22.161] Load Cached PNG Texture: Squad/PartList/SimpleIcons/deployed_science_part
[LOG 18:33:22.161] Load Cached PNG Texture: Squad/PartList/SimpleIcons/enviro_sensor
[LOG 18:33:22.161] Load Cached PNG Texture: Squad/PartList/SimpleIcons/experience_management
[LOG 18:33:22.161] Load Cached PNG Texture: Squad/PartList/SimpleIcons/fuels_monopropellant
[LOG 18:33:22.161] Load Cached PNG Texture: Squad/PartList/SimpleIcons/fuels_ore
[LOG 18:33:22.161] Load Cached PNG Texture: Squad/PartList/SimpleIcons/fuels_oxidizer
[LOG 18:33:22.161] Load Cached PNG Texture: Squad/PartList/SimpleIcons/fuels_solidfuel
[LOG 18:33:22.161] Load Cached PNG Texture: Squad/PartList/SimpleIcons/fuels_xenongas
[LOG 18:33:22.161] Load Cached PNG Texture: Squad/PartList/SimpleIcons/inventory_part
[LOG 18:33:22.162] Load Cached PNG Texture: Squad/PartList/SimpleIcons/kerbnet_access
[LOG 18:33:22.162] Load Cached PNG Texture: Squad/PartList/SimpleIcons/number1
[LOG 18:33:22.162] Load Cached PNG Texture: Squad/PartList/SimpleIcons/number2
[LOG 18:33:22.162] Load Cached PNG Texture: Squad/PartList/SimpleIcons/number3
[LOG 18:33:22.162] Load Cached PNG Texture: Squad/PartList/SimpleIcons/number4
[LOG 18:33:22.162] Load Cached PNG Texture: Squad/PartList/SimpleIcons/number5
[LOG 18:33:22.162] Load Cached PNG Texture: Squad/PartList/SimpleIcons/number6
[LOG 18:33:22.162] Load Cached PNG Texture: Squad/PartList/SimpleIcons/number7
[LOG 18:33:22.163] Load Cached PNG Texture: Squad/PartList/SimpleIcons/number8
[LOG 18:33:22.163] Load Cached PNG Texture: Squad/PartList/SimpleIcons/number9
[LOG 18:33:22.163] Load Cached PNG Texture: Squad/PartList/SimpleIcons/probe_control_unit
[LOG 18:33:22.163] Load Cached PNG Texture: Squad/PartList/SimpleIcons/R&D_node_icon_advaerodynamics
[LOG 18:33:22.163] Load Cached PNG Texture: Squad/PartList/SimpleIcons/R&D_node_icon_advancedmotors
[LOG 18:33:22.163] Load Cached PNG Texture: Squad/PartList/SimpleIcons/R&D_node_icon_advconstruction
[LOG 18:33:22.163] Load Cached PNG Texture: Squad/PartList/SimpleIcons/R&D_node_icon_advelectrics
[LOG 18:33:22.163] Load Cached PNG Texture: Squad/PartList/SimpleIcons/R&D_node_icon_advexploration
[LOG 18:33:22.163] Load Cached PNG Texture: Squad/PartList/SimpleIcons/R&D_node_icon_advflightcontrol
[LOG 18:33:22.164] Load Cached PNG Texture: Squad/PartList/SimpleIcons/R&D_node_icon_advlanding
[LOG 18:33:22.164] Load Cached PNG Texture: Squad/PartList/SimpleIcons/R&D_node_icon_advmetalworks
[LOG 18:33:22.164] Load Cached PNG Texture: Squad/PartList/SimpleIcons/R&D_node_icon_advrocketry
[LOG 18:33:22.164] Load Cached PNG Texture: Squad/PartList/SimpleIcons/R&D_node_icon_advsciencetech
[LOG 18:33:22.164] Load Cached PNG Texture: Squad/PartList/SimpleIcons/R&D_node_icon_advunmanned
[LOG 18:33:22.164] Load Cached PNG Texture: Squad/PartList/SimpleIcons/R&D_node_icon_aerodynamicsystems
[LOG 18:33:22.164] Load Cached PNG Texture: Squad/PartList/SimpleIcons/R&D_node_icon_aerospacetech
[LOG 18:33:22.165] Load Cached PNG Texture: Squad/PartList/SimpleIcons/R&D_node_icon_automation
[LOG 18:33:22.165] Load Cached PNG Texture: Squad/PartList/SimpleIcons/R&D_node_icon_basicprobes
[LOG 18:33:22.165] Load Cached PNG Texture: Squad/PartList/SimpleIcons/R&D_node_icon_basicrocketry
[LOG 18:33:22.165] Load Cached PNG Texture: Squad/PartList/SimpleIcons/R&D_node_icon_composites
[LOG 18:33:22.165] Load Cached PNG Texture: Squad/PartList/SimpleIcons/R&D_node_icon_electrics
[LOG 18:33:22.165] Load Cached PNG Texture: Squad/PartList/SimpleIcons/R&D_node_icon_electronics
[LOG 18:33:22.165] Load Cached PNG Texture: Squad/PartList/SimpleIcons/R&D_node_icon_evatech
[LOG 18:33:22.165] Load Cached PNG Texture: Squad/PartList/SimpleIcons/R&D_node_icon_experimentalaerodynamics
[LOG 18:33:22.166] Load Cached PNG Texture: Squad/PartList/SimpleIcons/R&D_node_icon_experimentalelectrics
[LOG 18:33:22.166] Load Cached PNG Texture: Squad/PartList/SimpleIcons/R&D_node_icon_experimentalmotors
[LOG 18:33:22.166] Load Cached PNG Texture: Squad/PartList/SimpleIcons/R&D_node_icon_experimentalrocketry
[LOG 18:33:22.166] Load Cached PNG Texture: Squad/PartList/SimpleIcons/R&D_node_icon_experimentalscience
[LOG 18:33:22.166] Load Cached PNG Texture: Squad/PartList/SimpleIcons/R&D_node_icon_fieldscience
[LOG 18:33:22.166] Load Cached PNG Texture: Squad/PartList/SimpleIcons/R&D_node_icon_flightcontrol
[LOG 18:33:22.166] Load Cached PNG Texture: Squad/PartList/SimpleIcons/R&D_node_icon_fuelsystems
[LOG 18:33:22.166] Load Cached PNG Texture: Squad/PartList/SimpleIcons/R&D_node_icon_generalconstruction
[LOG 18:33:22.167] Load Cached PNG Texture: Squad/PartList/SimpleIcons/R&D_node_icon_generalrocketry
[LOG 18:33:22.167] Load Cached PNG Texture: Squad/PartList/SimpleIcons/R&D_node_icon_generic
[LOG 18:33:22.167] Load Cached PNG Texture: Squad/PartList/SimpleIcons/R&D_node_icon_heavierrocketry
[LOG 18:33:22.167] Load Cached PNG Texture: Squad/PartList/SimpleIcons/R&D_node_icon_heavyaerodynamics
[LOG 18:33:22.167] Load Cached PNG Texture: Squad/PartList/SimpleIcons/R&D_node_icon_heavyrocketry
[LOG 18:33:22.167] Load Cached PNG Texture: Squad/PartList/SimpleIcons/R&D_node_icon_highaltitudeflight
[LOG 18:33:22.167] Load Cached PNG Texture: Squad/PartList/SimpleIcons/R&D_node_icon_highaltitudepropulsion
[LOG 18:33:22.167] Load Cached PNG Texture: Squad/PartList/SimpleIcons/R&D_node_icon_hypersonicflight
[LOG 18:33:22.167] Load Cached PNG Texture: Squad/PartList/SimpleIcons/R&D_node_icon_ionpropulsion
[LOG 18:33:22.167] Load Cached PNG Texture: Squad/PartList/SimpleIcons/R&D_node_icon_landing
[LOG 18:33:22.168] Load Cached PNG Texture: Squad/PartList/SimpleIcons/R&D_node_icon_largecontrol
[LOG 18:33:22.168] Load Cached PNG Texture: Squad/PartList/SimpleIcons/R&D_node_icon_largeelectrics
[LOG 18:33:22.168] Load Cached PNG Texture: Squad/PartList/SimpleIcons/R&D_node_icon_largeprobes
[LOG 18:33:22.168] Load Cached PNG Texture: Squad/PartList/SimpleIcons/R&D_node_icon_metamaterials
[LOG 18:33:22.168] Load Cached PNG Texture: Squad/PartList/SimpleIcons/R&D_node_icon_nanolathing
[LOG 18:33:22.168] Load Cached PNG Texture: Squad/PartList/SimpleIcons/R&D_node_icon_nuclearpropulsion
[LOG 18:33:22.168] Load Cached PNG Texture: Squad/PartList/SimpleIcons/R&D_node_icon_precisionengineering
[LOG 18:33:22.168] Load Cached PNG Texture: Squad/PartList/SimpleIcons/R&D_node_icon_robotics
[LOG 18:33:22.168] Load Cached PNG Texture: Squad/PartList/SimpleIcons/R&D_node_icon_sciencetech
[LOG 18:33:22.168] Load Cached PNG Texture: Squad/PartList/SimpleIcons/R&D_node_icon_specializedconstruction
[LOG 18:33:22.168] Load Cached PNG Texture: Squad/PartList/SimpleIcons/R&D_node_icon_specializedcontrol
[LOG 18:33:22.168] Load Cached PNG Texture: Squad/PartList/SimpleIcons/R&D_node_icon_specializedelectrics
[LOG 18:33:22.168] Load Cached PNG Texture: Squad/PartList/SimpleIcons/R&D_node_icon_stability
[LOG 18:33:22.168] Load Cached PNG Texture: Squad/PartList/SimpleIcons/R&D_node_icon_start
[LOG 18:33:22.168] Load Cached PNG Texture: Squad/PartList/SimpleIcons/R&D_node_icon_supersonicflight
[LOG 18:33:22.169] Load Cached PNG Texture: Squad/PartList/SimpleIcons/R&D_node_icon_survivability
[LOG 18:33:22.169] Load Cached PNG Texture: Squad/PartList/SimpleIcons/R&D_node_icon_unmannedtech
[LOG 18:33:22.169] Load Cached PNG Texture: Squad/PartList/SimpleIcons/R&D_node_icon_veryheavyrocketry
[LOG 18:33:22.169] Load Cached PNG Texture: Squad/PartList/SimpleIcons/rcsfx
[LOG 18:33:22.169] Load Cached PNG Texture: Squad/PartList/SimpleIcons/RDicon_aerospaceTech2
[LOG 18:33:22.169] Load Cached PNG Texture: Squad/PartList/SimpleIcons/RDicon_commandmodules
[LOG 18:33:22.169] Load Cached PNG Texture: Squad/PartList/SimpleIcons/RDicon_fuelSystems-advanced
[LOG 18:33:22.169] Load Cached PNG Texture: Squad/PartList/SimpleIcons/RDicon_fuelSystems-highPerformance
[LOG 18:33:22.169] Load Cached PNG Texture: Squad/PartList/SimpleIcons/RDicon_largeVolumeContainment
[LOG 18:33:22.169] Load Cached PNG Texture: Squad/PartList/SimpleIcons/RDicon_miniaturization
[LOG 18:33:22.169] Load Cached PNG Texture: Squad/PartList/SimpleIcons/RDicon_propulsion-precision
[LOG 18:33:22.169] Load Cached PNG Texture: Squad/PartList/SimpleIcons/RDicon_propulsionSystems
[LOG 18:33:22.169] Load Cached PNG Texture: Squad/PartList/SimpleIcons/RDicon_telescope
[LOG 18:33:22.169] Load Cached PNG Texture: Squad/PartList/SimpleIcons/robotic_controller
[LOG 18:33:22.169] Load Cached PNG Texture: Squad/PartList/SimpleIcons/robotic_rotation_servo
[LOG 18:33:22.169] Load Cached PNG Texture: Squad/PartList/SimpleIcons/robotic_servo_hinge
[LOG 18:33:22.170] Load Cached PNG Texture: Squad/PartList/SimpleIcons/robotic_servo_piston
[LOG 18:33:22.170] Load Cached PNG Texture: Squad/PartList/SimpleIcons/robotic_servo_rotor
[LOG 18:33:22.170] Load Cached PNG Texture: Squad/PartList/SimpleIcons/scanner_arm
[LOG 18:33:22.170] Load Cached PNG Texture: Squad/PartList/SimpleIcons/variant
[LOG 18:33:22.170] Load Cached PNG Texture: Squad/Parts/@thumbs/adapterSmallMiniShort_icon0
[LOG 18:33:22.170] Load Cached PNG Texture: Squad/Parts/@thumbs/adapterSmallMiniShort_icon1
[LOG 18:33:22.170] Load Cached PNG Texture: Squad/Parts/@thumbs/adapterSmallMiniTall_icon0
[LOG 18:33:22.170] Load Cached PNG Texture: Squad/Parts/@thumbs/adapterSmallMiniTall_icon1
[LOG 18:33:22.170] Load Cached PNG Texture: Squad/Parts/@thumbs/AdvancedCanard_icon
[LOG 18:33:22.170] Load Cached PNG Texture: Squad/Parts/@thumbs/advSasModule_icon
[LOG 18:33:22.170] Load Cached PNG Texture: Squad/Parts/@thumbs/airbrake1_icon
[LOG 18:33:22.170] Load Cached PNG Texture: Squad/Parts/@thumbs/airScoop_icon
[LOG 18:33:22.170] Load Cached PNG Texture: Squad/Parts/@thumbs/avionicsNoseCone_icon
[LOG 18:33:22.171] Load Cached PNG Texture: Squad/Parts/@thumbs/basicFin_icon
[LOG 18:33:22.171] Load Cached PNG Texture: Squad/Parts/@thumbs/batteryBankMini_icon
[LOG 18:33:22.171] Load Cached PNG Texture: Squad/Parts/@thumbs/batteryBank_icon
[LOG 18:33:22.171] Load Cached PNG Texture: Squad/Parts/@thumbs/batteryPack_icon
[LOG 18:33:22.171] Load Cached PNG Texture: Squad/Parts/@thumbs/cargoContainer_icon
[LOG 18:33:22.171] Load Cached PNG Texture: Squad/Parts/@thumbs/CargoStorageUnit_icon
[LOG 18:33:22.171] Load Cached PNG Texture: Squad/Parts/@thumbs/CircularIntake_icon
[LOG 18:33:22.171] Load Cached PNG Texture: Squad/Parts/@thumbs/commDish_icon
[LOG 18:33:22.171] Load Cached PNG Texture: Squad/Parts/@thumbs/Decoupler.0_icon0
[LOG 18:33:22.171] Load Cached PNG Texture: Squad/Parts/@thumbs/Decoupler.0_icon1
[LOG 18:33:22.172] Load Cached PNG Texture: Squad/Parts/@thumbs/Decoupler.1_icon0
[LOG 18:33:22.172] Load Cached PNG Texture: Squad/Parts/@thumbs/Decoupler.1_icon1
[LOG 18:33:22.172] Load Cached PNG Texture: Squad/Parts/@thumbs/dockingPort1_icon
[LOG 18:33:22.172] Load Cached PNG Texture: Squad/Parts/@thumbs/dockingPort2_icon
[LOG 18:33:22.172] Load Cached PNG Texture: Squad/Parts/@thumbs/dockingPort3_icon
[LOG 18:33:22.172] Load Cached PNG Texture: Squad/Parts/@thumbs/domeLight1_icon0
[LOG 18:33:22.173] Load Cached PNG Texture: Squad/Parts/@thumbs/domeLight1_icon1
[LOG 18:33:22.173] Load Cached PNG Texture: Squad/Parts/@thumbs/elevon2_icon
[LOG 18:33:22.173] Load Cached PNG Texture: Squad/Parts/@thumbs/elevon3_icon
[LOG 18:33:22.173] Load Cached PNG Texture: Squad/Parts/@thumbs/elevon5_icon
[LOG 18:33:22.173] Load Cached PNG Texture: Squad/Parts/@thumbs/evaChute_icon
[LOG 18:33:22.173] Load Cached PNG Texture: Squad/Parts/@thumbs/evaCylinder_icon
[LOG 18:33:22.173] Load Cached PNG Texture: Squad/Parts/@thumbs/evaJetpack_icon
[LOG 18:33:22.174] Load Cached PNG Texture: Squad/Parts/@thumbs/evaRepairKit_icon
[LOG 18:33:22.174] Load Cached PNG Texture: Squad/Parts/@thumbs/evaScienceKit_icon
[LOG 18:33:22.174] Load Cached PNG Texture: Squad/Parts/@thumbs/externalTankCapsule_icon0
[LOG 18:33:22.174] Load Cached PNG Texture: Squad/Parts/@thumbs/externalTankCapsule_icon1
[LOG 18:33:22.174] Load Cached PNG Texture: Squad/Parts/@thumbs/externalTankRound_icon0
[LOG 18:33:22.174] Load Cached PNG Texture: Squad/Parts/@thumbs/externalTankRound_icon1
[LOG 18:33:22.174] Load Cached PNG Texture: Squad/Parts/@thumbs/externalTankToroid_icon0
[LOG 18:33:22.174] Load Cached PNG Texture: Squad/Parts/@thumbs/externalTankToroid_icon1
[LOG 18:33:22.174] Load Cached PNG Texture: Squad/Parts/@thumbs/fireworksLauncherBig_icon
[LOG 18:33:22.174] Load Cached PNG Texture: Squad/Parts/@thumbs/fireworksLauncherSmall_icon
[LOG 18:33:22.175] Load Cached PNG Texture: Squad/Parts/@thumbs/foldingRadMed_icon
[LOG 18:33:22.175] Load Cached PNG Texture: Squad/Parts/@thumbs/foldingRadSmall_icon
[LOG 18:33:22.175] Load Cached PNG Texture: Squad/Parts/@thumbs/FuelCellArray_icon
[LOG 18:33:22.175] Load Cached PNG Texture: Squad/Parts/@thumbs/FuelCell_icon
[LOG 18:33:22.175] Load Cached PNG Texture: Squad/Parts/@thumbs/fuelTank.long_icon0
[LOG 18:33:22.175] Load Cached PNG Texture: Squad/Parts/@thumbs/fuelTankSmallFlat_icon0
[LOG 18:33:22.175] Load Cached PNG Texture: Squad/Parts/@thumbs/fuelTankSmallFlat_icon1
[LOG 18:33:22.175] Load Cached PNG Texture: Squad/Parts/@thumbs/fuelTankSmallFlat_icon2
[LOG 18:33:22.175] Load Cached PNG Texture: Squad/Parts/@thumbs/fuelTankSmallFlat_icon3
[LOG 18:33:22.176] Load Cached PNG Texture: Squad/Parts/@thumbs/fuelTankSmall_icon0
[LOG 18:33:22.176] Load Cached PNG Texture: Squad/Parts/@thumbs/fuelTankSmall_icon1
[LOG 18:33:22.176] Load Cached PNG Texture: Squad/Parts/@thumbs/fuelTankSmall_icon2
[LOG 18:33:22.176] Load Cached PNG Texture: Squad/Parts/@thumbs/fuelTankSmall_icon3
[LOG 18:33:22.176] Load Cached PNG Texture: Squad/Parts/@thumbs/fuelTank_icon0
[LOG 18:33:22.176] Load Cached PNG Texture: Squad/Parts/@thumbs/GearFixed_icon
[LOG 18:33:22.176] Load Cached PNG Texture: Squad/Parts/@thumbs/GearFree_icon
[LOG 18:33:22.176] Load Cached PNG Texture: Squad/Parts/@thumbs/GearSmall_icon
[LOG 18:33:22.176] Load Cached PNG Texture: Squad/Parts/@thumbs/GooExperiment_icon
[LOG 18:33:22.176] Load Cached PNG Texture: Squad/Parts/@thumbs/groundAnchor_icon
[LOG 18:33:22.177] Load Cached PNG Texture: Squad/Parts/@thumbs/groundLight1_icon
[LOG 18:33:22.177] Load Cached PNG Texture: Squad/Parts/@thumbs/groundLight2_icon
[LOG 18:33:22.177] Load Cached PNG Texture: Squad/Parts/@thumbs/HeatShield0_icon
[LOG 18:33:22.177] Load Cached PNG Texture: Squad/Parts/@thumbs/HeatShield1_icon
[LOG 18:33:22.177] Load Cached PNG Texture: Squad/Parts/@thumbs/HECS2.ProbeCore_icon
[LOG 18:33:22.177] Load Cached PNG Texture: Squad/Parts/@thumbs/HighGainAntenna5.v2_icon
[LOG 18:33:22.177] Load Cached PNG Texture: Squad/Parts/@thumbs/HighGainAntenna5_icon
[LOG 18:33:22.177] Load Cached PNG Texture: Squad/Parts/@thumbs/HighGainAntenna_icon
[LOG 18:33:22.177] Load Cached PNG Texture: Squad/Parts/@thumbs/IntakeRadialLong_icon
[LOG 18:33:22.177] Load Cached PNG Texture: Squad/Parts/@thumbs/ionEngine_icon
[LOG 18:33:22.178] Load Cached PNG Texture: Squad/Parts/@thumbs/ksp.r.largeBatteryPack_icon
[LOG 18:33:22.178] Load Cached PNG Texture: Squad/Parts/@thumbs/ladder1_icon
[LOG 18:33:22.178] Load Cached PNG Texture: Squad/Parts/@thumbs/landingLeg1-2_icon
[LOG 18:33:22.178] Load Cached PNG Texture: Squad/Parts/@thumbs/landingLeg1_icon
[LOG 18:33:22.178] Load Cached PNG Texture: Squad/Parts/@thumbs/LgRadialSolarPanel_icon
[LOG 18:33:22.178] Load Cached PNG Texture: Squad/Parts/@thumbs/linearRcs_icon
[LOG 18:33:22.178] Load Cached PNG Texture: Squad/Parts/@thumbs/liquidEngine2.v2_icon0
[LOG 18:33:22.178] Load Cached PNG Texture: Squad/Parts/@thumbs/liquidEngine3.v2_icon0
[LOG 18:33:22.178] Load Cached PNG Texture: Squad/Parts/@thumbs/liquidEngine3.v2_icon1
[LOG 18:33:22.179] Load Cached PNG Texture: Squad/Parts/@thumbs/liquidEngine3.v2_icon2
[LOG 18:33:22.179] Load Cached PNG Texture: Squad/Parts/@thumbs/liquidEngineMini.v2_icon0
[LOG 18:33:22.179] Load Cached PNG Texture: Squad/Parts/@thumbs/liquidEngineMini.v2_icon1
[LOG 18:33:22.179] Load Cached PNG Texture: Squad/Parts/@thumbs/liquidEngineMini.v2_icon2
[LOG 18:33:22.179] Load Cached PNG Texture: Squad/Parts/@thumbs/longAntenna_icon
[LOG 18:33:22.179] Load Cached PNG Texture: Squad/Parts/@thumbs/Magnetometer_icon
[LOG 18:33:22.179] Load Cached PNG Texture: Squad/Parts/@thumbs/mediumDishAntenna_icon
[LOG 18:33:22.179] Load Cached PNG Texture: Squad/Parts/@thumbs/microEngine.v2_icon0
[LOG 18:33:22.179] Load Cached PNG Texture: Squad/Parts/@thumbs/microEngine.v2_icon1
[LOG 18:33:22.180] Load Cached PNG Texture: Squad/Parts/@thumbs/MiniDrill_icon
[LOG 18:33:22.180] Load Cached PNG Texture: Squad/Parts/@thumbs/miniFuelTank_icon
[LOG 18:33:22.180] Load Cached PNG Texture: Squad/Parts/@thumbs/miniFuselage_icon
[LOG 18:33:22.180] Load Cached PNG Texture: Squad/Parts/@thumbs/miniIntake_icon
[LOG 18:33:22.180] Load Cached PNG Texture: Squad/Parts/@thumbs/miniJetEngine_icon
[LOG 18:33:22.180] Load Cached PNG Texture: Squad/Parts/@thumbs/miniLandingLeg_icon
[LOG 18:33:22.180] Load Cached PNG Texture: Squad/Parts/@thumbs/Mite_icon
[LOG 18:33:22.180] Load Cached PNG Texture: Squad/Parts/@thumbs/mk1pod.v2_icon0
[LOG 18:33:22.180] Load Cached PNG Texture: Squad/Parts/@thumbs/mk2DroneCore_icon
[LOG 18:33:22.181] Load Cached PNG Texture: Squad/Parts/@thumbs/mk2LanderCabin.v2_icon1
[LOG 18:33:22.181] Load Cached PNG Texture: Squad/Parts/@thumbs/MpoProbe_icon
[LOG 18:33:22.181] Load Cached PNG Texture: Squad/Parts/@thumbs/navLight1_icon0
[LOG 18:33:22.181] Load Cached PNG Texture: Squad/Parts/@thumbs/navLight1_icon1
[LOG 18:33:22.181] Load Cached PNG Texture: Squad/Parts/@thumbs/noseCone_icon0
[LOG 18:33:22.181] Load Cached PNG Texture: Squad/Parts/@thumbs/noseCone_icon1
[LOG 18:33:22.181] Load Cached PNG Texture: Squad/Parts/@thumbs/noseCone_icon2
[LOG 18:33:22.181] Load Cached PNG Texture: Squad/Parts/@thumbs/omsEngine_icon
[LOG 18:33:22.182] Load Cached PNG Texture: Squad/Parts/@thumbs/OrbitalScanner_icon
[LOG 18:33:22.182] Load Cached PNG Texture: Squad/Parts/@thumbs/parachuteDrogue_icon
[LOG 18:33:22.182] Load Cached PNG Texture: Squad/Parts/@thumbs/parachuteLarge_icon
[LOG 18:33:22.182] Load Cached PNG Texture: Squad/Parts/@thumbs/parachuteRadial_icon
[LOG 18:33:22.182] Load Cached PNG Texture: Squad/Parts/@thumbs/parachuteSingle_icon
[LOG 18:33:22.182] Load Cached PNG Texture: Squad/Parts/@thumbs/probeCoreCube_icon
[LOG 18:33:22.182] Load Cached PNG Texture: Squad/Parts/@thumbs/probeCoreHex.v2_icon
[LOG 18:33:22.183] Load Cached PNG Texture: Squad/Parts/@thumbs/probeCoreOcto.v2_icon
[LOG 18:33:22.183] Load Cached PNG Texture: Squad/Parts/@thumbs/probeCoreOcto2.v2_icon
[LOG 18:33:22.183] Load Cached PNG Texture: Squad/Parts/@thumbs/probeCoreSphere.v2_icon
[LOG 18:33:22.183] Load Cached PNG Texture: Squad/Parts/@thumbs/probeStackLarge_icon
[LOG 18:33:22.184] Load Cached PNG Texture: Squad/Parts/@thumbs/probeStackSmall_icon
[LOG 18:33:22.184] Load Cached PNG Texture: Squad/Parts/@thumbs/R8winglet_icon
[LOG 18:33:22.185] Load Cached PNG Texture: Squad/Parts/@thumbs/radialDecoupler1-2_icon
[LOG 18:33:22.185] Load Cached PNG Texture: Squad/Parts/@thumbs/radialDecoupler2_icon
[LOG 18:33:22.185] Load Cached PNG Texture: Squad/Parts/@thumbs/radialDecoupler_icon
[LOG 18:33:22.189] Load Cached PNG Texture: Squad/Parts/@thumbs/radialDrogue_icon
[LOG 18:33:22.189] Load Cached PNG Texture: Squad/Parts/@thumbs/radialEngineMini.v2_icon0
[LOG 18:33:22.190] Load Cached PNG Texture: Squad/Parts/@thumbs/radialEngineMini.v2_icon1
[LOG 18:33:22.190] Load Cached PNG Texture: Squad/Parts/@thumbs/radialLiquidEngine1-2_icon
[LOG 18:33:22.191] Load Cached PNG Texture: Squad/Parts/@thumbs/RadialOreTank_icon
[LOG 18:33:22.191] Load Cached PNG Texture: Squad/Parts/@thumbs/radialRCSTank_icon
[LOG 18:33:22.195] Load Cached PNG Texture: Squad/Parts/@thumbs/radPanelEdge_icon
[LOG 18:33:22.195] Load Cached PNG Texture: Squad/Parts/@thumbs/radPanelLg_icon
[LOG 18:33:22.195] Load Cached PNG Texture: Squad/Parts/@thumbs/radPanelSm_icon
[LOG 18:33:22.195] Load Cached PNG Texture: Squad/Parts/@thumbs/RCSblock.01.small_icon0
[LOG 18:33:22.195] Load Cached PNG Texture: Squad/Parts/@thumbs/RCSblock.01.small_icon1
[LOG 18:33:22.195] Load Cached PNG Texture: Squad/Parts/@thumbs/RCSblock.01.small_icon2
[LOG 18:33:22.195] Load Cached PNG Texture: Squad/Parts/@thumbs/RCSblock.01.small_icon3
[LOG 18:33:22.196] Load Cached PNG Texture: Squad/Parts/@thumbs/RCSblock.01.small_icon4
[LOG 18:33:22.196] Load Cached PNG Texture: Squad/Parts/@thumbs/RCSBlock.v2_icon
[LOG 18:33:22.196] Load Cached PNG Texture: Squad/Parts/@thumbs/RCSBlock.v2_icon0
[LOG 18:33:22.197] Load Cached PNG Texture: Squad/Parts/@thumbs/RCSBlock.v2_icon1
[LOG 18:33:22.197] Load Cached PNG Texture: Squad/Parts/@thumbs/RCSBlock.v2_icon2
[LOG 18:33:22.198] Load Cached PNG Texture: Squad/Parts/@thumbs/RCSBlock.v2_icon3
[LOG 18:33:22.198] Load Cached PNG Texture: Squad/Parts/@thumbs/RCSBlock.v2_icon4
[LOG 18:33:22.199] Load Cached PNG Texture: Squad/Parts/@thumbs/RCSFuelTank_icon
[LOG 18:33:22.199] Load Cached PNG Texture: Squad/Parts/@thumbs/RCSLinearSmall_icon
[LOG 18:33:22.200] Load Cached PNG Texture: Squad/Parts/@thumbs/rcsTankMini_icon
[LOG 18:33:22.200] Load Cached PNG Texture: Squad/Parts/@thumbs/RelayAntenna5_icon
[LOG 18:33:22.200] Load Cached PNG Texture: Squad/Parts/@thumbs/ReleaseValve_icon
[LOG 18:33:22.201] Load Cached PNG Texture: Squad/Parts/@thumbs/roverBody.v2_icon0
[LOG 18:33:22.204] Load Cached PNG Texture: Squad/Parts/@thumbs/roverBody.v2_icon1
[LOG 18:33:22.205] Load Cached PNG Texture: Squad/Parts/@thumbs/roverBody.v2_icon2
[LOG 18:33:22.205] Load Cached PNG Texture: Squad/Parts/@thumbs/roverWheel1_icon
[LOG 18:33:22.206] Load Cached PNG Texture: Squad/Parts/@thumbs/roverWheel2_icon
[LOG 18:33:22.206] Load Cached PNG Texture: Squad/Parts/@thumbs/rtg_icon
[LOG 18:33:22.206] Load Cached PNG Texture: Squad/Parts/@thumbs/sasModule_icon
[LOG 18:33:22.207] Load Cached PNG Texture: Squad/Parts/@thumbs/science.module_icon
[LOG 18:33:22.211] Load Cached PNG Texture: Squad/Parts/@thumbs/ScienceBox_icon
[LOG 18:33:22.212] Load Cached PNG Texture: Squad/Parts/@thumbs/seatExternalCmd_icon
[LOG 18:33:22.212] Load Cached PNG Texture: Squad/Parts/@thumbs/sensorAccelerometer_icon
[LOG 18:33:22.213] Load Cached PNG Texture: Squad/Parts/@thumbs/sensorAtmosphere_icon
[LOG 18:33:22.213] Load Cached PNG Texture: Squad/Parts/@thumbs/sensorBarometer_icon
[LOG 18:33:22.214] Load Cached PNG Texture: Squad/Parts/@thumbs/sensorGravimeter_icon
[LOG 18:33:22.214] Load Cached PNG Texture: Squad/Parts/@thumbs/sensorThermometer_icon
[LOG 18:33:22.215] Load Cached PNG Texture: Squad/Parts/@thumbs/Separator.0_icon0
[LOG 18:33:22.215] Load Cached PNG Texture: Squad/Parts/@thumbs/Separator.0_icon1
[LOG 18:33:22.216] Load Cached PNG Texture: Squad/Parts/@thumbs/Separator.1_icon0
[LOG 18:33:22.216] Load Cached PNG Texture: Squad/Parts/@thumbs/Separator.1_icon1
[LOG 18:33:22.219] Load Cached PNG Texture: Squad/Parts/@thumbs/sepMotor1_icon
[LOG 18:33:22.219] Load Cached PNG Texture: Squad/Parts/@thumbs/ServiceBay.125.v2_icon
[LOG 18:33:22.220] Load Cached PNG Texture: Squad/Parts/@thumbs/shockConeIntake_icon
[LOG 18:33:22.221] Load Cached PNG Texture: Squad/Parts/@thumbs/Shrimp_icon
[LOG 18:33:22.225] Load Cached PNG Texture: Squad/Parts/@thumbs/smallCargoContainer_icon
[LOG 18:33:22.230] Load Cached PNG Texture: Squad/Parts/@thumbs/smallClaw_icon0
[LOG 18:33:22.231] Load Cached PNG Texture: Squad/Parts/@thumbs/smallClaw_icon1
[LOG 18:33:22.231] Load Cached PNG Texture: Squad/Parts/@thumbs/smallCtrlSrf_icon
[LOG 18:33:22.232] Load Cached PNG Texture: Squad/Parts/@thumbs/SmallGearBay_icon
[LOG 18:33:22.233] Load Cached PNG Texture: Squad/Parts/@thumbs/smallHardpoint_icon
[LOG 18:33:22.234] Load Cached PNG Texture: Squad/Parts/@thumbs/smallRadialEngine.v2_icon0
[LOG 18:33:22.235] Load Cached PNG Texture: Squad/Parts/@thumbs/smallRadialEngine.v2_icon1
[LOG 18:33:22.235] Load Cached PNG Texture: Squad/Parts/@thumbs/solarPanelOX10C_icon
[LOG 18:33:22.236] Load Cached PNG Texture: Squad/Parts/@thumbs/solarPanelOX10L_icon
[LOG 18:33:22.240] Load Cached PNG Texture: Squad/Parts/@thumbs/solarPanels1_icon
[LOG 18:33:22.240] Load Cached PNG Texture: Squad/Parts/@thumbs/solarPanels2_icon
[LOG 18:33:22.241] Load Cached PNG Texture: Squad/Parts/@thumbs/solarPanels3_icon
[LOG 18:33:22.242] Load Cached PNG Texture: Squad/Parts/@thumbs/solarPanels4_icon
[LOG 18:33:22.242] Load Cached PNG Texture: Squad/Parts/@thumbs/solarPanels5_icon
[LOG 18:33:22.243] Load Cached PNG Texture: Squad/Parts/@thumbs/solarPanelSP10C_icon
[LOG 18:33:22.244] Load Cached PNG Texture: Squad/Parts/@thumbs/solarPanelSP10L_icon
[LOG 18:33:22.244] Load Cached PNG Texture: Squad/Parts/@thumbs/solidBooster.sm.v2_icon0
[LOG 18:33:22.245] Load Cached PNG Texture: Squad/Parts/@thumbs/solidBooster.v2_icon0
[LOG 18:33:22.246] Load Cached PNG Texture: Squad/Parts/@thumbs/spotLight1_icon
[LOG 18:33:22.248] Load Cached PNG Texture: Squad/Parts/@thumbs/spotLight2_icon
[LOG 18:33:22.248] Load Cached PNG Texture: Squad/Parts/@thumbs/spotLight3_icon0
[LOG 18:33:22.249] Load Cached PNG Texture: Squad/Parts/@thumbs/spotLight3_icon1
[LOG 18:33:22.250] Load Cached PNG Texture: Squad/Parts/@thumbs/stackPoint1_icon
[LOG 18:33:22.250] Load Cached PNG Texture: Squad/Parts/@thumbs/StandardCtrlSrf_icon
[LOG 18:33:22.251] Load Cached PNG Texture: Squad/Parts/@thumbs/standardNoseCone_icon
[LOG 18:33:22.252] Load Cached PNG Texture: Squad/Parts/@thumbs/stripLight1_icon0
[LOG 18:33:22.255] Load Cached PNG Texture: Squad/Parts/@thumbs/stripLight1_icon1
[LOG 18:33:22.255] Load Cached PNG Texture: Squad/Parts/@thumbs/structuralIBeam1_icon
[LOG 18:33:22.256] Load Cached PNG Texture: Squad/Parts/@thumbs/structuralIBeam3_icon
[LOG 18:33:22.257] Load Cached PNG Texture: Squad/Parts/@thumbs/structuralMiniNode_icon
[LOG 18:33:22.257] Load Cached PNG Texture: Squad/Parts/@thumbs/structuralPanel1_icon
[LOG 18:33:22.258] Load Cached PNG Texture: Squad/Parts/@thumbs/structuralPanel2_icon
[LOG 18:33:22.261] Load Cached PNG Texture: Squad/Parts/@thumbs/structuralWing4_icon
[LOG 18:33:22.261] Load Cached PNG Texture: Squad/Parts/@thumbs/strutCube_icon
[LOG 18:33:22.262] Load Cached PNG Texture: Squad/Parts/@thumbs/strutOcto_icon
[LOG 18:33:22.263] Load Cached PNG Texture: Squad/Parts/@thumbs/SurfaceScanner_icon
[LOG 18:33:22.268] Load Cached PNG Texture: Squad/Parts/@thumbs/SurfAntenna_icon
[LOG 18:33:22.268] Load Cached PNG Texture: Squad/Parts/@thumbs/telescopicLadderBay_icon
[LOG 18:33:22.268] Load Cached PNG Texture: Squad/Parts/@thumbs/telescopicLadder_icon
[LOG 18:33:22.269] Load Cached PNG Texture: Squad/Parts/@thumbs/toroidalAerospike_icon
[LOG 18:33:22.269] Load Cached PNG Texture: Squad/Parts/@thumbs/trussAdapter_icon
[LOG 18:33:22.270] Load Cached PNG Texture: Squad/Parts/@thumbs/trussPiece1x_icon
[LOG 18:33:22.273] Load Cached PNG Texture: Squad/Parts/@thumbs/trussPiece3x_icon
[LOG 18:33:22.273] Load Cached PNG Texture: Squad/Parts/@thumbs/vernierEngine_icon
[LOG 18:33:22.274] Load Cached PNG Texture: Squad/Parts/@thumbs/wheelMed_icon
[LOG 18:33:22.275] Load Cached PNG Texture: Squad/Parts/@thumbs/wingConnector4_icon
[LOG 18:33:22.276] Load Cached PNG Texture: Squad/Parts/@thumbs/wingConnector5_icon
[LOG 18:33:22.283] Load Cached PNG Texture: Squad/Parts/@thumbs/winglet3_icon
[LOG 18:33:22.283] Load Cached PNG Texture: Squad/Parts/@thumbs/winglet_icon
[LOG 18:33:22.285] Load Cached PNG Texture: Squad/Parts/@thumbs/wingShuttleElevon1_icon
[LOG 18:33:22.285] Load Cached PNG Texture: Squad/Parts/@thumbs/xenonTankLarge_icon
[LOG 18:33:22.286] Load Cached PNG Texture: Squad/Parts/@thumbs/xenonTankRadial_icon
[LOG 18:33:22.290] Load Cached PNG Texture: Squad/Parts/@thumbs/xenonTank_icon
[LOG 18:33:22.290] Load DDS texture: Squad/Parts/Aero/aerodynamicNoseCone/Rockomax_Adapters_diffuse
[LOG 18:33:22.290] Load DDS texture: Squad/Parts/Aero/aerodynamicNoseCone/Rockomax_Adapters_normal
[LOG 18:33:22.291] Load DDS texture: Squad/Parts/Aero/airbrake/airbrake
[LOG 18:33:22.292] Load DDS texture: Squad/Parts/Aero/airIntakeRadialXM-G50/RadialIntake
[LOG 18:33:22.295] Load DDS texture: Squad/Parts/Aero/airlinerWings/AirlinerWings
[LOG 18:33:22.305] Load DDS texture: Squad/Parts/Aero/airplaneFins/AirplaneFins
[LOG 18:33:22.307] Load DDS texture: Squad/Parts/Aero/basicFin/BasicFin
[LOG 18:33:22.307] Load DDS texture: Squad/Parts/Aero/circularIntake/CircluarIntakes
[LOG 18:33:22.307] Load DDS texture: Squad/Parts/Aero/circularIntake/CircluarIntakes_Heat
[LOG 18:33:22.308] Load DDS texture: Squad/Parts/Aero/cones/Assets/Cones
[LOG 18:33:22.308] Load DDS texture: Squad/Parts/Aero/cones/Assets/ConesDiffuse
[LOG 18:33:22.309] Load DDS texture: Squad/Parts/Aero/cones/Assets/ConesDiffuse_Orange
[LOG 18:33:22.310] Load DDS texture: Squad/Parts/Aero/cones/Assets/ConesDiffuse_White
[LOG 18:33:22.312] Load DDS texture: Squad/Parts/Aero/cones/Assets/ConesHeat
[LOG 18:33:22.313] Load DDS texture: Squad/Parts/Aero/cones/Assets/ConesHeat_Orange
[LOG 18:33:22.317] Load DDS texture: Squad/Parts/Aero/cones/Assets/ConesHeat_White
[LOG 18:33:22.319] Load DDS texture: Squad/Parts/Aero/cones/Assets/Cones_Heat
[LOG 18:33:22.319] Load Cached PNG Texture: Squad/Parts/Aero/cones/Assets/rocketNoseCones_O
[LOG 18:33:22.325] Load Cached PNG Texture: Squad/Parts/Aero/cones/Assets/rocketNoseCones_O_Normal
[LOG 18:33:22.333] Load DDS texture: Squad/Parts/Aero/cones/Assets/rocketNoseCones_W
[LOG 18:33:22.343] Load DDS texture: Squad/Parts/Aero/cones/Assets/Rockomax_Adapters_diffuse
[LOG 18:33:22.343] Load DDS texture: Squad/Parts/Aero/cones/Assets/Rockomax_Adapters_normal
[LOG 18:33:22.344] Load DDS texture: Squad/Parts/Aero/fairings/AutoTruss
[LOG 18:33:22.344] Load DDS texture: Squad/Parts/Aero/fairings/FairingBase
[LOG 18:33:22.344] Load DDS texture: Squad/Parts/Aero/fairings/FairingBaseNormals
[LOG 18:33:22.344] Load DDS texture: Squad/Parts/Aero/fairings/FairingBaseNormals_bw
[LOG 18:33:22.345] Load DDS texture: Squad/Parts/Aero/fairings/FairingBaseNormals_goldSilver
[LOG 18:33:22.345] Load DDS texture: Squad/Parts/Aero/fairings/FairingBaseNormals_orange
[LOG 18:33:22.346] Load Cached PNG Texture: Squad/Parts/Aero/fairings/FairingBase_black
[LOG 18:33:22.348] Load DDS texture: Squad/Parts/Aero/fairings/FairingBase_bw
[LOG 18:33:22.349] Load DDS texture: Squad/Parts/Aero/fairings/FairingBase_goldDiffuse
[LOG 18:33:22.349] Load DDS texture: Squad/Parts/Aero/fairings/FairingBase_goldSpecular
[LOG 18:33:22.350] Load DDS texture: Squad/Parts/Aero/fairings/FairingBase_orange
[LOG 18:33:22.350] Load DDS texture: Squad/Parts/Aero/fairings/FairingBase_silverDiffuse
[LOG 18:33:22.351] Load DDS texture: Squad/Parts/Aero/fairings/FairingBase_silverSpecular
[LOG 18:33:22.352] Load DDS texture: Squad/Parts/Aero/fairings/fairingsCap
[LOG 18:33:22.352] Load DDS texture: Squad/Parts/Aero/fairings/FairingsMat_silverSpecular
[LOG 18:33:22.358] Load DDS texture: Squad/Parts/Aero/fairings/fairings_diff
[LOG 18:33:22.361] Load DDS texture: Squad/Parts/Aero/fairings/fairings_diff_grey
[LOG 18:33:22.362] Load DDS texture: Squad/Parts/Aero/fairings/fairings_diff_orange
[LOG 18:33:22.364] Load DDS texture: Squad/Parts/Aero/fairings/fairings_grey_normals
[LOG 18:33:22.365] Load DDS texture: Squad/Parts/Aero/fairings/fairings_normals
[LOG 18:33:22.366] Load DDS texture: Squad/Parts/Aero/fairings/fairings_normals_silver
[LOG 18:33:22.369] Load DDS texture: Squad/Parts/Aero/fairings/fairings_orange_normals
[LOG 18:33:22.372] Load DDS texture: Squad/Parts/Aero/fairings/fairings_silverDiffuse
[LOG 18:33:22.400] Load DDS texture: Squad/Parts/Aero/HeatShield/Fairing
[LOG 18:33:22.401] Load DDS texture: Squad/Parts/Aero/HeatShield/heatshield
[LOG 18:33:22.401] Load DDS texture: Squad/Parts/Aero/InflatableHeatShield/HeatShield
[LOG 18:33:22.416] Load DDS texture: Squad/Parts/Aero/InflatableHeatShield/HeatShieldFairing
[LOG 18:33:22.416] Load DDS texture: Squad/Parts/Aero/InflatableHeatShield/HeatShield_NRM
[LOG 18:33:22.417] Load DDS texture: Squad/Parts/Aero/intakeRadialLong/Radial_long
[LOG 18:33:22.417] Load DDS texture: Squad/Parts/Aero/miniIntake/SmallIntake
[LOG 18:33:22.417] Load DDS texture: Squad/Parts/Aero/ramAirIntake/RampIntake
[LOG 18:33:22.417] Load DDS texture: Squad/Parts/Aero/ramAirIntake/RampIntake_Heat
[LOG 18:33:22.417] Load DDS texture: Squad/Parts/Aero/shuttleWings/ShuttleWings
[LOG 18:33:22.423] Load DDS texture: Squad/Parts/Aero/wingletAV-R8/model000
[LOG 18:33:22.424] Load DDS texture: Squad/Parts/Aero/wingletAV-R8/model001
[LOG 18:33:22.424] Load DDS texture: Squad/Parts/Aero/wingletAV-T1/model000
[LOG 18:33:22.425] Load DDS texture: Squad/Parts/Aero/wingletAV-T1/model001
[LOG 18:33:22.425] Load DDS texture: Squad/Parts/Aero/wingletDeltaDeluxe/model000
[LOG 18:33:22.425] Load DDS texture: Squad/Parts/Aero/wings/Wings
[LOG 18:33:22.426] Load DDS texture: Squad/Parts/Cargo/CargoContainers/cargoContainer_diff
[LOG 18:33:22.426] Load DDS texture: Squad/Parts/Cargo/CargoContainers/smallCargoContainer_diffuse
[LOG 18:33:22.427] Load DDS texture: Squad/Parts/Cargo/CargoContainers/smallCargoContainer_nrm
[LOG 18:33:22.427] Load DDS texture: Squad/Parts/Cargo/CargoContainers/smallCargoContainer_specular
[LOG 18:33:22.427] Load DDS texture: Squad/Parts/Cargo/Cylinder/EVAcylinder_diffuse
[LOG 18:33:22.428] Load DDS texture: Squad/Parts/Cargo/Cylinder/EVAcylinder_nrm
[LOG 18:33:22.428] Load DDS texture: Squad/Parts/Cargo/GroundAnchor/groundAnchor_diffuse
[LOG 18:33:22.428] Load DDS texture: Squad/Parts/Cargo/GroundAnchor/groundAnchor_nrm
[LOG 18:33:22.429] Load DDS texture: Squad/Parts/Cargo/Jetpack/EVAjetpack
[LOG 18:33:22.433] Load DDS texture: Squad/Parts/Cargo/Jetpack/EVAjetpackEmmisive
[LOG 18:33:22.433] Load DDS texture: Squad/Parts/Cargo/Jetpack/EVAjetpackNRM
[LOG 18:33:22.434] Load DDS texture: Squad/Parts/Cargo/Parachute/backpack_Diff
[LOG 18:33:22.441] Load DDS texture: Squad/Parts/Cargo/Parachute/backpack_NM
[LOG 18:33:22.454] Load DDS texture: Squad/Parts/Cargo/RepairKit/RepairKit_Diffuse
[LOG 18:33:22.456] Load DDS texture: Squad/Parts/Cargo/RepairKit/RepairKit_Normal
[LOG 18:33:22.457] Load DDS texture: Squad/Parts/Cargo/ScienceKit/ExperimentKit_Material_Diffuse
[LOG 18:33:22.458] Load DDS texture: Squad/Parts/Cargo/ScienceKit/ExperimentKit_Material_Emissive
[LOG 18:33:22.459] Load DDS texture: Squad/Parts/Cargo/ScienceKit/ExperimentKit_Material_Normal
[LOG 18:33:22.460] Load DDS texture: Squad/Parts/Cargo/StorageUnits/Assets/Cargo_Material_Diffuse
[LOG 18:33:22.470] Load DDS texture: Squad/Parts/Cargo/StorageUnits/Assets/Cargo_Material_Normal
[LOG 18:33:22.477] Load DDS texture: Squad/Parts/Command/advancedSasModuleLarge/model000
[LOG 18:33:22.478] Load DDS texture: Squad/Parts/Command/advancedSasModuleLarge/model001
[LOG 18:33:22.478] Load DDS texture: Squad/Parts/Command/cupola/cupola_Emissive
[LOG 18:33:22.478] Load DDS texture: Squad/Parts/Command/cupola/ksp_l_cupola_diff
[LOG 18:33:22.479] Load DDS texture: Squad/Parts/Command/cupola/ksp_l_cupola_normal
[LOG 18:33:22.480] Load DDS texture: Squad/Parts/Command/cupola/window
[LOG 18:33:22.480] Load DDS texture: Squad/Parts/Command/externalCommandSeat/model000
[LOG 18:33:22.482] Load DDS texture: Squad/Parts/Command/hitchhikerStorageContainer/cabin
[LOG 18:33:22.483] Load DDS texture: Squad/Parts/Command/hitchhikerStorageContainer/cabin_Illum
[LOG 18:33:22.483] Load DDS texture: Squad/Parts/Command/hitchhikerStorageContainer/cabin_n
[LOG 18:33:22.484] Load DDS texture: Squad/Parts/Command/hitchhikerStorageContainer/window
[LOG 18:33:22.484] Load DDS texture: Squad/Parts/Command/inlineAdvancedStabilizer/model000
[LOG 18:33:22.484] Load DDS texture: Squad/Parts/Command/inlineAdvancedStabilizer/model001
[LOG 18:33:22.485] Load DDS texture: Squad/Parts/Command/inlineReactionWheel/model000
[LOG 18:33:22.485] Load DDS texture: Squad/Parts/Command/inlineReactionWheel/model001
[LOG 18:33:22.485] Load DDS texture: Squad/Parts/Command/inlineReactionWheel/model002
[LOG 18:33:22.485] Load DDS texture: Squad/Parts/Command/Mk1-2Pod/mk 1-2 external shell Variant-Hatch
[LOG 18:33:22.486] Load DDS texture: Squad/Parts/Command/Mk1-3Pod/M1-3 Pod
[LOG 18:33:22.487] Load DDS texture: Squad/Parts/Command/Mk1-3Pod/M1-3 Pod_GLOW
[LOG 18:33:22.487] Load DDS texture: Squad/Parts/Command/mk1Cockpits/GLOW
[LOG 18:33:22.488] Load DDS texture: Squad/Parts/Command/mk1Cockpits/Mk1Cockpit
[LOG 18:33:22.489] Load DDS texture: Squad/Parts/Command/mk1LanderCan/ksp_s_landerCan_diff
[LOG 18:33:22.491] Load DDS texture: Squad/Parts/Command/mk1LanderCan/ksp_s_landerCan_normal
[LOG 18:33:22.491] Load DDS texture: Squad/Parts/Command/mk1LanderCan/ksp_s_landerCan_psd_illum
[LOG 18:33:22.491] Load DDS texture: Squad/Parts/Command/mk1pod/outer shell
[LOG 18:33:22.491] Load DDS texture: Squad/Parts/Command/mk1pod_v2/Mk1_v2
[LOG 18:33:22.492] Load DDS texture: Squad/Parts/Command/mk1pod_v2/Mk1_v2_GLOW
[LOG 18:33:22.493] Load DDS texture: Squad/Parts/Command/mk1pod_v2/Mk1_v2_GW
[LOG 18:33:22.495] Load DDS texture: Squad/Parts/Command/mk1pod_v2/Mk1_v2_N
[LOG 18:33:22.497] Load DDS texture: Squad/Parts/Command/mk1pod_v2/Mk1_v2_W
[LOG 18:33:22.499] Load DDS texture: Squad/Parts/Command/mk1pod_v2/Mk1_v2_W_N
[LOG 18:33:22.501] Load DDS texture: Squad/Parts/Command/mk2CockpitInline/Cockpit_inline_A
[LOG 18:33:22.504] Load DDS texture: Squad/Parts/Command/mk2CockpitInline/Cockpit_inline_Emissive
[LOG 18:33:22.505] Load DDS texture: Squad/Parts/Command/mk2CockpitInline/Cockpit_inline_normal
[LOG 18:33:22.507] Load DDS texture: Squad/Parts/Command/mk2CockpitStandard/Cockpit
[LOG 18:33:22.509] Load DDS texture: Squad/Parts/Command/mk2CockpitStandard/Cockpit_Lum
[LOG 18:33:22.510] Load DDS texture: Squad/Parts/Command/mk2CockpitStandard/Cockpit_NRM
[LOG 18:33:22.516] Load DDS texture: Squad/Parts/Command/mk2DroneCore/mk2Dronecore
[LOG 18:33:22.516] Load DDS texture: Squad/Parts/Command/mk2LanderCan/Illum
[LOG 18:33:22.516] Load DDS texture: Squad/Parts/Command/mk2LanderCan/ladder
[LOG 18:33:22.516] Load DDS texture: Squad/Parts/Command/mk2LanderCan/outershell
[LOG 18:33:22.522] Load DDS texture: Squad/Parts/Command/mk2LanderCan/outershell_n
[LOG 18:33:22.522] Load DDS texture: Squad/Parts/Command/mk2LanderCan/window
[LOG 18:33:22.522] Load DDS texture: Squad/Parts/Command/mk2LanderCan_v2/Mk2Can
[LOG 18:33:22.534] Load DDS texture: Squad/Parts/Command/mk2LanderCan_v2/Mk2Can_glow
[LOG 18:33:22.545] Load DDS texture: Squad/Parts/Command/mk3CockpitShuttle/Mk3CockpitShuttle
[LOG 18:33:22.547] Load DDS texture: Squad/Parts/Command/mk3CockpitShuttle/Mk3CockpitShuttle_LUM
[LOG 18:33:22.547] Load DDS texture: Squad/Parts/Command/MpoProbe/MpoProbe_diffuse
[LOG 18:33:22.548] Load DDS texture: Squad/Parts/Command/MpoProbe/MpoProbe_nrm
[LOG 18:33:22.557] Load DDS texture: Squad/Parts/Command/MpoProbe/MpoProbe_specular
[LOG 18:33:22.561] Load DDS texture: Squad/Parts/Command/MtmStage/mtmStage_diffuse
[LOG 18:33:22.561] Load DDS texture: Squad/Parts/Command/MtmStage/mtmStage_nrm
[LOG 18:33:22.562] Load DDS texture: Squad/Parts/Command/MtmStage/mtmStage_specular
[LOG 18:33:22.565] Load DDS texture: Squad/Parts/Command/probeCoreCube/QBE_New_diffuse
[LOG 18:33:22.571] Load Cached PNG Texture: Squad/Parts/Command/probeCoreCube/QBE_New_NRM
[LOG 18:33:22.572] Load DDS texture: Squad/Parts/Command/probeCoreCube/QBE_New_specular
[LOG 18:33:22.573] Load DDS texture: Squad/Parts/Command/probeCoreHex/ksp_m_hexProbe_diff
[LOG 18:33:22.575] Load DDS texture: Squad/Parts/Command/probeCoreHex/ksp_m_hexProbe_normal
[LOG 18:33:22.575] Load DDS texture: Squad/Parts/Command/probeCoreHex_v2/hecsDiffuse
[LOG 18:33:22.575] Load DDS texture: Squad/Parts/Command/probeCoreHex_v2/hecsNormal
[LOG 18:33:22.575] Load DDS texture: Squad/Parts/Command/probeCoreOcto2_v2/octoDiffuse
[LOG 18:33:22.575] Load DDS texture: Squad/Parts/Command/probeCoreOcto2_v2/octoNormal
[LOG 18:33:22.576] Load DDS texture: Squad/Parts/Command/probeCoreOcto2_v2/octoSpecular
[LOG 18:33:22.577] Load DDS texture: Squad/Parts/Command/probeCoreOcto_v2/octoDiffuse
[LOG 18:33:22.577] Load DDS texture: Squad/Parts/Command/probeCoreOcto_v2/octoNormal
[LOG 18:33:22.578] Load DDS texture: Squad/Parts/Command/probeCoreOcto_v2/octoSpecular
[LOG 18:33:22.578] Load DDS texture: Squad/Parts/Command/probeRoverBody/model000
[LOG 18:33:22.578] Load DDS texture: Squad/Parts/Command/probeRoverBody/model001
[LOG 18:33:22.578] Load DDS texture: Squad/Parts/Command/probeRoverBody_v2/probeRoverBody_v2_gold_diffuse
[LOG 18:33:22.579] Load Cached PNG Texture: Squad/Parts/Command/probeRoverBody_v2/probeRoverBody_v2_gold_NRM
[LOG 18:33:22.580] Load DDS texture: Squad/Parts/Command/probeRoverBody_v2/probeRoverBody_v2_gold_specular
[LOG 18:33:22.582] Load DDS texture: Squad/Parts/Command/probeRoverBody_v2/probeRoverBody_v2_silver_diffuse
[LOG 18:33:22.583] Load Cached PNG Texture: Squad/Parts/Command/probeRoverBody_v2/probeRoverBody_v2_silver_NRM
[LOG 18:33:22.584] Load DDS texture: Squad/Parts/Command/probeRoverBody_v2/probeRoverBody_v2_silver_specular
[LOG 18:33:22.585] Load DDS texture: Squad/Parts/Command/probeRoverBody_v2/QBE_New_diffuse
[LOG 18:33:22.585] Load DDS texture: Squad/Parts/Command/probeRoverBody_v2/QBE_New_NRM
[LOG 18:33:22.586] Load DDS texture: Squad/Parts/Command/probeRoverBody_v2/QBE_New_specular
[LOG 18:33:22.586] Load DDS texture: Squad/Parts/Command/probeStackLarge/model000
[LOG 18:33:22.587] Load DDS texture: Squad/Parts/Command/probeStackLarge/model001
[LOG 18:33:22.590] Load DDS texture: Squad/Parts/Command/probeStackSmall/model000
[LOG 18:33:22.591] Load DDS texture: Squad/Parts/Command/probeStackSmall/model001
[LOG 18:33:22.593] Load DDS texture: Squad/Parts/Command/probeStackSphere_v2/probeStackSphere_diffuse
[LOG 18:33:22.593] Load DDS texture: Squad/Parts/Command/probeStackSphere_v2/probeStackSphere_normal
[LOG 18:33:22.595] Load DDS texture: Squad/Parts/Command/probeStackSphere_v2/probeStackSphere_specular
[LOG 18:33:22.596] Load Cached PNG Texture: Squad/Parts/CompoundParts/@thumbs/fuelLine_icon0
[LOG 18:33:22.597] Load Cached PNG Texture: Squad/Parts/CompoundParts/@thumbs/fuelLine_icon1
[LOG 18:33:22.597] Load Cached PNG Texture: Squad/Parts/CompoundParts/@thumbs/strutConnector_icon0
[LOG 18:33:22.597] Load Cached PNG Texture: Squad/Parts/CompoundParts/@thumbs/strutConnector_icon1
[LOG 18:33:22.597] Load DDS texture: Squad/Parts/CompoundParts/FuelLine/FTX-2 External Fuel Duct
[LOG 18:33:22.598] Load DDS texture: Squad/Parts/CompoundParts/FuelLine/FTX-2 External Fuel Duct_ESA
[LOG 18:33:22.598] Load DDS texture: Squad/Parts/CompoundParts/strutConnector/EAS-4 Strut Connector
[LOG 18:33:22.598] Load DDS texture: Squad/Parts/CompoundParts/strutConnector/EAS-4 Strut Connector_white
[LOG 18:33:22.598] Load DDS texture: Squad/Parts/Coupling/Assets/Decouplers
[LOG 18:33:22.600] Load DDS texture: Squad/Parts/Coupling/Assets/Decouplers_N
[LOG 18:33:22.620] Load DDS texture: Squad/Parts/Coupling/Assets/Decouplers_whiteYellow
[LOG 18:33:22.622] Load DDS texture: Squad/Parts/Coupling/Assets/Decouplers_whiteYellow_N
[LOG 18:33:22.625] Load DDS texture: Squad/Parts/Electrical/10CSolarPanels/assets/circularSolarPanel_diffuse
[LOG 18:33:22.626] Load DDS texture: Squad/Parts/Electrical/10CSolarPanels/assets/circularSolarPanel_nrm
[LOG 18:33:22.627] Load DDS texture: Squad/Parts/Electrical/10LSolarPanels/assets/retractableSolarPanel_diffuse
[LOG 18:33:22.628] Load DDS texture: Squad/Parts/Electrical/10LSolarPanels/assets/retractableSolarPanel_nrm
[LOG 18:33:22.633] Load DDS texture: Squad/Parts/Electrical/1x6ShroudSolarPanels/model000
[LOG 18:33:22.633] Load DDS texture: Squad/Parts/Electrical/1x6ShroudSolarPanels/model001
[LOG 18:33:22.634] Load DDS texture: Squad/Parts/Electrical/1x6ShroudSolarPanels/model002
[LOG 18:33:22.636] Load DDS texture: Squad/Parts/Electrical/1x6SolarPanels/model000
[LOG 18:33:22.639] Load DDS texture: Squad/Parts/Electrical/1x6SolarPanels/model001
[LOG 18:33:22.640] Load DDS texture: Squad/Parts/Electrical/1x6SolarPanels/model002
[LOG 18:33:22.640] Load DDS texture: Squad/Parts/Electrical/3x2ShroudSolarPanels/model000
[LOG 18:33:22.640] Load DDS texture: Squad/Parts/Electrical/3x2ShroudSolarPanels/model001
[LOG 18:33:22.640] Load DDS texture: Squad/Parts/Electrical/3x2ShroudSolarPanels/model002
[LOG 18:33:22.640] Load DDS texture: Squad/Parts/Electrical/3x2SolarPanels/model000
[LOG 18:33:22.640] Load DDS texture: Squad/Parts/Electrical/3x2SolarPanels/model001
[LOG 18:33:22.641] Load DDS texture: Squad/Parts/Electrical/3x2SolarPanels/model002
[LOG 18:33:22.641] Load DDS texture: Squad/Parts/Electrical/gigantorXlSolarArray/panel
[LOG 18:33:22.641] Load DDS texture: Squad/Parts/Electrical/radialFlatSolarPanel/model000
[LOG 18:33:22.641] Load DDS texture: Squad/Parts/Electrical/RTG/model000
[LOG 18:33:22.641] Load DDS texture: Squad/Parts/Electrical/z-100Battery/model000
[LOG 18:33:22.641] Load DDS texture: Squad/Parts/Electrical/z-1kBattery/model000
[LOG 18:33:22.642] Load DDS texture: Squad/Parts/Electrical/z-1kBattery/model001
[LOG 18:33:22.642] Load DDS texture: Squad/Parts/Electrical/z-200Battery/ksp_m_batteryPack_diff
[LOG 18:33:22.642] Load DDS texture: Squad/Parts/Electrical/z-400Battery/model000
[LOG 18:33:22.642] Load DDS texture: Squad/Parts/Electrical/z-4kBattery/ksp_l_batteryPack_diff
[LOG 18:33:22.642] Load DDS texture: Squad/Parts/Electrical/z-4kBattery/ksp_l_batteryPack_normal
[LOG 18:33:22.642] Load DDS texture: Squad/Parts/Engine/ionEngine/model000
[LOG 18:33:22.643] Load DDS texture: Squad/Parts/Engine/jetEngines/Jet Engines
[LOG 18:33:22.643] Load DDS texture: Squad/Parts/Engine/jetEngines/Jet_Heat
[LOG 18:33:22.644] Load DDS texture: Squad/Parts/Engine/liquidEngine24-77/engine
[LOG 18:33:22.644] Load DDS texture: Squad/Parts/Engine/liquidEngine24-77_v2/Twitch
[LOG 18:33:22.645] Load DDS texture: Squad/Parts/Engine/liquidEngine24-77_v2/Twitch_G
[LOG 18:33:22.646] Load DDS texture: Squad/Parts/Engine/liquidEngine24-77_v2/Twitch_GLOW
[LOG 18:33:22.646] Load DDS texture: Squad/Parts/Engine/liquidEngine48-7S/ksp_m_liquidEngine_diff
[LOG 18:33:22.646] Load DDS texture: Squad/Parts/Engine/liquidEngine48-7S_v2/Spark
[LOG 18:33:22.647] Load DDS texture: Squad/Parts/Engine/liquidEngine48-7S_v2/Spark_Glow
[LOG 18:33:22.647] Load DDS texture: Squad/Parts/Engine/liquidEngineAerospike/Aerospike
[LOG 18:33:22.647] Load DDS texture: Squad/Parts/Engine/liquidEngineAerospike/Aerospike_Heat
[LOG 18:33:22.647] Load DDS texture: Squad/Parts/Engine/liquidEngineLV-1_v2/Assets/Ant_and_Spider_diffuse
[LOG 18:33:22.648] Load DDS texture: Squad/Parts/Engine/liquidEngineLV-1_v2/Assets/Ant_and_Spider_emissive
[LOG 18:33:22.648] Load DDS texture: Squad/Parts/Engine/liquidEngineLV-1_v2/Assets/Ant_and_Spider_normal
[LOG 18:33:22.649] Load DDS texture: Squad/Parts/Engine/liquidEngineLV-1_v2/Assets/Ant_and_Spider_specular
[LOG 18:33:22.649] Load DDS texture: Squad/Parts/Engine/liquidEngineLV-909_v2/Terrier
[LOG 18:33:22.650] Load DDS texture: Squad/Parts/Engine/liquidEngineLV-909_v2/TerrierFairing
[LOG 18:33:22.651] Load DDS texture: Squad/Parts/Engine/liquidEngineLV-909_v2/Terrier_glow
[LOG 18:33:22.658] Load DDS texture: Squad/Parts/Engine/liquidEngineLV-N/model000
[LOG 18:33:22.659] Load DDS texture: Squad/Parts/Engine/liquidEngineLV-N/model001
[LOG 18:33:22.659] Load DDS texture: Squad/Parts/Engine/liquidEngineLV-N/model002
[LOG 18:33:22.660] Load DDS texture: Squad/Parts/Engine/liquidEngineLV-N/model003
[LOG 18:33:22.660] Load DDS texture: Squad/Parts/Engine/liquidEngineLV-T30/model000
[LOG 18:33:22.660] Load DDS texture: Squad/Parts/Engine/liquidEngineLV-T30/model001
[LOG 18:33:22.660] Load DDS texture: Squad/Parts/Engine/liquidEngineLV-T30/model002
[LOG 18:33:22.660] Load DDS texture: Squad/Parts/Engine/liquidEngineLV-T30_v2/Engine_Emissive
[LOG 18:33:22.667] Load DDS texture: Squad/Parts/Engine/liquidEngineLV-T30_v2/Engine_Normal
[LOG 18:33:22.675] Load DDS texture: Squad/Parts/Engine/liquidEngineLV-T30_v2/Fairing
[LOG 18:33:22.677] Load DDS texture: Squad/Parts/Engine/liquidEngineLV-T30_v2/Reliant_v2-shroud_Diffuse
[LOG 18:33:22.684] Load DDS texture: Squad/Parts/Engine/liquidEngineLV-T30_v2/Reliant_v2_Diffuse
[LOG 18:33:22.693] Load DDS texture: Squad/Parts/Engine/liquidEngineLV-T45/model000
[LOG 18:33:22.694] Load DDS texture: Squad/Parts/Engine/liquidEngineLV-T45/model001
[LOG 18:33:22.694] Load DDS texture: Squad/Parts/Engine/liquidEngineLV-T45/model002
[LOG 18:33:22.694] Load DDS texture: Squad/Parts/Engine/liquidEngineLV-T45/model003
[LOG 18:33:22.694] Load DDS texture: Squad/Parts/Engine/liquidEngineLV-T45_v2/Engine_Emissive
[LOG 18:33:22.700] Load DDS texture: Squad/Parts/Engine/liquidEngineLV-T45_v2/Fairing
[LOG 18:33:22.701] Load DDS texture: Squad/Parts/Engine/liquidEngineLV-T45_v2/Swivel_v2_Diffuse
[LOG 18:33:22.707] Load DDS texture: Squad/Parts/Engine/liquidEngineLV-T45_v2/Swivel_v2_Normal
[LOG 18:33:22.715] Load DDS texture: Squad/Parts/Engine/liquidEngineMainsail_v2/mainsail_diffuse
[LOG 18:33:22.722] Load DDS texture: Squad/Parts/Engine/liquidEngineMainsail_v2/mainsail_emissive
[LOG 18:33:22.724] Load DDS texture: Squad/Parts/Engine/liquidEngineMainsail_v2/mainsail_nrm
[LOG 18:33:22.734] Load DDS texture: Squad/Parts/Engine/liquidEngineMainsail_v2/mainsail_specular
[LOG 18:33:22.748] Load DDS texture: Squad/Parts/Engine/liquidEngineMainsail_v2/Shroud
[LOG 18:33:22.749] Load DDS texture: Squad/Parts/Engine/liquidEngineMk55/Thud
[LOG 18:33:22.750] Load DDS texture: Squad/Parts/Engine/liquidEngineMk55/Thud_Heat
[LOG 18:33:22.750] Load DDS texture: Squad/Parts/Engine/liquidEnginePoodle_v2/poodle
[LOG 18:33:22.750] Load DDS texture: Squad/Parts/Engine/liquidEnginePoodle_v2/PoodleShroud
[LOG 18:33:22.751] Load DDS texture: Squad/Parts/Engine/liquidEnginePoodle_v2/poodle_Glow
[LOG 18:33:22.751] Load DDS texture: Squad/Parts/Engine/liquidEnginePoodle_v2/Poodle_SingleBell_Poodle_Diffuse
[LOG 18:33:22.753] Load DDS texture: Squad/Parts/Engine/liquidEnginePoodle_v2/Poodle_SingleBell_Poodle_Emissive
[LOG 18:33:22.754] Load DDS texture: Squad/Parts/Engine/liquidEnginePoodle_v2/Poodle_SingleBell_Poodle_Normal
[LOG 18:33:22.754] Load DDS texture: Squad/Parts/Engine/liquidEngineSkipper_v2/Shroud
[LOG 18:33:22.755] Load DDS texture: Squad/Parts/Engine/liquidEngineSkipper_v2/skipper_v2_diffuse
[LOG 18:33:22.762] Load DDS texture: Squad/Parts/Engine/liquidEngineSkipper_v2/skipper_v2_emissive
[LOG 18:33:22.778] Load DDS texture: Squad/Parts/Engine/liquidEngineSkipper_v2/skipper_v2_normal
[LOG 18:33:22.788] Load DDS texture: Squad/Parts/Engine/liquidEngineSSME/SSME
[LOG 18:33:22.788] Load DDS texture: Squad/Parts/Engine/liquidEngineSSME/SSME_GLOW
[LOG 18:33:22.789] Load DDS texture: Squad/Parts/Engine/liquidEngineSSME/SSME_NRM
[LOG 18:33:22.789] Load DDS texture: Squad/Parts/Engine/MassiveSRB/solid_booster_cm
[LOG 18:33:22.789] Load DDS texture: Squad/Parts/Engine/MassiveSRB/solid_booster_cm_esa
[LOG 18:33:22.790] Load DDS texture: Squad/Parts/Engine/MassiveSRB/solid_booster_em
[LOG 18:33:22.791] Load DDS texture: Squad/Parts/Engine/MassiveSRB/solid_booster_nm
[LOG 18:33:22.793] Load DDS texture: Squad/Parts/Engine/miniJet/SmallJet
[LOG 18:33:22.793] Load DDS texture: Squad/Parts/Engine/OMSEngine/Puff_diffuse
[LOG 18:33:22.793] Load DDS texture: Squad/Parts/Engine/OMSEngine/Puff_emissive
[LOG 18:33:22.793] Load DDS texture: Squad/Parts/Engine/OMSEngine/Puff_normal
[LOG 18:33:22.794] Load DDS texture: Squad/Parts/Engine/OMSEngine/Puff_specular
[LOG 18:33:22.818] Load DDS texture: Squad/Parts/Engine/rapierEngine/rapierDiffuse
[LOG 18:33:22.818] Load DDS texture: Squad/Parts/Engine/rapierEngine/rapieremit
[LOG 18:33:22.819] Load DDS texture: Squad/Parts/Engine/Size1_SRBs/SRB_O
[LOG 18:33:22.819] Load DDS texture: Squad/Parts/Engine/Size1_SRBs/SRB_W
[LOG 18:33:22.819] Load DDS texture: Squad/Parts/Engine/Size1_SRBs/SRB_Y
[LOG 18:33:22.820] Load DDS texture: Squad/Parts/Engine/Size2LFB/Size2LFBEmissive
[LOG 18:33:22.820] Load DDS texture: Squad/Parts/Engine/Size2LFB/twin_nozzle_booster_cm
[LOG 18:33:22.820] Load DDS texture: Squad/Parts/Engine/Size2LFB/twin_nozzle_booster_nm
[LOG 18:33:22.822] Load DDS texture: Squad/Parts/Engine/Size2LFB_v2/Size2LFBEmissive
[LOG 18:33:22.822] Load DDS texture: Squad/Parts/Engine/Size2LFB_v2/twin_nozzle_booster_cm
[LOG 18:33:22.823] Load DDS texture: Squad/Parts/Engine/Size2LFB_v2/twin_nozzle_booster_nm
[LOG 18:33:22.825] Load DDS texture: Squad/Parts/Engine/Size3AdvancedEngine/decoupler_and_adaptor_cm
[LOG 18:33:22.829] Load DDS texture: Squad/Parts/Engine/Size3AdvancedEngine/Size3AdvancedEngineDiffuse
[LOG 18:33:22.831] Load DDS texture: Squad/Parts/Engine/Size3AdvancedEngine/Size3AdvancedEngineEmissive
[LOG 18:33:22.831] Load DDS texture: Squad/Parts/Engine/Size3AdvancedEngine/Size3AdvancedEngineNormal
[LOG 18:33:22.832] Load DDS texture: Squad/Parts/Engine/Size3EngineCluster/ClusterEngineEmit
[LOG 18:33:22.832] Load DDS texture: Squad/Parts/Engine/Size3EngineCluster/four_nozzle_engine_cm
[LOG 18:33:22.832] Load DDS texture: Squad/Parts/Engine/Size3EngineCluster/four_nozzle_engine_nm
[LOG 18:33:22.837] Load DDS texture: Squad/Parts/Engine/solidBoosterBACC/model000
[LOG 18:33:22.838] Load DDS texture: Squad/Parts/Engine/solidBoosterBACC/model001
[LOG 18:33:22.839] Load DDS texture: Squad/Parts/Engine/solidBoosterBACC/model002
[LOG 18:33:22.840] Load DDS texture: Squad/Parts/Engine/solidBoosterRT-5/RT5
[LOG 18:33:22.840] Load DDS texture: Squad/Parts/Engine/solidBoosterS2-17/solidBoosterS2-17_diffuse
[LOG 18:33:22.858] Load DDS texture: Squad/Parts/Engine/solidBoosterS2-17/solidBoosterS2-17_emissive
[LOG 18:33:22.880] Load DDS texture: Squad/Parts/Engine/solidBoosterS2-17/solidBoosterS2-17_normal
[LOG 18:33:22.901] Load DDS texture: Squad/Parts/Engine/solidBoosterS2-33/solidBoosterS2-33_diffuse
[LOG 18:33:22.936] Load DDS texture: Squad/Parts/Engine/solidBoosterS2-33/solidBoosterS2-33_emissive
[LOG 18:33:22.997] Load DDS texture: Squad/Parts/Engine/solidBoosterS2-33/solidBoosterS2-33_normal
[LOG 18:33:23.059] Load DDS texture: Squad/Parts/Engine/solidBoosterSep/model000
[LOG 18:33:23.062] Load DDS texture: Squad/Parts/Engine/solidBoosterSep/motor
[LOG 18:33:23.062] Load DDS texture: Squad/Parts/Engine/SolidBoostersF/Assets/SolidBoosterF3S0_diffuse
[LOG 18:33:23.065] Load DDS texture: Squad/Parts/Engine/SolidBoostersF/Assets/SolidBoosterF3S0_emissive
[LOG 18:33:23.065] Load DDS texture: Squad/Parts/Engine/SolidBoostersF/Assets/SolidBoosterF3S0_normal
[LOG 18:33:23.065] Load DDS texture: Squad/Parts/FuelTank/adapterTanks/Mk3Adapters
[LOG 18:33:23.072] Load DDS texture: Squad/Parts/FuelTank/drainTankFTE-1/fuelValve_diffuse
[LOG 18:33:23.073] Load DDS texture: Squad/Parts/FuelTank/drainTankFTE-1/fuelValve_nrm
[LOG 18:33:23.073] Load DDS texture: Squad/Parts/FuelTank/FoilTanks/RadialTanks
[LOG 18:33:23.074] Load DDS texture: Squad/Parts/FuelTank/FoilTanks/RadialTanksGold_specular
[LOG 18:33:23.074] Load DDS texture: Squad/Parts/FuelTank/FoilTanks/RadialTanksSilver_specular
[LOG 18:33:23.075] Load DDS texture: Squad/Parts/FuelTank/FoilTanks/RadialTanks_N
[LOG 18:33:23.077] Load DDS texture: Squad/Parts/FuelTank/FoilTanks/RadialTanks_silver
[LOG 18:33:23.078] Load DDS texture: Squad/Parts/FuelTank/fuelTankOscarB/model000
[LOG 18:33:23.078] Load DDS texture: Squad/Parts/FuelTank/fuelTankOscarB/model001
[LOG 18:33:23.079] Load DDS texture: Squad/Parts/FuelTank/fuelTankOscarB/tank
[LOG 18:33:23.079] Load DDS texture: Squad/Parts/FuelTank/fuelTankOscarB/tank_n
[LOG 18:33:23.079] Load DDS texture: Squad/Parts/FuelTank/miniFuselage/Fuselage
[LOG 18:33:23.080] Load DDS texture: Squad/Parts/FuelTank/mk2Adapters/mk2adapters1m
[LOG 18:33:23.089] Load DDS texture: Squad/Parts/FuelTank/mk2FuselageLong/mk2Fuselage
[LOG 18:33:23.090] Load DDS texture: Squad/Parts/FuelTank/mk2FuselageShort/mk2FuselageShort
[LOG 18:33:23.091] Load DDS texture: Squad/Parts/FuelTank/mk3Fuselage/Mk3Fuselage
[LOG 18:33:23.104] Load DDS texture: Squad/Parts/FuelTank/mk3Fuselage/Mk3Fuselage_LUM
[LOG 18:33:23.105] Load DDS texture: Squad/Parts/FuelTank/RCSFuelTankR1/RCSFuelTankR1_01
[LOG 18:33:23.105] Load DDS texture: Squad/Parts/FuelTank/RCSFuelTankR1/RCSFuelTankR1_02
[LOG 18:33:23.105] Load DDS texture: Squad/Parts/FuelTank/RCSFuelTankR1/RCSFuelTankR1_N
[LOG 18:33:23.106] Load DDS texture: Squad/Parts/FuelTank/RCSFuelTankR10/ksp_m_rcsTank_diff
[LOG 18:33:23.107] Load DDS texture: Squad/Parts/FuelTank/RCSFuelTankR10/ksp_m_rcsTank_normal
[LOG 18:33:23.107] Load DDS texture: Squad/Parts/FuelTank/RCSFuelTankR25/FL-R25 RCS Fuel Tank_D
[LOG 18:33:23.107] Load DDS texture: Squad/Parts/FuelTank/RCSFuelTankR25/FL-R25 RCS Fuel Tank_N
[LOG 18:33:23.107] Load DDS texture: Squad/Parts/FuelTank/RCSTankRadial/model000
[LOG 18:33:23.107] Load DDS texture: Squad/Parts/FuelTank/RCStankRadialLong/ksp_r_rcsCylTank_diff
[LOG 18:33:23.107] Load DDS texture: Squad/Parts/FuelTank/RockomaxTanks/Assets/rockomax_16 [AlbedoM] BW
[LOG 18:33:23.114] Load DDS texture: Squad/Parts/FuelTank/RockomaxTanks/Assets/rockomax_16 [AlbedoM] ESA
[LOG 18:33:23.122] Load DDS texture: Squad/Parts/FuelTank/RockomaxTanks/Assets/rockomax_16 [AlbedoM] O
[LOG 18:33:23.130] Load DDS texture: Squad/Parts/FuelTank/RockomaxTanks/Assets/rockomax_16 [Normal] BW
[LOG 18:33:23.139] Load DDS texture: Squad/Parts/FuelTank/RockomaxTanks/Assets/rockomax_16 [Normal]ESA
[LOG 18:33:23.145] Load DDS texture: Squad/Parts/FuelTank/RockomaxTanks/Assets/rockomax_16 [Normal]O
[LOG 18:33:23.153] Load DDS texture: Squad/Parts/FuelTank/RockomaxTanks/Assets/rockomax_32 [AlbedoM] ESA
[LOG 18:33:23.154] Load DDS texture: Squad/Parts/FuelTank/RockomaxTanks/Assets/rockomax_32 [Normal]ESA
[LOG 18:33:23.155] Load DDS texture: Squad/Parts/FuelTank/Size1_Tanks/125Tanks_BW
[LOG 18:33:23.159] Load DDS texture: Squad/Parts/FuelTank/Size1_Tanks/125Tanks_D
[LOG 18:33:23.162] Load DDS texture: Squad/Parts/FuelTank/Size1_Tanks/125Tanks_N
[LOG 18:33:23.164] Load DDS texture: Squad/Parts/FuelTank/Size1_Tanks/125Tanks_O
[LOG 18:33:23.167] Load DDS texture: Squad/Parts/FuelTank/Size1_Tanks/125Tanks_W
[LOG 18:33:23.173] Load DDS texture: Squad/Parts/FuelTank/Size3Tanks/fueltTanks_cm
[LOG 18:33:23.174] Load Cached PNG Texture: Squad/Parts/FuelTank/Size3Tanks/Size3Tanks
[LOG 18:33:23.175] Load Cached PNG Texture: Squad/Parts/FuelTank/Size3Tanks/Size3Tanks_Norm
[LOG 18:33:23.176] Load Cached PNG Texture: Squad/Parts/FuelTank/Size3Tanks/Size3Tanks_Orange
[LOG 18:33:23.178] Load Cached PNG Texture: Squad/Parts/FuelTank/Size3Tanks/Size3Tanks_Orange_Norm
[LOG 18:33:23.179] Load DDS texture: Squad/Parts/FuelTank/xenonTank/model000
[LOG 18:33:23.181] Load DDS texture: Squad/Parts/FuelTank/xenonTank/model001
[LOG 18:33:23.181] Load DDS texture: Squad/Parts/FuelTank/xenonTankLarge/tank
[LOG 18:33:23.181] Load DDS texture: Squad/Parts/FuelTank/xenonTankRadial/ksp_r_xenonTank_diff
[LOG 18:33:23.184] Load DDS texture: Squad/Parts/Misc/AsteroidDay/CamSat
[LOG 18:33:23.185] Load DDS texture: Squad/Parts/Misc/AsteroidDay/CamSat_glow
[LOG 18:33:23.185] Load DDS texture: Squad/Parts/Misc/AsteroidDay/CamSat_N_NRM
[LOG 18:33:23.186] Load DDS texture: Squad/Parts/Misc/AsteroidDay/default
[LOG 18:33:23.186] Load DDS texture: Squad/Parts/Misc/AsteroidDay/hecsDiffuse
[LOG 18:33:23.186] Load DDS texture: Squad/Parts/Misc/AsteroidDay/hecsNormal
[LOG 18:33:23.186] Load DDS texture: Squad/Parts/Misc/AsteroidDay/hecsSpecular
[LOG 18:33:23.186] Load DDS texture: Squad/Parts/Misc/AsteroidDay/JumboHexProbe
[LOG 18:33:23.187] Load DDS texture: Squad/Parts/Misc/AsteroidDay/JumboHexProbe_NORM_NRM
[LOG 18:33:23.187] Load DDS texture: Squad/Parts/Resources/FuelCell/FCLamp
[LOG 18:33:23.187] Load DDS texture: Squad/Parts/Resources/FuelCell/FuelCellRack
[LOG 18:33:23.187] Load DDS texture: Squad/Parts/Resources/FuelCell/fuellcell
[LOG 18:33:23.187] Load DDS texture: Squad/Parts/Resources/ISRU/Processor_Large
[LOG 18:33:23.187] Load DDS texture: Squad/Parts/Resources/LargeTank/ksp_l_resourceContainer_diff
[LOG 18:33:23.188] Load DDS texture: Squad/Parts/Resources/LargeTank/ksp_l_resourceContainer_norm
[LOG 18:33:23.191] Load DDS texture: Squad/Parts/Resources/MiniDrill/DustParticle
[LOG 18:33:23.191] Load DDS texture: Squad/Parts/Resources/MiniDrill/ksp_r_rockProbe_diff
[LOG 18:33:23.192] Load DDS texture: Squad/Parts/Resources/MiniDrill/RockParticle
[LOG 18:33:23.192] Load DDS texture: Squad/Parts/Resources/MiniISRU/ksp_s_processorSmall_diff
[LOG 18:33:23.192] Load DDS texture: Squad/Parts/Resources/OrbitalScanner/detector
[LOG 18:33:23.193] Load DDS texture: Squad/Parts/Resources/RadialDrill/DustParticle
[LOG 18:33:23.193] Load DDS texture: Squad/Parts/Resources/RadialDrill/RockParticle
[LOG 18:33:23.193] Load DDS texture: Squad/Parts/Resources/RadialDrill/TriBitDrill
[LOG 18:33:23.193] Load DDS texture: Squad/Parts/Resources/RadialTank/ksp_r_resourceContainer_psd_2
[LOG 18:33:23.193] Load DDS texture: Squad/Parts/Resources/SmallTank/ksp_s_resourceContainer_diff
[LOG 18:33:23.194] Load DDS texture: Squad/Parts/Resources/SmallTank/ksp_s_resourceContainer_normal
[LOG 18:33:23.196] Load DDS texture: Squad/Parts/Resources/SurfaceScanner/ksp_r_samplerAir_diff
[LOG 18:33:23.200] Load DDS texture: Squad/Parts/Resources/SurveyScanner/dish
[LOG 18:33:23.202] Load DDS texture: Squad/Parts/Resources/SurveyScanner/dish_n
[LOG 18:33:23.203] Load DDS texture: Squad/Parts/Science/AtmosphereSensor/ksp_r_hydroscoop_diff
[LOG 18:33:23.203] Load DDS texture: Squad/Parts/Science/GooExperiment/GooExperiment
[LOG 18:33:23.206] Load DDS texture: Squad/Parts/Science/LargeCrewedLab/Large_Crewed_Lab
[LOG 18:33:23.208] Load DDS texture: Squad/Parts/Science/LargeCrewedLab/Large_Crewed_Lab_glow
[LOG 18:33:23.211] Load DDS texture: Squad/Parts/Science/LargeCrewedLab/window
[LOG 18:33:23.212] Load DDS texture: Squad/Parts/Science/Magnetometer/Magnetometer_diffuse
[LOG 18:33:23.212] Load DDS texture: Squad/Parts/Science/Magnetometer/Magnetometer_nrm
[LOG 18:33:23.213] Load DDS texture: Squad/Parts/Science/MaterialBay/science_module_small
[LOG 18:33:23.214] Load DDS texture: Squad/Parts/Science/MaterialBay/science_module_small_emit
[LOG 18:33:23.215] Load DDS texture: Squad/Parts/Science/MaterialBay/science_module_small_nrm
[LOG 18:33:23.215] Load DDS texture: Squad/Parts/Science/MaterialBay/wires
[LOG 18:33:23.215] Load DDS texture: Squad/Parts/Science/ScienceBox/Container
[LOG 18:33:23.216] Load DDS texture: Squad/Parts/Science/sensorAccelerometer/model000
[LOG 18:33:23.216] Load DDS texture: Squad/Parts/Science/sensorBarometer/model000
[LOG 18:33:23.216] Load DDS texture: Squad/Parts/Science/sensorGravimeter/model000
[LOG 18:33:23.217] Load DDS texture: Squad/Parts/Science/sensorThermometer/model000
[LOG 18:33:23.217] Load DDS texture: Squad/Parts/Structural/FLAdapters/Assets/FLA-Adapters_diffuse
[LOG 18:33:23.218] Load DDS texture: Squad/Parts/Structural/FLAdapters/Assets/FLA-Adapters_diffuse_O
[LOG 18:33:23.219] Load DDS texture: Squad/Parts/Structural/FLAdapters/Assets/FLA-Adapters_normal
[LOG 18:33:23.220] Load DDS texture: Squad/Parts/Structural/FLAdapters/Assets/FLA-Adapters_normal_O
[LOG 18:33:23.222] Load DDS texture: Squad/Parts/Structural/mk1Parts/Mk1Structural
[LOG 18:33:23.223] Load DDS texture: Squad/Parts/Structural/mk1Parts/Mk1StructuralHeat
[LOG 18:33:23.224] Load Cached PNG Texture: Squad/Parts/Structural/mk1Parts/@thumbs/MK1Fuselage_icon
[LOG 18:33:23.224] Load DDS texture: Squad/Parts/Structural/Size3To2Adapter_v2/Size2to3_BW_Diffuse
[LOG 18:33:23.235] Load DDS texture: Squad/Parts/Structural/Size3To2Adapter_v2/Size2to3_DUMMY_NRM
[LOG 18:33:23.236] Load DDS texture: Squad/Parts/Structural/Size3To2Adapter_v2/Size2to3_O_Diffuse
[LOG 18:33:23.246] Load DDS texture: Squad/Parts/Structural/Size3To2Adapter_v2/Size2to3_W_Diffuse
[LOG 18:33:23.251] Load DDS texture: Squad/Parts/Structural/Size3To2Adapter_v2/Size2to3_W_NRM
[LOG 18:33:23.257] Load DDS texture: Squad/Parts/Structural/stackAdapters/Assets/stackAdapters_diffuse
[LOG 18:33:23.258] Load DDS texture: Squad/Parts/Structural/stackAdapters/Assets/stackAdapters_diffuse_Dark
[LOG 18:33:23.259] Load DDS texture: Squad/Parts/Structural/stackAdapters/Assets/stackAdapters_diffuse_Orange
[LOG 18:33:23.259] Load DDS texture: Squad/Parts/Structural/stackAdapters/Assets/stackAdapters_normal
[LOG 18:33:23.260] Load DDS texture: Squad/Parts/Structural/stackAdapters/Assets/stackAdapters_normal_Orange
[LOG 18:33:23.261] Load DDS texture: Squad/Parts/Structural/stationHub/model000
[LOG 18:33:23.261] Load DDS texture: Squad/Parts/Structural/stationHub/model001
[LOG 18:33:23.261] Load DDS texture: Squad/Parts/Structural/structuralIBeam200/model000
[LOG 18:33:23.261] Load DDS texture: Squad/Parts/Structural/structuralIBeam200Pocket/model000
[LOG 18:33:23.261] Load DDS texture: Squad/Parts/Structural/structuralIBeam650/model000
[LOG 18:33:23.262] Load DDS texture: Squad/Parts/Structural/structuralMicronode/model000
[LOG 18:33:23.262] Load DDS texture: Squad/Parts/Structural/structuralPanel1x1/model000
[LOG 18:33:23.262] Load DDS texture: Squad/Parts/Structural/structuralPanel1x1/model001
[LOG 18:33:23.262] Load DDS texture: Squad/Parts/Structural/structuralPanel2x2/model000
[LOG 18:33:23.262] Load DDS texture: Squad/Parts/Structural/structuralPanel2x2/model001
[LOG 18:33:23.262] Load DDS texture: Squad/Parts/Structural/structuralPylons/Pylons
[LOG 18:33:23.263] Load DDS texture: Squad/Parts/Structural/strutCubicOcto/cubestrut
[LOG 18:33:23.263] Load DDS texture: Squad/Parts/Structural/strutOcto/model000
[LOG 18:33:23.263] Load DDS texture: Squad/Parts/Structural/trussGirderAdapter/model000
[LOG 18:33:23.263] Load DDS texture: Squad/Parts/Structural/trussGirderAdapter/model001
[LOG 18:33:23.263] Load DDS texture: Squad/Parts/Structural/trussGirderL/model000
[LOG 18:33:23.264] Load DDS texture: Squad/Parts/Structural/trussGirderXL/model000
[LOG 18:33:23.264] Load DDS texture: Squad/Parts/Thermal/FoldingRadiators/radiator
[LOG 18:33:23.264] Load DDS texture: Squad/Parts/Thermal/FoldingRadiators/radiator_N_NRM
[LOG 18:33:23.265] Load DDS texture: Squad/Parts/Thermal/RadiatorPanels/radPanel
[LOG 18:33:23.266] Load DDS texture: Squad/Parts/Thermal/RadiatorPanels/radPanel_N_NRM
[LOG 18:33:23.268] Load DDS texture: Squad/Parts/Utility/commDish88-88/comm_dish_array
[LOG 18:33:23.268] Load DDS texture: Squad/Parts/Utility/commDish88-88/comm_dish_v2_diff
[LOG 18:33:23.269] Load DDS texture: Squad/Parts/Utility/commDish88-88/model000
[LOG 18:33:23.269] Load DDS texture: Squad/Parts/Utility/commsAntennaDTS-M1/mediumDishAntenna
[LOG 18:33:23.270] Load DDS texture: Squad/Parts/Utility/commsAntennaDTS-M1/mediumDishAntenna_Emit
[LOG 18:33:23.270] Load DDS texture: Squad/Parts/Utility/commsDish16/model000
[LOG 18:33:23.270] Load DDS texture: Squad/Parts/Utility/decouplerRadialHDM/model000
[LOG 18:33:23.270] Load DDS texture: Squad/Parts/Utility/decouplerRadialTT-38K/model000
[LOG 18:33:23.270] Load DDS texture: Squad/Parts/Utility/decouplerRadialTT-38K/model001
[LOG 18:33:23.270] Load DDS texture: Squad/Parts/Utility/decouplerRadialTT-70/model000
[LOG 18:33:23.270] Load DDS texture: Squad/Parts/Utility/DirectAntennas/MiniAntenna
[LOG 18:33:23.271] Load DDS texture: Squad/Parts/Utility/dockingPort/Arrow Pointer
[LOG 18:33:23.271] Load DDS texture: Squad/Parts/Utility/dockingPort/DockingPorts_Clampotron_Diffuse
[LOG 18:33:23.277] Load DDS texture: Squad/Parts/Utility/dockingPort/DockingPorts_Clampotron_Emissive
[LOG 18:33:23.278] Load DDS texture: Squad/Parts/Utility/dockingPort/DockingPorts_Clampotron_Normal
[LOG 18:33:23.287] Load DDS texture: Squad/Parts/Utility/dockingPortInline/Arrow Pointer
[LOG 18:33:23.289] Load DDS texture: Squad/Parts/Utility/dockingPortInline/ClampotronLinear_ClampotronLinear_Diffuse
[LOG 18:33:23.295] Load DDS texture: Squad/Parts/Utility/dockingPortInline/ClampotronLinear_ClampotronLinear_Emissive
[LOG 18:33:23.297] Load DDS texture: Squad/Parts/Utility/dockingPortInline/ClampotronLinear_ClampotronLinear_Normal
[LOG 18:33:23.306] Load DDS texture: Squad/Parts/Utility/dockingPortInline/DockingPorts_Clampotron_Diffuse
[LOG 18:33:23.316] Load DDS texture: Squad/Parts/Utility/dockingPortInline/DockingPorts_Clampotron_Emissive
[LOG 18:33:23.317] Load DDS texture: Squad/Parts/Utility/dockingPortInline/DockingPorts_Clampotron_Normal
[LOG 18:33:23.323] Load DDS texture: Squad/Parts/Utility/dockingPortJr/Arrow Pointer
[LOG 18:33:23.323] Load DDS texture: Squad/Parts/Utility/dockingPortJr/DockingPorts_ClampotronJR_Diffuse
[LOG 18:33:23.324] Load DDS texture: Squad/Parts/Utility/dockingPortJr/DockingPorts_ClampotronJR_Normal
[LOG 18:33:23.325] Load DDS texture: Squad/Parts/Utility/dockingPortJr/model000
[LOG 18:33:23.325] Load DDS texture: Squad/Parts/Utility/dockingPortShielded/Arrow Pointer
[LOG 18:33:23.325] Load DDS texture: Squad/Parts/Utility/dockingPortShielded/Clamp-O-Tron Shielded Docking Port_ClampotronShielded_Diffuse
[LOG 18:33:23.331] Load DDS texture: Squad/Parts/Utility/dockingPortShielded/Clamp-O-Tron Shielded Docking Port_ClampotronShielded_Normal
[LOG 18:33:23.337] Load DDS texture: Squad/Parts/Utility/dockingPortShielded/DockingPorts_Clampotron_Diffuse
[LOG 18:33:23.344] Load DDS texture: Squad/Parts/Utility/dockingPortShielded/DockingPorts_Clampotron_Emissive
[LOG 18:33:23.347] Load DDS texture: Squad/Parts/Utility/dockingPortShielded/DockingPorts_Clampotron_Normal
[LOG 18:33:23.355] Load DDS texture: Squad/Parts/Utility/dockingPortSr/Arrow Pointer
[LOG 18:33:23.355] Load DDS texture: Squad/Parts/Utility/dockingPortSr/ClampotronSr_ClampotronSr_Diffuse
[LOG 18:33:23.360] Load DDS texture: Squad/Parts/Utility/dockingPortSr/ClampotronSr_ClampotronSr_Diffuse_gray
[LOG 18:33:23.366] Load DDS texture: Squad/Parts/Utility/dockingPortSr/ClampotronSr_ClampotronSr_Emissive
[LOG 18:33:23.367] Load DDS texture: Squad/Parts/Utility/dockingPortSr/ClampotronSr_ClampotronSr_Normal
[LOG 18:33:23.373] Load Cached PNG Texture: Squad/Parts/Utility/Fireworks/Assets/fireworks_launcher_big 1
[LOG 18:33:23.378] Load Cached PNG Texture: Squad/Parts/Utility/Fireworks/Assets/fireworks_launcher_big
[LOG 18:33:23.382] Load Cached PNG Texture: Squad/Parts/Utility/flags/backgroundTextures/dark_background
[LOG 18:33:23.383] Load Cached PNG Texture: Squad/Parts/Utility/flags/backgroundTextures/orange_background
[LOG 18:33:23.383] Load Cached PNG Texture: Squad/Parts/Utility/flags/backgroundTextures/white_background
[LOG 18:33:23.383] Load DDS texture: Squad/Parts/Utility/GrapplingDevice/grabberDiffuse
[LOG 18:33:23.384] Load DDS texture: Squad/Parts/Utility/GrapplingDevice/grabberDiffuse_dark
[LOG 18:33:23.384] Load DDS texture: Squad/Parts/Utility/GrapplingDevice/grabberNRM
[LOG 18:33:23.385] Load DDS texture: Squad/Parts/Utility/GrapplingDevice/window
[LOG 18:33:23.385] Load DDS texture: Squad/Parts/Utility/ladderRadial/model000
[LOG 18:33:23.385] Load DDS texture: Squad/Parts/Utility/ladderTelescopic/model000
[LOG 18:33:23.386] Load DDS texture: Squad/Parts/Utility/ladderTelescopic/model001
[LOG 18:33:23.390] Load DDS texture: Squad/Parts/Utility/ladderTelescopic/model002
[LOG 18:33:23.391] Load DDS texture: Squad/Parts/Utility/ladderTelescopicBay/model000
[LOG 18:33:23.391] Load DDS texture: Squad/Parts/Utility/ladderTelescopicBay/model001
[LOG 18:33:23.392] Load DDS texture: Squad/Parts/Utility/landingLegLT-1/ksp_r_landingStrut_diff
[LOG 18:33:23.392] Load DDS texture: Squad/Parts/Utility/landingLegLT-2/landingLeg
[LOG 18:33:23.392] Load DDS texture: Squad/Parts/Utility/landingLegLT-5/leg
[LOG 18:33:23.392] Load DDS texture: Squad/Parts/Utility/landingLegLT-5/model000
[LOG 18:33:23.393] Load DDS texture: Squad/Parts/Utility/launchClamp1/model000
[LOG 18:33:23.393] Load DDS texture: Squad/Parts/Utility/launchClamp1/model001
[LOG 18:33:23.393] Load DDS texture: Squad/Parts/Utility/launchEscapeSystem/LES_Diffuse
[LOG 18:33:23.394] Load DDS texture: Squad/Parts/Utility/Lights/Assets/Lights_Attacheable_Lights_Diffuse
[LOG 18:33:23.394] Load DDS texture: Squad/Parts/Utility/Lights/Assets/Lights_Attacheable_Lights_Diffuse_white
[LOG 18:33:23.395] Load DDS texture: Squad/Parts/Utility/Lights/Assets/Lights_Attacheable_Lights_Emissive
[LOG 18:33:23.395] Load DDS texture: Squad/Parts/Utility/Lights/Assets/Lights_Attacheable_Lights_Normal
[LOG 18:33:23.395] Load DDS texture: Squad/Parts/Utility/Lights/Assets/Lights_Rectangle_Light_Diffuse
[LOG 18:33:23.401] Load DDS texture: Squad/Parts/Utility/Lights/Assets/Lights_Rectangle_Light_Diffuse_white
[LOG 18:33:23.407] Load DDS texture: Squad/Parts/Utility/Lights/Assets/Lights_Rectangle_Light_Emissive
[LOG 18:33:23.414] Load DDS texture: Squad/Parts/Utility/Lights/Assets/Lights_Rectangle_Light_Normal
[LOG 18:33:23.421] Load DDS texture: Squad/Parts/Utility/Lights/Assets/Lights_Worklights_Diffuse
[LOG 18:33:23.422] Load DDS texture: Squad/Parts/Utility/Lights/Assets/Lights_Worklights_Emissive
[LOG 18:33:23.422] Load DDS texture: Squad/Parts/Utility/Lights/Assets/Lights_Worklights_Normal
[LOG 18:33:23.423] Load DDS texture: Squad/Parts/Utility/Lights/Assets/Spotlight_Attacheable_Lights_Diffuse
[LOG 18:33:23.423] Load DDS texture: Squad/Parts/Utility/Lights/Assets/Spotlight_Attacheable_Lights_Diffuse_white
[LOG 18:33:23.424] Load DDS texture: Squad/Parts/Utility/Lights/Assets/Spotlight_Attacheable_Lights_Emissive
[LOG 18:33:23.424] Load DDS texture: Squad/Parts/Utility/Lights/Assets/Spotlight_Attacheable_Lights_Normal
[LOG 18:33:23.424] Load DDS texture: Squad/Parts/Utility/linearVernorRCS/Assets/linear_vernor_diffuse
[LOG 18:33:23.424] Load DDS texture: Squad/Parts/Utility/linearVernorRCS/Assets/linear_vernor_emissive
[LOG 18:33:23.424] Load DDS texture: Squad/Parts/Utility/linearVernorRCS/Assets/linear_vernor_normalDummy
[LOG 18:33:23.424] Load DDS texture: Squad/Parts/Utility/linearVernorRCS/Assets/linear_vernor_specular
[LOG 18:33:23.424] Load DDS texture: Squad/Parts/Utility/mk2CargoBay/mk2CargoBay
[LOG 18:33:23.426] Load DDS texture: Squad/Parts/Utility/mk2CrewCabin/mk2CrewCabin
[LOG 18:33:23.426] Load DDS texture: Squad/Parts/Utility/mk2CrewCabin/mk2CrewCabin_LUM
[LOG 18:33:23.426] Load DDS texture: Squad/Parts/Utility/mk2DockingPort/Arrow Pointer
[LOG 18:33:23.427] Load DDS texture: Squad/Parts/Utility/mk2DockingPort/Mk2Clampotron_Caps_Diffuse
[LOG 18:33:23.427] Load DDS texture: Squad/Parts/Utility/mk2DockingPort/Mk2Clampotron_Caps_Emmisive
[LOG 18:33:23.428] Load DDS texture: Squad/Parts/Utility/mk2DockingPort/Mk2Clampotron_Caps_Normal
[LOG 18:33:23.429] Load DDS texture: Squad/Parts/Utility/mk2DockingPort/Mk2Clampotron_Mk2Clampotron_Diffuse
[LOG 18:33:23.436] Load DDS texture: Squad/Parts/Utility/mk2DockingPort/Mk2Clampotron_Mk2Clampotron_Emissive
[LOG 18:33:23.436] Load DDS texture: Squad/Parts/Utility/mk2DockingPort/Mk2Clampotron_Mk2Clampotron_Normal
[LOG 18:33:23.443] Load DDS texture: Squad/Parts/Utility/mk2DockingPort/mk2DockingPort
[LOG 18:33:23.443] Load DDS texture: Squad/Parts/Utility/mk3CargoBay/Mk3CargoBay
[LOG 18:33:23.444] Load DDS texture: Squad/Parts/Utility/parachuteMk1/model000
[LOG 18:33:23.444] Load DDS texture: Squad/Parts/Utility/parachuteMk1/model001
[LOG 18:33:23.444] Load DDS texture: Squad/Parts/Utility/parachuteMk12-R/model000
[LOG 18:33:23.445] Load DDS texture: Squad/Parts/Utility/parachuteMk12-R/model001
[LOG 18:33:23.445] Load DDS texture: Squad/Parts/Utility/parachuteMk16-XL/model000
[LOG 18:33:23.445] Load DDS texture: Squad/Parts/Utility/parachuteMk16-XL/model001
[LOG 18:33:23.445] Load DDS texture: Squad/Parts/Utility/parachuteMk2-R/model000
[LOG 18:33:23.445] Load DDS texture: Squad/Parts/Utility/parachuteMk2-R/model001
[LOG 18:33:23.445] Load DDS texture: Squad/Parts/Utility/parachuteMk25/model000
[LOG 18:33:23.445] Load DDS texture: Squad/Parts/Utility/parachuteMk25/model001
[LOG 18:33:23.445] Load DDS texture: Squad/Parts/Utility/radialAttachmentPoint/model000
[LOG 18:33:23.446] Load DDS texture: Squad/Parts/Utility/radialAttachmentPoint/model001
[LOG 18:33:23.446] Load DDS texture: Squad/Parts/Utility/rcsBlockRV-105_v2/rcsBlock_diffuse
[LOG 18:33:23.446] Load DDS texture: Squad/Parts/Utility/rcsBlockRV-105_v2/rcsThrusterBlock_normal
[LOG 18:33:23.446] Load DDS texture: Squad/Parts/Utility/rcsBlockRV-105_v2/rcsThruster_emissive
[LOG 18:33:23.446] Load DDS texture: Squad/Parts/Utility/rcsBlockRV-105_v2/rcsThruster_specular
[LOG 18:33:23.446] Load DDS texture: Squad/Parts/Utility/rcsBlockRV-105_v2/RCS_Block_Diffuse
[LOG 18:33:23.447] Load DDS texture: Squad/Parts/Utility/rcsBlockRV-105_v2/RCS_Block_Emissive
[LOG 18:33:23.447] Load DDS texture: Squad/Parts/Utility/rcsBlockRV-105_v2/RCS_Block_Normal
[LOG 18:33:23.447] Load DDS texture: Squad/Parts/Utility/rcsBlockRV-105_v2/RCS_Block_Specular
[LOG 18:33:23.447] Load DDS texture: Squad/Parts/Utility/rcsSmallLinear/Assets/RCS_Linear_Base_Diffuse
[LOG 18:33:23.448] Load DDS texture: Squad/Parts/Utility/rcsSmallLinear/Assets/RCS_Linear_Diffuse
[LOG 18:33:23.448] Load DDS texture: Squad/Parts/Utility/rcsSmallLinear/Assets/RCS_Linear_Emissive
[LOG 18:33:23.448] Load DDS texture: Squad/Parts/Utility/rcsSmallLinear/Assets/RCS_Linear_Normal
[LOG 18:33:23.448] Load DDS texture: Squad/Parts/Utility/rcsSmallLinear/Assets/RCS_Linear_Specular
[LOG 18:33:23.448] Load DDS texture: Squad/Parts/Utility/RelayAntennas/DishAntenna
[LOG 18:33:23.449] Load DDS texture: Squad/Parts/Utility/RelayAntennas/MiniAntenna
[LOG 18:33:23.449] Load DDS texture: Squad/Parts/Utility/rockomaxAdapters/Assets/Rockomax_Adapters_diffuse
[LOG 18:33:23.451] Load DDS texture: Squad/Parts/Utility/rockomaxAdapters/Assets/Rockomax_Adapters_diffuse_O
[LOG 18:33:23.454] Load DDS texture: Squad/Parts/Utility/rockomaxAdapters/Assets/Rockomax_Adapters_diffuse_W
[LOG 18:33:23.458] Load DDS texture: Squad/Parts/Utility/rockomaxAdapters/Assets/Rockomax_Adapters_normal
[LOG 18:33:23.460] Load DDS texture: Squad/Parts/Utility/rockomaxAdapters/Assets/Rockomax_Adapters_normal_O
[LOG 18:33:23.461] Load DDS texture: Squad/Parts/Utility/ServiceBay/ServiceBay
[LOG 18:33:23.461] Load Cached PNG Texture: Squad/Parts/Utility/ServiceBay_v2/Assets/Scratch
[LOG 18:33:23.462] Load Cached PNG Texture: Squad/Parts/Utility/ServiceBay_v2/Assets/ServiceBay_bump
[LOG 18:33:23.464] Load Cached PNG Texture: Squad/Parts/Utility/ServiceBay_v2/Assets/ServiceBay_v2
[LOG 18:33:23.465] Load DDS texture: Squad/Parts/Utility/smallClaw/grabberSmallDiffuse
[LOG 18:33:23.465] Load DDS texture: Squad/Parts/Utility/smallClaw/grabberSmallDiffuseDark
[LOG 18:33:23.465] Load DDS texture: Squad/Parts/Utility/smallClaw/grabberSmallNRM
[LOG 18:33:23.465] Load DDS texture: Squad/Parts/Utility/smallClaw/window
[LOG 18:33:23.466] Load DDS texture: Squad/Parts/Utility/spotLightMk1/light1
[LOG 18:33:23.466] Load DDS texture: Squad/Parts/Utility/spotLightMk1/light1_em
[LOG 18:33:23.466] Load DDS texture: Squad/Parts/Utility/spotLightMk1_v2/spotLightMk1_Diffuse
[LOG 18:33:23.466] Load DDS texture: Squad/Parts/Utility/spotLightMk1_v2/spotLightMk1_Diffuse_white
[LOG 18:33:23.466] Load DDS texture: Squad/Parts/Utility/spotLightMk1_v2/spotLightMk1_Emissive
[LOG 18:33:23.467] Load DDS texture: Squad/Parts/Utility/spotLightMk1_v2/spotLightMk1_Normal
[LOG 18:33:23.467] Load DDS texture: Squad/Parts/Utility/spotLightMk2/light2
[LOG 18:33:23.467] Load DDS texture: Squad/Parts/Utility/spotLightMk2/light2_em
[LOG 18:33:23.467] Load DDS texture: Squad/Parts/Utility/spotLightMk2_v2/spotLightMk2_Diffuse
[LOG 18:33:23.468] Load DDS texture: Squad/Parts/Utility/spotLightMk2_v2/spotLightMk2_Diffuse_white
[LOG 18:33:23.468] Load DDS texture: Squad/Parts/Utility/spotLightMk2_v2/spotLightMk2_Emissive
[LOG 18:33:23.468] Load DDS texture: Squad/Parts/Utility/spotLightMk2_v2/spotLightMk2_Normal
[LOG 18:33:23.469] Load DDS texture: Squad/Parts/Utility/stackCouplers/Assets/stackCouplersDiffuse
[LOG 18:33:23.471] Load DDS texture: Squad/Parts/Utility/stackCouplers/Assets/stackCouplersDiffuse_Dark
[LOG 18:33:23.473] Load DDS texture: Squad/Parts/Utility/stackCouplers/Assets/stackCouplersDiffuse_Orange
[LOG 18:33:23.474] Load DDS texture: Squad/Parts/Utility/stackCouplers/Assets/stackCouplers_NRM
[LOG 18:33:23.476] Load DDS texture: Squad/Parts/Utility/stackCouplers/Assets/stackCouplers_Orange_NRM
[LOG 18:33:23.477] Load DDS texture: Squad/Parts/Wheel/LandingGear/Flare
[LOG 18:33:23.478] Load DDS texture: Squad/Parts/Wheel/LandingGear/LandingGear
[LOG 18:33:23.479] Load DDS texture: Squad/Parts/Wheel/LandingGear/LandingGear_Emissive
[LOG 18:33:23.479] Load DDS texture: Squad/Parts/Wheel/roverWheelM1/model000
[LOG 18:33:23.479] Load DDS texture: Squad/Parts/Wheel/roverWheelM1/roverwheel1
[LOG 18:33:23.479] Load DDS texture: Squad/Parts/Wheel/roverWheelS2/model000
[LOG 18:33:23.479] Load DDS texture: Squad/Parts/Wheel/roverWheelS2/model001
[LOG 18:33:23.480] Load DDS texture: Squad/Parts/Wheel/roverWheelS2/roverwheel2
[LOG 18:33:23.480] Load DDS texture: Squad/Parts/Wheel/roverWheelS2/roverwheel2_n
[LOG 18:33:23.481] Load DDS texture: Squad/Parts/Wheel/roverWheelTR-2L/ksp_r_medWheel_diff
[LOG 18:33:23.482] Load DDS texture: Squad/Parts/Wheel/roverWheelTR-2L/ksp_r_medWheel_normal
[LOG 18:33:23.483] Load DDS texture: Squad/Parts/Wheel/roverWheelTR-2L/ksp_r_medWheel_wheel_diff
[LOG 18:33:23.485] Load DDS texture: Squad/Parts/Wheel/roverWheelTR-2L/ksp_r_medWheel_wheel_normal
[LOG 18:33:23.486] Load DDS texture: Squad/Parts/Wheel/roverWheelXL3/mount
[LOG 18:33:23.487] Load DDS texture: Squad/Parts/Wheel/roverWheelXL3/mount_n
[LOG 18:33:23.488] Load DDS texture: Squad/Parts/Wheel/roverWheelXL3/wheel
[LOG 18:33:23.488] Load DDS texture: Squad/Parts/Wheel/roverWheelXL3/wheel_n
[LOG 18:33:23.488] Load DDS texture: Squad/Props/AltimeterThreeHands/model000
[LOG 18:33:23.488] Load DDS texture: Squad/Props/AltimeterThreeHands/model001
[LOG 18:33:23.488] Load DDS texture: Squad/Props/AtmosphereDepth/model000
[LOG 18:33:23.488] Load DDS texture: Squad/Props/AtmosphereDepth/model001
[LOG 18:33:23.489] Load DDS texture: Squad/Props/AxisIndicator/model000
[LOG 18:33:23.489] Load DDS texture: Squad/Props/buttonsGeneric/ButtonsAndSwitches
[LOG 18:33:23.489] Load DDS texture: Squad/Props/ButtonSquare/model000
[LOG 18:33:23.489] Load DDS texture: Squad/Props/circularButton/model000
[LOG 18:33:23.489] Load DDS texture: Squad/Props/Compass/model000
[LOG 18:33:23.490] Load DDS texture: Squad/Props/directionalKnob/model000
[LOG 18:33:23.491] Load DDS texture: Squad/Props/directionalKnob2/model000
[LOG 18:33:23.491] Load DDS texture: Squad/Props/IndicatorPanel/model000
[LOG 18:33:23.492] Load DDS texture: Squad/Props/IndicatorPanel/model001
[LOG 18:33:23.492] Load DDS texture: Squad/Props/IVANavBall/Arrows8dir
[LOG 18:33:23.492] Load DDS texture: Squad/Props/IVANavBall/IVANavBall
[LOG 18:33:23.492] Load DDS texture: Squad/Props/IVANavBall/IVANavBall_Glow
[LOG 18:33:23.492] Load DDS texture: Squad/Props/IVANavBall/ManeuverNode_vectors
[LOG 18:33:23.492] Load DDS texture: Squad/Props/IVANavBall/navball2
[LOG 18:33:23.492] Load DDS texture: Squad/Props/IVANavBall/navBall_DV_IVA
[LOG 18:33:23.492] Load DDS texture: Squad/Props/IVANavBall/navBall_vectors_IVA
[LOG 18:33:23.492] Load Cached PNG Texture: Squad/Props/IVANavBallNoBase/Arrows8dir
[LOG 18:33:23.492] Load Cached PNG Texture: Squad/Props/IVANavBallNoBase/IVANavBall
[LOG 18:33:23.492] Load Cached PNG Texture: Squad/Props/IVANavBallNoBase/ManeuverNode_vectors
[LOG 18:33:23.493] Load Cached PNG Texture: Squad/Props/IVANavBallNoBase/navball2
[LOG 18:33:23.493] Load Cached PNG Texture: Squad/Props/IVANavBallNoBase/navBall_DV_IVA
[LOG 18:33:23.493] Load Cached PNG Texture: Squad/Props/IVANavBallNoBase/navBall_vectors_IVA
[LOG 18:33:23.493] Load DDS texture: Squad/Props/ledPanelSpeed/circularButton
[LOG 18:33:23.493] Load DDS texture: Squad/Props/ledPanelSpeed/ledPanel
[LOG 18:33:23.493] Load DDS texture: Squad/Props/Monitor/Emissives
[LOG 18:33:23.493] Load DDS texture: Squad/Props/Monitor/Emissives_glow
[LOG 18:33:23.493] Load DDS texture: Squad/Props/Monitor/Monitor
[LOG 18:33:23.493] Load DDS texture: Squad/Props/NavBall/GaugeGee
[LOG 18:33:23.494] Load DDS texture: Squad/Props/NavBall/GaugeThrottle
[LOG 18:33:23.494] Load DDS texture: Squad/Props/NavBall/model000
[LOG 18:33:23.494] Load DDS texture: Squad/Props/NavBall/model001
[LOG 18:33:23.494] Load DDS texture: Squad/Props/NavBall/model002
[LOG 18:33:23.494] Load DDS texture: Squad/Props/NavBall/model003
[LOG 18:33:23.494] Load DDS texture: Squad/Props/PropsGeneric/propsGeneric
[LOG 18:33:23.496] Load DDS texture: Squad/Props/pullSwitch/model000
[LOG 18:33:23.497] Load DDS texture: Squad/Props/pullSwitch/model001
[LOG 18:33:23.497] Load DDS texture: Squad/Props/radarAltitude/model000
[LOG 18:33:23.497] Load DDS texture: Squad/Props/squareButton/model000
[LOG 18:33:23.497] Load DDS texture: Squad/Props/standingSwitch/model000
[LOG 18:33:23.497] Load DDS texture: Squad/Props/standingSwitch/model001
[LOG 18:33:23.498] Load DDS texture: Squad/Props/switch/model000
[LOG 18:33:23.498] Load DDS texture: Squad/Props/switchGuard/model000
[LOG 18:33:23.498] Load DDS texture: Squad/Props/switchWithGuards/model000
[LOG 18:33:23.498] Load DDS texture: Squad/Props/switchWithGuards/model001
[LOG 18:33:23.498] Load DDS texture: Squad/Props/switchWithGuards/model002
[LOG 18:33:23.498] Load DDS texture: Squad/Props/throttle/model000
[LOG 18:33:23.499] Load DDS texture: Squad/Props/throttle/model001
[LOG 18:33:23.500] Load DDS texture: Squad/Props/VSI/model000
[LOG 18:33:23.500] Load DDS texture: Squad/Spaces/crewCabinInternals/model000
[LOG 18:33:23.500] Load DDS texture: Squad/Spaces/crewCabinInternals/model001
[LOG 18:33:23.506] Load DDS texture: Squad/Spaces/crewCabinInternals/model002
[LOG 18:33:23.506] Load DDS texture: Squad/Spaces/crewCabinInternals/model003
[LOG 18:33:23.507] Load DDS texture: Squad/Spaces/crewCabinInternals/model004
[LOG 18:33:23.507] Load DDS texture: Squad/Spaces/crewCabinInternals/model005
[LOG 18:33:23.508] Load DDS texture: Squad/Spaces/cupolaInternal/ksp_l_cupola_internal_diff
[LOG 18:33:23.513] Load DDS texture: Squad/Spaces/cupolaInternal/ksp_l_cupola_internal_normal
[LOG 18:33:23.520] Load DDS texture: Squad/Spaces/cupolaInternal/ksp_l_cupola_internal_windows_alpha
[LOG 18:33:23.521] Load DDS texture: Squad/Spaces/cupolaInternal/pilot Seat
[LOG 18:33:23.522] Load DDS texture: Squad/Spaces/GenericSpace1/model000
[LOG 18:33:23.523] Load DDS texture: Squad/Spaces/GenericSpace1/model001
[LOG 18:33:23.526] Load DDS texture: Squad/Spaces/GenericSpace1/model002
[LOG 18:33:23.527] Load DDS texture: Squad/Spaces/GenericSpace1/model003
[LOG 18:33:23.531] Load DDS texture: Squad/Spaces/GenericSpace1/model004
[LOG 18:33:23.532] Load DDS texture: Squad/Spaces/GenericSpace1/model005
[LOG 18:33:23.534] Load DDS texture: Squad/Spaces/GenericSpace3/model000
[LOG 18:33:23.536] Load DDS texture: Squad/Spaces/GenericSpace3/model001
[LOG 18:33:23.539] Load DDS texture: Squad/Spaces/GenericSpace3/model002
[LOG 18:33:23.540] Load DDS texture: Squad/Spaces/GenericSpace3/model003
[LOG 18:33:23.542] Load DDS texture: Squad/Spaces/GenericSpace3/model004
[LOG 18:33:23.543] Load DDS texture: Squad/Spaces/GenericSpace3/model005
[LOG 18:33:23.546] Load DDS texture: Squad/Spaces/GenericSpace3/model006
[LOG 18:33:23.546] Load DDS texture: Squad/Spaces/GenericSpace3/model007
[LOG 18:33:23.548] Load DDS texture: Squad/Spaces/landerCabinInternals/model000
[LOG 18:33:23.550] Load DDS texture: Squad/Spaces/landerCabinInternals/model001
[LOG 18:33:23.554] Load DDS texture: Squad/Spaces/landerCabinInternals/model002
[LOG 18:33:23.556] Load DDS texture: Squad/Spaces/landerCabinInternals/model003
[LOG 18:33:23.567] Load DDS texture: Squad/Spaces/landerCabinInternals/model004
[LOG 18:33:23.568] Load DDS texture: Squad/Spaces/landerCabinInternals/model005
[LOG 18:33:23.568] Load DDS texture: Squad/Spaces/landerCabinInternals/model006
[LOG 18:33:23.569] Load DDS texture: Squad/Spaces/landerCabinInternals/model007
[LOG 18:33:23.570] Load DDS texture: Squad/Spaces/landerCabinSmallInternal/ksp_s_landerCan_internal_diff
[LOG 18:33:23.576] Load DDS texture: Squad/Spaces/landerCabinSmallInternal/ksp_s_landerCan_internal_normal
[LOG 18:33:23.590] Load DDS texture: Squad/Spaces/landerCabinSmallInternal/ksp_s_landerCan_internal_window_alpha
[LOG 18:33:23.593] Load DDS texture: Squad/Spaces/landerCabinSmallInternal/pilot Seat
[LOG 18:33:23.595] Load DDS texture: Squad/Spaces/LargeCrewedLabInternals/Glass
[LOG 18:33:23.595] Load DDS texture: Squad/Spaces/LargeCrewedLabInternals/MPL_Int
[LOG 18:33:23.604] Load DDS texture: Squad/Spaces/LargeCrewedLabInternals/MPL_Int_n_NRM
[LOG 18:33:23.604] Load DDS texture: Squad/Spaces/Mk1-3/Mk1_3_IvaProps_Diffuse
[LOG 18:33:23.610] Load DDS texture: Squad/Spaces/Mk1-3/Mk1_3_IvaProps_Normal
[LOG 18:33:23.618] Load DDS texture: Squad/Spaces/Mk1-3/Mk1_3_IvaShell_Diffuse
[LOG 18:33:23.624] Load DDS texture: Squad/Spaces/Mk1-3/Mk1_3_IvaShell_Emissive
[LOG 18:33:23.631] Load DDS texture: Squad/Spaces/Mk1-3/Mk1_3_IvaShell_Normal
[LOG 18:33:23.641] Load DDS texture: Squad/Spaces/Mk1-3/pilot Seat
[LOG 18:33:23.642] Load DDS texture: Squad/Spaces/mk1CabinInternal/Cabin_Lightmap
[LOG 18:33:23.642] Load DDS texture: Squad/Spaces/mk1CabinInternal/CockpitGeneric
[LOG 18:33:23.642] Load DDS texture: Squad/Spaces/mk1CabinInternal/CockpitGeneric_NRM
[LOG 18:33:23.642] Load DDS texture: Squad/Spaces/mk1CockpitInternal/CockpitGeneric
[LOG 18:33:23.642] Load DDS texture: Squad/Spaces/mk1CockpitInternal/CockpitGeneric_NRM
[LOG 18:33:23.644] Load DDS texture: Squad/Spaces/mk1CockpitInternal/IVAMAP
[LOG 18:33:23.644] Load DDS texture: Squad/Spaces/mk1CockpitInternal/Windows
[LOG 18:33:23.644] Load DDS texture: Squad/Spaces/mk1InlineInternal/Canopy
[LOG 18:33:23.645] Load DDS texture: Squad/Spaces/mk1InlineInternal/CockpitGeneric
[LOG 18:33:23.645] Load DDS texture: Squad/Spaces/mk1InlineInternal/CockpitGeneric_NRM
[LOG 18:33:23.646] Load DDS texture: Squad/Spaces/mk1InlineInternal/Mk1Inline_Lightmap
[LOG 18:33:23.646] Load DDS texture: Squad/Spaces/mk1PodCockpit/model000
[LOG 18:33:23.647] Load DDS texture: Squad/Spaces/mk1PodCockpit/model001
[LOG 18:33:23.648] Load DDS texture: Squad/Spaces/mk1PodCockpit/model002
[LOG 18:33:23.649] Load DDS texture: Squad/Spaces/mk1PodCockpit/model003
[LOG 18:33:23.650] Load DDS texture: Squad/Spaces/mk1PodCockpit/model004
[LOG 18:33:23.653] Load DDS texture: Squad/Spaces/mk1PodCockpit/model005
[LOG 18:33:23.653] Load DDS texture: Squad/Spaces/mk1PodCockpit/model006
[LOG 18:33:23.654] Load DDS texture: Squad/Spaces/mk1PodCockpit/model007
[LOG 18:33:23.655] Load DDS texture: Squad/Spaces/mk1pod_IVA/mk1pod_iva_props_diffuse
[LOG 18:33:23.664] Load DDS texture: Squad/Spaces/mk1pod_IVA/mk1pod_iva_props_emissive
[LOG 18:33:23.665] Load DDS texture: Squad/Spaces/mk1pod_IVA/mk1pod_iva_props_normal
[LOG 18:33:23.675] Load DDS texture: Squad/Spaces/mk1pod_IVA/mk1pod_iva_shell_diffuse
[LOG 18:33:23.683] Load DDS texture: Squad/Spaces/mk1pod_IVA/mk1pod_iva_shell_normal
[LOG 18:33:23.691] Load MBM texture: Squad/Spaces/mk1pod_IVA/pilot Seat
[LOG 18:33:23.758] Load DDS texture: Squad/Spaces/mk2CockpitStandardInternal/CargoBagA
[LOG 18:33:23.759] Load DDS texture: Squad/Spaces/mk2CockpitStandardInternal/Mk2StandardIVA
[LOG 18:33:23.759] Load DDS texture: Squad/Spaces/mk2CockpitStandardInternal/Pilotseat
[LOG 18:33:23.759] Load DDS texture: Squad/Spaces/mk2CockpitStandardInternal/Windows
[LOG 18:33:23.760] Load DDS texture: Squad/Spaces/Mk2CrewCabinInternal/CargoBagA
[LOG 18:33:23.760] Load DDS texture: Squad/Spaces/Mk2CrewCabinInternal/Glass
[LOG 18:33:23.760] Load DDS texture: Squad/Spaces/Mk2CrewCabinInternal/Mk2StandardIVA
[LOG 18:33:23.760] Load DDS texture: Squad/Spaces/Mk2CrewCabinInternal/Pilotseat
[LOG 18:33:23.760] Load DDS texture: Squad/Spaces/mk2InlineInternal/CockpitGeneric
[LOG 18:33:23.761] Load DDS texture: Squad/Spaces/mk2InlineInternal/CockpitGeneric_NRM
[LOG 18:33:23.762] Load DDS texture: Squad/Spaces/mk2InlineInternal/Mk2InlineLightmap
[LOG 18:33:23.762] Load DDS texture: Squad/Spaces/mk2InlineInternal/propsGeneric
[LOG 18:33:23.763] Load DDS texture: Squad/Spaces/mk2LanderCanInternal/mk2LanderCan_props_diffuse
[LOG 18:33:23.771] Load DDS texture: Squad/Spaces/mk2LanderCanInternal/mk2LanderCan_props_normal
[LOG 18:33:23.778] Load DDS texture: Squad/Spaces/mk2LanderCanInternal/mk2LanderCan_shell_diffuse
[LOG 18:33:23.784] Load DDS texture: Squad/Spaces/mk2LanderCanInternal/mk2LanderCan_shell_normal
[LOG 18:33:23.791] Load MBM texture: Squad/Spaces/mk2LanderCanInternal/pilot Seat
[LOG 18:33:23.833] Load DDS texture: Squad/Spaces/MK3CockpitInternal/Glass
[LOG 18:33:23.833] Load DDS texture: Squad/Spaces/MK3CockpitInternal/Mk2StandardIVA
[LOG 18:33:23.833] Load DDS texture: Squad/Spaces/MK3_CrewCab_Int/Glass
[LOG 18:33:23.834] Load DDS texture: Squad/Spaces/MK3_CrewCab_Int/GlassMK3CC
[LOG 18:33:23.834] Load DDS texture: Squad/Spaces/MK3_CrewCab_Int/Mk2StandardIVA
[LOG 18:33:23.834] Load DDS texture: Squad/Spaces/MK3_CrewCab_Int/MK3_CrewCab_Int
[LOG 18:33:23.835] Load DDS texture: Squad/Spaces/MK3_CrewCab_Int/MK3_CrewCab_Int_n
[LOG 18:33:23.835] Load DDS texture: Squad/Spaces/MK3_CrewCab_Int/Pilotseat
[LOG 18:33:23.835] Load DDS texture: Squad/Spaces/Placeholder/PlaceholderIVA
[LOG 18:33:23.835] Load DDS texture: Squad/Spaces/PodCockpit/model000
[LOG 18:33:23.836] Load DDS texture: Squad/Spaces/PodCockpit/model001
[LOG 18:33:23.836] Load DDS texture: Squad/Spaces/PodCockpit/model002
[LOG 18:33:23.837] Load DDS texture: Squad/Spaces/PodCockpit/model003
[LOG 18:33:23.838] Load DDS texture: Squad/Spaces/PodCockpit/model004
[LOG 18:33:23.839] Load DDS texture: Squad/Spaces/PodCockpit/model005
[LOG 18:33:23.840] Load DDS texture: Squad/Spaces/PodCockpit/model006
[LOG 18:33:23.840] Load DDS texture: Squad/Spaces/PodCockpit/model007
[LOG 18:33:23.842] Load DDS texture: Squad/Spaces/sharedAssets/CockpitGeneric
[LOG 18:33:23.843] Load DDS texture: Squad/Spaces/sharedAssets/CockpitGeneric_NRM
[LOG 18:33:23.844] Load Cached PNG Texture: Squad/Strategies/Icons/AggressiveNegotiations
[LOG 18:33:23.844] Load Cached PNG Texture: Squad/Strategies/Icons/AppreciationCampaign
[LOG 18:33:23.844] Load Cached PNG Texture: Squad/Strategies/Icons/BailOutGrant
[LOG 18:33:23.844] Load Cached PNG Texture: Squad/Strategies/Icons/FundraisingCampaign
[LOG 18:33:23.844] Load Cached PNG Texture: Squad/Strategies/Icons/LeadershipInitiative
[LOG 18:33:23.844] Load Cached PNG Texture: Squad/Strategies/Icons/OpenSourceTechProgram
[LOG 18:33:23.845] Load Cached PNG Texture: Squad/Strategies/Icons/OutsourcedResearch
[LOG 18:33:23.845] Load Cached PNG Texture: Squad/Strategies/Icons/PatentsLicensing
[LOG 18:33:23.845] Load Cached PNG Texture: Squad/Strategies/Icons/RecoveryTransponderFitting
[LOG 18:33:23.845] Load Cached PNG Texture: Squad/Strategies/Icons/ResearchRightsSellOut
[LOG 18:33:23.845] Load Cached PNG Texture: Squad/Strategies/Icons/UnpaidResearchProgram
[LOG 18:33:23.845] Load Cached PNG Texture: Squad/Tutorials/ChuteColors
[LOG 18:33:23.845] Load DDS texture: Squad/Tutorials/EditorCoM
[LOG 18:33:23.845] Load Cached PNG Texture: Squad/Tutorials/EditorSnap
[LOG 18:33:23.845] Load Cached PNG Texture: Squad/Tutorials/EditorSnap4x
[LOG 18:33:23.845] Load Cached PNG Texture: Squad/Tutorials/EditorSymm
[LOG 18:33:23.845] Load Cached PNG Texture: Squad/Tutorials/StagingStack
[LOG 18:33:23.845] Load PNG texture: Squad/Tutorials/YPRDiagram
[WRN 18:33:23.847] Texture isn't eligible for DXT compression, width and height must be multiples of 4
[LOG 18:33:23.848] Load Cached PNG Texture: SquadExpansion/MakingHistory/Banners/Fail/default
[LOG 18:33:23.849] Load Cached PNG Texture: SquadExpansion/MakingHistory/Banners/Fail/fail01
[LOG 18:33:23.849] Load Cached PNG Texture: SquadExpansion/MakingHistory/Banners/Fail/fail02
[LOG 18:33:23.849] Load PNG texture: SquadExpansion/MakingHistory/Banners/Menu/default
[WRN 18:33:23.853] Texture isn't eligible for DXT compression, width and height must be multiples of 4
[LOG 18:33:23.854] Load PNG texture: SquadExpansion/MakingHistory/Banners/Menu/MBanner_01
[WRN 18:33:23.858] Texture isn't eligible for DXT compression, width and height must be multiples of 4
[LOG 18:33:23.858] Load PNG texture: SquadExpansion/MakingHistory/Banners/Menu/MBanner_02
[WRN 18:33:23.862] Texture isn't eligible for DXT compression, width and height must be multiples of 4
[LOG 18:33:23.862] Load PNG texture: SquadExpansion/MakingHistory/Banners/Menu/MBanner_03
[WRN 18:33:23.866] Texture isn't eligible for DXT compression, width and height must be multiples of 4
[LOG 18:33:23.867] Load Cached PNG Texture: SquadExpansion/MakingHistory/Banners/Success/default
[LOG 18:33:23.870] Load Cached PNG Texture: SquadExpansion/MakingHistory/Banners/Success/success01
[LOG 18:33:23.870] Load Cached PNG Texture: SquadExpansion/MakingHistory/Banners/Success/success02
[LOG 18:33:23.870] Load Cached PNG Texture: SquadExpansion/MakingHistory/Missions/Acapello 13/Banners/Fail/fail01
[LOG 18:33:23.870] Load PNG texture: SquadExpansion/MakingHistory/Missions/Acapello 13/Banners/Menu/Mun
[WRN 18:33:23.874] Texture isn't eligible for DXT compression, width and height must be multiples of 4
[LOG 18:33:23.874] Load Cached PNG Texture: SquadExpansion/MakingHistory/Missions/Acapello 13/Banners/Success/success01
[LOG 18:33:23.874] Load Cached PNG Texture: SquadExpansion/MakingHistory/Missions/Acapello 15/Banners/Fail/default
[LOG 18:33:23.874] Load Cached PNG Texture: SquadExpansion/MakingHistory/Missions/Acapello 15/Banners/Fail/fail02
[LOG 18:33:23.874] Load PNG texture: SquadExpansion/MakingHistory/Missions/Acapello 15/Banners/Menu/default
[WRN 18:33:23.877] Texture isn't eligible for DXT compression, width and height must be multiples of 4
[LOG 18:33:23.877] Load Cached PNG Texture: SquadExpansion/MakingHistory/Missions/Acapello 15/Banners/Success/default
[LOG 18:33:23.877] Load Cached PNG Texture: SquadExpansion/MakingHistory/Missions/Blue Mun/Banners/Fail/fail01
[LOG 18:33:23.877] Load PNG texture: SquadExpansion/MakingHistory/Missions/Blue Mun/Banners/Menu/default
[WRN 18:33:23.880] Texture isn't eligible for DXT compression, width and height must be multiples of 4
[LOG 18:33:23.880] Load Cached PNG Texture: SquadExpansion/MakingHistory/Missions/Blue Mun/Banners/Success/success02
[LOG 18:33:23.880] Load Cached PNG Texture: SquadExpansion/MakingHistory/Missions/Dawn of the Space Age/Banners/Fail/default
[LOG 18:33:23.880] Load PNG texture: SquadExpansion/MakingHistory/Missions/Dawn of the Space Age/Banners/Menu/default
[WRN 18:33:23.883] Texture isn't eligible for DXT compression, width and height must be multiples of 4
[LOG 18:33:23.883] Load Cached PNG Texture: SquadExpansion/MakingHistory/Missions/Dawn of the Space Age/Banners/Success/default
[LOG 18:33:23.883] Load Cached PNG Texture: SquadExpansion/MakingHistory/Missions/Meet Me in Zero G/Banners/Fail/default
[LOG 18:33:23.884] Load Cached PNG Texture: SquadExpansion/MakingHistory/Missions/Meet Me in Zero G/Banners/Fail/fail01
[LOG 18:33:23.884] Load PNG texture: SquadExpansion/MakingHistory/Missions/Meet Me in Zero G/Banners/Menu/default
[WRN 18:33:23.886] Texture isn't eligible for DXT compression, width and height must be multiples of 4
[LOG 18:33:23.886] Load Cached PNG Texture: SquadExpansion/MakingHistory/Missions/Meet Me in Zero G/Banners/Success/default
[LOG 18:33:23.886] Load Cached PNG Texture: SquadExpansion/MakingHistory/Missions/Meet Me in Zero G/Banners/Success/success02
[LOG 18:33:23.886] Load Cached PNG Texture: SquadExpansion/MakingHistory/Missions/Munar 1/Banners/Fail/default
[LOG 18:33:23.886] Load Cached PNG Texture: SquadExpansion/MakingHistory/Missions/Munar 1/Banners/Fail/fail02
[LOG 18:33:23.886] Load PNG texture: SquadExpansion/MakingHistory/Missions/Munar 1/Banners/Menu/default
[WRN 18:33:23.889] Texture isn't eligible for DXT compression, width and height must be multiples of 4
[LOG 18:33:23.889] Load Cached PNG Texture: SquadExpansion/MakingHistory/Missions/Munar 1/Banners/Success/default
[LOG 18:33:23.890] Load Cached PNG Texture: SquadExpansion/MakingHistory/Missions/Munar 1/Banners/Success/success01
[LOG 18:33:23.890] Load Cached PNG Texture: SquadExpansion/MakingHistory/Missions/Sally-Hut 1/Banners/Fail/default
[LOG 18:33:23.890] Load Cached PNG Texture: SquadExpansion/MakingHistory/Missions/Sally-Hut 1/Banners/Fail/fail01
[LOG 18:33:23.890] Load Cached PNG Texture: SquadExpansion/MakingHistory/Missions/Sally-Hut 1/Banners/Menu/bannerSatellite
[LOG 18:33:23.890] Load Cached PNG Texture: SquadExpansion/MakingHistory/Missions/Sally-Hut 1/Banners/Success/default
[LOG 18:33:23.890] Load Cached PNG Texture: SquadExpansion/MakingHistory/Missions/Sally-Hut 1/Banners/Success/success02
[LOG 18:33:23.890] Load Cached PNG Texture: SquadExpansion/MakingHistory/Missions/To the Mun Via Minmus/Banners/Fail/fail02
[LOG 18:33:23.890] Load PNG texture: SquadExpansion/MakingHistory/Missions/To the Mun Via Minmus/Banners/Menu/MissionBannerKerbin
[WRN 18:33:23.894] Texture isn't eligible for DXT compression, width and height must be multiples of 4
[LOG 18:33:23.894] Load Cached PNG Texture: SquadExpansion/MakingHistory/Missions/To the Mun Via Minmus/Banners/Success/success01
[LOG 18:33:23.894] Load Cached PNG Texture: SquadExpansion/MakingHistory/Missions/Trouble in the Void/Banners/Fail/fail01
[LOG 18:33:23.894] Load PNG texture: SquadExpansion/MakingHistory/Missions/Trouble in the Void/Banners/Menu/default
[WRN 18:33:23.896] Texture isn't eligible for DXT compression, width and height must be multiples of 4
[LOG 18:33:23.896] Load Cached PNG Texture: SquadExpansion/MakingHistory/Missions/Trouble in the Void/Banners/Success/success02
[LOG 18:33:23.896] Load Cached PNG Texture: SquadExpansion/MakingHistory/Missions/Ziggy Kerman and the Spiders from Duna/Banners/Fail/fail02
[LOG 18:33:23.897] Load Cached PNG Texture: SquadExpansion/MakingHistory/Missions/Ziggy Kerman and the Spiders from Duna/Banners/Menu/bannerSatellite
[LOG 18:33:23.897] Load Cached PNG Texture: SquadExpansion/MakingHistory/Missions/Ziggy Kerman and the Spiders from Duna/Banners/Success/success01
[LOG 18:33:23.897] Load Cached PNG Texture: SquadExpansion/MakingHistory/Parts/@thumbs/Decoupler.1p5_icon0
[LOG 18:33:23.897] Load Cached PNG Texture: SquadExpansion/MakingHistory/Parts/@thumbs/Decoupler.1p5_icon1
[LOG 18:33:23.897] Load Cached PNG Texture: SquadExpansion/MakingHistory/Parts/@thumbs/EquiTriangle0_icon0
[LOG 18:33:23.897] Load Cached PNG Texture: SquadExpansion/MakingHistory/Parts/@thumbs/EquiTriangle0_icon1
[LOG 18:33:23.897] Load Cached PNG Texture: SquadExpansion/MakingHistory/Parts/@thumbs/EquiTriangle0_icon2
[LOG 18:33:23.897] Load Cached PNG Texture: SquadExpansion/MakingHistory/Parts/@thumbs/EquiTriangle0_icon3
[LOG 18:33:23.897] Load Cached PNG Texture: SquadExpansion/MakingHistory/Parts/@thumbs/EquiTriangle1p5_icon0
[LOG 18:33:23.897] Load Cached PNG Texture: SquadExpansion/MakingHistory/Parts/@thumbs/EquiTriangle1p5_icon1
[LOG 18:33:23.898] Load Cached PNG Texture: SquadExpansion/MakingHistory/Parts/@thumbs/EquiTriangle1p5_icon2
[LOG 18:33:23.898] Load Cached PNG Texture: SquadExpansion/MakingHistory/Parts/@thumbs/EquiTriangle1p5_icon3
[LOG 18:33:23.898] Load Cached PNG Texture: SquadExpansion/MakingHistory/Parts/@thumbs/EquiTriangle1_icon0
[LOG 18:33:23.898] Load Cached PNG Texture: SquadExpansion/MakingHistory/Parts/@thumbs/EquiTriangle1_icon1
[LOG 18:33:23.898] Load Cached PNG Texture: SquadExpansion/MakingHistory/Parts/@thumbs/EquiTriangle1_icon2
[LOG 18:33:23.898] Load Cached PNG Texture: SquadExpansion/MakingHistory/Parts/@thumbs/EquiTriangle1_icon3
[LOG 18:33:23.898] Load Cached PNG Texture: SquadExpansion/MakingHistory/Parts/@thumbs/EquiTriangle2_icon0
[LOG 18:33:23.898] Load Cached PNG Texture: SquadExpansion/MakingHistory/Parts/@thumbs/EquiTriangle2_icon1
[LOG 18:33:23.901] Load Cached PNG Texture: SquadExpansion/MakingHistory/Parts/@thumbs/EquiTriangle2_icon2
[LOG 18:33:23.901] Load Cached PNG Texture: SquadExpansion/MakingHistory/Parts/@thumbs/EquiTriangle2_icon3
[LOG 18:33:23.902] Load Cached PNG Texture: SquadExpansion/MakingHistory/Parts/@thumbs/HeatShield1p5_icon
[LOG 18:33:23.902] Load Cached PNG Texture: SquadExpansion/MakingHistory/Parts/@thumbs/InflatableAirlock_icon
[LOG 18:33:23.902] Load Cached PNG Texture: SquadExpansion/MakingHistory/Parts/@thumbs/LiquidEngineRV-1_icon
[LOG 18:33:23.902] Load Cached PNG Texture: SquadExpansion/MakingHistory/Parts/@thumbs/monopropMiniSphere_icon
[LOG 18:33:23.902] Load Cached PNG Texture: SquadExpansion/MakingHistory/Parts/@thumbs/Panel0_icon0
[LOG 18:33:23.902] Load Cached PNG Texture: SquadExpansion/MakingHistory/Parts/@thumbs/Panel0_icon1
[LOG 18:33:23.902] Load Cached PNG Texture: SquadExpansion/MakingHistory/Parts/@thumbs/Panel0_icon2
[LOG 18:33:23.902] Load Cached PNG Texture: SquadExpansion/MakingHistory/Parts/@thumbs/Panel0_icon3
[LOG 18:33:23.903] Load Cached PNG Texture: SquadExpansion/MakingHistory/Parts/@thumbs/Panel1p5_icon0
[LOG 18:33:23.903] Load Cached PNG Texture: SquadExpansion/MakingHistory/Parts/@thumbs/Panel1p5_icon1
[LOG 18:33:23.903] Load Cached PNG Texture: SquadExpansion/MakingHistory/Parts/@thumbs/Panel1p5_icon2
[LOG 18:33:23.903] Load Cached PNG Texture: SquadExpansion/MakingHistory/Parts/@thumbs/Panel1p5_icon3
[LOG 18:33:23.903] Load Cached PNG Texture: SquadExpansion/MakingHistory/Parts/@thumbs/Panel1_icon0
[LOG 18:33:23.903] Load Cached PNG Texture: SquadExpansion/MakingHistory/Parts/@thumbs/Panel1_icon1
[LOG 18:33:23.903] Load Cached PNG Texture: SquadExpansion/MakingHistory/Parts/@thumbs/Panel1_icon2
[LOG 18:33:23.906] Load Cached PNG Texture: SquadExpansion/MakingHistory/Parts/@thumbs/Panel1_icon3
[LOG 18:33:23.906] Load Cached PNG Texture: SquadExpansion/MakingHistory/Parts/@thumbs/roverWheelM1-F_icon0
[LOG 18:33:23.906] Load Cached PNG Texture: SquadExpansion/MakingHistory/Parts/@thumbs/roverWheelM1-F_icon1
[LOG 18:33:23.906] Load Cached PNG Texture: SquadExpansion/MakingHistory/Parts/@thumbs/Separator.1p5_icon0
[LOG 18:33:23.906] Load Cached PNG Texture: SquadExpansion/MakingHistory/Parts/@thumbs/Separator.1p5_icon1
[LOG 18:33:23.906] Load Cached PNG Texture: SquadExpansion/MakingHistory/Parts/@thumbs/Size1p5.Strut.Decoupler_icon0
[LOG 18:33:23.906] Load Cached PNG Texture: SquadExpansion/MakingHistory/Parts/@thumbs/Size1p5.Strut.Decoupler_icon1
[LOG 18:33:23.906] Load Cached PNG Texture: SquadExpansion/MakingHistory/Parts/@thumbs/Size1to0ServiceModule_icon
[LOG 18:33:23.906] Load Cached PNG Texture: SquadExpansion/MakingHistory/Parts/@thumbs/Triangle0_icon0
[LOG 18:33:23.906] Load Cached PNG Texture: SquadExpansion/MakingHistory/Parts/@thumbs/Triangle0_icon1
[LOG 18:33:23.907] Load Cached PNG Texture: SquadExpansion/MakingHistory/Parts/@thumbs/Triangle0_icon2
[LOG 18:33:23.907] Load Cached PNG Texture: SquadExpansion/MakingHistory/Parts/@thumbs/Triangle0_icon3
[LOG 18:33:23.907] Load Cached PNG Texture: SquadExpansion/MakingHistory/Parts/@thumbs/Triangle1p5_icon0
[LOG 18:33:23.907] Load Cached PNG Texture: SquadExpansion/MakingHistory/Parts/@thumbs/Triangle1p5_icon1
[LOG 18:33:23.907] Load Cached PNG Texture: SquadExpansion/MakingHistory/Parts/@thumbs/Triangle1p5_icon2
[LOG 18:33:23.907] Load Cached PNG Texture: SquadExpansion/MakingHistory/Parts/@thumbs/Triangle1p5_icon3
[LOG 18:33:23.907] Load Cached PNG Texture: SquadExpansion/MakingHistory/Parts/@thumbs/Triangle1_icon0
[LOG 18:33:23.907] Load Cached PNG Texture: SquadExpansion/MakingHistory/Parts/@thumbs/Triangle1_icon1
[LOG 18:33:23.907] Load Cached PNG Texture: SquadExpansion/MakingHistory/Parts/@thumbs/Triangle1_icon2
[LOG 18:33:23.907] Load Cached PNG Texture: SquadExpansion/MakingHistory/Parts/@thumbs/Triangle1_icon3
[LOG 18:33:23.907] Load Cached PNG Texture: SquadExpansion/MakingHistory/Parts/@thumbs/Triangle2_icon0
[LOG 18:33:23.908] Load Cached PNG Texture: SquadExpansion/MakingHistory/Parts/@thumbs/Triangle2_icon1
[LOG 18:33:23.908] Load Cached PNG Texture: SquadExpansion/MakingHistory/Parts/@thumbs/Triangle2_icon2
[LOG 18:33:23.908] Load Cached PNG Texture: SquadExpansion/MakingHistory/Parts/@thumbs/Triangle2_icon3
[LOG 18:33:23.908] Load Cached PNG Texture: SquadExpansion/MakingHistory/Parts/@thumbs/Tube1_icon0
[LOG 18:33:23.908] Load Cached PNG Texture: SquadExpansion/MakingHistory/Parts/@thumbs/Tube1_icon1
[LOG 18:33:23.908] Load Cached PNG Texture: SquadExpansion/MakingHistory/Parts/@thumbs/Tube1_icon2
[LOG 18:33:23.908] Load Cached PNG Texture: SquadExpansion/MakingHistory/Parts/@thumbs/Tube1_icon3
[LOG 18:33:23.908] Load Cached PNG Texture: SquadExpansion/MakingHistory/Parts/@thumbs/Tube1_icon4
[LOG 18:33:23.908] Load Cached PNG Texture: SquadExpansion/MakingHistory/Parts/Aero/protectiveRocketNoseMk5A/s1p5_cone
[LOG 18:33:23.909] Load Cached PNG Texture: SquadExpansion/MakingHistory/Parts/Aero/protectiveRocketNoseMk5A/s1p5_cone_Orange
[LOG 18:33:23.909] Load DDS texture: SquadExpansion/MakingHistory/Parts/Coupling/Assets/airlock
[LOG 18:33:23.910] Load DDS texture: SquadExpansion/MakingHistory/Parts/Coupling/Assets/airlock_N
[LOG 18:33:23.910] Load DDS texture: SquadExpansion/MakingHistory/Parts/Coupling/Assets/EnginePlate
[LOG 18:33:23.910] Load DDS texture: SquadExpansion/MakingHistory/Parts/Coupling/Assets/Size1_5_Decoupler_grey
[LOG 18:33:23.911] Load DDS texture: SquadExpansion/MakingHistory/Parts/Coupling/Assets/Size1_5_Decoupler_orange
[LOG 18:33:23.911] Load DDS texture: SquadExpansion/MakingHistory/Parts/Engine/Assets/KE-1
[LOG 18:33:23.911] Load DDS texture: SquadExpansion/MakingHistory/Parts/Engine/Assets/KE-1_BASE
[LOG 18:33:23.912] Load DDS texture: SquadExpansion/MakingHistory/Parts/Engine/Assets/LV-T87
[LOG 18:33:23.913] Load DDS texture: SquadExpansion/MakingHistory/Parts/Engine/Assets/LV-T91
[LOG 18:33:23.916] Load DDS texture: SquadExpansion/MakingHistory/Parts/Engine/Assets/RE-I2
[LOG 18:33:23.917] Load DDS texture: SquadExpansion/MakingHistory/Parts/Engine/Assets/RE-J10
[LOG 18:33:23.919] Load DDS texture: SquadExpansion/MakingHistory/Parts/Engine/Assets/RE-J10_N
[LOG 18:33:23.919] Load DDS texture: SquadExpansion/MakingHistory/Parts/Engine/Assets/RK-7
[LOG 18:33:23.922] Load DDS texture: SquadExpansion/MakingHistory/Parts/Engine/Assets/RK-7_N
[LOG 18:33:23.922] Load DDS texture: SquadExpansion/MakingHistory/Parts/Engine/solidBoosterTHK/SolidBoosterS2-17_emissive
[LOG 18:33:23.930] Load DDS texture: SquadExpansion/MakingHistory/Parts/Engine/solidBoosterTHK/solidBoosterTHK_diffuse
[LOG 18:33:23.941] Load DDS texture: SquadExpansion/MakingHistory/Parts/FuelTank/Assets/Size1p5_02
[LOG 18:33:23.941] Load DDS texture: SquadExpansion/MakingHistory/Parts/FuelTank/Assets/Size1p5_02_ALT01
[LOG 18:33:23.942] Load DDS texture: SquadExpansion/MakingHistory/Parts/FuelTank/Assets/Size1p5_02_ALT02
[LOG 18:33:23.943] Load DDS texture: SquadExpansion/MakingHistory/Parts/FuelTank/Assets/Size1p5_02_ALT02_normal
[LOG 18:33:23.943] Load DDS texture: SquadExpansion/MakingHistory/Parts/FuelTank/Assets/Size1p5_mono
[LOG 18:33:23.944] Load DDS texture: SquadExpansion/MakingHistory/Parts/FuelTank/Assets/Size1p5_mono_2
[LOG 18:33:23.945] Load DDS texture: SquadExpansion/MakingHistory/Parts/FuelTank/Assets/Size1p5_mono_N
[LOG 18:33:23.947] Load DDS texture: SquadExpansion/MakingHistory/Parts/FuelTank/Assets/Size1_5_TankAdapters
[LOG 18:33:23.947] Load DDS texture: SquadExpansion/MakingHistory/Parts/FuelTank/Assets/Size1_5_TankAdapters_ALT01
[LOG 18:33:23.948] Load DDS texture: SquadExpansion/MakingHistory/Parts/FuelTank/Assets/Size1_5_TankAdapters_ALT02
[LOG 18:33:23.950] Load DDS texture: SquadExpansion/MakingHistory/Parts/FuelTank/Assets/Size1_5_TankAdapters_ALT02nm
[LOG 18:33:23.950] Load DDS texture: SquadExpansion/MakingHistory/Parts/FuelTank/Assets/Size1_5_TankAdapters_N
[LOG 18:33:23.952] Load DDS texture: SquadExpansion/MakingHistory/Parts/FuelTank/Assets/Size1_5_Tanks
[LOG 18:33:23.953] Load DDS texture: SquadExpansion/MakingHistory/Parts/FuelTank/Assets/Size1_5_Tanks_ALT02
[LOG 18:33:23.954] Load DDS texture: SquadExpansion/MakingHistory/Parts/FuelTank/Assets/Size1_5_Tanks_ALT02_nm
[LOG 18:33:23.956] Load DDS texture: SquadExpansion/MakingHistory/Parts/FuelTank/Assets/Size1_5_Tanks_grey
[LOG 18:33:23.956] Load DDS texture: SquadExpansion/MakingHistory/Parts/FuelTank/Assets/Size4_Tanks
[LOG 18:33:23.963] Load DDS texture: SquadExpansion/MakingHistory/Parts/FuelTank/Assets/Size4_Tanks_N
[LOG 18:33:23.971] Load DDS texture: SquadExpansion/MakingHistory/Parts/Ground/Assets/RoverWheel
[LOG 18:33:23.972] Load DDS texture: SquadExpansion/MakingHistory/Parts/Ground/Assets/RoverWheelG
[LOG 18:33:23.972] Load DDS texture: SquadExpansion/MakingHistory/Parts/Payload/Assets/Size1to0ServiceBay
[LOG 18:33:23.973] Load DDS texture: SquadExpansion/MakingHistory/Parts/Payload/Assets/Size1to0ServiceBay_n
[LOG 18:33:23.979] Load DDS texture: SquadExpansion/MakingHistory/Parts/Payload/Assets/SM18_diffuse
[LOG 18:33:23.984] Load Cached PNG Texture: SquadExpansion/MakingHistory/Parts/Payload/Assets/SM18_NRM
[LOG 18:33:23.991] Load DDS texture: SquadExpansion/MakingHistory/Parts/Payload/Assets/SM18_specular
[LOG 18:33:23.997] Load DDS texture: SquadExpansion/MakingHistory/Parts/Payload/Assets/SM25_diffuse
[LOG 18:33:24.006] Load DDS texture: SquadExpansion/MakingHistory/Parts/Payload/Assets/SM25_normals
[LOG 18:33:24.007] Load DDS texture: SquadExpansion/MakingHistory/Parts/Pods/Assets/KV1
[LOG 18:33:24.008] Load DDS texture: SquadExpansion/MakingHistory/Parts/Pods/Assets/KV1_GLOW
[LOG 18:33:24.009] Load DDS texture: SquadExpansion/MakingHistory/Parts/Pods/Assets/KV2
[LOG 18:33:24.010] Load DDS texture: SquadExpansion/MakingHistory/Parts/Pods/Assets/KV3
[LOG 18:33:24.011] Load DDS texture: SquadExpansion/MakingHistory/Parts/Pods/Assets/Mk2Pod
[LOG 18:33:24.013] Load DDS texture: SquadExpansion/MakingHistory/Parts/Pods/Assets/Mk2Pod_GLOW
[LOG 18:33:24.014] Load DDS texture: SquadExpansion/MakingHistory/Parts/Pods/Assets/Mk2Pod_n
[LOG 18:33:24.016] Load DDS texture: SquadExpansion/MakingHistory/Parts/Pods/Assets/Size1_5_Lander
[LOG 18:33:24.017] Load DDS texture: SquadExpansion/MakingHistory/Parts/Pods/Assets/Size1_5_Lander_GLOW
[LOG 18:33:24.017] Load DDS texture: SquadExpansion/MakingHistory/Parts/SharedAssets/Shrouds
[LOG 18:33:24.020] Load DDS texture: SquadExpansion/MakingHistory/Parts/SharedAssets/Shrouds_N
[LOG 18:33:24.021] Load DDS texture: SquadExpansion/MakingHistory/Parts/Structural/Assets/NormalMap
[LOG 18:33:24.025] Load DDS texture: SquadExpansion/MakingHistory/Parts/Structural/Assets/Panels
[LOG 18:33:24.029] Load DDS texture: SquadExpansion/MakingHistory/Parts/Structural/Assets/Panels_Dark_D
[LOG 18:33:24.032] Load DDS texture: SquadExpansion/MakingHistory/Parts/Structural/Assets/Panels_Gold_D
[LOG 18:33:24.035] Load Cached PNG Texture: SquadExpansion/MakingHistory/Parts/Structural/Assets/Panels_Gold_NRM
[LOG 18:33:24.038] Load DDS texture: SquadExpansion/MakingHistory/Parts/Structural/Assets/Panels_Gold_S
[LOG 18:33:24.046] Load DDS texture: SquadExpansion/MakingHistory/Parts/Structural/Assets/Panels_Silver_D
[LOG 18:33:24.048] Load DDS texture: SquadExpansion/MakingHistory/Parts/Structural/Assets/Panels_Silver_S
[LOG 18:33:24.051] Load Cached PNG Texture: SquadExpansion/MakingHistory/Ships/@thumbs/VAB/Acapello
[LOG 18:33:24.051] Load Cached PNG Texture: SquadExpansion/MakingHistory/Ships/@thumbs/VAB/Beta Centaurus
[LOG 18:33:24.052] Load Cached PNG Texture: SquadExpansion/MakingHistory/Ships/@thumbs/VAB/Goliath II HLV
[LOG 18:33:24.052] Load Cached PNG Texture: SquadExpansion/MakingHistory/Ships/@thumbs/VAB/Muna 1
[LOG 18:33:24.052] Load Cached PNG Texture: SquadExpansion/MakingHistory/Ships/@thumbs/VAB/Sally-Hut 1
[LOG 18:33:24.052] Load Cached PNG Texture: SquadExpansion/MakingHistory/Ships/@thumbs/VAB/SWM-94 Communications Satellite
[LOG 18:33:24.053] Load Cached PNG Texture: SquadExpansion/MakingHistory/Ships/@thumbs/VAB/Valshkod 2
[LOG 18:33:24.053] Load DDS texture: SquadExpansion/MakingHistory/Spaces/KVPods/airlock
[LOG 18:33:24.053] Load DDS texture: SquadExpansion/MakingHistory/Spaces/KVPods/airlock_N
[LOG 18:33:24.053] Load DDS texture: SquadExpansion/MakingHistory/Spaces/KVPods/KV1_Props_Diffuse
[LOG 18:33:24.072] Load DDS texture: SquadExpansion/MakingHistory/Spaces/KVPods/KV1_Props_Normal
[LOG 18:33:24.080] Load DDS texture: SquadExpansion/MakingHistory/Spaces/KVPods/KV1_Shell_Diffuse
[LOG 18:33:24.086] Load DDS texture: SquadExpansion/MakingHistory/Spaces/KVPods/KV1_Shell_Emissive
[LOG 18:33:24.087] Load DDS texture: SquadExpansion/MakingHistory/Spaces/KVPods/KV1_Shell_Normal
[LOG 18:33:24.094] Load DDS texture: SquadExpansion/MakingHistory/Spaces/KVPods/KV1_Vzor_Diffuse
[LOG 18:33:24.095] Load DDS texture: SquadExpansion/MakingHistory/Spaces/KVPods/KV2_Props_Diffuse
[LOG 18:33:24.100] Load DDS texture: SquadExpansion/MakingHistory/Spaces/KVPods/KV2_Props_Emissive
[LOG 18:33:24.105] Load DDS texture: SquadExpansion/MakingHistory/Spaces/KVPods/KV2_Props_Normal
[LOG 18:33:24.115] Load DDS texture: SquadExpansion/MakingHistory/Spaces/KVPods/KV2_Shell_Diffuse
[LOG 18:33:24.121] Load DDS texture: SquadExpansion/MakingHistory/Spaces/KVPods/KV2_Shell_Normal
[LOG 18:33:24.127] Load DDS texture: SquadExpansion/MakingHistory/Spaces/KVPods/KV3_Props_Diffuse
[LOG 18:33:24.134] Load DDS texture: SquadExpansion/MakingHistory/Spaces/KVPods/KV3_Props_Normal
[LOG 18:33:24.138] Load DDS texture: SquadExpansion/MakingHistory/Spaces/KVPods/KV3_Shell_Diffuse
[LOG 18:33:24.142] Load DDS texture: SquadExpansion/MakingHistory/Spaces/KVPods/KV3_Shell_Normal
[LOG 18:33:24.149] Load DDS texture: SquadExpansion/MakingHistory/Spaces/KVPods/motor
[LOG 18:33:24.149] Load DDS texture: SquadExpansion/MakingHistory/Spaces/KVPods/pilot Seat
[LOG 18:33:24.150] Load DDS texture: SquadExpansion/MakingHistory/Spaces/MEM/PANELS_AO
[LOG 18:33:24.154] Load DDS texture: SquadExpansion/MakingHistory/Spaces/MEM/PANELS_EMISSIVE
[LOG 18:33:24.158] Load DDS texture: SquadExpansion/MakingHistory/Spaces/MEM/PANELS_NORMAL
[LOG 18:33:24.163] Load DDS texture: SquadExpansion/MakingHistory/Spaces/MEM/pilot Seat
[LOG 18:33:24.165] Load DDS texture: SquadExpansion/MakingHistory/Spaces/MEM/propsGeneric
[LOG 18:33:24.165] Load DDS texture: SquadExpansion/MakingHistory/Spaces/MEM/PROPS_AO
[LOG 18:33:24.169] Load DDS texture: SquadExpansion/MakingHistory/Spaces/MEM/PROPS_EMISSIVE
[LOG 18:33:24.170] Load DDS texture: SquadExpansion/MakingHistory/Spaces/MEM/PROPS_NORMAL
[LOG 18:33:24.174] Load DDS texture: SquadExpansion/MakingHistory/Spaces/Mk2Pod/DIfuse_controlboard
[LOG 18:33:24.186] Load DDS texture: SquadExpansion/MakingHistory/Spaces/Mk2Pod/Normal_controlbard
[LOG 18:33:24.192] Load DDS texture: SquadExpansion/MakingHistory/Spaces/Mk2Pod/Outershell_Base_Color
[LOG 18:33:24.201] Load DDS texture: SquadExpansion/MakingHistory/Spaces/Mk2Pod/Outershell_Normal
[LOG 18:33:24.207] Load DDS texture: SquadExpansion/MakingHistory/Spaces/Mk2Pod/pilot Seat
[LOG 18:33:24.209] Load Cached PNG Texture: SquadExpansion/Serenity/Parts/@thumbs/controller1000_icon
[LOG 18:33:24.210] Load Cached PNG Texture: SquadExpansion/Serenity/Parts/@thumbs/DeployedCentralStation_icon
[LOG 18:33:24.210] Load Cached PNG Texture: SquadExpansion/Serenity/Parts/@thumbs/DeployedGoExOb_icon
[LOG 18:33:24.210] Load Cached PNG Texture: SquadExpansion/Serenity/Parts/@thumbs/DeployedIONExp_icon
[LOG 18:33:24.210] Load Cached PNG Texture: SquadExpansion/Serenity/Parts/@thumbs/DeployedRTG_icon
[LOG 18:33:24.211] Load Cached PNG Texture: SquadExpansion/Serenity/Parts/@thumbs/DeployedSatDish_icon
[LOG 18:33:24.211] Load Cached PNG Texture: SquadExpansion/Serenity/Parts/@thumbs/DeployedSeismicSensor_icon
[LOG 18:33:24.211] Load Cached PNG Texture: SquadExpansion/Serenity/Parts/@thumbs/DeployedSolarPanel_icon
[LOG 18:33:24.211] Load Cached PNG Texture: SquadExpansion/Serenity/Parts/@thumbs/DeployedWeatherStn_icon
[LOG 18:33:24.211] Load Cached PNG Texture: SquadExpansion/Serenity/Parts/@thumbs/FanShroud.01_icon0
[LOG 18:33:24.211] Load Cached PNG Texture: SquadExpansion/Serenity/Parts/@thumbs/FanShroud.01_icon1
[LOG 18:33:24.211] Load Cached PNG Texture: SquadExpansion/Serenity/Parts/@thumbs/FanShroud.02_icon0
[LOG 18:33:24.211] Load Cached PNG Texture: SquadExpansion/Serenity/Parts/@thumbs/FanShroud.02_icon1
[LOG 18:33:24.211] Load Cached PNG Texture: SquadExpansion/Serenity/Parts/@thumbs/hinge.01.s_icon0
[LOG 18:33:24.211] Load Cached PNG Texture: SquadExpansion/Serenity/Parts/@thumbs/hinge.01.s_icon1
[LOG 18:33:24.212] Load Cached PNG Texture: SquadExpansion/Serenity/Parts/@thumbs/hinge.01_icon0
[LOG 18:33:24.212] Load Cached PNG Texture: SquadExpansion/Serenity/Parts/@thumbs/hinge.01_icon1
[LOG 18:33:24.212] Load Cached PNG Texture: SquadExpansion/Serenity/Parts/@thumbs/hinge.03.s_icon0
[LOG 18:33:24.212] Load Cached PNG Texture: SquadExpansion/Serenity/Parts/@thumbs/hinge.03.s_icon1
[LOG 18:33:24.212] Load Cached PNG Texture: SquadExpansion/Serenity/Parts/@thumbs/hinge.03_icon0
[LOG 18:33:24.212] Load Cached PNG Texture: SquadExpansion/Serenity/Parts/@thumbs/hinge.03_icon1
[LOG 18:33:24.212] Load Cached PNG Texture: SquadExpansion/Serenity/Parts/@thumbs/largeFanBlade_icon0
[LOG 18:33:24.212] Load Cached PNG Texture: SquadExpansion/Serenity/Parts/@thumbs/largeFanBlade_icon1
[LOG 18:33:24.212] Load Cached PNG Texture: SquadExpansion/Serenity/Parts/@thumbs/largePropeller_icon0
[LOG 18:33:24.212] Load Cached PNG Texture: SquadExpansion/Serenity/Parts/@thumbs/largePropeller_icon1
[LOG 18:33:24.212] Load Cached PNG Texture: SquadExpansion/Serenity/Parts/@thumbs/lGripPad_icon0
[LOG 18:33:24.213] Load Cached PNG Texture: SquadExpansion/Serenity/Parts/@thumbs/lGripPad_icon1
[LOG 18:33:24.213] Load Cached PNG Texture: SquadExpansion/Serenity/Parts/@thumbs/lGripStrip_icon
[LOG 18:33:24.213] Load Cached PNG Texture: SquadExpansion/Serenity/Parts/@thumbs/mediumFanBlade_icon0
[LOG 18:33:24.213] Load Cached PNG Texture: SquadExpansion/Serenity/Parts/@thumbs/mediumFanBlade_icon1
[LOG 18:33:24.213] Load Cached PNG Texture: SquadExpansion/Serenity/Parts/@thumbs/mediumPropeller_icon0
[LOG 18:33:24.213] Load Cached PNG Texture: SquadExpansion/Serenity/Parts/@thumbs/mediumPropeller_icon1
[LOG 18:33:24.213] Load Cached PNG Texture: SquadExpansion/Serenity/Parts/@thumbs/mGripPad_icon0
[LOG 18:33:24.213] Load Cached PNG Texture: SquadExpansion/Serenity/Parts/@thumbs/mGripPad_icon1
[LOG 18:33:24.213] Load Cached PNG Texture: SquadExpansion/Serenity/Parts/@thumbs/noseconeTiny_icon
[LOG 18:33:24.213] Load Cached PNG Texture: SquadExpansion/Serenity/Parts/@thumbs/noseconeVS_icon
[LOG 18:33:24.213] Load Cached PNG Texture: SquadExpansion/Serenity/Parts/@thumbs/piston.01_icon0
[LOG 18:33:24.214] Load Cached PNG Texture: SquadExpansion/Serenity/Parts/@thumbs/piston.01_icon1
[LOG 18:33:24.214] Load Cached PNG Texture: SquadExpansion/Serenity/Parts/@thumbs/piston.02_icon0
[LOG 18:33:24.214] Load Cached PNG Texture: SquadExpansion/Serenity/Parts/@thumbs/piston.02_icon1
[LOG 18:33:24.214] Load Cached PNG Texture: SquadExpansion/Serenity/Parts/@thumbs/piston.03_icon0
[LOG 18:33:24.214] Load Cached PNG Texture: SquadExpansion/Serenity/Parts/@thumbs/piston.03_icon1
[LOG 18:33:24.214] Load Cached PNG Texture: SquadExpansion/Serenity/Parts/@thumbs/piston.04_icon0
[LOG 18:33:24.214] Load Cached PNG Texture: SquadExpansion/Serenity/Parts/@thumbs/piston.04_icon1
[LOG 18:33:24.214] Load Cached PNG Texture: SquadExpansion/Serenity/Parts/@thumbs/RobotArmScanner.S1_icon
[LOG 18:33:24.214] Load Cached PNG Texture: SquadExpansion/Serenity/Parts/@thumbs/RobotArmScanner.S2_icon
[LOG 18:33:24.214] Load Cached PNG Texture: SquadExpansion/Serenity/Parts/@thumbs/RobotArmScanner.S3_icon
[LOG 18:33:24.214] Load Cached PNG Texture: SquadExpansion/Serenity/Parts/@thumbs/rotor.01s_icon0
[LOG 18:33:24.214] Load Cached PNG Texture: SquadExpansion/Serenity/Parts/@thumbs/rotor.01s_icon1
[LOG 18:33:24.215] Load Cached PNG Texture: SquadExpansion/Serenity/Parts/@thumbs/rotor.01_icon0
[LOG 18:33:24.215] Load Cached PNG Texture: SquadExpansion/Serenity/Parts/@thumbs/rotor.01_icon1
[LOG 18:33:24.215] Load Cached PNG Texture: SquadExpansion/Serenity/Parts/@thumbs/rotor.02s_icon0
[LOG 18:33:24.215] Load Cached PNG Texture: SquadExpansion/Serenity/Parts/@thumbs/rotor.02s_icon1
[LOG 18:33:24.215] Load Cached PNG Texture: SquadExpansion/Serenity/Parts/@thumbs/rotor.02_icon0
[LOG 18:33:24.215] Load Cached PNG Texture: SquadExpansion/Serenity/Parts/@thumbs/rotor.02_icon1
[LOG 18:33:24.215] Load Cached PNG Texture: SquadExpansion/Serenity/Parts/@thumbs/RotorEngine.02_icon
[LOG 18:33:24.215] Load Cached PNG Texture: SquadExpansion/Serenity/Parts/@thumbs/rotoServo.00_icon0
[LOG 18:33:24.215] Load Cached PNG Texture: SquadExpansion/Serenity/Parts/@thumbs/rotoServo.00_icon1
[LOG 18:33:24.215] Load Cached PNG Texture: SquadExpansion/Serenity/Parts/@thumbs/rotoServo.02_icon0
[LOG 18:33:24.215] Load Cached PNG Texture: SquadExpansion/Serenity/Parts/@thumbs/rotoServo.02_icon1
[LOG 18:33:24.216] Load Cached PNG Texture: SquadExpansion/Serenity/Parts/@thumbs/rotoServo.03_icon0
[LOG 18:33:24.216] Load Cached PNG Texture: SquadExpansion/Serenity/Parts/@thumbs/rotoServo.03_icon1
[LOG 18:33:24.216] Load Cached PNG Texture: SquadExpansion/Serenity/Parts/@thumbs/sGripPad_icon0
[LOG 18:33:24.216] Load Cached PNG Texture: SquadExpansion/Serenity/Parts/@thumbs/sGripPad_icon1
[LOG 18:33:24.216] Load Cached PNG Texture: SquadExpansion/Serenity/Parts/@thumbs/sGripStrip_icon
[LOG 18:33:24.216] Load Cached PNG Texture: SquadExpansion/Serenity/Parts/@thumbs/smallFanBlade_icon0
[LOG 18:33:24.216] Load Cached PNG Texture: SquadExpansion/Serenity/Parts/@thumbs/smallFanBlade_icon1
[LOG 18:33:24.216] Load Cached PNG Texture: SquadExpansion/Serenity/Parts/@thumbs/smallHeliBlade_icon0
[LOG 18:33:24.216] Load Cached PNG Texture: SquadExpansion/Serenity/Parts/@thumbs/smallHeliBlade_icon1
[LOG 18:33:24.216] Load Cached PNG Texture: SquadExpansion/Serenity/Parts/@thumbs/smallPropeller_icon0
[LOG 18:33:24.216] Load Cached PNG Texture: SquadExpansion/Serenity/Parts/@thumbs/smallPropeller_icon1
[LOG 18:33:24.217] Load DDS texture: SquadExpansion/Serenity/Parts/Aero/Assets/copterBlades_diffuse
[LOG 18:33:24.217] Load DDS texture: SquadExpansion/Serenity/Parts/Aero/Assets/shroudsDiffuse_color
[LOG 18:33:24.217] Load DDS texture: SquadExpansion/Serenity/Parts/Aero/Assets/shroudsDiffuse_plain
[LOG 18:33:24.218] Load Cached PNG Texture: SquadExpansion/Serenity/Parts/DeployedScience/MockupTexture
[LOG 18:33:24.218] Load DDS texture: SquadExpansion/Serenity/Parts/DeployedScience/Assets/centralStation_diffuse
[LOG 18:33:24.219] Load DDS texture: SquadExpansion/Serenity/Parts/DeployedScience/Assets/centralStation_emissive
[LOG 18:33:24.241] Load DDS texture: SquadExpansion/Serenity/Parts/DeployedScience/Assets/GenericParts_diffuse
[LOG 18:33:24.243] Load DDS texture: SquadExpansion/Serenity/Parts/DeployedScience/Assets/GenericParts_emissive
[LOG 18:33:24.244] Load DDS texture: SquadExpansion/Serenity/Parts/DeployedScience/Assets/GenericParts_normal
[LOG 18:33:24.245] Load DDS texture: SquadExpansion/Serenity/Parts/DeployedScience/Assets/goex_diffuse
[LOG 18:33:24.252] Load DDS texture: SquadExpansion/Serenity/Parts/DeployedScience/Assets/goex_specMapped
[LOG 18:33:24.255] Load DDS texture: SquadExpansion/Serenity/Parts/DeployedScience/Assets/Grid
[LOG 18:33:24.256] Load DDS texture: SquadExpansion/Serenity/Parts/DeployedScience/Assets/IonExperiment_diffuse
[LOG 18:33:24.257] Load DDS texture: SquadExpansion/Serenity/Parts/DeployedScience/Assets/RTGCask_diffuse
[LOG 18:33:24.257] Load DDS texture: SquadExpansion/Serenity/Parts/DeployedScience/Assets/satDish_diffuse
[LOG 18:33:24.258] Load Cached PNG Texture: SquadExpansion/Serenity/Parts/DeployedScience/Assets/Scratch
[LOG 18:33:24.259] Load DDS texture: SquadExpansion/Serenity/Parts/DeployedScience/Assets/Screen2
[LOG 18:33:24.259] Load DDS texture: SquadExpansion/Serenity/Parts/DeployedScience/Assets/Screen3
[LOG 18:33:24.259] Load DDS texture: SquadExpansion/Serenity/Parts/DeployedScience/Assets/ScreenReadout
[LOG 18:33:24.259] Load DDS texture: SquadExpansion/Serenity/Parts/DeployedScience/Assets/seismicSensor_diffuse
[LOG 18:33:24.260] Load DDS texture: SquadExpansion/Serenity/Parts/DeployedScience/Assets/seismicSensor_nrm
[LOG 18:33:24.261] Load DDS texture: SquadExpansion/Serenity/Parts/DeployedScience/Assets/seismicSensor_specularMapped
[LOG 18:33:24.263] Load DDS texture: SquadExpansion/Serenity/Parts/DeployedScience/Assets/SolarGraph
[LOG 18:33:24.263] Load DDS texture: SquadExpansion/Serenity/Parts/DeployedScience/Assets/solarPanel_diffuse
[LOG 18:33:24.265] Load DDS texture: SquadExpansion/Serenity/Parts/DeployedScience/Assets/Waveleght3
[LOG 18:33:24.265] Load DDS texture: SquadExpansion/Serenity/Parts/DeployedScience/Assets/Wavelenght
[LOG 18:33:24.265] Load DDS texture: SquadExpansion/Serenity/Parts/DeployedScience/Assets/Wavelenght2
[LOG 18:33:24.265] Load DDS texture: SquadExpansion/Serenity/Parts/DeployedScience/Assets/wavelenght4
[LOG 18:33:24.265] Load DDS texture: SquadExpansion/Serenity/Parts/DeployedScience/Assets/wavelenght5
[LOG 18:33:24.265] Load DDS texture: SquadExpansion/Serenity/Parts/DeployedScience/Assets/WeatherStation [Normal]
[LOG 18:33:24.293] Load DDS texture: SquadExpansion/Serenity/Parts/DeployedScience/Assets/Weather_Station_diffuse
[LOG 18:33:24.302] Load DDS texture: SquadExpansion/Serenity/Parts/DeployedScience/Assets/Weather_Station_normal
[LOG 18:33:24.308] Load DDS texture: SquadExpansion/Serenity/Parts/Propellers/Assets/blade_diffuse
[LOG 18:33:24.310] Load DDS texture: SquadExpansion/Serenity/Parts/Propellers/Assets/copterBlades_diffuse
[LOG 18:33:24.310] Load DDS texture: SquadExpansion/Serenity/Parts/Propellers/Assets/fan_diffuse
[LOG 18:33:24.310] Load DDS texture: SquadExpansion/Serenity/Parts/Robotics/Assets/hinges-03-s_diffuse_Color
[LOG 18:33:24.310] Load DDS texture: SquadExpansion/Serenity/Parts/Robotics/Assets/hinges-03_diffuse_color
[LOG 18:33:24.311] Load DDS texture: SquadExpansion/Serenity/Parts/Robotics/Assets/hinges-03_diffuse_plain
[LOG 18:33:24.312] Load DDS texture: SquadExpansion/Serenity/Parts/Robotics/Assets/hinges_diffuse
[LOG 18:33:24.312] Load DDS texture: SquadExpansion/Serenity/Parts/Robotics/Assets/Hinge_diffuse_G-00_Color
[LOG 18:33:24.312] Load DDS texture: SquadExpansion/Serenity/Parts/Robotics/Assets/Hinge_diffuse_G-11_Color
[LOG 18:33:24.312] Load DDS texture: SquadExpansion/Serenity/Parts/Robotics/Assets/Hinge_diffuse_G-11_plain
[LOG 18:33:24.312] Load DDS texture: SquadExpansion/Serenity/Parts/Robotics/Assets/Hinge_normal
[LOG 18:33:24.312] Load DDS texture: SquadExpansion/Serenity/Parts/Robotics/Assets/RotorEngine_02_diffuse
[LOG 18:33:24.313] Load DDS texture: SquadExpansion/Serenity/Parts/Robotics/Assets/RotorEngine_03_diffuse
[LOG 18:33:24.314] Load DDS texture: SquadExpansion/Serenity/Parts/Robotics/Assets/RotorEngine_03_normal
[LOG 18:33:24.316] Load DDS texture: SquadExpansion/Serenity/Parts/Robotics/Assets/Rotor_01_diffuse_color
[LOG 18:33:24.316] Load DDS texture: SquadExpansion/Serenity/Parts/Robotics/Assets/Rotor_01_diffuse_plain
[LOG 18:33:24.317] Load DDS texture: SquadExpansion/Serenity/Parts/Robotics/Assets/Rotor_01_normal
[LOG 18:33:24.317] Load DDS texture: SquadExpansion/Serenity/Parts/Robotics/Assets/Rotor_01_specular_D
[LOG 18:33:24.317] Load DDS texture: SquadExpansion/Serenity/Parts/Robotics/Assets/Rotor_02_diffuse_color
[LOG 18:33:24.318] Load DDS texture: SquadExpansion/Serenity/Parts/Robotics/Assets/Rotor_03_diffuse_color
[LOG 18:33:24.319] Load DDS texture: SquadExpansion/Serenity/Parts/Robotics/Assets/Rotor_03_diffuse_plain
[LOG 18:33:24.320] Load DDS texture: SquadExpansion/Serenity/Parts/Robotics/Assets/Rotor_03_normal
[LOG 18:33:24.321] Load DDS texture: SquadExpansion/Serenity/Parts/Robotics/Assets/rotoServos_diffuse_color
[LOG 18:33:24.323] Load DDS texture: SquadExpansion/Serenity/Parts/Robotics/Assets/rotoServos_diffuse_plain
[LOG 18:33:24.325] Load DDS texture: SquadExpansion/Serenity/Parts/Robotics/Assets/rotoServos_nrm
[LOG 18:33:24.326] Load DDS texture: SquadExpansion/Serenity/Parts/Robotics/Controllers/roboController_diffuse
[LOG 18:33:24.326] Load DDS texture: SquadExpansion/Serenity/Parts/Robotics/Controllers/roboController_emissive
[LOG 18:33:24.326] Load Cached PNG Texture: SquadExpansion/Serenity/Parts/Science/RobotArmScanner/Assets/DrillBits
[LOG 18:33:24.326] Load DDS texture: SquadExpansion/Serenity/Parts/Science/RobotArmScanner/Assets/DustParticle
[WRN 18:33:24.327] Duplicate PNG texture 'SquadExpansion/Serenity/Parts/Science/RobotArmScanner/Assets/DustParticle' with extension 'png' won't be loaded
[LOG 18:33:24.327] Load DDS texture: SquadExpansion/Serenity/Parts/Science/RobotArmScanner/Assets/GenericParts_diffuse
[LOG 18:33:24.333] Load DDS texture: SquadExpansion/Serenity/Parts/Science/RobotArmScanner/Assets/GenericParts_normal
[LOG 18:33:24.339] Load DDS texture: SquadExpansion/Serenity/Parts/Science/RobotArmScanner/Assets/ROCArm3_diffuse
[LOG 18:33:24.346] Load DDS texture: SquadExpansion/Serenity/Parts/Science/RobotArmScanner/Assets/ROCArm3_normal
[LOG 18:33:24.352] Load DDS texture: SquadExpansion/Serenity/Parts/Science/RobotArmScanner/Assets/ROCArm_2_diffuse
[LOG 18:33:24.355] Load DDS texture: SquadExpansion/Serenity/Parts/Science/RobotArmScanner/Assets/ROCArm_2_normal
[LOG 18:33:24.359] Load Cached PNG Texture: SquadExpansion/Serenity/Parts/Science/RobotArmScanner/Assets/Scratch
[LOG 18:33:24.359] Load DDS texture: SquadExpansion/Serenity/Parts/Science/RobotArmScanner/Assets/SmallArm_diffuse
[LOG 18:33:24.360] Load DDS texture: SquadExpansion/Serenity/Parts/Science/RobotArmScanner/Assets/SmallArm_normal
[LOG 18:33:24.360] Load DDS texture: SquadExpansion/Serenity/Parts/Structural/gripPads/Assets/gripPads_diffuse
[LOG 18:33:24.362] Load DDS texture: SquadExpansion/Serenity/Parts/Structural/gripPads/Assets/gripPads_nrm
[LOG 18:33:24.363] Load Cached PNG Texture: SquadExpansion/Serenity/Ships/@thumbs/SPH/Arrow-E
[LOG 18:33:24.363] Load Cached PNG Texture: SquadExpansion/Serenity/Ships/@thumbs/SPH/Butterfly Rover
[LOG 18:33:24.363] Load Cached PNG Texture: SquadExpansion/Serenity/Ships/@thumbs/SPH/Jeb_s Quadtaxi
[LOG 18:33:24.363] Load Cached PNG Texture: SquadExpansion/Serenity/Ships/@thumbs/SPH/Kerbodyne Rotodyne
[LOG 18:33:24.363] Load Cached PNG Texture: SquadExpansion/Serenity/Ships/@thumbs/SPH/Seahawk
[LOG 18:33:24.363] Load Cached PNG Texture: SquadExpansion/Serenity/Ships/@thumbs/SPH/Val-Thopter
[LOG 18:33:24.366] Load MU model: Squad/FX/afterburner_flame
[LOG 18:33:24.375] Load MU model: Squad/FX/afterburner_shock
[LOG 18:33:24.376] Load MU model: Squad/FX/diamondBlue
[LOG 18:33:24.377] Load MU model: Squad/FX/exhaustFlames_blue
[LOG 18:33:24.497] Load MU model: Squad/FX/hydroLOXFlame
[LOG 18:33:24.498] Load MU model: Squad/FX/IonPlume
[LOG 18:33:24.499] Load MU model: Squad/FX/ks1_Exhaust
[LOG 18:33:24.499] Load MU model: Squad/FX/ks25_Exhaust
[LOG 18:33:24.500] Load MU model: Squad/FX/ksX_Exhaust
[LOG 18:33:24.500] Load MU model: Squad/FX/LES_Thruster
[LOG 18:33:24.500] Load MU model: Squad/FX/Monoprop_big
[LOG 18:33:24.501] Load MU model: Squad/FX/Monoprop_medium
[LOG 18:33:24.501] Load MU model: Squad/FX/Monoprop_small
[LOG 18:33:24.501] Load MU model: Squad/FX/shockExhaust_blue
[LOG 18:33:24.502] Load MU model: Squad/FX/shockExhaust_blue_small
[LOG 18:33:24.502] Load MU model: Squad/FX/shockExhaust_red_small
[LOG 18:33:24.503] Load MU model: Squad/FX/SRB_Large
[LOG 18:33:24.506] Load MU model: Squad/FX/SRB_LargeSparks
[LOG 18:33:24.507] Load MU model: Squad/Parts/Aero/aerodynamicNoseCone/aerodynamicNoseCone
[LOG 18:33:24.511] Load MU model: Squad/Parts/Aero/airbrake/Airbrake
[LOG 18:33:24.511] Load MU model: Squad/Parts/Aero/airIntakeRadialXM-G50/RadialIntake
[LOG 18:33:24.514] Load MU model: Squad/Parts/Aero/airlinerWings/ControlSurface
[LOG 18:33:24.514] Load MU model: Squad/Parts/Aero/airlinerWings/MainWing
[LOG 18:33:24.514] Load MU model: Squad/Parts/Aero/airlinerWings/TailFin
[LOG 18:33:24.516] Load MU model: Squad/Parts/Aero/airplaneFins/AdvCanard
[LOG 18:33:24.517] Load MU model: Squad/Parts/Aero/airplaneFins/Canard
[LOG 18:33:24.517] Load MU model: Squad/Parts/Aero/airplaneFins/Swept
[LOG 18:33:24.517] Load MU model: Squad/Parts/Aero/airplaneFins/TailFin
[LOG 18:33:24.517] Load MU model: Squad/Parts/Aero/basicFin/basicFin
[LOG 18:33:24.518] Load MU model: Squad/Parts/Aero/circularIntake/CircularIntake
[LOG 18:33:24.520] Load MU model: Squad/Parts/Aero/circularIntake/ConeIntake
[LOG 18:33:24.521] Load MU model: Squad/Parts/Aero/cones/Assets/AvioCone
[LOG 18:33:24.522] Load MU model: Squad/Parts/Aero/cones/Assets/ConeA
[LOG 18:33:24.522] Load MU model: Squad/Parts/Aero/cones/Assets/ConeB
[LOG 18:33:24.522] Load MU model: Squad/Parts/Aero/cones/Assets/NCS
[LOG 18:33:24.523] Load MU model: Squad/Parts/Aero/cones/Assets/orangeNoseCone
[LOG 18:33:24.524] Load MU model: Squad/Parts/Aero/cones/Assets/rocketNoseCone
[LOG 18:33:24.524] Load MU model: Squad/Parts/Aero/cones/Assets/rocketNoseCone_v2
[LOG 18:33:24.524] Load MU model: Squad/Parts/Aero/cones/Assets/rocketNoseCone_v3
[LOG 18:33:24.525] Load MU model: Squad/Parts/Aero/cones/Assets/TailA
[LOG 18:33:24.525] Load MU model: Squad/Parts/Aero/cones/Assets/TailB
[LOG 18:33:24.525] Load MU model: Squad/Parts/Aero/cones/Assets/TinyCone
[LOG 18:33:24.526] Load MU model: Squad/Parts/Aero/fairings/AutoTruss
[LOG 18:33:24.526] Load MU model: Squad/Parts/Aero/fairings/fairingSize1
[LOG 18:33:24.526] Load MU model: Squad/Parts/Aero/fairings/fairingSize2
[LOG 18:33:24.527] Load MU model: Squad/Parts/Aero/fairings/fairingSize3
[LOG 18:33:24.527] Load MU model: Squad/Parts/Aero/HeatShield/HeatShield0
[LOG 18:33:24.527] Load MU model: Squad/Parts/Aero/HeatShield/HeatShield1
[LOG 18:33:24.528] Load MU model: Squad/Parts/Aero/HeatShield/HeatShield2
[LOG 18:33:24.528] Load MU model: Squad/Parts/Aero/HeatShield/HeatShield3
[LOG 18:33:24.529] Load MU model: Squad/Parts/Aero/InflatableHeatShield/HeatShield
[LOG 18:33:24.532] Load MU model: Squad/Parts/Aero/intakeRadialLong/IntakeRadial
[LOG 18:33:24.532] Load MU model: Squad/Parts/Aero/miniIntake/SmallIntake
[LOG 18:33:24.533] Load MU model: Squad/Parts/Aero/ramAirIntake/RampIntake
[LOG 18:33:24.533] Load MU model: Squad/Parts/Aero/shuttleWings/ShuttleDeltaWing
[LOG 18:33:24.533] Load MU model: Squad/Parts/Aero/shuttleWings/ShuttleElevonA
[LOG 18:33:24.534] Load MU model: Squad/Parts/Aero/shuttleWings/ShuttleElevonB
[LOG 18:33:24.534] Load MU model: Squad/Parts/Aero/shuttleWings/ShuttleRudder
[LOG 18:33:24.534] Load MU model: Squad/Parts/Aero/shuttleWings/ShuttleStrake
[LOG 18:33:24.535] Load MU model: Squad/Parts/Aero/wingletAV-R8/model
[LOG 18:33:24.535] Load MU model: Squad/Parts/Aero/wingletAV-T1/model
[LOG 18:33:24.535] Load MU model: Squad/Parts/Aero/wingletDeltaDeluxe/model
[LOG 18:33:24.536] Load MU model: Squad/Parts/Aero/wings/connector1
[LOG 18:33:24.536] Load MU model: Squad/Parts/Aero/wings/connector2
[LOG 18:33:24.536] Load MU model: Squad/Parts/Aero/wings/connector3
[LOG 18:33:24.536] Load MU model: Squad/Parts/Aero/wings/connector4
[LOG 18:33:24.537] Load MU model: Squad/Parts/Aero/wings/connector5
[LOG 18:33:24.537] Load MU model: Squad/Parts/Aero/wings/delta
[LOG 18:33:24.537] Load MU model: Squad/Parts/Aero/wings/delta_small
[LOG 18:33:24.537] Load MU model: Squad/Parts/Aero/wings/elevon1
[LOG 18:33:24.537] Load MU model: Squad/Parts/Aero/wings/elevon2
[LOG 18:33:24.538] Load MU model: Squad/Parts/Aero/wings/elevon3
[LOG 18:33:24.538] Load MU model: Squad/Parts/Aero/wings/elevon4
[LOG 18:33:24.538] Load MU model: Squad/Parts/Aero/wings/elevon5
[LOG 18:33:24.538] Load MU model: Squad/Parts/Aero/wings/strake
[LOG 18:33:24.539] Load MU model: Squad/Parts/Aero/wings/structural1
[LOG 18:33:24.539] Load MU model: Squad/Parts/Aero/wings/structural2
[LOG 18:33:24.539] Load MU model: Squad/Parts/Aero/wings/structural3
[LOG 18:33:24.539] Load MU model: Squad/Parts/Aero/wings/structural4
[LOG 18:33:24.540] Load MU model: Squad/Parts/Aero/wings/swept1
[LOG 18:33:24.540] Load MU model: Squad/Parts/Aero/wings/swept2
[LOG 18:33:24.540] Load MU model: Squad/Parts/Cargo/CargoContainers/cargoContainer
[LOG 18:33:24.540] Load MU model: Squad/Parts/Cargo/CargoContainers/smallCargoContainer
[LOG 18:33:24.540] Load MU model: Squad/Parts/Cargo/Cylinder/EVAcylinder
[LOG 18:33:24.541] Load MU model: Squad/Parts/Cargo/GroundAnchor/groundAnchor
[LOG 18:33:24.541] Load MU model: Squad/Parts/Cargo/Jetpack/Jetpack
[LOG 18:33:24.542] Load MU model: Squad/Parts/Cargo/Parachute/Parachute
[LOG 18:33:24.542] Load MU model: Squad/Parts/Cargo/RepairKit/RepairKit
[LOG 18:33:24.560] Load MU model: Squad/Parts/Cargo/ScienceKit/ExperimentKit
[LOG 18:33:24.561] Load MU model: Squad/Parts/Cargo/StorageUnits/Assets/CargoStorageUnit
[LOG 18:33:24.562] Load MU model: Squad/Parts/Cargo/StorageUnits/Assets/ConformalStorageUnit
[LOG 18:33:24.562] Load MU model: Squad/Parts/Command/advancedSasModuleLarge/model
[LOG 18:33:24.565] Load MU model: Squad/Parts/Command/cupola/model
[LOG 18:33:24.567] Load MU model: Squad/Parts/Command/externalCommandSeat/model
[LOG 18:33:24.567] Load MU model: Squad/Parts/Command/hitchhikerStorageContainer/model
[LOG 18:33:24.568] Load MU model: Squad/Parts/Command/inlineAdvancedStabilizer/model
[LOG 18:33:24.568] Load MU model: Squad/Parts/Command/inlineReactionWheel/model
[LOG 18:33:24.568] Load MU model: Squad/Parts/Command/Mk1-3Pod/Mk1-3
[LOG 18:33:24.569] Load MU model: Squad/Parts/Command/mk1Cockpits/Cabin
[LOG 18:33:24.570] Load MU model: Squad/Parts/Command/mk1Cockpits/CockpitInline
[LOG 18:33:24.572] Load MU model: Squad/Parts/Command/mk1Cockpits/CockpitStandard
[LOG 18:33:24.593] Load MU model: Squad/Parts/Command/mk1LanderCan/model
[LOG 18:33:24.593] Load MU model: Squad/Parts/Command/mk1pod_v2/Mk1Pod_v2
[LOG 18:33:24.594] Load MU model: Squad/Parts/Command/mk2CockpitInline/model
[LOG 18:33:24.594] Load MU model: Squad/Parts/Command/mk2CockpitStandard/model
[LOG 18:33:24.595] Load MU model: Squad/Parts/Command/mk2DroneCore/model
[LOG 18:33:24.595] Load MU model: Squad/Parts/Command/mk2LanderCan/model
[LOG 18:33:24.596] Load MU model: Squad/Parts/Command/mk2LanderCan_v2/mk2LanderCan
[LOG 18:33:24.597] Load MU model: Squad/Parts/Command/mk3CockpitShuttle/model
[LOG 18:33:24.598] Load MU model: Squad/Parts/Command/MpoProbe/MpoProbe
[LOG 18:33:24.601] Load MU model: Squad/Parts/Command/MtmStage/MTM_Stage
[LOG 18:33:24.603] Load MU model: Squad/Parts/Command/probeCoreCube/probeCoreCube
[LOG 18:33:24.603] Load MU model: Squad/Parts/Command/probeCoreHex/model
[LOG 18:33:24.603] Load MU model: Squad/Parts/Command/probeCoreHex_v2/model
[LOG 18:33:24.604] Load MU model: Squad/Parts/Command/probeCoreOcto2_v2/probeCoreOcto2_v2
[LOG 18:33:24.604] Load MU model: Squad/Parts/Command/probeCoreOcto_v2/probeCoreOcto_v2
[LOG 18:33:24.604] Load MU model: Squad/Parts/Command/probeRoverBody/model
[LOG 18:33:24.604] Load MU model: Squad/Parts/Command/probeRoverBody_v2/probeRoverBody_v2
[LOG 18:33:24.605] Load MU model: Squad/Parts/Command/probeStackLarge/model
[LOG 18:33:24.605] Load MU model: Squad/Parts/Command/probeStackSmall/model
[LOG 18:33:24.605] Load MU model: Squad/Parts/Command/probeStackSphere_v2/probeStackSphere_v2
[LOG 18:33:24.606] Load MU model: Squad/Parts/CompoundParts/FuelLine/model
[LOG 18:33:24.606] Load MU model: Squad/Parts/CompoundParts/strutConnector/model
[LOG 18:33:24.606] Load MU model: Squad/Parts/Coupling/Assets/Decoupler_0
[LOG 18:33:24.607] Load MU model: Squad/Parts/Coupling/Assets/Decoupler_1
[LOG 18:33:24.607] Load MU model: Squad/Parts/Coupling/Assets/Decoupler_1p5
[LOG 18:33:24.607] Load MU model: Squad/Parts/Coupling/Assets/Decoupler_2
[LOG 18:33:24.608] Load MU model: Squad/Parts/Coupling/Assets/Decoupler_3
[LOG 18:33:24.608] Load MU model: Squad/Parts/Coupling/Assets/Decoupler_4
[LOG 18:33:24.609] Load MU model: Squad/Parts/Coupling/Assets/Separator_0
[LOG 18:33:24.609] Load MU model: Squad/Parts/Coupling/Assets/Separator_1
[LOG 18:33:24.609] Load MU model: Squad/Parts/Coupling/Assets/Separator_1p5
[LOG 18:33:24.610] Load MU model: Squad/Parts/Coupling/Assets/Separator_2
[LOG 18:33:24.610] Load MU model: Squad/Parts/Coupling/Assets/Separator_3
[LOG 18:33:24.611] Load MU model: Squad/Parts/Coupling/Assets/Separator_4
[LOG 18:33:24.611] Load MU model: Squad/Parts/Electrical/10CSolarPanels/assets/OX-10C
[LOG 18:33:24.613] Load MU model: Squad/Parts/Electrical/10CSolarPanels/assets/SP-10C
[LOG 18:33:24.615] Load MU model: Squad/Parts/Electrical/10LSolarPanels/assets/OX-10L
[LOG 18:33:24.616] Load MU model: Squad/Parts/Electrical/10LSolarPanels/assets/SP-10L
[LOG 18:33:24.620] Load MU model: Squad/Parts/Electrical/1x6ShroudSolarPanels/model
[LOG 18:33:24.621] Load MU model: Squad/Parts/Electrical/1x6SolarPanels/model
[LOG 18:33:24.622] Load MU model: Squad/Parts/Electrical/3x2ShroudSolarPanels/model
[LOG 18:33:24.623] Load MU model: Squad/Parts/Electrical/3x2SolarPanels/model
[LOG 18:33:24.623] Load MU model: Squad/Parts/Electrical/gigantorXlSolarArray/model
[LOG 18:33:24.624] Load MU model: Squad/Parts/Electrical/radialFlatSolarPanel/model
[LOG 18:33:24.624] Load MU model: Squad/Parts/Electrical/RTG/model
[LOG 18:33:24.624] Load MU model: Squad/Parts/Electrical/z-100Battery/model
[LOG 18:33:24.624] Load MU model: Squad/Parts/Electrical/z-1kBattery/model
[LOG 18:33:24.625] Load MU model: Squad/Parts/Electrical/z-200Battery/model
[LOG 18:33:24.625] Load MU model: Squad/Parts/Electrical/z-400Battery/model
[LOG 18:33:24.625] Load MU model: Squad/Parts/Electrical/z-4kBattery/model
[LOG 18:33:24.626] Load MU model: Squad/Parts/Engine/ionEngine/model
[LOG 18:33:24.632] Load MU model: Squad/Parts/Engine/jetEngines/turbineInside
[LOG 18:33:24.632] Load MU model: Squad/Parts/Engine/jetEngines/turboFanSize1
[LOG 18:33:24.632] Load MU model: Squad/Parts/Engine/jetEngines/turboFanSize2
[LOG 18:33:24.633] Load MU model: Squad/Parts/Engine/jetEngines/turboJet
[LOG 18:33:24.634] Load MU model: Squad/Parts/Engine/jetEngines/turboRamJet
[LOG 18:33:24.634] Load MU model: Squad/Parts/Engine/liquidEngine24-77/model
[LOG 18:33:24.635] Load MU model: Squad/Parts/Engine/liquidEngine24-77_v2/Twitch_v2
[LOG 18:33:24.636] Load MU model: Squad/Parts/Engine/liquidEngine48-7S_v2/SparkV2
[LOG 18:33:24.637] Load MU model: Squad/Parts/Engine/liquidEngineAerospike/AeroSpike
[LOG 18:33:24.638] Load MU model: Squad/Parts/Engine/liquidEngineLV-1_v2/Assets/Ant
[LOG 18:33:24.638] Load MU model: Squad/Parts/Engine/liquidEngineLV-1_v2/Assets/Spider
[LOG 18:33:24.642] Load MU model: Squad/Parts/Engine/liquidEngineLV-909_v2/TerrierV2
[LOG 18:33:24.643] Load MU model: Squad/Parts/Engine/liquidEngineLV-N/model
[LOG 18:33:24.643] Load MU model: Squad/Parts/Engine/liquidEngineLV-T30/model
[LOG 18:33:24.645] Load MU model: Squad/Parts/Engine/liquidEngineLV-T30_v2/Reliant_v2
[LOG 18:33:24.646] Load MU model: Squad/Parts/Engine/liquidEngineLV-T45/model
[LOG 18:33:24.647] Load MU model: Squad/Parts/Engine/liquidEngineLV-T45_v2/Swivel_v2
[LOG 18:33:24.649] Load MU model: Squad/Parts/Engine/liquidEngineMainsail_v2/liquidEngineMainsail_v2
[LOG 18:33:24.650] Load MU model: Squad/Parts/Engine/liquidEngineMk55/Thud
[LOG 18:33:24.651] Load MU model: Squad/Parts/Engine/liquidEnginePoodle_v2/LqdEnginePoodle_v2
[LOG 18:33:24.654] Load MU model: Squad/Parts/Engine/liquidEngineSkipper_v2/skipper_v2
[LOG 18:33:24.655] Load MU model: Squad/Parts/Engine/liquidEngineSSME/SSME
[LOG 18:33:24.656] Load MU model: Squad/Parts/Engine/MassiveSRB/MassiveSRB
[LOG 18:33:24.656] Load MU model: Squad/Parts/Engine/miniJet/SmallJet
[LOG 18:33:24.657] Load MU model: Squad/Parts/Engine/OMSEngine/Puff_v2
[LOG 18:33:24.657] Load MU model: Squad/Parts/Engine/rapierEngine/rapier
[LOG 18:33:24.658] Load MU model: Squad/Parts/Engine/Size1_SRBs/SRB10
[LOG 18:33:24.658] Load MU model: Squad/Parts/Engine/Size1_SRBs/SRB5
[LOG 18:33:24.659] Load MU model: Squad/Parts/Engine/Size2LFB/Size2LFB
[LOG 18:33:24.660] Load MU model: Squad/Parts/Engine/Size2LFB_v2/Size2LFB_v2
[LOG 18:33:24.661] Load MU model: Squad/Parts/Engine/Size3AdvancedEngine/Size3AdvancedEngine
[LOG 18:33:24.662] Load MU model: Squad/Parts/Engine/Size3EngineCluster/Size3EngineCluster
[LOG 18:33:24.663] Load MU model: Squad/Parts/Engine/solidBoosterBACC/model
[LOG 18:33:24.663] Load MU model: Squad/Parts/Engine/solidBoosterS2-17/solidBoosterS2-17
[LOG 18:33:24.664] Load MU model: Squad/Parts/Engine/solidBoosterS2-33/solidBoosterS2-33
[LOG 18:33:24.665] Load MU model: Squad/Parts/Engine/solidBoosterSep/model
[LOG 18:33:24.665] Load MU model: Squad/Parts/Engine/SolidBoostersF/Assets/SolidBoosterF3S0
[LOG 18:33:24.665] Load MU model: Squad/Parts/Engine/SolidBoostersF/Assets/SolidBoosterFM1
[LOG 18:33:24.666] Load MU model: Squad/Parts/FuelTank/adapterTanks/Mk3-Mk2
[LOG 18:33:24.666] Load MU model: Squad/Parts/FuelTank/adapterTanks/Mk3-Size2
[LOG 18:33:24.666] Load MU model: Squad/Parts/FuelTank/adapterTanks/Mk3-Size2Slant
[LOG 18:33:24.667] Load MU model: Squad/Parts/FuelTank/adapterTanks/ShuttleAdapter
[LOG 18:33:24.667] Load MU model: Squad/Parts/FuelTank/adapterTanks/Size2-Mk2
[LOG 18:33:24.667] Load MU model: Squad/Parts/FuelTank/adapterTanks/Size2-Size1
[LOG 18:33:24.668] Load MU model: Squad/Parts/FuelTank/adapterTanks/Size2-Size1Slant
[LOG 18:33:24.668] Load MU model: Squad/Parts/FuelTank/adapterTanks/Size3-Mk3
[LOG 18:33:24.668] Load MU model: Squad/Parts/FuelTank/drainTankFTE-1/fuelValve
[LOG 18:33:24.668] Load MU model: Squad/Parts/FuelTank/FoilTanks/RadialTank_Capsule
[LOG 18:33:24.669] Load MU model: Squad/Parts/FuelTank/FoilTanks/RadialTank_Round
[LOG 18:33:24.670] Load MU model: Squad/Parts/FuelTank/FoilTanks/ToroidTank
[LOG 18:33:24.670] Load MU model: Squad/Parts/FuelTank/fuelTankOscarB/model
[LOG 18:33:24.671] Load MU model: Squad/Parts/FuelTank/miniFuselage/Fuselage
[LOG 18:33:24.671] Load MU model: Squad/Parts/FuelTank/mk2Adapters/bicoupler
[LOG 18:33:24.671] Load MU model: Squad/Parts/FuelTank/mk2Adapters/long
[LOG 18:33:24.672] Load MU model: Squad/Parts/FuelTank/mk2Adapters/standard
[LOG 18:33:24.672] Load MU model: Squad/Parts/FuelTank/mk2FuselageLong/FuselageLongLFO
[LOG 18:33:24.672] Load MU model: Squad/Parts/FuelTank/mk2FuselageLong/FuselageLongLiquid
[LOG 18:33:24.672] Load MU model: Squad/Parts/FuelTank/mk2FuselageShort/FuselageShortLFO
[LOG 18:33:24.672] Load MU model: Squad/Parts/FuelTank/mk2FuselageShort/FuselageShortLiquid
[LOG 18:33:24.673] Load MU model: Squad/Parts/FuelTank/mk2FuselageShort/FuselageShortMono
[LOG 18:33:24.673] Load MU model: Squad/Parts/FuelTank/mk3Fuselage/CREW
[LOG 18:33:24.673] Load MU model: Squad/Parts/FuelTank/mk3Fuselage/LFO_100
[LOG 18:33:24.673] Load MU model: Squad/Parts/FuelTank/mk3Fuselage/LFO_25
[LOG 18:33:24.674] Load MU model: Squad/Parts/FuelTank/mk3Fuselage/LFO_50
[LOG 18:33:24.674] Load MU model: Squad/Parts/FuelTank/mk3Fuselage/LF_100
[LOG 18:33:24.674] Load MU model: Squad/Parts/FuelTank/mk3Fuselage/LF_25
[LOG 18:33:24.674] Load MU model: Squad/Parts/FuelTank/mk3Fuselage/LF_50
[LOG 18:33:24.675] Load MU model: Squad/Parts/FuelTank/mk3Fuselage/MONO
[LOG 18:33:24.675] Load MU model: Squad/Parts/FuelTank/RCSFuelTankR1/RCSFuelTankR1_01
[LOG 18:33:24.675] Load MU model: Squad/Parts/FuelTank/RCSFuelTankR10/model
[LOG 18:33:24.675] Load MU model: Squad/Parts/FuelTank/RCSFuelTankR25/RCSFuelTankR25
[LOG 18:33:24.676] Load MU model: Squad/Parts/FuelTank/RCSTankRadial/model
[LOG 18:33:24.676] Load MU model: Squad/Parts/FuelTank/RCStankRadialLong/model
[LOG 18:33:24.676] Load MU model: Squad/Parts/FuelTank/RockomaxTanks/Assets/Rockomax16
[LOG 18:33:24.676] Load MU model: Squad/Parts/FuelTank/RockomaxTanks/Assets/Rockomax32
[LOG 18:33:24.677] Load MU model: Squad/Parts/FuelTank/RockomaxTanks/Assets/Rockomax64
[LOG 18:33:24.677] Load MU model: Squad/Parts/FuelTank/RockomaxTanks/Assets/Rockomax8
[LOG 18:33:24.678] Load MU model: Squad/Parts/FuelTank/Size1_Tanks/Size1Tank_01
[LOG 18:33:24.678] Load MU model: Squad/Parts/FuelTank/Size1_Tanks/Size1Tank_02
[LOG 18:33:24.678] Load MU model: Squad/Parts/FuelTank/Size1_Tanks/Size1Tank_03
[LOG 18:33:24.678] Load MU model: Squad/Parts/FuelTank/Size1_Tanks/Size1Tank_04
[LOG 18:33:24.679] Load MU model: Squad/Parts/FuelTank/Size3Tanks/Size3LargeTank
[LOG 18:33:24.679] Load MU model: Squad/Parts/FuelTank/Size3Tanks/Size3MediumTank
[LOG 18:33:24.679] Load MU model: Squad/Parts/FuelTank/Size3Tanks/Size3SmallTank
[LOG 18:33:24.679] Load MU model: Squad/Parts/FuelTank/xenonTank/model
[LOG 18:33:24.680] Load MU model: Squad/Parts/FuelTank/xenonTankLarge/model
[LOG 18:33:24.680] Load MU model: Squad/Parts/FuelTank/xenonTankRadial/model
[LOG 18:33:24.680] Load MU model: Squad/Parts/Misc/AsteroidDay/CamSat
[LOG 18:33:24.681] Load MU model: Squad/Parts/Misc/AsteroidDay/HECS2
[LOG 18:33:24.681] Load MU model: Squad/Parts/Misc/AsteroidDay/HighGainAntenna
[LOG 18:33:24.682] Load MU model: Squad/Parts/Misc/AsteroidDay/LgRadialSolar
[LOG 18:33:24.682] Load MU model: Squad/Parts/Misc/PotatoComet/Cube
[LOG 18:33:24.683] Load MU model: Squad/Parts/Misc/PotatoRoid/Cube
[LOG 18:33:24.683] Load MU model: Squad/Parts/Resources/FuelCell/FuelCell
[LOG 18:33:24.683] Load MU model: Squad/Parts/Resources/FuelCell/FuelCellArray
[LOG 18:33:24.683] Load MU model: Squad/Parts/Resources/ISRU/ISRU
[LOG 18:33:24.684] Load MU model: Squad/Parts/Resources/LargeTank/LargeTank
[LOG 18:33:24.684] Load MU model: Squad/Parts/Resources/MiniDrill/MiniDrill
[LOG 18:33:24.687] Load MU model: Squad/Parts/Resources/MiniISRU/MiniISRU
[LOG 18:33:24.687] Load MU model: Squad/Parts/Resources/OrbitalScanner/OrbitalScanner
[LOG 18:33:24.688] Load MU model: Squad/Parts/Resources/RadialDrill/TriBitDrill
[LOG 18:33:24.692] Load MU model: Squad/Parts/Resources/RadialTank/RadialOreTank
[LOG 18:33:24.692] Load MU model: Squad/Parts/Resources/SmallTank/SmallTank
[LOG 18:33:24.692] Load MU model: Squad/Parts/Resources/SurfaceScanner/SurfaceScanner
[LOG 18:33:24.693] Load MU model: Squad/Parts/Resources/SurveyScanner/SurveyScanner
[LOG 18:33:24.693] Load MU model: Squad/Parts/Science/AtmosphereSensor/model
[LOG 18:33:24.693] Load MU model: Squad/Parts/Science/GooExperiment/GooExperiment
[LOG 18:33:24.694] Load MU model: Squad/Parts/Science/LargeCrewedLab/large_crewed_lab
[LOG 18:33:24.695] Load MU model: Squad/Parts/Science/Magnetometer/Magnetometer
[LOG 18:33:24.699] Load MU model: Squad/Parts/Science/MaterialBay/science_module_small
[LOG 18:33:24.700] Load MU model: Squad/Parts/Science/ScienceBox/ScienceBox
[LOG 18:33:24.700] Load MU model: Squad/Parts/Science/sensorAccelerometer/model
[LOG 18:33:24.700] Load MU model: Squad/Parts/Science/sensorBarometer/model
[LOG 18:33:24.701] Load MU model: Squad/Parts/Science/sensorGravimeter/model
[LOG 18:33:24.701] Load MU model: Squad/Parts/Science/sensorThermometer/model
[LOG 18:33:24.701] Load MU model: Squad/Parts/Structural/FLAdapters/Assets/adapterSmallMiniShort_v2
[LOG 18:33:24.701] Load MU model: Squad/Parts/Structural/FLAdapters/Assets/adapterSmallMiniTall_v2
[LOG 18:33:24.701] Load MU model: Squad/Parts/Structural/mk1Parts/Fuselage
[LOG 18:33:24.702] Load MU model: Squad/Parts/Structural/mk1Parts/IntakeFuselage
[LOG 18:33:24.703] Load MU model: Squad/Parts/Structural/mk1Parts/Nacelle1
[LOG 18:33:24.703] Load MU model: Squad/Parts/Structural/mk1Parts/Nacelle2
[LOG 18:33:24.704] Load MU model: Squad/Parts/Structural/mk1Parts/Structural
[LOG 18:33:24.704] Load MU model: Squad/Parts/Structural/mk1Parts/StructuralHollow
[LOG 18:33:24.704] Load MU model: Squad/Parts/Structural/Size3To2Adapter_v2/Size2to3_v2
[LOG 18:33:24.705] Load MU model: Squad/Parts/Structural/stackAdapters/Assets/adapterLargeSmallBi
[LOG 18:33:24.705] Load MU model: Squad/Parts/Structural/stackAdapters/Assets/adapterLargeSmallQuad
[LOG 18:33:24.705] Load MU model: Squad/Parts/Structural/stackAdapters/Assets/adapterLargeSmallTri
[LOG 18:33:24.705] Load MU model: Squad/Parts/Structural/stationHub/model
[LOG 18:33:24.706] Load MU model: Squad/Parts/Structural/structuralIBeam200/model
[LOG 18:33:24.706] Load MU model: Squad/Parts/Structural/structuralIBeam200Pocket/model
[LOG 18:33:24.706] Load MU model: Squad/Parts/Structural/structuralIBeam650/model
[LOG 18:33:24.706] Load MU model: Squad/Parts/Structural/structuralMicronode/model
[LOG 18:33:24.706] Load MU model: Squad/Parts/Structural/structuralPanel1x1/model
[LOG 18:33:24.707] Load MU model: Squad/Parts/Structural/structuralPanel2x2/model
[LOG 18:33:24.707] Load MU model: Squad/Parts/Structural/structuralPylons/PylonBig
[LOG 18:33:24.707] Load MU model: Squad/Parts/Structural/structuralPylons/PylonSmall
[LOG 18:33:24.707] Load MU model: Squad/Parts/Structural/strutCubicOcto/model
[LOG 18:33:24.707] Load MU model: Squad/Parts/Structural/strutOcto/model
[LOG 18:33:24.708] Load MU model: Squad/Parts/Structural/trussGirderAdapter/model
[LOG 18:33:24.708] Load MU model: Squad/Parts/Structural/trussGirderL/model
[LOG 18:33:24.708] Load MU model: Squad/Parts/Structural/trussGirderXL/model
[LOG 18:33:24.708] Load MU model: Squad/Parts/Thermal/FoldingRadiators/foldingRadLarge
[LOG 18:33:24.714] Load MU model: Squad/Parts/Thermal/FoldingRadiators/foldingRadMed
[LOG 18:33:24.716] Load MU model: Squad/Parts/Thermal/FoldingRadiators/foldingRadSmall
[LOG 18:33:24.718] Load MU model: Squad/Parts/Thermal/RadiatorPanels/radPanelEdge
[LOG 18:33:24.718] Load MU model: Squad/Parts/Thermal/RadiatorPanels/radPanelLg
[LOG 18:33:24.719] Load MU model: Squad/Parts/Thermal/RadiatorPanels/radPanelSm
[LOG 18:33:24.719] Load MU model: Squad/Parts/Utility/commDish88-88/model
[LOG 18:33:24.725] Load MU model: Squad/Parts/Utility/commsAntennaDTS-M1/mediumDishAntenna
[LOG 18:33:24.726] Load MU model: Squad/Parts/Utility/commsDish16/model
[LOG 18:33:24.726] Load MU model: Squad/Parts/Utility/decouplerRadialHDM/model
[LOG 18:33:24.727] Load MU model: Squad/Parts/Utility/decouplerRadialTT-38K/model
[LOG 18:33:24.727] Load MU model: Squad/Parts/Utility/decouplerRadialTT-70/model
[LOG 18:33:24.727] Load MU model: Squad/Parts/Utility/DirectAntennas/HGAntenna
[LOG 18:33:24.728] Load MU model: Squad/Parts/Utility/DirectAntennas/HGAntenna_v2
[LOG 18:33:24.729] Load MU model: Squad/Parts/Utility/DirectAntennas/SurfAntenna
[LOG 18:33:24.729] Load MU model: Squad/Parts/Utility/dockingPort/dockingPort
[LOG 18:33:24.730] Load MU model: Squad/Parts/Utility/dockingPortInline/dockingPortInline
[LOG 18:33:24.731] Load MU model: Squad/Parts/Utility/dockingPortJr/dockingPortJr
[LOG 18:33:24.731] Load MU model: Squad/Parts/Utility/dockingPortShielded/dockingPortShielded
[LOG 18:33:24.732] Load MU model: Squad/Parts/Utility/dockingPortSr/dockingPortSr
[LOG 18:33:24.733] Load MU model: Squad/Parts/Utility/Fireworks/Assets/fireworksLauncherBig
[LOG 18:33:24.733] Load MU model: Squad/Parts/Utility/Fireworks/Assets/fireworksLauncherSmall
[LOG 18:33:24.733] Load MU model: Squad/Parts/Utility/flags/flagFlat/flagFlatMeshes
[LOG 18:33:24.738] Load MU model: Squad/Parts/Utility/flags/flagSize0/flagSize0Meshes
[LOG 18:33:24.741] Load MU model: Squad/Parts/Utility/flags/flagSize1/flagSize1Meshes
[LOG 18:33:24.742] Load MU model: Squad/Parts/Utility/flags/flagSize2/flagSize2Meshes
[LOG 18:33:24.744] Load MU model: Squad/Parts/Utility/flags/flagSize3/flagSize3Meshes
[LOG 18:33:24.745] Load MU model: Squad/Parts/Utility/GrapplingDevice/GrapplingArm
[LOG 18:33:24.750] Load MU model: Squad/Parts/Utility/ladderRadial/model
[LOG 18:33:24.750] Load MU model: Squad/Parts/Utility/ladderTelescopic/model
[LOG 18:33:24.751] Load MU model: Squad/Parts/Utility/ladderTelescopicBay/model
[LOG 18:33:24.753] Load MU model: Squad/Parts/Utility/landingLegLT-1/model
[LOG 18:33:24.754] Load MU model: Squad/Parts/Utility/landingLegLT-2/model
[LOG 18:33:24.755] Load MU model: Squad/Parts/Utility/landingLegLT-5/model
[WRN 18:33:24.757] WheelCollider requires an attached Rigidbody to function.
[WRN 18:33:24.757] WheelCollider requires an attached Rigidbody to function.
[LOG 18:33:24.757] Load MU model: Squad/Parts/Utility/launchClamp1/model
[LOG 18:33:24.758] Load MU model: Squad/Parts/Utility/launchEscapeSystem/LaunchEscapeSystem
[LOG 18:33:24.759] Load MU model: Squad/Parts/Utility/Lights/Assets/light_02
[LOG 18:33:24.759] Load MU model: Squad/Parts/Utility/Lights/Assets/light_03
[LOG 18:33:24.759] Load MU model: Squad/Parts/Utility/Lights/Assets/light_04
[LOG 18:33:24.760] Load MU model: Squad/Parts/Utility/Lights/Assets/light_07
[LOG 18:33:24.760] Load MU model: Squad/Parts/Utility/Lights/Assets/light_08
[LOG 18:33:24.761] Load MU model: Squad/Parts/Utility/Lights/Assets/light_12
[LOG 18:33:24.761] Load MU model: Squad/Parts/Utility/linearVernorRCS/Assets/linearRCS
[LOG 18:33:24.761] Load MU model: Squad/Parts/Utility/linearVernorRCS/Assets/vernorEngine
[LOG 18:33:24.762] Load MU model: Squad/Parts/Utility/mk2CargoBay/BayLarge
[LOG 18:33:24.762] Load MU model: Squad/Parts/Utility/mk2CargoBay/BaySmall
[LOG 18:33:24.763] Load MU model: Squad/Parts/Utility/mk2CrewCabin/model
[LOG 18:33:24.763] Load MU model: Squad/Parts/Utility/mk2DockingPort/mk2Dockingport
[LOG 18:33:24.764] Load MU model: Squad/Parts/Utility/mk3CargoBay/long
[LOG 18:33:24.765] Load MU model: Squad/Parts/Utility/mk3CargoBay/medium
[LOG 18:33:24.766] Load MU model: Squad/Parts/Utility/mk3CargoBay/ramp
[LOG 18:33:24.767] Load MU model: Squad/Parts/Utility/mk3CargoBay/short
[LOG 18:33:24.768] Load MU model: Squad/Parts/Utility/parachuteMk1/model
[LOG 18:33:24.768] Load MU model: Squad/Parts/Utility/parachuteMk12-R/model
[LOG 18:33:24.768] Load MU model: Squad/Parts/Utility/parachuteMk16-XL/model
[LOG 18:33:24.769] Load MU model: Squad/Parts/Utility/parachuteMk2-R/model
[LOG 18:33:24.769] Load MU model: Squad/Parts/Utility/parachuteMk25/model
[LOG 18:33:24.770] Load MU model: Squad/Parts/Utility/radialAttachmentPoint/model
[LOG 18:33:24.770] Load MU model: Squad/Parts/Utility/rcsBlockRV-105_v2/rcsBlock105
[LOG 18:33:24.772] Load MU model: Squad/Parts/Utility/rcsSmallLinear/Assets/RCSLinearSmall
[LOG 18:33:24.773] Load MU model: Squad/Parts/Utility/RelayAntennas/HGAntenna
[LOG 18:33:24.774] Load MU model: Squad/Parts/Utility/RelayAntennas/RA-100
[LOG 18:33:24.775] Load MU model: Squad/Parts/Utility/RelayAntennas/RA-5
[LOG 18:33:24.775] Load MU model: Squad/Parts/Utility/RelayAntennas/RA-50
[LOG 18:33:24.775] Load MU model: Squad/Parts/Utility/rockomaxAdapters/Assets/brandAdapter
[LOG 18:33:24.775] Load MU model: Squad/Parts/Utility/rockomaxAdapters/Assets/brandAdapter02
[LOG 18:33:24.776] Load MU model: Squad/Parts/Utility/ServiceBay_v2/Assets/ServiceBay_125_v2
[LOG 18:33:24.778] Load MU model: Squad/Parts/Utility/ServiceBay_v2/Assets/ServiceBay_250_v2
[LOG 18:33:24.779] Load MU model: Squad/Parts/Utility/smallClaw/smallClaw
[LOG 18:33:24.784] Load MU model: Squad/Parts/Utility/spotLightMk1/model
[LOG 18:33:24.785] Load MU model: Squad/Parts/Utility/spotLightMk1_v2/model
[LOG 18:33:24.785] Load MU model: Squad/Parts/Utility/spotLightMk2/model
[LOG 18:33:24.785] Load MU model: Squad/Parts/Utility/spotLightMk2_v2/model
[LOG 18:33:24.786] Load MU model: Squad/Parts/Utility/stackCouplers/Assets/stackBiCoupler_v2
[LOG 18:33:24.786] Load MU model: Squad/Parts/Utility/stackCouplers/Assets/stackQuadCoupler
[LOG 18:33:24.786] Load MU model: Squad/Parts/Utility/stackCouplers/Assets/stackTriCoupler_v2
[LOG 18:33:24.787] Load MU model: Squad/Parts/Wheel/LandingGear/GearExtraLarge
[WRN 18:33:24.788] WheelCollider requires an attached Rigidbody to function.
[WRN 18:33:24.788] WheelCollider requires an attached Rigidbody to function.
[LOG 18:33:24.789] Load MU model: Squad/Parts/Wheel/LandingGear/GearFixed
[WRN 18:33:24.790] WheelCollider requires an attached Rigidbody to function.
[WRN 18:33:24.790] WheelCollider requires an attached Rigidbody to function.
[LOG 18:33:24.790] Load MU model: Squad/Parts/Wheel/LandingGear/GearFree
[WRN 18:33:24.790] WheelCollider requires an attached Rigidbody to function.
[WRN 18:33:24.790] WheelCollider requires an attached Rigidbody to function.
[LOG 18:33:24.790] Load MU model: Squad/Parts/Wheel/LandingGear/GearLarge
[WRN 18:33:24.790] WheelCollider requires an attached Rigidbody to function.
[WRN 18:33:24.790] WheelCollider requires an attached Rigidbody to function.
[LOG 18:33:24.791] Load MU model: Squad/Parts/Wheel/LandingGear/GearMedium
[WRN 18:33:24.792] WheelCollider requires an attached Rigidbody to function.
[WRN 18:33:24.792] WheelCollider requires an attached Rigidbody to function.
[LOG 18:33:24.792] Load MU model: Squad/Parts/Wheel/LandingGear/GearSmall
[WRN 18:33:24.792] WheelCollider requires an attached Rigidbody to function.
[WRN 18:33:24.792] WheelCollider requires an attached Rigidbody to function.
[LOG 18:33:24.793] Load MU model: Squad/Parts/Wheel/roverWheelM1/model
[WRN 18:33:24.793] WheelCollider requires an attached Rigidbody to function.
[WRN 18:33:24.793] WheelCollider requires an attached Rigidbody to function.
[LOG 18:33:24.793] Load MU model: Squad/Parts/Wheel/roverWheelS2/model
[WRN 18:33:24.793] WheelCollider requires an attached Rigidbody to function.
[WRN 18:33:24.793] WheelCollider requires an attached Rigidbody to function.
[LOG 18:33:24.794] Load MU model: Squad/Parts/Wheel/roverWheelTR-2L/model
[WRN 18:33:24.794] WheelCollider requires an attached Rigidbody to function.
[WRN 18:33:24.794] WheelCollider requires an attached Rigidbody to function.
[LOG 18:33:24.794] Load MU model: Squad/Parts/Wheel/roverWheelXL3/model
[WRN 18:33:24.796] WheelCollider requires an attached Rigidbody to function.
[WRN 18:33:24.796] WheelCollider requires an attached Rigidbody to function.
[LOG 18:33:24.796] Load MU model: Squad/Props/AltimeterThreeHands/model
[LOG 18:33:24.796] Load MU model: Squad/Props/AtmosphereDepth/model
[LOG 18:33:24.796] Load MU model: Squad/Props/AxisIndicator/model
[LOG 18:33:24.797] Load MU model: Squad/Props/buttonsGeneric/circularButton
[LOG 18:33:24.797] Load MU model: Squad/Props/buttonsGeneric/clusterButtons
[LOG 18:33:24.797] Load MU model: Squad/Props/buttonsGeneric/clusterButtons2
[LOG 18:33:24.797] Load MU model: Squad/Props/buttonsGeneric/clusterKnob
[LOG 18:33:24.797] Load MU model: Squad/Props/buttonsGeneric/clusterKnob2
[LOG 18:33:24.798] Load MU model: Squad/Props/buttonsGeneric/clusterMixed
[LOG 18:33:24.798] Load MU model: Squad/Props/buttonsGeneric/clusterSwitches01
[LOG 18:33:24.798] Load MU model: Squad/Props/buttonsGeneric/clusterSwitches02
[LOG 18:33:24.799] Load MU model: Squad/Props/buttonsGeneric/clusterSwitches03
[LOG 18:33:24.799] Load MU model: Squad/Props/buttonsGeneric/clusterSwitches04
[LOG 18:33:24.799] Load MU model: Squad/Props/buttonsGeneric/clusterSwitches05
[LOG 18:33:24.799] Load MU model: Squad/Props/buttonsGeneric/clusterSwitches06
[LOG 18:33:24.800] Load MU model: Squad/Props/buttonsGeneric/clusterSwitches07
[LOG 18:33:24.800] Load MU model: Squad/Props/buttonsGeneric/directionalKnob
[LOG 18:33:24.800] Load MU model: Squad/Props/buttonsGeneric/directionalKnob2
[LOG 18:33:24.800] Load MU model: Squad/Props/buttonsGeneric/pullSwitch
[LOG 18:33:24.800] Load MU model: Squad/Props/buttonsGeneric/squareButton
[LOG 18:33:24.800] Load MU model: Squad/Props/buttonsGeneric/standingSwitch
[LOG 18:33:24.800] Load MU model: Squad/Props/buttonsGeneric/switch
[LOG 18:33:24.801] Load MU model: Squad/Props/buttonsGeneric/switchWithGuards
[LOG 18:33:24.801] Load MU model: Squad/Props/ButtonSquare/model
[LOG 18:33:24.801] Load MU model: Squad/Props/circularButton/model
[LOG 18:33:24.801] Load MU model: Squad/Props/Compass/model
[LOG 18:33:24.801] Load MU model: Squad/Props/directionalKnob/model
[LOG 18:33:24.801] Load MU model: Squad/Props/directionalKnob2/model
[LOG 18:33:24.801] Load MU model: Squad/Props/IndicatorPanel/model
[LOG 18:33:24.802] Load MU model: Squad/Props/IVANavBall/model
[LOG 18:33:24.802] Load MU model: Squad/Props/IVANavBallNoBase/model
[LOG 18:33:24.803] Load MU model: Squad/Props/ledPanelSpeed/model
[LOG 18:33:24.803] Load MU model: Squad/Props/Monitor/MonitorDockingMode
[LOG 18:33:24.803] Load MU model: Squad/Props/NavBall/model
[LOG 18:33:24.804] Load MU model: Squad/Props/PropsGeneric/Button_DockingMode
[LOG 18:33:24.804] Load MU model: Squad/Props/PropsGeneric/CargoBagA
[LOG 18:33:24.808] Load MU model: Squad/Props/PropsGeneric/CargoBagB
[LOG 18:33:24.808] Load MU model: Squad/Props/PropsGeneric/CargoBagC
[LOG 18:33:24.808] Load MU model: Squad/Props/PropsGeneric/Hatch_Plane
[LOG 18:33:24.808] Load MU model: Squad/Props/PropsGeneric/Hatch_Plane_Curve90
[LOG 18:33:24.808] Load MU model: Squad/Props/PropsGeneric/Hatch_Plane_Frame
[LOG 18:33:24.809] Load MU model: Squad/Props/PropsGeneric/Seat_Passenger
[LOG 18:33:24.809] Load MU model: Squad/Props/PropsGeneric/Seat_Pilot
[LOG 18:33:24.809] Load MU model: Squad/Props/PropsGeneric/Seat_Pilot_Helmet
[LOG 18:33:24.809] Load MU model: Squad/Props/PropsGeneric/SideStick
[LOG 18:33:24.809] Load MU model: Squad/Props/pullSwitch/model
[LOG 18:33:24.809] Load MU model: Squad/Props/radarAltitude/model
[LOG 18:33:24.810] Load MU model: Squad/Props/squareButton/model
[LOG 18:33:24.810] Load MU model: Squad/Props/standingSwitch/model
[LOG 18:33:24.810] Load MU model: Squad/Props/switch/model
[LOG 18:33:24.810] Load MU model: Squad/Props/switchGuard/model
[LOG 18:33:24.810] Load MU model: Squad/Props/switchWithGuards/model
[LOG 18:33:24.810] Load MU model: Squad/Props/throttle/model
[LOG 18:33:24.811] Load MU model: Squad/Props/VSI/model
[LOG 18:33:24.811] Load MU model: Squad/Spaces/crewCabinInternals/model
[LOG 18:33:24.812] Load MU model: Squad/Spaces/cupolaInternal/model
[LOG 18:33:24.814] Load MU model: Squad/Spaces/GenericSpace1/model
[LOG 18:33:24.815] Load MU model: Squad/Spaces/GenericSpace3/model
[LOG 18:33:24.817] Load MU model: Squad/Spaces/landerCabinInternals/model
[LOG 18:33:24.818] Load MU model: Squad/Spaces/landerCabinSmallInternal/model
[LOG 18:33:24.819] Load MU model: Squad/Spaces/LargeCrewedLabInternals/Large_Crewed_lab_Int
[LOG 18:33:24.822] Load MU model: Squad/Spaces/Mk1-3/model
[LOG 18:33:24.825] Load MU model: Squad/Spaces/mk1CabinInternal/mk1cabin
[LOG 18:33:24.827] Load MU model: Squad/Spaces/mk1CockpitInternal/Mk1StandardIVA
[LOG 18:33:24.829] Load MU model: Squad/Spaces/mk1InlineInternal/Mk1InlineIVA
[LOG 18:33:24.830] Load MU model: Squad/Spaces/mk1PodCockpit/model
[LOG 18:33:24.831] Load MU model: Squad/Spaces/mk1pod_IVA/mk1pod_IVA
[LOG 18:33:24.832] Load MU model: Squad/Spaces/mk2CockpitStandardInternal/model
[LOG 18:33:24.833] Load MU model: Squad/Spaces/Mk2CrewCabinInternal/MK2_CrewCab_Int
[LOG 18:33:24.835] Load MU model: Squad/Spaces/mk2InlineInternal/mk2InlineIVA
[LOG 18:33:24.838] Load MU model: Squad/Spaces/mk2LanderCanInternal/mk2LanderCanInternal
[LOG 18:33:24.841] Load MU model: Squad/Spaces/MK3CockpitInternal/MK3_Cockpit_Int
[LOG 18:33:24.843] Load MU model: Squad/Spaces/MK3_CrewCab_Int/MK3_CrewCab_Int
[LOG 18:33:24.847] Load MU model: Squad/Spaces/OverlayMasks/CupolaMask
[LOG 18:33:24.847] Load MU model: Squad/Spaces/OverlayMasks/HitchhikerBorder
[LOG 18:33:24.848] Load MU model: Squad/Spaces/OverlayMasks/HitchhikerMask
[LOG 18:33:24.848] Load MU model: Squad/Spaces/OverlayMasks/LargeLabBorder
[LOG 18:33:24.848] Load MU model: Squad/Spaces/OverlayMasks/LargeLabMask
[LOG 18:33:24.848] Load MU model: Squad/Spaces/OverlayMasks/Mk1CabinBorder
[LOG 18:33:24.848] Load MU model: Squad/Spaces/OverlayMasks/Mk1CabinMask
[LOG 18:33:24.848] Load MU model: Squad/Spaces/OverlayMasks/Mk1InlineMask
[LOG 18:33:24.848] Load MU model: Squad/Spaces/OverlayMasks/Mk1InlineMask2
[LOG 18:33:24.849] Load MU model: Squad/Spaces/OverlayMasks/Mk1StandardBorder2
[LOG 18:33:24.849] Load MU model: Squad/Spaces/OverlayMasks/Mk1StandardBorder3
[LOG 18:33:24.849] Load MU model: Squad/Spaces/OverlayMasks/Mk1StandardMask
[LOG 18:33:24.849] Load MU model: Squad/Spaces/OverlayMasks/Mk1StandardMask2
[LOG 18:33:24.849] Load MU model: Squad/Spaces/OverlayMasks/Mk1StandardMask3
[LOG 18:33:24.849] Load MU model: Squad/Spaces/OverlayMasks/Mk2CabinBorder
[LOG 18:33:24.849] Load MU model: Squad/Spaces/OverlayMasks/Mk2CabinMask
[LOG 18:33:24.849] Load MU model: Squad/Spaces/OverlayMasks/Mk2InlineBorder
[LOG 18:33:24.849] Load MU model: Squad/Spaces/OverlayMasks/Mk2InlineMask
[LOG 18:33:24.850] Load MU model: Squad/Spaces/OverlayMasks/Mk2StandardBorder
[LOG 18:33:24.850] Load MU model: Squad/Spaces/OverlayMasks/Mk2StandardMask
[LOG 18:33:24.850] Load MU model: Squad/Spaces/OverlayMasks/Mk3CabinBorder
[LOG 18:33:24.850] Load MU model: Squad/Spaces/OverlayMasks/Mk3CabinMask
[LOG 18:33:24.850] Load MU model: Squad/Spaces/OverlayMasks/Mk3CabinMask2
[LOG 18:33:24.850] Load MU model: Squad/Spaces/OverlayMasks/Mk3ShuttleBorder
[LOG 18:33:24.850] Load MU model: Squad/Spaces/OverlayMasks/Mk3ShuttleMask
[LOG 18:33:24.851] Load MU model: Squad/Spaces/OverlayMasks/Size1LanderBorder
[LOG 18:33:24.851] Load MU model: Squad/Spaces/OverlayMasks/Size1LanderMask
[LOG 18:33:24.851] Load MU model: Squad/Spaces/OverlayMasks/Size1PodBorder
[LOG 18:33:24.851] Load MU model: Squad/Spaces/OverlayMasks/Size1PodMask
[LOG 18:33:24.851] Load MU model: Squad/Spaces/OverlayMasks/Size2LanderBorder
[LOG 18:33:24.851] Load MU model: Squad/Spaces/OverlayMasks/Size2LanderMask
[LOG 18:33:24.851] Load MU model: Squad/Spaces/OverlayMasks/Size2PodBorder
[LOG 18:33:24.851] Load MU model: Squad/Spaces/OverlayMasks/Size2PodMask
[LOG 18:33:24.852] Load MU model: Squad/Spaces/Placeholder/PlaceholderIVA
[LOG 18:33:24.852] Load MU model: Squad/Spaces/PodCockpit/model
[LOG 18:33:24.855] Load MU model: SquadExpansion/MakingHistory/Parts/Aero/protectiveRocketNoseMk5A/Size_1_5_Cone
[LOG 18:33:24.856] Load MU model: SquadExpansion/MakingHistory/Parts/Coupling/Assets/EnginePlate
[LOG 18:33:24.856] Load MU model: SquadExpansion/MakingHistory/Parts/Coupling/Assets/InflatableAirlock
[LOG 18:33:24.857] Load MU model: SquadExpansion/MakingHistory/Parts/Coupling/Assets/Size1_5_Decoupler
[LOG 18:33:24.857] Load MU model: SquadExpansion/MakingHistory/Parts/Engine/Assets/KE-1
[LOG 18:33:24.862] Load MU model: SquadExpansion/MakingHistory/Parts/Engine/Assets/LV-T87
[LOG 18:33:24.863] Load MU model: SquadExpansion/MakingHistory/Parts/Engine/Assets/LV-T91
[LOG 18:33:24.865] Load MU model: SquadExpansion/MakingHistory/Parts/Engine/Assets/RE-I2
[LOG 18:33:24.866] Load MU model: SquadExpansion/MakingHistory/Parts/Engine/Assets/RE-J10
[LOG 18:33:24.867] Load MU model: SquadExpansion/MakingHistory/Parts/Engine/Assets/RK-7
[LOG 18:33:24.869] Load MU model: SquadExpansion/MakingHistory/Parts/Engine/Assets/RV-1
[LOG 18:33:24.870] Load MU model: SquadExpansion/MakingHistory/Parts/Engine/solidBoosterTHK/solidBoosterTHK
[LOG 18:33:24.870] Load MU model: SquadExpansion/MakingHistory/Parts/FuelTank/Assets/MiniMonoTank
[LOG 18:33:24.870] Load MU model: SquadExpansion/MakingHistory/Parts/FuelTank/Assets/Size1_5_Size0_Adapter_01
[LOG 18:33:24.871] Load MU model: SquadExpansion/MakingHistory/Parts/FuelTank/Assets/Size1_5_Size1_Adapter_01
[LOG 18:33:24.871] Load MU model: SquadExpansion/MakingHistory/Parts/FuelTank/Assets/Size1_5_Size1_Adapter_02
[LOG 18:33:24.871] Load MU model: SquadExpansion/MakingHistory/Parts/FuelTank/Assets/Size1_5_Size2_Adapter_01
[LOG 18:33:24.872] Load MU model: SquadExpansion/MakingHistory/Parts/FuelTank/Assets/Size1_5_Tank_01
[LOG 18:33:24.872] Load MU model: SquadExpansion/MakingHistory/Parts/FuelTank/Assets/Size1_5_Tank_02
[LOG 18:33:24.872] Load MU model: SquadExpansion/MakingHistory/Parts/FuelTank/Assets/Size1_5_Tank_03
[LOG 18:33:24.872] Load MU model: SquadExpansion/MakingHistory/Parts/FuelTank/Assets/Size1_5_Tank_04
[LOG 18:33:24.873] Load MU model: SquadExpansion/MakingHistory/Parts/FuelTank/Assets/Size1_5_Tank_05
[LOG 18:33:24.873] Load MU model: SquadExpansion/MakingHistory/Parts/FuelTank/Assets/Size3_Size4_Adapter_01
[LOG 18:33:24.875] Load MU model: SquadExpansion/MakingHistory/Parts/FuelTank/Assets/Size4_EngineAdapter_01
[LOG 18:33:24.876] Load MU model: SquadExpansion/MakingHistory/Parts/FuelTank/Assets/Size4_Tank_01
[LOG 18:33:24.876] Load MU model: SquadExpansion/MakingHistory/Parts/FuelTank/Assets/Size4_Tank_02
[LOG 18:33:24.877] Load MU model: SquadExpansion/MakingHistory/Parts/FuelTank/Assets/Size4_Tank_03
[LOG 18:33:24.877] Load MU model: SquadExpansion/MakingHistory/Parts/FuelTank/Assets/Size4_Tank_04
[LOG 18:33:24.877] Load MU model: SquadExpansion/MakingHistory/Parts/FuelTank/Assets/Size_1p5_Monoprop
[LOG 18:33:24.878] Load MU model: SquadExpansion/MakingHistory/Parts/Ground/Assets/RoverWheel
[WRN 18:33:24.879] WheelCollider requires an attached Rigidbody to function.
[WRN 18:33:24.879] WheelCollider requires an attached Rigidbody to function.
[LOG 18:33:24.879] Load MU model: SquadExpansion/MakingHistory/Parts/Payload/Assets/ServiceModule18
[LOG 18:33:24.880] Load MU model: SquadExpansion/MakingHistory/Parts/Payload/Assets/ServiceModule25
[LOG 18:33:24.881] Load MU model: SquadExpansion/MakingHistory/Parts/Payload/Assets/Size1to0ServiceModule
[LOG 18:33:24.882] Load MU model: SquadExpansion/MakingHistory/Parts/Pods/Assets/Mk2Pod
[LOG 18:33:24.883] Load MU model: SquadExpansion/MakingHistory/Parts/Pods/Assets/RoundPod
[LOG 18:33:24.883] Load MU model: SquadExpansion/MakingHistory/Parts/Pods/Assets/Size1_5_Lander
[LOG 18:33:24.884] Load MU model: SquadExpansion/MakingHistory/Parts/SharedAssets/Shroud1p5x0
[LOG 18:33:24.884] Load MU model: SquadExpansion/MakingHistory/Parts/SharedAssets/Shroud1p5x1
[LOG 18:33:24.884] Load MU model: SquadExpansion/MakingHistory/Parts/SharedAssets/Shroud1p5x2
[LOG 18:33:24.884] Load MU model: SquadExpansion/MakingHistory/Parts/SharedAssets/Shroud1p5x3
[LOG 18:33:24.884] Load MU model: SquadExpansion/MakingHistory/Parts/SharedAssets/Shroud1p5x4
[LOG 18:33:24.885] Load MU model: SquadExpansion/MakingHistory/Parts/SharedAssets/Shroud1x0
[LOG 18:33:24.885] Load MU model: SquadExpansion/MakingHistory/Parts/SharedAssets/Shroud1x1
[LOG 18:33:24.885] Load MU model: SquadExpansion/MakingHistory/Parts/SharedAssets/Shroud1x2
[LOG 18:33:24.885] Load MU model: SquadExpansion/MakingHistory/Parts/SharedAssets/Shroud1x3
[LOG 18:33:24.885] Load MU model: SquadExpansion/MakingHistory/Parts/SharedAssets/Shroud1x4
[LOG 18:33:24.885] Load MU model: SquadExpansion/MakingHistory/Parts/SharedAssets/Shroud2x0
[LOG 18:33:24.885] Load MU model: SquadExpansion/MakingHistory/Parts/SharedAssets/Shroud2x1
[LOG 18:33:24.886] Load MU model: SquadExpansion/MakingHistory/Parts/SharedAssets/Shroud2x2
[LOG 18:33:24.886] Load MU model: SquadExpansion/MakingHistory/Parts/SharedAssets/Shroud2x3
[LOG 18:33:24.886] Load MU model: SquadExpansion/MakingHistory/Parts/SharedAssets/Shroud2x4
[LOG 18:33:24.886] Load MU model: SquadExpansion/MakingHistory/Parts/SharedAssets/Shroud3x0
[LOG 18:33:24.886] Load MU model: SquadExpansion/MakingHistory/Parts/SharedAssets/Shroud3x1
[LOG 18:33:24.886] Load MU model: SquadExpansion/MakingHistory/Parts/SharedAssets/Shroud3x2
[LOG 18:33:24.886] Load MU model: SquadExpansion/MakingHistory/Parts/SharedAssets/Shroud3x3
[LOG 18:33:24.887] Load MU model: SquadExpansion/MakingHistory/Parts/SharedAssets/Shroud3x4
[LOG 18:33:24.887] Load MU model: SquadExpansion/MakingHistory/Parts/SharedAssets/Shroud4x0
[LOG 18:33:24.887] Load MU model: SquadExpansion/MakingHistory/Parts/SharedAssets/Shroud4x1
[LOG 18:33:24.887] Load MU model: SquadExpansion/MakingHistory/Parts/SharedAssets/Shroud4x2
[LOG 18:33:24.887] Load MU model: SquadExpansion/MakingHistory/Parts/SharedAssets/Shroud4x3
[LOG 18:33:24.887] Load MU model: SquadExpansion/MakingHistory/Parts/SharedAssets/Shroud4x4
[LOG 18:33:24.887] Load MU model: SquadExpansion/MakingHistory/Parts/SharedAssets/ShroudCollider0
[LOG 18:33:24.888] Load MU model: SquadExpansion/MakingHistory/Parts/SharedAssets/ShroudCollider1
[LOG 18:33:24.888] Load MU model: SquadExpansion/MakingHistory/Parts/SharedAssets/ShroudCollider1p5
[LOG 18:33:24.889] Load MU model: SquadExpansion/MakingHistory/Parts/SharedAssets/ShroudCollider2
[LOG 18:33:24.889] Load MU model: SquadExpansion/MakingHistory/Parts/SharedAssets/ShroudCollider3
[LOG 18:33:24.889] Load MU model: SquadExpansion/MakingHistory/Parts/SharedAssets/ShroudCollider4
[LOG 18:33:24.889] Load MU model: SquadExpansion/MakingHistory/Parts/Structural/Assets/EquiTriangle0
[LOG 18:33:24.890] Load MU model: SquadExpansion/MakingHistory/Parts/Structural/Assets/EquiTriangle1
[LOG 18:33:24.890] Load MU model: SquadExpansion/MakingHistory/Parts/Structural/Assets/EquiTriangle1p5
[LOG 18:33:24.890] Load MU model: SquadExpansion/MakingHistory/Parts/Structural/Assets/EquiTriangle2
[LOG 18:33:24.890] Load MU model: SquadExpansion/MakingHistory/Parts/Structural/Assets/Panel0
[LOG 18:33:24.890] Load MU model: SquadExpansion/MakingHistory/Parts/Structural/Assets/Panel1
[LOG 18:33:24.890] Load MU model: SquadExpansion/MakingHistory/Parts/Structural/Assets/Panel1p5
[LOG 18:33:24.891] Load MU model: SquadExpansion/MakingHistory/Parts/Structural/Assets/Panel2
[LOG 18:33:24.891] Load MU model: SquadExpansion/MakingHistory/Parts/Structural/Assets/Triangle0
[LOG 18:33:24.891] Load MU model: SquadExpansion/MakingHistory/Parts/Structural/Assets/Triangle1
[LOG 18:33:24.891] Load MU model: SquadExpansion/MakingHistory/Parts/Structural/Assets/Triangle1p5
[LOG 18:33:24.891] Load MU model: SquadExpansion/MakingHistory/Parts/Structural/Assets/Triangle2
[LOG 18:33:24.891] Load MU model: SquadExpansion/MakingHistory/Parts/Utility/flags/flagSize1p5/flagSize1p5Meshes
[LOG 18:33:24.893] Load MU model: SquadExpansion/MakingHistory/Parts/Utility/flags/flagSize4/flagSize4Meshes
[LOG 18:33:24.894] Load MU model: SquadExpansion/MakingHistory/Spaces/KVPods/Airlock_IVA
[LOG 18:33:24.895] Load MU model: SquadExpansion/MakingHistory/Spaces/KVPods/KV1_IVA
[LOG 18:33:24.896] Load MU model: SquadExpansion/MakingHistory/Spaces/KVPods/KV2_IVA
[LOG 18:33:24.898] Load MU model: SquadExpansion/MakingHistory/Spaces/KVPods/KV3_IVA
[LOG 18:33:24.901] Load MU model: SquadExpansion/MakingHistory/Spaces/MEM/MEM_IVA
[LOG 18:33:24.903] Load MU model: SquadExpansion/MakingHistory/Spaces/Mk2Pod/MK2POD_IVA
[LOG 18:33:24.904] Load MU model: SquadExpansion/Serenity/Parts/Aero/Assets/FanShroud_01
[LOG 18:33:24.905] Load MU model: SquadExpansion/Serenity/Parts/Aero/Assets/FanShroud_02
[LOG 18:33:24.906] Load MU model: SquadExpansion/Serenity/Parts/Aero/Assets/FanShroud_03
[LOG 18:33:24.906] Load MU model: SquadExpansion/Serenity/Parts/Aero/Assets/noseconeTiny
[LOG 18:33:24.907] Load MU model: SquadExpansion/Serenity/Parts/Aero/Assets/noseconeVS
[LOG 18:33:24.907] Load MU model: SquadExpansion/Serenity/Parts/DeployedScience/Assets/CentralStation
[LOG 18:33:24.910] Load MU model: SquadExpansion/Serenity/Parts/DeployedScience/Assets/GoExOb
[LOG 18:33:24.913] Load MU model: SquadExpansion/Serenity/Parts/DeployedScience/Assets/IonExperiment
[LOG 18:33:24.914] Load MU model: SquadExpansion/Serenity/Parts/DeployedScience/Assets/RTGCask
[LOG 18:33:24.915] Load MU model: SquadExpansion/Serenity/Parts/DeployedScience/Assets/satDish
[LOG 18:33:24.918] Load MU model: SquadExpansion/Serenity/Parts/DeployedScience/Assets/seismicSensor
[LOG 18:33:24.922] Load MU model: SquadExpansion/Serenity/Parts/DeployedScience/Assets/solarPanel
[LOG 18:33:24.924] Load MU model: SquadExpansion/Serenity/Parts/DeployedScience/Assets/WeatherStation
[LOG 18:33:24.928] Load MU model: SquadExpansion/Serenity/Parts/Propellers/Assets/largeFanBlade
[LOG 18:33:24.928] Load MU model: SquadExpansion/Serenity/Parts/Propellers/Assets/largeHeliBlade
[LOG 18:33:24.928] Load MU model: SquadExpansion/Serenity/Parts/Propellers/Assets/largePropeller
[LOG 18:33:24.928] Load MU model: SquadExpansion/Serenity/Parts/Propellers/Assets/mediumFanBlade
[LOG 18:33:24.928] Load MU model: SquadExpansion/Serenity/Parts/Propellers/Assets/mediumHeliBlade
[LOG 18:33:24.929] Load MU model: SquadExpansion/Serenity/Parts/Propellers/Assets/mediumPropeller
[LOG 18:33:24.929] Load MU model: SquadExpansion/Serenity/Parts/Propellers/Assets/smallFanBlade
[LOG 18:33:24.929] Load MU model: SquadExpansion/Serenity/Parts/Propellers/Assets/smallHeliBlade
[LOG 18:33:24.929] Load MU model: SquadExpansion/Serenity/Parts/Propellers/Assets/smallPropeller
[LOG 18:33:24.930] Load MU model: SquadExpansion/Serenity/Parts/Robotics/Assets/hinge_01
[LOG 18:33:24.930] Load MU model: SquadExpansion/Serenity/Parts/Robotics/Assets/hinge_01_s
[LOG 18:33:24.930] Load MU model: SquadExpansion/Serenity/Parts/Robotics/Assets/hinge_03
[LOG 18:33:24.931] Load MU model: SquadExpansion/Serenity/Parts/Robotics/Assets/hinge_03_s
[LOG 18:33:24.931] Load MU model: SquadExpansion/Serenity/Parts/Robotics/Assets/hinge_04
[LOG 18:33:24.932] Load MU model: SquadExpansion/Serenity/Parts/Robotics/Assets/piston_01
[LOG 18:33:24.932] Load MU model: SquadExpansion/Serenity/Parts/Robotics/Assets/piston_02
[LOG 18:33:24.933] Load MU model: SquadExpansion/Serenity/Parts/Robotics/Assets/piston_03
[LOG 18:33:24.933] Load MU model: SquadExpansion/Serenity/Parts/Robotics/Assets/piston_04
[LOG 18:33:24.933] Load MU model: SquadExpansion/Serenity/Parts/Robotics/Assets/RotorEngine_02
[LOG 18:33:24.934] Load MU model: SquadExpansion/Serenity/Parts/Robotics/Assets/RotorEngine_03
[LOG 18:33:24.935] Load MU model: SquadExpansion/Serenity/Parts/Robotics/Assets/rotor_01
[LOG 18:33:24.935] Load MU model: SquadExpansion/Serenity/Parts/Robotics/Assets/rotor_01s
[LOG 18:33:24.936] Load MU model: SquadExpansion/Serenity/Parts/Robotics/Assets/rotor_02
[LOG 18:33:24.937] Load MU model: SquadExpansion/Serenity/Parts/Robotics/Assets/rotor_02s
[LOG 18:33:24.938] Load MU model: SquadExpansion/Serenity/Parts/Robotics/Assets/rotor_03
[LOG 18:33:24.938] Load MU model: SquadExpansion/Serenity/Parts/Robotics/Assets/rotor_03s
[LOG 18:33:24.939] Load MU model: SquadExpansion/Serenity/Parts/Robotics/Assets/RotoServo_00
[LOG 18:33:24.939] Load MU model: SquadExpansion/Serenity/Parts/Robotics/Assets/RotoServo_02
[LOG 18:33:24.940] Load MU model: SquadExpansion/Serenity/Parts/Robotics/Assets/RotoServo_03
[LOG 18:33:24.940] Load MU model: SquadExpansion/Serenity/Parts/Robotics/Assets/RotoServo_04
[LOG 18:33:24.940] Load MU model: SquadExpansion/Serenity/Parts/Robotics/Controllers/controller1000
[LOG 18:33:24.940] Load MU model: SquadExpansion/Serenity/Parts/Science/RobotArmScanner/Assets/ROCArm_01
[LOG 18:33:24.941] Load MU model: SquadExpansion/Serenity/Parts/Science/RobotArmScanner/Assets/ROCArm_02
[LOG 18:33:24.944] Load MU model: SquadExpansion/Serenity/Parts/Science/RobotArmScanner/Assets/ROCArm_03
[LOG 18:33:24.948] Load MU model: SquadExpansion/Serenity/Parts/Structural/gripPads/Assets/lGripPad
[LOG 18:33:24.949] Load MU model: SquadExpansion/Serenity/Parts/Structural/gripPads/Assets/lGripStrip
[LOG 18:33:24.949] Load MU model: SquadExpansion/Serenity/Parts/Structural/gripPads/Assets/mGripPad
[LOG 18:33:24.949] Load MU model: SquadExpansion/Serenity/Parts/Structural/gripPads/Assets/sGripPad
[LOG 18:33:24.949] Load MU model: SquadExpansion/Serenity/Parts/Structural/gripPads/Assets/sGripStrip
[LOG 18:33:24.950] Loading Asset Bundle Definitions
[LOG 18:33:24.951] AssetLoader: Loading bundle definitions
[LOG 18:33:25.095] AssetLoader: Loaded bundle 'squadcore'
[LOG 18:33:25.096] AssetLoader: Loaded bundle 'squadcorefx'
[LOG 18:33:25.096] AssetLoader: Loaded mod bundle 'kspedia'
[LOG 18:33:25.097] AssetLoader: Loaded mod bundle 'kspedia_actionsets'
[LOG 18:33:25.097] AssetLoader: Loaded mod bundle 'kspedia_aircraft'
[LOG 18:33:25.097] AssetLoader: Loaded mod bundle 'kspedia_aircraftbasics'
[LOG 18:33:25.098] AssetLoader: Loaded mod bundle 'kspedia_aircraftbasicsbalance'
[LOG 18:33:25.098] AssetLoader: Loaded mod bundle 'kspedia_aircraftbasicsbalance2'
[LOG 18:33:25.099] AssetLoader: Loaded mod bundle 'kspedia_aircraftbasicscol'
[LOG 18:33:25.099] AssetLoader: Loaded mod bundle 'kspedia_aircraftbasicscontrol'
[LOG 18:33:25.099] AssetLoader: Loaded mod bundle 'kspedia_aircraftbasicscontrolsurfaces'
[LOG 18:33:25.100] AssetLoader: Loaded mod bundle 'kspedia_aircraftbasicsdrag'
[LOG 18:33:25.100] AssetLoader: Loaded mod bundle 'kspedia_aircraftbasicsengines'
[LOG 18:33:25.100] AssetLoader: Loaded mod bundle 'kspedia_aircraftbasicsforces'
[LOG 18:33:25.101] AssetLoader: Loaded mod bundle 'kspedia_aircraftbasicsintakes'
[LOG 18:33:25.101] AssetLoader: Loaded mod bundle 'kspedia_aircraftbasicslandinggear'
[LOG 18:33:25.102] AssetLoader: Loaded mod bundle 'kspedia_aircraftbasicslift'
[LOG 18:33:25.102] AssetLoader: Loaded mod bundle 'kspedia_axisgroups'
[LOG 18:33:25.102] AssetLoader: Loaded mod bundle 'kspedia_career'
[LOG 18:33:25.102] AssetLoader: Loaded mod bundle 'kspedia_careerbasicscontracts'
[LOG 18:33:25.103] AssetLoader: Loaded mod bundle 'kspedia_careerbasicscrew'
[LOG 18:33:25.103] AssetLoader: Loaded mod bundle 'kspedia_careerbasicscurrencies'
[LOG 18:33:25.103] AssetLoader: Loaded mod bundle 'kspedia_careerbasicsexperience'
[LOG 18:33:25.104] AssetLoader: Loaded mod bundle 'kspedia_careerbasicsfacilities'
[LOG 18:33:25.104] AssetLoader: Loaded mod bundle 'kspedia_careerbasicsstrategies'
[LOG 18:33:25.104] AssetLoader: Loaded mod bundle 'kspedia_careerbasicstechnology'
[LOG 18:33:25.104] AssetLoader: Loaded mod bundle 'kspedia_careerui-ac'
[LOG 18:33:25.105] AssetLoader: Loaded mod bundle 'kspedia_careerui-admin'
[LOG 18:33:25.105] AssetLoader: Loaded mod bundle 'kspedia_careerui-ksc'
[LOG 18:33:25.105] AssetLoader: Loaded mod bundle 'kspedia_careerui-mc'
[LOG 18:33:25.105] AssetLoader: Loaded mod bundle 'kspedia_careerui-sciencearchives'
[LOG 18:33:25.106] AssetLoader: Loaded mod bundle 'kspedia_careerui-techtree'
[LOG 18:33:25.106] AssetLoader: Loaded mod bundle 'kspedia_careerui-ts'
[LOG 18:33:25.106] AssetLoader: Loaded mod bundle 'kspedia_careerui'
[LOG 18:33:25.107] AssetLoader: Loaded mod bundle 'kspedia_cargoapp'
[LOG 18:33:25.107] AssetLoader: Loaded mod bundle 'kspedia_cargomode'
[LOG 18:33:25.107] AssetLoader: Loaded mod bundle 'kspedia_cargosystem-placeableparts'
[LOG 18:33:25.107] AssetLoader: Loaded mod bundle 'kspedia_cargosystem'
[LOG 18:33:25.108] AssetLoader: Loaded mod bundle 'kspedia_chute'
[LOG 18:33:25.108] AssetLoader: Loaded mod bundle 'kspedia_commnet'
[LOG 18:33:25.108] AssetLoader: Loaded mod bundle 'kspedia_commnetbasics'
[LOG 18:33:25.108] AssetLoader: Loaded mod bundle 'kspedia_commnetbuildingeffectivenetworks'
[LOG 18:33:25.109] AssetLoader: Loaded mod bundle 'kspedia_commnetcalculatingrange'
[LOG 18:33:25.109] AssetLoader: Loaded mod bundle 'kspedia_commnetcontrollevels'
[LOG 18:33:25.109] AssetLoader: Loaded mod bundle 'kspedia_commnetcontrollinks'
[LOG 18:33:25.109] AssetLoader: Loaded mod bundle 'kspedia_commnetcontrolpoints'
[LOG 18:33:25.110] AssetLoader: Loaded mod bundle 'kspedia_commnetgui'
[LOG 18:33:25.110] AssetLoader: Loaded mod bundle 'kspedia_commnetgui01'
[LOG 18:33:25.110] AssetLoader: Loaded mod bundle 'kspedia_commnetgui02'
[LOG 18:33:25.110] AssetLoader: Loaded mod bundle 'kspedia_commnetrange'
[LOG 18:33:25.110] AssetLoader: Loaded mod bundle 'kspedia_commnetrelays'
[LOG 18:33:25.111] AssetLoader: Loaded mod bundle 'kspedia_commnetsciencetransmission'
[LOG 18:33:25.111] AssetLoader: Loaded mod bundle 'kspedia_commnetsignalstrength'
[LOG 18:33:25.111] AssetLoader: Loaded mod bundle 'kspedia_commnettransmission'
[LOG 18:33:25.111] AssetLoader: Loaded mod bundle 'kspedia_constructionui-actiongroups'
[LOG 18:33:25.112] AssetLoader: Loaded mod bundle 'kspedia_constructionui-applauncher'
[LOG 18:33:25.112] AssetLoader: Loaded mod bundle 'kspedia_constructionui-crew'
[LOG 18:33:25.112] AssetLoader: Loaded mod bundle 'kspedia_constructionui-engineersreport'
[LOG 18:33:25.112] AssetLoader: Loaded mod bundle 'kspedia_constructionui-gizmos'
[LOG 18:33:25.113] AssetLoader: Loaded mod bundle 'kspedia_constructionui-infos'
[LOG 18:33:25.113] AssetLoader: Loaded mod bundle 'kspedia_constructionui-partdetails'
[LOG 18:33:25.113] AssetLoader: Loaded mod bundle 'kspedia_constructionui-parts'
[LOG 18:33:25.114] AssetLoader: Loaded mod bundle 'kspedia_constructionui-symmetry'
[LOG 18:33:25.114] AssetLoader: Loaded mod bundle 'kspedia_constructionui-vesseldetails'
[LOG 18:33:25.114] AssetLoader: Loaded mod bundle 'kspedia_constructionui'
[LOG 18:33:25.115] AssetLoader: Loaded mod bundle 'kspedia_controls-dockingmode'
[LOG 18:33:25.115] AssetLoader: Loaded mod bundle 'kspedia_controls-editor'
[LOG 18:33:25.115] AssetLoader: Loaded mod bundle 'kspedia_controls-editorgizmos'
[LOG 18:33:25.115] AssetLoader: Loaded mod bundle 'kspedia_controls-eva'
[LOG 18:33:25.116] AssetLoader: Loaded mod bundle 'kspedia_controls-flight'
[LOG 18:33:25.116] AssetLoader: Loaded mod bundle 'kspedia_controls-flightactivities'
[LOG 18:33:25.116] AssetLoader: Loaded mod bundle 'kspedia_controls-flightdirections'
[LOG 18:33:25.117] AssetLoader: Loaded mod bundle 'kspedia_controls-general'
[LOG 18:33:25.117] AssetLoader: Loaded mod bundle 'kspedia_controls-mapandtime'
[LOG 18:33:25.117] AssetLoader: Loaded mod bundle 'kspedia_controls-mouseconstruction'
[LOG 18:33:25.117] AssetLoader: Loaded mod bundle 'kspedia_controls-mouseflight'
[LOG 18:33:25.118] AssetLoader: Loaded mod bundle 'kspedia_controls-rcs'
[LOG 18:33:25.118] AssetLoader: Loaded mod bundle 'kspedia_controls'
[LOG 18:33:25.118] AssetLoader: Loaded mod bundle 'kspedia_eastereggs'
[LOG 18:33:25.118] AssetLoader: Loaded mod bundle 'kspedia_evaconstructionmode'
[LOG 18:33:25.119] AssetLoader: Loaded mod bundle 'kspedia_facilities-ac'
[LOG 18:33:25.119] AssetLoader: Loaded mod bundle 'kspedia_facilities-admin'
[LOG 18:33:25.119] AssetLoader: Loaded mod bundle 'kspedia_facilities-context'
[LOG 18:33:25.120] AssetLoader: Loaded mod bundle 'kspedia_facilities-ksc'
[LOG 18:33:25.120] AssetLoader: Loaded mod bundle 'kspedia_facilities-launchpad'
[LOG 18:33:25.120] AssetLoader: Loaded mod bundle 'kspedia_facilities-mc'
[LOG 18:33:25.120] AssetLoader: Loaded mod bundle 'kspedia_facilities-randd'
[LOG 18:33:25.120] AssetLoader: Loaded mod bundle 'kspedia_facilities-runway'
[LOG 18:33:25.121] AssetLoader: Loaded mod bundle 'kspedia_facilities-sph'
[LOG 18:33:25.121] AssetLoader: Loaded mod bundle 'kspedia_facilities-ts'
[LOG 18:33:25.121] AssetLoader: Loaded mod bundle 'kspedia_facilities-vab'
[LOG 18:33:25.122] AssetLoader: Loaded mod bundle 'kspedia_flightui-altimeter'
[LOG 18:33:25.122] AssetLoader: Loaded mod bundle 'kspedia_flightui-applauncher'
[LOG 18:33:25.122] AssetLoader: Loaded mod bundle 'kspedia_flightui-evaactivities'
[LOG 18:33:25.123] AssetLoader: Loaded mod bundle 'kspedia_flightui-maneuvermodeeditor'
[LOG 18:33:25.123] AssetLoader: Loaded mod bundle 'kspedia_flightui-maneuvermodeeditorcont'
[LOG 18:33:25.123] AssetLoader: Loaded mod bundle 'kspedia_flightui-maneuvermodeorbit'
[LOG 18:33:25.124] AssetLoader: Loaded mod bundle 'kspedia_flightui-maneuvertoolinfo'
[LOG 18:33:25.124] AssetLoader: Loaded mod bundle 'kspedia_flightui-maneuvertoolmain'
[LOG 18:33:25.124] AssetLoader: Loaded mod bundle 'kspedia_flightui-modecontrol'
[LOG 18:33:25.125] AssetLoader: Loaded mod bundle 'kspedia_flightui-navball'
[LOG 18:33:25.125] AssetLoader: Loaded mod bundle 'kspedia_flightui-partrepairs'
[LOG 18:33:25.125] AssetLoader: Loaded mod bundle 'kspedia_flightui-portraits'
[LOG 18:33:25.126] AssetLoader: Loaded mod bundle 'kspedia_flightui-staging'
[LOG 18:33:25.126] AssetLoader: Loaded mod bundle 'kspedia_flightui-timeandaction'
[LOG 18:33:25.126] AssetLoader: Loaded mod bundle 'kspedia_flightui'
[LOG 18:33:25.126] AssetLoader: Loaded mod bundle 'kspedia_heat'
[LOG 18:33:25.127] AssetLoader: Loaded mod bundle 'kspedia_heatactiveradiators'
[LOG 18:33:25.127] AssetLoader: Loaded mod bundle 'kspedia_heatengines'
[LOG 18:33:25.127] AssetLoader: Loaded mod bundle 'kspedia_heatflow'
[LOG 18:33:25.128] AssetLoader: Loaded mod bundle 'kspedia_heatpart'
[LOG 18:33:25.128] AssetLoader: Loaded mod bundle 'kspedia_heatpassiveradiators'
[LOG 18:33:25.128] AssetLoader: Loaded mod bundle 'kspedia_heatshields'
[LOG 18:33:25.128] AssetLoader: Loaded mod bundle 'kspedia_kerbnet'
[LOG 18:33:25.129] AssetLoader: Loaded mod bundle 'kspedia_kerbnetinterface'
[LOG 18:33:25.129] AssetLoader: Loaded mod bundle 'kspedia_kerbnetmodes'
[LOG 18:33:25.129] AssetLoader: Loaded mod bundle 'kspedia_kerbnetwaypoints'
[LOG 18:33:25.130] AssetLoader: Loaded mod bundle 'kspedia_locations'
[LOG 18:33:25.130] AssetLoader: Loaded mod bundle 'kspedia_manual'
[LOG 18:33:25.130] AssetLoader: Loaded mod bundle 'kspedia_mapui-alarmclockcreation'
[LOG 18:33:25.131] AssetLoader: Loaded mod bundle 'kspedia_mapui-alarmclockmain'
[LOG 18:33:25.131] AssetLoader: Loaded mod bundle 'kspedia_mapui-burnindicator'
[LOG 18:33:25.131] AssetLoader: Loaded mod bundle 'kspedia_mapui-dvtoolsflight'
[LOG 18:33:25.132] AssetLoader: Loaded mod bundle 'kspedia_mapui-dvtoolsvab'
[LOG 18:33:25.132] AssetLoader: Loaded mod bundle 'kspedia_mapui-mannodes'
[LOG 18:33:25.132] AssetLoader: Loaded mod bundle 'kspedia_mapui-orbitnodes'
[LOG 18:33:25.133] AssetLoader: Loaded mod bundle 'kspedia_mapui-orbitnodes2'
[LOG 18:33:25.133] AssetLoader: Loaded mod bundle 'kspedia_mapui'
[LOG 18:33:25.133] AssetLoader: Loaded mod bundle 'kspedia_orbitalbasics-atmosphere'
[LOG 18:33:25.133] AssetLoader: Loaded mod bundle 'kspedia_orbitalbasics-gettingbackdown'
[LOG 18:33:25.134] AssetLoader: Loaded mod bundle 'kspedia_orbitalbasics-gettingupthere'
[LOG 18:33:25.134] AssetLoader: Loaded mod bundle 'kspedia_orbitalbasics-gravityturn'
[LOG 18:33:25.134] AssetLoader: Loaded mod bundle 'kspedia_orbitalbasics-orbits'
[LOG 18:33:25.134] AssetLoader: Loaded mod bundle 'kspedia_orbitalbasics-stayingupthere'
[LOG 18:33:25.135] AssetLoader: Loaded mod bundle 'kspedia_orbitalbasics'
[LOG 18:33:25.135] AssetLoader: Loaded mod bundle 'kspedia_orbitaldefinitions-appe'
[LOG 18:33:25.135] AssetLoader: Loaded mod bundle 'kspedia_orbitaldefinitions-dirandinc'
[LOG 18:33:25.135] AssetLoader: Loaded mod bundle 'kspedia_orbitaldefinitions-directions'
[LOG 18:33:25.135] AssetLoader: Loaded mod bundle 'kspedia_orbitaldefinitions-eccentricity'
[LOG 18:33:25.135] AssetLoader: Loaded mod bundle 'kspedia_orbitaldefinitions'
[LOG 18:33:25.136] AssetLoader: Loaded mod bundle 'kspedia_orbitalmaneuvers-adjustinginclination'
[LOG 18:33:25.136] AssetLoader: Loaded mod bundle 'kspedia_orbitalmaneuvers-deltav'
[LOG 18:33:25.137] AssetLoader: Loaded mod bundle 'kspedia_orbitalmaneuvers-efficiency'
[LOG 18:33:25.137] AssetLoader: Loaded mod bundle 'kspedia_orbitalmaneuvers-hohmanntransfer'
[LOG 18:33:25.137] AssetLoader: Loaded mod bundle 'kspedia_orbitalmaneuvers-hohmanntransfer2'
[LOG 18:33:25.138] AssetLoader: Loaded mod bundle 'kspedia_orbitalmaneuvers-orbittypes'
[LOG 18:33:25.138] AssetLoader: Loaded mod bundle 'kspedia_orbitalmaneuvers-radandantirad'
[LOG 18:33:25.138] AssetLoader: Loaded mod bundle 'kspedia_orbitalmaneuvers-shapingup'
[LOG 18:33:25.138] AssetLoader: Loaded mod bundle 'kspedia_orbitalmaneuvers'
[LOG 18:33:25.139] AssetLoader: Loaded mod bundle 'kspedia_planets-dres'
[LOG 18:33:25.139] AssetLoader: Loaded mod bundle 'kspedia_planets-duna'
[LOG 18:33:25.139] AssetLoader: Loaded mod bundle 'kspedia_planets-eeloo'
[LOG 18:33:25.140] AssetLoader: Loaded mod bundle 'kspedia_planets-eve'
[LOG 18:33:25.140] AssetLoader: Loaded mod bundle 'kspedia_planets-jool'
[LOG 18:33:25.140] AssetLoader: Loaded mod bundle 'kspedia_planets-kerbin'
[LOG 18:33:25.140] AssetLoader: Loaded mod bundle 'kspedia_planets-moho'
[LOG 18:33:25.141] AssetLoader: Loaded mod bundle 'kspedia_planets-sun'
[LOG 18:33:25.141] AssetLoader: Loaded mod bundle 'kspedia_planets-system'
[LOG 18:33:25.141] AssetLoader: Loaded mod bundle 'kspedia_resources-asteroidmining'
[LOG 18:33:25.141] AssetLoader: Loaded mod bundle 'kspedia_resources-conversionmanagement'
[LOG 18:33:25.142] AssetLoader: Loaded mod bundle 'kspedia_resources-drilling'
[LOG 18:33:25.142] AssetLoader: Loaded mod bundle 'kspedia_resources-findingit'
[LOG 18:33:25.142] AssetLoader: Loaded mod bundle 'kspedia_resources-findingit2'
[LOG 18:33:25.142] AssetLoader: Loaded mod bundle 'kspedia_resources-storageandconversion'
[LOG 18:33:25.143] AssetLoader: Loaded mod bundle 'kspedia_resources'
[LOG 18:33:25.143] AssetLoader: Loaded mod bundle 'kspedia_rocketry'
[LOG 18:33:25.143] AssetLoader: Loaded mod bundle 'kspedia_rocketryadvanced-fairings'
[LOG 18:33:25.143] AssetLoader: Loaded mod bundle 'kspedia_rocketryadvanced-girders'
[LOG 18:33:25.144] AssetLoader: Loaded mod bundle 'kspedia_rocketryadvanced'
[LOG 18:33:25.144] AssetLoader: Loaded mod bundle 'kspedia_rocketrybasics'
[LOG 18:33:25.144] AssetLoader: Loaded mod bundle 'kspedia_rocketrybasicsaero'
[LOG 18:33:25.144] AssetLoader: Loaded mod bundle 'kspedia_rocketrybasicscentered'
[LOG 18:33:25.145] AssetLoader: Loaded mod bundle 'kspedia_rocketrybasicschutes'
[LOG 18:33:25.145] AssetLoader: Loaded mod bundle 'kspedia_rocketrybasicscontrol'
[LOG 18:33:25.145] AssetLoader: Loaded mod bundle 'kspedia_rocketrybasicsecrecharging'
[LOG 18:33:25.146] AssetLoader: Loaded mod bundle 'kspedia_rocketrybasicsengines'
[LOG 18:33:25.146] AssetLoader: Loaded mod bundle 'kspedia_rocketrybasicsforces'
[LOG 18:33:25.146] AssetLoader: Loaded mod bundle 'kspedia_rocketrybasicshatchesandladders'
[LOG 18:33:25.146] AssetLoader: Loaded mod bundle 'kspedia_rocketrybasicshibernation'
[LOG 18:33:25.147] AssetLoader: Loaded mod bundle 'kspedia_rocketrybasicsresources'
[LOG 18:33:25.147] AssetLoader: Loaded mod bundle 'kspedia_rocketrybasicsservicecontainers'
[LOG 18:33:25.147] AssetLoader: Loaded mod bundle 'kspedia_rocketrybasicsstability'
[LOG 18:33:25.147] AssetLoader: Loaded mod bundle 'kspedia_rocketrybasicsstabilityassist'
[LOG 18:33:25.148] AssetLoader: Loaded mod bundle 'kspedia_rocketrybasicsstaging'
[LOG 18:33:25.148] AssetLoader: Loaded mod bundle 'kspedia_rocketrybasicssymmetry'
[LOG 18:33:25.149] AssetLoader: Loaded mod bundle 'kspedia_science'
[LOG 18:33:25.149] AssetLoader: Loaded mod bundle 'kspedia_sciencedata'
[LOG 18:33:25.150] AssetLoader: Loaded mod bundle 'kspedia_scienceexperiments'
[LOG 18:33:25.150] AssetLoader: Loaded mod bundle 'kspedia_sciencelab'
[LOG 18:33:25.150] AssetLoader: Loaded mod bundle 'kspedia_sciencetransmitted'
[LOG 18:33:25.151] AssetLoader: Loaded mod bundle 'kspedia_spacetravel'
[LOG 18:33:25.151] AssetLoader: Loaded mod bundle 'kspedia_variantswitcher'
[LOG 18:33:25.151] AssetLoader: Loaded mod bundle 'kspfonts'
[LOG 18:33:25.305] AssetLoader: Loaded bundle 'squadcore'
[LOG 18:33:25.306] AssetLoader: Loaded bundle 'squadcorefx'
[LOG 18:33:25.307] AssetLoader: Loaded mod bundle 'kspedia_builder'
[LOG 18:33:25.307] AssetLoader: Loaded mod bundle 'kspedia_buildertoolbar'
[LOG 18:33:25.307] AssetLoader: Loaded mod bundle 'kspedia_canvas'
[LOG 18:33:25.307] AssetLoader: Loaded mod bundle 'kspedia_exportingvalidation'
[LOG 18:33:25.308] AssetLoader: Loaded mod bundle 'kspedia_flight'
[LOG 18:33:25.308] AssetLoader: Loaded mod bundle 'kspedia_flightapp'
[LOG 18:33:25.308] AssetLoader: Loaded mod bundle 'kspedia_gap'
[LOG 18:33:25.308] AssetLoader: Loaded mod bundle 'kspedia_gaptools'
[LOG 18:33:25.309] AssetLoader: Loaded mod bundle 'kspedia_makinghistory'
[LOG 18:33:25.309] AssetLoader: Loaded mod bundle 'kspedia_missionbriefing'
[LOG 18:33:25.309] AssetLoader: Loaded mod bundle 'kspedia_nodedocking'
[LOG 18:33:25.309] AssetLoader: Loaded mod bundle 'kspedia_nodesconnectors'
[LOG 18:33:25.310] AssetLoader: Loaded mod bundle 'kspedia_sap'
[LOG 18:33:25.310] AssetLoader: Loaded mod bundle 'kspedia_sidebar'
[LOG 18:33:25.310] AssetLoader: Loaded mod bundle 'kspedia_testingcheckpoints'
[LOG 18:33:25.311] AssetLoader: Loaded bundle 'makinghistory'
[LOG 18:33:25.311] AssetLoader: Loaded mod bundle 'kspedia_bladecyclic-collective-behaviour'
[LOG 18:33:25.311] AssetLoader: Loaded mod bundle 'kspedia_bladecyclic-collective-controls'
[LOG 18:33:25.311] AssetLoader: Loaded mod bundle 'kspedia_deployedscience-experiments'
[LOG 18:33:25.312] AssetLoader: Loaded mod bundle 'kspedia_deployedscience'
[LOG 18:33:25.312] AssetLoader: Loaded mod bundle 'kspedia_grippads'
[LOG 18:33:25.312] AssetLoader: Loaded mod bundle 'kspedia_layindtracks'
[LOG 18:33:25.313] AssetLoader: Loaded mod bundle 'kspedia_propellers'
[LOG 18:33:25.313] AssetLoader: Loaded mod bundle 'kspedia_propellersaerodynamics'
[LOG 18:33:25.313] AssetLoader: Loaded mod bundle 'kspedia_roboticcontroller'
[LOG 18:33:25.314] AssetLoader: Loaded mod bundle 'kspedia_roboticparts'
[LOG 18:33:25.314] AssetLoader: Loaded mod bundle 'kspedia_surface features-overview'
[LOG 18:33:25.314] AssetLoader: Loaded mod bundle 'kspedia_surface features-roverarmdetails'
[LOG 18:33:25.315] AssetLoader: Loaded mod bundle 'kspedia_trackeditor'
[LOG 18:33:25.315] AssetLoader: Loaded mod bundle 'kspedia_trackeditortoolbar'
[LOG 18:33:25.315] AssetLoader: Loaded mod bundle 'serenity'
[LOG 18:33:25.316] AssetLoader: Finished loading. 226 bundle definitions loaded.
[LOG 18:33:25.317] Compiling Configs:
[LOG 18:33:25.317] Config(PHYSICSGLOBALS) /Physics/PHYSICSGLOBALS
[LOG 18:33:25.317] Config(KSP_COMMUNITY_FIXES) KSPCommunityFixes/Settings/KSP_COMMUNITY_FIXES
[LOG 18:33:25.317] Config(Localization) KSPCommunityFixes/Localization/en-us/Localization
[LOG 18:33:25.317] Config(Localization) KSPCommunityFixes/Localization/fr-fr/Localization
[LOG 18:33:25.317] Config(Localization) KSPCommunityFixes/Localization/ru/Localization
[LOG 18:33:25.317] Config(Localization) KSPCommunityFixes/Localization/zh-cn/Localization
[LOG 18:33:25.317] Config(@PART[*]:HAS[@MODULE[ModuleDockingNodeFixed]]:NEEDS[FixDockingNodes]:FINAL) KSPCommunityFixes/MMPatches/ModSupport/FixDockingNodes/@PART[*]:HAS[@MODULE[ModuleDockingNodeFixed]]:NEEDS[FixDockingNodes]:FINAL
[LOG 18:33:25.317] Config(@PART[*]:HAS[@MODULE[Refunding]]:LAST[999_KSP-Recall]) KSPCommunityFixes/MMPatches/ModSupport/KSPRecall/@PART[*]:HAS[@MODULE[Refunding]]:LAST[999_KSP-Recall]
[LOG 18:33:25.317] Config(@PART[*]:HAS[#hasRefundingOnRecovery[?rue]]:LAST[999_KSP-Recall]) KSPCommunityFixes/MMPatches/ModSupport/KSPRecall/@PART[*]:HAS[#hasRefundingOnRecovery[?rue]]:LAST[999_KSP-Recall]
[LOG 18:33:25.318] Config(@PART[*]:HAS[#hasRefundingOnRecovery]:LAST[999_KSP-Recall]) KSPCommunityFixes/MMPatches/ModSupport/KSPRecall/@PART[*]:HAS[#hasRefundingOnRecovery]:LAST[999_KSP-Recall]
[LOG 18:33:25.318] Config(@KSP-Recall:LAST[999_KSP-Recall]) KSPCommunityFixes/MMPatches/ModSupport/KSPRecall/@KSP-Recall:LAST[999_KSP-Recall]
[LOG 18:33:25.318] Config(@KSP-Recall:HAS[#hasRefundingOnRecovery[?rue]]:LAST[999_KSP-Recall]) KSPCommunityFixes/MMPatches/ModSupport/KSPRecall/@KSP-Recall:HAS[#hasRefundingOnRecovery[?rue]]:LAST[999_KSP-Recall]
[LOG 18:33:25.318] Config(@KSP-Recall:HAS[#hasRefundingOnRecovery]:LAST[999_KSP-Recall]) KSPCommunityFixes/MMPatches/ModSupport/KSPRecall/@KSP-Recall:HAS[#hasRefundingOnRecovery]:LAST[999_KSP-Recall]
[LOG 18:33:25.318] Config(@KSP_COMMUNITY_FIXES:NEEDS[AttachedOnEditor]) KSPCommunityFixes/MMPatches/ModSupport/KSPRecall/@KSP_COMMUNITY_FIXES:NEEDS[AttachedOnEditor]
[LOG 18:33:25.318] Config(@KSP_COMMUNITY_FIXES:NEEDS[UniversalStorage2]) KSPCommunityFixes/MMPatches/ModSupport/UniversalStorage/@KSP_COMMUNITY_FIXES:NEEDS[UniversalStorage2]
[LOG 18:33:25.318] Config(@PART[telescopicLadderBay]:FIRST) KSPCommunityFixes/MMPatches/StockTweaks/LadderToggleableLight/@PART[telescopicLadderBay]:FIRST
[LOG 18:33:25.318] Config(@PART[telescopicLadderBay]:HAS[#LadderToggleableLight[?rue]]:FIRST) KSPCommunityFixes/MMPatches/StockTweaks/LadderToggleableLight/@PART[telescopicLadderBay]:HAS[#LadderToggleableLight[?rue]]:FIRST
[LOG 18:33:25.318] Config(@PART[telescopicLadderBay]:HAS[#LadderToggleableLight]:FIRST) KSPCommunityFixes/MMPatches/StockTweaks/LadderToggleableLight/@PART[telescopicLadderBay]:HAS[#LadderToggleableLight]:FIRST
[LOG 18:33:25.318] Config(@PART[GearSmall]:FIRST) KSPCommunityFixes/MMPatches/StockTweaks/LandingGearLights/@PART[GearSmall]:FIRST
[LOG 18:33:25.318] Config(@PART[SmallGearBay]:FIRST) KSPCommunityFixes/MMPatches/StockTweaks/LandingGearLights/@PART[SmallGearBay]:FIRST
[LOG 18:33:25.318] Config(@PART[sasModule]:FOR[KSPCommunityFixes]) KSPCommunityFixes/MMPatches/StockTweaks/ManufacturerFixes/@PART[sasModule]:FOR[KSPCommunityFixes]
[LOG 18:33:25.318] Config(@PART[xenonTankRadial]:FOR[KSPCommunityFixes]) KSPCommunityFixes/MMPatches/StockTweaks/ManufacturerFixes/@PART[xenonTankRadial]:FOR[KSPCommunityFixes]
[LOG 18:33:25.318] Config(@PART[winglet|fireworksLauncherSmall|fireworksLauncherBig]:FOR[KSPCommunityFixes]) KSPCommunityFixes/MMPatches/StockTweaks/ManufacturerFixes/@PART[winglet|fireworksLauncherSmall|fireworksLauncherBig]:FOR[KSPCommunityFixes]
[LOG 18:33:25.318] Config(@PART[solidBooster_sm_v2|solidBooster_v2]:FOR[KSPCommunityFixes]) KSPCommunityFixes/MMPatches/StockTweaks/ManufacturerFixes/@PART[solidBooster_sm_v2|solidBooster_v2]:FOR[KSPCommunityFixes]
[LOG 18:33:25.318] Config(@PART[ServiceBay_125_v2|ServiceBay_250_v2]:FOR[KSPCommunityFixes]) KSPCommunityFixes/MMPatches/StockTweaks/ManufacturerFixes/@PART[ServiceBay_125_v2|ServiceBay_250_v2]:FOR[KSPCommunityFixes]
[LOG 18:33:25.318] Config(@PART[externalTankCapsule]:FOR[KSPCommunityFixes]) KSPCommunityFixes/MMPatches/StockTweaks/ManufacturerFixes/@PART[externalTankCapsule]:FOR[KSPCommunityFixes]
[LOG 18:33:25.318] Config(@PART[RCSFuelTank|rcsTankMini|RCSTank1-2]:FOR[KSPCommunityFixes]) KSPCommunityFixes/MMPatches/StockTweaks/ManufacturerFixes/@PART[RCSFuelTank|rcsTankMini|RCSTank1-2]:FOR[KSPCommunityFixes]
[LOG 18:33:25.318] Config(@PART[landerCabinSmall]:FOR[KSPCommunityFixes]) KSPCommunityFixes/MMPatches/StockTweaks/ManufacturerFixes/@PART[landerCabinSmall]:FOR[KSPCommunityFixes]
[LOG 18:33:25.318] Config(@PART[dockingPortLateral]:FOR[KSPCommunityFixes]) KSPCommunityFixes/MMPatches/StockTweaks/ManufacturerFixes/@PART[dockingPortLateral]:FOR[KSPCommunityFixes]
[LOG 18:33:25.318] Config(@PART[EnginePlate4]:FOR[KSPCommunityFixes]:NEEDS[SquadExpansion/MakingHistory]) KSPCommunityFixes/MMPatches/StockTweaks/ManufacturerFixes/@PART[EnginePlate4]:FOR[KSPCommunityFixes]:NEEDS[SquadExpansion/MakingHistory]
[LOG 18:33:25.318] Config(@PART[Mk2Pod]:FOR[KSPCommunityFixes]:NEEDS[SquadExpansion/MakingHistory]) KSPCommunityFixes/MMPatches/StockTweaks/ManufacturerFixes/@PART[Mk2Pod]:FOR[KSPCommunityFixes]:NEEDS[SquadExpansion/MakingHistory]
[LOG 18:33:25.318] Config(@PART[evaChute|parachuteSingle|parachuteRadial|radialDrogue|parachuteLarge|parachuteDrogue]:FOR[KSPCommunityFixes]) KSPCommunityFixes/MMPatches/StockTweaks/ManufacturerFixes/@PART[evaChute|parachuteSingle|parachuteRadial|radialDrogue|parachuteLarge|parachuteDrogue]:FOR[KSPCommunityFixes]
[LOG 18:33:25.318] Config(@PART[stackPoint1|dockingPort1|dockingPort2|dockingPort3|dockingPortLarge]:FOR[KSPCommunityFixes]) KSPCommunityFixes/MMPatches/StockTweaks/ManufacturerFixes/@PART[stackPoint1|dockingPort1|dockingPort2|dockingPort3|dockingPortLarge]:FOR[KSPCommunityFixes]
[LOG 18:33:25.318] Config(AGENT) KSPCommunityFixes/MMPatches/StockTweaks/ManufacturerFixes/Clamp-O-Tron
[LOG 18:33:25.318] Config(AGENT) KSPCommunityFixes/MMPatches/StockTweaks/ManufacturerFixes/FreeFall Parachutes
[LOG 18:33:25.319] Config(AGENT) KSPCommunityFixes/MMPatches/StockTweaks/ManufacturerFixes/LightYear Tire Company
[LOG 18:33:25.319] Config(AGENT) KSPCommunityFixes/MMPatches/StockTweaks/ManufacturerFixes/Stratus Corporation
[LOG 18:33:25.319] Config(Localization) KSPCommunityFixes/MMPatches/StockTweaks/ManufacturerFixes/Localization
[LOG 18:33:25.319] Config(AGENT) Squad/Agencies/Agents/C7 Aerospace Division
[LOG 18:33:25.319] Config(AGENT) Squad/Agencies/Agents/Dinkelstein Kerman's Construction Emporium
[LOG 18:33:25.319] Config(AGENT) Squad/Agencies/Agents/Experimental Engineering Group
[LOG 18:33:25.319] Config(AGENT) Squad/Agencies/Agents/FLOOYD Dynamics Research Labs
[LOG 18:33:25.319] Config(AGENT) Squad/Agencies/Agents/Goliath National Products
[LOG 18:33:25.319] Config(AGENT) Squad/Agencies/Agents/Integrated Integrals
[LOG 18:33:25.319] Config(AGENT) Squad/Agencies/Agents/Ionic Symphonic Protonic Electronics
[LOG 18:33:25.319] Config(AGENT) Squad/Agencies/Agents/Jebediah Kerman's Junkyard and Spacecraft Parts Co
[LOG 18:33:25.319] Config(AGENT) Squad/Agencies/Agents/Kerbal Motion LLC
[LOG 18:33:25.319] Config(AGENT) Squad/Agencies/Agents/Kerbin World-Firsts Record-Keeping Society
[LOG 18:33:25.319] Config(AGENT) Squad/Agencies/Agents/Kerbodyne
[LOG 18:33:25.319] Config(AGENT) Squad/Agencies/Agents/Kerlington Model Rockets and Paper Products Inc
[LOG 18:33:25.319] Config(AGENT) Squad/Agencies/Agents/Maxo Construction Toys
[LOG 18:33:25.319] Config(AGENT) Squad/Agencies/Agents/Moving Parts Experts Group
[LOG 18:33:25.319] Config(AGENT) Squad/Agencies/Agents/O.M.B. Demolition Enterprises
[LOG 18:33:25.319] Config(AGENT) Squad/Agencies/Agents/Periapsis Rocket Supplies Co
[LOG 18:33:25.319] Config(AGENT) Squad/Agencies/Agents/Probodobodyne Inc
[LOG 18:33:25.319] Config(AGENT) Squad/Agencies/Agents/Research & Development Department
[LOG 18:33:25.319] Config(AGENT) Squad/Agencies/Agents/Reaction Systems Ltd
[LOG 18:33:25.319] Config(AGENT) Squad/Agencies/Agents/Rockomax Conglomerate
[LOG 18:33:25.319] Config(AGENT) Squad/Agencies/Agents/Rokea Inc
[LOG 18:33:25.319] Config(AGENT) Squad/Agencies/Agents/Sean's Cannery
[LOG 18:33:25.319] Config(AGENT) Squad/Agencies/Agents/STEADLER Engineering Corps
[LOG 18:33:25.319] Config(AGENT) Squad/Agencies/Agents/StrutCo
[LOG 18:33:25.319] Config(AGENT) Squad/Agencies/Agents/Vac-Co Advanced Suction Systems
[LOG 18:33:25.319] Config(AGENT) Squad/Agencies/Agents/WinterOwl Aircraft Emporium
[LOG 18:33:25.319] Config(AGENT) Squad/Agencies/Agents/Zaltonic Electronics
[LOG 18:33:25.320] Config(CONTRACT_CONSTRUCTION_PARTS) Squad/Contracts/constructionContractParts/CONTRACT_CONSTRUCTION_PARTS
[LOG 18:33:25.320] Config(Contracts) Squad/Contracts/Contracts/Contracts
[LOG 18:33:25.320] Config(CONTRACTCRAFT) Squad/Contracts/PrebuiltCraft/prebuiltData/CONTRACTCRAFT
[LOG 18:33:25.320] Config(CONTRACTCRAFT) Squad/Contracts/PrebuiltCraft/OrbitalConstructionContract/orbitalConstructionContractCraft/CONTRACTCRAFT
[LOG 18:33:25.320] Config(CONTRACTCRAFT) Squad/Contracts/PrebuiltCraft/RepairContract/repairContractCraft/CONTRACTCRAFT
[LOG 18:33:25.320] Config(CONTRACTCRAFT) Squad/Contracts/PrebuiltCraft/RoverContract/roverContractCraft/CONTRACTCRAFT
[LOG 18:33:25.320] Config(KEYBOARD_LAYOUT) Squad/Controls/Azerty/#autoLOC_6001233
[LOG 18:33:25.320] Config(PITCH_DOWN) Squad/Controls/Azerty/PITCH_DOWN
[LOG 18:33:25.320] Config(PITCH_UP) Squad/Controls/Azerty/PITCH_UP
[LOG 18:33:25.320] Config(YAW_LEFT) Squad/Controls/Azerty/YAW_LEFT
[LOG 18:33:25.320] Config(YAW_RIGHT) Squad/Controls/Azerty/YAW_RIGHT
[LOG 18:33:25.320] Config(ROLL_LEFT) Squad/Controls/Azerty/ROLL_LEFT
[LOG 18:33:25.320] Config(ROLL_RIGHT) Squad/Controls/Azerty/ROLL_RIGHT
[LOG 18:33:25.320] Config(THROTTLE_UP) Squad/Controls/Azerty/THROTTLE_UP
[LOG 18:33:25.320] Config(THROTTLE_DOWN) Squad/Controls/Azerty/THROTTLE_DOWN
[LOG 18:33:25.320] Config(SAS_HOLD) Squad/Controls/Azerty/SAS_HOLD
[LOG 18:33:25.320] Config(SAS_TOGGLE) Squad/Controls/Azerty/SAS_TOGGLE
[LOG 18:33:25.320] Config(LAUNCH_STAGES) Squad/Controls/Azerty/LAUNCH_STAGES
[LOG 18:33:25.320] Config(Docking_toggleRotLin) Squad/Controls/Azerty/Docking_toggleRotLin
[LOG 18:33:25.320] Config(CAMERA_MODE) Squad/Controls/Azerty/CAMERA_MODE
[LOG 18:33:25.320] Config(CAMERA_NEXT) Squad/Controls/Azerty/CAMERA_NEXT
[LOG 18:33:25.320] Config(PAUSE) Squad/Controls/Azerty/PAUSE
[LOG 18:33:25.320] Config(PRECISION_CTRL) Squad/Controls/Azerty/PRECISION_CTRL
[LOG 18:33:25.320] Config(ZOOM_IN) Squad/Controls/Azerty/ZOOM_IN
[LOG 18:33:25.320] Config(ZOOM_OUT) Squad/Controls/Azerty/ZOOM_OUT
[LOG 18:33:25.320] Config(SCROLL_VIEW_UP) Squad/Controls/Azerty/SCROLL_VIEW_UP
[LOG 18:33:25.320] Config(SCROLL_VIEW_DOWN) Squad/Controls/Azerty/SCROLL_VIEW_DOWN
[LOG 18:33:25.320] Config(SCROLL_ICONS_UP) Squad/Controls/Azerty/SCROLL_ICONS_UP
[LOG 18:33:25.321] Config(SCROLL_ICONS_DOWN) Squad/Controls/Azerty/SCROLL_ICONS_DOWN
[LOG 18:33:25.321] Config(CAMERA_ORBIT_UP) Squad/Controls/Azerty/CAMERA_ORBIT_UP
[LOG 18:33:25.321] Config(CAMERA_ORBIT_DOWN) Squad/Controls/Azerty/CAMERA_ORBIT_DOWN
[LOG 18:33:25.321] Config(CAMERA_ORBIT_LEFT) Squad/Controls/Azerty/CAMERA_ORBIT_LEFT
[LOG 18:33:25.321] Config(CAMERA_ORBIT_RIGHT) Squad/Controls/Azerty/CAMERA_ORBIT_RIGHT
[LOG 18:33:25.321] Config(CAMERA_RESET) Squad/Controls/Azerty/CAMERA_RESET
[LOG 18:33:25.321] Config(CAMERA_MOUSE_TOGGLE) Squad/Controls/Azerty/CAMERA_MOUSE_TOGGLE
[LOG 18:33:25.321] Config(TIME_WARP_INCREASE) Squad/Controls/Azerty/TIME_WARP_INCREASE
[LOG 18:33:25.321] Config(TIME_WARP_DECREASE) Squad/Controls/Azerty/TIME_WARP_DECREASE
[LOG 18:33:25.321] Config(TIME_WARP_STOP) Squad/Controls/Azerty/TIME_WARP_STOP
[LOG 18:33:25.321] Config(MAP_VIEW_TOGGLE) Squad/Controls/Azerty/MAP_VIEW_TOGGLE
[LOG 18:33:25.321] Config(NAVBALL_TOGGLE) Squad/Controls/Azerty/NAVBALL_TOGGLE
[LOG 18:33:25.321] Config(UIMODE_STAGING) Squad/Controls/Azerty/UIMODE_STAGING
[LOG 18:33:25.321] Config(UIMODE_DOCKING) Squad/Controls/Azerty/UIMODE_DOCKING
[LOG 18:33:25.321] Config(TRANSLATE_DOWN) Squad/Controls/Azerty/TRANSLATE_DOWN
[LOG 18:33:25.321] Config(TRANSLATE_UP) Squad/Controls/Azerty/TRANSLATE_UP
[LOG 18:33:25.321] Config(TRANSLATE_LEFT) Squad/Controls/Azerty/TRANSLATE_LEFT
[LOG 18:33:25.321] Config(TRANSLATE_RIGHT) Squad/Controls/Azerty/TRANSLATE_RIGHT
[LOG 18:33:25.321] Config(TRANSLATE_FWD) Squad/Controls/Azerty/TRANSLATE_FWD
[LOG 18:33:25.321] Config(TRANSLATE_BACK) Squad/Controls/Azerty/TRANSLATE_BACK
[LOG 18:33:25.321] Config(RCS_TOGGLE) Squad/Controls/Azerty/RCS_TOGGLE
[LOG 18:33:25.321] Config(FOCUS_NEXT_VESSEL) Squad/Controls/Azerty/FOCUS_NEXT_VESSEL
[LOG 18:33:25.321] Config(FOCUS_PREV_VESSEL) Squad/Controls/Azerty/FOCUS_PREV_VESSEL
[LOG 18:33:25.321] Config(TOGGLE_UI) Squad/Controls/Azerty/TOGGLE_UI
[LOG 18:33:25.321] Config(TOGGLE_STATUS_SCREEN) Squad/Controls/Azerty/TOGGLE_STATUS_SCREEN
[LOG 18:33:25.321] Config(TAKE_SCREENSHOT) Squad/Controls/Azerty/TAKE_SCREENSHOT
[LOG 18:33:25.322] Config(TOGGLE_LABELS) Squad/Controls/Azerty/TOGGLE_LABELS
[LOG 18:33:25.322] Config(TOGGLE_TEMP_GAUGES) Squad/Controls/Azerty/TOGGLE_TEMP_GAUGES
[LOG 18:33:25.322] Config(TOGGLE_TEMP_OVERLAY) Squad/Controls/Azerty/TOGGLE_TEMP_OVERLAY
[LOG 18:33:25.322] Config(TOGGLE_FLIGHT_FORCES) Squad/Controls/Azerty/TOGGLE_FLIGHT_FORCES
[LOG 18:33:25.322] Config(QUICKSAVE) Squad/Controls/Azerty/QUICKSAVE
[LOG 18:33:25.322] Config(QUICKLOAD) Squad/Controls/Azerty/QUICKLOAD
[LOG 18:33:25.322] Config(THROTTLE_CUTOFF) Squad/Controls/Azerty/THROTTLE_CUTOFF
[LOG 18:33:25.322] Config(THROTTLE_FULL) Squad/Controls/Azerty/THROTTLE_FULL
[LOG 18:33:25.322] Config(LANDING_GEAR) Squad/Controls/Azerty/LANDING_GEAR
[LOG 18:33:25.322] Config(HEADLIGHT_TOGGLE) Squad/Controls/Azerty/HEADLIGHT_TOGGLE
[LOG 18:33:25.322] Config(BRAKES) Squad/Controls/Azerty/BRAKES
[LOG 18:33:25.322] Config(TOGGLE_SPACENAV_FLIGHT_CONTROL) Squad/Controls/Azerty/TOGGLE_SPACENAV_FLIGHT_CONTROL
[LOG 18:33:25.322] Config(TOGGLE_SPACENAV_ROLL_LOCK) Squad/Controls/Azerty/TOGGLE_SPACENAV_ROLL_LOCK
[LOG 18:33:25.322] Config(WHEEL_STEER_LEFT) Squad/Controls/Azerty/WHEEL_STEER_LEFT
[LOG 18:33:25.322] Config(WHEEL_STEER_RIGHT) Squad/Controls/Azerty/WHEEL_STEER_RIGHT
[LOG 18:33:25.322] Config(WHEEL_THROTTLE_DOWN) Squad/Controls/Azerty/WHEEL_THROTTLE_DOWN
[LOG 18:33:25.322] Config(WHEEL_THROTTLE_UP) Squad/Controls/Azerty/WHEEL_THROTTLE_UP
[LOG 18:33:25.322] Config(EVA_forward) Squad/Controls/Azerty/EVA_forward
[LOG 18:33:25.322] Config(EVA_back) Squad/Controls/Azerty/EVA_back
[LOG 18:33:25.322] Config(EVA_left) Squad/Controls/Azerty/EVA_left
[LOG 18:33:25.322] Config(EVA_right) Squad/Controls/Azerty/EVA_right
[LOG 18:33:25.322] Config(EVA_yaw_left) Squad/Controls/Azerty/EVA_yaw_left
[LOG 18:33:25.322] Config(EVA_yaw_right) Squad/Controls/Azerty/EVA_yaw_right
[LOG 18:33:25.322] Config(EVA_Pack_forward) Squad/Controls/Azerty/EVA_Pack_forward
[LOG 18:33:25.322] Config(EVA_Pack_back) Squad/Controls/Azerty/EVA_Pack_back
[LOG 18:33:25.322] Config(EVA_Pack_left) Squad/Controls/Azerty/EVA_Pack_left
[LOG 18:33:25.322] Config(EVA_Pack_right) Squad/Controls/Azerty/EVA_Pack_right
[LOG 18:33:25.323] Config(EVA_Pack_up) Squad/Controls/Azerty/EVA_Pack_up
[LOG 18:33:25.323] Config(EVA_Pack_down) Squad/Controls/Azerty/EVA_Pack_down
[LOG 18:33:25.323] Config(EVA_Jump) Squad/Controls/Azerty/EVA_Jump
[LOG 18:33:25.323] Config(EVA_Run) Squad/Controls/Azerty/EVA_Run
[LOG 18:33:25.323] Config(EVA_ToggleMovementMode) Squad/Controls/Azerty/EVA_ToggleMovementMode
[LOG 18:33:25.323] Config(EVA_TogglePack) Squad/Controls/Azerty/EVA_TogglePack
[LOG 18:33:25.323] Config(EVA_Use) Squad/Controls/Azerty/EVA_Use
[LOG 18:33:25.323] Config(EVA_Board) Squad/Controls/Azerty/EVA_Board
[LOG 18:33:25.323] Config(EVA_Orient) Squad/Controls/Azerty/EVA_Orient
[LOG 18:33:25.323] Config(EVA_Lights) Squad/Controls/Azerty/EVA_Lights
[LOG 18:33:25.323] Config(EVA_ChuteDeploy) Squad/Controls/Azerty/EVA_ChuteDeploy
[LOG 18:33:25.323] Config(Editor_pitchUp) Squad/Controls/Azerty/Editor_pitchUp
[LOG 18:33:25.323] Config(Editor_pitchDown) Squad/Controls/Azerty/Editor_pitchDown
[LOG 18:33:25.323] Config(Editor_yawLeft) Squad/Controls/Azerty/Editor_yawLeft
[LOG 18:33:25.323] Config(Editor_yawRight) Squad/Controls/Azerty/Editor_yawRight
[LOG 18:33:25.323] Config(Editor_rollLeft) Squad/Controls/Azerty/Editor_rollLeft
[LOG 18:33:25.323] Config(Editor_rollRight) Squad/Controls/Azerty/Editor_rollRight
[LOG 18:33:25.323] Config(Editor_resetRotation) Squad/Controls/Azerty/Editor_resetRotation
[LOG 18:33:25.323] Config(Editor_modePlace) Squad/Controls/Azerty/Editor_modePlace
[LOG 18:33:25.323] Config(Editor_modeOffset) Squad/Controls/Azerty/Editor_modeOffset
[LOG 18:33:25.323] Config(Editor_modeRotate) Squad/Controls/Azerty/Editor_modeRotate
[LOG 18:33:25.323] Config(Editor_modeRoot) Squad/Controls/Azerty/Editor_modeRoot
[LOG 18:33:25.323] Config(Editor_coordSystem) Squad/Controls/Azerty/Editor_coordSystem
[LOG 18:33:25.323] Config(Editor_toggleSymMethod) Squad/Controls/Azerty/Editor_toggleSymMethod
[LOG 18:33:25.323] Config(Editor_toggleSymMode) Squad/Controls/Azerty/Editor_toggleSymMode
[LOG 18:33:25.323] Config(Editor_toggleAngleSnap) Squad/Controls/Azerty/Editor_toggleAngleSnap
[LOG 18:33:25.323] Config(Editor_fineTweak) Squad/Controls/Azerty/Editor_fineTweak
[LOG 18:33:25.323] Config(Editor_partSearch) Squad/Controls/Azerty/Editor_partSearch
[LOG 18:33:25.323] Config(Editor_zoomScrollModifier) Squad/Controls/Azerty/Editor_zoomScrollModifier
[LOG 18:33:25.323] Config(MODIFIER_KEY) Squad/Controls/Azerty/MODIFIER_KEY
[LOG 18:33:25.324] Config(AbortActionGroup) Squad/Controls/Azerty/AbortActionGroup
[LOG 18:33:25.324] Config(CustomActionGroup1) Squad/Controls/Azerty/CustomActionGroup1
[LOG 18:33:25.324] Config(CustomActionGroup2) Squad/Controls/Azerty/CustomActionGroup2
[LOG 18:33:25.324] Config(CustomActionGroup3) Squad/Controls/Azerty/CustomActionGroup3
[LOG 18:33:25.324] Config(CustomActionGroup4) Squad/Controls/Azerty/CustomActionGroup4
[LOG 18:33:25.324] Config(CustomActionGroup5) Squad/Controls/Azerty/CustomActionGroup5
[LOG 18:33:25.324] Config(CustomActionGroup6) Squad/Controls/Azerty/CustomActionGroup6
[LOG 18:33:25.324] Config(CustomActionGroup7) Squad/Controls/Azerty/CustomActionGroup7
[LOG 18:33:25.324] Config(CustomActionGroup8) Squad/Controls/Azerty/CustomActionGroup8
[LOG 18:33:25.324] Config(CustomActionGroup9) Squad/Controls/Azerty/CustomActionGroup9
[LOG 18:33:25.324] Config(CustomActionGroup10) Squad/Controls/Azerty/CustomActionGroup10
[LOG 18:33:25.324] Config(KEY_MAP) Squad/Controls/Azerty/KEY_MAP
[LOG 18:33:25.324] Config(KEYBOARD_LAYOUT) Squad/Controls/Dvorak/#autoLOC_6001234
[LOG 18:33:25.324] Config(PITCH_DOWN) Squad/Controls/Dvorak/PITCH_DOWN
[LOG 18:33:25.324] Config(PITCH_UP) Squad/Controls/Dvorak/PITCH_UP
[LOG 18:33:25.324] Config(YAW_LEFT) Squad/Controls/Dvorak/YAW_LEFT
[LOG 18:33:25.324] Config(YAW_RIGHT) Squad/Controls/Dvorak/YAW_RIGHT
[LOG 18:33:25.324] Config(ROLL_LEFT) Squad/Controls/Dvorak/ROLL_LEFT
[LOG 18:33:25.324] Config(ROLL_RIGHT) Squad/Controls/Dvorak/ROLL_RIGHT
[LOG 18:33:25.324] Config(THROTTLE_UP) Squad/Controls/Dvorak/THROTTLE_UP
[LOG 18:33:25.324] Config(THROTTLE_DOWN) Squad/Controls/Dvorak/THROTTLE_DOWN
[LOG 18:33:25.324] Config(SAS_HOLD) Squad/Controls/Dvorak/SAS_HOLD
[LOG 18:33:25.324] Config(SAS_TOGGLE) Squad/Controls/Dvorak/SAS_TOGGLE
[LOG 18:33:25.324] Config(LAUNCH_STAGES) Squad/Controls/Dvorak/LAUNCH_STAGES
[LOG 18:33:25.324] Config(Docking_toggleRotLin) Squad/Controls/Dvorak/Docking_toggleRotLin
[LOG 18:33:25.324] Config(CAMERA_MODE) Squad/Controls/Dvorak/CAMERA_MODE
[LOG 18:33:25.324] Config(CAMERA_NEXT) Squad/Controls/Dvorak/CAMERA_NEXT
[LOG 18:33:25.324] Config(PAUSE) Squad/Controls/Dvorak/PAUSE
[LOG 18:33:25.325] Config(PRECISION_CTRL) Squad/Controls/Dvorak/PRECISION_CTRL
[LOG 18:33:25.325] Config(ZOOM_IN) Squad/Controls/Dvorak/ZOOM_IN
[LOG 18:33:25.325] Config(ZOOM_OUT) Squad/Controls/Dvorak/ZOOM_OUT
[LOG 18:33:25.325] Config(SCROLL_VIEW_UP) Squad/Controls/Dvorak/SCROLL_VIEW_UP
[LOG 18:33:25.325] Config(SCROLL_VIEW_DOWN) Squad/Controls/Dvorak/SCROLL_VIEW_DOWN
[LOG 18:33:25.325] Config(SCROLL_ICONS_UP) Squad/Controls/Dvorak/SCROLL_ICONS_UP
[LOG 18:33:25.325] Config(SCROLL_ICONS_DOWN) Squad/Controls/Dvorak/SCROLL_ICONS_DOWN
[LOG 18:33:25.325] Config(CAMERA_ORBIT_UP) Squad/Controls/Dvorak/CAMERA_ORBIT_UP
[LOG 18:33:25.325] Config(CAMERA_ORBIT_DOWN) Squad/Controls/Dvorak/CAMERA_ORBIT_DOWN
[LOG 18:33:25.325] Config(CAMERA_ORBIT_LEFT) Squad/Controls/Dvorak/CAMERA_ORBIT_LEFT
[LOG 18:33:25.325] Config(CAMERA_ORBIT_RIGHT) Squad/Controls/Dvorak/CAMERA_ORBIT_RIGHT
[LOG 18:33:25.325] Config(CAMERA_RESET) Squad/Controls/Dvorak/CAMERA_RESET
[LOG 18:33:25.326] Config(CAMERA_MOUSE_TOGGLE) Squad/Controls/Dvorak/CAMERA_MOUSE_TOGGLE
[LOG 18:33:25.326] Config(TIME_WARP_INCREASE) Squad/Controls/Dvorak/TIME_WARP_INCREASE
[LOG 18:33:25.326] Config(TIME_WARP_DECREASE) Squad/Controls/Dvorak/TIME_WARP_DECREASE
[LOG 18:33:25.326] Config(TIME_WARP_STOP) Squad/Controls/Dvorak/TIME_WARP_STOP
[LOG 18:33:25.326] Config(MAP_VIEW_TOGGLE) Squad/Controls/Dvorak/MAP_VIEW_TOGGLE
[LOG 18:33:25.326] Config(NAVBALL_TOGGLE) Squad/Controls/Dvorak/NAVBALL_TOGGLE
[LOG 18:33:25.326] Config(UIMODE_STAGING) Squad/Controls/Dvorak/UIMODE_STAGING
[LOG 18:33:25.326] Config(UIMODE_DOCKING) Squad/Controls/Dvorak/UIMODE_DOCKING
[LOG 18:33:25.326] Config(TRANSLATE_DOWN) Squad/Controls/Dvorak/TRANSLATE_DOWN
[LOG 18:33:25.326] Config(TRANSLATE_UP) Squad/Controls/Dvorak/TRANSLATE_UP
[LOG 18:33:25.326] Config(TRANSLATE_LEFT) Squad/Controls/Dvorak/TRANSLATE_LEFT
[LOG 18:33:25.326] Config(TRANSLATE_RIGHT) Squad/Controls/Dvorak/TRANSLATE_RIGHT
[LOG 18:33:25.326] Config(TRANSLATE_FWD) Squad/Controls/Dvorak/TRANSLATE_FWD
[LOG 18:33:25.326] Config(TRANSLATE_BACK) Squad/Controls/Dvorak/TRANSLATE_BACK
[LOG 18:33:25.326] Config(RCS_TOGGLE) Squad/Controls/Dvorak/RCS_TOGGLE
[LOG 18:33:25.326] Config(FOCUS_NEXT_VESSEL) Squad/Controls/Dvorak/FOCUS_NEXT_VESSEL
[LOG 18:33:25.326] Config(FOCUS_PREV_VESSEL) Squad/Controls/Dvorak/FOCUS_PREV_VESSEL
[LOG 18:33:25.326] Config(TOGGLE_UI) Squad/Controls/Dvorak/TOGGLE_UI
[LOG 18:33:25.326] Config(TOGGLE_STATUS_SCREEN) Squad/Controls/Dvorak/TOGGLE_STATUS_SCREEN
[LOG 18:33:25.326] Config(TAKE_SCREENSHOT) Squad/Controls/Dvorak/TAKE_SCREENSHOT
[LOG 18:33:25.326] Config(TOGGLE_LABELS) Squad/Controls/Dvorak/TOGGLE_LABELS
[LOG 18:33:25.326] Config(TOGGLE_TEMP_GAUGES) Squad/Controls/Dvorak/TOGGLE_TEMP_GAUGES
[LOG 18:33:25.326] Config(TOGGLE_TEMP_OVERLAY) Squad/Controls/Dvorak/TOGGLE_TEMP_OVERLAY
[LOG 18:33:25.326] Config(TOGGLE_FLIGHT_FORCES) Squad/Controls/Dvorak/TOGGLE_FLIGHT_FORCES
[LOG 18:33:25.326] Config(QUICKSAVE) Squad/Controls/Dvorak/QUICKSAVE
[LOG 18:33:25.326] Config(QUICKLOAD) Squad/Controls/Dvorak/QUICKLOAD
[LOG 18:33:25.326] Config(THROTTLE_CUTOFF) Squad/Controls/Dvorak/THROTTLE_CUTOFF
[LOG 18:33:25.326] Config(THROTTLE_FULL) Squad/Controls/Dvorak/THROTTLE_FULL
[LOG 18:33:25.326] Config(LANDING_GEAR) Squad/Controls/Dvorak/LANDING_GEAR
[LOG 18:33:25.327] Config(HEADLIGHT_TOGGLE) Squad/Controls/Dvorak/HEADLIGHT_TOGGLE
[LOG 18:33:25.327] Config(BRAKES) Squad/Controls/Dvorak/BRAKES
[LOG 18:33:25.327] Config(TOGGLE_SPACENAV_FLIGHT_CONTROL) Squad/Controls/Dvorak/TOGGLE_SPACENAV_FLIGHT_CONTROL
[LOG 18:33:25.327] Config(TOGGLE_SPACENAV_ROLL_LOCK) Squad/Controls/Dvorak/TOGGLE_SPACENAV_ROLL_LOCK
[LOG 18:33:25.327] Config(WHEEL_STEER_LEFT) Squad/Controls/Dvorak/WHEEL_STEER_LEFT
[LOG 18:33:25.327] Config(WHEEL_STEER_RIGHT) Squad/Controls/Dvorak/WHEEL_STEER_RIGHT
[LOG 18:33:25.327] Config(WHEEL_THROTTLE_DOWN) Squad/Controls/Dvorak/WHEEL_THROTTLE_DOWN
[LOG 18:33:25.327] Config(WHEEL_THROTTLE_UP) Squad/Controls/Dvorak/WHEEL_THROTTLE_UP
[LOG 18:33:25.327] Config(EVA_forward) Squad/Controls/Dvorak/EVA_forward
[LOG 18:33:25.327] Config(EVA_back) Squad/Controls/Dvorak/EVA_back
[LOG 18:33:25.327] Config(EVA_left) Squad/Controls/Dvorak/EVA_left
[LOG 18:33:25.327] Config(EVA_right) Squad/Controls/Dvorak/EVA_right
[LOG 18:33:25.327] Config(EVA_yaw_left) Squad/Controls/Dvorak/EVA_yaw_left
[LOG 18:33:25.327] Config(EVA_yaw_right) Squad/Controls/Dvorak/EVA_yaw_right
[LOG 18:33:25.327] Config(EVA_Pack_forward) Squad/Controls/Dvorak/EVA_Pack_forward
[LOG 18:33:25.327] Config(EVA_Pack_back) Squad/Controls/Dvorak/EVA_Pack_back
[LOG 18:33:25.327] Config(EVA_Pack_left) Squad/Controls/Dvorak/EVA_Pack_left
[LOG 18:33:25.327] Config(EVA_Pack_right) Squad/Controls/Dvorak/EVA_Pack_right
[LOG 18:33:25.327] Config(EVA_Pack_up) Squad/Controls/Dvorak/EVA_Pack_up
[LOG 18:33:25.327] Config(EVA_Pack_down) Squad/Controls/Dvorak/EVA_Pack_down
[LOG 18:33:25.327] Config(EVA_Jump) Squad/Controls/Dvorak/EVA_Jump
[LOG 18:33:25.327] Config(EVA_Run) Squad/Controls/Dvorak/EVA_Run
[LOG 18:33:25.327] Config(EVA_ToggleMovementMode) Squad/Controls/Dvorak/EVA_ToggleMovementMode
[LOG 18:33:25.327] Config(EVA_TogglePack) Squad/Controls/Dvorak/EVA_TogglePack
[LOG 18:33:25.327] Config(EVA_Use) Squad/Controls/Dvorak/EVA_Use
[LOG 18:33:25.327] Config(EVA_Board) Squad/Controls/Dvorak/EVA_Board
[LOG 18:33:25.327] Config(EVA_Orient) Squad/Controls/Dvorak/EVA_Orient
[LOG 18:33:25.328] Config(EVA_Lights) Squad/Controls/Dvorak/EVA_Lights
[LOG 18:33:25.328] Config(EVA_ChuteDeploy) Squad/Controls/Dvorak/EVA_ChuteDeploy
[LOG 18:33:25.328] Config(Editor_pitchUp) Squad/Controls/Dvorak/Editor_pitchUp
[LOG 18:33:25.328] Config(Editor_pitchDown) Squad/Controls/Dvorak/Editor_pitchDown
[LOG 18:33:25.328] Config(Editor_yawLeft) Squad/Controls/Dvorak/Editor_yawLeft
[LOG 18:33:25.328] Config(Editor_yawRight) Squad/Controls/Dvorak/Editor_yawRight
[LOG 18:33:25.328] Config(Editor_rollLeft) Squad/Controls/Dvorak/Editor_rollLeft
[LOG 18:33:25.328] Config(Editor_rollRight) Squad/Controls/Dvorak/Editor_rollRight
[LOG 18:33:25.328] Config(Editor_resetRotation) Squad/Controls/Dvorak/Editor_resetRotation
[LOG 18:33:25.328] Config(Editor_modePlace) Squad/Controls/Dvorak/Editor_modePlace
[LOG 18:33:25.328] Config(Editor_modeOffset) Squad/Controls/Dvorak/Editor_modeOffset
[LOG 18:33:25.328] Config(Editor_modeRotate) Squad/Controls/Dvorak/Editor_modeRotate
[LOG 18:33:25.328] Config(Editor_modeRoot) Squad/Controls/Dvorak/Editor_modeRoot
[LOG 18:33:25.328] Config(Editor_coordSystem) Squad/Controls/Dvorak/Editor_coordSystem
[LOG 18:33:25.328] Config(Editor_toggleSymMethod) Squad/Controls/Dvorak/Editor_toggleSymMethod
[LOG 18:33:25.328] Config(Editor_toggleSymMode) Squad/Controls/Dvorak/Editor_toggleSymMode
[LOG 18:33:25.328] Config(Editor_toggleAngleSnap) Squad/Controls/Dvorak/Editor_toggleAngleSnap
[LOG 18:33:25.328] Config(Editor_fineTweak) Squad/Controls/Dvorak/Editor_fineTweak
[LOG 18:33:25.328] Config(Editor_partSearch) Squad/Controls/Dvorak/Editor_partSearch
[LOG 18:33:25.328] Config(Editor_zoomScrollModifier) Squad/Controls/Dvorak/Editor_zoomScrollModifier
[LOG 18:33:25.328] Config(MODIFIER_KEY) Squad/Controls/Dvorak/MODIFIER_KEY
[LOG 18:33:25.328] Config(AbortActionGroup) Squad/Controls/Dvorak/AbortActionGroup
[LOG 18:33:25.328] Config(CustomActionGroup1) Squad/Controls/Dvorak/CustomActionGroup1
[LOG 18:33:25.328] Config(CustomActionGroup2) Squad/Controls/Dvorak/CustomActionGroup2
[LOG 18:33:25.328] Config(CustomActionGroup3) Squad/Controls/Dvorak/CustomActionGroup3
[LOG 18:33:25.328] Config(CustomActionGroup4) Squad/Controls/Dvorak/CustomActionGroup4
[LOG 18:33:25.328] Config(CustomActionGroup5) Squad/Controls/Dvorak/CustomActionGroup5
[LOG 18:33:25.328] Config(CustomActionGroup6) Squad/Controls/Dvorak/CustomActionGroup6
[LOG 18:33:25.328] Config(CustomActionGroup7) Squad/Controls/Dvorak/CustomActionGroup7
[LOG 18:33:25.329] Config(CustomActionGroup8) Squad/Controls/Dvorak/CustomActionGroup8
[LOG 18:33:25.329] Config(CustomActionGroup9) Squad/Controls/Dvorak/CustomActionGroup9
[LOG 18:33:25.329] Config(CustomActionGroup10) Squad/Controls/Dvorak/CustomActionGroup10
[LOG 18:33:25.329] Config(KEY_MAP) Squad/Controls/Dvorak/KEY_MAP
[LOG 18:33:25.329] Config(KEYBOARD_LAYOUT) Squad/Controls/Qwerty/#autoLOC_6001227
[LOG 18:33:25.329] Config(PITCH_DOWN) Squad/Controls/Qwerty/PITCH_DOWN
[LOG 18:33:25.329] Config(PITCH_UP) Squad/Controls/Qwerty/PITCH_UP
[LOG 18:33:25.329] Config(YAW_LEFT) Squad/Controls/Qwerty/YAW_LEFT
[LOG 18:33:25.329] Config(YAW_RIGHT) Squad/Controls/Qwerty/YAW_RIGHT
[LOG 18:33:25.329] Config(ROLL_LEFT) Squad/Controls/Qwerty/ROLL_LEFT
[LOG 18:33:25.329] Config(ROLL_RIGHT) Squad/Controls/Qwerty/ROLL_RIGHT
[LOG 18:33:25.329] Config(THROTTLE_UP) Squad/Controls/Qwerty/THROTTLE_UP
[LOG 18:33:25.329] Config(THROTTLE_DOWN) Squad/Controls/Qwerty/THROTTLE_DOWN
[LOG 18:33:25.329] Config(SAS_HOLD) Squad/Controls/Qwerty/SAS_HOLD
[LOG 18:33:25.329] Config(SAS_TOGGLE) Squad/Controls/Qwerty/SAS_TOGGLE
[LOG 18:33:25.329] Config(LAUNCH_STAGES) Squad/Controls/Qwerty/LAUNCH_STAGES
[LOG 18:33:25.329] Config(Docking_toggleRotLin) Squad/Controls/Qwerty/Docking_toggleRotLin
[LOG 18:33:25.329] Config(CAMERA_MODE) Squad/Controls/Qwerty/CAMERA_MODE
[LOG 18:33:25.329] Config(CAMERA_NEXT) Squad/Controls/Qwerty/CAMERA_NEXT
[LOG 18:33:25.329] Config(PAUSE) Squad/Controls/Qwerty/PAUSE
[LOG 18:33:25.329] Config(PRECISION_CTRL) Squad/Controls/Qwerty/PRECISION_CTRL
[LOG 18:33:25.329] Config(ZOOM_IN) Squad/Controls/Qwerty/ZOOM_IN
[LOG 18:33:25.329] Config(ZOOM_OUT) Squad/Controls/Qwerty/ZOOM_OUT
[LOG 18:33:25.329] Config(SCROLL_VIEW_UP) Squad/Controls/Qwerty/SCROLL_VIEW_UP
[LOG 18:33:25.329] Config(SCROLL_VIEW_DOWN) Squad/Controls/Qwerty/SCROLL_VIEW_DOWN
[LOG 18:33:25.329] Config(SCROLL_ICONS_UP) Squad/Controls/Qwerty/SCROLL_ICONS_UP
[LOG 18:33:25.329] Config(SCROLL_ICONS_DOWN) Squad/Controls/Qwerty/SCROLL_ICONS_DOWN
[LOG 18:33:25.329] Config(CAMERA_ORBIT_UP) Squad/Controls/Qwerty/CAMERA_ORBIT_UP
[LOG 18:33:25.329] Config(CAMERA_ORBIT_DOWN) Squad/Controls/Qwerty/CAMERA_ORBIT_DOWN
[LOG 18:33:25.329] Config(CAMERA_ORBIT_LEFT) Squad/Controls/Qwerty/CAMERA_ORBIT_LEFT
[LOG 18:33:25.330] Config(CAMERA_ORBIT_RIGHT) Squad/Controls/Qwerty/CAMERA_ORBIT_RIGHT
[LOG 18:33:25.330] Config(CAMERA_RESET) Squad/Controls/Qwerty/CAMERA_RESET
[LOG 18:33:25.330] Config(CAMERA_MOUSE_TOGGLE) Squad/Controls/Qwerty/CAMERA_MOUSE_TOGGLE
[LOG 18:33:25.330] Config(TIME_WARP_INCREASE) Squad/Controls/Qwerty/TIME_WARP_INCREASE
[LOG 18:33:25.330] Config(TIME_WARP_DECREASE) Squad/Controls/Qwerty/TIME_WARP_DECREASE
[LOG 18:33:25.330] Config(TIME_WARP_STOP) Squad/Controls/Qwerty/TIME_WARP_STOP
[LOG 18:33:25.330] Config(MAP_VIEW_TOGGLE) Squad/Controls/Qwerty/MAP_VIEW_TOGGLE
[LOG 18:33:25.330] Config(NAVBALL_TOGGLE) Squad/Controls/Qwerty/NAVBALL_TOGGLE
[LOG 18:33:25.330] Config(UIMODE_STAGING) Squad/Controls/Qwerty/UIMODE_STAGING
[LOG 18:33:25.330] Config(UIMODE_DOCKING) Squad/Controls/Qwerty/UIMODE_DOCKING
[LOG 18:33:25.330] Config(TRANSLATE_DOWN) Squad/Controls/Qwerty/TRANSLATE_DOWN
[LOG 18:33:25.330] Config(TRANSLATE_UP) Squad/Controls/Qwerty/TRANSLATE_UP
[LOG 18:33:25.330] Config(TRANSLATE_LEFT) Squad/Controls/Qwerty/TRANSLATE_LEFT
[LOG 18:33:25.330] Config(TRANSLATE_RIGHT) Squad/Controls/Qwerty/TRANSLATE_RIGHT
[LOG 18:33:25.330] Config(TRANSLATE_FWD) Squad/Controls/Qwerty/TRANSLATE_FWD
[LOG 18:33:25.330] Config(TRANSLATE_BACK) Squad/Controls/Qwerty/TRANSLATE_BACK
[LOG 18:33:25.330] Config(RCS_TOGGLE) Squad/Controls/Qwerty/RCS_TOGGLE
[LOG 18:33:25.330] Config(FOCUS_NEXT_VESSEL) Squad/Controls/Qwerty/FOCUS_NEXT_VESSEL
[LOG 18:33:25.330] Config(FOCUS_PREV_VESSEL) Squad/Controls/Qwerty/FOCUS_PREV_VESSEL
[LOG 18:33:25.330] Config(TOGGLE_UI) Squad/Controls/Qwerty/TOGGLE_UI
[LOG 18:33:25.330] Config(TOGGLE_STATUS_SCREEN) Squad/Controls/Qwerty/TOGGLE_STATUS_SCREEN
[LOG 18:33:25.330] Config(TAKE_SCREENSHOT) Squad/Controls/Qwerty/TAKE_SCREENSHOT
[LOG 18:33:25.330] Config(TOGGLE_LABELS) Squad/Controls/Qwerty/TOGGLE_LABELS
[LOG 18:33:25.330] Config(TOGGLE_TEMP_GAUGES) Squad/Controls/Qwerty/TOGGLE_TEMP_GAUGES
[LOG 18:33:25.330] Config(TOGGLE_TEMP_OVERLAY) Squad/Controls/Qwerty/TOGGLE_TEMP_OVERLAY
[LOG 18:33:25.330] Config(TOGGLE_FLIGHT_FORCES) Squad/Controls/Qwerty/TOGGLE_FLIGHT_FORCES
[LOG 18:33:25.331] Config(QUICKSAVE) Squad/Controls/Qwerty/QUICKSAVE
[LOG 18:33:25.331] Config(QUICKLOAD) Squad/Controls/Qwerty/QUICKLOAD
[LOG 18:33:25.331] Config(THROTTLE_CUTOFF) Squad/Controls/Qwerty/THROTTLE_CUTOFF
[LOG 18:33:25.331] Config(THROTTLE_FULL) Squad/Controls/Qwerty/THROTTLE_FULL
[LOG 18:33:25.331] Config(LANDING_GEAR) Squad/Controls/Qwerty/LANDING_GEAR
[LOG 18:33:25.331] Config(HEADLIGHT_TOGGLE) Squad/Controls/Qwerty/HEADLIGHT_TOGGLE
[LOG 18:33:25.331] Config(BRAKES) Squad/Controls/Qwerty/BRAKES
[LOG 18:33:25.331] Config(TOGGLE_SPACENAV_FLIGHT_CONTROL) Squad/Controls/Qwerty/TOGGLE_SPACENAV_FLIGHT_CONTROL
[LOG 18:33:25.331] Config(TOGGLE_SPACENAV_ROLL_LOCK) Squad/Controls/Qwerty/TOGGLE_SPACENAV_ROLL_LOCK
[LOG 18:33:25.331] Config(WHEEL_STEER_LEFT) Squad/Controls/Qwerty/WHEEL_STEER_LEFT
[LOG 18:33:25.331] Config(WHEEL_STEER_RIGHT) Squad/Controls/Qwerty/WHEEL_STEER_RIGHT
[LOG 18:33:25.331] Config(WHEEL_THROTTLE_DOWN) Squad/Controls/Qwerty/WHEEL_THROTTLE_DOWN
[LOG 18:33:25.331] Config(WHEEL_THROTTLE_UP) Squad/Controls/Qwerty/WHEEL_THROTTLE_UP
[LOG 18:33:25.331] Config(EVA_forward) Squad/Controls/Qwerty/EVA_forward
[LOG 18:33:25.331] Config(EVA_back) Squad/Controls/Qwerty/EVA_back
[LOG 18:33:25.331] Config(EVA_left) Squad/Controls/Qwerty/EVA_left
[LOG 18:33:25.331] Config(EVA_right) Squad/Controls/Qwerty/EVA_right
[LOG 18:33:25.331] Config(EVA_yaw_left) Squad/Controls/Qwerty/EVA_yaw_left
[LOG 18:33:25.331] Config(EVA_yaw_right) Squad/Controls/Qwerty/EVA_yaw_right
[LOG 18:33:25.331] Config(EVA_Pack_forward) Squad/Controls/Qwerty/EVA_Pack_forward
[LOG 18:33:25.331] Config(EVA_Pack_back) Squad/Controls/Qwerty/EVA_Pack_back
[LOG 18:33:25.331] Config(EVA_Pack_left) Squad/Controls/Qwerty/EVA_Pack_left
[LOG 18:33:25.331] Config(EVA_Pack_right) Squad/Controls/Qwerty/EVA_Pack_right
[LOG 18:33:25.331] Config(EVA_Pack_up) Squad/Controls/Qwerty/EVA_Pack_up
[LOG 18:33:25.331] Config(EVA_Pack_down) Squad/Controls/Qwerty/EVA_Pack_down
[LOG 18:33:25.331] Config(EVA_Jump) Squad/Controls/Qwerty/EVA_Jump
[LOG 18:33:25.331] Config(EVA_Run) Squad/Controls/Qwerty/EVA_Run
[LOG 18:33:25.331] Config(EVA_ToggleMovementMode) Squad/Controls/Qwerty/EVA_ToggleMovementMode
[LOG 18:33:25.332] Config(EVA_TogglePack) Squad/Controls/Qwerty/EVA_TogglePack
[LOG 18:33:25.332] Config(EVA_Use) Squad/Controls/Qwerty/EVA_Use
[LOG 18:33:25.332] Config(EVA_Board) Squad/Controls/Qwerty/EVA_Board
[LOG 18:33:25.332] Config(EVA_Orient) Squad/Controls/Qwerty/EVA_Orient
[LOG 18:33:25.332] Config(EVA_Lights) Squad/Controls/Qwerty/EVA_Lights
[LOG 18:33:25.332] Config(EVA_ChuteDeploy) Squad/Controls/Qwerty/EVA_ChuteDeploy
[LOG 18:33:25.332] Config(Editor_pitchUp) Squad/Controls/Qwerty/Editor_pitchUp
[LOG 18:33:25.332] Config(Editor_pitchDown) Squad/Controls/Qwerty/Editor_pitchDown
[LOG 18:33:25.332] Config(Editor_yawLeft) Squad/Controls/Qwerty/Editor_yawLeft
[LOG 18:33:25.332] Config(Editor_yawRight) Squad/Controls/Qwerty/Editor_yawRight
[LOG 18:33:25.332] Config(Editor_rollLeft) Squad/Controls/Qwerty/Editor_rollLeft
[LOG 18:33:25.332] Config(Editor_rollRight) Squad/Controls/Qwerty/Editor_rollRight
[LOG 18:33:25.332] Config(Editor_resetRotation) Squad/Controls/Qwerty/Editor_resetRotation
[LOG 18:33:25.332] Config(Editor_modePlace) Squad/Controls/Qwerty/Editor_modePlace
[LOG 18:33:25.332] Config(Editor_modeOffset) Squad/Controls/Qwerty/Editor_modeOffset
[LOG 18:33:25.332] Config(Editor_modeRotate) Squad/Controls/Qwerty/Editor_modeRotate
[LOG 18:33:25.332] Config(Editor_modeRoot) Squad/Controls/Qwerty/Editor_modeRoot
[LOG 18:33:25.332] Config(Editor_coordSystem) Squad/Controls/Qwerty/Editor_coordSystem
[LOG 18:33:25.332] Config(Editor_toggleSymMethod) Squad/Controls/Qwerty/Editor_toggleSymMethod
[LOG 18:33:25.332] Config(Editor_toggleSymMode) Squad/Controls/Qwerty/Editor_toggleSymMode
[LOG 18:33:25.332] Config(Editor_toggleAngleSnap) Squad/Controls/Qwerty/Editor_toggleAngleSnap
[LOG 18:33:25.332] Config(Editor_fineTweak) Squad/Controls/Qwerty/Editor_fineTweak
[LOG 18:33:25.332] Config(Editor_partSearch) Squad/Controls/Qwerty/Editor_partSearch
[LOG 18:33:25.332] Config(Editor_zoomScrollModifier) Squad/Controls/Qwerty/Editor_zoomScrollModifier
[LOG 18:33:25.332] Config(MODIFIER_KEY) Squad/Controls/Qwerty/MODIFIER_KEY
[LOG 18:33:25.332] Config(AbortActionGroup) Squad/Controls/Qwerty/AbortActionGroup
[LOG 18:33:25.332] Config(CustomActionGroup1) Squad/Controls/Qwerty/CustomActionGroup1
[LOG 18:33:25.332] Config(CustomActionGroup2) Squad/Controls/Qwerty/CustomActionGroup2
[LOG 18:33:25.332] Config(CustomActionGroup3) Squad/Controls/Qwerty/CustomActionGroup3
[LOG 18:33:25.332] Config(CustomActionGroup4) Squad/Controls/Qwerty/CustomActionGroup4
[LOG 18:33:25.333] Config(CustomActionGroup5) Squad/Controls/Qwerty/CustomActionGroup5
[LOG 18:33:25.333] Config(CustomActionGroup6) Squad/Controls/Qwerty/CustomActionGroup6
[LOG 18:33:25.333] Config(CustomActionGroup7) Squad/Controls/Qwerty/CustomActionGroup7
[LOG 18:33:25.333] Config(CustomActionGroup8) Squad/Controls/Qwerty/CustomActionGroup8
[LOG 18:33:25.333] Config(CustomActionGroup9) Squad/Controls/Qwerty/CustomActionGroup9
[LOG 18:33:25.333] Config(CustomActionGroup10) Squad/Controls/Qwerty/CustomActionGroup10
[LOG 18:33:25.333] Config(KEY_MAP) Squad/Controls/Qwerty/KEY_MAP
[LOG 18:33:25.333] Config(KEYBOARD_LAYOUT) Squad/Controls/Qwerty_en-GB/#autoLOC_6001228
[LOG 18:33:25.333] Config(KEY_MAP) Squad/Controls/Qwerty_en-GB/KEY_MAP
[LOG 18:33:25.333] Config(KEYBOARD_LAYOUT) Squad/Controls/Qwerty_es-LA/#autoLOC_6001229
[LOG 18:33:25.333] Config(CAMERA_MOUSE_TOGGLE) Squad/Controls/Qwerty_es-LA/CAMERA_MOUSE_TOGGLE
[LOG 18:33:25.333] Config(TIME_WARP_STOP) Squad/Controls/Qwerty_es-LA/TIME_WARP_STOP
[LOG 18:33:25.333] Config(FOCUS_NEXT_VESSEL) Squad/Controls/Qwerty_es-LA/FOCUS_NEXT_VESSEL
[LOG 18:33:25.333] Config(FOCUS_PREV_VESSEL) Squad/Controls/Qwerty_es-LA/FOCUS_PREV_VESSEL
[LOG 18:33:25.333] Config(CAMERA_RESET) Squad/Controls/Qwerty_es-LA/CAMERA_RESET
[LOG 18:33:25.333] Config(Editor_partSearch) Squad/Controls/Qwerty_es-LA/Editor_partSearch
[LOG 18:33:25.333] Config(KEY_MAP) Squad/Controls/Qwerty_es-LA/KEY_MAP
[LOG 18:33:25.333] Config(KEYBOARD_LAYOUT) Squad/Controls/Qwerty_it-IT/#autoLOC_6001230
[LOG 18:33:25.333] Config(FOCUS_NEXT_VESSEL) Squad/Controls/Qwerty_it-IT/FOCUS_NEXT_VESSEL
[LOG 18:33:25.333] Config(FOCUS_PREV_VESSEL) Squad/Controls/Qwerty_it-IT/FOCUS_PREV_VESSEL
[LOG 18:33:25.333] Config(CAMERA_MOUSE_TOGGLE) Squad/Controls/Qwerty_it-IT/CAMERA_MOUSE_TOGGLE
[LOG 18:33:25.333] Config(TIME_WARP_STOP) Squad/Controls/Qwerty_it-IT/TIME_WARP_STOP
[LOG 18:33:25.333] Config(CAMERA_RESET) Squad/Controls/Qwerty_it-IT/CAMERA_RESET
[LOG 18:33:25.333] Config(Editor_partSearch) Squad/Controls/Qwerty_it-IT/Editor_partSearch
[LOG 18:33:25.333] Config(KEY_MAP) Squad/Controls/Qwerty_it-IT/KEY_MAP
[LOG 18:33:25.333] Config(KEYBOARD_LAYOUT) Squad/Controls/Qwerty_ja-JP/#autoLOC_6001231
[LOG 18:33:25.333] Config(FOCUS_NEXT_VESSEL) Squad/Controls/Qwerty_ja-JP/FOCUS_NEXT_VESSEL
[LOG 18:33:25.333] Config(FOCUS_PREV_VESSEL) Squad/Controls/Qwerty_ja-JP/FOCUS_PREV_VESSEL
[LOG 18:33:25.333] Config(PRECISION_CTRL) Squad/Controls/Qwerty_ja-JP/PRECISION_CTRL
[LOG 18:33:25.333] Config(CAMERA_MOUSE_TOGGLE) Squad/Controls/Qwerty_ja-JP/CAMERA_MOUSE_TOGGLE
[LOG 18:33:25.333] Config(Editor_partSearch) Squad/Controls/Qwerty_ja-JP/Editor_partSearch
[LOG 18:33:25.334] Config(CAMERA_RESET) Squad/Controls/Qwerty_ja-JP/CAMERA_RESET
[LOG 18:33:25.334] Config(KEY_MAP) Squad/Controls/Qwerty_ja-JP/KEY_MAP
[LOG 18:33:25.334] Config(KEYBOARD_LAYOUT) Squad/Controls/Qwerty_pt-PT/#autoLOC_6001230
[LOG 18:33:25.334] Config(FOCUS_NEXT_VESSEL) Squad/Controls/Qwerty_pt-PT/FOCUS_NEXT_VESSEL
[LOG 18:33:25.334] Config(FOCUS_PREV_VESSEL) Squad/Controls/Qwerty_pt-PT/FOCUS_PREV_VESSEL
[LOG 18:33:25.334] Config(CAMERA_MOUSE_TOGGLE) Squad/Controls/Qwerty_pt-PT/CAMERA_MOUSE_TOGGLE
[LOG 18:33:25.334] Config(TIME_WARP_STOP) Squad/Controls/Qwerty_pt-PT/TIME_WARP_STOP
[LOG 18:33:25.334] Config(CAMERA_RESET) Squad/Controls/Qwerty_pt-PT/CAMERA_RESET
[LOG 18:33:25.334] Config(Editor_partSearch) Squad/Controls/Qwerty_pt-PT/Editor_partSearch
[LOG 18:33:25.334] Config(KEY_MAP) Squad/Controls/Qwerty_pt-PT/KEY_MAP
[LOG 18:33:25.334] Config(KEYBOARD_LAYOUT) Squad/Controls/Qwertz/#autoLOC_6001232
[LOG 18:33:25.334] Config(PITCH_DOWN) Squad/Controls/Qwertz/PITCH_DOWN
[LOG 18:33:25.334] Config(PITCH_UP) Squad/Controls/Qwertz/PITCH_UP
[LOG 18:33:25.334] Config(YAW_LEFT) Squad/Controls/Qwertz/YAW_LEFT
[LOG 18:33:25.334] Config(YAW_RIGHT) Squad/Controls/Qwertz/YAW_RIGHT
[LOG 18:33:25.334] Config(ROLL_LEFT) Squad/Controls/Qwertz/ROLL_LEFT
[LOG 18:33:25.334] Config(ROLL_RIGHT) Squad/Controls/Qwertz/ROLL_RIGHT
[LOG 18:33:25.334] Config(THROTTLE_UP) Squad/Controls/Qwertz/THROTTLE_UP
[LOG 18:33:25.334] Config(THROTTLE_DOWN) Squad/Controls/Qwertz/THROTTLE_DOWN
[LOG 18:33:25.334] Config(SAS_HOLD) Squad/Controls/Qwertz/SAS_HOLD
[LOG 18:33:25.334] Config(SAS_TOGGLE) Squad/Controls/Qwertz/SAS_TOGGLE
[LOG 18:33:25.334] Config(LAUNCH_STAGES) Squad/Controls/Qwertz/LAUNCH_STAGES
[LOG 18:33:25.334] Config(Docking_toggleRotLin) Squad/Controls/Qwertz/Docking_toggleRotLin
[LOG 18:33:25.334] Config(CAMERA_MODE) Squad/Controls/Qwertz/CAMERA_MODE
[LOG 18:33:25.334] Config(CAMERA_NEXT) Squad/Controls/Qwertz/CAMERA_NEXT
[LOG 18:33:25.335] Config(PAUSE) Squad/Controls/Qwertz/PAUSE
[LOG 18:33:25.335] Config(PRECISION_CTRL) Squad/Controls/Qwertz/PRECISION_CTRL
[LOG 18:33:25.335] Config(ZOOM_IN) Squad/Controls/Qwertz/ZOOM_IN
[LOG 18:33:25.335] Config(ZOOM_OUT) Squad/Controls/Qwertz/ZOOM_OUT
[LOG 18:33:25.335] Config(SCROLL_VIEW_UP) Squad/Controls/Qwertz/SCROLL_VIEW_UP
[LOG 18:33:25.335] Config(SCROLL_VIEW_DOWN) Squad/Controls/Qwertz/SCROLL_VIEW_DOWN
[LOG 18:33:25.335] Config(SCROLL_ICONS_UP) Squad/Controls/Qwertz/SCROLL_ICONS_UP
[LOG 18:33:25.335] Config(SCROLL_ICONS_DOWN) Squad/Controls/Qwertz/SCROLL_ICONS_DOWN
[LOG 18:33:25.335] Config(CAMERA_ORBIT_UP) Squad/Controls/Qwertz/CAMERA_ORBIT_UP
[LOG 18:33:25.335] Config(CAMERA_ORBIT_DOWN) Squad/Controls/Qwertz/CAMERA_ORBIT_DOWN
[LOG 18:33:25.335] Config(CAMERA_ORBIT_LEFT) Squad/Controls/Qwertz/CAMERA_ORBIT_LEFT
[LOG 18:33:25.335] Config(CAMERA_ORBIT_RIGHT) Squad/Controls/Qwertz/CAMERA_ORBIT_RIGHT
[LOG 18:33:25.335] Config(CAMERA_RESET) Squad/Controls/Qwertz/CAMERA_RESET
[LOG 18:33:25.335] Config(CAMERA_MOUSE_TOGGLE) Squad/Controls/Qwertz/CAMERA_MOUSE_TOGGLE
[LOG 18:33:25.335] Config(TIME_WARP_INCREASE) Squad/Controls/Qwertz/TIME_WARP_INCREASE
[LOG 18:33:25.335] Config(TIME_WARP_DECREASE) Squad/Controls/Qwertz/TIME_WARP_DECREASE
[LOG 18:33:25.335] Config(TIME_WARP_STOP) Squad/Controls/Qwertz/TIME_WARP_STOP
[LOG 18:33:25.335] Config(MAP_VIEW_TOGGLE) Squad/Controls/Qwertz/MAP_VIEW_TOGGLE
[LOG 18:33:25.335] Config(NAVBALL_TOGGLE) Squad/Controls/Qwertz/NAVBALL_TOGGLE
[LOG 18:33:25.335] Config(UIMODE_STAGING) Squad/Controls/Qwertz/UIMODE_STAGING
[LOG 18:33:25.335] Config(UIMODE_DOCKING) Squad/Controls/Qwertz/UIMODE_DOCKING
[LOG 18:33:25.335] Config(TRANSLATE_DOWN) Squad/Controls/Qwertz/TRANSLATE_DOWN
[LOG 18:33:25.335] Config(TRANSLATE_UP) Squad/Controls/Qwertz/TRANSLATE_UP
[LOG 18:33:25.335] Config(TRANSLATE_LEFT) Squad/Controls/Qwertz/TRANSLATE_LEFT
[LOG 18:33:25.335] Config(TRANSLATE_RIGHT) Squad/Controls/Qwertz/TRANSLATE_RIGHT
[LOG 18:33:25.335] Config(TRANSLATE_FWD) Squad/Controls/Qwertz/TRANSLATE_FWD
[LOG 18:33:25.336] Config(TRANSLATE_BACK) Squad/Controls/Qwertz/TRANSLATE_BACK
[LOG 18:33:25.336] Config(RCS_TOGGLE) Squad/Controls/Qwertz/RCS_TOGGLE
[LOG 18:33:25.336] Config(FOCUS_NEXT_VESSEL) Squad/Controls/Qwertz/FOCUS_NEXT_VESSEL
[LOG 18:33:25.336] Config(FOCUS_PREV_VESSEL) Squad/Controls/Qwertz/FOCUS_PREV_VESSEL
[LOG 18:33:25.336] Config(TOGGLE_UI) Squad/Controls/Qwertz/TOGGLE_UI
[LOG 18:33:25.336] Config(TOGGLE_STATUS_SCREEN) Squad/Controls/Qwertz/TOGGLE_STATUS_SCREEN
[LOG 18:33:25.336] Config(TAKE_SCREENSHOT) Squad/Controls/Qwertz/TAKE_SCREENSHOT
[LOG 18:33:25.336] Config(TOGGLE_LABELS) Squad/Controls/Qwertz/TOGGLE_LABELS
[LOG 18:33:25.336] Config(TOGGLE_TEMP_GAUGES) Squad/Controls/Qwertz/TOGGLE_TEMP_GAUGES
[LOG 18:33:25.336] Config(TOGGLE_TEMP_OVERLAY) Squad/Controls/Qwertz/TOGGLE_TEMP_OVERLAY
[LOG 18:33:25.336] Config(TOGGLE_FLIGHT_FORCES) Squad/Controls/Qwertz/TOGGLE_FLIGHT_FORCES
[LOG 18:33:25.336] Config(QUICKSAVE) Squad/Controls/Qwertz/QUICKSAVE
[LOG 18:33:25.336] Config(QUICKLOAD) Squad/Controls/Qwertz/QUICKLOAD
[LOG 18:33:25.336] Config(THROTTLE_CUTOFF) Squad/Controls/Qwertz/THROTTLE_CUTOFF
[LOG 18:33:25.336] Config(THROTTLE_FULL) Squad/Controls/Qwertz/THROTTLE_FULL
[LOG 18:33:25.336] Config(LANDING_GEAR) Squad/Controls/Qwertz/LANDING_GEAR
[LOG 18:33:25.336] Config(HEADLIGHT_TOGGLE) Squad/Controls/Qwertz/HEADLIGHT_TOGGLE
[LOG 18:33:25.336] Config(BRAKES) Squad/Controls/Qwertz/BRAKES
[LOG 18:33:25.336] Config(TOGGLE_SPACENAV_FLIGHT_CONTROL) Squad/Controls/Qwertz/TOGGLE_SPACENAV_FLIGHT_CONTROL
[LOG 18:33:25.336] Config(TOGGLE_SPACENAV_ROLL_LOCK) Squad/Controls/Qwertz/TOGGLE_SPACENAV_ROLL_LOCK
[LOG 18:33:25.336] Config(WHEEL_STEER_LEFT) Squad/Controls/Qwertz/WHEEL_STEER_LEFT
[LOG 18:33:25.336] Config(WHEEL_STEER_RIGHT) Squad/Controls/Qwertz/WHEEL_STEER_RIGHT
[LOG 18:33:25.336] Config(WHEEL_THROTTLE_DOWN) Squad/Controls/Qwertz/WHEEL_THROTTLE_DOWN
[LOG 18:33:25.336] Config(WHEEL_THROTTLE_UP) Squad/Controls/Qwertz/WHEEL_THROTTLE_UP
[LOG 18:33:25.336] Config(EVA_forward) Squad/Controls/Qwertz/EVA_forward
[LOG 18:33:25.336] Config(EVA_back) Squad/Controls/Qwertz/EVA_back
[LOG 18:33:25.336] Config(EVA_left) Squad/Controls/Qwertz/EVA_left
[LOG 18:33:25.336] Config(EVA_right) Squad/Controls/Qwertz/EVA_right
[LOG 18:33:25.336] Config(EVA_yaw_left) Squad/Controls/Qwertz/EVA_yaw_left
[LOG 18:33:25.336] Config(EVA_yaw_right) Squad/Controls/Qwertz/EVA_yaw_right
[LOG 18:33:25.336] Config(EVA_Pack_forward) Squad/Controls/Qwertz/EVA_Pack_forward
[LOG 18:33:25.337] Config(EVA_Pack_back) Squad/Controls/Qwertz/EVA_Pack_back
[LOG 18:33:25.337] Config(EVA_Pack_left) Squad/Controls/Qwertz/EVA_Pack_left
[LOG 18:33:25.337] Config(EVA_Pack_right) Squad/Controls/Qwertz/EVA_Pack_right
[LOG 18:33:25.337] Config(EVA_Pack_up) Squad/Controls/Qwertz/EVA_Pack_up
[LOG 18:33:25.337] Config(EVA_Pack_down) Squad/Controls/Qwertz/EVA_Pack_down
[LOG 18:33:25.337] Config(EVA_Jump) Squad/Controls/Qwertz/EVA_Jump
[LOG 18:33:25.337] Config(EVA_Run) Squad/Controls/Qwertz/EVA_Run
[LOG 18:33:25.337] Config(EVA_ToggleMovementMode) Squad/Controls/Qwertz/EVA_ToggleMovementMode
[LOG 18:33:25.337] Config(EVA_TogglePack) Squad/Controls/Qwertz/EVA_TogglePack
[LOG 18:33:25.337] Config(EVA_Use) Squad/Controls/Qwertz/EVA_Use
[LOG 18:33:25.337] Config(EVA_Board) Squad/Controls/Qwertz/EVA_Board
[LOG 18:33:25.337] Config(EVA_Orient) Squad/Controls/Qwertz/EVA_Orient
[LOG 18:33:25.337] Config(EVA_Lights) Squad/Controls/Qwertz/EVA_Lights
[LOG 18:33:25.337] Config(Editor_pitchUp) Squad/Controls/Qwertz/Editor_pitchUp
[LOG 18:33:25.337] Config(Editor_pitchDown) Squad/Controls/Qwertz/Editor_pitchDown
[LOG 18:33:25.337] Config(Editor_yawLeft) Squad/Controls/Qwertz/Editor_yawLeft
[LOG 18:33:25.337] Config(Editor_yawRight) Squad/Controls/Qwertz/Editor_yawRight
[LOG 18:33:25.337] Config(Editor_rollLeft) Squad/Controls/Qwertz/Editor_rollLeft
[LOG 18:33:25.337] Config(Editor_rollRight) Squad/Controls/Qwertz/Editor_rollRight
[LOG 18:33:25.337] Config(Editor_resetRotation) Squad/Controls/Qwertz/Editor_resetRotation
[LOG 18:33:25.337] Config(Editor_modePlace) Squad/Controls/Qwertz/Editor_modePlace
[LOG 18:33:25.337] Config(Editor_modeOffset) Squad/Controls/Qwertz/Editor_modeOffset
[LOG 18:33:25.337] Config(Editor_modeRotate) Squad/Controls/Qwertz/Editor_modeRotate
[LOG 18:33:25.337] Config(Editor_modeRoot) Squad/Controls/Qwertz/Editor_modeRoot
[LOG 18:33:25.337] Config(Editor_coordSystem) Squad/Controls/Qwertz/Editor_coordSystem
[LOG 18:33:25.337] Config(Editor_toggleSymMethod) Squad/Controls/Qwertz/Editor_toggleSymMethod
[LOG 18:33:25.337] Config(Editor_toggleSymMode) Squad/Controls/Qwertz/Editor_toggleSymMode
[LOG 18:33:25.337] Config(Editor_toggleAngleSnap) Squad/Controls/Qwertz/Editor_toggleAngleSnap
[LOG 18:33:25.337] Config(Editor_fineTweak) Squad/Controls/Qwertz/Editor_fineTweak
[LOG 18:33:25.337] Config(Editor_partSearch) Squad/Controls/Qwertz/Editor_partSearch
[LOG 18:33:25.337] Config(Editor_zoomScrollModifier) Squad/Controls/Qwertz/Editor_zoomScrollModifier
[LOG 18:33:25.337] Config(MODIFIER_KEY) Squad/Controls/Qwertz/MODIFIER_KEY
[LOG 18:33:25.337] Config(AbortActionGroup) Squad/Controls/Qwertz/AbortActionGroup
[LOG 18:33:25.337] Config(CustomActionGroup1) Squad/Controls/Qwertz/CustomActionGroup1
[LOG 18:33:25.337] Config(CustomActionGroup2) Squad/Controls/Qwertz/CustomActionGroup2
[LOG 18:33:25.337] Config(CustomActionGroup3) Squad/Controls/Qwertz/CustomActionGroup3
[LOG 18:33:25.337] Config(CustomActionGroup4) Squad/Controls/Qwertz/CustomActionGroup4
[LOG 18:33:25.337] Config(CustomActionGroup5) Squad/Controls/Qwertz/CustomActionGroup5
[LOG 18:33:25.337] Config(CustomActionGroup6) Squad/Controls/Qwertz/CustomActionGroup6
[LOG 18:33:25.337] Config(CustomActionGroup7) Squad/Controls/Qwertz/CustomActionGroup7
[LOG 18:33:25.338] Config(CustomActionGroup8) Squad/Controls/Qwertz/CustomActionGroup8
[LOG 18:33:25.338] Config(CustomActionGroup9) Squad/Controls/Qwertz/CustomActionGroup9
[LOG 18:33:25.338] Config(CustomActionGroup10) Squad/Controls/Qwertz/CustomActionGroup10
[LOG 18:33:25.338] Config(KEY_MAP) Squad/Controls/Qwertz/KEY_MAP
[LOG 18:33:25.338] Config(EXPERIENCE_TRAIT) Squad/Experience/Traits/Pilot
[LOG 18:33:25.338] Config(EXPERIENCE_TRAIT) Squad/Experience/Traits/Engineer
[LOG 18:33:25.338] Config(EXPERIENCE_TRAIT) Squad/Experience/Traits/Scientist
[LOG 18:33:25.338] Config(EXPERIENCE_TRAIT) Squad/Experience/Traits/Tourist
[LOG 18:33:25.338] Config(Localization) Squad/Localization/dictionary/Localization
[LOG 18:33:25.338] Config(MISSIONPACK) Squad/Missions/MissionPacks/squad_ESA
[LOG 18:33:25.338] Config(VARIANTTHEME) Squad/Parts/VariantThemes/White
[LOG 18:33:25.338] Config(VARIANTTHEME) Squad/Parts/VariantThemes/BlackAndWhite
[LOG 18:33:25.338] Config(VARIANTTHEME) Squad/Parts/VariantThemes/GrayAndOrange
[LOG 18:33:25.338] Config(VARIANTTHEME) Squad/Parts/VariantThemes/Dark
[LOG 18:33:25.338] Config(VARIANTTHEME) Squad/Parts/VariantThemes/Gray
[LOG 18:33:25.338] Config(VARIANTTHEME) Squad/Parts/VariantThemes/Orange
[LOG 18:33:25.338] Config(VARIANTTHEME) Squad/Parts/VariantThemes/Gold
[LOG 18:33:25.338] Config(VARIANTTHEME) Squad/Parts/VariantThemes/Bare
[LOG 18:33:25.338] Config(VARIANTTHEME) Squad/Parts/VariantThemes/Shroud
[LOG 18:33:25.338] Config(VARIANTTHEME) Squad/Parts/VariantThemes/GrayAndWhite
[LOG 18:33:25.338] Config(VARIANTTHEME) Squad/Parts/VariantThemes/YellowAndWhite
[LOG 18:33:25.339] Config(VARIANTTHEME) Squad/Parts/VariantThemes/Silver
[LOG 18:33:25.339] Config(VARIANTTHEME) Squad/Parts/VariantThemes/Gray with Stripes
[LOG 18:33:25.339] Config(PART) Squad/Parts/Aero/aerodynamicNoseCone/aerodynamicNoseCone/noseCone
[LOG 18:33:25.339] Config(PART) Squad/Parts/Aero/airbrake/Airbrake/airbrake1
[LOG 18:33:25.339] Config(PART) Squad/Parts/Aero/airIntakeRadialXM-G50/airIntakeRadialXM-G50/airScoop
[LOG 18:33:25.339] Config(PART) Squad/Parts/Aero/airlinerWings/ControlSurface/airlinerCtrlSrf
[LOG 18:33:25.339] Config(PART) Squad/Parts/Aero/airlinerWings/MainWing/airlinerMainWing
[LOG 18:33:25.339] Config(PART) Squad/Parts/Aero/airlinerWings/TailFin/airlinerTailFin
[LOG 18:33:25.339] Config(PART) Squad/Parts/Aero/airplaneFins/advancedCanard/AdvancedCanard
[LOG 18:33:25.339] Config(PART) Squad/Parts/Aero/airplaneFins/standardCanard/CanardController
[LOG 18:33:25.339] Config(PART) Squad/Parts/Aero/airplaneFins/sweptWing/sweptWing
[LOG 18:33:25.339] Config(PART) Squad/Parts/Aero/airplaneFins/tailfin/tailfin
[LOG 18:33:25.339] Config(PART) Squad/Parts/Aero/basicFin/basicFin/basicFin
[LOG 18:33:25.339] Config(PART) Squad/Parts/Aero/circularIntake/circularIntake/CircularIntake
[LOG 18:33:25.339] Config(PART) Squad/Parts/Aero/circularIntake/intakeShockCone/shockConeIntake
[LOG 18:33:25.339] Config(PART) Squad/Parts/Aero/cones/avionicsNoseCone/avionicsNoseCone
[LOG 18:33:25.339] Config(PART) Squad/Parts/Aero/cones/ConeA/pointyNoseConeA
[LOG 18:33:25.339] Config(PART) Squad/Parts/Aero/cones/ConeB/pointyNoseConeB
[LOG 18:33:25.339] Config(PART) Squad/Parts/Aero/cones/noseConeAdapter/noseConeAdapter
[LOG 18:33:25.339] Config(PART) Squad/Parts/Aero/cones/protectiveRocketNoseMk7_v2/rocketNoseCone_v2
[LOG 18:33:25.339] Config(PART) Squad/Parts/Aero/cones/protectiveRocketNoseMk7_v3/rocketNoseCone_v3
[LOG 18:33:25.339] Config(PART) Squad/Parts/Aero/cones/rocketNoseCone_size3/rocketNoseConeSize3
[LOG 18:33:25.339] Config(PART) Squad/Parts/Aero/cones/smallNoseCone/standardNoseCone
[LOG 18:33:25.339] Config(PART) Squad/Parts/Aero/cones/tailConnectorA/airplaneTail
[LOG 18:33:25.339] Config(PART) Squad/Parts/Aero/cones/tailConnectorB/airplaneTailB
[LOG 18:33:25.339] Config(PART) Squad/Parts/Aero/fairings/fairingSize1/fairingSize1
[LOG 18:33:25.340] Config(PART) Squad/Parts/Aero/fairings/fairingSize2/fairingSize2
[LOG 18:33:25.340] Config(PART) Squad/Parts/Aero/fairings/fairingSize3/fairingSize3
[LOG 18:33:25.340] Config(PART) Squad/Parts/Aero/HeatShield/HeatShield0/HeatShield0
[LOG 18:33:25.340] Config(PART) Squad/Parts/Aero/HeatShield/HeatShield1/HeatShield1
[LOG 18:33:25.340] Config(PART) Squad/Parts/Aero/HeatShield/HeatShield2/HeatShield2
[LOG 18:33:25.340] Config(PART) Squad/Parts/Aero/HeatShield/HeatShield3/HeatShield3
[LOG 18:33:25.340] Config(PART) Squad/Parts/Aero/InflatableHeatShield/HeatShield/InflatableHeatShield
[LOG 18:33:25.340] Config(PART) Squad/Parts/Aero/intakeRadialLong/intakeRadialLong/IntakeRadialLong
[LOG 18:33:25.340] Config(PART) Squad/Parts/Aero/miniIntake/SmallIntake/miniIntake
[LOG 18:33:25.340] Config(PART) Squad/Parts/Aero/ramAirIntake/ramAirIntake/ramAirIntake
[LOG 18:33:25.340] Config(PART) Squad/Parts/Aero/shuttleWings/delta/wingShuttleDelta
[LOG 18:33:25.340] Config(PART) Squad/Parts/Aero/shuttleWings/elevon1/wingShuttleElevon1
[LOG 18:33:25.340] Config(PART) Squad/Parts/Aero/shuttleWings/elevon2/wingShuttleElevon2
[LOG 18:33:25.340] Config(PART) Squad/Parts/Aero/shuttleWings/rudder/wingShuttleRudder
[LOG 18:33:25.340] Config(PART) Squad/Parts/Aero/shuttleWings/strake/wingShuttleStrake
[LOG 18:33:25.340] Config(PART) Squad/Parts/Aero/wingletAV-R8/wingletAV-R8/R8winglet
[LOG 18:33:25.340] Config(PART) Squad/Parts/Aero/wingletAV-T1/wingletAV-T1/winglet
[LOG 18:33:25.340] Config(PART) Squad/Parts/Aero/wingletDeltaDeluxe/wingletDeltaDeluxe/winglet3
[LOG 18:33:25.340] Config(PART) Squad/Parts/Aero/wings/connector1/wingConnector
[LOG 18:33:25.340] Config(PART) Squad/Parts/Aero/wings/connector2/wingConnector2
[LOG 18:33:25.340] Config(PART) Squad/Parts/Aero/wings/connector3/wingConnector3
[LOG 18:33:25.340] Config(PART) Squad/Parts/Aero/wings/connector4/wingConnector4
[LOG 18:33:25.340] Config(PART) Squad/Parts/Aero/wings/connector5/wingConnector5
[LOG 18:33:25.341] Config(PART) Squad/Parts/Aero/wings/delta/deltaWing
[LOG 18:33:25.341] Config(PART) Squad/Parts/Aero/wings/delta_small/delta_small
[LOG 18:33:25.341] Config(PART) Squad/Parts/Aero/wings/elevon1/StandardCtrlSrf
[LOG 18:33:25.341] Config(PART) Squad/Parts/Aero/wings/elevon2/elevon2
[LOG 18:33:25.341] Config(PART) Squad/Parts/Aero/wings/elevon3/elevon3
[LOG 18:33:25.341] Config(PART) Squad/Parts/Aero/wings/elevon4/smallCtrlSrf
[LOG 18:33:25.341] Config(PART) Squad/Parts/Aero/wings/elevon5/elevon5
[LOG 18:33:25.341] Config(PART) Squad/Parts/Aero/wings/strake/wingStrake
[LOG 18:33:25.341] Config(PART) Squad/Parts/Aero/wings/structural1/structuralWing
[LOG 18:33:25.341] Config(PART) Squad/Parts/Aero/wings/structural2/structuralWing2
[LOG 18:33:25.341] Config(PART) Squad/Parts/Aero/wings/structural3/structuralWing3
[LOG 18:33:25.341] Config(PART) Squad/Parts/Aero/wings/structural4/structuralWing4
[LOG 18:33:25.341] Config(PART) Squad/Parts/Aero/wings/swept1/sweptWing1
[LOG 18:33:25.341] Config(PART) Squad/Parts/Aero/wings/swept2/sweptWing2
[LOG 18:33:25.341] Config(PART) Squad/Parts/Cargo/CargoContainers/cargoContainer/cargoContainer
[LOG 18:33:25.341] Config(PART) Squad/Parts/Cargo/CargoContainers/smallCargoContainer/smallCargoContainer
[LOG 18:33:25.341] Config(PART) Squad/Parts/Cargo/Cylinder/Cylinder/evaCylinder
[LOG 18:33:25.341] Config(PART) Squad/Parts/Cargo/GroundAnchor/groundAnchor/groundAnchor
[LOG 18:33:25.341] Config(PART) Squad/Parts/Cargo/Jetpack/Jetpack/evaJetpack
[LOG 18:33:25.341] Config(PART) Squad/Parts/Cargo/Parachute/Parachute/evaChute
[LOG 18:33:25.342] Config(PART) Squad/Parts/Cargo/RepairKit/RepairKit/evaRepairKit
[LOG 18:33:25.342] Config(PART) Squad/Parts/Cargo/ScienceKit/evaScienceKit/evaScienceKit
[LOG 18:33:25.342] Config(PART) Squad/Parts/Cargo/StorageUnits/CargoStorageUnit/CargoStorageUnit
[LOG 18:33:25.342] Config(PART) Squad/Parts/Cargo/StorageUnits/ConformalStorageUnit/ConformalStorageUnit
[LOG 18:33:25.342] Config(PART) Squad/Parts/Command/advancedSasModuleLarge/advSasModuleLarge/asasmodule1-2
[LOG 18:33:25.342] Config(PART) Squad/Parts/Command/cupola/cupola/cupola
[LOG 18:33:25.342] Config(PART) Squad/Parts/Command/externalCommandSeat/externalCommandSeat/seatExternalCmd
[LOG 18:33:25.342] Config(PART) Squad/Parts/Command/hitchhikerStorageContainer/hitchikerStorageContainer/crewCabin
[LOG 18:33:25.342] Config(PART) Squad/Parts/Command/inlineAdvancedStabilizer/inlineAdvancedStabilizer/advSasModule
[LOG 18:33:25.342] Config(PART) Squad/Parts/Command/inlineReactionWheel/inlineReactionWheel/sasModule
[LOG 18:33:25.342] Config(PART) Squad/Parts/Command/Mk1-3Pod/mk1-3/mk1-3pod
[LOG 18:33:25.342] Config(PART) Squad/Parts/Command/mk1Cockpits/mk1Cockpit/Mark1Cockpit
[LOG 18:33:25.342] Config(PART) Squad/Parts/Command/mk1Cockpits/mk1CrewCabin/MK1CrewCabin
[LOG 18:33:25.342] Config(PART) Squad/Parts/Command/mk1Cockpits/mk1InlineCockpit/Mark2Cockpit
[LOG 18:33:25.342] Config(PART) Squad/Parts/Command/mk1LanderCan/mk1LanderCan/landerCabinSmall
[LOG 18:33:25.342] Config(PART) Squad/Parts/Command/mk1pod_v2/mk1Pod_v2/mk1pod_v2
[LOG 18:33:25.342] Config(PART) Squad/Parts/Command/mk2CockpitInline/mk2CockpitInline/mk2Cockpit_Inline
[LOG 18:33:25.342] Config(PART) Squad/Parts/Command/mk2CockpitStandard/mk2CockpitStandard/mk2Cockpit_Standard
[LOG 18:33:25.342] Config(PART) Squad/Parts/Command/mk2DroneCore/mk2Dronecore/mk2DroneCore
[LOG 18:33:25.342] Config(PART) Squad/Parts/Command/mk2LanderCan/mk2LanderCan/mk2LanderCabin
[LOG 18:33:25.342] Config(PART) Squad/Parts/Command/mk2LanderCan_v2/mk2LanderCan_v2/mk2LanderCabin_v2
[LOG 18:33:25.342] Config(PART) Squad/Parts/Command/mk3CockpitShuttle/mk3CockpitShuttle/mk3Cockpit_Shuttle
[LOG 18:33:25.342] Config(PART) Squad/Parts/Command/MpoProbe/MpoProbe/MpoProbe
[LOG 18:33:25.342] Config(PART) Squad/Parts/Command/MtmStage/MTM_Stage/MtmStage
[LOG 18:33:25.343] Config(PART) Squad/Parts/Command/probeCoreCube/probeCoreCube/probeCoreCube
[LOG 18:33:25.343] Config(PART) Squad/Parts/Command/probeCoreHex/probeCoreHex/probeCoreHex
[LOG 18:33:25.343] Config(PART) Squad/Parts/Command/probeCoreHex_v2/probeCoreHex_v2/probeCoreHex_v2
[LOG 18:33:25.343] Config(PART) Squad/Parts/Command/probeCoreOcto2_v2/probeCoreOcto2_v2/probeCoreOcto2_v2
[LOG 18:33:25.343] Config(PART) Squad/Parts/Command/probeCoreOcto_v2/probeCoreOcto_v2/probeCoreOcto_v2
[LOG 18:33:25.343] Config(PART) Squad/Parts/Command/probeRoverBody/probeRoverBody/roverBody
[LOG 18:33:25.343] Config(PART) Squad/Parts/Command/probeRoverBody_v2/probeRoverBody_v2/roverBody_v2
[LOG 18:33:25.343] Config(PART) Squad/Parts/Command/probeStackLarge/probeStackLarge/probeStackLarge
[LOG 18:33:25.343] Config(PART) Squad/Parts/Command/probeStackSmall/probeStackSmall/probeStackSmall
[LOG 18:33:25.343] Config(PART) Squad/Parts/Command/probeStackSphere_v2/probeStackSphere_v2/probeCoreSphere_v2
[LOG 18:33:25.343] Config(PART) Squad/Parts/CompoundParts/FuelLine/fuelLine/fuelLine
[LOG 18:33:25.343] Config(PART) Squad/Parts/CompoundParts/strutConnector/strutConnector/strutConnector
[LOG 18:33:25.343] Config(PART) Squad/Parts/Coupling/Decoupler_0/Decoupler_0
[LOG 18:33:25.343] Config(PART) Squad/Parts/Coupling/Decoupler_1/Decoupler_1
[LOG 18:33:25.343] Config(PART) Squad/Parts/Coupling/Decoupler_2/Decoupler_2
[LOG 18:33:25.343] Config(PART) Squad/Parts/Coupling/Decoupler_3/Decoupler_3
[LOG 18:33:25.343] Config(PART) Squad/Parts/Coupling/Separator_0/Separator_0
[LOG 18:33:25.343] Config(PART) Squad/Parts/Coupling/Separator_1/Separator_1
[LOG 18:33:25.343] Config(PART) Squad/Parts/Coupling/Separator_2/Separator_2
[LOG 18:33:25.343] Config(PART) Squad/Parts/Coupling/Separator_3/Separator_3
[LOG 18:33:25.343] Config(PART) Squad/Parts/Electrical/10CSolarPanels/OX-10C/solarPanelOX10C
[LOG 18:33:25.343] Config(PART) Squad/Parts/Electrical/10CSolarPanels/SP-10C/solarPanelSP10C
[LOG 18:33:25.343] Config(PART) Squad/Parts/Electrical/10LSolarPanels/OX-10L/solarPanelOX10L
[LOG 18:33:25.343] Config(PART) Squad/Parts/Electrical/10LSolarPanels/SP-10L/solarPanelSP10L
[LOG 18:33:25.344] Config(PART) Squad/Parts/Electrical/1x6ShroudSolarPanels/1x6ShroudSolarPanels/solarPanels2
[LOG 18:33:25.344] Config(PART) Squad/Parts/Electrical/1x6SolarPanels/1x6SolarPanels/solarPanels4
[LOG 18:33:25.344] Config(PART) Squad/Parts/Electrical/3x2ShroudSolarPanels/3x2ShroudSolarPanels/solarPanels1
[LOG 18:33:25.344] Config(PART) Squad/Parts/Electrical/3x2SolarPanels/3x2SolarPanels/solarPanels3
[LOG 18:33:25.344] Config(PART) Squad/Parts/Electrical/gigantorXlSolarArray/gigantorXlSolarArray/largeSolarPanel
[LOG 18:33:25.344] Config(PART) Squad/Parts/Electrical/radialFlatSolarPanel/radialFlatSolarPanel/solarPanels5
[LOG 18:33:25.344] Config(PART) Squad/Parts/Electrical/RTG/RTG/rtg
[LOG 18:33:25.344] Config(PART) Squad/Parts/Electrical/z-100Battery/z-100Battery/batteryPack
[LOG 18:33:25.344] Config(PART) Squad/Parts/Electrical/z-1kBattery/z-1kBattery/batteryBank
[LOG 18:33:25.344] Config(PART) Squad/Parts/Electrical/z-200Battery/z-200Battery/batteryBankMini
[LOG 18:33:25.344] Config(PART) Squad/Parts/Electrical/z-400Battery/z-400Battery/ksp_r_largeBatteryPack
[LOG 18:33:25.344] Config(PART) Squad/Parts/Electrical/z-4kBattery/z-4kBattery/batteryBankLarge
[LOG 18:33:25.344] Config(PART) Squad/Parts/Engine/ionEngine/ionEngine/ionEngine
[LOG 18:33:25.344] Config(PART) Squad/Parts/Engine/jetEngines/jetEngineAfterburning/turboJet
[LOG 18:33:25.344] Config(PART) Squad/Parts/Engine/jetEngines/jetEngineBasic/JetEngine
[LOG 18:33:25.344] Config(PART) Squad/Parts/Engine/jetEngines/jetEngineBig/turboFanSize2
[LOG 18:33:25.344] Config(PART) Squad/Parts/Engine/jetEngines/jetEngineTurbo/turboFanEngine
[LOG 18:33:25.344] Config(PART) Squad/Parts/Engine/liquidEngine24-77/liquidEngine24-77/smallRadialEngine
[LOG 18:33:25.344] Config(PART) Squad/Parts/Engine/liquidEngine24-77_v2/liquidEngine24-77_v2/smallRadialEngine_v2
[LOG 18:33:25.344] Config(PART) Squad/Parts/Engine/liquidEngine48-7S_v2/liquidEngine48-7S_v2/liquidEngineMini_v2
[LOG 18:33:25.344] Config(PART) Squad/Parts/Engine/liquidEngineAerospike/liquidEngineAerospike/toroidalAerospike
[LOG 18:33:25.344] Config(PART) Squad/Parts/Engine/liquidEngineLV-1_v2/liquidEngineLV-1R _v2/radialEngineMini_v2
[LOG 18:33:25.344] Config(PART) Squad/Parts/Engine/liquidEngineLV-1_v2/liquidEngineLV-1_v2/microEngine_v2
[LOG 18:33:25.344] Config(PART) Squad/Parts/Engine/liquidEngineLV-909_v2/liquidEngineLV-909_v2/liquidEngine3_v2
[LOG 18:33:25.345] Config(PART) Squad/Parts/Engine/liquidEngineLV-N/liquidEngineLV-N/nuclearEngine
[LOG 18:33:25.345] Config(PART) Squad/Parts/Engine/liquidEngineLV-T30/liquidEngineLV-T30/liquidEngine
[LOG 18:33:25.345] Config(PART) Squad/Parts/Engine/liquidEngineLV-T30_v2/liquidEngineLV-T30_v2/liquidEngine_v2
[LOG 18:33:25.345] Config(PART) Squad/Parts/Engine/liquidEngineLV-T45/liquidEngineLV-T45/liquidEngine2
[LOG 18:33:25.345] Config(PART) Squad/Parts/Engine/liquidEngineLV-T45_v2/liquidEngineLV-T45_v2/liquidEngine2_v2
[LOG 18:33:25.345] Config(PART) Squad/Parts/Engine/liquidEngineMainsail_v2/liquidEngineMainsail_v2/liquidEngineMainsail_v2
[LOG 18:33:25.345] Config(PART) Squad/Parts/Engine/liquidEngineMk55/liquidEngineMk55/radialLiquidEngine1-2
[LOG 18:33:25.345] Config(PART) Squad/Parts/Engine/liquidEnginePoodle_v2/liquidEnginePoodle_v2/liquidEngine2-2_v2
[LOG 18:33:25.345] Config(PART) Squad/Parts/Engine/liquidEngineSkipper_v2/skipperLiquidEngine_v2/engineLargeSkipper_v2
[LOG 18:33:25.345] Config(PART) Squad/Parts/Engine/liquidEngineSSME/SSME/SSME
[LOG 18:33:25.345] Config(PART) Squad/Parts/Engine/MassiveSRB/part/MassiveBooster
[LOG 18:33:25.345] Config(PART) Squad/Parts/Engine/miniJet/SmallJetEngine/miniJetEngine
[LOG 18:33:25.345] Config(PART) Squad/Parts/Engine/OMSEngine/omsEngine/omsEngine
[LOG 18:33:25.345] Config(PART) Squad/Parts/Engine/rapierEngine/rapierEngine/RAPIER
[LOG 18:33:25.345] Config(PART) Squad/Parts/Engine/Size1_SRBs/solidBoosterRT-10_v2/solidBooster_v2
[LOG 18:33:25.345] Config(PART) Squad/Parts/Engine/Size1_SRBs/solidBoosterRT-5_v2/solidBooster_sm_v2
[LOG 18:33:25.345] Config(PART) Squad/Parts/Engine/Size2LFB/part/Size2LFB
[LOG 18:33:25.345] Config(PART) Squad/Parts/Engine/Size2LFB_v2/part/Size2LFB_v2
[LOG 18:33:25.345] Config(PART) Squad/Parts/Engine/Size3AdvancedEngine/part/Size3AdvancedEngine
[LOG 18:33:25.345] Config(PART) Squad/Parts/Engine/Size3EngineCluster/part/Size3EngineCluster
[LOG 18:33:25.345] Config(PART) Squad/Parts/Engine/solidBoosterBACC/solidBoosterBACC/solidBooster1-1
[LOG 18:33:25.346] Config(PART) Squad/Parts/Engine/solidBoosterS2-17/solidBoosterS2-17/Thoroughbred
[LOG 18:33:25.346] Config(PART) Squad/Parts/Engine/solidBoosterS2-33/solidBoosterS2-33/Clydesdale
[LOG 18:33:25.346] Config(PART) Squad/Parts/Engine/solidBoosterSep/solidBoosterSep/sepMotor1
[LOG 18:33:25.346] Config(PART) Squad/Parts/Engine/SolidBoostersF/SolidBoosterF3S0/Shrimp
[LOG 18:33:25.346] Config(PART) Squad/Parts/Engine/SolidBoostersF/SolidBoosterFM1/Mite
[LOG 18:33:25.346] Config(PART) Squad/Parts/FuelTank/adapterTanks/Mk3-Mk2/adapterMk3-Mk2
[LOG 18:33:25.346] Config(PART) Squad/Parts/FuelTank/adapterTanks/Mk3-ShuttleAdapter/adapterEngines
[LOG 18:33:25.346] Config(PART) Squad/Parts/FuelTank/adapterTanks/Mk3-Size2/adapterMk3-Size2
[LOG 18:33:25.346] Config(PART) Squad/Parts/FuelTank/adapterTanks/Mk3-Size2Slant/adapterMk3-Size2Slant
[LOG 18:33:25.346] Config(PART) Squad/Parts/FuelTank/adapterTanks/Size2-Mk2/adapterSize2-Mk2
[LOG 18:33:25.346] Config(PART) Squad/Parts/FuelTank/adapterTanks/Size2-Size1/adapterSize2-Size1
[LOG 18:33:25.346] Config(PART) Squad/Parts/FuelTank/adapterTanks/Size2-Size1Slant/adapterSize2-Size1Slant
[LOG 18:33:25.346] Config(PART) Squad/Parts/FuelTank/adapterTanks/Size3-Mk3/adapterSize3-Mk3
[LOG 18:33:25.346] Config(PART) Squad/Parts/FuelTank/drainTankFTE-1/ReleaseValve/ReleaseValve
[LOG 18:33:25.346] Config(PART) Squad/Parts/FuelTank/FoilTanks/RadialTank_Capsule/externalTankCapsule
[LOG 18:33:25.346] Config(PART) Squad/Parts/FuelTank/FoilTanks/RadialTank_Round/externalTankRound
[LOG 18:33:25.346] Config(PART) Squad/Parts/FuelTank/FoilTanks/ToroidTank/externalTankToroid
[LOG 18:33:25.346] Config(PART) Squad/Parts/FuelTank/fuelTankOscarB/fuelTankOscarB/miniFuelTank
[LOG 18:33:25.346] Config(PART) Squad/Parts/FuelTank/miniFuselage/miniFuselage/miniFuselage
[LOG 18:33:25.346] Config(PART) Squad/Parts/FuelTank/mk2Adapters/bicoupler/mk2_1m_Bicoupler
[LOG 18:33:25.346] Config(PART) Squad/Parts/FuelTank/mk2Adapters/long/mk2_1m_AdapterLong
[LOG 18:33:25.346] Config(PART) Squad/Parts/FuelTank/mk2Adapters/standard/mk2SpacePlaneAdapter
[LOG 18:33:25.346] Config(PART) Squad/Parts/FuelTank/mk2FuselageLong/LFO_long/mk2FuselageLongLFO
[LOG 18:33:25.347] Config(PART) Squad/Parts/FuelTank/mk2FuselageLong/L_long/mk2Fuselage
[LOG 18:33:25.347] Config(PART) Squad/Parts/FuelTank/mk2FuselageShort/LFO_short/mk2FuselageShortLFO
[LOG 18:33:25.347] Config(PART) Squad/Parts/FuelTank/mk2FuselageShort/L_short/mk2FuselageShortLiquid
[LOG 18:33:25.347] Config(PART) Squad/Parts/FuelTank/mk2FuselageShort/Mono_short/mk2FuselageShortMono
[LOG 18:33:25.347] Config(PART) Squad/Parts/FuelTank/mk3Fuselage/CREW/mk3CrewCabin
[LOG 18:33:25.347] Config(PART) Squad/Parts/FuelTank/mk3Fuselage/LFO_100/mk3FuselageLFO_100
[LOG 18:33:25.347] Config(PART) Squad/Parts/FuelTank/mk3Fuselage/LFO_25/mk3FuselageLFO_25
[LOG 18:33:25.347] Config(PART) Squad/Parts/FuelTank/mk3Fuselage/LFO_50/mk3FuselageLFO_50
[LOG 18:33:25.347] Config(PART) Squad/Parts/FuelTank/mk3Fuselage/LF_100/mk3FuselageLF_100
[LOG 18:33:25.347] Config(PART) Squad/Parts/FuelTank/mk3Fuselage/LF_25/mk3FuselageLF_25
[LOG 18:33:25.347] Config(PART) Squad/Parts/FuelTank/mk3Fuselage/LF_50/mk3FuselageLF_50
[LOG 18:33:25.347] Config(PART) Squad/Parts/FuelTank/mk3Fuselage/MONO/mk3FuselageMONO
[LOG 18:33:25.347] Config(PART) Squad/Parts/FuelTank/RCSFuelTankR1/RCSFuelTankR1/RCSTank1-2
[LOG 18:33:25.347] Config(PART) Squad/Parts/FuelTank/RCSFuelTankR10/RCSFuelTankR10/rcsTankMini
[LOG 18:33:25.347] Config(PART) Squad/Parts/FuelTank/RCSFuelTankR25/RCSFuelTankR25/RCSFuelTank
[LOG 18:33:25.347] Config(PART) Squad/Parts/FuelTank/RCSTankRadial/radialRCSTank/radialRCSTank
[LOG 18:33:25.347] Config(PART) Squad/Parts/FuelTank/RCStankRadialLong/RCSTankRadialLong/rcsTankRadialLong
[LOG 18:33:25.347] Config(PART) Squad/Parts/FuelTank/RockomaxTanks/Rockomax16/Rockomax16_BW
[LOG 18:33:25.347] Config(PART) Squad/Parts/FuelTank/RockomaxTanks/Rockomax32/Rockomax32_BW
[LOG 18:33:25.347] Config(PART) Squad/Parts/FuelTank/RockomaxTanks/Rockomax64/Rockomax64_BW
[LOG 18:33:25.347] Config(PART) Squad/Parts/FuelTank/RockomaxTanks/Rockomax8/Rockomax8BW
[LOG 18:33:25.347] Config(PART) Squad/Parts/FuelTank/Size1_Tanks/fuelTankT100/fuelTankSmallFlat
[LOG 18:33:25.347] Config(PART) Squad/Parts/FuelTank/Size1_Tanks/fuelTankT200/fuelTankSmall
[LOG 18:33:25.348] Config(PART) Squad/Parts/FuelTank/Size1_Tanks/fuelTankT400/fuelTank
[LOG 18:33:25.348] Config(PART) Squad/Parts/FuelTank/Size1_Tanks/fuelTankT800/fuelTank_long
[LOG 18:33:25.348] Config(PART) Squad/Parts/FuelTank/Size3Tanks/large/Size3LargeTank
[LOG 18:33:25.348] Config(PART) Squad/Parts/FuelTank/Size3Tanks/medium/Size3MediumTank
[LOG 18:33:25.348] Config(PART) Squad/Parts/FuelTank/Size3Tanks/small/Size3SmallTank
[LOG 18:33:25.348] Config(PART) Squad/Parts/FuelTank/xenonTank/xenonTank/xenonTank
[LOG 18:33:25.348] Config(PART) Squad/Parts/FuelTank/xenonTankLarge/xenonTankLarge/xenonTankLarge
[LOG 18:33:25.348] Config(PART) Squad/Parts/FuelTank/xenonTankRadial/xenonTankRadial/xenonTankRadial
[LOG 18:33:25.348] Config(PART) Squad/Parts/Misc/AsteroidDay/CamSat/InfraredTelescope
[LOG 18:33:25.348] Config(PART) Squad/Parts/Misc/AsteroidDay/HECS2/HECS2_ProbeCore
[LOG 18:33:25.348] Config(PART) Squad/Parts/Misc/AsteroidDay/HighGainAntenna/HighGainAntenna
[LOG 18:33:25.348] Config(PART) Squad/Parts/Misc/AsteroidDay/LgRadialSolar/LgRadialSolarPanel
[LOG 18:33:25.348] Config(PART) Squad/Parts/Misc/PotatoComet/part/PotatoComet
[LOG 18:33:25.348] Config(PART) Squad/Parts/Misc/PotatoRoid/part/PotatoRoid
[LOG 18:33:25.348] Config(PART) Squad/Parts/Prebuilt/flag/flag
[LOG 18:33:25.348] Config(PART) Squad/Parts/Prebuilt/kerbalEVA/kerbalEVA
[LOG 18:33:25.348] Config(PART) Squad/Parts/Prebuilt/kerbalEVAfemale/kerbalEVAfemale
[LOG 18:33:25.348] Config(PART) Squad/Parts/Prebuilt/kerbalEVASlimSuit/kerbalEVASlimSuit
[LOG 18:33:25.348] Config(PART) Squad/Parts/Prebuilt/kerbalEVASlimSuitFemale/kerbalEVASlimSuitFemale
[LOG 18:33:25.348] Config(PART) Squad/Parts/Resources/FuelCell/FuelCell/FuelCell
[LOG 18:33:25.348] Config(PART) Squad/Parts/Resources/FuelCell/FuelCellArray/FuelCellArray
[LOG 18:33:25.348] Config(PART) Squad/Parts/Resources/ISRU/ISRU/ISRU
[LOG 18:33:25.349] Config(PART) Squad/Parts/Resources/LargeTank/LargeTank/LargeTank
[LOG 18:33:25.349] Config(PART) Squad/Parts/Resources/MiniDrill/MiniDrill/MiniDrill
[LOG 18:33:25.349] Config(PART) Squad/Parts/Resources/MiniISRU/MiniISRU/MiniISRU
[LOG 18:33:25.349] Config(PART) Squad/Parts/Resources/OrbitalScanner/OrbitalScanner/OrbitalScanner
[LOG 18:33:25.349] Config(PART) Squad/Parts/Resources/RadialDrill/RadialDrill/RadialDrill
[LOG 18:33:25.349] Config(PART) Squad/Parts/Resources/RadialTank/RadialTank/RadialOreTank
[LOG 18:33:25.349] Config(PART) Squad/Parts/Resources/SmallTank/SmallTank/SmallTank
[LOG 18:33:25.349] Config(PART) Squad/Parts/Resources/SurfaceScanner/SurfaceScanner/SurfaceScanner
[LOG 18:33:25.349] Config(PART) Squad/Parts/Resources/SurveyScanner/SurveyScanner/SurveyScanner
[LOG 18:33:25.349] Config(PART) Squad/Parts/Science/AtmosphereSensor/sensorAtmosphere/sensorAtmosphere
[LOG 18:33:25.349] Config(PART) Squad/Parts/Science/GooExperiment/gooExperiment/GooExperiment
[LOG 18:33:25.349] Config(PART) Squad/Parts/Science/LargeCrewedLab/largeCrewedLab/Large_Crewed_Lab
[LOG 18:33:25.349] Config(PART) Squad/Parts/Science/Magnetometer/Magnetometer/Magnetometer
[LOG 18:33:25.349] Config(PART) Squad/Parts/Science/MaterialBay/materialBay/science_module
[LOG 18:33:25.349] Config(PART) Squad/Parts/Science/ScienceBox/ScienceBox/ScienceBox
[LOG 18:33:25.349] Config(PART) Squad/Parts/Science/sensorAccelerometer/sensorAccelerometer/sensorAccelerometer
[LOG 18:33:25.349] Config(PART) Squad/Parts/Science/sensorBarometer/sensorBarometer/sensorBarometer
[LOG 18:33:25.349] Config(PART) Squad/Parts/Science/sensorGravimeter/sensorGravimeter/sensorGravimeter
[LOG 18:33:25.349] Config(PART) Squad/Parts/Science/sensorThermometer/sensorThermometer/sensorThermometer
[LOG 18:33:25.349] Config(PART) Squad/Parts/Structural/FLAdapters/adapterSmallMiniShort/adapterSmallMiniShort
[LOG 18:33:25.349] Config(PART) Squad/Parts/Structural/FLAdapters/adapterSmallMiniTall/adapterSmallMiniTall
[LOG 18:33:25.349] Config(PART) Squad/Parts/Structural/mk1Parts/engineBodyRadial/radialEngineBody
[LOG 18:33:25.350] Config(PART) Squad/Parts/Structural/mk1Parts/engineNacelle/nacelleBody
[LOG 18:33:25.350] Config(PART) Squad/Parts/Structural/mk1Parts/mk1Fuselage/MK1Fuselage
[LOG 18:33:25.350] Config(PART) Squad/Parts/Structural/mk1Parts/mk1FuselageIntake/MK1IntakeFuselage
[LOG 18:33:25.350] Config(PART) Squad/Parts/Structural/mk1Parts/mk1Structural/Mk1FuselageStructural
[LOG 18:33:25.350] Config(PART) Squad/Parts/Structural/Size3To2Adapter_v2/Size2to3_v2/Size3To2Adapter_v2
[LOG 18:33:25.350] Config(PART) Squad/Parts/Structural/stackAdapters/adapterLargeSmallBi/adapterLargeSmallBi
[LOG 18:33:25.350] Config(PART) Squad/Parts/Structural/stackAdapters/adapterLargeSmallQuad/adapterLargeSmallQuad
[LOG 18:33:25.350] Config(PART) Squad/Parts/Structural/stackAdapters/adapterLargeSmallTri/adapterLargeSmallTri
[LOG 18:33:25.350] Config(PART) Squad/Parts/Structural/stationHub/stationHub/stationHub
[LOG 18:33:25.350] Config(PART) Squad/Parts/Structural/structuralIBeam200/structuralIBeam200/structuralIBeam2
[LOG 18:33:25.350] Config(PART) Squad/Parts/Structural/structuralIBeam200Pocket/structuralIBeam200Pocket/structuralIBeam3
[LOG 18:33:25.350] Config(PART) Squad/Parts/Structural/structuralIBeam650/structuralIBeam650/structuralIBeam1
[LOG 18:33:25.350] Config(PART) Squad/Parts/Structural/structuralMicronode/structuralMicronode/structuralMiniNode
[LOG 18:33:25.350] Config(PART) Squad/Parts/Structural/structuralPanel1x1/structuralPanel1x1/structuralPanel1
[LOG 18:33:25.350] Config(PART) Squad/Parts/Structural/structuralPanel2x2/structuralPanel2x2/structuralPanel2
[LOG 18:33:25.350] Config(PART) Squad/Parts/Structural/structuralPylons/smallHardpoint/smallHardpoint
[LOG 18:33:25.350] Config(PART) Squad/Parts/Structural/structuralPylons/structuralPylon/structuralPylon
[LOG 18:33:25.350] Config(PART) Squad/Parts/Structural/strutCubicOcto/strutCubicOcto/strutCube
[LOG 18:33:25.350] Config(PART) Squad/Parts/Structural/strutOcto/strutOcto/strutOcto
[LOG 18:33:25.350] Config(PART) Squad/Parts/Structural/trussGirderAdapter/trussGirderAdapter/trussAdapter
[LOG 18:33:25.350] Config(PART) Squad/Parts/Structural/trussGirderL/trussGirderL/trussPiece1x
[LOG 18:33:25.350] Config(PART) Squad/Parts/Structural/trussGirderXL/trussGirderXL/trussPiece3x
[LOG 18:33:25.350] Config(PART) Squad/Parts/Thermal/FoldingRadiators/foldingRadLarge/foldingRadLarge
[LOG 18:33:25.350] Config(PART) Squad/Parts/Thermal/FoldingRadiators/foldingRadMed/foldingRadMed
[LOG 18:33:25.350] Config(PART) Squad/Parts/Thermal/FoldingRadiators/foldingRadSmall/foldingRadSmall
[LOG 18:33:25.350] Config(PART) Squad/Parts/Thermal/RadiatorPanels/radPanelEdge/radPanelEdge
[LOG 18:33:25.351] Config(PART) Squad/Parts/Thermal/RadiatorPanels/radPanelLg/radPanelLg
[LOG 18:33:25.351] Config(PART) Squad/Parts/Thermal/RadiatorPanels/radPanelSm/radPanelSm
[LOG 18:33:25.351] Config(PART) Squad/Parts/Utility/commDish88-88/commDish88-88/commDish
[LOG 18:33:25.351] Config(PART) Squad/Parts/Utility/commsAntennaDTS-M1/commsAntennaDTS-M1/mediumDishAntenna
[LOG 18:33:25.351] Config(PART) Squad/Parts/Utility/commsDish16/commsAntenna16/longAntenna
[LOG 18:33:25.351] Config(PART) Squad/Parts/Utility/decouplerRadialHDM/decouplerRadialHDM/radialDecoupler1-2
[LOG 18:33:25.351] Config(PART) Squad/Parts/Utility/decouplerRadialTT-38K/decouplerRadialTT-38K/radialDecoupler
[LOG 18:33:25.351] Config(PART) Squad/Parts/Utility/decouplerRadialTT-70/decouplerRadialTT-70/radialDecoupler2
[LOG 18:33:25.351] Config(PART) Squad/Parts/Utility/DirectAntennas/C16S/SurfAntenna
[LOG 18:33:25.351] Config(PART) Squad/Parts/Utility/DirectAntennas/HG-5/HighGainAntenna5
[LOG 18:33:25.351] Config(PART) Squad/Parts/Utility/DirectAntennas/HG-5_v2/HighGainAntenna5_v2
[LOG 18:33:25.351] Config(PART) Squad/Parts/Utility/dockingPort/dockingPort/dockingPort2
[LOG 18:33:25.351] Config(PART) Squad/Parts/Utility/dockingPortInline/dockingPortInline/dockingPortLateral
[LOG 18:33:25.351] Config(PART) Squad/Parts/Utility/dockingPortJr/dockingPortJr/dockingPort3
[LOG 18:33:25.351] Config(PART) Squad/Parts/Utility/dockingPortShielded/dockingPortShielded/dockingPort1
[LOG 18:33:25.351] Config(PART) Squad/Parts/Utility/dockingPortSr/dockingPortSr/dockingPortLarge
[LOG 18:33:25.351] Config(PART) Squad/Parts/Utility/Fireworks/fireworksLauncherBig/fireworksLauncherBig
[LOG 18:33:25.351] Config(PART) Squad/Parts/Utility/Fireworks/fireworksLauncherSmall/fireworksLauncherSmall
[LOG 18:33:25.351] Config(PART) Squad/Parts/Utility/flags/flagFlat/flagFlat/flagPartFlat
[LOG 18:33:25.351] Config(PART) Squad/Parts/Utility/flags/flagSize0/flagSize0/flagPartSize0
[LOG 18:33:25.351] Config(PART) Squad/Parts/Utility/flags/flagSize1/flagSize1/flagPartSize1
[LOG 18:33:25.351] Config(PART) Squad/Parts/Utility/flags/flagSize2/flagSize2/flagPartSize2
[LOG 18:33:25.351] Config(PART) Squad/Parts/Utility/flags/flagSize3/flagSize3/flagPartSize3
[LOG 18:33:25.352] Config(PART) Squad/Parts/Utility/GrapplingDevice/part/GrapplingDevice
[LOG 18:33:25.352] Config(PART) Squad/Parts/Utility/ladderRadial/ladderRadial/ladder1
[LOG 18:33:25.352] Config(PART) Squad/Parts/Utility/ladderTelescopic/ladderTelescopic/telescopicLadder
[LOG 18:33:25.352] Config(PART) Squad/Parts/Utility/ladderTelescopicBay/ladderTelescopicBay/telescopicLadderBay
[LOG 18:33:25.352] Config(PART) Squad/Parts/Utility/landingLegLT-1/landingLegLT-1/landingLeg1
[LOG 18:33:25.352] Config(PART) Squad/Parts/Utility/landingLegLT-2/landingLegLT-2/landingLeg1-2
[LOG 18:33:25.352] Config(PART) Squad/Parts/Utility/landingLegLT-5/landingLegLT-5/miniLandingLeg
[LOG 18:33:25.352] Config(PART) Squad/Parts/Utility/launchClamp1/launchClamp1/launchClamp1
[LOG 18:33:25.352] Config(PART) Squad/Parts/Utility/launchEscapeSystem/part/LaunchEscapeSystem
[LOG 18:33:25.352] Config(PART) Squad/Parts/Utility/Lights/domeLight1/domeLight1
[LOG 18:33:25.352] Config(PART) Squad/Parts/Utility/Lights/groundLight1/groundLight1
[LOG 18:33:25.352] Config(PART) Squad/Parts/Utility/Lights/groundLight2/groundLight2
[LOG 18:33:25.352] Config(PART) Squad/Parts/Utility/Lights/navLight1/navLight1
[LOG 18:33:25.352] Config(PART) Squad/Parts/Utility/Lights/spotLight1/spotLight3
[LOG 18:33:25.352] Config(PART) Squad/Parts/Utility/Lights/stripLight1/stripLight1
[LOG 18:33:25.352] Config(PART) Squad/Parts/Utility/linearVernorRCS/linearRCS/linearRcs
[LOG 18:33:25.352] Config(PART) Squad/Parts/Utility/linearVernorRCS/vernorEngine/vernierEngine
[LOG 18:33:25.352] Config(PART) Squad/Parts/Utility/mk2CargoBay/BayL/mk2CargoBayL
[LOG 18:33:25.352] Config(PART) Squad/Parts/Utility/mk2CargoBay/BayS/mk2CargoBayS
[LOG 18:33:25.352] Config(PART) Squad/Parts/Utility/mk2CrewCabin/mk2CrewCabin/mk2CrewCabin
[LOG 18:33:25.352] Config(PART) Squad/Parts/Utility/mk2DockingPort/mk2DockingPort/mk2DockingPort
[LOG 18:33:25.352] Config(PART) Squad/Parts/Utility/mk3CargoBay/long/mk3CargoBayL
[LOG 18:33:25.352] Config(PART) Squad/Parts/Utility/mk3CargoBay/medium/mk3CargoBayM
[LOG 18:33:25.352] Config(PART) Squad/Parts/Utility/mk3CargoBay/ramp/mk3CargoRamp
[LOG 18:33:25.352] Config(PART) Squad/Parts/Utility/mk3CargoBay/short/mk3CargoBayS
[LOG 18:33:25.352] Config(PART) Squad/Parts/Utility/parachuteMk1/parachuteMk1/parachuteSingle
[LOG 18:33:25.353] Config(PART) Squad/Parts/Utility/parachuteMk12-R/parachuteMk12-R/radialDrogue
[LOG 18:33:25.353] Config(PART) Squad/Parts/Utility/parachuteMk16-XL/parachuteMk16-XL/parachuteLarge
[LOG 18:33:25.353] Config(PART) Squad/Parts/Utility/parachuteMk2-R/parachuteMk2-R/parachuteRadial
[LOG 18:33:25.353] Config(PART) Squad/Parts/Utility/parachuteMk25/parachuteMk25/parachuteDrogue
[LOG 18:33:25.353] Config(PART) Squad/Parts/Utility/radialAttachmentPoint/radialAttachmentPoint/stackPoint1
[LOG 18:33:25.353] Config(PART) Squad/Parts/Utility/rcsBlockRV-105_v2/rcsBlockRV-105/RCSBlock_v2
[LOG 18:33:25.353] Config(PART) Squad/Parts/Utility/rcsBlockRV-105_v2/RCSblock_01_small/RCSblock_01_small
[LOG 18:33:25.353] Config(PART) Squad/Parts/Utility/rcsSmallLinear/RCSLinearSmall/RCSLinearSmall
[LOG 18:33:25.353] Config(PART) Squad/Parts/Utility/RelayAntennas/RA-100/RelayAntenna100
[LOG 18:33:25.353] Config(PART) Squad/Parts/Utility/RelayAntennas/RA-5/RelayAntenna5
[LOG 18:33:25.353] Config(PART) Squad/Parts/Utility/RelayAntennas/RA-50/RelayAntenna50
[LOG 18:33:25.353] Config(PART) Squad/Parts/Utility/rockomaxAdapters/largeAdapter/largeAdapter
[LOG 18:33:25.353] Config(PART) Squad/Parts/Utility/rockomaxAdapters/largeAdapterShort/largeAdapter2
[LOG 18:33:25.353] Config(PART) Squad/Parts/Utility/ServiceBay_v2/ServiceBay_125_v2/ServiceBay_125_v2
[LOG 18:33:25.353] Config(PART) Squad/Parts/Utility/ServiceBay_v2/ServiceBay_250_v2/ServiceBay_250_v2
[LOG 18:33:25.353] Config(PART) Squad/Parts/Utility/smallClaw/smallClaw/smallClaw
[LOG 18:33:25.353] Config(PART) Squad/Parts/Utility/spotLightMk1/spotLightMk1/spotLight1
[LOG 18:33:25.353] Config(PART) Squad/Parts/Utility/spotLightMk1_v2/spotLightMk1_v2/spotLight1_v2
[LOG 18:33:25.353] Config(PART) Squad/Parts/Utility/spotLightMk2/spotLightMk2/spotLight2
[LOG 18:33:25.353] Config(PART) Squad/Parts/Utility/spotLightMk2_v2/spotLightMk2_v2/spotLight2_v2
[LOG 18:33:25.353] Config(PART) Squad/Parts/Utility/stackCouplers/stackBiCoupler_v2/stackBiCoupler_v2
[LOG 18:33:25.353] Config(PART) Squad/Parts/Utility/stackCouplers/stackQuadCoupler/stackQuadCoupler
[LOG 18:33:25.353] Config(PART) Squad/Parts/Utility/stackCouplers/stackTriCoupler_v2/stackTriCoupler_v2
[LOG 18:33:25.353] Config(PART) Squad/Parts/Wheel/LandingGear/GearExtraLarge/GearLarge
[LOG 18:33:25.353] Config(PART) Squad/Parts/Wheel/LandingGear/GearFixed/GearFixed
[LOG 18:33:25.354] Config(PART) Squad/Parts/Wheel/LandingGear/GearFree/GearFree
[LOG 18:33:25.354] Config(PART) Squad/Parts/Wheel/LandingGear/GearLarge/GearMedium
[LOG 18:33:25.354] Config(PART) Squad/Parts/Wheel/LandingGear/GearMedium/GearSmall
[LOG 18:33:25.354] Config(PART) Squad/Parts/Wheel/LandingGear/GearSmall/SmallGearBay
[LOG 18:33:25.354] Config(PART) Squad/Parts/Wheel/roverWheelM1/roverWheelM1/roverWheel1
[LOG 18:33:25.354] Config(PART) Squad/Parts/Wheel/roverWheelS2/roverWheelS2/roverWheel2
[LOG 18:33:25.354] Config(PART) Squad/Parts/Wheel/roverWheelTR-2L/roverWheelTR-2L/wheelMed
[LOG 18:33:25.354] Config(PART) Squad/Parts/Wheel/roverWheelXL3/roverWheelXL3/roverWheel3
[LOG 18:33:25.354] Config(PROP) Squad/Props/AltimeterThreeHands/prop/AltimeterThreeHands
[LOG 18:33:25.354] Config(PROP) Squad/Props/AtmosphereDepth/prop/AtmosphereDepth
[LOG 18:33:25.354] Config(PROP) Squad/Props/AxisIndicator/pitchConfig/AxisIndicatorPitch
[LOG 18:33:25.354] Config(PROP) Squad/Props/AxisIndicator/rollConfig/AxisIndicatorRoll
[LOG 18:33:25.354] Config(PROP) Squad/Props/AxisIndicator/yawConfig/AxisIndicatorYaw
[LOG 18:33:25.354] Config(PROP) Squad/Props/buttonsGeneric/circularButton/genericCircularButton
[LOG 18:33:25.354] Config(PROP) Squad/Props/buttonsGeneric/clusterButtons/genericClusterButtons
[LOG 18:33:25.354] Config(PROP) Squad/Props/buttonsGeneric/clusterButtons2/genericClusterButtons2
[LOG 18:33:25.354] Config(PROP) Squad/Props/buttonsGeneric/clusterKnob/genericClusterKnobs
[LOG 18:33:25.354] Config(PROP) Squad/Props/buttonsGeneric/clusterKnob2/genericClusterKnobs2
[LOG 18:33:25.354] Config(PROP) Squad/Props/buttonsGeneric/clusterMixed/genericClusterMixed
[LOG 18:33:25.354] Config(PROP) Squad/Props/buttonsGeneric/clusterSwitches01/genericClusterSwitches01
[LOG 18:33:25.354] Config(PROP) Squad/Props/buttonsGeneric/clusterSwitches02/genericClusterSwitches02
[LOG 18:33:25.354] Config(PROP) Squad/Props/buttonsGeneric/clusterSwitches03/genericClusterSwitches03
[LOG 18:33:25.354] Config(PROP) Squad/Props/buttonsGeneric/clusterSwitches04/genericClusterSwitches04
[LOG 18:33:25.354] Config(PROP) Squad/Props/buttonsGeneric/clusterSwitches05/genericClusterSwitches05
[LOG 18:33:25.354] Config(PROP) Squad/Props/buttonsGeneric/clusterSwitches06/genericClusterSwitches06
[LOG 18:33:25.355] Config(PROP) Squad/Props/buttonsGeneric/clusterSwitches07/genericClusterSwitches07
[LOG 18:33:25.355] Config(PROP) Squad/Props/buttonsGeneric/directionalKnob/genericDirectionalKnob
[LOG 18:33:25.355] Config(PROP) Squad/Props/buttonsGeneric/directionalKnob2/genericDirectionalKnob2
[LOG 18:33:25.355] Config(PROP) Squad/Props/buttonsGeneric/pullSwitch/genericPullSwitch
[LOG 18:33:25.355] Config(PROP) Squad/Props/buttonsGeneric/squareButton/genericSquareButton
[LOG 18:33:25.355] Config(PROP) Squad/Props/buttonsGeneric/standingSwitch/genericStandingSwitch
[LOG 18:33:25.355] Config(PROP) Squad/Props/buttonsGeneric/switch/genericSwitch
[LOG 18:33:25.355] Config(PROP) Squad/Props/buttonsGeneric/switchWithGuards/genericSwitchWithGuards
[LOG 18:33:25.355] Config(PROP) Squad/Props/ButtonSquare/prop/ButtonSquare
[LOG 18:33:25.355] Config(PROP) Squad/Props/circularButton/prop/circularButton
[LOG 18:33:25.355] Config(PROP) Squad/Props/Compass/prop/Compass
[LOG 18:33:25.355] Config(PROP) Squad/Props/directionalKnob/prop/directionalKnob
[LOG 18:33:25.355] Config(PROP) Squad/Props/directionalKnob2/prop/directionalKnob2
[LOG 18:33:25.355] Config(PROP) Squad/Props/IndicatorPanel/prop/IndicatorPanel
[LOG 18:33:25.355] Config(PROP) Squad/Props/IVANavBall/prop/NavBall
[LOG 18:33:25.355] Config(PROP) Squad/Props/IVANavBallNoBase/prop/NavBallNoBase
[LOG 18:33:25.355] Config(PROP) Squad/Props/ledPanelSpeed/prop/ledPanelSpeed
[LOG 18:33:25.355] Config(PROP) Squad/Props/Monitor/DockingMode/MonitorDockingMode
[LOG 18:33:25.355] Config(PROP) Squad/Props/NavBall/prop/NavBall
[LOG 18:33:25.355] Config(PROP) Squad/Props/PropsGeneric/Button_DockingMode/Button_DockingMode
[LOG 18:33:25.355] Config(PROP) Squad/Props/PropsGeneric/CargoBagA/CargoBagA
[LOG 18:33:25.355] Config(PROP) Squad/Props/PropsGeneric/CargoBagB/CargoBagB
[LOG 18:33:25.356] Config(PROP) Squad/Props/PropsGeneric/CargoBagC/CargoBagC
[LOG 18:33:25.356] Config(PROP) Squad/Props/PropsGeneric/Hatch_Plane/Hatch_Plane
[LOG 18:33:25.356] Config(PROP) Squad/Props/PropsGeneric/Hatch_Plane_Curve90/Hatch_Plane_Curve90
[LOG 18:33:25.356] Config(PROP) Squad/Props/PropsGeneric/Hatch_Plane_Frame/Hatch_Plane_Frame
[LOG 18:33:25.356] Config(PROP) Squad/Props/PropsGeneric/Seat_Passenger/Seat_Passenger
[LOG 18:33:25.356] Config(PROP) Squad/Props/PropsGeneric/Seat_Pilot/Seat_Pilot
[LOG 18:33:25.356] Config(PROP) Squad/Props/PropsGeneric/Seat_Pilot_Helmet/Seat_Pilot_Helmet
[LOG 18:33:25.356] Config(PROP) Squad/Props/PropsGeneric/SideStick/SideStick
[LOG 18:33:25.356] Config(PROP) Squad/Props/pullSwitch/prop/pullSwitch
[LOG 18:33:25.356] Config(PROP) Squad/Props/radarAltitude/prop/RadarAltimeter
[LOG 18:33:25.356] Config(PROP) Squad/Props/squareButton/prop/squareButton
[LOG 18:33:25.356] Config(PROP) Squad/Props/standingSwitch/prop/standingSwitch
[LOG 18:33:25.356] Config(PROP) Squad/Props/switch/prop/switch
[LOG 18:33:25.356] Config(PROP) Squad/Props/switchGuard/prop/switchGuard
[LOG 18:33:25.356] Config(PROP) Squad/Props/switchWithGuards/prop/switchWithGuards
[LOG 18:33:25.356] Config(PROP) Squad/Props/throttle/prop/throttle
[LOG 18:33:25.356] Config(PROP) Squad/Props/VSI/prop/VSI
[LOG 18:33:25.356] Config(SPACEOBJECTS_LIMITS) Squad/Resources/CometDefs/SPACEOBJECTS_LIMITS
[LOG 18:33:25.356] Config(COMET_MANAGER) Squad/Resources/CometDefs/COMET_MANAGER
[LOG 18:33:25.356] Config(COMET_ORBIT_TYPE) Squad/Resources/CometDefs/short
[LOG 18:33:25.356] Config(COMET_ORBIT_TYPE) Squad/Resources/CometDefs/intermediate
[LOG 18:33:25.356] Config(COMET_ORBIT_TYPE) Squad/Resources/CometDefs/long
[LOG 18:33:25.356] Config(COMET_ORBIT_TYPE) Squad/Resources/CometDefs/interstellar
[LOG 18:33:25.356] Config(FIREWORKFX_DEFINITION) Squad/Resources/FireworkFXDefinitions/classicTrail
[LOG 18:33:25.356] Config(FIREWORKFX_DEFINITION) Squad/Resources/FireworkFXDefinitions/whirlyTrail
[LOG 18:33:25.357] Config(FIREWORKFX_DEFINITION) Squad/Resources/FireworkFXDefinitions/strobeTrail
[LOG 18:33:25.357] Config(FIREWORKFX_DEFINITION) Squad/Resources/FireworkFXDefinitions/bareTrail
[LOG 18:33:25.357] Config(FIREWORKFX_DEFINITION) Squad/Resources/FireworkFXDefinitions/classicBurst
[LOG 18:33:25.357] Config(FIREWORKFX_DEFINITION) Squad/Resources/FireworkFXDefinitions/chrysBurst
[LOG 18:33:25.357] Config(FIREWORKFX_DEFINITION) Squad/Resources/FireworkFXDefinitions/palmBurst
[LOG 18:33:25.357] Config(FIREWORKFX_DEFINITION) Squad/Resources/FireworkFXDefinitions/ringBurst
[LOG 18:33:25.357] Config(FIREWORKFX_DEFINITION) Squad/Resources/FireworkFXDefinitions/crosetteBurst
[LOG 18:33:25.357] Config(FIREWORKFX_DEFINITION) Squad/Resources/FireworkFXDefinitions/willowBurst
[LOG 18:33:25.357] Config(FIREWORKFX_DEFINITION) Squad/Resources/FireworkFXDefinitions/crackeBurst
[LOG 18:33:25.357] Config(FIREWORKFX_DEFINITION) Squad/Resources/FireworkFXDefinitions/palmCrackleBurst
[LOG 18:33:25.357] Config(FIREWORKFX_DEFINITION) Squad/Resources/FireworkFXDefinitions/dragonBurst
[LOG 18:33:25.357] Config(GLOBAL_RESOURCE) Squad/Resources/Ore/GLOBAL_RESOURCE
[LOG 18:33:25.357] Config(PLANETARY_RESOURCE) Squad/Resources/Ore/PLANETARY_RESOURCE
[LOG 18:33:25.357] Config(PLANETARY_RESOURCE) Squad/Resources/Ore/PLANETARY_RESOURCE
[LOG 18:33:25.357] Config(RESOURCE_OVERLAY_CONFIGURATION_SOLID) Squad/Resources/Overlay/RESOURCE_OVERLAY_CONFIGURATION_SOLID
[LOG 18:33:25.357] Config(RESOURCE_OVERLAY_CONFIGURATION_LINES) Squad/Resources/Overlay/RESOURCE_OVERLAY_CONFIGURATION_LINES
[LOG 18:33:25.357] Config(RESOURCE_OVERLAY_CONFIGURATION_DOTS) Squad/Resources/Overlay/RESOURCE_OVERLAY_CONFIGURATION_DOTS
[LOG 18:33:25.357] Config(RESOURCE_CONFIGURATION) Squad/Resources/ResourceDefaults/RESOURCE_CONFIGURATION
[LOG 18:33:25.357] Config(RESOURCE_DEFINITION) Squad/Resources/ResourcesGeneric/LiquidFuel
[LOG 18:33:25.357] Config(RESOURCE_DEFINITION) Squad/Resources/ResourcesGeneric/Oxidizer
[LOG 18:33:25.357] Config(RESOURCE_DEFINITION) Squad/Resources/ResourcesGeneric/SolidFuel
[LOG 18:33:25.357] Config(RESOURCE_DEFINITION) Squad/Resources/ResourcesGeneric/MonoPropellant
[LOG 18:33:25.357] Config(RESOURCE_DEFINITION) Squad/Resources/ResourcesGeneric/XenonGas
[LOG 18:33:25.357] Config(RESOURCE_DEFINITION) Squad/Resources/ResourcesGeneric/ElectricCharge
[LOG 18:33:25.357] Config(RESOURCE_DEFINITION) Squad/Resources/ResourcesGeneric/IntakeAir
[LOG 18:33:25.357] Config(RESOURCE_DEFINITION) Squad/Resources/ResourcesGeneric/EVA Propellant
[LOG 18:33:25.358] Config(RESOURCE_DEFINITION) Squad/Resources/ResourcesGeneric/Ore
[LOG 18:33:25.358] Config(RESOURCE_DEFINITION) Squad/Resources/ResourcesGeneric/Ablator
[LOG 18:33:25.358] Config(EXPERIMENT_DEFINITION) Squad/Resources/ScienceDefs/EXPERIMENT_DEFINITION
[LOG 18:33:25.358] Config(EXPERIMENT_DEFINITION) Squad/Resources/ScienceDefs/EXPERIMENT_DEFINITION
[LOG 18:33:25.358] Config(EXPERIMENT_DEFINITION) Squad/Resources/ScienceDefs/EXPERIMENT_DEFINITION
[LOG 18:33:25.358] Config(EXPERIMENT_DEFINITION) Squad/Resources/ScienceDefs/EXPERIMENT_DEFINITION
[LOG 18:33:25.358] Config(EXPERIMENT_DEFINITION) Squad/Resources/ScienceDefs/EXPERIMENT_DEFINITION
[LOG 18:33:25.358] Config(EXPERIMENT_DEFINITION) Squad/Resources/ScienceDefs/EXPERIMENT_DEFINITION
[LOG 18:33:25.358] Config(EXPERIMENT_DEFINITION) Squad/Resources/ScienceDefs/EXPERIMENT_DEFINITION
[LOG 18:33:25.358] Config(EXPERIMENT_DEFINITION) Squad/Resources/ScienceDefs/EXPERIMENT_DEFINITION
[LOG 18:33:25.358] Config(EXPERIMENT_DEFINITION) Squad/Resources/ScienceDefs/EXPERIMENT_DEFINITION
[LOG 18:33:25.358] Config(EXPERIMENT_DEFINITION) Squad/Resources/ScienceDefs/EXPERIMENT_DEFINITION
[LOG 18:33:25.358] Config(EXPERIMENT_DEFINITION) Squad/Resources/ScienceDefs/EXPERIMENT_DEFINITION
[LOG 18:33:25.358] Config(EXPERIMENT_DEFINITION) Squad/Resources/ScienceDefs/EXPERIMENT_DEFINITION
[LOG 18:33:25.358] Config(EXPERIMENT_DEFINITION) Squad/Resources/ScienceDefs/EXPERIMENT_DEFINITION
[LOG 18:33:25.358] Config(EXPERIMENT_DEFINITION) Squad/Resources/ScienceDefs/EXPERIMENT_DEFINITION
[LOG 18:33:25.358] Config(EXPERIMENT_DEFINITION) Squad/Resources/ScienceDefs/EXPERIMENT_DEFINITION
[LOG 18:33:25.358] Config(EXPERIMENT_DEFINITION) Squad/Resources/ScienceDefs/EXPERIMENT_DEFINITION
[LOG 18:33:25.358] Config(EXPERIMENT_DEFINITION) Squad/Resources/ScienceDefs/EXPERIMENT_DEFINITION
[LOG 18:33:25.358] Config(EXPERIMENT_DEFINITION) Squad/Resources/ScienceDefs/EXPERIMENT_DEFINITION
[LOG 18:33:25.358] Config(STORY_DEF) Squad/Resources/StoryDefs/STORY_DEF
[LOG 18:33:25.358] Config(TechTree) Squad/Resources/TechTree/TechTree
[LOG 18:33:25.358] Config(INTERNAL) Squad/Spaces/crewCabinInternals/internal/crewCabinInternals
[LOG 18:33:25.358] Config(INTERNAL) Squad/Spaces/cupolaInternal/internal/cupolaInternal
[LOG 18:33:25.358] Config(INTERNAL) Squad/Spaces/GenericSpace1/internal/GenericSpace1
[LOG 18:33:25.358] Config(INTERNAL) Squad/Spaces/GenericSpace3/internal/GenericSpace3
[LOG 18:33:25.359] Config(INTERNAL) Squad/Spaces/landerCabinInternals/internal/landerCabinInternals
[LOG 18:33:25.359] Config(INTERNAL) Squad/Spaces/landerCabinSmallInternal/internal/landerCabinSmallInternal
[LOG 18:33:25.359] Config(INTERNAL) Squad/Spaces/LargeCrewedLabInternals/internal/Mobile_Processing_Lab_Int
[LOG 18:33:25.359] Config(INTERNAL) Squad/Spaces/Mk1-3/internal/Mk1-3
[LOG 18:33:25.359] Config(INTERNAL) Squad/Spaces/mk1CabinInternal/internal/mk1CabinInternal
[LOG 18:33:25.359] Config(INTERNAL) Squad/Spaces/mk1CockpitInternal/internal/mk1CockpitInternal
[LOG 18:33:25.359] Config(INTERNAL) Squad/Spaces/mk1InlineInternal/internal/mk1InlineInternal
[LOG 18:33:25.359] Config(INTERNAL) Squad/Spaces/mk1PodCockpit/internal/mk1PodCockpit
[LOG 18:33:25.359] Config(INTERNAL) Squad/Spaces/mk1pod_IVA/mk1pod_Internal/mk1pod_IVA
[LOG 18:33:25.359] Config(INTERNAL) Squad/Spaces/mk2CockpitStandardInternal/internal/mk2CockpitStandardInternals
[LOG 18:33:25.359] Config(INTERNAL) Squad/Spaces/Mk2CrewCabinInternal/internal_MK2_CrewCab/MK2_CrewCab_Int
[LOG 18:33:25.359] Config(INTERNAL) Squad/Spaces/mk2InlineInternal/internal/mk2InlineInternal
[LOG 18:33:25.359] Config(INTERNAL) Squad/Spaces/mk2LanderCanInternal/internal/mk2LanderCanInternal
[LOG 18:33:25.359] Config(INTERNAL) Squad/Spaces/MK3CockpitInternal/internal_MK3/MK3_Cockpit_Int
[LOG 18:33:25.359] Config(INTERNAL) Squad/Spaces/MK3_CrewCab_Int/internal_MK3_CrewCab/MK3_CrewCab_Int
[LOG 18:33:25.359] Config(INTERNAL) Squad/Spaces/Placeholder/internal/Placeholder
[LOG 18:33:25.359] Config(INTERNAL) Squad/Spaces/PodCockpit/internal/PodCockpit
[LOG 18:33:25.359] Config(STRATEGY_DEPARTMENT) Squad/Strategies/Departments/Finances
[LOG 18:33:25.359] Config(STRATEGY_DEPARTMENT) Squad/Strategies/Departments/Science
[LOG 18:33:25.359] Config(STRATEGY_DEPARTMENT) Squad/Strategies/Departments/Public Relations
[LOG 18:33:25.359] Config(STRATEGY_DEPARTMENT) Squad/Strategies/Departments/Operations
[LOG 18:33:25.359] Config(STRATEGY) Squad/Strategies/Strategies/AppreciationCampaignCfg
[LOG 18:33:25.359] Config(STRATEGY) Squad/Strategies/Strategies/FundraisingCampaignCfg
[LOG 18:33:25.359] Config(STRATEGY) Squad/Strategies/Strategies/OpenSourceTechProgramCfg
[LOG 18:33:25.359] Config(STRATEGY) Squad/Strategies/Strategies/UnpaidResearchProgramCfg
[LOG 18:33:25.360] Config(STRATEGY) Squad/Strategies/Strategies/OutsourcedResearchCfg
[LOG 18:33:25.360] Config(STRATEGY) Squad/Strategies/Strategies/PatentsLicensingCfg
[LOG 18:33:25.360] Config(STRATEGY) Squad/Strategies/Strategies/AgressiveNegotiations
[LOG 18:33:25.360] Config(STRATEGY) Squad/Strategies/Strategies/RecoveryTransponders
[LOG 18:33:25.360] Config(STRATEGY) Squad/Strategies/Strategies/BailoutGrant
[LOG 18:33:25.360] Config(STRATEGY) Squad/Strategies/Strategies/researchIPsellout
[LOG 18:33:25.360] Config(STRATEGY) Squad/Strategies/Strategies/LeadershipInitiative
[LOG 18:33:25.360] Config(TUTORIAL) Squad/Tutorials/FlightSuborbital/FlightSuborbital
[LOG 18:33:25.360] Config(TUTORIAL) Squad/Tutorials/FromMun/FromMun
[LOG 18:33:25.360] Config(TUTORIAL) Squad/Tutorials/GoForOrbit/GoForOrbit
[LOG 18:33:25.360] Config(MISSIONPACK) SquadExpansion/MakingHistory/Missions/MissionPacks/squad_MakingHistory
[LOG 18:33:25.360] Config(MISSIONPACK) SquadExpansion/MakingHistory/Missions/MissionPacks/squad_MakingHistory_Other
[LOG 18:33:25.360] Config(MISSIONPACK) SquadExpansion/MakingHistory/Missions/MissionPacks/squad_MakingHistory_Tutorial
[LOG 18:33:25.360] Config(MEBASICNODE) SquadExpansion/MakingHistory/Nodes/AccuracyLogic/TestAccuracyLogic
[LOG 18:33:25.360] Config(MEBASICNODE) SquadExpansion/MakingHistory/Nodes/ActionChancePartResourceLevels/ActionPartResourceAmount
[LOG 18:33:25.360] Config(MEBASICNODE) SquadExpansion/MakingHistory/Nodes/ActionExplode/ActionVesselExplode
[LOG 18:33:25.360] Config(MEBASICNODE) SquadExpansion/MakingHistory/Nodes/ActionMissionScore/MissionScore
[LOG 18:33:25.360] Config(MEBASICNODE) SquadExpansion/MakingHistory/Nodes/ActionModifierFunds/ModifyFunds
[LOG 18:33:25.360] Config(MEBASICNODE) SquadExpansion/MakingHistory/Nodes/ActionModifierScore/MissionScore
[LOG 18:33:25.360] Config(MEBASICNODE) SquadExpansion/MakingHistory/Nodes/ActionPartExplode/ActionPartExplode
[LOG 18:33:25.360] Config(MEBASICNODE) SquadExpansion/MakingHistory/Nodes/ActionPartResourceDrain/ActionPartResourceDrain
[LOG 18:33:25.360] Config(MEBASICNODE) SquadExpansion/MakingHistory/Nodes/ActionVesselActionGroup/ActionVesselActionGroup
[LOG 18:33:25.360] Config(MEBASICNODE) SquadExpansion/MakingHistory/Nodes/ActionVesselStage/ActionVesselStage
[LOG 18:33:25.360] Config(MEBASICNODE) SquadExpansion/MakingHistory/Nodes/CreateAsteroid/CreateAsteroid
[LOG 18:33:25.360] Config(MEBASICNODE) SquadExpansion/MakingHistory/Nodes/CreateComet/CreateComet
[LOG 18:33:25.360] Config(MEBASICNODE) SquadExpansion/MakingHistory/Nodes/CreateFlag/CreateFlag
[LOG 18:33:25.361] Config(MEBASICNODE) SquadExpansion/MakingHistory/Nodes/CreateLaunchSite/CreateLaunchSite
[LOG 18:33:25.361] Config(MEBASICNODE) SquadExpansion/MakingHistory/Nodes/CreateVessel/CreateVessel
[LOG 18:33:25.361] Config(MEBASICNODE) SquadExpansion/MakingHistory/Nodes/CrewAssignment/TestCrewAssignment
[LOG 18:33:25.361] Config(MEBASICNODE) SquadExpansion/MakingHistory/Nodes/Destroyed/Crashed
[LOG 18:33:25.361] Config(MEBASICNODE) SquadExpansion/MakingHistory/Nodes/DialogMessage/DialogMessage
[LOG 18:33:25.361] Config(MEBASICNODE) SquadExpansion/MakingHistory/Nodes/Distance/Distance
[LOG 18:33:25.361] Config(MEBASICNODE) SquadExpansion/MakingHistory/Nodes/EmptyFalse/EmptyFalse
[LOG 18:33:25.361] Config(MEBASICNODE) SquadExpansion/MakingHistory/Nodes/EmptyTrue/EmptyTrue
[LOG 18:33:25.361] Config(MEBASICNODE) SquadExpansion/MakingHistory/Nodes/EscapeSOI/SOILeft
[LOG 18:33:25.361] Config(MEBASICNODE) SquadExpansion/MakingHistory/Nodes/EVA/EVA
[LOG 18:33:25.361] Config(MEBASICNODE) SquadExpansion/MakingHistory/Nodes/Flying/Flying
[LOG 18:33:25.361] Config(MEBASICNODE) SquadExpansion/MakingHistory/Nodes/FundsRecovery/FundsRecovery
[LOG 18:33:25.361] Config(MEBASICNODE) SquadExpansion/MakingHistory/Nodes/KerbalBoarded/TestKerbalBoarded
[LOG 18:33:25.361] Config(MEBASICNODE) SquadExpansion/MakingHistory/Nodes/KerbalKilled/EVA
[LOG 18:33:25.361] Config(MEBASICNODE) SquadExpansion/MakingHistory/Nodes/KerbalRecovery/KerbalRecovery
[LOG 18:33:25.361] Config(MEBASICNODE) SquadExpansion/MakingHistory/Nodes/KerbalRescue/KerbalRescue
[LOG 18:33:25.361] Config(MEBASICNODE) SquadExpansion/MakingHistory/Nodes/Landed/Landed
[LOG 18:33:25.361] Config(MEBASICNODE) SquadExpansion/MakingHistory/Nodes/Message/Message
[LOG 18:33:25.361] Config(MEBASICNODE) SquadExpansion/MakingHistory/Nodes/MissionFunds/MissionFunds
[LOG 18:33:25.361] Config(MEBASICNODE) SquadExpansion/MakingHistory/Nodes/MissionScore/MissionScore
[LOG 18:33:25.361] Config(MEBASICNODE) SquadExpansion/MakingHistory/Nodes/Orbit/Orbit
[LOG 18:33:25.361] Config(MEBASICNODE) SquadExpansion/MakingHistory/Nodes/OrbitParams/OrbitParams
[LOG 18:33:25.361] Config(MEBASICNODE) SquadExpansion/MakingHistory/Nodes/PartDocking/TestPartDocking
[LOG 18:33:25.361] Config(MEBASICNODE) SquadExpansion/MakingHistory/Nodes/PartFailure/PartFailure
[LOG 18:33:25.361] Config(MEBASICNODE) SquadExpansion/MakingHistory/Nodes/PartGrapple/TestGrapple
[LOG 18:33:25.361] Config(MEBASICNODE) SquadExpansion/MakingHistory/Nodes/PartRepair/PartRepair
[LOG 18:33:25.361] Config(MEBASICNODE) SquadExpansion/MakingHistory/Nodes/PlaceKerbal/CreateKerbal
[LOG 18:33:25.362] Config(MEBASICNODE) SquadExpansion/MakingHistory/Nodes/PlantFlag/PlantFlag
[LOG 18:33:25.362] Config(MEBASICNODE) SquadExpansion/MakingHistory/Nodes/ReachSOI/ReachSOI
[LOG 18:33:25.362] Config(MEBASICNODE) SquadExpansion/MakingHistory/Nodes/Resource/ResourceAmount
[LOG 18:33:25.362] Config(MEBASICNODE) SquadExpansion/MakingHistory/Nodes/ResourceRecovery/TestResourcesRecovery
[LOG 18:33:25.362] Config(MEBASICNODE) SquadExpansion/MakingHistory/Nodes/ScienceExperiment/ScienceExperiment
[LOG 18:33:25.362] Config(MEBASICNODE) SquadExpansion/MakingHistory/Nodes/SetCamera/SetCamera
[LOG 18:33:25.362] Config(MEBASICNODE) SquadExpansion/MakingHistory/Nodes/SplashDown/SplashDown
[LOG 18:33:25.362] Config(MEBASICNODE) SquadExpansion/MakingHistory/Nodes/StageActivated/TestVesselStageActivated
[LOG 18:33:25.362] Config(MEBASICNODE) SquadExpansion/MakingHistory/Nodes/TakeKerbal/TestTakeKerbal
[LOG 18:33:25.362] Config(MEBASICNODE) SquadExpansion/MakingHistory/Nodes/TestFlyThrough/TestFlyThrough
[LOG 18:33:25.362] Config(MEBASICNODE) SquadExpansion/MakingHistory/Nodes/TestGoTo/TestGoTo
[LOG 18:33:25.362] Config(MEBASICNODE) SquadExpansion/MakingHistory/Nodes/TimeMET/TimeMET
[LOG 18:33:25.362] Config(MEBASICNODE) SquadExpansion/MakingHistory/Nodes/TimeOfMission/TimeOfMission
[LOG 18:33:25.362] Config(MEBASICNODE) SquadExpansion/MakingHistory/Nodes/TimeSinceNode/TestTimeSinceNode
[LOG 18:33:25.362] Config(MEBASICNODE) SquadExpansion/MakingHistory/Nodes/VesselActiveCount/TestVesselActiveCount
[LOG 18:33:25.362] Config(MEBASICNODE) SquadExpansion/MakingHistory/Nodes/VesselAltitudeGoal/VesselAltitudeGoal
[LOG 18:33:25.362] Config(MEBASICNODE) SquadExpansion/MakingHistory/Nodes/VesselCrewCount/VeselCrewCount
[LOG 18:33:25.362] Config(MEBASICNODE) SquadExpansion/MakingHistory/Nodes/VesselMassLogic/VesselMass
[LOG 18:33:25.362] Config(MEBASICNODE) SquadExpansion/MakingHistory/Nodes/VesselPartCount/PartCount
[LOG 18:33:25.362] Config(MEBASICNODE) SquadExpansion/MakingHistory/Nodes/VesselRecovery/TestVesselRecovery
[LOG 18:33:25.362] Config(MEBASICNODE) SquadExpansion/MakingHistory/Nodes/VesselStage/TestVesselStage
[LOG 18:33:25.362] Config(MEBASICNODE) SquadExpansion/MakingHistory/Nodes/VesselVelocity/VesselVelocity
[LOG 18:33:25.362] Config(PART) SquadExpansion/MakingHistory/Parts/Aero/protectiveRocketNoseMk16/rocketNoseCone_size4/rocketNoseConeSize4
[LOG 18:33:25.362] Config(PART) SquadExpansion/MakingHistory/Parts/Aero/protectiveRocketNoseMk5A/Size_1_5_Cone/Size_1_5_Cone
[LOG 18:33:25.362] Config(PART) SquadExpansion/MakingHistory/Parts/Coupling/Decoupler_1p5/Decoupler_1p5
[LOG 18:33:25.362] Config(PART) SquadExpansion/MakingHistory/Parts/Coupling/Decoupler_4/Decoupler_4
[LOG 18:33:25.363] Config(PART) SquadExpansion/MakingHistory/Parts/Coupling/EnginePlate_1p5/EnginePlate1p5
[LOG 18:33:25.363] Config(PART) SquadExpansion/MakingHistory/Parts/Coupling/EnginePlate_2/EnginePlate2
[LOG 18:33:25.363] Config(PART) SquadExpansion/MakingHistory/Parts/Coupling/EnginePlate_3/EnginePlate3
[LOG 18:33:25.363] Config(PART) SquadExpansion/MakingHistory/Parts/Coupling/EnginePlate_4/EnginePlate4
[LOG 18:33:25.363] Config(PART) SquadExpansion/MakingHistory/Parts/Coupling/EnginePlate_5/EnginePlate5
[LOG 18:33:25.363] Config(PART) SquadExpansion/MakingHistory/Parts/Coupling/InflatableAirlock/InflatableAirlock
[LOG 18:33:25.363] Config(PART) SquadExpansion/MakingHistory/Parts/Coupling/Separator_1p5/Separator_1p5
[LOG 18:33:25.363] Config(PART) SquadExpansion/MakingHistory/Parts/Coupling/Separator_4/Separator_4
[LOG 18:33:25.363] Config(PART) SquadExpansion/MakingHistory/Parts/Coupling/Size1p5_Strut_Decoupler/Size1p5_Strut_Decoupler
[LOG 18:33:25.363] Config(PART) SquadExpansion/MakingHistory/Parts/Engine/LiquidEngineKE-1/LiquidEngineKE-1
[LOG 18:33:25.363] Config(PART) SquadExpansion/MakingHistory/Parts/Engine/LiquidEngineLV-T91/LiquidEngineLV-T91
[LOG 18:33:25.363] Config(PART) SquadExpansion/MakingHistory/Parts/Engine/LiquidEngineLV-TX87/LiquidEngineLV-TX87
[LOG 18:33:25.363] Config(PART) SquadExpansion/MakingHistory/Parts/Engine/LiquidEngineRE-I2/LiquidEngineRE-I2
[LOG 18:33:25.363] Config(PART) SquadExpansion/MakingHistory/Parts/Engine/LiquidEngineRE-J10/LiquidEngineRE-J10
[LOG 18:33:25.363] Config(PART) SquadExpansion/MakingHistory/Parts/Engine/LiquidEngineRK-7/LiquidEngineRK-7
[LOG 18:33:25.363] Config(PART) SquadExpansion/MakingHistory/Parts/Engine/LiquidEngineRV-1/LiquidEngineRV-1
[LOG 18:33:25.363] Config(PART) SquadExpansion/MakingHistory/Parts/Engine/solidBoosterTHK/solidBoosterTHK/Pollux
[LOG 18:33:25.363] Config(PART) SquadExpansion/MakingHistory/Parts/FuelTank/MonoPropMini/monopropMiniSphere
[LOG 18:33:25.363] Config(PART) SquadExpansion/MakingHistory/Parts/FuelTank/Size1p5_Monoprop/Size1p5_Monoprop
[LOG 18:33:25.363] Config(PART) SquadExpansion/MakingHistory/Parts/FuelTank/Size1p5_Size0_Adapter_01/Size1p5_Size0_Adapter_01
[LOG 18:33:25.364] Config(PART) SquadExpansion/MakingHistory/Parts/FuelTank/Size1p5_Size1_Adapter_01/Size1p5_Size1_Adapter_01
[LOG 18:33:25.364] Config(PART) SquadExpansion/MakingHistory/Parts/FuelTank/Size1p5_Size1_Adapter_02/Size1p5_Size1_Adapter_02
[LOG 18:33:25.364] Config(PART) SquadExpansion/MakingHistory/Parts/FuelTank/Size1p5_Size2_Adapter_01/Size1p5_Size2_Adapter_01
[LOG 18:33:25.364] Config(PART) SquadExpansion/MakingHistory/Parts/FuelTank/Size1p5_Tank_01/Size1p5_Tank_01
[LOG 18:33:25.364] Config(PART) SquadExpansion/MakingHistory/Parts/FuelTank/Size1p5_Tank_02/Size1p5_Tank_02
[LOG 18:33:25.364] Config(PART) SquadExpansion/MakingHistory/Parts/FuelTank/Size1p5_Tank_03/Size1p5_Tank_03
[LOG 18:33:25.364] Config(PART) SquadExpansion/MakingHistory/Parts/FuelTank/Size1p5_Tank_04/Size1p5_Tank_04
[LOG 18:33:25.364] Config(PART) SquadExpansion/MakingHistory/Parts/FuelTank/Size1p5_Tank_05/Size1p5_Tank_05
[LOG 18:33:25.364] Config(PART) SquadExpansion/MakingHistory/Parts/FuelTank/Size3_Size4_Adapter_01/Size3_Size4_Adapter_01
[LOG 18:33:25.364] Config(PART) SquadExpansion/MakingHistory/Parts/FuelTank/Size4_EngineAdapter_01/Size4_EngineAdapter_01
[LOG 18:33:25.364] Config(PART) SquadExpansion/MakingHistory/Parts/FuelTank/Size4_Tank_01/Size4_Tank_01
[LOG 18:33:25.364] Config(PART) SquadExpansion/MakingHistory/Parts/FuelTank/Size4_Tank_02/Size4_Tank_02
[LOG 18:33:25.364] Config(PART) SquadExpansion/MakingHistory/Parts/FuelTank/Size4_Tank_03/Size4_Tank_03
[LOG 18:33:25.364] Config(PART) SquadExpansion/MakingHistory/Parts/FuelTank/Size4_Tank_04/Size4_Tank_04
[LOG 18:33:25.364] Config(PART) SquadExpansion/MakingHistory/Parts/Ground/RoverWheel/roverWheelM1-F
[LOG 18:33:25.364] Config(PART) SquadExpansion/MakingHistory/Parts/Payload/fairingSize1p5/fairingSize1p5
[LOG 18:33:25.364] Config(PART) SquadExpansion/MakingHistory/Parts/Payload/fairingSize4/fairingSize4
[LOG 18:33:25.364] Config(PART) SquadExpansion/MakingHistory/Parts/Payload/Size1to0ServiceModule/Size1to0ServiceModule
[LOG 18:33:25.364] Config(PART) SquadExpansion/MakingHistory/Parts/Payload/SM18/ServiceModule18
[LOG 18:33:25.364] Config(PART) SquadExpansion/MakingHistory/Parts/Payload/SM25/ServiceModule25
[LOG 18:33:25.364] Config(PART) SquadExpansion/MakingHistory/Parts/Pods/KV1Pod/kv1Pod
[LOG 18:33:25.364] Config(PART) SquadExpansion/MakingHistory/Parts/Pods/KV2Pod/kv2Pod
[LOG 18:33:25.365] Config(PART) SquadExpansion/MakingHistory/Parts/Pods/KV3Pod/kv3Pod
[LOG 18:33:25.365] Config(PART) SquadExpansion/MakingHistory/Parts/Pods/Mk2Pod/Mk2Pod
[LOG 18:33:25.365] Config(PART) SquadExpansion/MakingHistory/Parts/Pods/Size1_5_Lander/MEMLander
[LOG 18:33:25.365] Config(PART) SquadExpansion/MakingHistory/Parts/Prebuilt/kerbalEVAfemaleVintage/kerbalEVAfemaleVintage
[LOG 18:33:25.365] Config(PART) SquadExpansion/MakingHistory/Parts/Prebuilt/kerbalEVAVintage/kerbalEVAVintage
[LOG 18:33:25.365] Config(PART) SquadExpansion/MakingHistory/Parts/Structural/EquiTriangle0/EquiTriangle0
[LOG 18:33:25.365] Config(PART) SquadExpansion/MakingHistory/Parts/Structural/EquiTriangle1/EquiTriangle1
[LOG 18:33:25.365] Config(PART) SquadExpansion/MakingHistory/Parts/Structural/EquiTriangle1p5/EquiTriangle1p5
[LOG 18:33:25.365] Config(PART) SquadExpansion/MakingHistory/Parts/Structural/EquiTriangle2/EquiTriangle2
[LOG 18:33:25.365] Config(PART) SquadExpansion/MakingHistory/Parts/Structural/Panel0/Panel0
[LOG 18:33:25.365] Config(PART) SquadExpansion/MakingHistory/Parts/Structural/Panel1/Panel1
[LOG 18:33:25.365] Config(PART) SquadExpansion/MakingHistory/Parts/Structural/Panel1p5/Panel1p5
[LOG 18:33:25.365] Config(PART) SquadExpansion/MakingHistory/Parts/Structural/Panel2/Panel2
[LOG 18:33:25.365] Config(PART) SquadExpansion/MakingHistory/Parts/Structural/Triangle0/Triangle0
[LOG 18:33:25.365] Config(PART) SquadExpansion/MakingHistory/Parts/Structural/Triangle1/Triangle1
[LOG 18:33:25.365] Config(PART) SquadExpansion/MakingHistory/Parts/Structural/Triangle1p5/Triangle1p5
[LOG 18:33:25.365] Config(PART) SquadExpansion/MakingHistory/Parts/Structural/Triangle2/Triangle2
[LOG 18:33:25.365] Config(PART) SquadExpansion/MakingHistory/Parts/Structural/Tube1/Tube1
[LOG 18:33:25.365] Config(PART) SquadExpansion/MakingHistory/Parts/Structural/Tube1p5/Tube1p5
[LOG 18:33:25.365] Config(PART) SquadExpansion/MakingHistory/Parts/Structural/Tube2/Tube2
[LOG 18:33:25.365] Config(PART) SquadExpansion/MakingHistory/Parts/Structural/Tube3/Tube3
[LOG 18:33:25.365] Config(PART) SquadExpansion/MakingHistory/Parts/Structural/Tube4/Tube4
[LOG 18:33:25.365] Config(PART) SquadExpansion/MakingHistory/Parts/Thermal/HeatShield1p5/HeatShield1p5
[LOG 18:33:25.365] Config(PART) SquadExpansion/MakingHistory/Parts/Utility/flags/flagSize1p5/flagSize1p5/flagPartSize1p5
[LOG 18:33:25.365] Config(PART) SquadExpansion/MakingHistory/Parts/Utility/flags/flagSize4/flagSize4/flagPartSize4
[LOG 18:33:25.366] Config(INTERNAL) SquadExpansion/MakingHistory/Spaces/KVPods/Airlock_Internal/Airlock_IVA
[LOG 18:33:25.366] Config(INTERNAL) SquadExpansion/MakingHistory/Spaces/KVPods/KV1_Internal/KV1_IVA
[LOG 18:33:25.366] Config(INTERNAL) SquadExpansion/MakingHistory/Spaces/KVPods/KV2_Internal/KV2_IVA
[LOG 18:33:25.366] Config(INTERNAL) SquadExpansion/MakingHistory/Spaces/KVPods/KV3_Internal/KV3_IVA
[LOG 18:33:25.366] Config(INTERNAL) SquadExpansion/MakingHistory/Spaces/MEM/MEM_IVA/MEM_IVA
[LOG 18:33:25.366] Config(INTERNAL) SquadExpansion/MakingHistory/Spaces/Mk2Pod/Mk2Pod_Internal/MK2POD_IVA
[LOG 18:33:25.366] Config(Contracts) SquadExpansion/Serenity/Contracts/contracts/Contracts
[LOG 18:33:25.366] Config(EXPERIENCE_TRAIT) SquadExpansion/Serenity/Experience/Traits/Engineer
[LOG 18:33:25.366] Config(EXPERIENCE_TRAIT) SquadExpansion/Serenity/Experience/Traits/Scientist
[LOG 18:33:25.366] Config(Localization) SquadExpansion/Serenity/Localization/dictionary/Localization
[LOG 18:33:25.366] Config(PART) SquadExpansion/Serenity/Parts/Aero/FanShroud_01/FanShroud_01
[LOG 18:33:25.366] Config(PART) SquadExpansion/Serenity/Parts/Aero/FanShroud_02/FanShroud_02
[LOG 18:33:25.366] Config(PART) SquadExpansion/Serenity/Parts/Aero/FanShroud_03/FanShroud_03
[LOG 18:33:25.366] Config(PART) SquadExpansion/Serenity/Parts/Aero/noseconeTiny/noseconeTiny
[LOG 18:33:25.366] Config(PART) SquadExpansion/Serenity/Parts/Aero/noseconeVS/noseconeVS
[LOG 18:33:25.366] Config(PART) SquadExpansion/Serenity/Parts/DeployedScience/centralStation/DeployedCentralStation
[LOG 18:33:25.366] Config(PART) SquadExpansion/Serenity/Parts/DeployedScience/gooObservation/DeployedGoExOb
[LOG 18:33:25.366] Config(PART) SquadExpansion/Serenity/Parts/DeployedScience/ionCollector/DeployedIONExp
[LOG 18:33:25.366] Config(PART) SquadExpansion/Serenity/Parts/DeployedScience/rtg/DeployedRTG
[LOG 18:33:25.366] Config(PART) SquadExpansion/Serenity/Parts/DeployedScience/satDish/DeployedSatDish
[LOG 18:33:25.366] Config(PART) SquadExpansion/Serenity/Parts/DeployedScience/seismicSensor/DeployedSeismicSensor
[LOG 18:33:25.366] Config(PART) SquadExpansion/Serenity/Parts/DeployedScience/solarPanel/DeployedSolarPanel
[LOG 18:33:25.366] Config(PART) SquadExpansion/Serenity/Parts/DeployedScience/weatherStation/DeployedWeatherStn
[LOG 18:33:25.366] Config(PART) SquadExpansion/Serenity/Parts/Prebuilt/kerbalEVA/kerbalEVA
[LOG 18:33:25.367] Config(PART) SquadExpansion/Serenity/Parts/Prebuilt/kerbalEVAfemale/kerbalEVAfemale
[LOG 18:33:25.367] Config(PART) SquadExpansion/Serenity/Parts/Prebuilt/kerbalEVAfemaleFuture/kerbalEVAfemaleFuture
[LOG 18:33:25.367] Config(PART) SquadExpansion/Serenity/Parts/Prebuilt/kerbalEVAfemaleVintage/kerbalEVAfemaleVintage
[LOG 18:33:25.367] Config(PART) SquadExpansion/Serenity/Parts/Prebuilt/kerbalEVAFuture/kerbalEVAFuture
[LOG 18:33:25.367] Config(PART) SquadExpansion/Serenity/Parts/Prebuilt/kerbalEVASlimSuit/kerbalEVASlimSuit
[LOG 18:33:25.367] Config(PART) SquadExpansion/Serenity/Parts/Prebuilt/kerbalEVASlimSuitFemale/kerbalEVASlimSuitFemale
[LOG 18:33:25.367] Config(PART) SquadExpansion/Serenity/Parts/Prebuilt/kerbalEVAVintage/kerbalEVAVintage
[LOG 18:33:25.367] Config(PART) SquadExpansion/Serenity/Parts/Propellers/largeFanBlade/largeFanBlade
[LOG 18:33:25.367] Config(PART) SquadExpansion/Serenity/Parts/Propellers/largeHeliBlade/largeHeliBlade
[LOG 18:33:25.367] Config(PART) SquadExpansion/Serenity/Parts/Propellers/largePropeller/largePropeller
[LOG 18:33:25.367] Config(PART) SquadExpansion/Serenity/Parts/Propellers/mediumFanBlade/mediumFanBlade
[LOG 18:33:25.367] Config(PART) SquadExpansion/Serenity/Parts/Propellers/mediumHeliBlade/mediumHeliBlade
[LOG 18:33:25.367] Config(PART) SquadExpansion/Serenity/Parts/Propellers/mediumPropeller/mediumPropeller
[LOG 18:33:25.367] Config(PART) SquadExpansion/Serenity/Parts/Propellers/smallFanBlade/smallFanBlade
[LOG 18:33:25.367] Config(PART) SquadExpansion/Serenity/Parts/Propellers/smallHeliBlade/smallHeliBlade
[LOG 18:33:25.367] Config(PART) SquadExpansion/Serenity/Parts/Propellers/smallPropeller/smallPropeller
[LOG 18:33:25.367] Config(PART) SquadExpansion/Serenity/Parts/Robotics/hinge_01/hinge_01
[LOG 18:33:25.367] Config(PART) SquadExpansion/Serenity/Parts/Robotics/hinge_01_s/hinge_01_s
[LOG 18:33:25.367] Config(PART) SquadExpansion/Serenity/Parts/Robotics/hinge_03/hinge_03
[LOG 18:33:25.367] Config(PART) SquadExpansion/Serenity/Parts/Robotics/hinge_03_s/hinge_03_s
[LOG 18:33:25.367] Config(PART) SquadExpansion/Serenity/Parts/Robotics/hinge_04/hinge_04
[LOG 18:33:25.367] Config(PART) SquadExpansion/Serenity/Parts/Robotics/piston_01/piston_01
[LOG 18:33:25.367] Config(PART) SquadExpansion/Serenity/Parts/Robotics/piston_02/piston_02
[LOG 18:33:25.368] Config(PART) SquadExpansion/Serenity/Parts/Robotics/piston_03/piston_03
[LOG 18:33:25.368] Config(PART) SquadExpansion/Serenity/Parts/Robotics/piston_04/piston_04
[LOG 18:33:25.368] Config(PART) SquadExpansion/Serenity/Parts/Robotics/RotorEngine_02/RotorEngine_02
[LOG 18:33:25.368] Config(PART) SquadExpansion/Serenity/Parts/Robotics/RotorEngine_03/RotorEngine_03
[LOG 18:33:25.368] Config(PART) SquadExpansion/Serenity/Parts/Robotics/rotor_01/rotor_01
[LOG 18:33:25.368] Config(PART) SquadExpansion/Serenity/Parts/Robotics/rotor_01s/rotor_01s
[LOG 18:33:25.368] Config(PART) SquadExpansion/Serenity/Parts/Robotics/rotor_02/rotor_02
[LOG 18:33:25.368] Config(PART) SquadExpansion/Serenity/Parts/Robotics/rotor_02s/rotor_02s
[LOG 18:33:25.368] Config(PART) SquadExpansion/Serenity/Parts/Robotics/rotor_03/rotor_03
[LOG 18:33:25.368] Config(PART) SquadExpansion/Serenity/Parts/Robotics/rotor_03s/rotor_03s
[LOG 18:33:25.368] Config(PART) SquadExpansion/Serenity/Parts/Robotics/rotoServo_00/rotoServo_00
[LOG 18:33:25.368] Config(PART) SquadExpansion/Serenity/Parts/Robotics/rotoServo_02/rotoServo_02
[LOG 18:33:25.368] Config(PART) SquadExpansion/Serenity/Parts/Robotics/rotoServo_03/rotoServo_03
[LOG 18:33:25.368] Config(PART) SquadExpansion/Serenity/Parts/Robotics/rotoServo_04/rotoServo_04
[LOG 18:33:25.368] Config(PART) SquadExpansion/Serenity/Parts/Robotics/Controllers/KAL1000/controller1000
[LOG 18:33:25.368] Config(PART) SquadExpansion/Serenity/Parts/Science/RobotArmScanner/RobotArmScanner_S1/RobotArmScanner_S1
[LOG 18:33:25.368] Config(PART) SquadExpansion/Serenity/Parts/Science/RobotArmScanner/RobotArmScanner_S2/RobotArmScanner_S2
[LOG 18:33:25.368] Config(PART) SquadExpansion/Serenity/Parts/Science/RobotArmScanner/RobotArmScanner_S3/RobotArmScanner_S3
[LOG 18:33:25.368] Config(PART) SquadExpansion/Serenity/Parts/Structural/gripPads/lGripPad/lGripPad
[LOG 18:33:25.368] Config(PART) SquadExpansion/Serenity/Parts/Structural/gripPads/lGripStrip/lGripStrip
[LOG 18:33:25.368] Config(PART) SquadExpansion/Serenity/Parts/Structural/gripPads/mGripPad/mGripPad
[LOG 18:33:25.368] Config(PART) SquadExpansion/Serenity/Parts/Structural/gripPads/sGripPad/sGripPad
[LOG 18:33:25.368] Config(PART) SquadExpansion/Serenity/Parts/Structural/gripPads/sGripStrip/sGripStrip
[LOG 18:33:25.369] Config(DEPLOYEDSCIENCE) SquadExpansion/Serenity/Resources/DeployedScience/DEPLOYEDSCIENCE
[LOG 18:33:25.369] Config(PHYSICMATERIAL_DEFINITION) SquadExpansion/Serenity/Resources/PhysicsMaterials/MediumGrip
[LOG 18:33:25.369] Config(PHYSICMATERIAL_DEFINITION) SquadExpansion/Serenity/Resources/PhysicsMaterials/HighGrip
[LOG 18:33:25.369] Config(PHYSICMATERIAL_DEFINITION) SquadExpansion/Serenity/Resources/PhysicsMaterials/ExtremeGrip
[LOG 18:33:25.369] Config(PHYSICMATERIAL_DEFINITION) SquadExpansion/Serenity/Resources/PhysicsMaterials/LowGrip
[LOG 18:33:25.369] Config(PHYSICMATERIAL_DEFINITION) SquadExpansion/Serenity/Resources/PhysicsMaterials/Default
[LOG 18:33:25.369] Config(ROC_DEFINITION) SquadExpansion/Serenity/Resources/rocsdef/ROC_DEFINITION
[LOG 18:33:25.369] Config(ROC_DEFINITION) SquadExpansion/Serenity/Resources/rocsdef/ROC_DEFINITION
[LOG 18:33:25.369] Config(ROC_DEFINITION) SquadExpansion/Serenity/Resources/rocsdef/ROC_DEFINITION
[LOG 18:33:25.369] Config(ROC_DEFINITION) SquadExpansion/Serenity/Resources/rocsdef/ROC_DEFINITION
[LOG 18:33:25.369] Config(ROC_DEFINITION) SquadExpansion/Serenity/Resources/rocsdef/ROC_DEFINITION
[LOG 18:33:25.369] Config(ROC_DEFINITION) SquadExpansion/Serenity/Resources/rocsdef/ROC_DEFINITION
[LOG 18:33:25.369] Config(ROC_DEFINITION) SquadExpansion/Serenity/Resources/rocsdef/ROC_DEFINITION
[LOG 18:33:25.369] Config(ROC_DEFINITION) SquadExpansion/Serenity/Resources/rocsdef/ROC_DEFINITION
[LOG 18:33:25.369] Config(ROC_DEFINITION) SquadExpansion/Serenity/Resources/rocsdef/ROC_DEFINITION
[LOG 18:33:25.369] Config(ROC_DEFINITION) SquadExpansion/Serenity/Resources/rocsdef/ROC_DEFINITION
[LOG 18:33:25.369] Config(ROC_DEFINITION) SquadExpansion/Serenity/Resources/rocsdef/ROC_DEFINITION
[LOG 18:33:25.369] Config(ROC_DEFINITION) SquadExpansion/Serenity/Resources/rocsdef/ROC_DEFINITION
[LOG 18:33:25.369] Config(ROC_DEFINITION) SquadExpansion/Serenity/Resources/rocsdef/ROC_DEFINITION
[LOG 18:33:25.369] Config(ROC_DEFINITION) SquadExpansion/Serenity/Resources/rocsdef/ROC_DEFINITION
[LOG 18:33:25.369] Config(ROC_DEFINITION) SquadExpansion/Serenity/Resources/rocsdef/ROC_DEFINITION
[LOG 18:33:25.369] Config(ROC_DEFINITION) SquadExpansion/Serenity/Resources/rocsdef/ROC_DEFINITION
[LOG 18:33:25.369] Config(ROC_DEFINITION) SquadExpansion/Serenity/Resources/rocsdef/ROC_DEFINITION
[LOG 18:33:25.369] Config(ROC_DEFINITION) SquadExpansion/Serenity/Resources/rocsdef/ROC_DEFINITION
[LOG 18:33:25.369] Config(ROC_DEFINITION) SquadExpansion/Serenity/Resources/rocsdef/ROC_DEFINITION
[LOG 18:33:25.369] Config(ROC_DEFINITION) SquadExpansion/Serenity/Resources/rocsdef/ROC_DEFINITION
[LOG 18:33:25.369] Config(ROC_DEFINITION) SquadExpansion/Serenity/Resources/rocsdef/ROC_DEFINITION
[LOG 18:33:25.370] Config(ROC_DEFINITION) SquadExpansion/Serenity/Resources/rocsdef/ROC_DEFINITION
[LOG 18:33:25.370] Config(ROC_DEFINITION) SquadExpansion/Serenity/Resources/rocsdef/ROC_DEFINITION
[LOG 18:33:25.370] Config(ROC_DEFINITION) SquadExpansion/Serenity/Resources/rocsdef/ROC_DEFINITION
[LOG 18:33:25.370] Config(ROC_DEFINITION) SquadExpansion/Serenity/Resources/rocsdef/ROC_DEFINITION
[LOG 18:33:25.370] Config(ROC_DEFINITION) SquadExpansion/Serenity/Resources/rocsdef/ROC_DEFINITION
[LOG 18:33:25.370] Config(ROC_DEFINITION) SquadExpansion/Serenity/Resources/rocsdef/ROC_DEFINITION
[LOG 18:33:25.370] Config(ROC_DEFINITION) SquadExpansion/Serenity/Resources/rocsdef/ROC_DEFINITION
[LOG 18:33:25.370] Config(ROC_DEFINITION) SquadExpansion/Serenity/Resources/rocsdef/ROC_DEFINITION
[LOG 18:33:25.370] Config(ROC_DEFINITION) SquadExpansion/Serenity/Resources/rocsdef/ROC_DEFINITION
[LOG 18:33:25.370] Config(ROC_DEFINITION) SquadExpansion/Serenity/Resources/rocsdef/ROC_DEFINITION
[LOG 18:33:25.370] Config(ROC_DEFINITION) SquadExpansion/Serenity/Resources/rocsdef/ROC_DEFINITION
[LOG 18:33:25.370] Config(ROC_DEFINITION) SquadExpansion/Serenity/Resources/rocsdef/ROC_DEFINITION
[LOG 18:33:25.370] Config(ROC_DEFINITION) SquadExpansion/Serenity/Resources/rocsdef/ROC_DEFINITION
[LOG 18:33:25.370] Config(EXPERIMENT_DEFINITION) SquadExpansion/Serenity/Resources/ScienceDefs/EXPERIMENT_DEFINITION
[LOG 18:33:25.370] Config(EXPERIMENT_DEFINITION) SquadExpansion/Serenity/Resources/ScienceDefs/EXPERIMENT_DEFINITION
[LOG 18:33:25.370] Config(EXPERIMENT_DEFINITION) SquadExpansion/Serenity/Resources/ScienceDefs/EXPERIMENT_DEFINITION
[LOG 18:33:25.370] Config(EXPERIMENT_DEFINITION) SquadExpansion/Serenity/Resources/ScienceDefs/EXPERIMENT_DEFINITION
[LOG 18:33:25.370] Config(EXPERIMENT_DEFINITION) SquadExpansion/Serenity/Resources/ScienceDefs/EXPERIMENT_DEFINITION
[LOG 18:33:25.370] Config(EXPERIMENT_DEFINITION) SquadExpansion/Serenity/Resources/ScienceDefs/EXPERIMENT_DEFINITION
[LOG 18:33:25.370] Config(EXPERIMENT_DEFINITION) SquadExpansion/Serenity/Resources/ScienceDefs/EXPERIMENT_DEFINITION
[LOG 18:33:25.370] Config(EXPERIMENT_DEFINITION) SquadExpansion/Serenity/Resources/ScienceDefs/EXPERIMENT_DEFINITION
[LOG 18:33:25.370] Config(EXPERIMENT_DEFINITION) SquadExpansion/Serenity/Resources/ScienceDefs/EXPERIMENT_DEFINITION
[LOG 18:33:25.370] Config(EXPERIMENT_DEFINITION) SquadExpansion/Serenity/Resources/ScienceDefs/EXPERIMENT_DEFINITION
[LOG 18:33:25.370] Config(EXPERIMENT_DEFINITION) SquadExpansion/Serenity/Resources/ScienceDefs/EXPERIMENT_DEFINITION
[LOG 18:33:25.370] Config(EXPERIMENT_DEFINITION) SquadExpansion/Serenity/Resources/ScienceDefs/EXPERIMENT_DEFINITION
[LOG 18:33:25.370] Config(EXPERIMENT_DEFINITION) SquadExpansion/Serenity/Resources/ScienceDefs/EXPERIMENT_DEFINITION
[LOG 18:33:25.370] Config(EXPERIMENT_DEFINITION) SquadExpansion/Serenity/Resources/ScienceDefs/EXPERIMENT_DEFINITION
[LOG 18:33:25.370] Config(EXPERIMENT_DEFINITION) SquadExpansion/Serenity/Resources/ScienceDefs/EXPERIMENT_DEFINITION
[LOG 18:33:25.370] Config(EXPERIMENT_DEFINITION) SquadExpansion/Serenity/Resources/ScienceDefs/EXPERIMENT_DEFINITION
[LOG 18:33:25.371] Config(EXPERIMENT_DEFINITION) SquadExpansion/Serenity/Resources/ScienceDefs/EXPERIMENT_DEFINITION
[LOG 18:33:25.371] Config(EXPERIMENT_DEFINITION) SquadExpansion/Serenity/Resources/ScienceDefs/EXPERIMENT_DEFINITION
[LOG 18:33:25.371] Config(EXPERIMENT_DEFINITION) SquadExpansion/Serenity/Resources/ScienceDefs/EXPERIMENT_DEFINITION
[LOG 18:33:25.371] Config(EXPERIMENT_DEFINITION) SquadExpansion/Serenity/Resources/ScienceDefs/EXPERIMENT_DEFINITION
[LOG 18:33:25.371] Config(EXPERIMENT_DEFINITION) SquadExpansion/Serenity/Resources/ScienceDefs/EXPERIMENT_DEFINITION
[LOG 18:33:25.371] Config(EXPERIMENT_DEFINITION) SquadExpansion/Serenity/Resources/ScienceDefs/EXPERIMENT_DEFINITION
[LOG 18:33:25.371] Config(EXPERIMENT_DEFINITION) SquadExpansion/Serenity/Resources/ScienceDefs/EXPERIMENT_DEFINITION
[LOG 18:33:25.371] Config(EXPERIMENT_DEFINITION) SquadExpansion/Serenity/Resources/ScienceDefs/EXPERIMENT_DEFINITION
[LOG 18:33:25.371] Config(EXPERIMENT_DEFINITION) SquadExpansion/Serenity/Resources/ScienceDefs/EXPERIMENT_DEFINITION
[LOG 18:33:25.371] Config(EXPERIMENT_DEFINITION) SquadExpansion/Serenity/Resources/ScienceDefs/EXPERIMENT_DEFINITION
[LOG 18:33:25.371] Config(EXPERIMENT_DEFINITION) SquadExpansion/Serenity/Resources/ScienceDefs/EXPERIMENT_DEFINITION
[LOG 18:33:25.371] Config(EXPERIMENT_DEFINITION) SquadExpansion/Serenity/Resources/ScienceDefs/EXPERIMENT_DEFINITION
[LOG 18:33:25.371] Config(EXPERIMENT_DEFINITION) SquadExpansion/Serenity/Resources/ScienceDefs/EXPERIMENT_DEFINITION
[LOG 18:33:25.371] Config(EXPERIMENT_DEFINITION) SquadExpansion/Serenity/Resources/ScienceDefs/EXPERIMENT_DEFINITION
[LOG 18:33:25.371] Config(EXPERIMENT_DEFINITION) SquadExpansion/Serenity/Resources/ScienceDefs/EXPERIMENT_DEFINITION
[LOG 18:33:25.371] Config(EXPERIMENT_DEFINITION) SquadExpansion/Serenity/Resources/ScienceDefs/EXPERIMENT_DEFINITION
[LOG 18:33:25.371] Config(EXPERIMENT_DEFINITION) SquadExpansion/Serenity/Resources/ScienceDefs/EXPERIMENT_DEFINITION
[LOG 18:33:25.371] Config(EXPERIMENT_DEFINITION) SquadExpansion/Serenity/Resources/ScienceDefs/EXPERIMENT_DEFINITION
[LOG 18:33:25.371] Config(EXPERIMENT_DEFINITION) SquadExpansion/Serenity/Resources/ScienceDefs/EXPERIMENT_DEFINITION
[LOG 18:33:25.371] Config(EXPERIMENT_DEFINITION) SquadExpansion/Serenity/Resources/ScienceDefs/EXPERIMENT_DEFINITION
[LOG 18:33:25.371] Config(EXPERIMENT_DEFINITION) SquadExpansion/Serenity/Resources/ScienceDefs/EXPERIMENT_DEFINITION
[LOG 18:33:25.371] Config(EXPERIMENT_DEFINITION) SquadExpansion/Serenity/Resources/ScienceDefs/EXPERIMENT_DEFINITION
[LOG 18:33:25.371] Config(STORY_DEF) SquadExpansion/Serenity/Resources/StoryDefs/STORY_DEF
[LOG 18:33:25.371] Compiling Configs Completed.
[LOG 18:33:25.374] Resource LiquidFuel added to database
[LOG 18:33:25.374] Resource Oxidizer added to database
[LOG 18:33:25.375] Resource SolidFuel added to database
[LOG 18:33:25.375] Resource MonoPropellant added to database
[LOG 18:33:25.375] Resource XenonGas added to database
[LOG 18:33:25.375] Resource ElectricCharge added to database
[LOG 18:33:25.375] Resource IntakeAir added to database
[LOG 18:33:25.375] Resource EVA Propellant added to database
[LOG 18:33:25.375] Resource Ore added to database
[LOG 18:33:25.375] Resource Ablator added to database
[LOG 18:33:25.377] Resource MediumGrip added to database
[LOG 18:33:25.377] Resource HighGrip added to database
[LOG 18:33:25.377] Resource ExtremeGrip added to database
[LOG 18:33:25.377] Resource LowGrip added to database
[LOG 18:33:25.377] Resource Default added to database
[LOG 18:33:25.377] CodeAssetLoader: Compiling all code assets
[LOG 18:33:25.381] ExperienceSystemConfig: Added Effect 'DeployedSciencePowerSkill' to Trait 'Ingénieur'
[LOG 18:33:25.381] ExperienceSystemConfig: Added Effect 'DeployedScienceExpSkill' to Trait 'Scientifique'
[LOG 18:33:25.388] ConfigNode[]
[LOG 18:33:25.388] GameDatabase: Assets loaded in 7.948s
[LOG 18:33:25.390] [ModuleManager] Waited 0.000s for patching to finish
[LOG 18:33:25.390] [ModuleManager] Applying patched game database
[LOG 18:33:25.392] [ModuleManager] Dumping ModuleManager log to main log
[LOG 18:33:25.393] [ModuleManager] 
#### BEGIN MODULEMANAGER LOG ####


[LOG 18:33:18.907] Log started at 2026-10-04 18:33:18.907
[LOG 18:33:21.261] Checking Cache
[LOG 18:33:21.619] SHA generated in 0.354s
[LOG 18:33:21.619]       SHA = CE-CD-F5-69-43-FB-B1-E3-AB-1C-70-2A-BD-62-0F-18-20-EF-5D-95-BA-55-AB-F4-C3-04-50-69-1D-01-CD-78
[LOG 18:33:21.659] Cache SHA = B9-94-53-39-E9-C4-2D-46-09-EF-D0-53-11-A5-5A-44-18-22-42-EF-A9-FC-EE-51-B5-AD-D6-91-11-97-88-AA
[LOG 18:33:21.659] useCache = False
[LOG 18:33:21.660] Pre patch init
[LOG 18:33:21.922] compiling list of loaded mods...
Mod DLLs found:
  Name                                    Assembly Version         Assembly File Version    KSPAssembly Version      SHA256

  Assembly-CSharp                         0.0.0.0                  0.0.0.0                  1.12                     d9e42483f25ee80a9c11d6c1c0a0d29b4ec78c1e08d76c971b71580c9cce51e4
  ModuleManager                           4.2.3.0                  4.2.3.0                  2.5                      95847827ab293b9e82a19b7efb97ffea3e98cc03b181862536ac8eb572e30d7d
  0Harmony                                2.2.1.0                  2.2.1.0                                           19ce60ac3280f72ec1751d36a40cb7e2fece2934df8345969dc7feb83bd633e4
  HarmonyInstallChecker                   2.2.1.0                  2.2.1.0                  1.0                      f11e659e91a52c21c5bda78e52b82a7bdc246bcab6a999733af3c69a11a9dc0e
  KsmUI                                   1.0.0.0                  1.0.0.0                                           fbf356d7d4aaf312f8d5c7d11c6cbaa86fc08cc91d595baabaccdebed8d3127c
  0_MultipleModuleInPartAPI               1.0.0.0                  1.0.0.0                  1.0                      df4a22fb0535de7fa154ca234b50dd7c2fc6be879e4a877d9bad1f87bafafcbf
  KSPCommunityFixes                       1.41.0.0                 1.41.1.0                 1.41                     e08ebbec7ab34f4f7ff56d6e900051bb0d259a4bc092881d7db3ca2f9f2e9a11
  KSPProfiler                             1.0.0.0                  1.0.0.0                                           ba87d51f63f3f7e0dd942e06ab088fd9eac52367f7d378459502fb01b7c0569a
Non-DLL mods added (:FOR[xxx]):
Mods by directory (sub directories of GameData):
  000_Harmony
  Squad
  SquadExpansion
Mods added by assemblies:

[LOG 18:33:21.923] Loading Physics.cfg
[LOG 18:33:21.928] Extracting patches
[LOG 18:33:21.941] Deleting root node in file KSPCommunityFixes/MMPatches/ModSupport/FixDockingNodes node: @PART[*]:HAS[@MODULE[ModuleDockingNodeFixed]]:NEEDS[FixDockingNodes]:FINAL as it can't satisfy its NEEDS
[LOG 18:33:21.942] Deleting root node in file KSPCommunityFixes/MMPatches/ModSupport/KSPRecall node: @KSP_COMMUNITY_FIXES:NEEDS[AttachedOnEditor] as it can't satisfy its NEEDS
[LOG 18:33:21.942] Deleting root node in file KSPCommunityFixes/MMPatches/ModSupport/UniversalStorage node: @KSP_COMMUNITY_FIXES:NEEDS[UniversalStorage2] as it can't satisfy its NEEDS
[LOG 18:33:22.075] Applying patches
[LOG 18:33:22.078] :INSERT (initial) pass
[LOG 18:33:22.144] :FIRST pass
[LOG 18:33:22.148] Applying update KSPCommunityFixes/MMPatches/StockTweaks/LadderToggleableLight/@PART[telescopicLadderBay]:FIRST to Squad/Parts/Utility/ladderTelescopicBay/ladderTelescopicBay.cfg/PART[telescopicLadderBay]
[LOG 18:33:22.161] Applying update KSPCommunityFixes/MMPatches/StockTweaks/LadderToggleableLight/@PART[telescopicLadderBay]:HAS[#LadderToggleableLight[?rue]]:FIRST to Squad/Parts/Utility/ladderTelescopicBay/ladderTelescopicBay.cfg/PART[telescopicLadderBay]
[LOG 18:33:22.162] Applying update KSPCommunityFixes/MMPatches/StockTweaks/LadderToggleableLight/@PART[telescopicLadderBay]:HAS[#LadderToggleableLight]:FIRST to Squad/Parts/Utility/ladderTelescopicBay/ladderTelescopicBay.cfg/PART[telescopicLadderBay]
[LOG 18:33:22.163] Applying update KSPCommunityFixes/MMPatches/StockTweaks/LandingGearLights/@PART[GearSmall]:FIRST to Squad/Parts/Wheel/LandingGear/GearMedium.cfg/PART[GearSmall]
[LOG 18:33:22.168] Applying update KSPCommunityFixes/MMPatches/StockTweaks/LandingGearLights/@PART[SmallGearBay]:FIRST to Squad/Parts/Wheel/LandingGear/GearSmall.cfg/PART[SmallGearBay]
[LOG 18:33:22.169] :LEGACY (default) pass
[LOG 18:33:22.171] :BEFORE[0_MULTIPLEMODULEINPARTAPI] pass
[LOG 18:33:22.171] :FOR[0_MULTIPLEMODULEINPARTAPI] pass
[LOG 18:33:22.171] :AFTER[0_MULTIPLEMODULEINPARTAPI] pass
[LOG 18:33:22.171] :BEFORE[000_HARMONY] pass
[LOG 18:33:22.171] :FOR[000_HARMONY] pass
[LOG 18:33:22.171] :AFTER[000_HARMONY] pass
[LOG 18:33:22.171] :BEFORE[0HARMONY] pass
[LOG 18:33:22.171] :FOR[0HARMONY] pass
[LOG 18:33:22.171] :AFTER[0HARMONY] pass
[LOG 18:33:22.171] :BEFORE[ASSEMBLY-CSHARP] pass
[LOG 18:33:22.171] :FOR[ASSEMBLY-CSHARP] pass
[LOG 18:33:22.171] :AFTER[ASSEMBLY-CSHARP] pass
[LOG 18:33:22.171] :BEFORE[HARMONYINSTALLCHECKER] pass
[LOG 18:33:22.171] :FOR[HARMONYINSTALLCHECKER] pass
[LOG 18:33:22.171] :AFTER[HARMONYINSTALLCHECKER] pass
[LOG 18:33:22.171] :BEFORE[KSMUI] pass
[LOG 18:33:22.171] :FOR[KSMUI] pass
[LOG 18:33:22.171] :AFTER[KSMUI] pass
[LOG 18:33:22.171] :BEFORE[KSPCOMMUNITYFIXES] pass
[LOG 18:33:22.171] :FOR[KSPCOMMUNITYFIXES] pass
[LOG 18:33:22.172] Applying update KSPCommunityFixes/MMPatches/StockTweaks/ManufacturerFixes/@PART[sasModule]:FOR[KSPCommunityFixes] to Squad/Parts/Command/inlineReactionWheel/inlineReactionWheel.cfg/PART[sasModule]
[LOG 18:33:22.174] Applying update KSPCommunityFixes/MMPatches/StockTweaks/ManufacturerFixes/@PART[xenonTankRadial]:FOR[KSPCommunityFixes] to Squad/Parts/FuelTank/xenonTankRadial/xenonTankRadial.cfg/PART[xenonTankRadial]
[LOG 18:33:22.175] Applying update KSPCommunityFixes/MMPatches/StockTweaks/ManufacturerFixes/@PART[winglet|fireworksLauncherSmall|fireworksLauncherBig]:FOR[KSPCommunityFixes] to Squad/Parts/Aero/wingletAV-T1/wingletAV-T1.cfg/PART[winglet]
[LOG 18:33:22.177] Applying update KSPCommunityFixes/MMPatches/StockTweaks/ManufacturerFixes/@PART[winglet|fireworksLauncherSmall|fireworksLauncherBig]:FOR[KSPCommunityFixes] to Squad/Parts/Utility/Fireworks/fireworksLauncherBig.cfg/PART[fireworksLauncherBig]
[LOG 18:33:22.177] Applying update KSPCommunityFixes/MMPatches/StockTweaks/ManufacturerFixes/@PART[winglet|fireworksLauncherSmall|fireworksLauncherBig]:FOR[KSPCommunityFixes] to Squad/Parts/Utility/Fireworks/fireworksLauncherSmall.cfg/PART[fireworksLauncherSmall]
[LOG 18:33:22.179] Applying update KSPCommunityFixes/MMPatches/StockTweaks/ManufacturerFixes/@PART[solidBooster_sm_v2|solidBooster_v2]:FOR[KSPCommunityFixes] to Squad/Parts/Engine/Size1_SRBs/solidBoosterRT-10_v2.cfg/PART[solidBooster_v2]
[LOG 18:33:22.180] Applying update KSPCommunityFixes/MMPatches/StockTweaks/ManufacturerFixes/@PART[solidBooster_sm_v2|solidBooster_v2]:FOR[KSPCommunityFixes] to Squad/Parts/Engine/Size1_SRBs/solidBoosterRT-5_v2.cfg/PART[solidBooster_sm_v2]
[LOG 18:33:22.183] Applying update KSPCommunityFixes/MMPatches/StockTweaks/ManufacturerFixes/@PART[ServiceBay_125_v2|ServiceBay_250_v2]:FOR[KSPCommunityFixes] to Squad/Parts/Utility/ServiceBay_v2/ServiceBay_125_v2.cfg/PART[ServiceBay_125_v2]
[LOG 18:33:22.184] Applying update KSPCommunityFixes/MMPatches/StockTweaks/ManufacturerFixes/@PART[ServiceBay_125_v2|ServiceBay_250_v2]:FOR[KSPCommunityFixes] to Squad/Parts/Utility/ServiceBay_v2/ServiceBay_250_v2.cfg/PART[ServiceBay_250_v2]
[LOG 18:33:22.185] Applying update KSPCommunityFixes/MMPatches/StockTweaks/ManufacturerFixes/@PART[externalTankCapsule]:FOR[KSPCommunityFixes] to Squad/Parts/FuelTank/FoilTanks/RadialTank_Capsule.cfg/PART[externalTankCapsule]
[LOG 18:33:22.186] Applying update KSPCommunityFixes/MMPatches/StockTweaks/ManufacturerFixes/@PART[RCSFuelTank|rcsTankMini|RCSTank1-2]:FOR[KSPCommunityFixes] to Squad/Parts/FuelTank/RCSFuelTankR1/RCSFuelTankR1.cfg/PART[RCSTank1-2]
[LOG 18:33:22.186] Applying update KSPCommunityFixes/MMPatches/StockTweaks/ManufacturerFixes/@PART[RCSFuelTank|rcsTankMini|RCSTank1-2]:FOR[KSPCommunityFixes] to Squad/Parts/FuelTank/RCSFuelTankR10/RCSFuelTankR10.cfg/PART[rcsTankMini]
[LOG 18:33:22.186] Applying update KSPCommunityFixes/MMPatches/StockTweaks/ManufacturerFixes/@PART[RCSFuelTank|rcsTankMini|RCSTank1-2]:FOR[KSPCommunityFixes] to Squad/Parts/FuelTank/RCSFuelTankR25/RCSFuelTankR25.cfg/PART[RCSFuelTank]
[LOG 18:33:22.187] Applying update KSPCommunityFixes/MMPatches/StockTweaks/ManufacturerFixes/@PART[landerCabinSmall]:FOR[KSPCommunityFixes] to Squad/Parts/Command/mk1LanderCan/mk1LanderCan.cfg/PART[landerCabinSmall]
[LOG 18:33:22.188] Applying update KSPCommunityFixes/MMPatches/StockTweaks/ManufacturerFixes/@PART[dockingPortLateral]:FOR[KSPCommunityFixes] to Squad/Parts/Utility/dockingPortInline/dockingPortInline.cfg/PART[dockingPortLateral]
[LOG 18:33:22.188] Applying update KSPCommunityFixes/MMPatches/StockTweaks/ManufacturerFixes/@PART[EnginePlate4]:FOR[KSPCommunityFixes]:NEEDS[SquadExpansion/MakingHistory] to SquadExpansion/MakingHistory/Parts/Coupling/EnginePlate_4.cfg/PART[EnginePlate4]
[LOG 18:33:22.189] Applying update KSPCommunityFixes/MMPatches/StockTweaks/ManufacturerFixes/@PART[Mk2Pod]:FOR[KSPCommunityFixes]:NEEDS[SquadExpansion/MakingHistory] to SquadExpansion/MakingHistory/Parts/Pods/Mk2Pod.cfg/PART[Mk2Pod]
[LOG 18:33:22.190] Applying update KSPCommunityFixes/MMPatches/StockTweaks/ManufacturerFixes/@PART[evaChute|parachuteSingle|parachuteRadial|radialDrogue|parachuteLarge|parachuteDrogue]:FOR[KSPCommunityFixes] to Squad/Parts/Cargo/Parachute/Parachute.cfg/PART[evaChute]
[LOG 18:33:22.191] Applying update KSPCommunityFixes/MMPatches/StockTweaks/ManufacturerFixes/@PART[evaChute|parachuteSingle|parachuteRadial|radialDrogue|parachuteLarge|parachuteDrogue]:FOR[KSPCommunityFixes] to Squad/Parts/Utility/parachuteMk1/parachuteMk1.cfg/PART[parachuteSingle]
[LOG 18:33:22.191] Applying update KSPCommunityFixes/MMPatches/StockTweaks/ManufacturerFixes/@PART[evaChute|parachuteSingle|parachuteRadial|radialDrogue|parachuteLarge|parachuteDrogue]:FOR[KSPCommunityFixes] to Squad/Parts/Utility/parachuteMk12-R/parachuteMk12-R.cfg/PART[radialDrogue]
[LOG 18:33:22.191] Applying update KSPCommunityFixes/MMPatches/StockTweaks/ManufacturerFixes/@PART[evaChute|parachuteSingle|parachuteRadial|radialDrogue|parachuteLarge|parachuteDrogue]:FOR[KSPCommunityFixes] to Squad/Parts/Utility/parachuteMk16-XL/parachuteMk16-XL.cfg/PART[parachuteLarge]
[LOG 18:33:22.191] Applying update KSPCommunityFixes/MMPatches/StockTweaks/ManufacturerFixes/@PART[evaChute|parachuteSingle|parachuteRadial|radialDrogue|parachuteLarge|parachuteDrogue]:FOR[KSPCommunityFixes] to Squad/Parts/Utility/parachuteMk2-R/parachuteMk2-R.cfg/PART[parachuteRadial]
[LOG 18:33:22.192] Applying update KSPCommunityFixes/MMPatches/StockTweaks/ManufacturerFixes/@PART[evaChute|parachuteSingle|parachuteRadial|radialDrogue|parachuteLarge|parachuteDrogue]:FOR[KSPCommunityFixes] to Squad/Parts/Utility/parachuteMk25/parachuteMk25.cfg/PART[parachuteDrogue]
[LOG 18:33:22.194] Applying update KSPCommunityFixes/MMPatches/StockTweaks/ManufacturerFixes/@PART[stackPoint1|dockingPort1|dockingPort2|dockingPort3|dockingPortLarge]:FOR[KSPCommunityFixes] to Squad/Parts/Utility/dockingPort/dockingPort.cfg/PART[dockingPort2]
[LOG 18:33:22.194] Applying update KSPCommunityFixes/MMPatches/StockTweaks/ManufacturerFixes/@PART[stackPoint1|dockingPort1|dockingPort2|dockingPort3|dockingPortLarge]:FOR[KSPCommunityFixes] to Squad/Parts/Utility/dockingPortJr/dockingPortJr.cfg/PART[dockingPort3]
[LOG 18:33:22.194] Applying update KSPCommunityFixes/MMPatches/StockTweaks/ManufacturerFixes/@PART[stackPoint1|dockingPort1|dockingPort2|dockingPort3|dockingPortLarge]:FOR[KSPCommunityFixes] to Squad/Parts/Utility/dockingPortShielded/dockingPortShielded.cfg/PART[dockingPort1]
[LOG 18:33:22.194] Applying update KSPCommunityFixes/MMPatches/StockTweaks/ManufacturerFixes/@PART[stackPoint1|dockingPort1|dockingPort2|dockingPort3|dockingPortLarge]:FOR[KSPCommunityFixes] to Squad/Parts/Utility/dockingPortSr/dockingPortSr.cfg/PART[dockingPortLarge]
[LOG 18:33:22.194] Applying update KSPCommunityFixes/MMPatches/StockTweaks/ManufacturerFixes/@PART[stackPoint1|dockingPort1|dockingPort2|dockingPort3|dockingPortLarge]:FOR[KSPCommunityFixes] to Squad/Parts/Utility/radialAttachmentPoint/radialAttachmentPoint.cfg/PART[stackPoint1]
[LOG 18:33:22.195] :AFTER[KSPCOMMUNITYFIXES] pass
[LOG 18:33:22.195] :BEFORE[KSPPROFILER] pass
[LOG 18:33:22.195] :FOR[KSPPROFILER] pass
[LOG 18:33:22.195] :AFTER[KSPPROFILER] pass
[LOG 18:33:22.195] :BEFORE[MODULEMANAGER] pass
[LOG 18:33:22.195] :FOR[MODULEMANAGER] pass
[LOG 18:33:22.195] :AFTER[MODULEMANAGER] pass
[LOG 18:33:22.195] :BEFORE[SQUAD] pass
[LOG 18:33:22.195] :FOR[SQUAD] pass
[LOG 18:33:22.195] :AFTER[SQUAD] pass
[LOG 18:33:22.195] :BEFORE[SQUADEXPANSION] pass
[LOG 18:33:22.195] :FOR[SQUADEXPANSION] pass
[LOG 18:33:22.195] :AFTER[SQUADEXPANSION] pass
[LOG 18:33:22.197] :LAST[999_KSP-RECALL] pass
[LOG 18:33:22.224] :FINAL pass
[LOG 18:33:22.224] Done patching
[LOG 18:33:22.224] Saving Cache
[LOG 18:33:22.352] Saving cache
[LOG 18:33:23.289] ModuleManager: 33 patches applied

[LOG 18:33:23.289] Ran in 2.027s
[LOG 18:33:23.336] Done!



#### END MODULEMANAGER LOG ####
[LOG 18:33:25.395] [ModuleManager] Running tests...
[LOG 18:33:25.396] [ModuleManager] tests complete.
[LOG 18:33:25.397] [ModuleManager] Reloading resources definitions
[LOG 18:33:25.398] Resource LiquidFuel added to database
[LOG 18:33:25.398] Resource Oxidizer added to database
[LOG 18:33:25.398] Resource SolidFuel added to database
[LOG 18:33:25.398] Resource MonoPropellant added to database
[LOG 18:33:25.398] Resource XenonGas added to database
[LOG 18:33:25.398] Resource ElectricCharge added to database
[LOG 18:33:25.398] Resource IntakeAir added to database
[LOG 18:33:25.398] Resource EVA Propellant added to database
[LOG 18:33:25.398] Resource Ore added to database
[LOG 18:33:25.398] Resource Ablator added to database
[LOG 18:33:25.398] [ModuleManager] Reloading Trait configs
[LOG 18:33:25.399] ExperienceSystemConfig: Added Effect 'DeployedSciencePowerSkill' to Trait 'Ingénieur'
[LOG 18:33:25.399] ExperienceSystemConfig: Added Effect 'DeployedScienceExpSkill' to Trait 'Scientifique'
[LOG 18:33:25.399] [ModuleManager] Reloading Part Upgrades
[LOG 18:33:25.399] [ModuleManager] Setting modded physics as the active one
[LOG 18:33:25.400] PhysicsGlobals: Loading database
[LOG 18:33:25.401] [ModuleManager] Running post patch callbacks
[LOG 18:33:25.415] [KSPCommunityFixes] Patch AutoStrutDrift applied.
[LOG 18:33:25.418] [KSPCommunityFixes] Patch EditorAnimatedPartsShipModified applied.
[LOG 18:33:25.425] [KSPCommunityFixes] Patch DragCubeLoadException applied.
[LOG 18:33:25.431] [KSPCommunityFixes] Patch DoubleCurvePreserveTangents applied.
[LOG 18:33:25.504] [KSPCommunityFixes] Patch DockingPortRotationDriftAndFixes applied.
[LOG 18:33:25.560] [KSPCommunityFixes] Patch DockingPortConserveMomentum applied.
[LOG 18:33:25.567] [KSPCommunityFixes] Patch DebugConsoleDontStealInput applied.
[LOG 18:33:25.573] [KSPCommunityFixes] Patch CorrectDragForFlags applied.
[LOG 18:33:25.574] [KSPCommunityFixes] Patch CometMiningNotRemovingMass applied.
[LOG 18:33:25.582] [KSPCommunityFixes] Patch ChutePhantomSymmetry applied.
[LOG 18:33:25.585] [KSPCommunityFixes] Patch CometSpawnerUniqueFlightId applied.
[LOG 18:33:25.587] [KSPCommunityFixes] Patch AsteroidSpawnerUniqueFlightId applied.
[LOG 18:33:25.588] [KSPCommunityFixes] Patch AsteroidInfiniteMining applied.
[LOG 18:33:25.619] [KSPCommunityFixes] Patch PersistentIConfigNode applied.
[LOG 18:33:25.620] [KSPCommunityFixes] Patch OnSymmetryFieldChanged not applied (not enabled in Settings.cfg)
[LOG 18:33:25.620] [KSPCommunityFixes] Patch ModUpgradePipeline not applied (not enabled in Settings.cfg)
[LOG 18:33:25.620] [KSPCommunityFixes] Patch KSPFieldEnumDesc not applied (not enabled in Settings.cfg)
[LOG 18:33:25.622] [KSPCommunityFixes] Patch EventProfilerMarkers not applied (not enabled in Settings.cfg)
[LOG 18:33:25.622] [KSPCommunityFixes] Patch DockingPortLockedEvents not applied (not enabled in Settings.cfg)
[LOG 18:33:25.625] [KSPCommunityFixes] Patch DepartmentHeadImage applied.
[LOG 18:33:25.638] [KSPCommunityFixes] Patch BaseFieldListUseFieldHost applied.
[LOG 18:33:25.674] [KSPCommunityFixes] Patch ResourceConverterPerf applied.
[LOG 18:33:25.685] [KSPCommunityFixes] Patch ProgressTrackingSpeedBoost applied.
[LOG 18:33:25.690] [KSPCommunityFixes] Patch PQSUpdateNoMemoryAlloc applied.
[LOG 18:33:25.691] [KSPCommunityFixes] Patch PQSOnlyStartOnce not applied (not enabled in Settings.cfg)
[LOG 18:33:25.704] [KSPCommunityFixes] Patch PQSCoroutineLeak applied.
[LOG 18:33:25.744] [KSPCommunityFixes] Patch PartSystemsFastUpdate applied.
[LOG 18:33:25.769] [KSPCommunityFixes] Patch PartParsingPerf applied.
[LOG 18:33:25.774] [KSPCommunityFixes] Patch EnginePlateAirstreamShieldedTopPart applied.
[LOG 18:33:25.782] [KSPCommunityFixes] Patch EVAConstructionMass applied.
[LOG 18:33:25.795] [KSPCommunityFixes] Patch EVAConstructionUninitializedInventory applied.
[LOG 18:33:25.804] [KSPCommunityFixes] Patch EVAKerbalRecovery applied.
[LOG 18:33:25.812] [KSPCommunityFixes] Patch TimeWarpOrbitShift applied.
[LOG 18:33:25.814] [KSPCommunityFixes] Patch TimeWarpBodyCollision applied.
[LOG 18:33:25.837] [KSPCommunityFixes] Patch ThumbnailSpotlight applied.
[LOG 18:33:25.847] [KSPCommunityFixes] Patch SymmetryReferenceOnDelete applied.
[LOG 18:33:25.847] [KSPCommunityFixes] Patch StrategyDuration not applied (not enabled in Settings.cfg)
[LOG 18:33:25.851] [KSPCommunityFixes] Patch StockAlarmDescPreserveLineBreak applied.
[LOG 18:33:25.902] [KSPCommunityFixes] Patch StickySplashedFixer applied.
[LOG 18:33:25.911] [KSPCommunityFixes] Patch ScatterDistribution applied.
[LOG 18:33:25.944] [KSPCommunityFixes] Patch RoboticsDrift applied.
[LOG 18:33:25.946] [KSPCommunityFixes] Patch RestoreMaxPhysicsDT applied.
[LOG 18:33:25.971] [KSPCommunityFixes] Patch RespawnDeadKerbals applied.
[LOG 18:33:25.977] [KSPCommunityFixes] Patch RescaledRoboticParts applied.
[LOG 18:33:25.982] [KSPCommunityFixes] Patch ReRootPreserveSurfaceAttach applied.
[LOG 18:33:26.009] [KSPCommunityFixes] Patch OptimizedModuleRaycasts applied.
[LOG 18:33:26.018] GetSubclassesOfParentClass: Found 1 types with ModuleInventoryPart parent in 8 assemblies.
[LOG 18:33:26.026] [KSPCommunityFixes] Patch RefundingOnRecovery applied.
[LOG 18:33:26.027] [KSPCommunityFixes] Patch PatchedConicEncounterFlickering applied.
[LOG 18:33:26.040] [KSPCommunityFixes] Patch PartListTooltipIconSpin applied.
[LOG 18:33:26.045] [KSPCommunityFixes] Patch PackedPartsRotation applied.
[LOG 18:33:26.060] [KSPCommunityFixes] Patch ModulePartVariantsNodePersistence applied.
[LOG 18:33:26.064] [KSPCommunityFixes] Patch ModuleAnimateGenericCrewModSpawnIVA applied.
[LOG 18:33:26.065] [KSPCommunityFixes] Patch ModuleActiveRadiatorNoParentException applied.
[LOG 18:33:26.069] [KSPCommunityFixes] Patch MapTargetBodyWithEncounter applied.
[LOG 18:33:26.073] [KSPCommunityFixes] Patch LostSoundAfterSceneSwitch applied.
[LOG 18:33:26.081] [KSPCommunityFixes] Patch LadderToggleableLight applied.
[LOG 18:33:26.097] [KSPCommunityFixes] Patch InventoryPartMass applied.
[LOG 18:33:26.105] [KSPCommunityFixes] Patch HarvesterECConsumption applied.
[LOG 18:33:26.107] [KSPCommunityFixes] Patch FixGetUnivseralTime applied.
[LOG 18:33:26.119] [KSPCommunityFixes] Patch ExtendedDeployableParts applied.
[LOG 18:33:26.121] [KSPCommunityFixes] Patch PropellantFlowDescription applied.
[LOG 18:33:26.147] [KSPCommunityFixes] Patch OptimisedVectorLines applied.
[LOG 18:33:26.158] [KSPCommunityFixes] Patch ModuleDockingNodeFindOtherNodesFaster applied.
[LOG 18:33:26.164] [KSPCommunityFixes] Patch ModuleColorChangerOptimization applied.
[LOG 18:33:26.171] [KSPCommunityFixes] Patch AutoSavedCraftNameAtLaunch applied.
[LOG 18:33:26.212] [KSPCommunityFixes] Patch PAWCollapsedInventories applied.
[LOG 18:33:26.216] [KSPCommunityFixes] Patch UIFloatEditNumericInput applied.
[LOG 18:33:26.247] [KSPCommunityFixes] Patch PAWStockGroups applied.
[LOG 18:33:26.259] [KSPCommunityFixes] Patch AltimeterHorizontalPosition applied.
[LOG 18:33:26.269] [KSPCommunityFixes] Patch SceneLoadSpeedBoost applied.
[LOG 18:33:26.321] [KSPCommunityFixes] Patch OnDemandPartBuoyancy applied.
[LOG 18:33:26.323] [KSPCommunityFixes] Patch ForceSyncSceneSwitch applied.
[LOG 18:33:26.323] [KSPCommunityFixes] Patch FewerSaves not applied (not enabled in Settings.cfg)
[LOG 18:33:26.324] [KSPCommunityFixes] Patch WheelInertiaLimit applied.
[LOG 18:33:26.324] [KSPCommunityFixes] Patch StockAlarmCustomFormatterDate isn't applicable to this KSP version.
[LOG 18:33:26.334] [KSPCommunityFixes] Patch ROCValidationOOR applied.
[LOG 18:33:26.339] [KSPCommunityFixes] Patch ZeroCostTechNodes applied.
[LOG 18:33:26.341] [KSPCommunityFixes] Patch ReactionWheelsPotentialTorque applied.
[LOG 18:33:26.348] [KSPCommunityFixes] Patch PAWGroupMemory applied.
[LOG 18:33:26.403] [KSPCommunityFixes] Patch PartStartStability applied.
[LOG 18:33:26.411] [KSPCommunityFixes] Patch PartBoundsIgnoreDisabledTransforms applied.
[LOG 18:33:26.467] [KSPCommunityFixes] Patch ModuleIndexingMismatch applied.
[LOG 18:33:26.477] [KSPCommunityFixes] Patch MapSOCorrectWrapping applied.
[LOG 18:33:26.478] [KSPCommunityFixes] Patch KerbalTooltipMaxSustainedG applied.
[LOG 18:33:26.482] [KSPCommunityFixes] Patch KerbalInventoryPersistence applied.
[LOG 18:33:26.482] [KSPCommunityFixes] Patch FlightSceneLoadKraken not applied (not enabled in Settings.cfg)
[LOG 18:33:26.486] [KSPCommunityFixes] Patch FIUpdateRadiation applied.
[LOG 18:33:26.489] [KSPCommunityFixes] Patch FastAndFixedEnumExtensions applied.
[LOG 18:33:26.556] [KSPCommunityFixes] Patch DeltaVHideWhenDisabled applied.
[LOG 18:33:26.562] [KSPCommunityFixes] Patch BlockMapViewPartClick applied.
[LOG 18:33:26.566] [KSPCommunityFixes] Patch PAWItemsOrder applied.
[LOG 18:33:26.633] [KSPCommunityFixes] Patch BetterEditorUndoRedo applied.
[LOG 18:33:26.647] [KSPCommunityFixes] Patch AutostrutActions applied.
[LOG 18:33:26.647] [KSPCommunityFixes] Patch DisableNewGameIntro not applied (not enabled in Settings.cfg)
[LOG 18:33:26.684] [KSPCommunityFixes] Patch MinorPerfTweaks applied.
[LOG 18:33:26.780] [KSPCommunityFixes] Patch MemoryLeaks applied.
[LOG 18:33:26.794] [KSPCommunityFixes] Patch LowerMinPhysicsDTPerFrame applied.
[LOG 18:33:26.801] [KSPCommunityFixes] Patch LocalizerPerf applied.
[LOG 18:33:26.805] [KSPCommunityFixes] Patch IMGUIOptimization applied.
[LOG 18:33:26.833] [KSPCommunityFixes] Patch FloatingOriginPerf applied.
[LOG 18:33:26.899] [KSPCommunityFixes] Patch FlightIntegratorPerf applied.
[LOG 18:33:26.905] [KSPCommunityFixes] Patch FasterPartFindTransform applied.
[LOG 18:33:26.920] [KSPCommunityFixes] Patch FasterEditorPartList applied.
[LOG 18:33:26.922] [KSPCommunityFixes] Patch ExpansionBundlePreload applied.
[LOG 18:33:26.936] [KSPCommunityFixes] Patch DragCubeGeneration applied.
[LOG 18:33:26.941] [KSPCommunityFixes] Patch DisableMapUpdateInFlight applied.
[LOG 18:33:26.942] [KSPCommunityFixes] Patch DisableHiddenPortraits applied.
[LOG 18:33:26.944] [KSPCommunityFixes] Patch DisableManeuverTool applied.
[LOG 18:33:26.969] [KSPCommunityFixes] Patch CraftBrowserOptimisations applied.
[LOG 18:33:26.972] [KSPCommunityFixes] Patch CommNetThrottling applied.
[LOG 18:33:26.977] [KSPCommunityFixes] Patch FairingMouseOverPersistence applied.
[LOG 18:33:26.997] [KSPCommunityFixes] Patch OptionalMakingHistoryDLCFeatures applied.
[LOG 18:33:27.000] [KSPCommunityFixes] Patch ResourceLockActions applied.
[LOG 18:33:27.009] [KSPCommunityFixes] Patch ShowContractFinishDates applied.
[LOG 18:33:27.020] [KSPCommunityFixes] Patch TargetParentBody applied.
[LOG 18:33:27.040] [KSPCommunityFixes] Patch ToolbarShowHide applied.
[LOG 18:33:27.043] [KSPCommunityFixes] Patch ContractProgressEnumCache applied.
[LOG 18:33:27.054] [KSPCommunityFixes] Patch ActiveRadiatorPerf applied.
[LOG 18:33:27.059] [KSPCommunityFixes] Patch CargoBayPerf applied.
[LOG 18:33:27.073] [KSPCommunityFixes] Patch CollisionEnhancerFastUpdate applied.
[LOG 18:33:27.079] [KSPCommunityFixes] Patch CollisionManagerFastUpdate applied.
[LOG 18:33:27.087] [KSPCommunityFixes] Patch AsteroidAndCometDrillCache applied.
[LOG 18:33:27.110] [KSPCommunityFixes] Patch TweakableWheelsAutostrut applied.
[LOG 18:33:27.155] [KSPCommunityFixes] Patch PatchSettings applied.
[LOG 18:33:27.215] [KSPCommunityFixes] Patch UpgradeBugs applied.
[LOG 18:33:27.215] [KSPCommunityFixes] Patch PartTooltipUpgradesApplyToSubstituteParts not applied (not enabled in Settings.cfg)
[LOG 18:33:27.295] [ModuleManager] Calling ConfigNodePerf.ModuleManagerPostLoad()
[LOG 18:33:27.297] [ModuleManager] Post patch ran in 1.905s
[LOG 18:33:27.321] PartLoader: Creating part database
[LOG 18:33:27.322] PartLoader: Compiling Part 'Squad/Parts/Aero/aerodynamicNoseCone/aerodynamicNoseCone/noseCone'
[LOG 18:33:27.345] EffectList: Created 15 effect types
[LOG 18:33:27.451] PartLoader: Part 'Squad/Parts/Aero/aerodynamicNoseCone/aerodynamicNoseCone/noseCone' has no database record. Creating.
[LOG 18:33:27.452] [DragCubeSystem]: Drag cubes not found or cannot be read for part Part. Generating New drag cubes.
[LOG 18:33:27.453] [KSPCF/DragCubeGeneration] Creating drag cubes for part 'noseCone'
[LOG 18:33:27.502] PartLoader: Compiling Part 'Squad/Parts/Aero/airbrake/Airbrake/airbrake1'
[LOG 18:33:27.529] PartLoader: Part 'Squad/Parts/Aero/airbrake/Airbrake/airbrake1' has no database record. Creating.
[LOG 18:33:27.530] [DragCubeSystem]: Drag cubes not found or cannot be read for part Part. Generating New drag cubes.
[LOG 18:33:27.530] [KSPCF/DragCubeGeneration] Creating drag cubes for part 'airbrake1'
[LOG 18:33:27.569] PartLoader: Compiling Part 'Squad/Parts/Aero/airIntakeRadialXM-G50/airIntakeRadialXM-G50/airScoop'
[LOG 18:33:27.582] PartLoader: Part 'Squad/Parts/Aero/airIntakeRadialXM-G50/airIntakeRadialXM-G50/airScoop' has no database record. Creating.
[LOG 18:33:27.583] [DragCubeSystem]: Drag cubes not found or cannot be read for part Part. Generating New drag cubes.
[LOG 18:33:27.583] [KSPCF/DragCubeGeneration] Creating drag cubes for part 'airScoop'
[LOG 18:33:27.592] PartLoader: Compiling Part 'Squad/Parts/Aero/airlinerWings/ControlSurface/airlinerCtrlSrf'
[LOG 18:33:27.617] PartLoader: Part 'Squad/Parts/Aero/airlinerWings/ControlSurface/airlinerCtrlSrf' has no database record. Creating.
[LOG 18:33:27.617] [DragCubeSystem]: Drag cubes not found or cannot be read for part Part. Generating New drag cubes.
[LOG 18:33:27.617] [KSPCF/DragCubeGeneration] Creating drag cubes for part 'airlinerCtrlSrf'
[LOG 18:33:27.656] PartLoader: Compiling Part 'Squad/Parts/Aero/airlinerWings/MainWing/airlinerMainWing'
[LOG 18:33:27.669] PartLoader: Part 'Squad/Parts/Aero/airlinerWings/MainWing/airlinerMainWing' has no database record. Creating.
[LOG 18:33:27.669] [DragCubeSystem]: Drag cubes not found or cannot be read for part Part. Generating New drag cubes.
[LOG 18:33:27.669] [KSPCF/DragCubeGeneration] Creating drag cubes for part 'airlinerMainWing'
[LOG 18:33:27.674] PartLoader: Compiling Part 'Squad/Parts/Aero/airlinerWings/TailFin/airlinerTailFin'
[LOG 18:33:27.693] PartLoader: Part 'Squad/Parts/Aero/airlinerWings/TailFin/airlinerTailFin' has no database record. Creating.
[LOG 18:33:27.693] [DragCubeSystem]: Drag cubes not found or cannot be read for part Part. Generating New drag cubes.
[LOG 18:33:27.693] [KSPCF/DragCubeGeneration] Creating drag cubes for part 'airlinerTailFin'
[LOG 18:33:27.721] PartLoader: Compiling Part 'Squad/Parts/Aero/airplaneFins/advancedCanard/AdvancedCanard'
[LOG 18:33:27.728] PartLoader: Part 'Squad/Parts/Aero/airplaneFins/advancedCanard/AdvancedCanard' has no database record. Creating.
[LOG 18:33:27.728] [DragCubeSystem]: Drag cubes not found or cannot be read for part Part. Generating New drag cubes.
[LOG 18:33:27.728] [KSPCF/DragCubeGeneration] Creating drag cubes for part 'AdvancedCanard'
[LOG 18:33:27.758] PartLoader: Compiling Part 'Squad/Parts/Aero/airplaneFins/standardCanard/CanardController'
[LOG 18:33:27.766] PartLoader: Part 'Squad/Parts/Aero/airplaneFins/standardCanard/CanardController' has no database record. Creating.
[LOG 18:33:27.766] [DragCubeSystem]: Drag cubes not found or cannot be read for part Part. Generating New drag cubes.
[LOG 18:33:27.766] [KSPCF/DragCubeGeneration] Creating drag cubes for part 'CanardController'
[LOG 18:33:27.796] PartLoader: Compiling Part 'Squad/Parts/Aero/airplaneFins/sweptWing/sweptWing'
[LOG 18:33:27.800] PartLoader: Part 'Squad/Parts/Aero/airplaneFins/sweptWing/sweptWing' has no database record. Creating.
[LOG 18:33:27.800] [DragCubeSystem]: Drag cubes not found or cannot be read for part Part. Generating New drag cubes.
[LOG 18:33:27.800] [KSPCF/DragCubeGeneration] Creating drag cubes for part 'sweptWing'
[LOG 18:33:27.804] PartLoader: Compiling Part 'Squad/Parts/Aero/airplaneFins/tailfin/tailfin'
[LOG 18:33:27.810] PartLoader: Part 'Squad/Parts/Aero/airplaneFins/tailfin/tailfin' has no database record. Creating.
[LOG 18:33:27.810] [DragCubeSystem]: Drag cubes not found or cannot be read for part Part. Generating New drag cubes.
[LOG 18:33:27.810] [KSPCF/DragCubeGeneration] Creating drag cubes for part 'tailfin'
[LOG 18:33:27.826] PartLoader: Compiling Part 'Squad/Parts/Aero/basicFin/basicFin/basicFin'
[LOG 18:33:27.830] PartLoader: Part 'Squad/Parts/Aero/basicFin/basicFin/basicFin' has no database record. Creating.
[LOG 18:33:27.830] [DragCubeSystem]: Drag cubes not found or cannot be read for part Part. Generating New drag cubes.
[LOG 18:33:27.830] [KSPCF/DragCubeGeneration] Creating drag cubes for part 'basicFin'
[LOG 18:33:27.834] PartLoader: Compiling Part 'Squad/Parts/Aero/circularIntake/circularIntake/CircularIntake'
[LOG 18:33:27.840] PartLoader: Part 'Squad/Parts/Aero/circularIntake/circularIntake/CircularIntake' has no database record. Creating.
[LOG 18:33:27.841] PartLoader: Compiling Part 'Squad/Parts/Aero/circularIntake/intakeShockCone/shockConeIntake'
[LOG 18:33:27.844] PartLoader: Part 'Squad/Parts/Aero/circularIntake/intakeShockCone/shockConeIntake' has no database record. Creating.
[LOG 18:33:27.845] PartLoader: Compiling Part 'Squad/Parts/Aero/cones/avionicsNoseCone/avionicsNoseCone'
[LOG 18:33:27.858] PartLoader: Part 'Squad/Parts/Aero/cones/avionicsNoseCone/avionicsNoseCone' has no database record. Creating.
[LOG 18:33:27.858] [DragCubeSystem]: Drag cubes not found or cannot be read for part Part. Generating New drag cubes.
[LOG 18:33:27.858] [KSPCF/DragCubeGeneration] Creating drag cubes for part 'avionicsNoseCone'
[LOG 18:33:27.866] PartLoader: Compiling Part 'Squad/Parts/Aero/cones/ConeA/pointyNoseConeA'
[LOG 18:33:27.871] PartLoader: Part 'Squad/Parts/Aero/cones/ConeA/pointyNoseConeA' has no database record. Creating.
[LOG 18:33:27.871] [DragCubeSystem]: Drag cubes not found or cannot be read for part Part. Generating New drag cubes.
[LOG 18:33:27.872] [KSPCF/DragCubeGeneration] Creating drag cubes for part 'pointyNoseConeA'
[LOG 18:33:27.876] PartLoader: Compiling Part 'Squad/Parts/Aero/cones/ConeB/pointyNoseConeB'
[LOG 18:33:27.881] PartLoader: Part 'Squad/Parts/Aero/cones/ConeB/pointyNoseConeB' has no database record. Creating.
[LOG 18:33:27.881] [DragCubeSystem]: Drag cubes not found or cannot be read for part Part. Generating New drag cubes.
[LOG 18:33:27.881] [KSPCF/DragCubeGeneration] Creating drag cubes for part 'pointyNoseConeB'
[LOG 18:33:27.886] PartLoader: Compiling Part 'Squad/Parts/Aero/cones/noseConeAdapter/noseConeAdapter'
[LOG 18:33:27.889] PartLoader: Part 'Squad/Parts/Aero/cones/noseConeAdapter/noseConeAdapter' has no database record. Creating.
[LOG 18:33:27.889] [DragCubeSystem]: Drag cubes not found or cannot be read for part Part. Generating New drag cubes.
[LOG 18:33:27.889] [KSPCF/DragCubeGeneration] Creating drag cubes for part 'noseConeAdapter'
[LOG 18:33:27.895] PartLoader: Compiling Part 'Squad/Parts/Aero/cones/protectiveRocketNoseMk7_v2/rocketNoseCone_v2'
[LOG 18:33:27.901] PartLoader: Part 'Squad/Parts/Aero/cones/protectiveRocketNoseMk7_v2/rocketNoseCone_v2' has no database record. Creating.
[LOG 18:33:27.901] [DragCubeSystem]: Drag cubes not found or cannot be read for part Part. Generating New drag cubes.
[LOG 18:33:27.901] [KSPCF/DragCubeGeneration] Creating drag cubes for part 'rocketNoseCone.v2'
[LOG 18:33:27.906] PartLoader: Compiling Part 'Squad/Parts/Aero/cones/protectiveRocketNoseMk7_v3/rocketNoseCone_v3'
[LOG 18:33:27.910] PartLoader: Part 'Squad/Parts/Aero/cones/protectiveRocketNoseMk7_v3/rocketNoseCone_v3' has no database record. Creating.
[LOG 18:33:27.910] [DragCubeSystem]: Drag cubes not found or cannot be read for part Part. Generating New drag cubes.
[LOG 18:33:27.910] [KSPCF/DragCubeGeneration] Creating drag cubes for part 'rocketNoseCone.v3'
[LOG 18:33:27.915] PartLoader: Compiling Part 'Squad/Parts/Aero/cones/rocketNoseCone_size3/rocketNoseConeSize3'
[LOG 18:33:27.919] PartLoader: Part 'Squad/Parts/Aero/cones/rocketNoseCone_size3/rocketNoseConeSize3' has no database record. Creating.
[LOG 18:33:27.919] [DragCubeSystem]: Drag cubes not found or cannot be read for part Part. Generating New drag cubes.
[LOG 18:33:27.919] [KSPCF/DragCubeGeneration] Creating drag cubes for part 'rocketNoseConeSize3'
[LOG 18:33:27.924] PartLoader: Compiling Part 'Squad/Parts/Aero/cones/smallNoseCone/standardNoseCone'
[LOG 18:33:27.930] PartLoader: Part 'Squad/Parts/Aero/cones/smallNoseCone/standardNoseCone' has no database record. Creating.
[LOG 18:33:27.930] [DragCubeSystem]: Drag cubes not found or cannot be read for part Part. Generating New drag cubes.
[LOG 18:33:27.930] [KSPCF/DragCubeGeneration] Creating drag cubes for part 'standardNoseCone'
[LOG 18:33:27.934] PartLoader: Compiling Part 'Squad/Parts/Aero/cones/tailConnectorA/airplaneTail'
[LOG 18:33:27.940] PartLoader: Part 'Squad/Parts/Aero/cones/tailConnectorA/airplaneTail' has no database record. Creating.
[LOG 18:33:27.940] [DragCubeSystem]: Drag cubes not found or cannot be read for part Part. Generating New drag cubes.
[LOG 18:33:27.941] [KSPCF/DragCubeGeneration] Creating drag cubes for part 'airplaneTail'
[LOG 18:33:27.945] PartLoader: Compiling Part 'Squad/Parts/Aero/cones/tailConnectorB/airplaneTailB'
[LOG 18:33:27.949] PartLoader: Part 'Squad/Parts/Aero/cones/tailConnectorB/airplaneTailB' has no database record. Creating.
[LOG 18:33:27.949] [DragCubeSystem]: Drag cubes not found or cannot be read for part Part. Generating New drag cubes.
[LOG 18:33:27.949] [KSPCF/DragCubeGeneration] Creating drag cubes for part 'airplaneTailB'
[LOG 18:33:27.953] PartLoader: Compiling Part 'Squad/Parts/Aero/fairings/fairingSize1/fairingSize1'
[LOG 18:33:27.992] PartLoader: Part 'Squad/Parts/Aero/fairings/fairingSize1/fairingSize1' has no database record. Creating.
[LOG 18:33:27.992] [DragCubeSystem]: Drag cubes not found or cannot be read for part Part. Generating New drag cubes.
[LOG 18:33:27.992] [KSPCF/DragCubeGeneration] Creating drag cubes for part 'fairingSize1'
[LOG 18:33:27.998] PartLoader: Compiling Part 'Squad/Parts/Aero/fairings/fairingSize2/fairingSize2'
[LOG 18:33:28.017] PartLoader: Part 'Squad/Parts/Aero/fairings/fairingSize2/fairingSize2' has no database record. Creating.
[LOG 18:33:28.017] [DragCubeSystem]: Drag cubes not found or cannot be read for part Part. Generating New drag cubes.
[LOG 18:33:28.017] [KSPCF/DragCubeGeneration] Creating drag cubes for part 'fairingSize2'
[LOG 18:33:28.022] PartLoader: Compiling Part 'Squad/Parts/Aero/fairings/fairingSize3/fairingSize3'
[LOG 18:33:28.038] PartLoader: Part 'Squad/Parts/Aero/fairings/fairingSize3/fairingSize3' has no database record. Creating.
[LOG 18:33:28.038] [DragCubeSystem]: Drag cubes not found or cannot be read for part Part. Generating New drag cubes.
[LOG 18:33:28.039] [KSPCF/DragCubeGeneration] Creating drag cubes for part 'fairingSize3'
[LOG 18:33:28.044] PartLoader: Compiling Part 'Squad/Parts/Aero/HeatShield/HeatShield0/HeatShield0'
[LOG 18:33:28.072] PartLoader: Part 'Squad/Parts/Aero/HeatShield/HeatShield0/HeatShield0' has no database record. Creating.
[LOG 18:33:28.072] [DragCubeSystem]: Drag cubes not found or cannot be read for part Part. Generating New drag cubes.
[LOG 18:33:28.072] [KSPCF/DragCubeGeneration] Creating drag cubes for part 'HeatShield0'
[LOG 18:33:28.080] PartLoader: Compiling Part 'Squad/Parts/Aero/HeatShield/HeatShield1/HeatShield1'
[LOG 18:33:28.099] PartLoader: Part 'Squad/Parts/Aero/HeatShield/HeatShield1/HeatShield1' has no database record. Creating.
[LOG 18:33:28.100] [DragCubeSystem]: Drag cubes not found or cannot be read for part Part. Generating New drag cubes.
[LOG 18:33:28.100] [KSPCF/DragCubeGeneration] Creating drag cubes for part 'HeatShield1'
[LOG 18:33:28.116] PartLoader: Compiling Part 'Squad/Parts/Aero/HeatShield/HeatShield2/HeatShield2'
[LOG 18:33:28.125] PartLoader: Part 'Squad/Parts/Aero/HeatShield/HeatShield2/HeatShield2' has no database record. Creating.
[LOG 18:33:28.125] [DragCubeSystem]: Drag cubes not found or cannot be read for part Part. Generating New drag cubes.
[LOG 18:33:28.125] [KSPCF/DragCubeGeneration] Creating drag cubes for part 'HeatShield2'
[LOG 18:33:28.139] PartLoader: Compiling Part 'Squad/Parts/Aero/HeatShield/HeatShield3/HeatShield3'
[LOG 18:33:28.146] PartLoader: Part 'Squad/Parts/Aero/HeatShield/HeatShield3/HeatShield3' has no database record. Creating.
[LOG 18:33:28.146] [DragCubeSystem]: Drag cubes not found or cannot be read for part Part. Generating New drag cubes.
[LOG 18:33:28.146] [KSPCF/DragCubeGeneration] Creating drag cubes for part 'HeatShield3'
[LOG 18:33:28.158] PartLoader: Compiling Part 'Squad/Parts/Aero/InflatableHeatShield/HeatShield/InflatableHeatShield'
[LOG 18:33:28.167] PartLoader: Part 'Squad/Parts/Aero/InflatableHeatShield/HeatShield/InflatableHeatShield' has no database record. Creating.
[LOG 18:33:28.167] [DragCubeSystem]: Drag cubes not found or cannot be read for part Part. Generating New drag cubes.
[LOG 18:33:28.167] [KSPCF/DragCubeGeneration] Creating drag cubes for part 'InflatableHeatShield'
[LOG 18:33:28.180] PartLoader: Compiling Part 'Squad/Parts/Aero/intakeRadialLong/intakeRadialLong/IntakeRadialLong'
[LOG 18:33:28.184] PartLoader: Part 'Squad/Parts/Aero/intakeRadialLong/intakeRadialLong/IntakeRadialLong' has no database record. Creating.
[LOG 18:33:28.184] [DragCubeSystem]: Drag cubes not found or cannot be read for part Part. Generating New drag cubes.
[LOG 18:33:28.184] [KSPCF/DragCubeGeneration] Creating drag cubes for part 'IntakeRadialLong'
[LOG 18:33:28.188] PartLoader: Compiling Part 'Squad/Parts/Aero/miniIntake/SmallIntake/miniIntake'
[LOG 18:33:28.191] PartLoader: Part 'Squad/Parts/Aero/miniIntake/SmallIntake/miniIntake' has no database record. Creating.
[LOG 18:33:28.192] PartLoader: Compiling Part 'Squad/Parts/Aero/ramAirIntake/ramAirIntake/ramAirIntake'
[LOG 18:33:28.195] PartLoader: Part 'Squad/Parts/Aero/ramAirIntake/ramAirIntake/ramAirIntake' has no database record. Creating.
[LOG 18:33:28.195] PartLoader: Compiling Part 'Squad/Parts/Aero/shuttleWings/delta/wingShuttleDelta'
[LOG 18:33:28.198] PartLoader: Part 'Squad/Parts/Aero/shuttleWings/delta/wingShuttleDelta' has no database record. Creating.
[LOG 18:33:28.198] [DragCubeSystem]: Drag cubes not found or cannot be read for part Part. Generating New drag cubes.
[LOG 18:33:28.198] [KSPCF/DragCubeGeneration] Creating drag cubes for part 'wingShuttleDelta'
[LOG 18:33:28.202] PartLoader: Compiling Part 'Squad/Parts/Aero/shuttleWings/elevon1/wingShuttleElevon1'
[LOG 18:33:28.207] PartLoader: Part 'Squad/Parts/Aero/shuttleWings/elevon1/wingShuttleElevon1' has no database record. Creating.
[LOG 18:33:28.207] [DragCubeSystem]: Drag cubes not found or cannot be read for part Part. Generating New drag cubes.
[LOG 18:33:28.207] [KSPCF/DragCubeGeneration] Creating drag cubes for part 'wingShuttleElevon1'
[LOG 18:33:28.225] PartLoader: Compiling Part 'Squad/Parts/Aero/shuttleWings/elevon2/wingShuttleElevon2'
[LOG 18:33:28.232] PartLoader: Part 'Squad/Parts/Aero/shuttleWings/elevon2/wingShuttleElevon2' has no database record. Creating.
[LOG 18:33:28.232] [DragCubeSystem]: Drag cubes not found or cannot be read for part Part. Generating New drag cubes.
[LOG 18:33:28.232] [KSPCF/DragCubeGeneration] Creating drag cubes for part 'wingShuttleElevon2'
[LOG 18:33:28.249] PartLoader: Compiling Part 'Squad/Parts/Aero/shuttleWings/rudder/wingShuttleRudder'
[LOG 18:33:28.253] PartLoader: Part 'Squad/Parts/Aero/shuttleWings/rudder/wingShuttleRudder' has no database record. Creating.
[LOG 18:33:28.253] [DragCubeSystem]: Drag cubes not found or cannot be read for part Part. Generating New drag cubes.
[LOG 18:33:28.253] [KSPCF/DragCubeGeneration] Creating drag cubes for part 'wingShuttleRudder'
[LOG 18:33:28.269] PartLoader: Compiling Part 'Squad/Parts/Aero/shuttleWings/strake/wingShuttleStrake'
[LOG 18:33:28.274] PartLoader: Part 'Squad/Parts/Aero/shuttleWings/strake/wingShuttleStrake' has no database record. Creating.
[LOG 18:33:28.274] [DragCubeSystem]: Drag cubes not found or cannot be read for part Part. Generating New drag cubes.
[LOG 18:33:28.274] [KSPCF/DragCubeGeneration] Creating drag cubes for part 'wingShuttleStrake'
[LOG 18:33:28.278] PartLoader: Compiling Part 'Squad/Parts/Aero/wingletAV-R8/wingletAV-R8/R8winglet'
[LOG 18:33:28.284] PartLoader: Part 'Squad/Parts/Aero/wingletAV-R8/wingletAV-R8/R8winglet' has no database record. Creating.
[LOG 18:33:28.284] [DragCubeSystem]: Drag cubes not found or cannot be read for part Part. Generating New drag cubes.
[LOG 18:33:28.284] [KSPCF/DragCubeGeneration] Creating drag cubes for part 'R8winglet'
[LOG 18:33:28.301] PartLoader: Compiling Part 'Squad/Parts/Aero/wingletAV-T1/wingletAV-T1/winglet'
[LOG 18:33:28.304] PartLoader: Part 'Squad/Parts/Aero/wingletAV-T1/wingletAV-T1/winglet' has no database record. Creating.
[LOG 18:33:28.304] [DragCubeSystem]: Drag cubes not found or cannot be read for part Part. Generating New drag cubes.
[LOG 18:33:28.304] [KSPCF/DragCubeGeneration] Creating drag cubes for part 'winglet'
[LOG 18:33:28.308] PartLoader: Compiling Part 'Squad/Parts/Aero/wingletDeltaDeluxe/wingletDeltaDeluxe/winglet3'
[LOG 18:33:28.316] PartLoader: Part 'Squad/Parts/Aero/wingletDeltaDeluxe/wingletDeltaDeluxe/winglet3' has no database record. Creating.
[LOG 18:33:28.316] [DragCubeSystem]: Drag cubes not found or cannot be read for part Part. Generating New drag cubes.
[LOG 18:33:28.316] [KSPCF/DragCubeGeneration] Creating drag cubes for part 'winglet3'
[LOG 18:33:28.333] PartLoader: Compiling Part 'Squad/Parts/Aero/wings/connector1/wingConnector'
[LOG 18:33:28.337] PartLoader: Part 'Squad/Parts/Aero/wings/connector1/wingConnector' has no database record. Creating.
[LOG 18:33:28.337] [DragCubeSystem]: Drag cubes not found or cannot be read for part Part. Generating New drag cubes.
[LOG 18:33:28.337] [KSPCF/DragCubeGeneration] Creating drag cubes for part 'wingConnector'
[LOG 18:33:28.341] PartLoader: Compiling Part 'Squad/Parts/Aero/wings/connector2/wingConnector2'
[LOG 18:33:28.345] PartLoader: Part 'Squad/Parts/Aero/wings/connector2/wingConnector2' has no database record. Creating.
[LOG 18:33:28.345] [DragCubeSystem]: Drag cubes not found or cannot be read for part Part. Generating New drag cubes.
[LOG 18:33:28.345] [KSPCF/DragCubeGeneration] Creating drag cubes for part 'wingConnector2'
[LOG 18:33:28.350] PartLoader: Compiling Part 'Squad/Parts/Aero/wings/connector3/wingConnector3'
[LOG 18:33:28.354] PartLoader: Part 'Squad/Parts/Aero/wings/connector3/wingConnector3' has no database record. Creating.
[LOG 18:33:28.354] [DragCubeSystem]: Drag cubes not found or cannot be read for part Part. Generating New drag cubes.
[LOG 18:33:28.354] [KSPCF/DragCubeGeneration] Creating drag cubes for part 'wingConnector3'
[LOG 18:33:28.359] PartLoader: Compiling Part 'Squad/Parts/Aero/wings/connector4/wingConnector4'
[LOG 18:33:28.363] PartLoader: Part 'Squad/Parts/Aero/wings/connector4/wingConnector4' has no database record. Creating.
[LOG 18:33:28.364] [DragCubeSystem]: Drag cubes not found or cannot be read for part Part. Generating New drag cubes.
[LOG 18:33:28.364] [KSPCF/DragCubeGeneration] Creating drag cubes for part 'wingConnector4'
[LOG 18:33:28.368] PartLoader: Compiling Part 'Squad/Parts/Aero/wings/connector5/wingConnector5'
[LOG 18:33:28.374] PartLoader: Part 'Squad/Parts/Aero/wings/connector5/wingConnector5' has no database record. Creating.
[LOG 18:33:28.374] [DragCubeSystem]: Drag cubes not found or cannot be read for part Part. Generating New drag cubes.
[LOG 18:33:28.374] [KSPCF/DragCubeGeneration] Creating drag cubes for part 'wingConnector5'
[LOG 18:33:28.378] PartLoader: Compiling Part 'Squad/Parts/Aero/wings/delta/deltaWing'
[LOG 18:33:28.383] PartLoader: Part 'Squad/Parts/Aero/wings/delta/deltaWing' has no database record. Creating.
[LOG 18:33:28.383] [DragCubeSystem]: Drag cubes not found or cannot be read for part Part. Generating New drag cubes.
[LOG 18:33:28.383] [KSPCF/DragCubeGeneration] Creating drag cubes for part 'deltaWing'
[LOG 18:33:28.387] PartLoader: Compiling Part 'Squad/Parts/Aero/wings/delta_small/delta_small'
[LOG 18:33:28.391] PartLoader: Part 'Squad/Parts/Aero/wings/delta_small/delta_small' has no database record. Creating.
[LOG 18:33:28.391] [DragCubeSystem]: Drag cubes not found or cannot be read for part Part. Generating New drag cubes.
[LOG 18:33:28.391] [KSPCF/DragCubeGeneration] Creating drag cubes for part 'delta.small'
[LOG 18:33:28.395] PartLoader: Compiling Part 'Squad/Parts/Aero/wings/elevon1/StandardCtrlSrf'
[LOG 18:33:28.402] PartLoader: Part 'Squad/Parts/Aero/wings/elevon1/StandardCtrlSrf' has no database record. Creating.
[LOG 18:33:28.402] [DragCubeSystem]: Drag cubes not found or cannot be read for part Part. Generating New drag cubes.
[LOG 18:33:28.402] [KSPCF/DragCubeGeneration] Creating drag cubes for part 'StandardCtrlSrf'
[LOG 18:33:28.418] PartLoader: Compiling Part 'Squad/Parts/Aero/wings/elevon2/elevon2'
[LOG 18:33:28.424] PartLoader: Part 'Squad/Parts/Aero/wings/elevon2/elevon2' has no database record. Creating.
[LOG 18:33:28.424] [DragCubeSystem]: Drag cubes not found or cannot be read for part Part. Generating New drag cubes.
[LOG 18:33:28.424] [KSPCF/DragCubeGeneration] Creating drag cubes for part 'elevon2'
[LOG 18:33:28.440] PartLoader: Compiling Part 'Squad/Parts/Aero/wings/elevon3/elevon3'
[LOG 18:33:28.444] PartLoader: Part 'Squad/Parts/Aero/wings/elevon3/elevon3' has no database record. Creating.
[LOG 18:33:28.444] [DragCubeSystem]: Drag cubes not found or cannot be read for part Part. Generating New drag cubes.
[LOG 18:33:28.444] [KSPCF/DragCubeGeneration] Creating drag cubes for part 'elevon3'
[LOG 18:33:28.459] PartLoader: Compiling Part 'Squad/Parts/Aero/wings/elevon4/smallCtrlSrf'
[LOG 18:33:28.465] PartLoader: Part 'Squad/Parts/Aero/wings/elevon4/smallCtrlSrf' has no database record. Creating.
[LOG 18:33:28.465] [DragCubeSystem]: Drag cubes not found or cannot be read for part Part. Generating New drag cubes.
[LOG 18:33:28.465] [KSPCF/DragCubeGeneration] Creating drag cubes for part 'smallCtrlSrf'
[LOG 18:33:28.482] PartLoader: Compiling Part 'Squad/Parts/Aero/wings/elevon5/elevon5'
[LOG 18:33:28.488] PartLoader: Part 'Squad/Parts/Aero/wings/elevon5/elevon5' has no database record. Creating.
[LOG 18:33:28.488] [DragCubeSystem]: Drag cubes not found or cannot be read for part Part. Generating New drag cubes.
[LOG 18:33:28.488] [KSPCF/DragCubeGeneration] Creating drag cubes for part 'elevon5'
[LOG 18:33:28.505] PartLoader: Compiling Part 'Squad/Parts/Aero/wings/strake/wingStrake'
[LOG 18:33:28.508] PartLoader: Part 'Squad/Parts/Aero/wings/strake/wingStrake' has no database record. Creating.
[LOG 18:33:28.509] [DragCubeSystem]: Drag cubes not found or cannot be read for part Part. Generating New drag cubes.
[LOG 18:33:28.509] [KSPCF/DragCubeGeneration] Creating drag cubes for part 'wingStrake'
[LOG 18:33:28.512] PartLoader: Compiling Part 'Squad/Parts/Aero/wings/structural1/structuralWing'
[LOG 18:33:28.517] PartLoader: Part 'Squad/Parts/Aero/wings/structural1/structuralWing' has no database record. Creating.
[LOG 18:33:28.517] [DragCubeSystem]: Drag cubes not found or cannot be read for part Part. Generating New drag cubes.
[LOG 18:33:28.517] [KSPCF/DragCubeGeneration] Creating drag cubes for part 'structuralWing'
[LOG 18:33:28.521] PartLoader: Compiling Part 'Squad/Parts/Aero/wings/structural2/structuralWing2'
[LOG 18:33:28.524] PartLoader: Part 'Squad/Parts/Aero/wings/structural2/structuralWing2' has no database record. Creating.
[LOG 18:33:28.524] [DragCubeSystem]: Drag cubes not found or cannot be read for part Part. Generating New drag cubes.
[LOG 18:33:28.524] [KSPCF/DragCubeGeneration] Creating drag cubes for part 'structuralWing2'
[LOG 18:33:28.528] PartLoader: Compiling Part 'Squad/Parts/Aero/wings/structural3/structuralWing3'
[LOG 18:33:28.531] PartLoader: Part 'Squad/Parts/Aero/wings/structural3/structuralWing3' has no database record. Creating.
[LOG 18:33:28.531] [DragCubeSystem]: Drag cubes not found or cannot be read for part Part. Generating New drag cubes.
[LOG 18:33:28.531] [KSPCF/DragCubeGeneration] Creating drag cubes for part 'structuralWing3'
[LOG 18:33:28.536] PartLoader: Compiling Part 'Squad/Parts/Aero/wings/structural4/structuralWing4'
[LOG 18:33:28.539] PartLoader: Part 'Squad/Parts/Aero/wings/structural4/structuralWing4' has no database record. Creating.
[LOG 18:33:28.539] [DragCubeSystem]: Drag cubes not found or cannot be read for part Part. Generating New drag cubes.
[LOG 18:33:28.539] [KSPCF/DragCubeGeneration] Creating drag cubes for part 'structuralWing4'
[LOG 18:33:28.543] PartLoader: Compiling Part 'Squad/Parts/Aero/wings/swept1/sweptWing1'
[LOG 18:33:28.547] PartLoader: Part 'Squad/Parts/Aero/wings/swept1/sweptWing1' has no database record. Creating.
[LOG 18:33:28.548] [DragCubeSystem]: Drag cubes not found or cannot be read for part Part. Generating New drag cubes.
[LOG 18:33:28.548] [KSPCF/DragCubeGeneration] Creating drag cubes for part 'sweptWing1'
[LOG 18:33:28.551] PartLoader: Compiling Part 'Squad/Parts/Aero/wings/swept2/sweptWing2'
[LOG 18:33:28.556] PartLoader: Part 'Squad/Parts/Aero/wings/swept2/sweptWing2' has no database record. Creating.
[LOG 18:33:28.556] [DragCubeSystem]: Drag cubes not found or cannot be read for part Part. Generating New drag cubes.
[LOG 18:33:28.556] [KSPCF/DragCubeGeneration] Creating drag cubes for part 'sweptWing2'
[LOG 18:33:28.560] PartLoader: Compiling Part 'Squad/Parts/Cargo/CargoContainers/cargoContainer/cargoContainer'
[WRN 18:33:28.562] [Part]: Cannot have ModuleCargoPart and ModuleInventoryPart on same Part [cargoContainer'. Removed ModuleCargoPart
[LOG 18:33:28.572] PartLoader: Part 'Squad/Parts/Cargo/CargoContainers/cargoContainer/cargoContainer' has no database record. Creating.
[LOG 18:33:28.572] [DragCubeSystem]: Drag cubes not found or cannot be read for part Part. Generating New drag cubes.
[LOG 18:33:28.572] [KSPCF/DragCubeGeneration] Creating drag cubes for part 'cargoContainer'
[LOG 18:33:28.577] PartLoader: Compiling Part 'Squad/Parts/Cargo/CargoContainers/smallCargoContainer/smallCargoContainer'
[WRN 18:33:28.579] [Part]: Cannot have ModuleCargoPart and ModuleInventoryPart on same Part [smallCargoContainer'. Removed ModuleCargoPart
[LOG 18:33:28.581] PartLoader: Part 'Squad/Parts/Cargo/CargoContainers/smallCargoContainer/smallCargoContainer' has no database record. Creating.
[LOG 18:33:28.581] [DragCubeSystem]: Drag cubes not found or cannot be read for part Part. Generating New drag cubes.
[LOG 18:33:28.581] [KSPCF/DragCubeGeneration] Creating drag cubes for part 'smallCargoContainer'
[LOG 18:33:28.586] PartLoader: Compiling Part 'Squad/Parts/Cargo/Cylinder/Cylinder/evaCylinder'
[LOG 18:33:28.590] PartLoader: Part 'Squad/Parts/Cargo/Cylinder/Cylinder/evaCylinder' has no database record. Creating.
[LOG 18:33:28.590] [DragCubeSystem]: Drag cubes not found or cannot be read for part Part. Generating New drag cubes.
[LOG 18:33:28.591] [KSPCF/DragCubeGeneration] Creating drag cubes for part 'evaCylinder'
[LOG 18:33:28.595] PartLoader: Compiling Part 'Squad/Parts/Cargo/GroundAnchor/groundAnchor/groundAnchor'
[LOG 18:33:28.620] PartLoader: Part 'Squad/Parts/Cargo/GroundAnchor/groundAnchor/groundAnchor' has no database record. Creating.
[LOG 18:33:28.621] [DragCubeSystem]: Drag cubes not found or cannot be read for part Part. Generating New drag cubes.
[LOG 18:33:28.621] [KSPCF/DragCubeGeneration] Creating drag cubes for part 'groundAnchor'
[LOG 18:33:28.635] PartLoader: Compiling Part 'Squad/Parts/Cargo/Jetpack/Jetpack/evaJetpack'
[LOG 18:33:28.639] PartLoader: Part 'Squad/Parts/Cargo/Jetpack/Jetpack/evaJetpack' has no database record. Creating.
[LOG 18:33:28.639] [DragCubeSystem]: Drag cubes not found or cannot be read for part Part. Generating New drag cubes.
[LOG 18:33:28.639] [KSPCF/DragCubeGeneration] Creating drag cubes for part 'evaJetpack'
[LOG 18:33:28.644] PartLoader: Compiling Part 'Squad/Parts/Cargo/Parachute/Parachute/evaChute'
[LOG 18:33:28.646] PartLoader: Part 'Squad/Parts/Cargo/Parachute/Parachute/evaChute' has no database record. Creating.
[LOG 18:33:28.646] [DragCubeSystem]: Drag cubes not found or cannot be read for part Part. Generating New drag cubes.
[LOG 18:33:28.646] [KSPCF/DragCubeGeneration] Creating drag cubes for part 'evaChute'
[LOG 18:33:28.650] PartLoader: Compiling Part 'Squad/Parts/Cargo/RepairKit/RepairKit/evaRepairKit'
[LOG 18:33:28.661] PartLoader: Part 'Squad/Parts/Cargo/RepairKit/RepairKit/evaRepairKit' has no database record. Creating.
[LOG 18:33:28.661] [DragCubeSystem]: Drag cubes not found or cannot be read for part Part. Generating New drag cubes.
[LOG 18:33:28.661] [KSPCF/DragCubeGeneration] Creating drag cubes for part 'evaRepairKit'
[LOG 18:33:28.666] PartLoader: Compiling Part 'Squad/Parts/Cargo/ScienceKit/evaScienceKit/evaScienceKit'
[LOG 18:33:28.669] PartLoader: Part 'Squad/Parts/Cargo/ScienceKit/evaScienceKit/evaScienceKit' has no database record. Creating.
[LOG 18:33:28.669] [DragCubeSystem]: Drag cubes not found or cannot be read for part Part. Generating New drag cubes.
[LOG 18:33:28.669] [KSPCF/DragCubeGeneration] Creating drag cubes for part 'evaScienceKit'
[LOG 18:33:28.673] PartLoader: Compiling Part 'Squad/Parts/Cargo/StorageUnits/CargoStorageUnit/CargoStorageUnit'
[WRN 18:33:28.675] [Part]: Cannot have ModuleCargoPart and ModuleInventoryPart on same Part [CargoStorageUnit'. Removed ModuleCargoPart
[LOG 18:33:28.678] PartLoader: Part 'Squad/Parts/Cargo/StorageUnits/CargoStorageUnit/CargoStorageUnit' has no database record. Creating.
[LOG 18:33:28.678] [DragCubeSystem]: Drag cubes not found or cannot be read for part Part. Generating New drag cubes.
[LOG 18:33:28.678] [KSPCF/DragCubeGeneration] Creating drag cubes for part 'CargoStorageUnit'
[LOG 18:33:28.683] PartLoader: Compiling Part 'Squad/Parts/Cargo/StorageUnits/ConformalStorageUnit/ConformalStorageUnit'
[WRN 18:33:28.685] [Part]: Cannot have ModuleCargoPart and ModuleInventoryPart on same Part [ConformalStorageUnit'. Removed ModuleCargoPart
[LOG 18:33:28.686] PartLoader: Part 'Squad/Parts/Cargo/StorageUnits/ConformalStorageUnit/ConformalStorageUnit' has no database record. Creating.
[LOG 18:33:28.686] [DragCubeSystem]: Drag cubes not found or cannot be read for part Part. Generating New drag cubes.
[LOG 18:33:28.687] [KSPCF/DragCubeGeneration] Creating drag cubes for part 'ConformalStorageUnit'
[LOG 18:33:28.691] PartLoader: Compiling Part 'Squad/Parts/Command/advancedSasModuleLarge/advSasModuleLarge/asasmodule1-2'
[LOG 18:33:28.698] PartLoader: Part 'Squad/Parts/Command/advancedSasModuleLarge/advSasModuleLarge/asasmodule1-2' has no database record. Creating.
[LOG 18:33:28.698] PartLoader: Compiling Part 'Squad/Parts/Command/cupola/cupola/cupola'
[LOG 18:33:28.723] PartLoader: Part 'Squad/Parts/Command/cupola/cupola/cupola' has no database record. Creating.
[LOG 18:33:28.723] [DragCubeSystem]: Drag cubes not found or cannot be read for part Part. Generating New drag cubes.
[LOG 18:33:28.724] [KSPCF/DragCubeGeneration] Creating drag cubes for part 'cupola'
[LOG 18:33:28.735] PartLoader: Compiling Part 'Squad/Parts/Command/externalCommandSeat/externalCommandSeat/seatExternalCmd'
[LOG 18:33:28.744] PartLoader: Part 'Squad/Parts/Command/externalCommandSeat/externalCommandSeat/seatExternalCmd' has no database record. Creating.
[LOG 18:33:28.745] [DragCubeSystem]: Drag cubes not found or cannot be read for part Part. Generating New drag cubes.
[LOG 18:33:28.745] [KSPCF/DragCubeGeneration] Creating drag cubes for part 'seatExternalCmd'
[LOG 18:33:28.749] PartLoader: Compiling Part 'Squad/Parts/Command/hitchhikerStorageContainer/hitchikerStorageContainer/crewCabin'
[LOG 18:33:28.757] PartLoader: Part 'Squad/Parts/Command/hitchhikerStorageContainer/hitchikerStorageContainer/crewCabin' has no database record. Creating.
[LOG 18:33:28.757] [DragCubeSystem]: Drag cubes not found or cannot be read for part Part. Generating New drag cubes.
[LOG 18:33:28.758] [KSPCF/DragCubeGeneration] Creating drag cubes for part 'crewCabin'
[LOG 18:33:28.764] PartLoader: Compiling Part 'Squad/Parts/Command/inlineAdvancedStabilizer/inlineAdvancedStabilizer/advSasModule'
[LOG 18:33:28.769] PartLoader: Part 'Squad/Parts/Command/inlineAdvancedStabilizer/inlineAdvancedStabilizer/advSasModule' has no database record. Creating.
[LOG 18:33:28.769] [DragCubeSystem]: Drag cubes not found or cannot be read for part Part. Generating New drag cubes.
[LOG 18:33:28.769] [KSPCF/DragCubeGeneration] Creating drag cubes for part 'advSasModule'
[LOG 18:33:28.774] PartLoader: Compiling Part 'Squad/Parts/Command/inlineReactionWheel/inlineReactionWheel/sasModule'
[LOG 18:33:28.779] PartLoader: Part 'Squad/Parts/Command/inlineReactionWheel/inlineReactionWheel/sasModule' has no database record. Creating.
[LOG 18:33:28.779] [DragCubeSystem]: Drag cubes not found or cannot be read for part Part. Generating New drag cubes.
[LOG 18:33:28.779] [KSPCF/DragCubeGeneration] Creating drag cubes for part 'sasModule'
[LOG 18:33:28.784] PartLoader: Compiling Part 'Squad/Parts/Command/Mk1-3Pod/mk1-3/mk1-3pod'
[LOG 18:33:28.809] PartLoader: Part 'Squad/Parts/Command/Mk1-3Pod/mk1-3/mk1-3pod' has no database record. Creating.
[LOG 18:33:28.809] [DragCubeSystem]: Drag cubes not found or cannot be read for part Part. Generating New drag cubes.
[LOG 18:33:28.809] [KSPCF/DragCubeGeneration] Creating drag cubes for part 'mk1-3pod'
[LOG 18:33:28.817] PartLoader: Compiling Part 'Squad/Parts/Command/mk1Cockpits/mk1Cockpit/Mark1Cockpit'
[WRN 18:33:28.821] [Part]: Cannot have ModuleCargoPart and ModuleInventoryPart on same Part [Mark1Cockpit'. Removed ModuleCargoPart
[LOG 18:33:28.827] PartLoader: Part 'Squad/Parts/Command/mk1Cockpits/mk1Cockpit/Mark1Cockpit' has no database record. Creating.
[LOG 18:33:28.827] [DragCubeSystem]: Drag cubes not found or cannot be read for part Part. Generating New drag cubes.
[LOG 18:33:28.827] [KSPCF/DragCubeGeneration] Creating drag cubes for part 'Mark1Cockpit'
[LOG 18:33:28.834] PartLoader: Compiling Part 'Squad/Parts/Command/mk1Cockpits/mk1CrewCabin/MK1CrewCabin'
[WRN 18:33:28.838] [Part]: Cannot have ModuleCargoPart and ModuleInventoryPart on same Part [MK1CrewCabin'. Removed ModuleCargoPart
[LOG 18:33:28.843] PartLoader: Part 'Squad/Parts/Command/mk1Cockpits/mk1CrewCabin/MK1CrewCabin' has no database record. Creating.
[LOG 18:33:28.843] [DragCubeSystem]: Drag cubes not found or cannot be read for part Part. Generating New drag cubes.
[LOG 18:33:28.843] [KSPCF/DragCubeGeneration] Creating drag cubes for part 'MK1CrewCabin'
[LOG 18:33:28.849] PartLoader: Compiling Part 'Squad/Parts/Command/mk1Cockpits/mk1InlineCockpit/Mark2Cockpit'
[WRN 18:33:28.854] [Part]: Cannot have ModuleCargoPart and ModuleInventoryPart on same Part [Mark2Cockpit'. Removed ModuleCargoPart
[LOG 18:33:28.858] PartLoader: Part 'Squad/Parts/Command/mk1Cockpits/mk1InlineCockpit/Mark2Cockpit' has no database record. Creating.
[LOG 18:33:28.858] [DragCubeSystem]: Drag cubes not found or cannot be read for part Part. Generating New drag cubes.
[LOG 18:33:28.858] [KSPCF/DragCubeGeneration] Creating drag cubes for part 'Mark2Cockpit'
[LOG 18:33:28.864] PartLoader: Compiling Part 'Squad/Parts/Command/mk1LanderCan/mk1LanderCan/landerCabinSmall'
[WRN 18:33:28.868] [Part]: Cannot have ModuleCargoPart and ModuleInventoryPart on same Part [landerCabinSmall'. Removed ModuleCargoPart
[LOG 18:33:28.873] PartLoader: Part 'Squad/Parts/Command/mk1LanderCan/mk1LanderCan/landerCabinSmall' has no database record. Creating.
[LOG 18:33:28.873] [DragCubeSystem]: Drag cubes not found or cannot be read for part Part. Generating New drag cubes.
[LOG 18:33:28.873] [KSPCF/DragCubeGeneration] Creating drag cubes for part 'landerCabinSmall'
[LOG 18:33:28.880] PartLoader: Compiling Part 'Squad/Parts/Command/mk1pod_v2/mk1Pod_v2/mk1pod_v2'
[WRN 18:33:28.886] [Part]: Cannot have ModuleCargoPart and ModuleInventoryPart on same Part [mk1pod.v2'. Removed ModuleCargoPart
[LOG 18:33:28.892] PartLoader: Part 'Squad/Parts/Command/mk1pod_v2/mk1Pod_v2/mk1pod_v2' has no database record. Creating.
[LOG 18:33:28.892] [DragCubeSystem]: Drag cubes not found or cannot be read for part Part. Generating New drag cubes.
[LOG 18:33:28.892] [KSPCF/DragCubeGeneration] Creating drag cubes for part 'mk1pod.v2'
[LOG 18:33:28.898] PartLoader: Compiling Part 'Squad/Parts/Command/mk2CockpitInline/mk2CockpitInline/mk2Cockpit_Inline'
[WRN 18:33:28.902] [Part]: Cannot have ModuleCargoPart and ModuleInventoryPart on same Part [mk2Cockpit.Inline'. Removed ModuleCargoPart
[LOG 18:33:28.906] PartLoader: Part 'Squad/Parts/Command/mk2CockpitInline/mk2CockpitInline/mk2Cockpit_Inline' has no database record. Creating.
[LOG 18:33:28.906] [DragCubeSystem]: Drag cubes not found or cannot be read for part Part. Generating New drag cubes.
[LOG 18:33:28.906] [KSPCF/DragCubeGeneration] Creating drag cubes for part 'mk2Cockpit.Inline'
[LOG 18:33:28.913] PartLoader: Compiling Part 'Squad/Parts/Command/mk2CockpitStandard/mk2CockpitStandard/mk2Cockpit_Standard'
[WRN 18:33:28.922] [Part]: Cannot have ModuleCargoPart and ModuleInventoryPart on same Part [mk2Cockpit.Standard'. Removed ModuleCargoPart
[LOG 18:33:28.926] PartLoader: Part 'Squad/Parts/Command/mk2CockpitStandard/mk2CockpitStandard/mk2Cockpit_Standard' has no database record. Creating.
[LOG 18:33:28.926] [DragCubeSystem]: Drag cubes not found or cannot be read for part Part. Generating New drag cubes.
[LOG 18:33:28.926] [KSPCF/DragCubeGeneration] Creating drag cubes for part 'mk2Cockpit.Standard'
[LOG 18:33:28.932] PartLoader: Compiling Part 'Squad/Parts/Command/mk2DroneCore/mk2Dronecore/mk2DroneCore'
[LOG 18:33:28.939] PartLoader: Part 'Squad/Parts/Command/mk2DroneCore/mk2Dronecore/mk2DroneCore' has no database record. Creating.
[LOG 18:33:28.939] PartLoader: Compiling Part 'Squad/Parts/Command/mk2LanderCan/mk2LanderCan/mk2LanderCabin'
[WRN 18:33:28.943] [Part]: Cannot have ModuleCargoPart and ModuleInventoryPart on same Part [mk2LanderCabin'. Removed ModuleCargoPart
[LOG 18:33:28.946] PartLoader: Part 'Squad/Parts/Command/mk2LanderCan/mk2LanderCan/mk2LanderCabin' has no database record. Creating.
[LOG 18:33:28.946] [DragCubeSystem]: Drag cubes not found or cannot be read for part Part. Generating New drag cubes.
[LOG 18:33:28.946] [KSPCF/DragCubeGeneration] Creating drag cubes for part 'mk2LanderCabin'
[LOG 18:33:28.952] PartLoader: Compiling Part 'Squad/Parts/Command/mk2LanderCan_v2/mk2LanderCan_v2/mk2LanderCabin_v2'
[WRN 18:33:28.957] [Part]: Cannot have ModuleCargoPart and ModuleInventoryPart on same Part [mk2LanderCabin.v2'. Removed ModuleCargoPart
[LOG 18:33:28.965] PartLoader: Part 'Squad/Parts/Command/mk2LanderCan_v2/mk2LanderCan_v2/mk2LanderCabin_v2' has no database record. Creating.
[LOG 18:33:28.965] [DragCubeSystem]: Drag cubes not found or cannot be read for part Part. Generating New drag cubes.
[LOG 18:33:28.965] [KSPCF/DragCubeGeneration] Creating drag cubes for part 'mk2LanderCabin.v2'
[LOG 18:33:28.971] PartLoader: Compiling Part 'Squad/Parts/Command/mk3CockpitShuttle/mk3CockpitShuttle/mk3Cockpit_Shuttle'
[LOG 18:33:28.981] PartLoader: Part 'Squad/Parts/Command/mk3CockpitShuttle/mk3CockpitShuttle/mk3Cockpit_Shuttle' has no database record. Creating.
[LOG 18:33:28.981] [DragCubeSystem]: Drag cubes not found or cannot be read for part Part. Generating New drag cubes.
[LOG 18:33:28.981] [KSPCF/DragCubeGeneration] Creating drag cubes for part 'mk3Cockpit.Shuttle'
[LOG 18:33:28.987] PartLoader: Compiling Part 'Squad/Parts/Command/MpoProbe/MpoProbe/MpoProbe'
[LOG 18:33:29.000] PartLoader: Part 'Squad/Parts/Command/MpoProbe/MpoProbe/MpoProbe' has no database record. Creating.
[LOG 18:33:29.001] [DragCubeSystem]: Drag cubes not found or cannot be read for part Part. Generating New drag cubes.
[LOG 18:33:29.001] [KSPCF/DragCubeGeneration] Creating drag cubes for part 'MpoProbe'
[LOG 18:33:29.007] PartLoader: Compiling Part 'Squad/Parts/Command/MtmStage/MTM_Stage/MtmStage'
[LOG 18:33:29.025] PartLoader: Part 'Squad/Parts/Command/MtmStage/MTM_Stage/MtmStage' has no database record. Creating.
[LOG 18:33:29.025] [DragCubeSystem]: Drag cubes not found or cannot be read for part Part. Generating New drag cubes.
[LOG 18:33:29.025] [KSPCF/DragCubeGeneration] Creating drag cubes for part 'MtmStage'
[LOG 18:33:29.032] PartLoader: Compiling Part 'Squad/Parts/Command/probeCoreCube/probeCoreCube/probeCoreCube'
[LOG 18:33:29.040] PartLoader: Part 'Squad/Parts/Command/probeCoreCube/probeCoreCube/probeCoreCube' has no database record. Creating.
[LOG 18:33:29.041] PartLoader: Compiling Part 'Squad/Parts/Command/probeCoreHex/probeCoreHex/probeCoreHex'
[LOG 18:33:29.047] PartLoader: Part 'Squad/Parts/Command/probeCoreHex/probeCoreHex/probeCoreHex' has no database record. Creating.
[LOG 18:33:29.047] [DragCubeSystem]: Drag cubes not found or cannot be read for part Part. Generating New drag cubes.
[LOG 18:33:29.047] [KSPCF/DragCubeGeneration] Creating drag cubes for part 'probeCoreHex'
[LOG 18:33:29.052] PartLoader: Compiling Part 'Squad/Parts/Command/probeCoreHex_v2/probeCoreHex_v2/probeCoreHex_v2'
[LOG 18:33:29.061] PartLoader: Part 'Squad/Parts/Command/probeCoreHex_v2/probeCoreHex_v2/probeCoreHex_v2' has no database record. Creating.
[LOG 18:33:29.061] [DragCubeSystem]: Drag cubes not found or cannot be read for part Part. Generating New drag cubes.
[LOG 18:33:29.061] [KSPCF/DragCubeGeneration] Creating drag cubes for part 'probeCoreHex.v2'
[LOG 18:33:29.068] PartLoader: Compiling Part 'Squad/Parts/Command/probeCoreOcto2_v2/probeCoreOcto2_v2/probeCoreOcto2_v2'
[LOG 18:33:29.077] PartLoader: Part 'Squad/Parts/Command/probeCoreOcto2_v2/probeCoreOcto2_v2/probeCoreOcto2_v2' has no database record. Creating.
[LOG 18:33:29.077] [DragCubeSystem]: Drag cubes not found or cannot be read for part Part. Generating New drag cubes.
[LOG 18:33:29.077] [KSPCF/DragCubeGeneration] Creating drag cubes for part 'probeCoreOcto2.v2'
[LOG 18:33:29.085] PartLoader: Compiling Part 'Squad/Parts/Command/probeCoreOcto_v2/probeCoreOcto_v2/probeCoreOcto_v2'
[LOG 18:33:29.094] PartLoader: Part 'Squad/Parts/Command/probeCoreOcto_v2/probeCoreOcto_v2/probeCoreOcto_v2' has no database record. Creating.
[LOG 18:33:29.094] [DragCubeSystem]: Drag cubes not found or cannot be read for part Part. Generating New drag cubes.
[LOG 18:33:29.094] [KSPCF/DragCubeGeneration] Creating drag cubes for part 'probeCoreOcto.v2'
[LOG 18:33:29.101] PartLoader: Compiling Part 'Squad/Parts/Command/probeRoverBody/probeRoverBody/roverBody'
[LOG 18:33:29.109] PartLoader: Part 'Squad/Parts/Command/probeRoverBody/probeRoverBody/roverBody' has no database record. Creating.
[LOG 18:33:29.110] [DragCubeSystem]: Drag cubes not found or cannot be read for part Part. Generating New drag cubes.
[LOG 18:33:29.110] [KSPCF/DragCubeGeneration] Creating drag cubes for part 'roverBody'
[LOG 18:33:29.116] PartLoader: Compiling Part 'Squad/Parts/Command/probeRoverBody_v2/probeRoverBody_v2/roverBody_v2'
[LOG 18:33:29.125] PartLoader: Part 'Squad/Parts/Command/probeRoverBody_v2/probeRoverBody_v2/roverBody_v2' has no database record. Creating.
[LOG 18:33:29.125] [DragCubeSystem]: Drag cubes not found or cannot be read for part Part. Generating New drag cubes.
[LOG 18:33:29.125] [KSPCF/DragCubeGeneration] Creating drag cubes for part 'roverBody.v2'
[LOG 18:33:29.147] PartLoader: Compiling Part 'Squad/Parts/Command/probeStackLarge/probeStackLarge/probeStackLarge'
[LOG 18:33:29.159] PartLoader: Part 'Squad/Parts/Command/probeStackLarge/probeStackLarge/probeStackLarge' has no database record. Creating.
[LOG 18:33:29.159] [DragCubeSystem]: Drag cubes not found or cannot be read for part Part. Generating New drag cubes.
[LOG 18:33:29.159] [KSPCF/DragCubeGeneration] Creating drag cubes for part 'probeStackLarge'
[LOG 18:33:29.165] PartLoader: Compiling Part 'Squad/Parts/Command/probeStackSmall/probeStackSmall/probeStackSmall'
[LOG 18:33:29.172] PartLoader: Part 'Squad/Parts/Command/probeStackSmall/probeStackSmall/probeStackSmall' has no database record. Creating.
[LOG 18:33:29.172] [DragCubeSystem]: Drag cubes not found or cannot be read for part Part. Generating New drag cubes.
[LOG 18:33:29.172] [KSPCF/DragCubeGeneration] Creating drag cubes for part 'probeStackSmall'
[LOG 18:33:29.179] PartLoader: Compiling Part 'Squad/Parts/Command/probeStackSphere_v2/probeStackSphere_v2/probeCoreSphere_v2'
[LOG 18:33:29.185] PartLoader: Part 'Squad/Parts/Command/probeStackSphere_v2/probeStackSphere_v2/probeCoreSphere_v2' has no database record. Creating.
[LOG 18:33:29.186] PartLoader: Compiling Part 'Squad/Parts/CompoundParts/FuelLine/fuelLine/fuelLine'
[LOG 18:33:29.214] PartLoader: Part 'Squad/Parts/CompoundParts/FuelLine/fuelLine/fuelLine' has no database record. Creating.
[LOG 18:33:29.214] [DragCubeSystem]: Drag cubes not found or cannot be read for part CompoundPart. Generating New drag cubes.
[LOG 18:33:29.214] [KSPCF/DragCubeGeneration] Creating drag cubes for part 'fuelLine'
[LOG 18:33:29.219] PartLoader: Compiling Part 'Squad/Parts/CompoundParts/strutConnector/strutConnector/strutConnector'
[LOG 18:33:29.227] PartLoader: Part 'Squad/Parts/CompoundParts/strutConnector/strutConnector/strutConnector' has no database record. Creating.
[LOG 18:33:29.227] [DragCubeSystem]: Drag cubes not found or cannot be read for part CompoundPart. Generating New drag cubes.
[LOG 18:33:29.227] [KSPCF/DragCubeGeneration] Creating drag cubes for part 'strutConnector'
[LOG 18:33:29.232] PartLoader: Compiling Part 'Squad/Parts/Coupling/Decoupler_0/Decoupler_0'
[LOG 18:33:29.241] PartLoader: Part 'Squad/Parts/Coupling/Decoupler_0/Decoupler_0' has no database record. Creating.
[LOG 18:33:29.242] PartLoader: Compiling Part 'Squad/Parts/Coupling/Decoupler_1/Decoupler_1'
[LOG 18:33:29.249] PartLoader: Part 'Squad/Parts/Coupling/Decoupler_1/Decoupler_1' has no database record. Creating.
[LOG 18:33:29.250] PartLoader: Compiling Part 'Squad/Parts/Coupling/Decoupler_2/Decoupler_2'
[LOG 18:33:29.257] PartLoader: Part 'Squad/Parts/Coupling/Decoupler_2/Decoupler_2' has no database record. Creating.
[LOG 18:33:29.258] PartLoader: Compiling Part 'Squad/Parts/Coupling/Decoupler_3/Decoupler_3'
[LOG 18:33:29.262] PartLoader: Part 'Squad/Parts/Coupling/Decoupler_3/Decoupler_3' has no database record. Creating.
[LOG 18:33:29.263] PartLoader: Compiling Part 'Squad/Parts/Coupling/Separator_0/Separator_0'
[LOG 18:33:29.268] PartLoader: Part 'Squad/Parts/Coupling/Separator_0/Separator_0' has no database record. Creating.
[LOG 18:33:29.268] PartLoader: Compiling Part 'Squad/Parts/Coupling/Separator_1/Separator_1'
[LOG 18:33:29.274] PartLoader: Part 'Squad/Parts/Coupling/Separator_1/Separator_1' has no database record. Creating.
[LOG 18:33:29.274] PartLoader: Compiling Part 'Squad/Parts/Coupling/Separator_2/Separator_2'
[LOG 18:33:29.279] PartLoader: Part 'Squad/Parts/Coupling/Separator_2/Separator_2' has no database record. Creating.
[LOG 18:33:29.280] PartLoader: Compiling Part 'Squad/Parts/Coupling/Separator_3/Separator_3'
[LOG 18:33:29.284] PartLoader: Part 'Squad/Parts/Coupling/Separator_3/Separator_3' has no database record. Creating.
[LOG 18:33:29.284] PartLoader: Compiling Part 'Squad/Parts/Electrical/10CSolarPanels/OX-10C/solarPanelOX10C'
[LOG 18:33:29.295] PartLoader: Part 'Squad/Parts/Electrical/10CSolarPanels/OX-10C/solarPanelOX10C' has no database record. Creating.
[LOG 18:33:29.295] [DragCubeSystem]: Drag cubes not found or cannot be read for part Part. Generating New drag cubes.
[LOG 18:33:29.295] [KSPCF/DragCubeGeneration] Creating drag cubes for part 'solarPanelOX10C'
[LOG 18:33:29.313] PartLoader: Compiling Part 'Squad/Parts/Electrical/10CSolarPanels/SP-10C/solarPanelSP10C'
[LOG 18:33:29.321] PartLoader: Part 'Squad/Parts/Electrical/10CSolarPanels/SP-10C/solarPanelSP10C' has no database record. Creating.
[LOG 18:33:29.321] [DragCubeSystem]: Drag cubes not found or cannot be read for part Part. Generating New drag cubes.
[LOG 18:33:29.321] [KSPCF/DragCubeGeneration] Creating drag cubes for part 'solarPanelSP10C'
[LOG 18:33:29.339] PartLoader: Compiling Part 'Squad/Parts/Electrical/10LSolarPanels/OX-10L/solarPanelOX10L'
[LOG 18:33:29.345] PartLoader: Part 'Squad/Parts/Electrical/10LSolarPanels/OX-10L/solarPanelOX10L' has no database record. Creating.
[LOG 18:33:29.345] [DragCubeSystem]: Drag cubes not found or cannot be read for part Part. Generating New drag cubes.
[LOG 18:33:29.345] [KSPCF/DragCubeGeneration] Creating drag cubes for part 'solarPanelOX10L'
[LOG 18:33:29.362] PartLoader: Compiling Part 'Squad/Parts/Electrical/10LSolarPanels/SP-10L/solarPanelSP10L'
[LOG 18:33:29.366] PartLoader: Part 'Squad/Parts/Electrical/10LSolarPanels/SP-10L/solarPanelSP10L' has no database record. Creating.
[LOG 18:33:29.366] [DragCubeSystem]: Drag cubes not found or cannot be read for part Part. Generating New drag cubes.
[LOG 18:33:29.366] [KSPCF/DragCubeGeneration] Creating drag cubes for part 'solarPanelSP10L'
[LOG 18:33:29.383] PartLoader: Compiling Part 'Squad/Parts/Electrical/1x6ShroudSolarPanels/1x6ShroudSolarPanels/solarPanels2'
[LOG 18:33:29.388] PartLoader: Part 'Squad/Parts/Electrical/1x6ShroudSolarPanels/1x6ShroudSolarPanels/solarPanels2' has no database record. Creating.
[LOG 18:33:29.388] [DragCubeSystem]: Drag cubes not found or cannot be read for part Part. Generating New drag cubes.
[LOG 18:33:29.388] [KSPCF/DragCubeGeneration] Creating drag cubes for part 'solarPanels2'
[LOG 18:33:29.405] PartLoader: Compiling Part 'Squad/Parts/Electrical/1x6SolarPanels/1x6SolarPanels/solarPanels4'
[LOG 18:33:29.409] PartLoader: Part 'Squad/Parts/Electrical/1x6SolarPanels/1x6SolarPanels/solarPanels4' has no database record. Creating.
[LOG 18:33:29.409] [DragCubeSystem]: Drag cubes not found or cannot be read for part Part. Generating New drag cubes.
[LOG 18:33:29.409] [KSPCF/DragCubeGeneration] Creating drag cubes for part 'solarPanels4'
[LOG 18:33:29.425] PartLoader: Compiling Part 'Squad/Parts/Electrical/3x2ShroudSolarPanels/3x2ShroudSolarPanels/solarPanels1'
[LOG 18:33:29.430] PartLoader: Part 'Squad/Parts/Electrical/3x2ShroudSolarPanels/3x2ShroudSolarPanels/solarPanels1' has no database record. Creating.
[LOG 18:33:29.430] [DragCubeSystem]: Drag cubes not found or cannot be read for part Part. Generating New drag cubes.
[LOG 18:33:29.430] [KSPCF/DragCubeGeneration] Creating drag cubes for part 'solarPanels1'
[LOG 18:33:29.447] PartLoader: Compiling Part 'Squad/Parts/Electrical/3x2SolarPanels/3x2SolarPanels/solarPanels3'
[LOG 18:33:29.453] PartLoader: Part 'Squad/Parts/Electrical/3x2SolarPanels/3x2SolarPanels/solarPanels3' has no database record. Creating.
[LOG 18:33:29.453] [DragCubeSystem]: Drag cubes not found or cannot be read for part Part. Generating New drag cubes.
[LOG 18:33:29.453] [KSPCF/DragCubeGeneration] Creating drag cubes for part 'solarPanels3'
[LOG 18:33:29.468] PartLoader: Compiling Part 'Squad/Parts/Electrical/gigantorXlSolarArray/gigantorXlSolarArray/largeSolarPanel'
[LOG 18:33:29.474] PartLoader: Part 'Squad/Parts/Electrical/gigantorXlSolarArray/gigantorXlSolarArray/largeSolarPanel' has no database record. Creating.
[LOG 18:33:29.474] [DragCubeSystem]: Drag cubes not found or cannot be read for part Part. Generating New drag cubes.
[LOG 18:33:29.474] [KSPCF/DragCubeGeneration] Creating drag cubes for part 'largeSolarPanel'
[LOG 18:33:29.489] PartLoader: Compiling Part 'Squad/Parts/Electrical/radialFlatSolarPanel/radialFlatSolarPanel/solarPanels5'
[LOG 18:33:29.493] PartLoader: Part 'Squad/Parts/Electrical/radialFlatSolarPanel/radialFlatSolarPanel/solarPanels5' has no database record. Creating.
[LOG 18:33:29.493] [DragCubeSystem]: Drag cubes not found or cannot be read for part Part. Generating New drag cubes.
[LOG 18:33:29.493] [KSPCF/DragCubeGeneration] Creating drag cubes for part 'solarPanels5'
[LOG 18:33:29.500] PartLoader: Compiling Part 'Squad/Parts/Electrical/RTG/RTG/rtg'
[LOG 18:33:29.511] PartLoader: Part 'Squad/Parts/Electrical/RTG/RTG/rtg' has no database record. Creating.
[LOG 18:33:29.511] [DragCubeSystem]: Drag cubes not found or cannot be read for part Part. Generating New drag cubes.
[LOG 18:33:29.511] [KSPCF/DragCubeGeneration] Creating drag cubes for part 'rtg'
[LOG 18:33:29.517] PartLoader: Compiling Part 'Squad/Parts/Electrical/z-100Battery/z-100Battery/batteryPack'
[LOG 18:33:29.520] PartLoader: Part 'Squad/Parts/Electrical/z-100Battery/z-100Battery/batteryPack' has no database record. Creating.
[LOG 18:33:29.521] [DragCubeSystem]: Drag cubes not found or cannot be read for part Part. Generating New drag cubes.
[LOG 18:33:29.521] [KSPCF/DragCubeGeneration] Creating drag cubes for part 'batteryPack'
[LOG 18:33:29.525] PartLoader: Compiling Part 'Squad/Parts/Electrical/z-1kBattery/z-1kBattery/batteryBank'
[LOG 18:33:29.530] PartLoader: Part 'Squad/Parts/Electrical/z-1kBattery/z-1kBattery/batteryBank' has no database record. Creating.
[LOG 18:33:29.530] [DragCubeSystem]: Drag cubes not found or cannot be read for part Part. Generating New drag cubes.
[LOG 18:33:29.530] [KSPCF/DragCubeGeneration] Creating drag cubes for part 'batteryBank'
[LOG 18:33:29.534] PartLoader: Compiling Part 'Squad/Parts/Electrical/z-200Battery/z-200Battery/batteryBankMini'
[LOG 18:33:29.537] PartLoader: Part 'Squad/Parts/Electrical/z-200Battery/z-200Battery/batteryBankMini' has no database record. Creating.
[LOG 18:33:29.537] [DragCubeSystem]: Drag cubes not found or cannot be read for part Part. Generating New drag cubes.
[LOG 18:33:29.537] [KSPCF/DragCubeGeneration] Creating drag cubes for part 'batteryBankMini'
[LOG 18:33:29.542] PartLoader: Compiling Part 'Squad/Parts/Electrical/z-400Battery/z-400Battery/ksp_r_largeBatteryPack'
[LOG 18:33:29.546] PartLoader: Part 'Squad/Parts/Electrical/z-400Battery/z-400Battery/ksp_r_largeBatteryPack' has no database record. Creating.
[LOG 18:33:29.546] [DragCubeSystem]: Drag cubes not found or cannot be read for part Part. Generating New drag cubes.
[LOG 18:33:29.546] [KSPCF/DragCubeGeneration] Creating drag cubes for part 'ksp.r.largeBatteryPack'
[LOG 18:33:29.550] PartLoader: Compiling Part 'Squad/Parts/Electrical/z-4kBattery/z-4kBattery/batteryBankLarge'
[LOG 18:33:29.553] PartLoader: Part 'Squad/Parts/Electrical/z-4kBattery/z-4kBattery/batteryBankLarge' has no database record. Creating.
[LOG 18:33:29.553] [DragCubeSystem]: Drag cubes not found or cannot be read for part Part. Generating New drag cubes.
[LOG 18:33:29.553] [KSPCF/DragCubeGeneration] Creating drag cubes for part 'batteryBankLarge'
[LOG 18:33:29.558] PartLoader: Compiling Part 'Squad/Parts/Engine/ionEngine/ionEngine/ionEngine'
[LOG 18:33:29.585] PartLoader: Part 'Squad/Parts/Engine/ionEngine/ionEngine/ionEngine' has no database record. Creating.
[LOG 18:33:29.585] [DragCubeSystem]: Drag cubes not found or cannot be read for part Part. Generating New drag cubes.
[LOG 18:33:29.585] [KSPCF/DragCubeGeneration] Creating drag cubes for part 'ionEngine'
[LOG 18:33:29.592] PartLoader: Compiling Part 'Squad/Parts/Engine/jetEngines/jetEngineAfterburning/turboJet'
[LOG 18:33:29.627] PartLoader: Part 'Squad/Parts/Engine/jetEngines/jetEngineAfterburning/turboJet' has no database record. Creating.
[LOG 18:33:29.627] [DragCubeSystem]: Drag cubes not found or cannot be read for part Part. Generating New drag cubes.
[LOG 18:33:29.627] [KSPCF/DragCubeGeneration] Creating drag cubes for part 'turboJet'
[LOG 18:33:29.635] PartLoader: Compiling Part 'Squad/Parts/Engine/jetEngines/jetEngineBasic/JetEngine'
[LOG 18:33:29.643] PartLoader: Part 'Squad/Parts/Engine/jetEngines/jetEngineBasic/JetEngine' has no database record. Creating.
[LOG 18:33:29.643] [DragCubeSystem]: Drag cubes not found or cannot be read for part Part. Generating New drag cubes.
[LOG 18:33:29.643] [KSPCF/DragCubeGeneration] Creating drag cubes for part 'JetEngine'
[LOG 18:33:29.657] PartLoader: Compiling Part 'Squad/Parts/Engine/jetEngines/jetEngineBig/turboFanSize2'
[LOG 18:33:29.673] PartLoader: Part 'Squad/Parts/Engine/jetEngines/jetEngineBig/turboFanSize2' has no database record. Creating.
[LOG 18:33:29.673] [DragCubeSystem]: Drag cubes not found or cannot be read for part Part. Generating New drag cubes.
[LOG 18:33:29.673] [KSPCF/DragCubeGeneration] Creating drag cubes for part 'turboFanSize2'
[LOG 18:33:29.690] PartLoader: Compiling Part 'Squad/Parts/Engine/jetEngines/jetEngineTurbo/turboFanEngine'
[LOG 18:33:29.699] PartLoader: Part 'Squad/Parts/Engine/jetEngines/jetEngineTurbo/turboFanEngine' has no database record. Creating.
[LOG 18:33:29.699] [DragCubeSystem]: Drag cubes not found or cannot be read for part Part. Generating New drag cubes.
[LOG 18:33:29.699] [KSPCF/DragCubeGeneration] Creating drag cubes for part 'turboFanEngine'
[LOG 18:33:29.706] PartLoader: Compiling Part 'Squad/Parts/Engine/liquidEngine24-77/liquidEngine24-77/smallRadialEngine'
[LOG 18:33:29.712] PartLoader: Part 'Squad/Parts/Engine/liquidEngine24-77/liquidEngine24-77/smallRadialEngine' has no database record. Creating.
[LOG 18:33:29.712] [DragCubeSystem]: Drag cubes not found or cannot be read for part Part. Generating New drag cubes.
[LOG 18:33:29.712] [KSPCF/DragCubeGeneration] Creating drag cubes for part 'smallRadialEngine'
[LOG 18:33:29.718] PartLoader: Compiling Part 'Squad/Parts/Engine/liquidEngine24-77_v2/liquidEngine24-77_v2/smallRadialEngine_v2'
[LOG 18:33:29.726] PartLoader: Part 'Squad/Parts/Engine/liquidEngine24-77_v2/liquidEngine24-77_v2/smallRadialEngine_v2' has no database record. Creating.
[LOG 18:33:29.726] [DragCubeSystem]: Drag cubes not found or cannot be read for part Part. Generating New drag cubes.
[LOG 18:33:29.726] [KSPCF/DragCubeGeneration] Creating drag cubes for part 'smallRadialEngine.v2'
[LOG 18:33:29.733] PartLoader: Compiling Part 'Squad/Parts/Engine/liquidEngine48-7S_v2/liquidEngine48-7S_v2/liquidEngineMini_v2'
[LOG 18:33:29.743] PartLoader: Part 'Squad/Parts/Engine/liquidEngine48-7S_v2/liquidEngine48-7S_v2/liquidEngineMini_v2' has no database record. Creating.
[LOG 18:33:29.743] [DragCubeSystem]: Drag cubes not found or cannot be read for part Part. Generating New drag cubes.
[LOG 18:33:29.743] [KSPCF/DragCubeGeneration] Creating drag cubes for part 'liquidEngineMini.v2'
[LOG 18:33:29.773] PartLoader: Compiling Part 'Squad/Parts/Engine/liquidEngineAerospike/liquidEngineAerospike/toroidalAerospike'
[LOG 18:33:29.788] PartLoader: Part 'Squad/Parts/Engine/liquidEngineAerospike/liquidEngineAerospike/toroidalAerospike' has no database record. Creating.
[LOG 18:33:29.788] [DragCubeSystem]: Drag cubes not found or cannot be read for part Part. Generating New drag cubes.
[LOG 18:33:29.788] [KSPCF/DragCubeGeneration] Creating drag cubes for part 'toroidalAerospike'
[LOG 18:33:29.802] PartLoader: Compiling Part 'Squad/Parts/Engine/liquidEngineLV-1_v2/liquidEngineLV-1R _v2/radialEngineMini_v2'
[LOG 18:33:29.810] PartLoader: Part 'Squad/Parts/Engine/liquidEngineLV-1_v2/liquidEngineLV-1R _v2/radialEngineMini_v2' has no database record. Creating.
[LOG 18:33:29.810] [DragCubeSystem]: Drag cubes not found or cannot be read for part Part. Generating New drag cubes.
[LOG 18:33:29.810] [KSPCF/DragCubeGeneration] Creating drag cubes for part 'radialEngineMini.v2'
[LOG 18:33:29.823] PartLoader: Compiling Part 'Squad/Parts/Engine/liquidEngineLV-1_v2/liquidEngineLV-1_v2/microEngine_v2'
[LOG 18:33:29.829] PartLoader: Part 'Squad/Parts/Engine/liquidEngineLV-1_v2/liquidEngineLV-1_v2/microEngine_v2' has no database record. Creating.
[LOG 18:33:29.829] [DragCubeSystem]: Drag cubes not found or cannot be read for part Part. Generating New drag cubes.
[LOG 18:33:29.829] [KSPCF/DragCubeGeneration] Creating drag cubes for part 'microEngine.v2'
[LOG 18:33:29.842] PartLoader: Compiling Part 'Squad/Parts/Engine/liquidEngineLV-909_v2/liquidEngineLV-909_v2/liquidEngine3_v2'
[LOG 18:33:29.851] PartLoader: Part 'Squad/Parts/Engine/liquidEngineLV-909_v2/liquidEngineLV-909_v2/liquidEngine3_v2' has no database record. Creating.
[LOG 18:33:29.851] [DragCubeSystem]: Drag cubes not found or cannot be read for part Part. Generating New drag cubes.
[LOG 18:33:29.851] [KSPCF/DragCubeGeneration] Creating drag cubes for part 'liquidEngine3.v2'
[LOG 18:33:29.877] PartLoader: Compiling Part 'Squad/Parts/Engine/liquidEngineLV-N/liquidEngineLV-N/nuclearEngine'
[LOG 18:33:29.884] PartLoader: Part 'Squad/Parts/Engine/liquidEngineLV-N/liquidEngineLV-N/nuclearEngine' has no database record. Creating.
[LOG 18:33:29.884] [DragCubeSystem]: Drag cubes not found or cannot be read for part Part. Generating New drag cubes.
[LOG 18:33:29.884] [KSPCF/DragCubeGeneration] Part 'nuclearEngine' has defined a procedural drag cube setup
[LOG 18:33:29.885] PartLoader: Compiling Part 'Squad/Parts/Engine/liquidEngineLV-T30/liquidEngineLV-T30/liquidEngine'
[LOG 18:33:29.891] PartLoader: Part 'Squad/Parts/Engine/liquidEngineLV-T30/liquidEngineLV-T30/liquidEngine' has no database record. Creating.
[LOG 18:33:29.891] [DragCubeSystem]: Drag cubes not found or cannot be read for part Part. Generating New drag cubes.
[LOG 18:33:29.891] [KSPCF/DragCubeGeneration] Creating drag cubes for part 'liquidEngine'
[LOG 18:33:29.904] PartLoader: Compiling Part 'Squad/Parts/Engine/liquidEngineLV-T30_v2/liquidEngineLV-T30_v2/liquidEngine_v2'
[LOG 18:33:29.911] PartLoader: Part 'Squad/Parts/Engine/liquidEngineLV-T30_v2/liquidEngineLV-T30_v2/liquidEngine_v2' has no database record. Creating.
[LOG 18:33:29.912] PartLoader: Compiling Part 'Squad/Parts/Engine/liquidEngineLV-T45/liquidEngineLV-T45/liquidEngine2'
[LOG 18:33:29.920] PartLoader: Part 'Squad/Parts/Engine/liquidEngineLV-T45/liquidEngineLV-T45/liquidEngine2' has no database record. Creating.
[LOG 18:33:29.920] [DragCubeSystem]: Drag cubes not found or cannot be read for part Part. Generating New drag cubes.
[LOG 18:33:29.920] [KSPCF/DragCubeGeneration] Creating drag cubes for part 'liquidEngine2'
[LOG 18:33:29.934] PartLoader: Compiling Part 'Squad/Parts/Engine/liquidEngineLV-T45_v2/liquidEngineLV-T45_v2/liquidEngine2_v2'
[LOG 18:33:29.943] PartLoader: Part 'Squad/Parts/Engine/liquidEngineLV-T45_v2/liquidEngineLV-T45_v2/liquidEngine2_v2' has no database record. Creating.
[LOG 18:33:29.944] PartLoader: Compiling Part 'Squad/Parts/Engine/liquidEngineMainsail_v2/liquidEngineMainsail_v2/liquidEngineMainsail_v2'
[LOG 18:33:29.954] PartLoader: Part 'Squad/Parts/Engine/liquidEngineMainsail_v2/liquidEngineMainsail_v2/liquidEngineMainsail_v2' has no database record. Creating.
[LOG 18:33:29.954] [DragCubeSystem]: Drag cubes not found or cannot be read for part Part. Generating New drag cubes.
[LOG 18:33:29.954] [KSPCF/DragCubeGeneration] Creating drag cubes for part 'liquidEngineMainsail.v2'
[LOG 18:33:29.984] PartLoader: Compiling Part 'Squad/Parts/Engine/liquidEngineMk55/liquidEngineMk55/radialLiquidEngine1-2'
[LOG 18:33:29.991] PartLoader: Part 'Squad/Parts/Engine/liquidEngineMk55/liquidEngineMk55/radialLiquidEngine1-2' has no database record. Creating.
[LOG 18:33:29.991] [DragCubeSystem]: Drag cubes not found or cannot be read for part Part. Generating New drag cubes.
[LOG 18:33:29.991] [KSPCF/DragCubeGeneration] Creating drag cubes for part 'radialLiquidEngine1-2'
[LOG 18:33:29.996] PartLoader: Compiling Part 'Squad/Parts/Engine/liquidEnginePoodle_v2/liquidEnginePoodle_v2/liquidEngine2-2_v2'
[LOG 18:33:30.009] PartLoader: Part 'Squad/Parts/Engine/liquidEnginePoodle_v2/liquidEnginePoodle_v2/liquidEngine2-2_v2' has no database record. Creating.
[LOG 18:33:30.011] PartLoader: Compiling Part 'Squad/Parts/Engine/liquidEngineSkipper_v2/skipperLiquidEngine_v2/engineLargeSkipper_v2'
[LOG 18:33:30.045] PartLoader: Part 'Squad/Parts/Engine/liquidEngineSkipper_v2/skipperLiquidEngine_v2/engineLargeSkipper_v2' has no database record. Creating.
[LOG 18:33:30.045] [DragCubeSystem]: Drag cubes not found or cannot be read for part Part. Generating New drag cubes.
[LOG 18:33:30.045] [KSPCF/DragCubeGeneration] Creating drag cubes for part 'engineLargeSkipper.v2'
[LOG 18:33:30.128] PartLoader: Compiling Part 'Squad/Parts/Engine/liquidEngineSSME/SSME/SSME'
[LOG 18:33:30.144] PartLoader: Part 'Squad/Parts/Engine/liquidEngineSSME/SSME/SSME' has no database record. Creating.
[LOG 18:33:30.144] [DragCubeSystem]: Drag cubes not found or cannot be read for part Part. Generating New drag cubes.
[LOG 18:33:30.144] [KSPCF/DragCubeGeneration] Creating drag cubes for part 'SSME'
[LOG 18:33:30.172] PartLoader: Compiling Part 'Squad/Parts/Engine/MassiveSRB/part/MassiveBooster'
[LOG 18:33:30.188] PartLoader: Part 'Squad/Parts/Engine/MassiveSRB/part/MassiveBooster' has no database record. Creating.
[LOG 18:33:30.188] [DragCubeSystem]: Drag cubes not found or cannot be read for part Part. Generating New drag cubes.
[LOG 18:33:30.188] [KSPCF/DragCubeGeneration] Creating drag cubes for part 'MassiveBooster'
[LOG 18:33:30.202] PartLoader: Compiling Part 'Squad/Parts/Engine/miniJet/SmallJetEngine/miniJetEngine'
[LOG 18:33:30.213] PartLoader: Part 'Squad/Parts/Engine/miniJet/SmallJetEngine/miniJetEngine' has no database record. Creating.
[LOG 18:33:30.213] [DragCubeSystem]: Drag cubes not found or cannot be read for part Part. Generating New drag cubes.
[LOG 18:33:30.213] [KSPCF/DragCubeGeneration] Creating drag cubes for part 'miniJetEngine'
[LOG 18:33:30.219] PartLoader: Compiling Part 'Squad/Parts/Engine/OMSEngine/omsEngine/omsEngine'
[LOG 18:33:30.237] PartLoader: Part 'Squad/Parts/Engine/OMSEngine/omsEngine/omsEngine' has no database record. Creating.
[LOG 18:33:30.237] [DragCubeSystem]: Drag cubes not found or cannot be read for part Part. Generating New drag cubes.
[LOG 18:33:30.238] [KSPCF/DragCubeGeneration] Creating drag cubes for part 'omsEngine'
[LOG 18:33:30.243] PartLoader: Compiling Part 'Squad/Parts/Engine/rapierEngine/rapierEngine/RAPIER'
[LOG 18:33:30.253] PartLoader: Part 'Squad/Parts/Engine/rapierEngine/rapierEngine/RAPIER' has no database record. Creating.
[LOG 18:33:30.253] [DragCubeSystem]: Drag cubes not found or cannot be read for part Part. Generating New drag cubes.
[LOG 18:33:30.253] [KSPCF/DragCubeGeneration] Creating drag cubes for part 'RAPIER'
[LOG 18:33:30.259] PartLoader: Compiling Part 'Squad/Parts/Engine/Size1_SRBs/solidBoosterRT-10_v2/solidBooster_v2'
[LOG 18:33:30.268] PartLoader: Part 'Squad/Parts/Engine/Size1_SRBs/solidBoosterRT-10_v2/solidBooster_v2' has no database record. Creating.
[LOG 18:33:30.268] [DragCubeSystem]: Drag cubes not found or cannot be read for part Part. Generating New drag cubes.
[LOG 18:33:30.268] [KSPCF/DragCubeGeneration] Creating drag cubes for part 'solidBooster.v2'
[LOG 18:33:30.302] PartLoader: Compiling Part 'Squad/Parts/Engine/Size1_SRBs/solidBoosterRT-5_v2/solidBooster_sm_v2'
[LOG 18:33:30.308] PartLoader: Part 'Squad/Parts/Engine/Size1_SRBs/solidBoosterRT-5_v2/solidBooster_sm_v2' has no database record. Creating.
[LOG 18:33:30.309] [DragCubeSystem]: Drag cubes not found or cannot be read for part Part. Generating New drag cubes.
[LOG 18:33:30.309] [KSPCF/DragCubeGeneration] Creating drag cubes for part 'solidBooster.sm.v2'
[LOG 18:33:30.333] PartLoader: Compiling Part 'Squad/Parts/Engine/Size2LFB/part/Size2LFB'
[LOG 18:33:30.341] PartLoader: Part 'Squad/Parts/Engine/Size2LFB/part/Size2LFB' has no database record. Creating.
[LOG 18:33:30.341] [DragCubeSystem]: Drag cubes not found or cannot be read for part Part. Generating New drag cubes.
[LOG 18:33:30.341] [KSPCF/DragCubeGeneration] Creating drag cubes for part 'Size2LFB'
[LOG 18:33:30.346] PartLoader: Compiling Part 'Squad/Parts/Engine/Size2LFB_v2/part/Size2LFB_v2'
[LOG 18:33:30.355] PartLoader: Part 'Squad/Parts/Engine/Size2LFB_v2/part/Size2LFB_v2' has no database record. Creating.
[LOG 18:33:30.355] [DragCubeSystem]: Drag cubes not found or cannot be read for part Part. Generating New drag cubes.
[LOG 18:33:30.355] [KSPCF/DragCubeGeneration] Creating drag cubes for part 'Size2LFB.v2'
[LOG 18:33:30.360] PartLoader: Compiling Part 'Squad/Parts/Engine/Size3AdvancedEngine/part/Size3AdvancedEngine'
[LOG 18:33:30.369] PartLoader: Part 'Squad/Parts/Engine/Size3AdvancedEngine/part/Size3AdvancedEngine' has no database record. Creating.
[LOG 18:33:30.369] [DragCubeSystem]: Drag cubes not found or cannot be read for part Part. Generating New drag cubes.
[LOG 18:33:30.370] [KSPCF/DragCubeGeneration] Creating drag cubes for part 'Size3AdvancedEngine'
[LOG 18:33:30.384] PartLoader: Compiling Part 'Squad/Parts/Engine/Size3EngineCluster/part/Size3EngineCluster'
[LOG 18:33:30.391] PartLoader: Part 'Squad/Parts/Engine/Size3EngineCluster/part/Size3EngineCluster' has no database record. Creating.
[LOG 18:33:30.391] [DragCubeSystem]: Drag cubes not found or cannot be read for part Part. Generating New drag cubes.
[LOG 18:33:30.391] [KSPCF/DragCubeGeneration] Creating drag cubes for part 'Size3EngineCluster'
[LOG 18:33:30.397] PartLoader: Compiling Part 'Squad/Parts/Engine/solidBoosterBACC/solidBoosterBACC/solidBooster1-1'
[LOG 18:33:30.402] PartLoader: Part 'Squad/Parts/Engine/solidBoosterBACC/solidBoosterBACC/solidBooster1-1' has no database record. Creating.
[LOG 18:33:30.403] [DragCubeSystem]: Drag cubes not found or cannot be read for part Part. Generating New drag cubes.
[LOG 18:33:30.403] [KSPCF/DragCubeGeneration] Creating drag cubes for part 'solidBooster1-1'
[LOG 18:33:30.409] PartLoader: Compiling Part 'Squad/Parts/Engine/solidBoosterS2-17/solidBoosterS2-17/Thoroughbred'
[LOG 18:33:30.419] PartLoader: Part 'Squad/Parts/Engine/solidBoosterS2-17/solidBoosterS2-17/Thoroughbred' has no database record. Creating.
[LOG 18:33:30.419] [DragCubeSystem]: Drag cubes not found or cannot be read for part Part. Generating New drag cubes.
[LOG 18:33:30.419] [KSPCF/DragCubeGeneration] Creating drag cubes for part 'Thoroughbred'
[LOG 18:33:30.426] PartLoader: Compiling Part 'Squad/Parts/Engine/solidBoosterS2-33/solidBoosterS2-33/Clydesdale'
[LOG 18:33:30.432] PartLoader: Part 'Squad/Parts/Engine/solidBoosterS2-33/solidBoosterS2-33/Clydesdale' has no database record. Creating.
[LOG 18:33:30.432] [DragCubeSystem]: Drag cubes not found or cannot be read for part Part. Generating New drag cubes.
[LOG 18:33:30.432] [KSPCF/DragCubeGeneration] Creating drag cubes for part 'Clydesdale'
[LOG 18:33:30.437] PartLoader: Compiling Part 'Squad/Parts/Engine/solidBoosterSep/solidBoosterSep/sepMotor1'
[LOG 18:33:30.440] [ModuleCargoPart]: Setting stackableQuantity to 1 as sepMotor1 contains resources
[LOG 18:33:30.442] PartLoader: Part 'Squad/Parts/Engine/solidBoosterSep/solidBoosterSep/sepMotor1' has no database record. Creating.
[LOG 18:33:30.442] [DragCubeSystem]: Drag cubes not found or cannot be read for part Part. Generating New drag cubes.
[LOG 18:33:30.442] [KSPCF/DragCubeGeneration] Creating drag cubes for part 'sepMotor1'
[LOG 18:33:30.447] PartLoader: Compiling Part 'Squad/Parts/Engine/SolidBoostersF/SolidBoosterF3S0/Shrimp'
[LOG 18:33:30.454] PartLoader: Part 'Squad/Parts/Engine/SolidBoostersF/SolidBoosterF3S0/Shrimp' has no database record. Creating.
[LOG 18:33:30.454] [DragCubeSystem]: Drag cubes not found or cannot be read for part Part. Generating New drag cubes.
[LOG 18:33:30.454] [KSPCF/DragCubeGeneration] Creating drag cubes for part 'Shrimp'
[LOG 18:33:30.459] PartLoader: Compiling Part 'Squad/Parts/Engine/SolidBoostersF/SolidBoosterFM1/Mite'
[LOG 18:33:30.465] PartLoader: Part 'Squad/Parts/Engine/SolidBoostersF/SolidBoosterFM1/Mite' has no database record. Creating.
[LOG 18:33:30.465] [DragCubeSystem]: Drag cubes not found or cannot be read for part Part. Generating New drag cubes.
[LOG 18:33:30.465] [KSPCF/DragCubeGeneration] Creating drag cubes for part 'Mite'
[LOG 18:33:30.471] PartLoader: Compiling Part 'Squad/Parts/FuelTank/adapterTanks/Mk3-Mk2/adapterMk3-Mk2'
[LOG 18:33:30.473] PartLoader: Part 'Squad/Parts/FuelTank/adapterTanks/Mk3-Mk2/adapterMk3-Mk2' has no database record. Creating.
[LOG 18:33:30.473] [DragCubeSystem]: Drag cubes not found or cannot be read for part Part. Generating New drag cubes.
[LOG 18:33:30.473] [KSPCF/DragCubeGeneration] Creating drag cubes for part 'adapterMk3-Mk2'
[LOG 18:33:30.477] PartLoader: Compiling Part 'Squad/Parts/FuelTank/adapterTanks/Mk3-ShuttleAdapter/adapterEngines'
[LOG 18:33:30.480] PartLoader: Part 'Squad/Parts/FuelTank/adapterTanks/Mk3-ShuttleAdapter/adapterEngines' has no database record. Creating.
[LOG 18:33:30.480] [DragCubeSystem]: Drag cubes not found or cannot be read for part Part. Generating New drag cubes.
[LOG 18:33:30.480] [KSPCF/DragCubeGeneration] Creating drag cubes for part 'adapterEngines'
[LOG 18:33:30.484] PartLoader: Compiling Part 'Squad/Parts/FuelTank/adapterTanks/Mk3-Size2/adapterMk3-Size2'
[LOG 18:33:30.486] PartLoader: Part 'Squad/Parts/FuelTank/adapterTanks/Mk3-Size2/adapterMk3-Size2' has no database record. Creating.
[LOG 18:33:30.486] [DragCubeSystem]: Drag cubes not found or cannot be read for part Part. Generating New drag cubes.
[LOG 18:33:30.486] [KSPCF/DragCubeGeneration] Creating drag cubes for part 'adapterMk3-Size2'
[LOG 18:33:30.493] PartLoader: Compiling Part 'Squad/Parts/FuelTank/adapterTanks/Mk3-Size2Slant/adapterMk3-Size2Slant'
[LOG 18:33:30.495] PartLoader: Part 'Squad/Parts/FuelTank/adapterTanks/Mk3-Size2Slant/adapterMk3-Size2Slant' has no database record. Creating.
[LOG 18:33:30.495] [DragCubeSystem]: Drag cubes not found or cannot be read for part Part. Generating New drag cubes.
[LOG 18:33:30.495] [KSPCF/DragCubeGeneration] Creating drag cubes for part 'adapterMk3-Size2Slant'
[LOG 18:33:30.501] PartLoader: Compiling Part 'Squad/Parts/FuelTank/adapterTanks/Size2-Mk2/adapterSize2-Mk2'
[LOG 18:33:30.505] PartLoader: Part 'Squad/Parts/FuelTank/adapterTanks/Size2-Mk2/adapterSize2-Mk2' has no database record. Creating.
[LOG 18:33:30.505] [DragCubeSystem]: Drag cubes not found or cannot be read for part Part. Generating New drag cubes.
[LOG 18:33:30.505] [KSPCF/DragCubeGeneration] Creating drag cubes for part 'adapterSize2-Mk2'
[LOG 18:33:30.510] PartLoader: Compiling Part 'Squad/Parts/FuelTank/adapterTanks/Size2-Size1/adapterSize2-Size1'
[LOG 18:33:30.512] PartLoader: Part 'Squad/Parts/FuelTank/adapterTanks/Size2-Size1/adapterSize2-Size1' has no database record. Creating.
[LOG 18:33:30.512] [DragCubeSystem]: Drag cubes not found or cannot be read for part Part. Generating New drag cubes.
[LOG 18:33:30.512] [KSPCF/DragCubeGeneration] Creating drag cubes for part 'adapterSize2-Size1'
[LOG 18:33:30.517] PartLoader: Compiling Part 'Squad/Parts/FuelTank/adapterTanks/Size2-Size1Slant/adapterSize2-Size1Slant'
[LOG 18:33:30.519] PartLoader: Part 'Squad/Parts/FuelTank/adapterTanks/Size2-Size1Slant/adapterSize2-Size1Slant' has no database record. Creating.
[LOG 18:33:30.519] [DragCubeSystem]: Drag cubes not found or cannot be read for part Part. Generating New drag cubes.
[LOG 18:33:30.519] [KSPCF/DragCubeGeneration] Creating drag cubes for part 'adapterSize2-Size1Slant'
[LOG 18:33:30.524] PartLoader: Compiling Part 'Squad/Parts/FuelTank/adapterTanks/Size3-Mk3/adapterSize3-Mk3'
[LOG 18:33:30.529] PartLoader: Part 'Squad/Parts/FuelTank/adapterTanks/Size3-Mk3/adapterSize3-Mk3' has no database record. Creating.
[LOG 18:33:30.529] [DragCubeSystem]: Drag cubes not found or cannot be read for part Part. Generating New drag cubes.
[LOG 18:33:30.529] [KSPCF/DragCubeGeneration] Creating drag cubes for part 'adapterSize3-Mk3'
[LOG 18:33:30.534] PartLoader: Compiling Part 'Squad/Parts/FuelTank/drainTankFTE-1/ReleaseValve/ReleaseValve'
[LOG 18:33:30.544] PartLoader: Part 'Squad/Parts/FuelTank/drainTankFTE-1/ReleaseValve/ReleaseValve' has no database record. Creating.
[LOG 18:33:30.544] [DragCubeSystem]: Drag cubes not found or cannot be read for part Part. Generating New drag cubes.
[LOG 18:33:30.544] [KSPCF/DragCubeGeneration] Creating drag cubes for part 'ReleaseValve'
[LOG 18:33:30.549] PartLoader: Compiling Part 'Squad/Parts/FuelTank/FoilTanks/RadialTank_Capsule/externalTankCapsule'
[LOG 18:33:30.552] PartLoader: Part 'Squad/Parts/FuelTank/FoilTanks/RadialTank_Capsule/externalTankCapsule' has no database record. Creating.
[LOG 18:33:30.552] [DragCubeSystem]: Drag cubes not found or cannot be read for part Part. Generating New drag cubes.
[LOG 18:33:30.552] [KSPCF/DragCubeGeneration] Creating drag cubes for part 'externalTankCapsule'
[LOG 18:33:30.557] PartLoader: Compiling Part 'Squad/Parts/FuelTank/FoilTanks/RadialTank_Round/externalTankRound'
[LOG 18:33:30.562] PartLoader: Part 'Squad/Parts/FuelTank/FoilTanks/RadialTank_Round/externalTankRound' has no database record. Creating.
[LOG 18:33:30.562] [DragCubeSystem]: Drag cubes not found or cannot be read for part Part. Generating New drag cubes.
[LOG 18:33:30.562] [KSPCF/DragCubeGeneration] Creating drag cubes for part 'externalTankRound'
[LOG 18:33:30.567] PartLoader: Compiling Part 'Squad/Parts/FuelTank/FoilTanks/ToroidTank/externalTankToroid'
[LOG 18:33:30.571] PartLoader: Part 'Squad/Parts/FuelTank/FoilTanks/ToroidTank/externalTankToroid' has no database record. Creating.
[LOG 18:33:30.571] [DragCubeSystem]: Drag cubes not found or cannot be read for part Part. Generating New drag cubes.
[LOG 18:33:30.571] [KSPCF/DragCubeGeneration] Creating drag cubes for part 'externalTankToroid'
[LOG 18:33:30.575] PartLoader: Compiling Part 'Squad/Parts/FuelTank/fuelTankOscarB/fuelTankOscarB/miniFuelTank'
[LOG 18:33:30.577] PartLoader: Part 'Squad/Parts/FuelTank/fuelTankOscarB/fuelTankOscarB/miniFuelTank' has no database record. Creating.
[LOG 18:33:30.577] [DragCubeSystem]: Drag cubes not found or cannot be read for part Part. Generating New drag cubes.
[LOG 18:33:30.577] [KSPCF/DragCubeGeneration] Creating drag cubes for part 'miniFuelTank'
[LOG 18:33:30.582] PartLoader: Compiling Part 'Squad/Parts/FuelTank/miniFuselage/miniFuselage/miniFuselage'
[LOG 18:33:30.585] PartLoader: Part 'Squad/Parts/FuelTank/miniFuselage/miniFuselage/miniFuselage' has no database record. Creating.
[LOG 18:33:30.585] [DragCubeSystem]: Drag cubes not found or cannot be read for part Part. Generating New drag cubes.
[LOG 18:33:30.585] [KSPCF/DragCubeGeneration] Creating drag cubes for part 'miniFuselage'
[LOG 18:33:30.590] PartLoader: Compiling Part 'Squad/Parts/FuelTank/mk2Adapters/bicoupler/mk2_1m_Bicoupler'
[LOG 18:33:30.596] PartLoader: Part 'Squad/Parts/FuelTank/mk2Adapters/bicoupler/mk2_1m_Bicoupler' has no database record. Creating.
[LOG 18:33:30.596] [DragCubeSystem]: Drag cubes not found or cannot be read for part Part. Generating New drag cubes.
[LOG 18:33:30.596] [KSPCF/DragCubeGeneration] Creating drag cubes for part 'mk2.1m.Bicoupler'
[LOG 18:33:30.601] PartLoader: Compiling Part 'Squad/Parts/FuelTank/mk2Adapters/long/mk2_1m_AdapterLong'
[LOG 18:33:30.604] PartLoader: Part 'Squad/Parts/FuelTank/mk2Adapters/long/mk2_1m_AdapterLong' has no database record. Creating.
[LOG 18:33:30.604] [DragCubeSystem]: Drag cubes not found or cannot be read for part Part. Generating New drag cubes.
[LOG 18:33:30.604] [KSPCF/DragCubeGeneration] Creating drag cubes for part 'mk2.1m.AdapterLong'
[LOG 18:33:30.608] PartLoader: Compiling Part 'Squad/Parts/FuelTank/mk2Adapters/standard/mk2SpacePlaneAdapter'
[LOG 18:33:30.612] PartLoader: Part 'Squad/Parts/FuelTank/mk2Adapters/standard/mk2SpacePlaneAdapter' has no database record. Creating.
[LOG 18:33:30.612] [DragCubeSystem]: Drag cubes not found or cannot be read for part Part. Generating New drag cubes.
[LOG 18:33:30.612] [KSPCF/DragCubeGeneration] Creating drag cubes for part 'mk2SpacePlaneAdapter'
[LOG 18:33:30.617] PartLoader: Compiling Part 'Squad/Parts/FuelTank/mk2FuselageLong/LFO_long/mk2FuselageLongLFO'
[LOG 18:33:30.619] PartLoader: Part 'Squad/Parts/FuelTank/mk2FuselageLong/LFO_long/mk2FuselageLongLFO' has no database record. Creating.
[LOG 18:33:30.619] [DragCubeSystem]: Drag cubes not found or cannot be read for part Part. Generating New drag cubes.
[LOG 18:33:30.619] [KSPCF/DragCubeGeneration] Creating drag cubes for part 'mk2FuselageLongLFO'
[LOG 18:33:30.624] PartLoader: Compiling Part 'Squad/Parts/FuelTank/mk2FuselageLong/L_long/mk2Fuselage'
[LOG 18:33:30.626] PartLoader: Part 'Squad/Parts/FuelTank/mk2FuselageLong/L_long/mk2Fuselage' has no database record. Creating.
[LOG 18:33:30.626] [DragCubeSystem]: Drag cubes not found or cannot be read for part Part. Generating New drag cubes.
[LOG 18:33:30.629] [KSPCF/DragCubeGeneration] Creating drag cubes for part 'mk2Fuselage'
[LOG 18:33:30.634] PartLoader: Compiling Part 'Squad/Parts/FuelTank/mk2FuselageShort/LFO_short/mk2FuselageShortLFO'
[LOG 18:33:30.637] PartLoader: Part 'Squad/Parts/FuelTank/mk2FuselageShort/LFO_short/mk2FuselageShortLFO' has no database record. Creating.
[LOG 18:33:30.637] [DragCubeSystem]: Drag cubes not found or cannot be read for part Part. Generating New drag cubes.
[LOG 18:33:30.637] [KSPCF/DragCubeGeneration] Creating drag cubes for part 'mk2FuselageShortLFO'
[LOG 18:33:30.642] PartLoader: Compiling Part 'Squad/Parts/FuelTank/mk2FuselageShort/L_short/mk2FuselageShortLiquid'
[LOG 18:33:30.645] PartLoader: Part 'Squad/Parts/FuelTank/mk2FuselageShort/L_short/mk2FuselageShortLiquid' has no database record. Creating.
[LOG 18:33:30.645] [DragCubeSystem]: Drag cubes not found or cannot be read for part Part. Generating New drag cubes.
[LOG 18:33:30.645] [KSPCF/DragCubeGeneration] Creating drag cubes for part 'mk2FuselageShortLiquid'
[LOG 18:33:30.649] PartLoader: Compiling Part 'Squad/Parts/FuelTank/mk2FuselageShort/Mono_short/mk2FuselageShortMono'
[LOG 18:33:30.652] PartLoader: Part 'Squad/Parts/FuelTank/mk2FuselageShort/Mono_short/mk2FuselageShortMono' has no database record. Creating.
[LOG 18:33:30.652] [DragCubeSystem]: Drag cubes not found or cannot be read for part Part. Generating New drag cubes.
[LOG 18:33:30.652] [KSPCF/DragCubeGeneration] Creating drag cubes for part 'mk2FuselageShortMono'
[LOG 18:33:30.657] PartLoader: Compiling Part 'Squad/Parts/FuelTank/mk3Fuselage/CREW/mk3CrewCabin'
[LOG 18:33:30.664] PartLoader: Part 'Squad/Parts/FuelTank/mk3Fuselage/CREW/mk3CrewCabin' has no database record. Creating.
[LOG 18:33:30.664] [DragCubeSystem]: Drag cubes not found or cannot be read for part Part. Generating New drag cubes.
[LOG 18:33:30.664] [KSPCF/DragCubeGeneration] Creating drag cubes for part 'mk3CrewCabin'
[LOG 18:33:30.669] PartLoader: Compiling Part 'Squad/Parts/FuelTank/mk3Fuselage/LFO_100/mk3FuselageLFO_100'
[LOG 18:33:30.671] PartLoader: Part 'Squad/Parts/FuelTank/mk3Fuselage/LFO_100/mk3FuselageLFO_100' has no database record. Creating.
[LOG 18:33:30.671] [DragCubeSystem]: Drag cubes not found or cannot be read for part Part. Generating New drag cubes.
[LOG 18:33:30.671] [KSPCF/DragCubeGeneration] Creating drag cubes for part 'mk3FuselageLFO.100'
[LOG 18:33:30.675] PartLoader: Compiling Part 'Squad/Parts/FuelTank/mk3Fuselage/LFO_25/mk3FuselageLFO_25'
[LOG 18:33:30.678] PartLoader: Part 'Squad/Parts/FuelTank/mk3Fuselage/LFO_25/mk3FuselageLFO_25' has no database record. Creating.
[LOG 18:33:30.678] [DragCubeSystem]: Drag cubes not found or cannot be read for part Part. Generating New drag cubes.
[LOG 18:33:30.678] [KSPCF/DragCubeGeneration] Creating drag cubes for part 'mk3FuselageLFO.25'
[LOG 18:33:30.683] PartLoader: Compiling Part 'Squad/Parts/FuelTank/mk3Fuselage/LFO_50/mk3FuselageLFO_50'
[LOG 18:33:30.685] PartLoader: Part 'Squad/Parts/FuelTank/mk3Fuselage/LFO_50/mk3FuselageLFO_50' has no database record. Creating.
[LOG 18:33:30.685] [DragCubeSystem]: Drag cubes not found or cannot be read for part Part. Generating New drag cubes.
[LOG 18:33:30.685] [KSPCF/DragCubeGeneration] Creating drag cubes for part 'mk3FuselageLFO.50'
[LOG 18:33:30.690] PartLoader: Compiling Part 'Squad/Parts/FuelTank/mk3Fuselage/LF_100/mk3FuselageLF_100'
[LOG 18:33:30.693] PartLoader: Part 'Squad/Parts/FuelTank/mk3Fuselage/LF_100/mk3FuselageLF_100' has no database record. Creating.
[LOG 18:33:30.693] [DragCubeSystem]: Drag cubes not found or cannot be read for part Part. Generating New drag cubes.
[LOG 18:33:30.693] [KSPCF/DragCubeGeneration] Creating drag cubes for part 'mk3FuselageLF.100'
[LOG 18:33:30.699] PartLoader: Compiling Part 'Squad/Parts/FuelTank/mk3Fuselage/LF_25/mk3FuselageLF_25'
[LOG 18:33:30.702] PartLoader: Part 'Squad/Parts/FuelTank/mk3Fuselage/LF_25/mk3FuselageLF_25' has no database record. Creating.
[LOG 18:33:30.702] [DragCubeSystem]: Drag cubes not found or cannot be read for part Part. Generating New drag cubes.
[LOG 18:33:30.702] [KSPCF/DragCubeGeneration] Creating drag cubes for part 'mk3FuselageLF.25'
[LOG 18:33:30.706] PartLoader: Compiling Part 'Squad/Parts/FuelTank/mk3Fuselage/LF_50/mk3FuselageLF_50'
[LOG 18:33:30.708] PartLoader: Part 'Squad/Parts/FuelTank/mk3Fuselage/LF_50/mk3FuselageLF_50' has no database record. Creating.
[LOG 18:33:30.708] [DragCubeSystem]: Drag cubes not found or cannot be read for part Part. Generating New drag cubes.
[LOG 18:33:30.708] [KSPCF/DragCubeGeneration] Creating drag cubes for part 'mk3FuselageLF.50'
[LOG 18:33:30.712] PartLoader: Compiling Part 'Squad/Parts/FuelTank/mk3Fuselage/MONO/mk3FuselageMONO'
[LOG 18:33:30.715] PartLoader: Part 'Squad/Parts/FuelTank/mk3Fuselage/MONO/mk3FuselageMONO' has no database record. Creating.
[LOG 18:33:30.715] [DragCubeSystem]: Drag cubes not found or cannot be read for part Part. Generating New drag cubes.
[LOG 18:33:30.715] [KSPCF/DragCubeGeneration] Creating drag cubes for part 'mk3FuselageMONO'
[LOG 18:33:30.719] PartLoader: Compiling Part 'Squad/Parts/FuelTank/RCSFuelTankR1/RCSFuelTankR1/RCSTank1-2'
[LOG 18:33:30.721] PartLoader: Part 'Squad/Parts/FuelTank/RCSFuelTankR1/RCSFuelTankR1/RCSTank1-2' has no database record. Creating.
[LOG 18:33:30.721] [DragCubeSystem]: Drag cubes not found or cannot be read for part Part. Generating New drag cubes.
[LOG 18:33:30.722] [KSPCF/DragCubeGeneration] Creating drag cubes for part 'RCSTank1-2'
[LOG 18:33:30.726] PartLoader: Compiling Part 'Squad/Parts/FuelTank/RCSFuelTankR10/RCSFuelTankR10/rcsTankMini'
[LOG 18:33:30.728] PartLoader: Part 'Squad/Parts/FuelTank/RCSFuelTankR10/RCSFuelTankR10/rcsTankMini' has no database record. Creating.
[LOG 18:33:30.728] [DragCubeSystem]: Drag cubes not found or cannot be read for part Part. Generating New drag cubes.
[LOG 18:33:30.728] [KSPCF/DragCubeGeneration] Creating drag cubes for part 'rcsTankMini'
[LOG 18:33:30.734] PartLoader: Compiling Part 'Squad/Parts/FuelTank/RCSFuelTankR25/RCSFuelTankR25/RCSFuelTank'
[LOG 18:33:30.736] PartLoader: Part 'Squad/Parts/FuelTank/RCSFuelTankR25/RCSFuelTankR25/RCSFuelTank' has no database record. Creating.
[LOG 18:33:30.736] [DragCubeSystem]: Drag cubes not found or cannot be read for part Part. Generating New drag cubes.
[LOG 18:33:30.736] [KSPCF/DragCubeGeneration] Creating drag cubes for part 'RCSFuelTank'
[LOG 18:33:30.741] PartLoader: Compiling Part 'Squad/Parts/FuelTank/RCSTankRadial/radialRCSTank/radialRCSTank'
[LOG 18:33:30.744] PartLoader: Part 'Squad/Parts/FuelTank/RCSTankRadial/radialRCSTank/radialRCSTank' has no database record. Creating.
[LOG 18:33:30.744] [DragCubeSystem]: Drag cubes not found or cannot be read for part Part. Generating New drag cubes.
[LOG 18:33:30.744] [KSPCF/DragCubeGeneration] Creating drag cubes for part 'radialRCSTank'
[LOG 18:33:30.748] PartLoader: Compiling Part 'Squad/Parts/FuelTank/RCStankRadialLong/RCSTankRadialLong/rcsTankRadialLong'
[LOG 18:33:30.751] PartLoader: Part 'Squad/Parts/FuelTank/RCStankRadialLong/RCSTankRadialLong/rcsTankRadialLong' has no database record. Creating.
[LOG 18:33:30.751] [DragCubeSystem]: Drag cubes not found or cannot be read for part Part. Generating New drag cubes.
[LOG 18:33:30.751] [KSPCF/DragCubeGeneration] Creating drag cubes for part 'rcsTankRadialLong'
[LOG 18:33:30.755] PartLoader: Compiling Part 'Squad/Parts/FuelTank/RockomaxTanks/Rockomax16/Rockomax16_BW'
[LOG 18:33:30.758] PartLoader: Part 'Squad/Parts/FuelTank/RockomaxTanks/Rockomax16/Rockomax16_BW' has no database record. Creating.
[LOG 18:33:30.758] [DragCubeSystem]: Drag cubes not found or cannot be read for part Part. Generating New drag cubes.
[LOG 18:33:30.758] [KSPCF/DragCubeGeneration] Creating drag cubes for part 'Rockomax16.BW'
[LOG 18:33:30.762] PartLoader: Compiling Part 'Squad/Parts/FuelTank/RockomaxTanks/Rockomax32/Rockomax32_BW'
[LOG 18:33:30.765] PartLoader: Part 'Squad/Parts/FuelTank/RockomaxTanks/Rockomax32/Rockomax32_BW' has no database record. Creating.
[LOG 18:33:30.765] [DragCubeSystem]: Drag cubes not found or cannot be read for part Part. Generating New drag cubes.
[LOG 18:33:30.765] [KSPCF/DragCubeGeneration] Creating drag cubes for part 'Rockomax32.BW'
[LOG 18:33:30.790] PartLoader: Compiling Part 'Squad/Parts/FuelTank/RockomaxTanks/Rockomax64/Rockomax64_BW'
[LOG 18:33:30.793] PartLoader: Part 'Squad/Parts/FuelTank/RockomaxTanks/Rockomax64/Rockomax64_BW' has no database record. Creating.
[LOG 18:33:30.793] [DragCubeSystem]: Drag cubes not found or cannot be read for part Part. Generating New drag cubes.
[LOG 18:33:30.793] [KSPCF/DragCubeGeneration] Creating drag cubes for part 'Rockomax64.BW'
[LOG 18:33:30.822] PartLoader: Compiling Part 'Squad/Parts/FuelTank/RockomaxTanks/Rockomax8/Rockomax8BW'
[LOG 18:33:30.825] PartLoader: Part 'Squad/Parts/FuelTank/RockomaxTanks/Rockomax8/Rockomax8BW' has no database record. Creating.
[LOG 18:33:30.825] [DragCubeSystem]: Drag cubes not found or cannot be read for part Part. Generating New drag cubes.
[LOG 18:33:30.825] [KSPCF/DragCubeGeneration] Creating drag cubes for part 'Rockomax8BW'
[LOG 18:33:30.854] PartLoader: Compiling Part 'Squad/Parts/FuelTank/Size1_Tanks/fuelTankT100/fuelTankSmallFlat'
[LOG 18:33:30.857] PartLoader: Part 'Squad/Parts/FuelTank/Size1_Tanks/fuelTankT100/fuelTankSmallFlat' has no database record. Creating.
[LOG 18:33:30.857] [DragCubeSystem]: Drag cubes not found or cannot be read for part Part. Generating New drag cubes.
[LOG 18:33:30.857] [KSPCF/DragCubeGeneration] Creating drag cubes for part 'fuelTankSmallFlat'
[LOG 18:33:30.862] PartLoader: Compiling Part 'Squad/Parts/FuelTank/Size1_Tanks/fuelTankT200/fuelTankSmall'
[LOG 18:33:30.866] PartLoader: Part 'Squad/Parts/FuelTank/Size1_Tanks/fuelTankT200/fuelTankSmall' has no database record. Creating.
[LOG 18:33:30.866] [DragCubeSystem]: Drag cubes not found or cannot be read for part Part. Generating New drag cubes.
[LOG 18:33:30.866] [KSPCF/DragCubeGeneration] Creating drag cubes for part 'fuelTankSmall'
[LOG 18:33:30.870] PartLoader: Compiling Part 'Squad/Parts/FuelTank/Size1_Tanks/fuelTankT400/fuelTank'
[LOG 18:33:30.875] PartLoader: Part 'Squad/Parts/FuelTank/Size1_Tanks/fuelTankT400/fuelTank' has no database record. Creating.
[LOG 18:33:30.875] [DragCubeSystem]: Drag cubes not found or cannot be read for part Part. Generating New drag cubes.
[LOG 18:33:30.875] [KSPCF/DragCubeGeneration] Creating drag cubes for part 'fuelTank'
[LOG 18:33:30.879] PartLoader: Compiling Part 'Squad/Parts/FuelTank/Size1_Tanks/fuelTankT800/fuelTank_long'
[LOG 18:33:30.883] PartLoader: Part 'Squad/Parts/FuelTank/Size1_Tanks/fuelTankT800/fuelTank_long' has no database record. Creating.
[LOG 18:33:30.883] [DragCubeSystem]: Drag cubes not found or cannot be read for part Part. Generating New drag cubes.
[LOG 18:33:30.883] [KSPCF/DragCubeGeneration] Creating drag cubes for part 'fuelTank.long'
[LOG 18:33:30.887] PartLoader: Compiling Part 'Squad/Parts/FuelTank/Size3Tanks/large/Size3LargeTank'
[LOG 18:33:30.890] PartLoader: Part 'Squad/Parts/FuelTank/Size3Tanks/large/Size3LargeTank' has no database record. Creating.
[LOG 18:33:30.890] [DragCubeSystem]: Drag cubes not found or cannot be read for part Part. Generating New drag cubes.
[LOG 18:33:30.890] [KSPCF/DragCubeGeneration] Creating drag cubes for part 'Size3LargeTank'
[LOG 18:33:30.894] PartLoader: Compiling Part 'Squad/Parts/FuelTank/Size3Tanks/medium/Size3MediumTank'
[LOG 18:33:30.897] PartLoader: Part 'Squad/Parts/FuelTank/Size3Tanks/medium/Size3MediumTank' has no database record. Creating.
[LOG 18:33:30.897] [DragCubeSystem]: Drag cubes not found or cannot be read for part Part. Generating New drag cubes.
[LOG 18:33:30.897] [KSPCF/DragCubeGeneration] Creating drag cubes for part 'Size3MediumTank'
[LOG 18:33:30.901] PartLoader: Compiling Part 'Squad/Parts/FuelTank/Size3Tanks/small/Size3SmallTank'
[LOG 18:33:30.904] PartLoader: Part 'Squad/Parts/FuelTank/Size3Tanks/small/Size3SmallTank' has no database record. Creating.
[LOG 18:33:30.904] [DragCubeSystem]: Drag cubes not found or cannot be read for part Part. Generating New drag cubes.
[LOG 18:33:30.904] [KSPCF/DragCubeGeneration] Creating drag cubes for part 'Size3SmallTank'
[LOG 18:33:30.909] PartLoader: Compiling Part 'Squad/Parts/FuelTank/xenonTank/xenonTank/xenonTank'
[LOG 18:33:30.912] PartLoader: Part 'Squad/Parts/FuelTank/xenonTank/xenonTank/xenonTank' has no database record. Creating.
[LOG 18:33:30.912] [DragCubeSystem]: Drag cubes not found or cannot be read for part Part. Generating New drag cubes.
[LOG 18:33:30.912] [KSPCF/DragCubeGeneration] Creating drag cubes for part 'xenonTank'
[LOG 18:33:30.917] PartLoader: Compiling Part 'Squad/Parts/FuelTank/xenonTankLarge/xenonTankLarge/xenonTankLarge'
[LOG 18:33:30.919] PartLoader: Part 'Squad/Parts/FuelTank/xenonTankLarge/xenonTankLarge/xenonTankLarge' has no database record. Creating.
[LOG 18:33:30.919] [DragCubeSystem]: Drag cubes not found or cannot be read for part Part. Generating New drag cubes.
[LOG 18:33:30.919] [KSPCF/DragCubeGeneration] Creating drag cubes for part 'xenonTankLarge'
[LOG 18:33:30.924] PartLoader: Compiling Part 'Squad/Parts/FuelTank/xenonTankRadial/xenonTankRadial/xenonTankRadial'
[LOG 18:33:30.926] PartLoader: Part 'Squad/Parts/FuelTank/xenonTankRadial/xenonTankRadial/xenonTankRadial' has no database record. Creating.
[LOG 18:33:30.927] [DragCubeSystem]: Drag cubes not found or cannot be read for part Part. Generating New drag cubes.
[LOG 18:33:30.927] [KSPCF/DragCubeGeneration] Creating drag cubes for part 'xenonTankRadial'
[LOG 18:33:30.931] PartLoader: Compiling Part 'Squad/Parts/Misc/AsteroidDay/CamSat/InfraredTelescope'
[LOG 18:33:30.937] PartLoader: Part 'Squad/Parts/Misc/AsteroidDay/CamSat/InfraredTelescope' has no database record. Creating.
[LOG 18:33:30.937] [DragCubeSystem]: Drag cubes not found or cannot be read for part Part. Generating New drag cubes.
[LOG 18:33:30.937] [KSPCF/DragCubeGeneration] Creating drag cubes for part 'InfraredTelescope'
[LOG 18:33:30.941] PartLoader: Compiling Part 'Squad/Parts/Misc/AsteroidDay/HECS2/HECS2_ProbeCore'
[LOG 18:33:30.949] PartLoader: Part 'Squad/Parts/Misc/AsteroidDay/HECS2/HECS2_ProbeCore' has no database record. Creating.
[LOG 18:33:30.949] [DragCubeSystem]: Drag cubes not found or cannot be read for part Part. Generating New drag cubes.
[LOG 18:33:30.949] [KSPCF/DragCubeGeneration] Creating drag cubes for part 'HECS2.ProbeCore'
[LOG 18:33:30.954] PartLoader: Compiling Part 'Squad/Parts/Misc/AsteroidDay/HighGainAntenna/HighGainAntenna'
[LOG 18:33:30.962] PartLoader: Part 'Squad/Parts/Misc/AsteroidDay/HighGainAntenna/HighGainAntenna' has no database record. Creating.
[LOG 18:33:30.962] [DragCubeSystem]: Drag cubes not found or cannot be read for part Part. Generating New drag cubes.
[LOG 18:33:30.962] [KSPCF/DragCubeGeneration] Creating drag cubes for part 'HighGainAntenna'
[LOG 18:33:30.981] PartLoader: Compiling Part 'Squad/Parts/Misc/AsteroidDay/LgRadialSolar/LgRadialSolarPanel'
[LOG 18:33:30.984] PartLoader: Part 'Squad/Parts/Misc/AsteroidDay/LgRadialSolar/LgRadialSolarPanel' has no database record. Creating.
[LOG 18:33:30.984] [DragCubeSystem]: Drag cubes not found or cannot be read for part Part. Generating New drag cubes.
[LOG 18:33:30.985] [KSPCF/DragCubeGeneration] Creating drag cubes for part 'LgRadialSolarPanel'
[LOG 18:33:30.996] PartLoader: Compiling Part 'Squad/Parts/Misc/PotatoComet/part/PotatoComet'
[LOG 18:33:31.008] PartLoader: Part 'Squad/Parts/Misc/PotatoComet/part/PotatoComet' has no database record. Creating.
[LOG 18:33:31.008] PartLoader: Compiling Part 'Squad/Parts/Misc/PotatoRoid/part/PotatoRoid'
[LOG 18:33:31.019] PartLoader: Part 'Squad/Parts/Misc/PotatoRoid/part/PotatoRoid' has no database record. Creating.
[LOG 18:33:31.019] PartLoader: Compiling Part 'Squad/Parts/Prebuilt/flag/flag'
[LOG 18:33:31.022] PartLoader: Compiling Part 'Squad/Parts/Prebuilt/kerbalEVA/kerbalEVA'
[LOG 18:33:31.039] PartLoader: Compiling Part 'Squad/Parts/Prebuilt/kerbalEVAfemale/kerbalEVAfemale'
[LOG 18:33:31.045] PartLoader: Compiling Part 'Squad/Parts/Prebuilt/kerbalEVASlimSuit/kerbalEVASlimSuit'
[LOG 18:33:31.051] PartLoader: Compiling Part 'Squad/Parts/Prebuilt/kerbalEVASlimSuitFemale/kerbalEVASlimSuitFemale'
[LOG 18:33:31.058] PartLoader: Compiling Part 'Squad/Parts/Resources/FuelCell/FuelCell/FuelCell'
[LOG 18:33:31.067] PartLoader: Part 'Squad/Parts/Resources/FuelCell/FuelCell/FuelCell' has no database record. Creating.
[LOG 18:33:31.068] [DragCubeSystem]: Drag cubes not found or cannot be read for part Part. Generating New drag cubes.
[LOG 18:33:31.068] [KSPCF/DragCubeGeneration] Creating drag cubes for part 'FuelCell'
[LOG 18:33:31.075] PartLoader: Compiling Part 'Squad/Parts/Resources/FuelCell/FuelCellArray/FuelCellArray'
[LOG 18:33:31.079] PartLoader: Part 'Squad/Parts/Resources/FuelCell/FuelCellArray/FuelCellArray' has no database record. Creating.
[LOG 18:33:31.080] [DragCubeSystem]: Drag cubes not found or cannot be read for part Part. Generating New drag cubes.
[LOG 18:33:31.080] [KSPCF/DragCubeGeneration] Creating drag cubes for part 'FuelCellArray'
[LOG 18:33:31.084] PartLoader: Compiling Part 'Squad/Parts/Resources/ISRU/ISRU/ISRU'
[LOG 18:33:31.093] PartLoader: Part 'Squad/Parts/Resources/ISRU/ISRU/ISRU' has no database record. Creating.
[LOG 18:33:31.093] [DragCubeSystem]: Drag cubes not found or cannot be read for part Part. Generating New drag cubes.
[LOG 18:33:31.093] [KSPCF/DragCubeGeneration] Creating drag cubes for part 'ISRU'
[LOG 18:33:31.108] PartLoader: Compiling Part 'Squad/Parts/Resources/LargeTank/LargeTank/LargeTank'
[LOG 18:33:31.112] PartLoader: Part 'Squad/Parts/Resources/LargeTank/LargeTank/LargeTank' has no database record. Creating.
[LOG 18:33:31.112] [DragCubeSystem]: Drag cubes not found or cannot be read for part Part. Generating New drag cubes.
[LOG 18:33:31.112] [KSPCF/DragCubeGeneration] Creating drag cubes for part 'LargeTank'
[LOG 18:33:31.117] PartLoader: Compiling Part 'Squad/Parts/Resources/MiniDrill/MiniDrill/MiniDrill'
[LOG 18:33:31.134] PartLoader: Part 'Squad/Parts/Resources/MiniDrill/MiniDrill/MiniDrill' has no database record. Creating.
[LOG 18:33:31.134] [DragCubeSystem]: Drag cubes not found or cannot be read for part Part. Generating New drag cubes.
[LOG 18:33:31.135] [KSPCF/DragCubeGeneration] Creating drag cubes for part 'MiniDrill'
[LOG 18:33:31.203] PartLoader: Compiling Part 'Squad/Parts/Resources/MiniISRU/MiniISRU/MiniISRU'
[LOG 18:33:31.208] PartLoader: Part 'Squad/Parts/Resources/MiniISRU/MiniISRU/MiniISRU' has no database record. Creating.
[LOG 18:33:31.208] [DragCubeSystem]: Drag cubes not found or cannot be read for part Part. Generating New drag cubes.
[LOG 18:33:31.209] [KSPCF/DragCubeGeneration] Creating drag cubes for part 'MiniISRU'
[LOG 18:33:31.215] PartLoader: Compiling Part 'Squad/Parts/Resources/OrbitalScanner/OrbitalScanner/OrbitalScanner'
[LOG 18:33:31.227] PartLoader: Part 'Squad/Parts/Resources/OrbitalScanner/OrbitalScanner/OrbitalScanner' has no database record. Creating.
[LOG 18:33:31.227] [DragCubeSystem]: Drag cubes not found or cannot be read for part Part. Generating New drag cubes.
[LOG 18:33:31.227] [KSPCF/DragCubeGeneration] Creating drag cubes for part 'OrbitalScanner'
[LOG 18:33:31.250] PartLoader: Compiling Part 'Squad/Parts/Resources/RadialDrill/RadialDrill/RadialDrill'
[LOG 18:33:31.257] PartLoader: Part 'Squad/Parts/Resources/RadialDrill/RadialDrill/RadialDrill' has no database record. Creating.
[LOG 18:33:31.257] [DragCubeSystem]: Drag cubes not found or cannot be read for part Part. Generating New drag cubes.
[LOG 18:33:31.257] [KSPCF/DragCubeGeneration] Creating drag cubes for part 'RadialDrill'
[LOG 18:33:31.314] PartLoader: Compiling Part 'Squad/Parts/Resources/RadialTank/RadialTank/RadialOreTank'
[LOG 18:33:31.317] PartLoader: Part 'Squad/Parts/Resources/RadialTank/RadialTank/RadialOreTank' has no database record. Creating.
[LOG 18:33:31.317] [DragCubeSystem]: Drag cubes not found or cannot be read for part Part. Generating New drag cubes.
[LOG 18:33:31.317] [KSPCF/DragCubeGeneration] Creating drag cubes for part 'RadialOreTank'
[LOG 18:33:31.321] PartLoader: Compiling Part 'Squad/Parts/Resources/SmallTank/SmallTank/SmallTank'
[LOG 18:33:31.324] PartLoader: Part 'Squad/Parts/Resources/SmallTank/SmallTank/SmallTank' has no database record. Creating.
[LOG 18:33:31.324] [DragCubeSystem]: Drag cubes not found or cannot be read for part Part. Generating New drag cubes.
[LOG 18:33:31.324] [KSPCF/DragCubeGeneration] Creating drag cubes for part 'SmallTank'
[LOG 18:33:31.329] PartLoader: Compiling Part 'Squad/Parts/Resources/SurfaceScanner/SurfaceScanner/SurfaceScanner'
[LOG 18:33:31.344] PartLoader: Part 'Squad/Parts/Resources/SurfaceScanner/SurfaceScanner/SurfaceScanner' has no database record. Creating.
[LOG 18:33:31.344] [DragCubeSystem]: Drag cubes not found or cannot be read for part Part. Generating New drag cubes.
[LOG 18:33:31.344] [KSPCF/DragCubeGeneration] Creating drag cubes for part 'SurfaceScanner'
[LOG 18:33:31.348] PartLoader: Compiling Part 'Squad/Parts/Resources/SurveyScanner/SurveyScanner/SurveyScanner'
[LOG 18:33:31.360] PartLoader: Part 'Squad/Parts/Resources/SurveyScanner/SurveyScanner/SurveyScanner' has no database record. Creating.
[LOG 18:33:31.360] [DragCubeSystem]: Drag cubes not found or cannot be read for part Part. Generating New drag cubes.
[LOG 18:33:31.360] [KSPCF/DragCubeGeneration] Creating drag cubes for part 'SurveyScanner'
[LOG 18:33:31.377] PartLoader: Compiling Part 'Squad/Parts/Science/AtmosphereSensor/sensorAtmosphere/sensorAtmosphere'
[LOG 18:33:31.381] PartLoader: Part 'Squad/Parts/Science/AtmosphereSensor/sensorAtmosphere/sensorAtmosphere' has no database record. Creating.
[LOG 18:33:31.381] [DragCubeSystem]: Drag cubes not found or cannot be read for part Part. Generating New drag cubes.
[LOG 18:33:31.381] [KSPCF/DragCubeGeneration] Creating drag cubes for part 'sensorAtmosphere'
[LOG 18:33:31.386] PartLoader: Compiling Part 'Squad/Parts/Science/GooExperiment/gooExperiment/GooExperiment'
[LOG 18:33:31.390] PartLoader: Part 'Squad/Parts/Science/GooExperiment/gooExperiment/GooExperiment' has no database record. Creating.
[LOG 18:33:31.390] [DragCubeSystem]: Drag cubes not found or cannot be read for part Part. Generating New drag cubes.
[LOG 18:33:31.390] [KSPCF/DragCubeGeneration] Creating drag cubes for part 'GooExperiment'
[LOG 18:33:31.409] PartLoader: Compiling Part 'Squad/Parts/Science/LargeCrewedLab/largeCrewedLab/Large_Crewed_Lab'
[LOG 18:33:31.435] PartLoader: Part 'Squad/Parts/Science/LargeCrewedLab/largeCrewedLab/Large_Crewed_Lab' has no database record. Creating.
[LOG 18:33:31.435] [DragCubeSystem]: Drag cubes not found or cannot be read for part Part. Generating New drag cubes.
[LOG 18:33:31.435] [KSPCF/DragCubeGeneration] Creating drag cubes for part 'Large.Crewed.Lab'
[LOG 18:33:31.441] PartLoader: Compiling Part 'Squad/Parts/Science/Magnetometer/Magnetometer/Magnetometer'
[LOG 18:33:31.450] PartLoader: Part 'Squad/Parts/Science/Magnetometer/Magnetometer/Magnetometer' has no database record. Creating.
[LOG 18:33:31.450] [DragCubeSystem]: Drag cubes not found or cannot be read for part Part. Generating New drag cubes.
[LOG 18:33:31.450] [KSPCF/DragCubeGeneration] Creating drag cubes for part 'Magnetometer'
[LOG 18:33:31.468] PartLoader: Compiling Part 'Squad/Parts/Science/MaterialBay/materialBay/science_module'
[LOG 18:33:31.473] PartLoader: Part 'Squad/Parts/Science/MaterialBay/materialBay/science_module' has no database record. Creating.
[LOG 18:33:31.473] [DragCubeSystem]: Drag cubes not found or cannot be read for part Part. Generating New drag cubes.
[LOG 18:33:31.473] [KSPCF/DragCubeGeneration] Creating drag cubes for part 'science.module'
[LOG 18:33:31.500] PartLoader: Compiling Part 'Squad/Parts/Science/ScienceBox/ScienceBox/ScienceBox'
[LOG 18:33:31.503] PartLoader: Part 'Squad/Parts/Science/ScienceBox/ScienceBox/ScienceBox' has no database record. Creating.
[LOG 18:33:31.503] [DragCubeSystem]: Drag cubes not found or cannot be read for part Part. Generating New drag cubes.
[LOG 18:33:31.503] [KSPCF/DragCubeGeneration] Creating drag cubes for part 'ScienceBox'
[LOG 18:33:31.507] PartLoader: Compiling Part 'Squad/Parts/Science/sensorAccelerometer/sensorAccelerometer/sensorAccelerometer'
[LOG 18:33:31.517] PartLoader: Part 'Squad/Parts/Science/sensorAccelerometer/sensorAccelerometer/sensorAccelerometer' has no database record. Creating.
[LOG 18:33:31.517] [DragCubeSystem]: Drag cubes not found or cannot be read for part Part. Generating New drag cubes.
[LOG 18:33:31.517] [KSPCF/DragCubeGeneration] Creating drag cubes for part 'sensorAccelerometer'
[LOG 18:33:31.523] PartLoader: Compiling Part 'Squad/Parts/Science/sensorBarometer/sensorBarometer/sensorBarometer'
[LOG 18:33:31.527] PartLoader: Part 'Squad/Parts/Science/sensorBarometer/sensorBarometer/sensorBarometer' has no database record. Creating.
[LOG 18:33:31.527] [DragCubeSystem]: Drag cubes not found or cannot be read for part Part. Generating New drag cubes.
[LOG 18:33:31.527] [KSPCF/DragCubeGeneration] Creating drag cubes for part 'sensorBarometer'
[LOG 18:33:31.532] PartLoader: Compiling Part 'Squad/Parts/Science/sensorGravimeter/sensorGravimeter/sensorGravimeter'
[LOG 18:33:31.535] PartLoader: Part 'Squad/Parts/Science/sensorGravimeter/sensorGravimeter/sensorGravimeter' has no database record. Creating.
[LOG 18:33:31.535] [DragCubeSystem]: Drag cubes not found or cannot be read for part Part. Generating New drag cubes.
[LOG 18:33:31.535] [KSPCF/DragCubeGeneration] Creating drag cubes for part 'sensorGravimeter'
[LOG 18:33:31.539] PartLoader: Compiling Part 'Squad/Parts/Science/sensorThermometer/sensorThermometer/sensorThermometer'
[LOG 18:33:31.543] PartLoader: Part 'Squad/Parts/Science/sensorThermometer/sensorThermometer/sensorThermometer' has no database record. Creating.
[LOG 18:33:31.543] [DragCubeSystem]: Drag cubes not found or cannot be read for part Part. Generating New drag cubes.
[LOG 18:33:31.543] [KSPCF/DragCubeGeneration] Creating drag cubes for part 'sensorThermometer'
[LOG 18:33:31.547] PartLoader: Compiling Part 'Squad/Parts/Structural/FLAdapters/adapterSmallMiniShort/adapterSmallMiniShort'
[LOG 18:33:31.550] PartLoader: Part 'Squad/Parts/Structural/FLAdapters/adapterSmallMiniShort/adapterSmallMiniShort' has no database record. Creating.
[LOG 18:33:31.550] [DragCubeSystem]: Drag cubes not found or cannot be read for part Part. Generating New drag cubes.
[LOG 18:33:31.550] [KSPCF/DragCubeGeneration] Creating drag cubes for part 'adapterSmallMiniShort'
[LOG 18:33:31.554] PartLoader: Compiling Part 'Squad/Parts/Structural/FLAdapters/adapterSmallMiniTall/adapterSmallMiniTall'
[LOG 18:33:31.561] PartLoader: Part 'Squad/Parts/Structural/FLAdapters/adapterSmallMiniTall/adapterSmallMiniTall' has no database record. Creating.
[LOG 18:33:31.561] [DragCubeSystem]: Drag cubes not found or cannot be read for part Part. Generating New drag cubes.
[LOG 18:33:31.561] [KSPCF/DragCubeGeneration] Creating drag cubes for part 'adapterSmallMiniTall'
[LOG 18:33:31.565] PartLoader: Compiling Part 'Squad/Parts/Structural/mk1Parts/engineBodyRadial/radialEngineBody'
[LOG 18:33:31.569] PartLoader: Part 'Squad/Parts/Structural/mk1Parts/engineBodyRadial/radialEngineBody' has no database record. Creating.
[LOG 18:33:31.569] [DragCubeSystem]: Drag cubes not found or cannot be read for part Part. Generating New drag cubes.
[LOG 18:33:31.569] [KSPCF/DragCubeGeneration] Creating drag cubes for part 'radialEngineBody'
[LOG 18:33:31.574] PartLoader: Compiling Part 'Squad/Parts/Structural/mk1Parts/engineNacelle/nacelleBody'
[LOG 18:33:31.580] PartLoader: Part 'Squad/Parts/Structural/mk1Parts/engineNacelle/nacelleBody' has no database record. Creating.
[LOG 18:33:31.580] [DragCubeSystem]: Drag cubes not found or cannot be read for part Part. Generating New drag cubes.
[LOG 18:33:31.580] [KSPCF/DragCubeGeneration] Creating drag cubes for part 'nacelleBody'
[LOG 18:33:31.584] PartLoader: Compiling Part 'Squad/Parts/Structural/mk1Parts/mk1Fuselage/MK1Fuselage'
[LOG 18:33:31.587] PartLoader: Part 'Squad/Parts/Structural/mk1Parts/mk1Fuselage/MK1Fuselage' has no database record. Creating.
[LOG 18:33:31.587] [DragCubeSystem]: Drag cubes not found or cannot be read for part Part. Generating New drag cubes.
[LOG 18:33:31.587] [KSPCF/DragCubeGeneration] Creating drag cubes for part 'MK1Fuselage'
[LOG 18:33:31.595] PartLoader: Compiling Part 'Squad/Parts/Structural/mk1Parts/mk1FuselageIntake/MK1IntakeFuselage'
[LOG 18:33:31.600] PartLoader: Part 'Squad/Parts/Structural/mk1Parts/mk1FuselageIntake/MK1IntakeFuselage' has no database record. Creating.
[LOG 18:33:31.600] [DragCubeSystem]: Drag cubes not found or cannot be read for part Part. Generating New drag cubes.
[LOG 18:33:31.600] [KSPCF/DragCubeGeneration] Creating drag cubes for part 'MK1IntakeFuselage'
[LOG 18:33:31.604] PartLoader: Compiling Part 'Squad/Parts/Structural/mk1Parts/mk1Structural/Mk1FuselageStructural'
[LOG 18:33:31.608] PartLoader: Part 'Squad/Parts/Structural/mk1Parts/mk1Structural/Mk1FuselageStructural' has no database record. Creating.
[LOG 18:33:31.608] PartLoader: Compiling Part 'Squad/Parts/Structural/Size3To2Adapter_v2/Size2to3_v2/Size3To2Adapter_v2'
[LOG 18:33:31.612] PartLoader: Part 'Squad/Parts/Structural/Size3To2Adapter_v2/Size2to3_v2/Size3To2Adapter_v2' has no database record. Creating.
[LOG 18:33:31.612] PartLoader: Compiling Part 'Squad/Parts/Structural/stackAdapters/adapterLargeSmallBi/adapterLargeSmallBi'
[LOG 18:33:31.615] PartLoader: Part 'Squad/Parts/Structural/stackAdapters/adapterLargeSmallBi/adapterLargeSmallBi' has no database record. Creating.
[LOG 18:33:31.616] [DragCubeSystem]: Drag cubes not found or cannot be read for part Part. Generating New drag cubes.
[LOG 18:33:31.616] [KSPCF/DragCubeGeneration] Creating drag cubes for part 'adapterLargeSmallBi'
[LOG 18:33:31.619] PartLoader: Compiling Part 'Squad/Parts/Structural/stackAdapters/adapterLargeSmallQuad/adapterLargeSmallQuad'
[LOG 18:33:31.624] PartLoader: Part 'Squad/Parts/Structural/stackAdapters/adapterLargeSmallQuad/adapterLargeSmallQuad' has no database record. Creating.
[LOG 18:33:31.624] [DragCubeSystem]: Drag cubes not found or cannot be read for part Part. Generating New drag cubes.
[LOG 18:33:31.625] [KSPCF/DragCubeGeneration] Creating drag cubes for part 'adapterLargeSmallQuad'
[LOG 18:33:31.634] PartLoader: Compiling Part 'Squad/Parts/Structural/stackAdapters/adapterLargeSmallTri/adapterLargeSmallTri'
[LOG 18:33:31.637] PartLoader: Part 'Squad/Parts/Structural/stackAdapters/adapterLargeSmallTri/adapterLargeSmallTri' has no database record. Creating.
[LOG 18:33:31.637] [DragCubeSystem]: Drag cubes not found or cannot be read for part Part. Generating New drag cubes.
[LOG 18:33:31.637] [KSPCF/DragCubeGeneration] Creating drag cubes for part 'adapterLargeSmallTri'
[LOG 18:33:31.641] PartLoader: Compiling Part 'Squad/Parts/Structural/stationHub/stationHub/stationHub'
[LOG 18:33:31.644] PartLoader: Part 'Squad/Parts/Structural/stationHub/stationHub/stationHub' has no database record. Creating.
[LOG 18:33:31.644] [DragCubeSystem]: Drag cubes not found or cannot be read for part Part. Generating New drag cubes.
[LOG 18:33:31.644] [KSPCF/DragCubeGeneration] Creating drag cubes for part 'stationHub'
[LOG 18:33:31.648] PartLoader: Compiling Part 'Squad/Parts/Structural/structuralIBeam200/structuralIBeam200/structuralIBeam2'
[LOG 18:33:31.651] PartLoader: Part 'Squad/Parts/Structural/structuralIBeam200/structuralIBeam200/structuralIBeam2' has no database record. Creating.
[LOG 18:33:31.651] [DragCubeSystem]: Drag cubes not found or cannot be read for part Part. Generating New drag cubes.
[LOG 18:33:31.651] [KSPCF/DragCubeGeneration] Creating drag cubes for part 'structuralIBeam2'
[LOG 18:33:31.654] PartLoader: Compiling Part 'Squad/Parts/Structural/structuralIBeam200Pocket/structuralIBeam200Pocket/structuralIBeam3'
[LOG 18:33:31.667] PartLoader: Part 'Squad/Parts/Structural/structuralIBeam200Pocket/structuralIBeam200Pocket/structuralIBeam3' has no database record. Creating.
[LOG 18:33:31.667] [DragCubeSystem]: Drag cubes not found or cannot be read for part Part. Generating New drag cubes.
[LOG 18:33:31.667] [KSPCF/DragCubeGeneration] Creating drag cubes for part 'structuralIBeam3'
[LOG 18:33:31.671] PartLoader: Compiling Part 'Squad/Parts/Structural/structuralIBeam650/structuralIBeam650/structuralIBeam1'
[LOG 18:33:31.673] PartLoader: Part 'Squad/Parts/Structural/structuralIBeam650/structuralIBeam650/structuralIBeam1' has no database record. Creating.
[LOG 18:33:31.673] [DragCubeSystem]: Drag cubes not found or cannot be read for part Part. Generating New drag cubes.
[LOG 18:33:31.674] [KSPCF/DragCubeGeneration] Creating drag cubes for part 'structuralIBeam1'
[LOG 18:33:31.677] PartLoader: Compiling Part 'Squad/Parts/Structural/structuralMicronode/structuralMicronode/structuralMiniNode'
[LOG 18:33:31.680] PartLoader: Part 'Squad/Parts/Structural/structuralMicronode/structuralMicronode/structuralMiniNode' has no database record. Creating.
[LOG 18:33:31.680] [DragCubeSystem]: Drag cubes not found or cannot be read for part Part. Generating New drag cubes.
[LOG 18:33:31.680] [KSPCF/DragCubeGeneration] Creating drag cubes for part 'structuralMiniNode'
[LOG 18:33:31.684] PartLoader: Compiling Part 'Squad/Parts/Structural/structuralPanel1x1/structuralPanel1x1/structuralPanel1'
[LOG 18:33:31.687] PartLoader: Part 'Squad/Parts/Structural/structuralPanel1x1/structuralPanel1x1/structuralPanel1' has no database record. Creating.
[LOG 18:33:31.687] [DragCubeSystem]: Drag cubes not found or cannot be read for part Part. Generating New drag cubes.
[LOG 18:33:31.687] [KSPCF/DragCubeGeneration] Creating drag cubes for part 'structuralPanel1'
[LOG 18:33:31.691] PartLoader: Compiling Part 'Squad/Parts/Structural/structuralPanel2x2/structuralPanel2x2/structuralPanel2'
[LOG 18:33:31.693] PartLoader: Part 'Squad/Parts/Structural/structuralPanel2x2/structuralPanel2x2/structuralPanel2' has no database record. Creating.
[LOG 18:33:31.694] [DragCubeSystem]: Drag cubes not found or cannot be read for part Part. Generating New drag cubes.
[LOG 18:33:31.694] [KSPCF/DragCubeGeneration] Creating drag cubes for part 'structuralPanel2'
[LOG 18:33:31.697] PartLoader: Compiling Part 'Squad/Parts/Structural/structuralPylons/smallHardpoint/smallHardpoint'
[LOG 18:33:31.702] PartLoader: Part 'Squad/Parts/Structural/structuralPylons/smallHardpoint/smallHardpoint' has no database record. Creating.
[LOG 18:33:31.702] [DragCubeSystem]: Drag cubes not found or cannot be read for part Part. Generating New drag cubes.
[LOG 18:33:31.702] [KSPCF/DragCubeGeneration] Creating drag cubes for part 'smallHardpoint'
[LOG 18:33:31.706] PartLoader: Compiling Part 'Squad/Parts/Structural/structuralPylons/structuralPylon/structuralPylon'
[LOG 18:33:31.710] PartLoader: Part 'Squad/Parts/Structural/structuralPylons/structuralPylon/structuralPylon' has no database record. Creating.
[LOG 18:33:31.710] [DragCubeSystem]: Drag cubes not found or cannot be read for part Part. Generating New drag cubes.
[LOG 18:33:31.710] [KSPCF/DragCubeGeneration] Creating drag cubes for part 'structuralPylon'
[LOG 18:33:31.714] PartLoader: Compiling Part 'Squad/Parts/Structural/strutCubicOcto/strutCubicOcto/strutCube'
[LOG 18:33:31.717] PartLoader: Part 'Squad/Parts/Structural/strutCubicOcto/strutCubicOcto/strutCube' has no database record. Creating.
[LOG 18:33:31.717] [DragCubeSystem]: Drag cubes not found or cannot be read for part Part. Generating New drag cubes.
[LOG 18:33:31.717] [KSPCF/DragCubeGeneration] Creating drag cubes for part 'strutCube'
[LOG 18:33:31.721] PartLoader: Compiling Part 'Squad/Parts/Structural/strutOcto/strutOcto/strutOcto'
[LOG 18:33:31.724] PartLoader: Part 'Squad/Parts/Structural/strutOcto/strutOcto/strutOcto' has no database record. Creating.
[LOG 18:33:31.724] [DragCubeSystem]: Drag cubes not found or cannot be read for part Part. Generating New drag cubes.
[LOG 18:33:31.724] [KSPCF/DragCubeGeneration] Creating drag cubes for part 'strutOcto'
[LOG 18:33:31.727] PartLoader: Compiling Part 'Squad/Parts/Structural/trussGirderAdapter/trussGirderAdapter/trussAdapter'
[LOG 18:33:31.730] PartLoader: Part 'Squad/Parts/Structural/trussGirderAdapter/trussGirderAdapter/trussAdapter' has no database record. Creating.
[LOG 18:33:31.730] [DragCubeSystem]: Drag cubes not found or cannot be read for part Part. Generating New drag cubes.
[LOG 18:33:31.730] [KSPCF/DragCubeGeneration] Creating drag cubes for part 'trussAdapter'
[LOG 18:33:31.734] PartLoader: Compiling Part 'Squad/Parts/Structural/trussGirderL/trussGirderL/trussPiece1x'
[LOG 18:33:31.738] PartLoader: Part 'Squad/Parts/Structural/trussGirderL/trussGirderL/trussPiece1x' has no database record. Creating.
[LOG 18:33:31.738] [DragCubeSystem]: Drag cubes not found or cannot be read for part Part. Generating New drag cubes.
[LOG 18:33:31.739] [KSPCF/DragCubeGeneration] Creating drag cubes for part 'trussPiece1x'
[LOG 18:33:31.743] PartLoader: Compiling Part 'Squad/Parts/Structural/trussGirderXL/trussGirderXL/trussPiece3x'
[LOG 18:33:31.745] PartLoader: Part 'Squad/Parts/Structural/trussGirderXL/trussGirderXL/trussPiece3x' has no database record. Creating.
[LOG 18:33:31.745] [DragCubeSystem]: Drag cubes not found or cannot be read for part Part. Generating New drag cubes.
[LOG 18:33:31.745] [KSPCF/DragCubeGeneration] Creating drag cubes for part 'trussPiece3x'
[LOG 18:33:31.749] PartLoader: Compiling Part 'Squad/Parts/Thermal/FoldingRadiators/foldingRadLarge/foldingRadLarge'
[LOG 18:33:31.761] PartLoader: Part 'Squad/Parts/Thermal/FoldingRadiators/foldingRadLarge/foldingRadLarge' has no database record. Creating.
[LOG 18:33:31.762] PartLoader: Compiling Part 'Squad/Parts/Thermal/FoldingRadiators/foldingRadMed/foldingRadMed'
[LOG 18:33:31.767] PartLoader: Part 'Squad/Parts/Thermal/FoldingRadiators/foldingRadMed/foldingRadMed' has no database record. Creating.
[LOG 18:33:31.768] PartLoader: Compiling Part 'Squad/Parts/Thermal/FoldingRadiators/foldingRadSmall/foldingRadSmall'
[LOG 18:33:31.772] PartLoader: Part 'Squad/Parts/Thermal/FoldingRadiators/foldingRadSmall/foldingRadSmall' has no database record. Creating.
[LOG 18:33:31.773] PartLoader: Compiling Part 'Squad/Parts/Thermal/RadiatorPanels/radPanelEdge/radPanelEdge'
[LOG 18:33:31.777] PartLoader: Part 'Squad/Parts/Thermal/RadiatorPanels/radPanelEdge/radPanelEdge' has no database record. Creating.
[LOG 18:33:31.778] [DragCubeSystem]: Drag cubes not found or cannot be read for part Part. Generating New drag cubes.
[LOG 18:33:31.778] [KSPCF/DragCubeGeneration] Creating drag cubes for part 'radPanelEdge'
[LOG 18:33:31.782] PartLoader: Compiling Part 'Squad/Parts/Thermal/RadiatorPanels/radPanelLg/radPanelLg'
[LOG 18:33:31.787] PartLoader: Part 'Squad/Parts/Thermal/RadiatorPanels/radPanelLg/radPanelLg' has no database record. Creating.
[LOG 18:33:31.787] [DragCubeSystem]: Drag cubes not found or cannot be read for part Part. Generating New drag cubes.
[LOG 18:33:31.787] [KSPCF/DragCubeGeneration] Creating drag cubes for part 'radPanelLg'
[LOG 18:33:31.792] PartLoader: Compiling Part 'Squad/Parts/Thermal/RadiatorPanels/radPanelSm/radPanelSm'
[LOG 18:33:31.795] PartLoader: Part 'Squad/Parts/Thermal/RadiatorPanels/radPanelSm/radPanelSm' has no database record. Creating.
[LOG 18:33:31.795] [DragCubeSystem]: Drag cubes not found or cannot be read for part Part. Generating New drag cubes.
[LOG 18:33:31.795] [KSPCF/DragCubeGeneration] Creating drag cubes for part 'radPanelSm'
[LOG 18:33:31.800] PartLoader: Compiling Part 'Squad/Parts/Utility/commDish88-88/commDish88-88/commDish'
[LOG 18:33:31.806] PartLoader: Part 'Squad/Parts/Utility/commDish88-88/commDish88-88/commDish' has no database record. Creating.
[LOG 18:33:31.806] [DragCubeSystem]: Drag cubes not found or cannot be read for part Part. Generating New drag cubes.
[LOG 18:33:31.806] [KSPCF/DragCubeGeneration] Creating drag cubes for part 'commDish'
[LOG 18:33:31.823] PartLoader: Compiling Part 'Squad/Parts/Utility/commsAntennaDTS-M1/commsAntennaDTS-M1/mediumDishAntenna'
[LOG 18:33:31.826] PartLoader: Part 'Squad/Parts/Utility/commsAntennaDTS-M1/commsAntennaDTS-M1/mediumDishAntenna' has no database record. Creating.
[LOG 18:33:31.826] [DragCubeSystem]: Drag cubes not found or cannot be read for part Part. Generating New drag cubes.
[LOG 18:33:31.826] [KSPCF/DragCubeGeneration] Creating drag cubes for part 'mediumDishAntenna'
[LOG 18:33:31.848] PartLoader: Compiling Part 'Squad/Parts/Utility/commsDish16/commsAntenna16/longAntenna'
[LOG 18:33:31.852] PartLoader: Part 'Squad/Parts/Utility/commsDish16/commsAntenna16/longAntenna' has no database record. Creating.
[LOG 18:33:31.852] [DragCubeSystem]: Drag cubes not found or cannot be read for part Part. Generating New drag cubes.
[LOG 18:33:31.852] [KSPCF/DragCubeGeneration] Creating drag cubes for part 'longAntenna'
[LOG 18:33:31.880] PartLoader: Compiling Part 'Squad/Parts/Utility/decouplerRadialHDM/decouplerRadialHDM/radialDecoupler1-2'
[LOG 18:33:31.887] PartLoader: Part 'Squad/Parts/Utility/decouplerRadialHDM/decouplerRadialHDM/radialDecoupler1-2' has no database record. Creating.
[LOG 18:33:31.887] [DragCubeSystem]: Drag cubes not found or cannot be read for part Part. Generating New drag cubes.
[LOG 18:33:31.887] [KSPCF/DragCubeGeneration] Creating drag cubes for part 'radialDecoupler1-2'
[LOG 18:33:31.892] PartLoader: Compiling Part 'Squad/Parts/Utility/decouplerRadialTT-38K/decouplerRadialTT-38K/radialDecoupler'
[LOG 18:33:31.897] PartLoader: Part 'Squad/Parts/Utility/decouplerRadialTT-38K/decouplerRadialTT-38K/radialDecoupler' has no database record. Creating.
[LOG 18:33:31.898] [DragCubeSystem]: Drag cubes not found or cannot be read for part Part. Generating New drag cubes.
[LOG 18:33:31.898] [KSPCF/DragCubeGeneration] Creating drag cubes for part 'radialDecoupler'
[LOG 18:33:31.902] PartLoader: Compiling Part 'Squad/Parts/Utility/decouplerRadialTT-70/decouplerRadialTT-70/radialDecoupler2'
[LOG 18:33:31.907] PartLoader: Part 'Squad/Parts/Utility/decouplerRadialTT-70/decouplerRadialTT-70/radialDecoupler2' has no database record. Creating.
[LOG 18:33:31.907] [DragCubeSystem]: Drag cubes not found or cannot be read for part Part. Generating New drag cubes.
[LOG 18:33:31.907] [KSPCF/DragCubeGeneration] Creating drag cubes for part 'radialDecoupler2'
[LOG 18:33:31.911] PartLoader: Compiling Part 'Squad/Parts/Utility/DirectAntennas/C16S/SurfAntenna'
[LOG 18:33:31.914] PartLoader: Part 'Squad/Parts/Utility/DirectAntennas/C16S/SurfAntenna' has no database record. Creating.
[LOG 18:33:31.914] [DragCubeSystem]: Drag cubes not found or cannot be read for part Part. Generating New drag cubes.
[LOG 18:33:31.914] [KSPCF/DragCubeGeneration] Creating drag cubes for part 'SurfAntenna'
[LOG 18:33:31.919] PartLoader: Compiling Part 'Squad/Parts/Utility/DirectAntennas/HG-5/HighGainAntenna5'
[LOG 18:33:31.923] PartLoader: Part 'Squad/Parts/Utility/DirectAntennas/HG-5/HighGainAntenna5' has no database record. Creating.
[LOG 18:33:31.923] [DragCubeSystem]: Drag cubes not found or cannot be read for part Part. Generating New drag cubes.
[LOG 18:33:31.923] [KSPCF/DragCubeGeneration] Creating drag cubes for part 'HighGainAntenna5'
[LOG 18:33:31.944] PartLoader: Compiling Part 'Squad/Parts/Utility/DirectAntennas/HG-5_v2/HighGainAntenna5_v2'
[LOG 18:33:31.948] PartLoader: Part 'Squad/Parts/Utility/DirectAntennas/HG-5_v2/HighGainAntenna5_v2' has no database record. Creating.
[LOG 18:33:31.948] [DragCubeSystem]: Drag cubes not found or cannot be read for part Part. Generating New drag cubes.
[LOG 18:33:31.948] [KSPCF/DragCubeGeneration] Creating drag cubes for part 'HighGainAntenna5.v2'
[LOG 18:33:31.975] PartLoader: Compiling Part 'Squad/Parts/Utility/dockingPort/dockingPort/dockingPort2'
[LOG 18:33:31.985] PartLoader: Part 'Squad/Parts/Utility/dockingPort/dockingPort/dockingPort2' has no database record. Creating.
[LOG 18:33:31.985] [DragCubeSystem]: Drag cubes not found or cannot be read for part Part. Generating New drag cubes.
[LOG 18:33:31.985] [KSPCF/DragCubeGeneration] Creating drag cubes for part 'dockingPort2'
[LOG 18:33:31.991] PartLoader: Compiling Part 'Squad/Parts/Utility/dockingPortInline/dockingPortInline/dockingPortLateral'
[LOG 18:33:31.997] PartLoader: Part 'Squad/Parts/Utility/dockingPortInline/dockingPortInline/dockingPortLateral' has no database record. Creating.
[LOG 18:33:31.997] [DragCubeSystem]: Drag cubes not found or cannot be read for part Part. Generating New drag cubes.
[LOG 18:33:31.997] [KSPCF/DragCubeGeneration] Creating drag cubes for part 'dockingPortLateral'
[LOG 18:33:32.022] PartLoader: Compiling Part 'Squad/Parts/Utility/dockingPortJr/dockingPortJr/dockingPort3'
[LOG 18:33:32.025] PartLoader: Part 'Squad/Parts/Utility/dockingPortJr/dockingPortJr/dockingPort3' has no database record. Creating.
[LOG 18:33:32.026] [DragCubeSystem]: Drag cubes not found or cannot be read for part Part. Generating New drag cubes.
[LOG 18:33:32.026] [KSPCF/DragCubeGeneration] Creating drag cubes for part 'dockingPort3'
[LOG 18:33:32.030] PartLoader: Compiling Part 'Squad/Parts/Utility/dockingPortShielded/dockingPortShielded/dockingPort1'
[LOG 18:33:32.035] PartLoader: Part 'Squad/Parts/Utility/dockingPortShielded/dockingPortShielded/dockingPort1' has no database record. Creating.
[LOG 18:33:32.035] [DragCubeSystem]: Drag cubes not found or cannot be read for part Part. Generating New drag cubes.
[LOG 18:33:32.035] [KSPCF/DragCubeGeneration] Creating drag cubes for part 'dockingPort1'
[LOG 18:33:32.052] PartLoader: Compiling Part 'Squad/Parts/Utility/dockingPortSr/dockingPortSr/dockingPortLarge'
[LOG 18:33:32.057] PartLoader: Part 'Squad/Parts/Utility/dockingPortSr/dockingPortSr/dockingPortLarge' has no database record. Creating.
[LOG 18:33:32.057] [DragCubeSystem]: Drag cubes not found or cannot be read for part Part. Generating New drag cubes.
[LOG 18:33:32.057] [KSPCF/DragCubeGeneration] Creating drag cubes for part 'dockingPortLarge'
[LOG 18:33:32.062] PartLoader: Compiling Part 'Squad/Parts/Utility/Fireworks/fireworksLauncherBig/fireworksLauncherBig'
[LOG 18:33:32.074] PartLoader: Part 'Squad/Parts/Utility/Fireworks/fireworksLauncherBig/fireworksLauncherBig' has no database record. Creating.
[LOG 18:33:32.074] [DragCubeSystem]: Drag cubes not found or cannot be read for part Part. Generating New drag cubes.
[LOG 18:33:32.074] [KSPCF/DragCubeGeneration] Creating drag cubes for part 'fireworksLauncherBig'
[LOG 18:33:32.080] PartLoader: Compiling Part 'Squad/Parts/Utility/Fireworks/fireworksLauncherSmall/fireworksLauncherSmall'
[LOG 18:33:32.092] PartLoader: Part 'Squad/Parts/Utility/Fireworks/fireworksLauncherSmall/fireworksLauncherSmall' has no database record. Creating.
[LOG 18:33:32.092] [DragCubeSystem]: Drag cubes not found or cannot be read for part Part. Generating New drag cubes.
[LOG 18:33:32.092] [KSPCF/DragCubeGeneration] Creating drag cubes for part 'fireworksLauncherSmall'
[LOG 18:33:32.096] PartLoader: Compiling Part 'Squad/Parts/Utility/flags/flagFlat/flagFlat/flagPartFlat'
[LOG 18:33:32.104] PartLoader: Part 'Squad/Parts/Utility/flags/flagFlat/flagFlat/flagPartFlat' has no database record. Creating.
[LOG 18:33:32.105] [DragCubeSystem]: Drag cubes not found or cannot be read for part Part. Generating New drag cubes.
[LOG 18:33:32.105] [KSPCF/DragCubeGeneration] Creating drag cubes for part 'flagPartFlat'
[LOG 18:33:32.109] PartLoader: Compiling Part 'Squad/Parts/Utility/flags/flagSize0/flagSize0/flagPartSize0'
[LOG 18:33:32.115] PartLoader: Part 'Squad/Parts/Utility/flags/flagSize0/flagSize0/flagPartSize0' has no database record. Creating.
[LOG 18:33:32.115] [DragCubeSystem]: Drag cubes not found or cannot be read for part Part. Generating New drag cubes.
[LOG 18:33:32.115] [KSPCF/DragCubeGeneration] Creating drag cubes for part 'flagPartSize0'
[LOG 18:33:32.119] PartLoader: Compiling Part 'Squad/Parts/Utility/flags/flagSize1/flagSize1/flagPartSize1'
[LOG 18:33:32.124] PartLoader: Part 'Squad/Parts/Utility/flags/flagSize1/flagSize1/flagPartSize1' has no database record. Creating.
[LOG 18:33:32.124] [DragCubeSystem]: Drag cubes not found or cannot be read for part Part. Generating New drag cubes.
[LOG 18:33:32.124] [KSPCF/DragCubeGeneration] Creating drag cubes for part 'flagPartSize1'
[LOG 18:33:32.129] PartLoader: Compiling Part 'Squad/Parts/Utility/flags/flagSize2/flagSize2/flagPartSize2'
[LOG 18:33:32.134] PartLoader: Part 'Squad/Parts/Utility/flags/flagSize2/flagSize2/flagPartSize2' has no database record. Creating.
[LOG 18:33:32.134] [DragCubeSystem]: Drag cubes not found or cannot be read for part Part. Generating New drag cubes.
[LOG 18:33:32.134] [KSPCF/DragCubeGeneration] Creating drag cubes for part 'flagPartSize2'
[LOG 18:33:32.138] PartLoader: Compiling Part 'Squad/Parts/Utility/flags/flagSize3/flagSize3/flagPartSize3'
[LOG 18:33:32.143] PartLoader: Part 'Squad/Parts/Utility/flags/flagSize3/flagSize3/flagPartSize3' has no database record. Creating.
[LOG 18:33:32.143] [DragCubeSystem]: Drag cubes not found or cannot be read for part Part. Generating New drag cubes.
[LOG 18:33:32.143] [KSPCF/DragCubeGeneration] Creating drag cubes for part 'flagPartSize3'
[LOG 18:33:32.148] PartLoader: Compiling Part 'Squad/Parts/Utility/GrapplingDevice/part/GrapplingDevice'
[LOG 18:33:32.160] PartLoader: Part 'Squad/Parts/Utility/GrapplingDevice/part/GrapplingDevice' has no database record. Creating.
[LOG 18:33:32.160] [DragCubeSystem]: Drag cubes not found or cannot be read for part Part. Generating New drag cubes.
[LOG 18:33:32.160] [KSPCF/DragCubeGeneration] Creating drag cubes for part 'GrapplingDevice'
[LOG 18:33:32.194] PartLoader: Compiling Part 'Squad/Parts/Utility/ladderRadial/ladderRadial/ladder1'
[LOG 18:33:32.196] PartLoader: Part 'Squad/Parts/Utility/ladderRadial/ladderRadial/ladder1' has no database record. Creating.
[LOG 18:33:32.197] [DragCubeSystem]: Drag cubes not found or cannot be read for part Part. Generating New drag cubes.
[LOG 18:33:32.197] [KSPCF/DragCubeGeneration] Creating drag cubes for part 'ladder1'
[LOG 18:33:32.201] PartLoader: Compiling Part 'Squad/Parts/Utility/ladderTelescopic/ladderTelescopic/telescopicLadder'
[LOG 18:33:32.207] PartLoader: Part 'Squad/Parts/Utility/ladderTelescopic/ladderTelescopic/telescopicLadder' has no database record. Creating.
[LOG 18:33:32.207] [DragCubeSystem]: Drag cubes not found or cannot be read for part Part. Generating New drag cubes.
[LOG 18:33:32.207] [KSPCF/DragCubeGeneration] Creating drag cubes for part 'telescopicLadder'
[LOG 18:33:32.225] PartLoader: Compiling Part 'Squad/Parts/Utility/ladderTelescopicBay/ladderTelescopicBay/telescopicLadderBay'
[LOG 18:33:32.240] PartLoader: Part 'Squad/Parts/Utility/ladderTelescopicBay/ladderTelescopicBay/telescopicLadderBay' has no database record. Creating.
[LOG 18:33:32.240] [DragCubeSystem]: Drag cubes not found or cannot be read for part Part. Generating New drag cubes.
[LOG 18:33:32.240] [KSPCF/DragCubeGeneration] Creating drag cubes for part 'telescopicLadderBay'
[LOG 18:33:32.257] PartLoader: Compiling Part 'Squad/Parts/Utility/landingLegLT-1/landingLegLT-1/landingLeg1'
[LOG 18:33:32.286] PartLoader: Part 'Squad/Parts/Utility/landingLegLT-1/landingLegLT-1/landingLeg1' has no database record. Creating.
[LOG 18:33:32.286] [DragCubeSystem]: Drag cubes not found or cannot be read for part Part. Generating New drag cubes.
[LOG 18:33:32.286] [KSPCF/DragCubeGeneration] Creating drag cubes for part 'landingLeg1'
[LOG 18:33:32.320] PartLoader: Compiling Part 'Squad/Parts/Utility/landingLegLT-2/landingLegLT-2/landingLeg1-2'
[LOG 18:33:32.327] PartLoader: Part 'Squad/Parts/Utility/landingLegLT-2/landingLegLT-2/landingLeg1-2' has no database record. Creating.
[LOG 18:33:32.327] [DragCubeSystem]: Drag cubes not found or cannot be read for part Part. Generating New drag cubes.
[LOG 18:33:32.327] [KSPCF/DragCubeGeneration] Creating drag cubes for part 'landingLeg1-2'
[LOG 18:33:32.352] PartLoader: Compiling Part 'Squad/Parts/Utility/landingLegLT-5/landingLegLT-5/miniLandingLeg'
[LOG 18:33:32.358] PartLoader: Part 'Squad/Parts/Utility/landingLegLT-5/landingLegLT-5/miniLandingLeg' has no database record. Creating.
[LOG 18:33:32.359] [DragCubeSystem]: Drag cubes not found or cannot be read for part Part. Generating New drag cubes.
[LOG 18:33:32.359] [KSPCF/DragCubeGeneration] Creating drag cubes for part 'miniLandingLeg'
[LOG 18:33:32.384] PartLoader: Compiling Part 'Squad/Parts/Utility/launchClamp1/launchClamp1/launchClamp1'
[LOG 18:33:32.390] PartLoader: Part 'Squad/Parts/Utility/launchClamp1/launchClamp1/launchClamp1' has no database record. Creating.
[LOG 18:33:32.390] [DragCubeSystem]: Drag cubes not found or cannot be read for part Part. Generating New drag cubes.
[LOG 18:33:32.390] [KSPCF/DragCubeGeneration] Creating drag cubes for part 'launchClamp1'
[LOG 18:33:32.395] PartLoader: Compiling Part 'Squad/Parts/Utility/launchEscapeSystem/part/LaunchEscapeSystem'
[LOG 18:33:32.400] PartLoader: Part 'Squad/Parts/Utility/launchEscapeSystem/part/LaunchEscapeSystem' has no database record. Creating.
[LOG 18:33:32.400] [DragCubeSystem]: Drag cubes not found or cannot be read for part Part. Generating New drag cubes.
[LOG 18:33:32.400] [KSPCF/DragCubeGeneration] Creating drag cubes for part 'LaunchEscapeSystem'
[LOG 18:33:32.406] PartLoader: Compiling Part 'Squad/Parts/Utility/Lights/domeLight1/domeLight1'
[LOG 18:33:32.411] PartLoader: Part 'Squad/Parts/Utility/Lights/domeLight1/domeLight1' has no database record. Creating.
[LOG 18:33:32.411] [DragCubeSystem]: Drag cubes not found or cannot be read for part Part. Generating New drag cubes.
[LOG 18:33:32.411] [KSPCF/DragCubeGeneration] Creating drag cubes for part 'domeLight1'
[LOG 18:33:32.416] PartLoader: Compiling Part 'Squad/Parts/Utility/Lights/groundLight1/groundLight1'
[LOG 18:33:32.421] PartLoader: Part 'Squad/Parts/Utility/Lights/groundLight1/groundLight1' has no database record. Creating.
[LOG 18:33:32.421] [DragCubeSystem]: Drag cubes not found or cannot be read for part Part. Generating New drag cubes.
[LOG 18:33:32.421] [KSPCF/DragCubeGeneration] Creating drag cubes for part 'groundLight1'
[LOG 18:33:32.427] PartLoader: Compiling Part 'Squad/Parts/Utility/Lights/groundLight2/groundLight2'
[LOG 18:33:32.431] PartLoader: Part 'Squad/Parts/Utility/Lights/groundLight2/groundLight2' has no database record. Creating.
[LOG 18:33:32.431] [DragCubeSystem]: Drag cubes not found or cannot be read for part Part. Generating New drag cubes.
[LOG 18:33:32.432] [KSPCF/DragCubeGeneration] Creating drag cubes for part 'groundLight2'
[LOG 18:33:32.436] PartLoader: Compiling Part 'Squad/Parts/Utility/Lights/navLight1/navLight1'
[LOG 18:33:32.441] PartLoader: Part 'Squad/Parts/Utility/Lights/navLight1/navLight1' has no database record. Creating.
[LOG 18:33:32.442] [DragCubeSystem]: Drag cubes not found or cannot be read for part Part. Generating New drag cubes.
[LOG 18:33:32.442] [KSPCF/DragCubeGeneration] Creating drag cubes for part 'navLight1'
[LOG 18:33:32.446] PartLoader: Compiling Part 'Squad/Parts/Utility/Lights/spotLight1/spotLight3'
[LOG 18:33:32.450] PartLoader: Part 'Squad/Parts/Utility/Lights/spotLight1/spotLight3' has no database record. Creating.
[LOG 18:33:32.450] [DragCubeSystem]: Drag cubes not found or cannot be read for part Part. Generating New drag cubes.
[LOG 18:33:32.450] [KSPCF/DragCubeGeneration] Creating drag cubes for part 'spotLight3'
[LOG 18:33:32.454] PartLoader: Compiling Part 'Squad/Parts/Utility/Lights/stripLight1/stripLight1'
[LOG 18:33:32.459] PartLoader: Part 'Squad/Parts/Utility/Lights/stripLight1/stripLight1' has no database record. Creating.
[LOG 18:33:32.459] [DragCubeSystem]: Drag cubes not found or cannot be read for part Part. Generating New drag cubes.
[LOG 18:33:32.459] [KSPCF/DragCubeGeneration] Creating drag cubes for part 'stripLight1'
[LOG 18:33:32.463] PartLoader: Compiling Part 'Squad/Parts/Utility/linearVernorRCS/linearRCS/linearRcs'
[LOG 18:33:32.470] PartLoader: Part 'Squad/Parts/Utility/linearVernorRCS/linearRCS/linearRcs' has no database record. Creating.
[LOG 18:33:32.470] [DragCubeSystem]: Drag cubes not found or cannot be read for part Part. Generating New drag cubes.
[LOG 18:33:32.470] [KSPCF/DragCubeGeneration] Creating drag cubes for part 'linearRcs'
[LOG 18:33:32.476] PartLoader: Compiling Part 'Squad/Parts/Utility/linearVernorRCS/vernorEngine/vernierEngine'
[LOG 18:33:32.483] PartLoader: Part 'Squad/Parts/Utility/linearVernorRCS/vernorEngine/vernierEngine' has no database record. Creating.
[LOG 18:33:32.483] [DragCubeSystem]: Drag cubes not found or cannot be read for part Part. Generating New drag cubes.
[LOG 18:33:32.483] [KSPCF/DragCubeGeneration] Creating drag cubes for part 'vernierEngine'
[LOG 18:33:32.487] PartLoader: Compiling Part 'Squad/Parts/Utility/mk2CargoBay/BayL/mk2CargoBayL'
[LOG 18:33:32.491] PartLoader: Part 'Squad/Parts/Utility/mk2CargoBay/BayL/mk2CargoBayL' has no database record. Creating.
[LOG 18:33:32.492] PartLoader: Compiling Part 'Squad/Parts/Utility/mk2CargoBay/BayS/mk2CargoBayS'
[LOG 18:33:32.496] PartLoader: Part 'Squad/Parts/Utility/mk2CargoBay/BayS/mk2CargoBayS' has no database record. Creating.
[LOG 18:33:32.496] PartLoader: Compiling Part 'Squad/Parts/Utility/mk2CrewCabin/mk2CrewCabin/mk2CrewCabin'
[WRN 18:33:32.498] [Part]: Cannot have ModuleCargoPart and ModuleInventoryPart on same Part [mk2CrewCabin'. Removed ModuleCargoPart
[LOG 18:33:32.500] PartLoader: Part 'Squad/Parts/Utility/mk2CrewCabin/mk2CrewCabin/mk2CrewCabin' has no database record. Creating.
[LOG 18:33:32.501] [DragCubeSystem]: Drag cubes not found or cannot be read for part Part. Generating New drag cubes.
[LOG 18:33:32.501] [KSPCF/DragCubeGeneration] Creating drag cubes for part 'mk2CrewCabin'
[LOG 18:33:32.505] PartLoader: Compiling Part 'Squad/Parts/Utility/mk2DockingPort/mk2DockingPort/mk2DockingPort'
[LOG 18:33:32.511] PartLoader: Part 'Squad/Parts/Utility/mk2DockingPort/mk2DockingPort/mk2DockingPort' has no database record. Creating.
[LOG 18:33:32.511] PartLoader: Compiling Part 'Squad/Parts/Utility/mk3CargoBay/long/mk3CargoBayL'
[LOG 18:33:32.515] PartLoader: Part 'Squad/Parts/Utility/mk3CargoBay/long/mk3CargoBayL' has no database record. Creating.
[LOG 18:33:32.515] PartLoader: Compiling Part 'Squad/Parts/Utility/mk3CargoBay/medium/mk3CargoBayM'
[LOG 18:33:32.518] PartLoader: Part 'Squad/Parts/Utility/mk3CargoBay/medium/mk3CargoBayM' has no database record. Creating.
[LOG 18:33:32.518] PartLoader: Compiling Part 'Squad/Parts/Utility/mk3CargoBay/ramp/mk3CargoRamp'
[LOG 18:33:32.522] PartLoader: Part 'Squad/Parts/Utility/mk3CargoBay/ramp/mk3CargoRamp' has no database record. Creating.
[LOG 18:33:32.522] PartLoader: Compiling Part 'Squad/Parts/Utility/mk3CargoBay/short/mk3CargoBayS'
[LOG 18:33:32.526] PartLoader: Part 'Squad/Parts/Utility/mk3CargoBay/short/mk3CargoBayS' has no database record. Creating.
[LOG 18:33:32.526] PartLoader: Compiling Part 'Squad/Parts/Utility/parachuteMk1/parachuteMk1/parachuteSingle'
[LOG 18:33:32.536] PartLoader: Part 'Squad/Parts/Utility/parachuteMk1/parachuteMk1/parachuteSingle' has no database record. Creating.
[LOG 18:33:32.536] [DragCubeSystem]: Drag cubes not found or cannot be read for part Part. Generating New drag cubes.
[LOG 18:33:32.536] [KSPCF/DragCubeGeneration] Creating drag cubes for part 'parachuteSingle'
[LOG 18:33:32.577] PartLoader: Compiling Part 'Squad/Parts/Utility/parachuteMk12-R/parachuteMk12-R/radialDrogue'
[LOG 18:33:32.581] PartLoader: Part 'Squad/Parts/Utility/parachuteMk12-R/parachuteMk12-R/radialDrogue' has no database record. Creating.
[LOG 18:33:32.581] [DragCubeSystem]: Drag cubes not found or cannot be read for part Part. Generating New drag cubes.
[LOG 18:33:32.581] [KSPCF/DragCubeGeneration] Creating drag cubes for part 'radialDrogue'
[LOG 18:33:32.621] PartLoader: Compiling Part 'Squad/Parts/Utility/parachuteMk16-XL/parachuteMk16-XL/parachuteLarge'
[LOG 18:33:32.625] PartLoader: Part 'Squad/Parts/Utility/parachuteMk16-XL/parachuteMk16-XL/parachuteLarge' has no database record. Creating.
[LOG 18:33:32.625] [DragCubeSystem]: Drag cubes not found or cannot be read for part Part. Generating New drag cubes.
[LOG 18:33:32.625] [KSPCF/DragCubeGeneration] Creating drag cubes for part 'parachuteLarge'
[LOG 18:33:32.669] PartLoader: Compiling Part 'Squad/Parts/Utility/parachuteMk2-R/parachuteMk2-R/parachuteRadial'
[LOG 18:33:32.673] PartLoader: Part 'Squad/Parts/Utility/parachuteMk2-R/parachuteMk2-R/parachuteRadial' has no database record. Creating.
[LOG 18:33:32.673] [DragCubeSystem]: Drag cubes not found or cannot be read for part Part. Generating New drag cubes.
[LOG 18:33:32.673] [KSPCF/DragCubeGeneration] Creating drag cubes for part 'parachuteRadial'
[LOG 18:33:32.716] PartLoader: Compiling Part 'Squad/Parts/Utility/parachuteMk25/parachuteMk25/parachuteDrogue'
[LOG 18:33:32.720] PartLoader: Part 'Squad/Parts/Utility/parachuteMk25/parachuteMk25/parachuteDrogue' has no database record. Creating.
[LOG 18:33:32.720] [DragCubeSystem]: Drag cubes not found or cannot be read for part Part. Generating New drag cubes.
[LOG 18:33:32.720] [KSPCF/DragCubeGeneration] Creating drag cubes for part 'parachuteDrogue'
[LOG 18:33:32.764] PartLoader: Compiling Part 'Squad/Parts/Utility/radialAttachmentPoint/radialAttachmentPoint/stackPoint1'
[LOG 18:33:32.767] PartLoader: Part 'Squad/Parts/Utility/radialAttachmentPoint/radialAttachmentPoint/stackPoint1' has no database record. Creating.
[LOG 18:33:32.767] [DragCubeSystem]: Drag cubes not found or cannot be read for part Part. Generating New drag cubes.
[LOG 18:33:32.767] [KSPCF/DragCubeGeneration] Creating drag cubes for part 'stackPoint1'
[LOG 18:33:32.771] PartLoader: Compiling Part 'Squad/Parts/Utility/rcsBlockRV-105_v2/rcsBlockRV-105/RCSBlock_v2'
[LOG 18:33:32.778] PartLoader: Part 'Squad/Parts/Utility/rcsBlockRV-105_v2/rcsBlockRV-105/RCSBlock_v2' has no database record. Creating.
[LOG 18:33:32.778] [DragCubeSystem]: Drag cubes not found or cannot be read for part Part. Generating New drag cubes.
[LOG 18:33:32.778] [KSPCF/DragCubeGeneration] Creating drag cubes for part 'RCSBlock.v2'
[LOG 18:33:32.844] PartLoader: Compiling Part 'Squad/Parts/Utility/rcsBlockRV-105_v2/RCSblock_01_small/RCSblock_01_small'
[LOG 18:33:32.851] PartLoader: Part 'Squad/Parts/Utility/rcsBlockRV-105_v2/RCSblock_01_small/RCSblock_01_small' has no database record. Creating.
[LOG 18:33:32.851] [DragCubeSystem]: Drag cubes not found or cannot be read for part Part. Generating New drag cubes.
[LOG 18:33:32.851] [KSPCF/DragCubeGeneration] Creating drag cubes for part 'RCSblock.01.small'
[LOG 18:33:32.924] PartLoader: Compiling Part 'Squad/Parts/Utility/rcsSmallLinear/RCSLinearSmall/RCSLinearSmall'
[LOG 18:33:32.929] PartLoader: Part 'Squad/Parts/Utility/rcsSmallLinear/RCSLinearSmall/RCSLinearSmall' has no database record. Creating.
[LOG 18:33:32.930] [DragCubeSystem]: Drag cubes not found or cannot be read for part Part. Generating New drag cubes.
[LOG 18:33:32.930] [KSPCF/DragCubeGeneration] Creating drag cubes for part 'RCSLinearSmall'
[LOG 18:33:32.957] PartLoader: Compiling Part 'Squad/Parts/Utility/RelayAntennas/RA-100/RelayAntenna100'
[LOG 18:33:32.962] PartLoader: Part 'Squad/Parts/Utility/RelayAntennas/RA-100/RelayAntenna100' has no database record. Creating.
[LOG 18:33:32.962] [DragCubeSystem]: Drag cubes not found or cannot be read for part Part. Generating New drag cubes.
[LOG 18:33:32.962] [KSPCF/DragCubeGeneration] Creating drag cubes for part 'RelayAntenna100'
[LOG 18:33:32.967] PartLoader: Compiling Part 'Squad/Parts/Utility/RelayAntennas/RA-5/RelayAntenna5'
[LOG 18:33:32.971] PartLoader: Part 'Squad/Parts/Utility/RelayAntennas/RA-5/RelayAntenna5' has no database record. Creating.
[LOG 18:33:32.971] [DragCubeSystem]: Drag cubes not found or cannot be read for part Part. Generating New drag cubes.
[LOG 18:33:32.971] [KSPCF/DragCubeGeneration] Creating drag cubes for part 'RelayAntenna5'
[LOG 18:33:32.977] PartLoader: Compiling Part 'Squad/Parts/Utility/RelayAntennas/RA-50/RelayAntenna50'
[LOG 18:33:32.982] PartLoader: Part 'Squad/Parts/Utility/RelayAntennas/RA-50/RelayAntenna50' has no database record. Creating.
[LOG 18:33:32.982] [DragCubeSystem]: Drag cubes not found or cannot be read for part Part. Generating New drag cubes.
[LOG 18:33:32.983] [KSPCF/DragCubeGeneration] Creating drag cubes for part 'RelayAntenna50'
[LOG 18:33:32.988] PartLoader: Compiling Part 'Squad/Parts/Utility/rockomaxAdapters/largeAdapter/largeAdapter'
[LOG 18:33:32.991] PartLoader: Part 'Squad/Parts/Utility/rockomaxAdapters/largeAdapter/largeAdapter' has no database record. Creating.
[LOG 18:33:32.991] [DragCubeSystem]: Drag cubes not found or cannot be read for part Part. Generating New drag cubes.
[LOG 18:33:32.991] [KSPCF/DragCubeGeneration] Creating drag cubes for part 'largeAdapter'
[LOG 18:33:32.995] PartLoader: Compiling Part 'Squad/Parts/Utility/rockomaxAdapters/largeAdapterShort/largeAdapter2'
[LOG 18:33:32.998] PartLoader: Part 'Squad/Parts/Utility/rockomaxAdapters/largeAdapterShort/largeAdapter2' has no database record. Creating.
[LOG 18:33:32.998] [DragCubeSystem]: Drag cubes not found or cannot be read for part Part. Generating New drag cubes.
[LOG 18:33:32.998] [KSPCF/DragCubeGeneration] Creating drag cubes for part 'largeAdapter2'
[LOG 18:33:33.003] PartLoader: Compiling Part 'Squad/Parts/Utility/ServiceBay_v2/ServiceBay_125_v2/ServiceBay_125_v2'
[LOG 18:33:33.007] PartLoader: Part 'Squad/Parts/Utility/ServiceBay_v2/ServiceBay_125_v2/ServiceBay_125_v2' has no database record. Creating.
[LOG 18:33:33.007] [DragCubeSystem]: Drag cubes not found or cannot be read for part Part. Generating New drag cubes.
[LOG 18:33:33.007] [KSPCF/DragCubeGeneration] Creating drag cubes for part 'ServiceBay.125.v2'
[LOG 18:33:33.020] PartLoader: Compiling Part 'Squad/Parts/Utility/ServiceBay_v2/ServiceBay_250_v2/ServiceBay_250_v2'
[LOG 18:33:33.024] PartLoader: Part 'Squad/Parts/Utility/ServiceBay_v2/ServiceBay_250_v2/ServiceBay_250_v2' has no database record. Creating.
[LOG 18:33:33.024] [DragCubeSystem]: Drag cubes not found or cannot be read for part Part. Generating New drag cubes.
[LOG 18:33:33.024] [KSPCF/DragCubeGeneration] Creating drag cubes for part 'ServiceBay.250.v2'
[LOG 18:33:33.050] PartLoader: Compiling Part 'Squad/Parts/Utility/smallClaw/smallClaw/smallClaw'
[LOG 18:33:33.058] PartLoader: Part 'Squad/Parts/Utility/smallClaw/smallClaw/smallClaw' has no database record. Creating.
[LOG 18:33:33.058] [DragCubeSystem]: Drag cubes not found or cannot be read for part Part. Generating New drag cubes.
[LOG 18:33:33.058] [KSPCF/DragCubeGeneration] Creating drag cubes for part 'smallClaw'
[LOG 18:33:33.084] PartLoader: Compiling Part 'Squad/Parts/Utility/spotLightMk1/spotLightMk1/spotLight1'
[LOG 18:33:33.088] PartLoader: Part 'Squad/Parts/Utility/spotLightMk1/spotLightMk1/spotLight1' has no database record. Creating.
[LOG 18:33:33.088] [DragCubeSystem]: Drag cubes not found or cannot be read for part Part. Generating New drag cubes.
[LOG 18:33:33.088] [KSPCF/DragCubeGeneration] Creating drag cubes for part 'spotLight1'
[LOG 18:33:33.092] PartLoader: Compiling Part 'Squad/Parts/Utility/spotLightMk1_v2/spotLightMk1_v2/spotLight1_v2'
[LOG 18:33:33.097] PartLoader: Part 'Squad/Parts/Utility/spotLightMk1_v2/spotLightMk1_v2/spotLight1_v2' has no database record. Creating.
[LOG 18:33:33.097] [DragCubeSystem]: Drag cubes not found or cannot be read for part Part. Generating New drag cubes.
[LOG 18:33:33.097] [KSPCF/DragCubeGeneration] Creating drag cubes for part 'spotLight1.v2'
[LOG 18:33:33.102] PartLoader: Compiling Part 'Squad/Parts/Utility/spotLightMk2/spotLightMk2/spotLight2'
[LOG 18:33:33.106] PartLoader: Part 'Squad/Parts/Utility/spotLightMk2/spotLightMk2/spotLight2' has no database record. Creating.
[LOG 18:33:33.106] [DragCubeSystem]: Drag cubes not found or cannot be read for part Part. Generating New drag cubes.
[LOG 18:33:33.107] [KSPCF/DragCubeGeneration] Creating drag cubes for part 'spotLight2'
[LOG 18:33:33.111] PartLoader: Compiling Part 'Squad/Parts/Utility/spotLightMk2_v2/spotLightMk2_v2/spotLight2_v2'
[LOG 18:33:33.115] PartLoader: Part 'Squad/Parts/Utility/spotLightMk2_v2/spotLightMk2_v2/spotLight2_v2' has no database record. Creating.
[LOG 18:33:33.115] [DragCubeSystem]: Drag cubes not found or cannot be read for part Part. Generating New drag cubes.
[LOG 18:33:33.116] [KSPCF/DragCubeGeneration] Creating drag cubes for part 'spotLight2.v2'
[LOG 18:33:33.120] PartLoader: Compiling Part 'Squad/Parts/Utility/stackCouplers/stackBiCoupler_v2/stackBiCoupler_v2'
[LOG 18:33:33.123] PartLoader: Part 'Squad/Parts/Utility/stackCouplers/stackBiCoupler_v2/stackBiCoupler_v2' has no database record. Creating.
[LOG 18:33:33.123] [DragCubeSystem]: Drag cubes not found or cannot be read for part Part. Generating New drag cubes.
[LOG 18:33:33.123] [KSPCF/DragCubeGeneration] Creating drag cubes for part 'stackBiCoupler.v2'
[LOG 18:33:33.127] PartLoader: Compiling Part 'Squad/Parts/Utility/stackCouplers/stackQuadCoupler/stackQuadCoupler'
[LOG 18:33:33.131] PartLoader: Part 'Squad/Parts/Utility/stackCouplers/stackQuadCoupler/stackQuadCoupler' has no database record. Creating.
[LOG 18:33:33.131] [DragCubeSystem]: Drag cubes not found or cannot be read for part Part. Generating New drag cubes.
[LOG 18:33:33.131] [KSPCF/DragCubeGeneration] Creating drag cubes for part 'stackQuadCoupler'
[LOG 18:33:33.135] PartLoader: Compiling Part 'Squad/Parts/Utility/stackCouplers/stackTriCoupler_v2/stackTriCoupler_v2'
[LOG 18:33:33.138] PartLoader: Part 'Squad/Parts/Utility/stackCouplers/stackTriCoupler_v2/stackTriCoupler_v2' has no database record. Creating.
[LOG 18:33:33.138] [DragCubeSystem]: Drag cubes not found or cannot be read for part Part. Generating New drag cubes.
[LOG 18:33:33.138] [KSPCF/DragCubeGeneration] Creating drag cubes for part 'stackTriCoupler.v2'
[LOG 18:33:33.144] PartLoader: Compiling Part 'Squad/Parts/Wheel/LandingGear/GearExtraLarge/GearLarge'
[LOG 18:33:33.160] PartLoader: Part 'Squad/Parts/Wheel/LandingGear/GearExtraLarge/GearLarge' has no database record. Creating.
[LOG 18:33:33.160] [DragCubeSystem]: Drag cubes not found or cannot be read for part Part. Generating New drag cubes.
[LOG 18:33:33.160] [KSPCF/DragCubeGeneration] Creating drag cubes for part 'GearLarge'
[LOG 18:33:33.178] PartLoader: Compiling Part 'Squad/Parts/Wheel/LandingGear/GearFixed/GearFixed'
[LOG 18:33:33.183] PartLoader: Part 'Squad/Parts/Wheel/LandingGear/GearFixed/GearFixed' has no database record. Creating.
[LOG 18:33:33.183] [DragCubeSystem]: Drag cubes not found or cannot be read for part Part. Generating New drag cubes.
[LOG 18:33:33.183] [KSPCF/DragCubeGeneration] Creating drag cubes for part 'GearFixed'
[LOG 18:33:33.187] PartLoader: Compiling Part 'Squad/Parts/Wheel/LandingGear/GearFree/GearFree'
[LOG 18:33:33.196] PartLoader: Part 'Squad/Parts/Wheel/LandingGear/GearFree/GearFree' has no database record. Creating.
[LOG 18:33:33.196] [DragCubeSystem]: Drag cubes not found or cannot be read for part Part. Generating New drag cubes.
[LOG 18:33:33.196] [KSPCF/DragCubeGeneration] Creating drag cubes for part 'GearFree'
[LOG 18:33:33.200] PartLoader: Compiling Part 'Squad/Parts/Wheel/LandingGear/GearLarge/GearMedium'
[LOG 18:33:33.213] PartLoader: Part 'Squad/Parts/Wheel/LandingGear/GearLarge/GearMedium' has no database record. Creating.
[LOG 18:33:33.213] [DragCubeSystem]: Drag cubes not found or cannot be read for part Part. Generating New drag cubes.
[LOG 18:33:33.213] [KSPCF/DragCubeGeneration] Creating drag cubes for part 'GearMedium'
[LOG 18:33:33.243] PartLoader: Compiling Part 'Squad/Parts/Wheel/LandingGear/GearMedium/GearSmall'
[LOG 18:33:33.258] PartLoader: Part 'Squad/Parts/Wheel/LandingGear/GearMedium/GearSmall' has no database record. Creating.
[LOG 18:33:33.258] [DragCubeSystem]: Drag cubes not found or cannot be read for part Part. Generating New drag cubes.
[LOG 18:33:33.262] [KSPCF/DragCubeGeneration] Creating drag cubes for part 'GearSmall'
[LOG 18:33:33.298] PartLoader: Compiling Part 'Squad/Parts/Wheel/LandingGear/GearSmall/SmallGearBay'
[LOG 18:33:33.312] PartLoader: Part 'Squad/Parts/Wheel/LandingGear/GearSmall/SmallGearBay' has no database record. Creating.
[LOG 18:33:33.312] [DragCubeSystem]: Drag cubes not found or cannot be read for part Part. Generating New drag cubes.
[LOG 18:33:33.312] [KSPCF/DragCubeGeneration] Creating drag cubes for part 'SmallGearBay'
[LOG 18:33:33.336] PartLoader: Compiling Part 'Squad/Parts/Wheel/roverWheelM1/roverWheelM1/roverWheel1'
[LOG 18:33:33.349] PartLoader: Part 'Squad/Parts/Wheel/roverWheelM1/roverWheelM1/roverWheel1' has no database record. Creating.
[LOG 18:33:33.349] [DragCubeSystem]: Drag cubes not found or cannot be read for part Part. Generating New drag cubes.
[LOG 18:33:33.350] [KSPCF/DragCubeGeneration] Creating drag cubes for part 'roverWheel1'
[LOG 18:33:33.357] PartLoader: Compiling Part 'Squad/Parts/Wheel/roverWheelS2/roverWheelS2/roverWheel2'
[LOG 18:33:33.364] PartLoader: Part 'Squad/Parts/Wheel/roverWheelS2/roverWheelS2/roverWheel2' has no database record. Creating.
[LOG 18:33:33.364] [DragCubeSystem]: Drag cubes not found or cannot be read for part Part. Generating New drag cubes.
[LOG 18:33:33.364] [KSPCF/DragCubeGeneration] Creating drag cubes for part 'roverWheel2'
[LOG 18:33:33.369] PartLoader: Compiling Part 'Squad/Parts/Wheel/roverWheelTR-2L/roverWheelTR-2L/wheelMed'
[LOG 18:33:33.376] PartLoader: Part 'Squad/Parts/Wheel/roverWheelTR-2L/roverWheelTR-2L/wheelMed' has no database record. Creating.
[LOG 18:33:33.376] [DragCubeSystem]: Drag cubes not found or cannot be read for part Part. Generating New drag cubes.
[LOG 18:33:33.376] [KSPCF/DragCubeGeneration] Creating drag cubes for part 'wheelMed'
[LOG 18:33:33.382] PartLoader: Compiling Part 'Squad/Parts/Wheel/roverWheelXL3/roverWheelXL3/roverWheel3'
[LOG 18:33:33.391] PartLoader: Part 'Squad/Parts/Wheel/roverWheelXL3/roverWheelXL3/roverWheel3' has no database record. Creating.
[LOG 18:33:33.391] [DragCubeSystem]: Drag cubes not found or cannot be read for part Part. Generating New drag cubes.
[LOG 18:33:33.391] [KSPCF/DragCubeGeneration] Creating drag cubes for part 'roverWheel3'
[LOG 18:33:33.396] PartLoader: Compiling Part 'SquadExpansion/MakingHistory/Parts/Aero/protectiveRocketNoseMk16/rocketNoseCone_size4/rocketNoseConeSize4'
[LOG 18:33:33.399] PartLoader: Part 'SquadExpansion/MakingHistory/Parts/Aero/protectiveRocketNoseMk16/rocketNoseCone_size4/rocketNoseConeSize4' has no database record. Creating.
[LOG 18:33:33.399] [DragCubeSystem]: Drag cubes not found or cannot be read for part Part. Generating New drag cubes.
[LOG 18:33:33.399] [KSPCF/DragCubeGeneration] Creating drag cubes for part 'rocketNoseConeSize4'
[LOG 18:33:33.403] PartLoader: Compiling Part 'SquadExpansion/MakingHistory/Parts/Aero/protectiveRocketNoseMk5A/Size_1_5_Cone/Size_1_5_Cone'
[LOG 18:33:33.406] PartLoader: Part 'SquadExpansion/MakingHistory/Parts/Aero/protectiveRocketNoseMk5A/Size_1_5_Cone/Size_1_5_Cone' has no database record. Creating.
[LOG 18:33:33.406] [DragCubeSystem]: Drag cubes not found or cannot be read for part Part. Generating New drag cubes.
[LOG 18:33:33.406] [KSPCF/DragCubeGeneration] Creating drag cubes for part 'Size.1.5.Cone'
[LOG 18:33:33.410] PartLoader: Compiling Part 'SquadExpansion/MakingHistory/Parts/Coupling/Decoupler_1p5/Decoupler_1p5'
[LOG 18:33:33.414] PartLoader: Part 'SquadExpansion/MakingHistory/Parts/Coupling/Decoupler_1p5/Decoupler_1p5' has no database record. Creating.
[LOG 18:33:33.415] PartLoader: Compiling Part 'SquadExpansion/MakingHistory/Parts/Coupling/Decoupler_4/Decoupler_4'
[LOG 18:33:33.419] PartLoader: Part 'SquadExpansion/MakingHistory/Parts/Coupling/Decoupler_4/Decoupler_4' has no database record. Creating.
[LOG 18:33:33.419] PartLoader: Compiling Part 'SquadExpansion/MakingHistory/Parts/Coupling/EnginePlate_1p5/EnginePlate1p5'
[LOG 18:33:33.431] PartLoader: Part 'SquadExpansion/MakingHistory/Parts/Coupling/EnginePlate_1p5/EnginePlate1p5' has no database record. Creating.
[LOG 18:33:33.431] [DragCubeSystem]: Drag cubes not found or cannot be read for part Part. Generating New drag cubes.
[LOG 18:33:33.431] [KSPCF/DragCubeGeneration] Part 'EnginePlate1p5' has defined a procedural drag cube setup
[LOG 18:33:33.431] PartLoader: Compiling Part 'SquadExpansion/MakingHistory/Parts/Coupling/EnginePlate_2/EnginePlate2'
[LOG 18:33:33.437] PartLoader: Part 'SquadExpansion/MakingHistory/Parts/Coupling/EnginePlate_2/EnginePlate2' has no database record. Creating.
[LOG 18:33:33.437] [DragCubeSystem]: Drag cubes not found or cannot be read for part Part. Generating New drag cubes.
[LOG 18:33:33.437] [KSPCF/DragCubeGeneration] Part 'EnginePlate2' has defined a procedural drag cube setup
[LOG 18:33:33.437] PartLoader: Compiling Part 'SquadExpansion/MakingHistory/Parts/Coupling/EnginePlate_3/EnginePlate3'
[LOG 18:33:33.444] PartLoader: Part 'SquadExpansion/MakingHistory/Parts/Coupling/EnginePlate_3/EnginePlate3' has no database record. Creating.
[LOG 18:33:33.444] [DragCubeSystem]: Drag cubes not found or cannot be read for part Part. Generating New drag cubes.
[LOG 18:33:33.445] [KSPCF/DragCubeGeneration] Part 'EnginePlate3' has defined a procedural drag cube setup
[LOG 18:33:33.445] PartLoader: Compiling Part 'SquadExpansion/MakingHistory/Parts/Coupling/EnginePlate_4/EnginePlate4'
[LOG 18:33:33.450] PartLoader: Part 'SquadExpansion/MakingHistory/Parts/Coupling/EnginePlate_4/EnginePlate4' has no database record. Creating.
[LOG 18:33:33.450] [DragCubeSystem]: Drag cubes not found or cannot be read for part Part. Generating New drag cubes.
[LOG 18:33:33.451] [KSPCF/DragCubeGeneration] Part 'EnginePlate4' has defined a procedural drag cube setup
[LOG 18:33:33.451] PartLoader: Compiling Part 'SquadExpansion/MakingHistory/Parts/Coupling/EnginePlate_5/EnginePlate5'
[LOG 18:33:33.456] PartLoader: Part 'SquadExpansion/MakingHistory/Parts/Coupling/EnginePlate_5/EnginePlate5' has no database record. Creating.
[LOG 18:33:33.456] [DragCubeSystem]: Drag cubes not found or cannot be read for part Part. Generating New drag cubes.
[LOG 18:33:33.456] [KSPCF/DragCubeGeneration] Part 'EnginePlate5' has defined a procedural drag cube setup
[LOG 18:33:33.457] PartLoader: Compiling Part 'SquadExpansion/MakingHistory/Parts/Coupling/InflatableAirlock/InflatableAirlock'
[LOG 18:33:33.462] PartLoader: Part 'SquadExpansion/MakingHistory/Parts/Coupling/InflatableAirlock/InflatableAirlock' has no database record. Creating.
[LOG 18:33:33.462] [DragCubeSystem]: Drag cubes not found or cannot be read for part Part. Generating New drag cubes.
[LOG 18:33:33.462] [KSPCF/DragCubeGeneration] Creating drag cubes for part 'InflatableAirlock'
[LOG 18:33:33.476] PartLoader: Compiling Part 'SquadExpansion/MakingHistory/Parts/Coupling/Separator_1p5/Separator_1p5'
[LOG 18:33:33.480] PartLoader: Part 'SquadExpansion/MakingHistory/Parts/Coupling/Separator_1p5/Separator_1p5' has no database record. Creating.
[LOG 18:33:33.481] PartLoader: Compiling Part 'SquadExpansion/MakingHistory/Parts/Coupling/Separator_4/Separator_4'
[LOG 18:33:33.485] PartLoader: Part 'SquadExpansion/MakingHistory/Parts/Coupling/Separator_4/Separator_4' has no database record. Creating.
[LOG 18:33:33.485] PartLoader: Compiling Part 'SquadExpansion/MakingHistory/Parts/Coupling/Size1p5_Strut_Decoupler/Size1p5_Strut_Decoupler'
[LOG 18:33:33.489] PartLoader: Part 'SquadExpansion/MakingHistory/Parts/Coupling/Size1p5_Strut_Decoupler/Size1p5_Strut_Decoupler' has no database record. Creating.
[LOG 18:33:33.490] PartLoader: Compiling Part 'SquadExpansion/MakingHistory/Parts/Engine/LiquidEngineKE-1/LiquidEngineKE-1'
[LOG 18:33:33.498] PartLoader: Part 'SquadExpansion/MakingHistory/Parts/Engine/LiquidEngineKE-1/LiquidEngineKE-1' has no database record. Creating.
[LOG 18:33:33.498] [DragCubeSystem]: Drag cubes not found or cannot be read for part Part. Generating New drag cubes.
[LOG 18:33:33.498] [KSPCF/DragCubeGeneration] Creating drag cubes for part 'LiquidEngineKE-1'
[LOG 18:33:33.556] PartLoader: Compiling Part 'SquadExpansion/MakingHistory/Parts/Engine/LiquidEngineLV-T91/LiquidEngineLV-T91'
[LOG 18:33:33.564] PartLoader: Part 'SquadExpansion/MakingHistory/Parts/Engine/LiquidEngineLV-T91/LiquidEngineLV-T91' has no database record. Creating.
[LOG 18:33:33.564] [DragCubeSystem]: Drag cubes not found or cannot be read for part Part. Generating New drag cubes.
[LOG 18:33:33.564] [KSPCF/DragCubeGeneration] Creating drag cubes for part 'LiquidEngineLV-T91'
[LOG 18:33:33.620] PartLoader: Compiling Part 'SquadExpansion/MakingHistory/Parts/Engine/LiquidEngineLV-TX87/LiquidEngineLV-TX87'
[LOG 18:33:33.628] PartLoader: Part 'SquadExpansion/MakingHistory/Parts/Engine/LiquidEngineLV-TX87/LiquidEngineLV-TX87' has no database record. Creating.
[LOG 18:33:33.628] [DragCubeSystem]: Drag cubes not found or cannot be read for part Part. Generating New drag cubes.
[LOG 18:33:33.628] [KSPCF/DragCubeGeneration] Creating drag cubes for part 'LiquidEngineLV-TX87'
[LOG 18:33:33.683] PartLoader: Compiling Part 'SquadExpansion/MakingHistory/Parts/Engine/LiquidEngineRE-I2/LiquidEngineRE-I2'
[LOG 18:33:33.692] PartLoader: Part 'SquadExpansion/MakingHistory/Parts/Engine/LiquidEngineRE-I2/LiquidEngineRE-I2' has no database record. Creating.
[LOG 18:33:33.692] [DragCubeSystem]: Drag cubes not found or cannot be read for part Part. Generating New drag cubes.
[LOG 18:33:33.692] [KSPCF/DragCubeGeneration] Creating drag cubes for part 'LiquidEngineRE-I2'
[LOG 18:33:33.748] PartLoader: Compiling Part 'SquadExpansion/MakingHistory/Parts/Engine/LiquidEngineRE-J10/LiquidEngineRE-J10'
[LOG 18:33:33.756] PartLoader: Part 'SquadExpansion/MakingHistory/Parts/Engine/LiquidEngineRE-J10/LiquidEngineRE-J10' has no database record. Creating.
[LOG 18:33:33.756] [DragCubeSystem]: Drag cubes not found or cannot be read for part Part. Generating New drag cubes.
[LOG 18:33:33.756] [KSPCF/DragCubeGeneration] Creating drag cubes for part 'LiquidEngineRE-J10'
[LOG 18:33:33.811] PartLoader: Compiling Part 'SquadExpansion/MakingHistory/Parts/Engine/LiquidEngineRK-7/LiquidEngineRK-7'
[LOG 18:33:33.818] PartLoader: Part 'SquadExpansion/MakingHistory/Parts/Engine/LiquidEngineRK-7/LiquidEngineRK-7' has no database record. Creating.
[LOG 18:33:33.818] [DragCubeSystem]: Drag cubes not found or cannot be read for part Part. Generating New drag cubes.
[LOG 18:33:33.818] [KSPCF/DragCubeGeneration] Creating drag cubes for part 'LiquidEngineRK-7'
[LOG 18:33:33.890] PartLoader: Compiling Part 'SquadExpansion/MakingHistory/Parts/Engine/LiquidEngineRV-1/LiquidEngineRV-1'
[LOG 18:33:33.896] PartLoader: Part 'SquadExpansion/MakingHistory/Parts/Engine/LiquidEngineRV-1/LiquidEngineRV-1' has no database record. Creating.
[LOG 18:33:33.896] [DragCubeSystem]: Drag cubes not found or cannot be read for part Part. Generating New drag cubes.
[LOG 18:33:33.896] [KSPCF/DragCubeGeneration] Creating drag cubes for part 'LiquidEngineRV-1'
[LOG 18:33:33.903] PartLoader: Compiling Part 'SquadExpansion/MakingHistory/Parts/Engine/solidBoosterTHK/solidBoosterTHK/Pollux'
[LOG 18:33:33.909] PartLoader: Part 'SquadExpansion/MakingHistory/Parts/Engine/solidBoosterTHK/solidBoosterTHK/Pollux' has no database record. Creating.
[LOG 18:33:33.909] [DragCubeSystem]: Drag cubes not found or cannot be read for part Part. Generating New drag cubes.
[LOG 18:33:33.909] [KSPCF/DragCubeGeneration] Creating drag cubes for part 'Pollux'
[LOG 18:33:33.914] PartLoader: Compiling Part 'SquadExpansion/MakingHistory/Parts/FuelTank/MonoPropMini/monopropMiniSphere'
[LOG 18:33:33.917] PartLoader: Part 'SquadExpansion/MakingHistory/Parts/FuelTank/MonoPropMini/monopropMiniSphere' has no database record. Creating.
[LOG 18:33:33.917] [DragCubeSystem]: Drag cubes not found or cannot be read for part Part. Generating New drag cubes.
[LOG 18:33:33.917] [KSPCF/DragCubeGeneration] Creating drag cubes for part 'monopropMiniSphere'
[LOG 18:33:33.922] PartLoader: Compiling Part 'SquadExpansion/MakingHistory/Parts/FuelTank/Size1p5_Monoprop/Size1p5_Monoprop'
[LOG 18:33:33.925] PartLoader: Part 'SquadExpansion/MakingHistory/Parts/FuelTank/Size1p5_Monoprop/Size1p5_Monoprop' has no database record. Creating.
[LOG 18:33:33.925] [DragCubeSystem]: Drag cubes not found or cannot be read for part Part. Generating New drag cubes.
[LOG 18:33:33.925] [KSPCF/DragCubeGeneration] Creating drag cubes for part 'Size1p5.Monoprop'
[LOG 18:33:33.930] PartLoader: Compiling Part 'SquadExpansion/MakingHistory/Parts/FuelTank/Size1p5_Size0_Adapter_01/Size1p5_Size0_Adapter_01'
[LOG 18:33:33.933] PartLoader: Part 'SquadExpansion/MakingHistory/Parts/FuelTank/Size1p5_Size0_Adapter_01/Size1p5_Size0_Adapter_01' has no database record. Creating.
[LOG 18:33:33.933] [DragCubeSystem]: Drag cubes not found or cannot be read for part Part. Generating New drag cubes.
[LOG 18:33:33.933] [KSPCF/DragCubeGeneration] Creating drag cubes for part 'Size1p5.Size0.Adapter.01'
[LOG 18:33:33.938] PartLoader: Compiling Part 'SquadExpansion/MakingHistory/Parts/FuelTank/Size1p5_Size1_Adapter_01/Size1p5_Size1_Adapter_01'
[LOG 18:33:33.941] PartLoader: Part 'SquadExpansion/MakingHistory/Parts/FuelTank/Size1p5_Size1_Adapter_01/Size1p5_Size1_Adapter_01' has no database record. Creating.
[LOG 18:33:33.941] [DragCubeSystem]: Drag cubes not found or cannot be read for part Part. Generating New drag cubes.
[LOG 18:33:33.941] [KSPCF/DragCubeGeneration] Creating drag cubes for part 'Size1p5.Size1.Adapter.01'
[LOG 18:33:33.947] PartLoader: Compiling Part 'SquadExpansion/MakingHistory/Parts/FuelTank/Size1p5_Size1_Adapter_02/Size1p5_Size1_Adapter_02'
[LOG 18:33:33.950] PartLoader: Part 'SquadExpansion/MakingHistory/Parts/FuelTank/Size1p5_Size1_Adapter_02/Size1p5_Size1_Adapter_02' has no database record. Creating.
[LOG 18:33:33.950] [DragCubeSystem]: Drag cubes not found or cannot be read for part Part. Generating New drag cubes.
[LOG 18:33:33.950] [KSPCF/DragCubeGeneration] Creating drag cubes for part 'Size1p5.Size1.Adapter.02'
[LOG 18:33:33.955] PartLoader: Compiling Part 'SquadExpansion/MakingHistory/Parts/FuelTank/Size1p5_Size2_Adapter_01/Size1p5_Size2_Adapter_01'
[LOG 18:33:33.958] PartLoader: Part 'SquadExpansion/MakingHistory/Parts/FuelTank/Size1p5_Size2_Adapter_01/Size1p5_Size2_Adapter_01' has no database record. Creating.
[LOG 18:33:33.958] [DragCubeSystem]: Drag cubes not found or cannot be read for part Part. Generating New drag cubes.
[LOG 18:33:33.958] [KSPCF/DragCubeGeneration] Creating drag cubes for part 'Size1p5.Size2.Adapter.01'
[LOG 18:33:33.962] PartLoader: Compiling Part 'SquadExpansion/MakingHistory/Parts/FuelTank/Size1p5_Tank_01/Size1p5_Tank_01'
[LOG 18:33:33.966] PartLoader: Part 'SquadExpansion/MakingHistory/Parts/FuelTank/Size1p5_Tank_01/Size1p5_Tank_01' has no database record. Creating.
[LOG 18:33:33.966] [DragCubeSystem]: Drag cubes not found or cannot be read for part Part. Generating New drag cubes.
[LOG 18:33:33.966] [KSPCF/DragCubeGeneration] Creating drag cubes for part 'Size1p5.Tank.01'
[LOG 18:33:33.971] PartLoader: Compiling Part 'SquadExpansion/MakingHistory/Parts/FuelTank/Size1p5_Tank_02/Size1p5_Tank_02'
[LOG 18:33:33.974] PartLoader: Part 'SquadExpansion/MakingHistory/Parts/FuelTank/Size1p5_Tank_02/Size1p5_Tank_02' has no database record. Creating.
[LOG 18:33:33.974] [DragCubeSystem]: Drag cubes not found or cannot be read for part Part. Generating New drag cubes.
[LOG 18:33:33.974] [KSPCF/DragCubeGeneration] Creating drag cubes for part 'Size1p5.Tank.02'
[LOG 18:33:33.980] PartLoader: Compiling Part 'SquadExpansion/MakingHistory/Parts/FuelTank/Size1p5_Tank_03/Size1p5_Tank_03'
[LOG 18:33:33.983] PartLoader: Part 'SquadExpansion/MakingHistory/Parts/FuelTank/Size1p5_Tank_03/Size1p5_Tank_03' has no database record. Creating.
[LOG 18:33:33.983] [DragCubeSystem]: Drag cubes not found or cannot be read for part Part. Generating New drag cubes.
[LOG 18:33:33.983] [KSPCF/DragCubeGeneration] Creating drag cubes for part 'Size1p5.Tank.03'
[LOG 18:33:33.989] PartLoader: Compiling Part 'SquadExpansion/MakingHistory/Parts/FuelTank/Size1p5_Tank_04/Size1p5_Tank_04'
[LOG 18:33:33.991] PartLoader: Part 'SquadExpansion/MakingHistory/Parts/FuelTank/Size1p5_Tank_04/Size1p5_Tank_04' has no database record. Creating.
[LOG 18:33:33.992] [DragCubeSystem]: Drag cubes not found or cannot be read for part Part. Generating New drag cubes.
[LOG 18:33:33.992] [KSPCF/DragCubeGeneration] Creating drag cubes for part 'Size1p5.Tank.04'
[LOG 18:33:33.997] PartLoader: Compiling Part 'SquadExpansion/MakingHistory/Parts/FuelTank/Size1p5_Tank_05/Size1p5_Tank_05'
[LOG 18:33:34.001] PartLoader: Part 'SquadExpansion/MakingHistory/Parts/FuelTank/Size1p5_Tank_05/Size1p5_Tank_05' has no database record. Creating.
[LOG 18:33:34.001] [DragCubeSystem]: Drag cubes not found or cannot be read for part Part. Generating New drag cubes.
[LOG 18:33:34.001] [KSPCF/DragCubeGeneration] Creating drag cubes for part 'Size1p5.Tank.05'
[LOG 18:33:34.007] PartLoader: Compiling Part 'SquadExpansion/MakingHistory/Parts/FuelTank/Size3_Size4_Adapter_01/Size3_Size4_Adapter_01'
[LOG 18:33:34.009] PartLoader: Part 'SquadExpansion/MakingHistory/Parts/FuelTank/Size3_Size4_Adapter_01/Size3_Size4_Adapter_01' has no database record. Creating.
[LOG 18:33:34.009] [DragCubeSystem]: Drag cubes not found or cannot be read for part Part. Generating New drag cubes.
[LOG 18:33:34.010] [KSPCF/DragCubeGeneration] Creating drag cubes for part 'Size3.Size4.Adapter.01'
[LOG 18:33:34.016] PartLoader: Compiling Part 'SquadExpansion/MakingHistory/Parts/FuelTank/Size4_EngineAdapter_01/Size4_EngineAdapter_01'
[LOG 18:33:34.020] PartLoader: Part 'SquadExpansion/MakingHistory/Parts/FuelTank/Size4_EngineAdapter_01/Size4_EngineAdapter_01' has no database record. Creating.
[LOG 18:33:34.020] [DragCubeSystem]: Drag cubes not found or cannot be read for part Part. Generating New drag cubes.
[LOG 18:33:34.020] [KSPCF/DragCubeGeneration] Creating drag cubes for part 'Size4.EngineAdapter.01'
[LOG 18:33:34.025] PartLoader: Compiling Part 'SquadExpansion/MakingHistory/Parts/FuelTank/Size4_Tank_01/Size4_Tank_01'
[LOG 18:33:34.027] PartLoader: Part 'SquadExpansion/MakingHistory/Parts/FuelTank/Size4_Tank_01/Size4_Tank_01' has no database record. Creating.
[LOG 18:33:34.028] [DragCubeSystem]: Drag cubes not found or cannot be read for part Part. Generating New drag cubes.
[LOG 18:33:34.028] [KSPCF/DragCubeGeneration] Creating drag cubes for part 'Size4.Tank.01'
[LOG 18:33:34.032] PartLoader: Compiling Part 'SquadExpansion/MakingHistory/Parts/FuelTank/Size4_Tank_02/Size4_Tank_02'
[LOG 18:33:34.034] PartLoader: Part 'SquadExpansion/MakingHistory/Parts/FuelTank/Size4_Tank_02/Size4_Tank_02' has no database record. Creating.
[LOG 18:33:34.034] [DragCubeSystem]: Drag cubes not found or cannot be read for part Part. Generating New drag cubes.
[LOG 18:33:34.034] [KSPCF/DragCubeGeneration] Creating drag cubes for part 'Size4.Tank.02'
[LOG 18:33:34.040] PartLoader: Compiling Part 'SquadExpansion/MakingHistory/Parts/FuelTank/Size4_Tank_03/Size4_Tank_03'
[LOG 18:33:34.043] PartLoader: Part 'SquadExpansion/MakingHistory/Parts/FuelTank/Size4_Tank_03/Size4_Tank_03' has no database record. Creating.
[LOG 18:33:34.043] [DragCubeSystem]: Drag cubes not found or cannot be read for part Part. Generating New drag cubes.
[LOG 18:33:34.043] [KSPCF/DragCubeGeneration] Creating drag cubes for part 'Size4.Tank.03'
[LOG 18:33:34.048] PartLoader: Compiling Part 'SquadExpansion/MakingHistory/Parts/FuelTank/Size4_Tank_04/Size4_Tank_04'
[LOG 18:33:34.050] PartLoader: Part 'SquadExpansion/MakingHistory/Parts/FuelTank/Size4_Tank_04/Size4_Tank_04' has no database record. Creating.
[LOG 18:33:34.051] [DragCubeSystem]: Drag cubes not found or cannot be read for part Part. Generating New drag cubes.
[LOG 18:33:34.051] [KSPCF/DragCubeGeneration] Creating drag cubes for part 'Size4.Tank.04'
[LOG 18:33:34.056] PartLoader: Compiling Part 'SquadExpansion/MakingHistory/Parts/Ground/RoverWheel/roverWheelM1-F'
[LOG 18:33:34.064] PartLoader: Part 'SquadExpansion/MakingHistory/Parts/Ground/RoverWheel/roverWheelM1-F' has no database record. Creating.
[LOG 18:33:34.064] [DragCubeSystem]: Drag cubes not found or cannot be read for part Part. Generating New drag cubes.
[LOG 18:33:34.064] [KSPCF/DragCubeGeneration] Creating drag cubes for part 'roverWheelM1-F'
[LOG 18:33:34.079] PartLoader: Compiling Part 'SquadExpansion/MakingHistory/Parts/Payload/fairingSize1p5/fairingSize1p5'
[LOG 18:33:34.089] PartLoader: Part 'SquadExpansion/MakingHistory/Parts/Payload/fairingSize1p5/fairingSize1p5' has no database record. Creating.
[LOG 18:33:34.089] [DragCubeSystem]: Drag cubes not found or cannot be read for part Part. Generating New drag cubes.
[LOG 18:33:34.089] [KSPCF/DragCubeGeneration] Creating drag cubes for part 'fairingSize1p5'
[LOG 18:33:34.094] PartLoader: Compiling Part 'SquadExpansion/MakingHistory/Parts/Payload/fairingSize4/fairingSize4'
[LOG 18:33:34.105] PartLoader: Part 'SquadExpansion/MakingHistory/Parts/Payload/fairingSize4/fairingSize4' has no database record. Creating.
[LOG 18:33:34.105] [DragCubeSystem]: Drag cubes not found or cannot be read for part Part. Generating New drag cubes.
[LOG 18:33:34.105] [KSPCF/DragCubeGeneration] Creating drag cubes for part 'fairingSize4'
[LOG 18:33:34.111] PartLoader: Compiling Part 'SquadExpansion/MakingHistory/Parts/Payload/Size1to0ServiceModule/Size1to0ServiceModule'
[LOG 18:33:34.119] PartLoader: Part 'SquadExpansion/MakingHistory/Parts/Payload/Size1to0ServiceModule/Size1to0ServiceModule' has no database record. Creating.
[LOG 18:33:34.119] [DragCubeSystem]: Drag cubes not found or cannot be read for part Part. Generating New drag cubes.
[LOG 18:33:34.119] [KSPCF/DragCubeGeneration] Part 'Size1to0ServiceModule' has defined a procedural drag cube setup
[LOG 18:33:34.119] PartLoader: Compiling Part 'SquadExpansion/MakingHistory/Parts/Payload/SM18/ServiceModule18'
[LOG 18:33:34.125] PartLoader: Part 'SquadExpansion/MakingHistory/Parts/Payload/SM18/ServiceModule18' has no database record. Creating.
[LOG 18:33:34.125] [DragCubeSystem]: Drag cubes not found or cannot be read for part Part. Generating New drag cubes.
[LOG 18:33:34.125] [KSPCF/DragCubeGeneration] Part 'ServiceModule18' has defined a procedural drag cube setup
[LOG 18:33:34.125] PartLoader: Compiling Part 'SquadExpansion/MakingHistory/Parts/Payload/SM25/ServiceModule25'
[LOG 18:33:34.130] PartLoader: Part 'SquadExpansion/MakingHistory/Parts/Payload/SM25/ServiceModule25' has no database record. Creating.
[LOG 18:33:34.130] [DragCubeSystem]: Drag cubes not found or cannot be read for part Part. Generating New drag cubes.
[LOG 18:33:34.130] [KSPCF/DragCubeGeneration] Part 'ServiceModule25' has defined a procedural drag cube setup
[LOG 18:33:34.131] PartLoader: Compiling Part 'SquadExpansion/MakingHistory/Parts/Pods/KV1Pod/kv1Pod'
[WRN 18:33:34.134] [Part]: Cannot have ModuleCargoPart and ModuleInventoryPart on same Part [kv1Pod'. Removed ModuleCargoPart
[LOG 18:33:34.138] PartLoader: Part 'SquadExpansion/MakingHistory/Parts/Pods/KV1Pod/kv1Pod' has no database record. Creating.
[LOG 18:33:34.139] PartLoader: Compiling Part 'SquadExpansion/MakingHistory/Parts/Pods/KV2Pod/kv2Pod'
[WRN 18:33:34.143] [Part]: Cannot have ModuleCargoPart and ModuleInventoryPart on same Part [kv2Pod'. Removed ModuleCargoPart
[LOG 18:33:34.147] PartLoader: Part 'SquadExpansion/MakingHistory/Parts/Pods/KV2Pod/kv2Pod' has no database record. Creating.
[LOG 18:33:34.149] PartLoader: Compiling Part 'SquadExpansion/MakingHistory/Parts/Pods/KV3Pod/kv3Pod'
[WRN 18:33:34.154] [Part]: Cannot have ModuleCargoPart and ModuleInventoryPart on same Part [kv3Pod'. Removed ModuleCargoPart
[LOG 18:33:34.158] PartLoader: Part 'SquadExpansion/MakingHistory/Parts/Pods/KV3Pod/kv3Pod' has no database record. Creating.
[LOG 18:33:34.159] PartLoader: Compiling Part 'SquadExpansion/MakingHistory/Parts/Pods/Mk2Pod/Mk2Pod'
[WRN 18:33:34.162] [Part]: Cannot have ModuleCargoPart and ModuleInventoryPart on same Part [Mk2Pod'. Removed ModuleCargoPart
[LOG 18:33:34.165] PartLoader: Part 'SquadExpansion/MakingHistory/Parts/Pods/Mk2Pod/Mk2Pod' has no database record. Creating.
[LOG 18:33:34.166] [DragCubeSystem]: Drag cubes not found or cannot be read for part Part. Generating New drag cubes.
[LOG 18:33:34.166] [KSPCF/DragCubeGeneration] Creating drag cubes for part 'Mk2Pod'
[LOG 18:33:34.171] PartLoader: Compiling Part 'SquadExpansion/MakingHistory/Parts/Pods/Size1_5_Lander/MEMLander'
[WRN 18:33:34.176] [Part]: Cannot add ModuleCargoPart as this Part 'MEMLander' already has a ModuleInventoryPart PartModule and they are mutually exclusive.
[LOG 18:33:34.180] PartLoader: Part 'SquadExpansion/MakingHistory/Parts/Pods/Size1_5_Lander/MEMLander' has no database record. Creating.
[LOG 18:33:34.180] [DragCubeSystem]: Drag cubes not found or cannot be read for part Part. Generating New drag cubes.
[LOG 18:33:34.180] [KSPCF/DragCubeGeneration] Creating drag cubes for part 'MEMLander'
[LOG 18:33:34.187] PartLoader: Compiling Part 'SquadExpansion/MakingHistory/Parts/Prebuilt/kerbalEVAfemaleVintage/kerbalEVAfemaleVintage'
[LOG 18:33:34.193] PartLoader: Compiling Part 'SquadExpansion/MakingHistory/Parts/Prebuilt/kerbalEVAVintage/kerbalEVAVintage'
[LOG 18:33:34.199] PartLoader: Compiling Part 'SquadExpansion/MakingHistory/Parts/Structural/EquiTriangle0/EquiTriangle0'
[LOG 18:33:34.204] PartLoader: Part 'SquadExpansion/MakingHistory/Parts/Structural/EquiTriangle0/EquiTriangle0' has no database record. Creating.
[LOG 18:33:34.204] [DragCubeSystem]: Drag cubes not found or cannot be read for part Part. Generating New drag cubes.
[LOG 18:33:34.204] [KSPCF/DragCubeGeneration] Creating drag cubes for part 'EquiTriangle0'
[LOG 18:33:34.208] PartLoader: Compiling Part 'SquadExpansion/MakingHistory/Parts/Structural/EquiTriangle1/EquiTriangle1'
[LOG 18:33:34.211] PartLoader: Part 'SquadExpansion/MakingHistory/Parts/Structural/EquiTriangle1/EquiTriangle1' has no database record. Creating.
[LOG 18:33:34.211] [DragCubeSystem]: Drag cubes not found or cannot be read for part Part. Generating New drag cubes.
[LOG 18:33:34.211] [KSPCF/DragCubeGeneration] Creating drag cubes for part 'EquiTriangle1'
[LOG 18:33:34.215] PartLoader: Compiling Part 'SquadExpansion/MakingHistory/Parts/Structural/EquiTriangle1p5/EquiTriangle1p5'
[LOG 18:33:34.220] PartLoader: Part 'SquadExpansion/MakingHistory/Parts/Structural/EquiTriangle1p5/EquiTriangle1p5' has no database record. Creating.
[LOG 18:33:34.220] [DragCubeSystem]: Drag cubes not found or cannot be read for part Part. Generating New drag cubes.
[LOG 18:33:34.220] [KSPCF/DragCubeGeneration] Creating drag cubes for part 'EquiTriangle1p5'
[LOG 18:33:34.224] PartLoader: Compiling Part 'SquadExpansion/MakingHistory/Parts/Structural/EquiTriangle2/EquiTriangle2'
[LOG 18:33:34.227] PartLoader: Part 'SquadExpansion/MakingHistory/Parts/Structural/EquiTriangle2/EquiTriangle2' has no database record. Creating.
[LOG 18:33:34.227] [DragCubeSystem]: Drag cubes not found or cannot be read for part Part. Generating New drag cubes.
[LOG 18:33:34.227] [KSPCF/DragCubeGeneration] Creating drag cubes for part 'EquiTriangle2'
[LOG 18:33:34.231] PartLoader: Compiling Part 'SquadExpansion/MakingHistory/Parts/Structural/Panel0/Panel0'
[LOG 18:33:34.234] PartLoader: Part 'SquadExpansion/MakingHistory/Parts/Structural/Panel0/Panel0' has no database record. Creating.
[LOG 18:33:34.235] [DragCubeSystem]: Drag cubes not found or cannot be read for part Part. Generating New drag cubes.
[LOG 18:33:34.235] [KSPCF/DragCubeGeneration] Creating drag cubes for part 'Panel0'
[LOG 18:33:34.238] PartLoader: Compiling Part 'SquadExpansion/MakingHistory/Parts/Structural/Panel1/Panel1'
[LOG 18:33:34.242] PartLoader: Part 'SquadExpansion/MakingHistory/Parts/Structural/Panel1/Panel1' has no database record. Creating.
[LOG 18:33:34.242] [DragCubeSystem]: Drag cubes not found or cannot be read for part Part. Generating New drag cubes.
[LOG 18:33:34.242] [KSPCF/DragCubeGeneration] Creating drag cubes for part 'Panel1'
[LOG 18:33:34.245] PartLoader: Compiling Part 'SquadExpansion/MakingHistory/Parts/Structural/Panel1p5/Panel1p5'
[LOG 18:33:34.249] PartLoader: Part 'SquadExpansion/MakingHistory/Parts/Structural/Panel1p5/Panel1p5' has no database record. Creating.
[LOG 18:33:34.249] [DragCubeSystem]: Drag cubes not found or cannot be read for part Part. Generating New drag cubes.
[LOG 18:33:34.249] [KSPCF/DragCubeGeneration] Creating drag cubes for part 'Panel1p5'
[LOG 18:33:34.253] PartLoader: Compiling Part 'SquadExpansion/MakingHistory/Parts/Structural/Panel2/Panel2'
[LOG 18:33:34.256] PartLoader: Part 'SquadExpansion/MakingHistory/Parts/Structural/Panel2/Panel2' has no database record. Creating.
[LOG 18:33:34.256] [DragCubeSystem]: Drag cubes not found or cannot be read for part Part. Generating New drag cubes.
[LOG 18:33:34.257] [KSPCF/DragCubeGeneration] Creating drag cubes for part 'Panel2'
[LOG 18:33:34.260] PartLoader: Compiling Part 'SquadExpansion/MakingHistory/Parts/Structural/Triangle0/Triangle0'
[LOG 18:33:34.264] PartLoader: Part 'SquadExpansion/MakingHistory/Parts/Structural/Triangle0/Triangle0' has no database record. Creating.
[LOG 18:33:34.264] [DragCubeSystem]: Drag cubes not found or cannot be read for part Part. Generating New drag cubes.
[LOG 18:33:34.264] [KSPCF/DragCubeGeneration] Creating drag cubes for part 'Triangle0'
[LOG 18:33:34.268] PartLoader: Compiling Part 'SquadExpansion/MakingHistory/Parts/Structural/Triangle1/Triangle1'
[LOG 18:33:34.271] PartLoader: Part 'SquadExpansion/MakingHistory/Parts/Structural/Triangle1/Triangle1' has no database record. Creating.
[LOG 18:33:34.271] [DragCubeSystem]: Drag cubes not found or cannot be read for part Part. Generating New drag cubes.
[LOG 18:33:34.271] [KSPCF/DragCubeGeneration] Creating drag cubes for part 'Triangle1'
[LOG 18:33:34.274] PartLoader: Compiling Part 'SquadExpansion/MakingHistory/Parts/Structural/Triangle1p5/Triangle1p5'
[LOG 18:33:34.278] PartLoader: Part 'SquadExpansion/MakingHistory/Parts/Structural/Triangle1p5/Triangle1p5' has no database record. Creating.
[LOG 18:33:34.278] [DragCubeSystem]: Drag cubes not found or cannot be read for part Part. Generating New drag cubes.
[LOG 18:33:34.278] [KSPCF/DragCubeGeneration] Creating drag cubes for part 'Triangle1p5'
[LOG 18:33:34.282] PartLoader: Compiling Part 'SquadExpansion/MakingHistory/Parts/Structural/Triangle2/Triangle2'
[LOG 18:33:34.285] PartLoader: Part 'SquadExpansion/MakingHistory/Parts/Structural/Triangle2/Triangle2' has no database record. Creating.
[LOG 18:33:34.285] [DragCubeSystem]: Drag cubes not found or cannot be read for part Part. Generating New drag cubes.
[LOG 18:33:34.285] [KSPCF/DragCubeGeneration] Creating drag cubes for part 'Triangle2'
[LOG 18:33:34.290] PartLoader: Compiling Part 'SquadExpansion/MakingHistory/Parts/Structural/Tube1/Tube1'
[LOG 18:33:34.297] PartLoader: Part 'SquadExpansion/MakingHistory/Parts/Structural/Tube1/Tube1' has no database record. Creating.
[LOG 18:33:34.297] PartLoader: Compiling Part 'SquadExpansion/MakingHistory/Parts/Structural/Tube1p5/Tube1p5'
[LOG 18:33:34.303] PartLoader: Part 'SquadExpansion/MakingHistory/Parts/Structural/Tube1p5/Tube1p5' has no database record. Creating.
[LOG 18:33:34.303] PartLoader: Compiling Part 'SquadExpansion/MakingHistory/Parts/Structural/Tube2/Tube2'
[LOG 18:33:34.307] PartLoader: Part 'SquadExpansion/MakingHistory/Parts/Structural/Tube2/Tube2' has no database record. Creating.
[LOG 18:33:34.307] PartLoader: Compiling Part 'SquadExpansion/MakingHistory/Parts/Structural/Tube3/Tube3'
[LOG 18:33:34.313] PartLoader: Part 'SquadExpansion/MakingHistory/Parts/Structural/Tube3/Tube3' has no database record. Creating.
[LOG 18:33:34.314] PartLoader: Compiling Part 'SquadExpansion/MakingHistory/Parts/Structural/Tube4/Tube4'
[LOG 18:33:34.318] PartLoader: Part 'SquadExpansion/MakingHistory/Parts/Structural/Tube4/Tube4' has no database record. Creating.
[LOG 18:33:34.318] PartLoader: Compiling Part 'SquadExpansion/MakingHistory/Parts/Thermal/HeatShield1p5/HeatShield1p5'
[LOG 18:33:34.326] PartLoader: Part 'SquadExpansion/MakingHistory/Parts/Thermal/HeatShield1p5/HeatShield1p5' has no database record. Creating.
[LOG 18:33:34.326] [DragCubeSystem]: Drag cubes not found or cannot be read for part Part. Generating New drag cubes.
[LOG 18:33:34.326] [KSPCF/DragCubeGeneration] Creating drag cubes for part 'HeatShield1p5'
[LOG 18:33:34.362] PartLoader: Compiling Part 'SquadExpansion/MakingHistory/Parts/Utility/flags/flagSize1p5/flagSize1p5/flagPartSize1p5'
[LOG 18:33:34.370] PartLoader: Part 'SquadExpansion/MakingHistory/Parts/Utility/flags/flagSize1p5/flagSize1p5/flagPartSize1p5' has no database record. Creating.
[LOG 18:33:34.370] [DragCubeSystem]: Drag cubes not found or cannot be read for part Part. Generating New drag cubes.
[LOG 18:33:34.370] [KSPCF/DragCubeGeneration] Creating drag cubes for part 'flagPartSize1p5'
[LOG 18:33:34.374] PartLoader: Compiling Part 'SquadExpansion/MakingHistory/Parts/Utility/flags/flagSize4/flagSize4/flagPartSize4'
[LOG 18:33:34.380] PartLoader: Part 'SquadExpansion/MakingHistory/Parts/Utility/flags/flagSize4/flagSize4/flagPartSize4' has no database record. Creating.
[LOG 18:33:34.380] [DragCubeSystem]: Drag cubes not found or cannot be read for part Part. Generating New drag cubes.
[LOG 18:33:34.380] [KSPCF/DragCubeGeneration] Creating drag cubes for part 'flagPartSize4'
[LOG 18:33:34.385] PartLoader: Compiling Part 'SquadExpansion/Serenity/Parts/Aero/FanShroud_01/FanShroud_01'
[LOG 18:33:34.390] PartLoader: Part 'SquadExpansion/Serenity/Parts/Aero/FanShroud_01/FanShroud_01' has no database record. Creating.
[LOG 18:33:34.390] [DragCubeSystem]: Drag cubes not found or cannot be read for part Part. Generating New drag cubes.
[LOG 18:33:34.390] [KSPCF/DragCubeGeneration] Creating drag cubes for part 'FanShroud.01'
[LOG 18:33:34.394] PartLoader: Compiling Part 'SquadExpansion/Serenity/Parts/Aero/FanShroud_02/FanShroud_02'
[LOG 18:33:34.398] PartLoader: Part 'SquadExpansion/Serenity/Parts/Aero/FanShroud_02/FanShroud_02' has no database record. Creating.
[LOG 18:33:34.398] [DragCubeSystem]: Drag cubes not found or cannot be read for part Part. Generating New drag cubes.
[LOG 18:33:34.398] [KSPCF/DragCubeGeneration] Creating drag cubes for part 'FanShroud.02'
[LOG 18:33:34.402] PartLoader: Compiling Part 'SquadExpansion/Serenity/Parts/Aero/FanShroud_03/FanShroud_03'
[LOG 18:33:34.405] PartLoader: Part 'SquadExpansion/Serenity/Parts/Aero/FanShroud_03/FanShroud_03' has no database record. Creating.
[LOG 18:33:34.405] [DragCubeSystem]: Drag cubes not found or cannot be read for part Part. Generating New drag cubes.
[LOG 18:33:34.405] [KSPCF/DragCubeGeneration] Creating drag cubes for part 'FanShroud.03'
[LOG 18:33:34.409] PartLoader: Compiling Part 'SquadExpansion/Serenity/Parts/Aero/noseconeTiny/noseconeTiny'
[LOG 18:33:34.412] PartLoader: Part 'SquadExpansion/Serenity/Parts/Aero/noseconeTiny/noseconeTiny' has no database record. Creating.
[LOG 18:33:34.412] [DragCubeSystem]: Drag cubes not found or cannot be read for part Part. Generating New drag cubes.
[LOG 18:33:34.412] [KSPCF/DragCubeGeneration] Creating drag cubes for part 'noseconeTiny'
[LOG 18:33:34.418] PartLoader: Compiling Part 'SquadExpansion/Serenity/Parts/Aero/noseconeVS/noseconeVS'
[LOG 18:33:34.420] PartLoader: Part 'SquadExpansion/Serenity/Parts/Aero/noseconeVS/noseconeVS' has no database record. Creating.
[LOG 18:33:34.421] [DragCubeSystem]: Drag cubes not found or cannot be read for part Part. Generating New drag cubes.
[LOG 18:33:34.421] [KSPCF/DragCubeGeneration] Creating drag cubes for part 'noseconeVS'
[LOG 18:33:34.425] PartLoader: Compiling Part 'SquadExpansion/Serenity/Parts/DeployedScience/centralStation/DeployedCentralStation'
[LOG 18:33:34.435] PartLoader: Part 'SquadExpansion/Serenity/Parts/DeployedScience/centralStation/DeployedCentralStation' has no database record. Creating.
[LOG 18:33:34.435] [DragCubeSystem]: Drag cubes not found or cannot be read for part Part. Generating New drag cubes.
[LOG 18:33:34.435] [KSPCF/DragCubeGeneration] Creating drag cubes for part 'DeployedCentralStation'
[LOG 18:33:34.490] PartLoader: Compiling Part 'SquadExpansion/Serenity/Parts/DeployedScience/gooObservation/DeployedGoExOb'
[LOG 18:33:34.500] PartLoader: Part 'SquadExpansion/Serenity/Parts/DeployedScience/gooObservation/DeployedGoExOb' has no database record. Creating.
[LOG 18:33:34.500] [DragCubeSystem]: Drag cubes not found or cannot be read for part Part. Generating New drag cubes.
[LOG 18:33:34.500] [KSPCF/DragCubeGeneration] Creating drag cubes for part 'DeployedGoExOb'
[LOG 18:33:34.553] PartLoader: Compiling Part 'SquadExpansion/Serenity/Parts/DeployedScience/ionCollector/DeployedIONExp'
[LOG 18:33:34.557] PartLoader: Part 'SquadExpansion/Serenity/Parts/DeployedScience/ionCollector/DeployedIONExp' has no database record. Creating.
[LOG 18:33:34.557] [DragCubeSystem]: Drag cubes not found or cannot be read for part Part. Generating New drag cubes.
[LOG 18:33:34.557] [KSPCF/DragCubeGeneration] Creating drag cubes for part 'DeployedIONExp'
[LOG 18:33:34.581] PartLoader: Compiling Part 'SquadExpansion/Serenity/Parts/DeployedScience/rtg/DeployedRTG'
[LOG 18:33:34.589] PartLoader: Part 'SquadExpansion/Serenity/Parts/DeployedScience/rtg/DeployedRTG' has no database record. Creating.
[LOG 18:33:34.589] [DragCubeSystem]: Drag cubes not found or cannot be read for part Part. Generating New drag cubes.
[LOG 18:33:34.589] [KSPCF/DragCubeGeneration] Creating drag cubes for part 'DeployedRTG'
[LOG 18:33:34.616] PartLoader: Compiling Part 'SquadExpansion/Serenity/Parts/DeployedScience/satDish/DeployedSatDish'
[LOG 18:33:34.624] PartLoader: Part 'SquadExpansion/Serenity/Parts/DeployedScience/satDish/DeployedSatDish' has no database record. Creating.
[LOG 18:33:34.624] [DragCubeSystem]: Drag cubes not found or cannot be read for part Part. Generating New drag cubes.
[LOG 18:33:34.624] [KSPCF/DragCubeGeneration] Creating drag cubes for part 'DeployedSatDish'
[LOG 18:33:34.645] PartLoader: Compiling Part 'SquadExpansion/Serenity/Parts/DeployedScience/seismicSensor/DeployedSeismicSensor'
[LOG 18:33:34.650] PartLoader: Part 'SquadExpansion/Serenity/Parts/DeployedScience/seismicSensor/DeployedSeismicSensor' has no database record. Creating.
[LOG 18:33:34.650] [DragCubeSystem]: Drag cubes not found or cannot be read for part Part. Generating New drag cubes.
[LOG 18:33:34.650] [KSPCF/DragCubeGeneration] Creating drag cubes for part 'DeployedSeismicSensor'
[LOG 18:33:34.677] PartLoader: Compiling Part 'SquadExpansion/Serenity/Parts/DeployedScience/solarPanel/DeployedSolarPanel'
[LOG 18:33:34.681] PartLoader: Part 'SquadExpansion/Serenity/Parts/DeployedScience/solarPanel/DeployedSolarPanel' has no database record. Creating.
[LOG 18:33:34.681] [DragCubeSystem]: Drag cubes not found or cannot be read for part Part. Generating New drag cubes.
[LOG 18:33:34.681] [KSPCF/DragCubeGeneration] Creating drag cubes for part 'DeployedSolarPanel'
[LOG 18:33:34.710] PartLoader: Compiling Part 'SquadExpansion/Serenity/Parts/DeployedScience/weatherStation/DeployedWeatherStn'
[LOG 18:33:34.715] PartLoader: Part 'SquadExpansion/Serenity/Parts/DeployedScience/weatherStation/DeployedWeatherStn' has no database record. Creating.
[LOG 18:33:34.715] [DragCubeSystem]: Drag cubes not found or cannot be read for part Part. Generating New drag cubes.
[LOG 18:33:34.715] [KSPCF/DragCubeGeneration] Creating drag cubes for part 'DeployedWeatherStn'
[LOG 18:33:34.774] PartLoader: Compiling Part 'SquadExpansion/Serenity/Parts/Prebuilt/kerbalEVA/kerbalEVA'
[LOG 18:33:34.776] PartLoader: Compiling Part 'SquadExpansion/Serenity/Parts/Prebuilt/kerbalEVAfemale/kerbalEVAfemale'
[LOG 18:33:34.777] PartLoader: Compiling Part 'SquadExpansion/Serenity/Parts/Prebuilt/kerbalEVAfemaleFuture/kerbalEVAfemaleFuture'
[LOG 18:33:34.784] PartLoader: Compiling Part 'SquadExpansion/Serenity/Parts/Prebuilt/kerbalEVAfemaleVintage/kerbalEVAfemaleVintage'
[LOG 18:33:34.786] PartLoader: Compiling Part 'SquadExpansion/Serenity/Parts/Prebuilt/kerbalEVAFuture/kerbalEVAFuture'
[LOG 18:33:34.792] PartLoader: Compiling Part 'SquadExpansion/Serenity/Parts/Prebuilt/kerbalEVASlimSuit/kerbalEVASlimSuit'
[LOG 18:33:34.794] PartLoader: Compiling Part 'SquadExpansion/Serenity/Parts/Prebuilt/kerbalEVASlimSuitFemale/kerbalEVASlimSuitFemale'
[LOG 18:33:34.796] PartLoader: Compiling Part 'SquadExpansion/Serenity/Parts/Prebuilt/kerbalEVAVintage/kerbalEVAVintage'
[LOG 18:33:34.797] PartLoader: Compiling Part 'SquadExpansion/Serenity/Parts/Propellers/largeFanBlade/largeFanBlade'
[LOG 18:33:34.803] PartLoader: Part 'SquadExpansion/Serenity/Parts/Propellers/largeFanBlade/largeFanBlade' has no database record. Creating.
[LOG 18:33:34.803] [DragCubeSystem]: Drag cubes not found or cannot be read for part Part. Generating New drag cubes.
[LOG 18:33:34.803] [KSPCF/DragCubeGeneration] Creating drag cubes for part 'largeFanBlade'
[LOG 18:33:34.852] PartLoader: Compiling Part 'SquadExpansion/Serenity/Parts/Propellers/largeHeliBlade/largeHeliBlade'
[LOG 18:33:34.857] PartLoader: Part 'SquadExpansion/Serenity/Parts/Propellers/largeHeliBlade/largeHeliBlade' has no database record. Creating.
[LOG 18:33:34.857] [DragCubeSystem]: Drag cubes not found or cannot be read for part Part. Generating New drag cubes.
[LOG 18:33:34.857] [KSPCF/DragCubeGeneration] Creating drag cubes for part 'largeHeliBlade'
[LOG 18:33:34.900] PartLoader: Compiling Part 'SquadExpansion/Serenity/Parts/Propellers/largePropeller/largePropeller'
[LOG 18:33:34.905] PartLoader: Part 'SquadExpansion/Serenity/Parts/Propellers/largePropeller/largePropeller' has no database record. Creating.
[LOG 18:33:34.905] [DragCubeSystem]: Drag cubes not found or cannot be read for part Part. Generating New drag cubes.
[LOG 18:33:34.905] [KSPCF/DragCubeGeneration] Creating drag cubes for part 'largePropeller'
[LOG 18:33:34.948] PartLoader: Compiling Part 'SquadExpansion/Serenity/Parts/Propellers/mediumFanBlade/mediumFanBlade'
[LOG 18:33:34.953] PartLoader: Part 'SquadExpansion/Serenity/Parts/Propellers/mediumFanBlade/mediumFanBlade' has no database record. Creating.
[LOG 18:33:34.953] [DragCubeSystem]: Drag cubes not found or cannot be read for part Part. Generating New drag cubes.
[LOG 18:33:34.953] [KSPCF/DragCubeGeneration] Creating drag cubes for part 'mediumFanBlade'
[LOG 18:33:34.985] PartLoader: Compiling Part 'SquadExpansion/Serenity/Parts/Propellers/mediumHeliBlade/mediumHeliBlade'
[LOG 18:33:34.990] PartLoader: Part 'SquadExpansion/Serenity/Parts/Propellers/mediumHeliBlade/mediumHeliBlade' has no database record. Creating.
[LOG 18:33:34.990] [DragCubeSystem]: Drag cubes not found or cannot be read for part Part. Generating New drag cubes.
[LOG 18:33:34.990] [KSPCF/DragCubeGeneration] Creating drag cubes for part 'mediumHeliBlade'
[LOG 18:33:35.007] PartLoader: Compiling Part 'SquadExpansion/Serenity/Parts/Propellers/mediumPropeller/mediumPropeller'
[LOG 18:33:35.015] PartLoader: Part 'SquadExpansion/Serenity/Parts/Propellers/mediumPropeller/mediumPropeller' has no database record. Creating.
[LOG 18:33:35.015] [DragCubeSystem]: Drag cubes not found or cannot be read for part Part. Generating New drag cubes.
[LOG 18:33:35.015] [KSPCF/DragCubeGeneration] Creating drag cubes for part 'mediumPropeller'
[LOG 18:33:35.040] PartLoader: Compiling Part 'SquadExpansion/Serenity/Parts/Propellers/smallFanBlade/smallFanBlade'
[LOG 18:33:35.050] PartLoader: Part 'SquadExpansion/Serenity/Parts/Propellers/smallFanBlade/smallFanBlade' has no database record. Creating.
[LOG 18:33:35.050] [DragCubeSystem]: Drag cubes not found or cannot be read for part Part. Generating New drag cubes.
[LOG 18:33:35.050] [KSPCF/DragCubeGeneration] Creating drag cubes for part 'smallFanBlade'
[LOG 18:33:35.078] PartLoader: Compiling Part 'SquadExpansion/Serenity/Parts/Propellers/smallHeliBlade/smallHeliBlade'
[LOG 18:33:35.083] PartLoader: Part 'SquadExpansion/Serenity/Parts/Propellers/smallHeliBlade/smallHeliBlade' has no database record. Creating.
[LOG 18:33:35.083] [DragCubeSystem]: Drag cubes not found or cannot be read for part Part. Generating New drag cubes.
[LOG 18:33:35.084] [KSPCF/DragCubeGeneration] Creating drag cubes for part 'smallHeliBlade'
[LOG 18:33:35.107] PartLoader: Compiling Part 'SquadExpansion/Serenity/Parts/Propellers/smallPropeller/smallPropeller'
[LOG 18:33:35.111] PartLoader: Part 'SquadExpansion/Serenity/Parts/Propellers/smallPropeller/smallPropeller' has no database record. Creating.
[LOG 18:33:35.111] [DragCubeSystem]: Drag cubes not found or cannot be read for part Part. Generating New drag cubes.
[LOG 18:33:35.111] [KSPCF/DragCubeGeneration] Creating drag cubes for part 'smallPropeller'
[LOG 18:33:35.127] PartLoader: Compiling Part 'SquadExpansion/Serenity/Parts/Robotics/hinge_01/hinge_01'
[LOG 18:33:35.143] PartLoader: Part 'SquadExpansion/Serenity/Parts/Robotics/hinge_01/hinge_01' has no database record. Creating.
[LOG 18:33:35.143] [DragCubeSystem]: Drag cubes not found or cannot be read for part Part. Generating New drag cubes.
[LOG 18:33:35.143] [KSPCF/DragCubeGeneration] Creating drag cubes for part 'hinge.01'
[LOG 18:33:35.148] PartLoader: Compiling Part 'SquadExpansion/Serenity/Parts/Robotics/hinge_01_s/hinge_01_s'
[LOG 18:33:35.154] PartLoader: Part 'SquadExpansion/Serenity/Parts/Robotics/hinge_01_s/hinge_01_s' has no database record. Creating.
[LOG 18:33:35.154] [DragCubeSystem]: Drag cubes not found or cannot be read for part Part. Generating New drag cubes.
[LOG 18:33:35.154] [KSPCF/DragCubeGeneration] Creating drag cubes for part 'hinge.01.s'
[LOG 18:33:35.160] PartLoader: Compiling Part 'SquadExpansion/Serenity/Parts/Robotics/hinge_03/hinge_03'
[LOG 18:33:35.166] PartLoader: Part 'SquadExpansion/Serenity/Parts/Robotics/hinge_03/hinge_03' has no database record. Creating.
[LOG 18:33:35.167] PartLoader: Compiling Part 'SquadExpansion/Serenity/Parts/Robotics/hinge_03_s/hinge_03_s'
[LOG 18:33:35.172] PartLoader: Part 'SquadExpansion/Serenity/Parts/Robotics/hinge_03_s/hinge_03_s' has no database record. Creating.
[LOG 18:33:35.173] PartLoader: Compiling Part 'SquadExpansion/Serenity/Parts/Robotics/hinge_04/hinge_04'
[LOG 18:33:35.179] PartLoader: Part 'SquadExpansion/Serenity/Parts/Robotics/hinge_04/hinge_04' has no database record. Creating.
[LOG 18:33:35.179] PartLoader: Compiling Part 'SquadExpansion/Serenity/Parts/Robotics/piston_01/piston_01'
[LOG 18:33:35.190] PartLoader: Part 'SquadExpansion/Serenity/Parts/Robotics/piston_01/piston_01' has no database record. Creating.
[LOG 18:33:35.191] PartLoader: Compiling Part 'SquadExpansion/Serenity/Parts/Robotics/piston_02/piston_02'
[LOG 18:33:35.196] PartLoader: Part 'SquadExpansion/Serenity/Parts/Robotics/piston_02/piston_02' has no database record. Creating.
[LOG 18:33:35.196] PartLoader: Compiling Part 'SquadExpansion/Serenity/Parts/Robotics/piston_03/piston_03'
[LOG 18:33:35.202] PartLoader: Part 'SquadExpansion/Serenity/Parts/Robotics/piston_03/piston_03' has no database record. Creating.
[LOG 18:33:35.202] PartLoader: Compiling Part 'SquadExpansion/Serenity/Parts/Robotics/piston_04/piston_04'
[LOG 18:33:35.208] PartLoader: Part 'SquadExpansion/Serenity/Parts/Robotics/piston_04/piston_04' has no database record. Creating.
[LOG 18:33:35.208] PartLoader: Compiling Part 'SquadExpansion/Serenity/Parts/Robotics/RotorEngine_02/RotorEngine_02'
[LOG 18:33:35.220] PartLoader: Part 'SquadExpansion/Serenity/Parts/Robotics/RotorEngine_02/RotorEngine_02' has no database record. Creating.
[LOG 18:33:35.220] [DragCubeSystem]: Drag cubes not found or cannot be read for part Part. Generating New drag cubes.
[LOG 18:33:35.220] [KSPCF/DragCubeGeneration] Creating drag cubes for part 'RotorEngine.02'
[LOG 18:33:35.225] PartLoader: Compiling Part 'SquadExpansion/Serenity/Parts/Robotics/RotorEngine_03/RotorEngine_03'
[LOG 18:33:35.230] PartLoader: Part 'SquadExpansion/Serenity/Parts/Robotics/RotorEngine_03/RotorEngine_03' has no database record. Creating.
[LOG 18:33:35.230] [DragCubeSystem]: Drag cubes not found or cannot be read for part Part. Generating New drag cubes.
[LOG 18:33:35.230] [KSPCF/DragCubeGeneration] Creating drag cubes for part 'RotorEngine.03'
[LOG 18:33:35.236] PartLoader: Compiling Part 'SquadExpansion/Serenity/Parts/Robotics/rotor_01/rotor_01'
[LOG 18:33:35.242] PartLoader: Part 'SquadExpansion/Serenity/Parts/Robotics/rotor_01/rotor_01' has no database record. Creating.
[LOG 18:33:35.242] [DragCubeSystem]: Drag cubes not found or cannot be read for part Part. Generating New drag cubes.
[LOG 18:33:35.242] [KSPCF/DragCubeGeneration] Creating drag cubes for part 'rotor.01'
[LOG 18:33:35.247] PartLoader: Compiling Part 'SquadExpansion/Serenity/Parts/Robotics/rotor_01s/rotor_01s'
[LOG 18:33:35.255] PartLoader: Part 'SquadExpansion/Serenity/Parts/Robotics/rotor_01s/rotor_01s' has no database record. Creating.
[LOG 18:33:35.255] [DragCubeSystem]: Drag cubes not found or cannot be read for part Part. Generating New drag cubes.
[LOG 18:33:35.255] [KSPCF/DragCubeGeneration] Creating drag cubes for part 'rotor.01s'
[LOG 18:33:35.259] PartLoader: Compiling Part 'SquadExpansion/Serenity/Parts/Robotics/rotor_02/rotor_02'
[LOG 18:33:35.267] PartLoader: Part 'SquadExpansion/Serenity/Parts/Robotics/rotor_02/rotor_02' has no database record. Creating.
[LOG 18:33:35.267] [DragCubeSystem]: Drag cubes not found or cannot be read for part Part. Generating New drag cubes.
[LOG 18:33:35.267] [KSPCF/DragCubeGeneration] Creating drag cubes for part 'rotor.02'
[LOG 18:33:35.272] PartLoader: Compiling Part 'SquadExpansion/Serenity/Parts/Robotics/rotor_02s/rotor_02s'
[LOG 18:33:35.281] PartLoader: Part 'SquadExpansion/Serenity/Parts/Robotics/rotor_02s/rotor_02s' has no database record. Creating.
[LOG 18:33:35.281] [DragCubeSystem]: Drag cubes not found or cannot be read for part Part. Generating New drag cubes.
[LOG 18:33:35.281] [KSPCF/DragCubeGeneration] Creating drag cubes for part 'rotor.02s'
[LOG 18:33:35.286] PartLoader: Compiling Part 'SquadExpansion/Serenity/Parts/Robotics/rotor_03/rotor_03'
[LOG 18:33:35.294] PartLoader: Part 'SquadExpansion/Serenity/Parts/Robotics/rotor_03/rotor_03' has no database record. Creating.
[LOG 18:33:35.294] [DragCubeSystem]: Drag cubes not found or cannot be read for part Part. Generating New drag cubes.
[LOG 18:33:35.294] [KSPCF/DragCubeGeneration] Creating drag cubes for part 'rotor.03'
[LOG 18:33:35.299] PartLoader: Compiling Part 'SquadExpansion/Serenity/Parts/Robotics/rotor_03s/rotor_03s'
[LOG 18:33:35.305] PartLoader: Part 'SquadExpansion/Serenity/Parts/Robotics/rotor_03s/rotor_03s' has no database record. Creating.
[LOG 18:33:35.305] [DragCubeSystem]: Drag cubes not found or cannot be read for part Part. Generating New drag cubes.
[LOG 18:33:35.305] [KSPCF/DragCubeGeneration] Creating drag cubes for part 'rotor.03s'
[LOG 18:33:35.309] PartLoader: Compiling Part 'SquadExpansion/Serenity/Parts/Robotics/rotoServo_00/rotoServo_00'
[LOG 18:33:35.320] PartLoader: Part 'SquadExpansion/Serenity/Parts/Robotics/rotoServo_00/rotoServo_00' has no database record. Creating.
[LOG 18:33:35.320] [DragCubeSystem]: Drag cubes not found or cannot be read for part Part. Generating New drag cubes.
[LOG 18:33:35.320] [KSPCF/DragCubeGeneration] Creating drag cubes for part 'rotoServo.00'
[LOG 18:33:35.326] PartLoader: Compiling Part 'SquadExpansion/Serenity/Parts/Robotics/rotoServo_02/rotoServo_02'
[LOG 18:33:35.334] PartLoader: Part 'SquadExpansion/Serenity/Parts/Robotics/rotoServo_02/rotoServo_02' has no database record. Creating.
[LOG 18:33:35.334] [DragCubeSystem]: Drag cubes not found or cannot be read for part Part. Generating New drag cubes.
[LOG 18:33:35.334] [KSPCF/DragCubeGeneration] Creating drag cubes for part 'rotoServo.02'
[LOG 18:33:35.339] PartLoader: Compiling Part 'SquadExpansion/Serenity/Parts/Robotics/rotoServo_03/rotoServo_03'
[LOG 18:33:35.344] PartLoader: Part 'SquadExpansion/Serenity/Parts/Robotics/rotoServo_03/rotoServo_03' has no database record. Creating.
[LOG 18:33:35.344] [DragCubeSystem]: Drag cubes not found or cannot be read for part Part. Generating New drag cubes.
[LOG 18:33:35.344] [KSPCF/DragCubeGeneration] Creating drag cubes for part 'rotoServo.03'
[LOG 18:33:35.350] PartLoader: Compiling Part 'SquadExpansion/Serenity/Parts/Robotics/rotoServo_04/rotoServo_04'
[LOG 18:33:35.356] PartLoader: Part 'SquadExpansion/Serenity/Parts/Robotics/rotoServo_04/rotoServo_04' has no database record. Creating.
[LOG 18:33:35.356] [DragCubeSystem]: Drag cubes not found or cannot be read for part Part. Generating New drag cubes.
[LOG 18:33:35.356] [KSPCF/DragCubeGeneration] Creating drag cubes for part 'rotoServo.04'
[LOG 18:33:35.359] PartLoader: Compiling Part 'SquadExpansion/Serenity/Parts/Robotics/Controllers/KAL1000/controller1000'
[LOG 18:33:35.371] PartLoader: Part 'SquadExpansion/Serenity/Parts/Robotics/Controllers/KAL1000/controller1000' has no database record. Creating.
[LOG 18:33:35.371] [DragCubeSystem]: Drag cubes not found or cannot be read for part Part. Generating New drag cubes.
[LOG 18:33:35.371] [KSPCF/DragCubeGeneration] Creating drag cubes for part 'controller1000'
[LOG 18:33:35.376] PartLoader: Compiling Part 'SquadExpansion/Serenity/Parts/Science/RobotArmScanner/RobotArmScanner_S1/RobotArmScanner_S1'
[LOG 18:33:35.388] PartLoader: Part 'SquadExpansion/Serenity/Parts/Science/RobotArmScanner/RobotArmScanner_S1/RobotArmScanner_S1' has no database record. Creating.
[LOG 18:33:35.388] [DragCubeSystem]: Drag cubes not found or cannot be read for part Part. Generating New drag cubes.
[LOG 18:33:35.388] [KSPCF/DragCubeGeneration] Creating drag cubes for part 'RobotArmScanner.S1'
[LOG 18:33:35.405] PartLoader: Compiling Part 'SquadExpansion/Serenity/Parts/Science/RobotArmScanner/RobotArmScanner_S2/RobotArmScanner_S2'
[LOG 18:33:35.411] PartLoader: Part 'SquadExpansion/Serenity/Parts/Science/RobotArmScanner/RobotArmScanner_S2/RobotArmScanner_S2' has no database record. Creating.
[LOG 18:33:35.411] [DragCubeSystem]: Drag cubes not found or cannot be read for part Part. Generating New drag cubes.
[LOG 18:33:35.411] [KSPCF/DragCubeGeneration] Creating drag cubes for part 'RobotArmScanner.S2'
[LOG 18:33:35.426] PartLoader: Compiling Part 'SquadExpansion/Serenity/Parts/Science/RobotArmScanner/RobotArmScanner_S3/RobotArmScanner_S3'
[LOG 18:33:35.433] PartLoader: Part 'SquadExpansion/Serenity/Parts/Science/RobotArmScanner/RobotArmScanner_S3/RobotArmScanner_S3' has no database record. Creating.
[LOG 18:33:35.433] [DragCubeSystem]: Drag cubes not found or cannot be read for part Part. Generating New drag cubes.
[LOG 18:33:35.433] [KSPCF/DragCubeGeneration] Creating drag cubes for part 'RobotArmScanner.S3'
[LOG 18:33:35.451] PartLoader: Compiling Part 'SquadExpansion/Serenity/Parts/Structural/gripPads/lGripPad/lGripPad'
[LOG 18:33:35.460] PartLoader: Part 'SquadExpansion/Serenity/Parts/Structural/gripPads/lGripPad/lGripPad' has no database record. Creating.
[LOG 18:33:35.460] [DragCubeSystem]: Drag cubes not found or cannot be read for part Part. Generating New drag cubes.
[LOG 18:33:35.460] [KSPCF/DragCubeGeneration] Creating drag cubes for part 'lGripPad'
[LOG 18:33:35.471] PartLoader: Compiling Part 'SquadExpansion/Serenity/Parts/Structural/gripPads/lGripStrip/lGripStrip'
[LOG 18:33:35.474] PartLoader: Part 'SquadExpansion/Serenity/Parts/Structural/gripPads/lGripStrip/lGripStrip' has no database record. Creating.
[LOG 18:33:35.474] [DragCubeSystem]: Drag cubes not found or cannot be read for part Part. Generating New drag cubes.
[LOG 18:33:35.474] [KSPCF/DragCubeGeneration] Creating drag cubes for part 'lGripStrip'
[LOG 18:33:35.478] PartLoader: Compiling Part 'SquadExpansion/Serenity/Parts/Structural/gripPads/mGripPad/mGripPad'
[LOG 18:33:35.481] PartLoader: Part 'SquadExpansion/Serenity/Parts/Structural/gripPads/mGripPad/mGripPad' has no database record. Creating.
[LOG 18:33:35.481] [DragCubeSystem]: Drag cubes not found or cannot be read for part Part. Generating New drag cubes.
[LOG 18:33:35.482] [KSPCF/DragCubeGeneration] Creating drag cubes for part 'mGripPad'
[LOG 18:33:35.492] PartLoader: Compiling Part 'SquadExpansion/Serenity/Parts/Structural/gripPads/sGripPad/sGripPad'
[LOG 18:33:35.496] PartLoader: Part 'SquadExpansion/Serenity/Parts/Structural/gripPads/sGripPad/sGripPad' has no database record. Creating.
[LOG 18:33:35.496] [DragCubeSystem]: Drag cubes not found or cannot be read for part Part. Generating New drag cubes.
[LOG 18:33:35.496] [KSPCF/DragCubeGeneration] Creating drag cubes for part 'sGripPad'
[LOG 18:33:35.508] PartLoader: Compiling Part 'SquadExpansion/Serenity/Parts/Structural/gripPads/sGripStrip/sGripStrip'
[LOG 18:33:35.511] PartLoader: Part 'SquadExpansion/Serenity/Parts/Structural/gripPads/sGripStrip/sGripStrip' has no database record. Creating.
[LOG 18:33:35.512] [DragCubeSystem]: Drag cubes not found or cannot be read for part Part. Generating New drag cubes.
[LOG 18:33:35.512] [KSPCF/DragCubeGeneration] Creating drag cubes for part 'sGripStrip'
[LOG 18:33:35.517] PartLoader: Compiling Internal Prop 'Squad/Props/AltimeterThreeHands/prop/AltimeterThreeHands'
[LOG 18:33:35.520] PartLoader: Compiling Internal Prop 'Squad/Props/AtmosphereDepth/prop/AtmosphereDepth'
[LOG 18:33:35.522] PartLoader: Compiling Internal Prop 'Squad/Props/AxisIndicator/pitchConfig/AxisIndicatorPitch'
[LOG 18:33:35.523] PartLoader: Compiling Internal Prop 'Squad/Props/AxisIndicator/rollConfig/AxisIndicatorRoll'
[LOG 18:33:35.524] PartLoader: Compiling Internal Prop 'Squad/Props/AxisIndicator/yawConfig/AxisIndicatorYaw'
[LOG 18:33:35.526] PartLoader: Compiling Internal Prop 'Squad/Props/buttonsGeneric/circularButton/genericCircularButton'
[LOG 18:33:35.527] PartLoader: Compiling Internal Prop 'Squad/Props/buttonsGeneric/clusterButtons/genericClusterButtons'
[LOG 18:33:35.527] PartLoader: Compiling Internal Prop 'Squad/Props/buttonsGeneric/clusterButtons2/genericClusterButtons2'
[LOG 18:33:35.528] PartLoader: Compiling Internal Prop 'Squad/Props/buttonsGeneric/clusterKnob/genericClusterKnobs'
[LOG 18:33:35.529] PartLoader: Compiling Internal Prop 'Squad/Props/buttonsGeneric/clusterKnob2/genericClusterKnobs2'
[LOG 18:33:35.529] PartLoader: Compiling Internal Prop 'Squad/Props/buttonsGeneric/clusterMixed/genericClusterMixed'
[LOG 18:33:35.530] PartLoader: Compiling Internal Prop 'Squad/Props/buttonsGeneric/clusterSwitches01/genericClusterSwitches01'
[LOG 18:33:35.530] PartLoader: Compiling Internal Prop 'Squad/Props/buttonsGeneric/clusterSwitches02/genericClusterSwitches02'
[LOG 18:33:35.531] PartLoader: Compiling Internal Prop 'Squad/Props/buttonsGeneric/clusterSwitches03/genericClusterSwitches03'
[LOG 18:33:35.531] PartLoader: Compiling Internal Prop 'Squad/Props/buttonsGeneric/clusterSwitches04/genericClusterSwitches04'
[LOG 18:33:35.532] PartLoader: Compiling Internal Prop 'Squad/Props/buttonsGeneric/clusterSwitches05/genericClusterSwitches05'
[LOG 18:33:35.532] PartLoader: Compiling Internal Prop 'Squad/Props/buttonsGeneric/clusterSwitches06/genericClusterSwitches06'
[LOG 18:33:35.533] PartLoader: Compiling Internal Prop 'Squad/Props/buttonsGeneric/clusterSwitches07/genericClusterSwitches07'
[LOG 18:33:35.533] PartLoader: Compiling Internal Prop 'Squad/Props/buttonsGeneric/directionalKnob/genericDirectionalKnob'
[LOG 18:33:35.534] PartLoader: Compiling Internal Prop 'Squad/Props/buttonsGeneric/directionalKnob2/genericDirectionalKnob2'
[LOG 18:33:35.535] PartLoader: Compiling Internal Prop 'Squad/Props/buttonsGeneric/pullSwitch/genericPullSwitch'
[LOG 18:33:35.535] PartLoader: Compiling Internal Prop 'Squad/Props/buttonsGeneric/squareButton/genericSquareButton'
[LOG 18:33:35.536] PartLoader: Compiling Internal Prop 'Squad/Props/buttonsGeneric/standingSwitch/genericStandingSwitch'
[LOG 18:33:35.536] PartLoader: Compiling Internal Prop 'Squad/Props/buttonsGeneric/switch/genericSwitch'
[LOG 18:33:35.537] PartLoader: Compiling Internal Prop 'Squad/Props/buttonsGeneric/switchWithGuards/genericSwitchWithGuards'
[LOG 18:33:35.537] PartLoader: Compiling Internal Prop 'Squad/Props/ButtonSquare/prop/ButtonSquare'
[LOG 18:33:35.539] PartLoader: Compiling Internal Prop 'Squad/Props/circularButton/prop/circularButton'
[LOG 18:33:35.540] PartLoader: Compiling Internal Prop 'Squad/Props/Compass/prop/Compass'
[LOG 18:33:35.541] PartLoader: Compiling Internal Prop 'Squad/Props/directionalKnob/prop/directionalKnob'
[LOG 18:33:35.542] PartLoader: Compiling Internal Prop 'Squad/Props/directionalKnob2/prop/directionalKnob2'
[LOG 18:33:35.542] PartLoader: Compiling Internal Prop 'Squad/Props/IndicatorPanel/prop/IndicatorPanel'
[LOG 18:33:35.545] PartLoader: Compiling Internal Prop 'Squad/Props/IVANavBall/prop/NavBall'
[LOG 18:33:35.548] PartLoader: Compiling Internal Prop 'Squad/Props/IVANavBallNoBase/prop/NavBallNoBase'
[LOG 18:33:35.549] PartLoader: Compiling Internal Prop 'Squad/Props/ledPanelSpeed/prop/ledPanelSpeed'
[LOG 18:33:35.551] PartLoader: Compiling Internal Prop 'Squad/Props/Monitor/DockingMode/MonitorDockingMode'
[LOG 18:33:35.551] PartLoader: Compiling Internal Prop 'Squad/Props/NavBall/prop/NavBall'
[LOG 18:33:35.552] PartLoader: Compiling Internal Prop 'Squad/Props/PropsGeneric/Button_DockingMode/Button_DockingMode'
[LOG 18:33:35.552] PartLoader: Compiling Internal Prop 'Squad/Props/PropsGeneric/CargoBagA/CargoBagA'
[LOG 18:33:35.553] PartLoader: Compiling Internal Prop 'Squad/Props/PropsGeneric/CargoBagB/CargoBagB'
[LOG 18:33:35.553] PartLoader: Compiling Internal Prop 'Squad/Props/PropsGeneric/CargoBagC/CargoBagC'
[LOG 18:33:35.554] PartLoader: Compiling Internal Prop 'Squad/Props/PropsGeneric/Hatch_Plane/Hatch_Plane'
[LOG 18:33:35.554] PartLoader: Compiling Internal Prop 'Squad/Props/PropsGeneric/Hatch_Plane_Curve90/Hatch_Plane_Curve90'
[LOG 18:33:35.555] PartLoader: Compiling Internal Prop 'Squad/Props/PropsGeneric/Hatch_Plane_Frame/Hatch_Plane_Frame'
[LOG 18:33:35.556] PartLoader: Compiling Internal Prop 'Squad/Props/PropsGeneric/Seat_Passenger/Seat_Passenger'
[LOG 18:33:35.556] PartLoader: Compiling Internal Prop 'Squad/Props/PropsGeneric/Seat_Pilot/Seat_Pilot'
[LOG 18:33:35.557] PartLoader: Compiling Internal Prop 'Squad/Props/PropsGeneric/Seat_Pilot_Helmet/Seat_Pilot_Helmet'
[LOG 18:33:35.557] PartLoader: Compiling Internal Prop 'Squad/Props/PropsGeneric/SideStick/SideStick'
[LOG 18:33:35.558] PartLoader: Compiling Internal Prop 'Squad/Props/pullSwitch/prop/pullSwitch'
[LOG 18:33:35.558] PartLoader: Compiling Internal Prop 'Squad/Props/radarAltitude/prop/RadarAltimeter'
[LOG 18:33:35.560] PartLoader: Compiling Internal Prop 'Squad/Props/squareButton/prop/squareButton'
[LOG 18:33:35.561] PartLoader: Compiling Internal Prop 'Squad/Props/standingSwitch/prop/standingSwitch'
[LOG 18:33:35.561] PartLoader: Compiling Internal Prop 'Squad/Props/switch/prop/switch'
[LOG 18:33:35.562] PartLoader: Compiling Internal Prop 'Squad/Props/switchGuard/prop/switchGuard'
[LOG 18:33:35.562] PartLoader: Compiling Internal Prop 'Squad/Props/switchWithGuards/prop/switchWithGuards'
[LOG 18:33:35.563] PartLoader: Compiling Internal Prop 'Squad/Props/throttle/prop/throttle'
[LOG 18:33:35.564] PartLoader: Compiling Internal Prop 'Squad/Props/VSI/prop/VSI'
[LOG 18:33:35.566] PartLoader: Compiling Internal Space 'Squad/Spaces/crewCabinInternals/internal/crewCabinInternals'
[LOG 18:33:35.573] PartLoader: Compiling Internal Space 'Squad/Spaces/cupolaInternal/internal/cupolaInternal'
[LOG 18:33:35.586] PartLoader: Compiling Internal Space 'Squad/Spaces/GenericSpace1/internal/GenericSpace1'
[LOG 18:33:35.587] PartLoader: Compiling Internal Space 'Squad/Spaces/GenericSpace3/internal/GenericSpace3'
[LOG 18:33:35.589] PartLoader: Compiling Internal Space 'Squad/Spaces/landerCabinInternals/internal/landerCabinInternals'
[LOG 18:33:35.591] PartLoader: Compiling Internal Space 'Squad/Spaces/landerCabinSmallInternal/internal/landerCabinSmallInternal'
[LOG 18:33:35.594] PartLoader: Compiling Internal Space 'Squad/Spaces/LargeCrewedLabInternals/internal/Mobile_Processing_Lab_Int'
[LOG 18:33:35.596] PartLoader: Compiling Internal Space 'Squad/Spaces/Mk1-3/internal/Mk1-3'
[LOG 18:33:35.603] PartLoader: Compiling Internal Space 'Squad/Spaces/mk1CabinInternal/internal/mk1CabinInternal'
[LOG 18:33:35.608] PartLoader: Compiling Internal Space 'Squad/Spaces/mk1CockpitInternal/internal/mk1CockpitInternal'
[LOG 18:33:35.616] PartLoader: Compiling Internal Space 'Squad/Spaces/mk1InlineInternal/internal/mk1InlineInternal'
[LOG 18:33:35.621] PartLoader: Compiling Internal Space 'Squad/Spaces/mk1PodCockpit/internal/mk1PodCockpit'
[LOG 18:33:35.624] PartLoader: Compiling Internal Space 'Squad/Spaces/mk1pod_IVA/mk1pod_Internal/mk1pod_IVA'
[LOG 18:33:35.630] PartLoader: Compiling Internal Space 'Squad/Spaces/mk2CockpitStandardInternal/internal/mk2CockpitStandardInternals'
[LOG 18:33:35.638] PartLoader: Compiling Internal Space 'Squad/Spaces/Mk2CrewCabinInternal/internal_MK2_CrewCab/MK2_CrewCab_Int'
[LOG 18:33:35.643] PartLoader: Compiling Internal Space 'Squad/Spaces/mk2InlineInternal/internal/mk2InlineInternal'
[LOG 18:33:35.653] PartLoader: Compiling Internal Space 'Squad/Spaces/mk2LanderCanInternal/internal/mk2LanderCanInternal'
[LOG 18:33:35.660] PartLoader: Compiling Internal Space 'Squad/Spaces/MK3CockpitInternal/internal_MK3/MK3_Cockpit_Int'
[LOG 18:33:35.672] PartLoader: Compiling Internal Space 'Squad/Spaces/MK3_CrewCab_Int/internal_MK3_CrewCab/MK3_CrewCab_Int'
[LOG 18:33:35.674] InternalSeat: Cannot find portraitCamera of name 'Camera_Left003'
[LOG 18:33:35.681] PartLoader: Compiling Internal Space 'Squad/Spaces/Placeholder/internal/Placeholder'
[LOG 18:33:35.690] PartLoader: Compiling Internal Space 'Squad/Spaces/PodCockpit/internal/PodCockpit'
[LOG 18:33:35.697] PartLoader: Compiling Internal Space 'SquadExpansion/MakingHistory/Spaces/KVPods/Airlock_Internal/Airlock_IVA'
[LOG 18:33:35.698] PartLoader: Compiling Internal Space 'SquadExpansion/MakingHistory/Spaces/KVPods/KV1_Internal/KV1_IVA'
[LOG 18:33:35.701] PartLoader: Compiling Internal Space 'SquadExpansion/MakingHistory/Spaces/KVPods/KV2_Internal/KV2_IVA'
[LOG 18:33:35.706] PartLoader: Compiling Internal Space 'SquadExpansion/MakingHistory/Spaces/KVPods/KV3_Internal/KV3_IVA'
[LOG 18:33:35.711] PartLoader: Compiling Internal Space 'SquadExpansion/MakingHistory/Spaces/MEM/MEM_IVA/MEM_IVA'
[LOG 18:33:35.719] PartLoader: Compiling Internal Space 'SquadExpansion/MakingHistory/Spaces/Mk2Pod/Mk2Pod_Internal/MK2POD_IVA'
[LOG 18:33:35.804] Assets:
[LOG 18:33:35.804] anim_missionsapp_idle.anim
[LOG 18:33:35.805] anim_missionsapp_idle_warning.anim
[LOG 18:33:35.805] anim_missionsapp_warning.anim
[LOG 18:33:35.805] anim_missionssapp.anim
[LOG 18:33:35.805] animcontroller_missionsappmaster.controller
[LOG 18:33:35.805] app_bg.tif
[LOG 18:33:35.805] app_bottom_gray.tif
[LOG 18:33:35.805] app_divider_pulldown_body.tif
[LOG 18:33:35.805] app_divider_pulldown_footer.tif
[LOG 18:33:35.805] app_divider_pulldown_header.tif
[LOG 18:33:35.805] app_divider_pulldown_header_over.tif
[LOG 18:33:35.805] app_header_gray.tif
[LOG 18:33:35.805] app_missions_icon_active.tif
[LOG 18:33:35.805] app_missions_icon_complete.tif
[LOG 18:33:35.805] app_missions_icon_failed.tif
[LOG 18:33:35.805] app_missions_icon_inactive.tif
[LOG 18:33:35.805] spritesheet_missionsapp.tif
[LOG 18:33:35.806] spritesheet_missionsappwarning.tif
[LOG 18:33:35.806] missionbriefingdialog.prefab
[LOG 18:33:35.806] missionbriefingtag.prefab
[LOG 18:33:35.806] awardwidget.prefab
[LOG 18:33:35.806] missionenddialog.prefab
[LOG 18:33:35.806] missionitemwidget.prefab
[LOG 18:33:35.806] missionplaybutton.prefab
[LOG 18:33:35.806] missionplaydialog.prefab
[LOG 18:33:35.806] missionsteamitemwidget.prefab
[LOG 18:33:35.806] missionvalidationdialog.prefab
[LOG 18:33:35.806] validationentry.prefab
[LOG 18:33:35.806] comettoken.fbx
[LOG 18:33:35.806] comettoken.jpg
[LOG 18:33:35.806] placementegizmo_comet.mat
[LOG 18:33:35.806] placementegizmo_comet_tail.mat
[LOG 18:33:35.806] femalevintagepreview.prefab
[LOG 18:33:35.806] malevintagepreview.prefab
[LOG 18:33:35.806] checkpointentrywidget.prefab
[LOG 18:33:35.806] crewmanagementdialog.prefab
[LOG 18:33:35.806] listitem_vesseltitle.prefab
[LOG 18:33:35.806] missionbrowser.prefab
[LOG 18:33:35.806] missioncheckpointbrowser.prefab
[LOG 18:33:35.806] missioncrewlistitem.prefab
[LOG 18:33:35.806] missionentrywidget.prefab
[LOG 18:33:35.806] missiontemplateentrywidget.prefab
[LOG 18:33:35.806] partcategorizerbutton.prefab
[LOG 18:33:35.806] partselectorbrowser.prefab
[LOG 18:33:35.806] partselectorentry.prefab
[LOG 18:33:35.807] gaputil_vesselframe.prefab
[LOG 18:33:35.807] meguiconnector.prefab
[LOG 18:33:35.807] meguinode.prefab
[LOG 18:33:35.807] meguinodecategorybutton.prefab
[LOG 18:33:35.807] meguinodeicon.prefab
[LOG 18:33:35.807] meguinodeicongroup.prefab
[LOG 18:33:35.807] meguiscrollviewitem.prefab
[LOG 18:33:35.807] meiconloaderbasicnode.prefab
[LOG 18:33:35.807] meiconloadergap.prefab
[LOG 18:33:35.807] meiconloadernodecategorizer.prefab
[LOG 18:33:35.807] menodecanvas.prefab
[LOG 18:33:35.807] missioneditorscreen.prefab
[LOG 18:33:35.807] nodelisttooltip.prefab
[LOG 18:33:35.807] nodelisttooltipextinfolistspacer.prefab
[LOG 18:33:35.807] orbitgizmo.prefab
[LOG 18:33:35.807] biomeshighlight.shader
[LOG 18:33:35.807] projector-surfacegizmo.shader
[LOG 18:33:35.807] scaledplanetbiomeshighlight.shader
[LOG 18:33:35.807] sprites-alwaysover.shader
[LOG 18:33:35.807] ui-unlit-infinite.shader
[LOG 18:33:35.807] ui-unlit-solid.shader
[LOG 18:33:35.807] assetgraph_connectionpoint_inputmark.png
[LOG 18:33:35.807] assetgraph_inputbg.png
[LOG 18:33:35.807] boldly.png
[LOG 18:33:35.807] carpool.png
[LOG 18:33:35.807] frugal.png
[LOG 18:33:35.807] homesick.png
[LOG 18:33:35.807] keys.png
[LOG 18:33:35.807] saint.png
[LOG 18:33:35.808] sinner.png
[LOG 18:33:35.808] thespot.png
[LOG 18:33:35.808] timekeeper.png
[LOG 18:33:35.808] helmetbronze.png
[LOG 18:33:35.808] helmetgold.png
[LOG 18:33:35.808] helmetsilver.png
[LOG 18:33:35.808] action-part-resource-drain.png
[LOG 18:33:35.808] change-part-resource-levels.png
[LOG 18:33:35.808] create-asteroid.png
[LOG 18:33:35.808] create-kerbal.png
[LOG 18:33:35.808] create-vessel.png
[LOG 18:33:35.808] crew-assignment.png
[LOG 18:33:35.808] dialog-message.png
[LOG 18:33:35.808] display-message.png
[LOG 18:33:35.808] fail-part.png
[LOG 18:33:35.808] fly-through.png
[LOG 18:33:35.808] funds-recovery.png
[LOG 18:33:35.808] generic-node.png
[LOG 18:33:35.808] go-to.png
[LOG 18:33:35.808] kerbal-boarded.png
[LOG 18:33:35.808] kerbal-recovery.png
[LOG 18:33:35.808] kerbal-rescue.png
[LOG 18:33:35.808] launch-site.png
[LOG 18:33:35.808] leave-soi.png
[LOG 18:33:35.808] orbit.png
[LOG 18:33:35.808] part-explode.png
[LOG 18:33:35.808] plant-flag.png
[LOG 18:33:35.808] reach-soi.png
[LOG 18:33:35.809] repair-part.png
[LOG 18:33:35.809] resource-amount.png
[LOG 18:33:35.809] resource-recovery.png
[LOG 18:33:35.809] science-experiment.png
[LOG 18:33:35.809] score.png
[LOG 18:33:35.809] take-tourist.png
[LOG 18:33:35.809] test-altitude.png
[LOG 18:33:35.809] test-eva.png
[LOG 18:33:35.809] test-grapple.png
[LOG 18:33:35.809] time-of-flight.png
[LOG 18:33:35.809] time-of-mission.png
[LOG 18:33:35.809] time-since-node.png
[LOG 18:33:35.809] vessel-crashed.png
[LOG 18:33:35.809] vessel-crew-count.png
[LOG 18:33:35.809] vessel-explode.png
[LOG 18:33:35.809] vessel-flying.png
[LOG 18:33:35.809] vessel-landed.png
[LOG 18:33:35.809] vessel-mass.png
[LOG 18:33:35.809] vessel-splashed.png
[LOG 18:33:35.809] vessel-stage-activated.png
[LOG 18:33:35.809] vessel-stage.png
[LOG 18:33:35.809] arrange-graph.png
[LOG 18:33:35.809] builderbuttons_briefing.png
[LOG 18:33:35.809] builderbuttons_reset.png
[LOG 18:33:35.809] builderbuttons_trackingstation.png
[LOG 18:33:35.809] frame-graph.png
[LOG 18:33:35.809] lock.png
[LOG 18:33:35.809] maximize.png
[LOG 18:33:35.809] minimize.png
[LOG 18:33:35.809] pin.png
[LOG 18:33:35.810] pin_down.png
[LOG 18:33:35.810] redo.png
[LOG 18:33:35.810] reset.png
[LOG 18:33:35.810] tracking-station.png
[LOG 18:33:35.810] undo.png
[LOG 18:33:35.810] visible-in-gap.png
[LOG 18:33:35.810] location.png
[LOG 18:33:35.810] logic.png
[LOG 18:33:35.810] science.png
[LOG 18:33:35.810] utility.png
[LOG 18:33:35.810] vessel.png
[LOG 18:33:35.810] eye.png
[LOG 18:33:35.810] iconmb.png
[LOG 18:33:35.810] me_btn_generic_normal.tif
[LOG 18:33:35.810] me_button_generic_normal.tif
[LOG 18:33:35.810] nodecat_bg.png
[LOG 18:33:35.810] nodecat_divider.tif
[LOG 18:33:35.810] nodecat_divider_bottom.tif
[LOG 18:33:35.810] pholderwarningicon.png
[LOG 18:33:35.810] reseticon.png
[LOG 18:33:35.810] validityindicator.controller
[LOG 18:33:35.810] validtyinidicatorpulse.anim
[LOG 18:33:35.810] broadorbittoggle button.png
[LOG 18:33:35.810] maneuvertoggle button.png
[LOG 18:33:35.810] orbitalgizmoicons.png
[LOG 18:33:35.810] reset orbit button.png
[LOG 18:33:35.810] nodelabel.prefab
[LOG 18:33:35.810] kerbaleva_female_exp.prefab
[LOG 18:33:35.810] kerbaleva_rd_exp.prefab
[LOG 18:33:35.810] missioneditorevabody.mat
[LOG 18:33:35.811] missioneditorevabodyalternate.mat
[LOG 18:33:35.811] missioneditorevabodybrown.mat
[LOG 18:33:35.811] missioneditorevaeyeballs.mat
[LOG 18:33:35.811] missioneditorevaeyes.mat
[LOG 18:33:35.811] missioneditorevahead.mat
[LOG 18:33:35.811] missioneditorevahelmet.mat
[LOG 18:33:35.811] missioneditorevahelmetred.mat
[LOG 18:33:35.811] missioneditorevajetpack.mat
[LOG 18:33:35.811] missioneditorevalight.mat
[LOG 18:33:35.811] kbevafemalevintage.prefab
[LOG 18:33:35.811] kbevavintage.prefab
[LOG 18:33:35.811] evalight.fbx
[LOG 18:33:35.811] kbeva@new.fbx
[LOG 18:33:35.811] kbeva@newfem.fbx
[LOG 18:33:35.811] mevahelmetlight.fbx
[LOG 18:33:35.811] evajetpackscondary.dds
[LOG 18:33:35.811] evajetpacksecondary_n.dds
[LOG 18:33:35.811] evalight.png
[LOG 18:33:35.811] kerbalmainnrm.dds
[LOG 18:33:35.811] me_suit_difuse_blue.dds
[LOG 18:33:35.811] me_suit_difuse_low_polybrown.dds
[LOG 18:33:35.811] me_suit_difuse_orange.dds
[LOG 18:33:35.811] kerbalfemalevintage.prefab
[LOG 18:33:35.811] kerbalmalevintage.prefab
[LOG 18:33:35.811] evahelmet.mat
[LOG 18:33:35.811] evatexture.mat
[LOG 18:33:35.811] kerbalgirl_06_basecolor.mat
[LOG 18:33:35.811] kerbalhead.mat
[LOG 18:33:35.811] lambert6.mat
[LOG 18:33:35.811] mat_eyeballs.mat
[LOG 18:33:35.811] mat_eyes01.mat
[LOG 18:33:35.812] material #4.mat
[LOG 18:33:35.812] mesh_female_kerbalastronaut01_kerbalgirl_export_15_lambert20.mat
[LOG 18:33:35.812] mesh_female_kerbalastronaut01_kerbalgirl_export_15_lambert21.mat
[LOG 18:33:35.812] kbfemale_iva_mecanim.fbx
[LOG 18:33:35.812] kbiva_mecanim.fbx
[LOG 18:33:35.812] kerbalicon_eva_female_vintage.tif
[LOG 18:33:35.812] kerbalicon_eva_vintage.tif
[LOG 18:33:35.812] kerbalicon_suit_female_vintage.tif
[LOG 18:33:35.812] kerbalicon_suit_orange_female_vintage.tif
[LOG 18:33:35.812] kerbalicon_suit_orange_vintage.tif
[LOG 18:33:35.812] kerbalicon_suit_vintage.tif
[LOG 18:33:35.812] gap_celestialbody_camerasetup.prefab
[LOG 18:33:35.812] gap_celestialbody_collisionsphere.prefab
[LOG 18:33:35.812] gap_celestialbody_surfacegizmo_area.prefab
[LOG 18:33:35.812] gap_celestialbody_surfacegizmo_basic.prefab
[LOG 18:33:35.812] gap_celestialbody_surfacegizmo_icon.prefab
[LOG 18:33:35.812] gap_celestialbody_surfacegizmo_vessel.prefab
[LOG 18:33:35.812] gap_celestialbody_surfacegizmo_volume.prefab
[LOG 18:33:35.812] gap_proceduralasteroid.prefab
[LOG 18:33:35.812] gap_proceduralcomet.prefab
[LOG 18:33:35.812] gapbuttonprefab.prefab
[LOG 18:33:35.812] gapkerbal_femaleveteran.prefab
[LOG 18:33:35.812] gapkerbal_femaleveteran_vintage.prefab
[LOG 18:33:35.812] gapkerbal_male_slimsuit.prefab
[LOG 18:33:35.812] gapkerbal_maleveteran.prefab
[LOG 18:33:35.812] gapkerbal_maleveteran_vintage.prefab
[LOG 18:33:35.812] gapscrollablesidebarbutton.prefab
[LOG 18:33:35.812] gapsidebarbutton.prefab
[LOG 18:33:35.812] gaptoggleprefab.prefab
[LOG 18:33:35.813] gaputil_biselector.prefab
[LOG 18:33:35.813] gaputil_celestialbody.prefab
[LOG 18:33:35.813] vesseldisplay_camerasetup.prefab
[LOG 18:33:35.813] desert_airfield.prefab
[LOG 18:33:35.813] desert_groundobjects.prefab
[LOG 18:33:35.813] desert_launch_site.prefab
[LOG 18:33:35.813] larkes.prefab
[LOG 18:33:35.813] floor bottom.mat
[LOG 18:33:35.813] floor top.mat
[LOG 18:33:35.813] legs.mat
[LOG 18:33:35.813] ramp.mat
[LOG 18:33:35.813] stairs grid lights pivot.mat
[LOG 18:33:35.813] supports 1.mat
[LOG 18:33:35.813] supports 2.mat
[LOG 18:33:35.813] tunnels.mat
[LOG 18:33:35.813] floor bottom.dds
[LOG 18:33:35.813] floor top.dds
[LOG 18:33:35.813] floor top_normal.dds
[LOG 18:33:35.813] legs.dds
[LOG 18:33:35.813] ramp.dds
[LOG 18:33:35.813] stairs grid lights pivot.dds
[LOG 18:33:35.813] supports 1.dds
[LOG 18:33:35.813] supports 2.dds
[LOG 18:33:35.813] tunnels.dds
[LOG 18:33:35.813] diffuse.mat
[LOG 18:33:35.813] floor bottom_base_color.mat
[LOG 18:33:35.813] floor top_base_color.mat
[LOG 18:33:35.813] legs_base_color.mat
[LOG 18:33:35.813] ramp_base_color.mat
[LOG 18:33:35.813] stairs grid lights pivot_base_colormodpsd.mat
[LOG 18:33:35.814] stairs_grid_lights_pivot_base_color.mat
[LOG 18:33:35.814] supports 1_base_color.mat
[LOG 18:33:35.814] supports 2_base_color.mat
[LOG 18:33:35.814] tunnels_base_color.mat
[LOG 18:33:35.814] mobilelaunchpad_19.fbx
[LOG 18:33:35.814] pontoons.fbx
[LOG 18:33:35.814] pontoons_diffuse.dds
[LOG 18:33:35.814] ramp_normal.png
[LOG 18:33:35.814] 1001_base_color.mat
[LOG 18:33:35.814] desert groundtransition.mat
[LOG 18:33:35.814] desert groundtransition_highquality.mat
[LOG 18:33:35.814] desert groundtransition_lowquality.mat
[LOG 18:33:35.814] desert groundtransition_mediumquality.mat
[LOG 18:33:35.814] desert groundtransition_ultraquality.mat
[LOG 18:33:35.814] desert runway sand.mat
[LOG 18:33:35.814] desert runway stone.mat
[LOG 18:33:35.814] mobilelaunchpad.prefab
[LOG 18:33:35.814] woomerang_groundobjects.prefab
[LOG 18:33:35.814] woomerang_launch_site.prefab
[LOG 18:33:35.815] Scenes:
[LOG 18:33:35.815] kspMissionEditor.unity
[LOG 18:33:44.352] Assets:
[LOG 18:33:44.352] appanim_missionsapp.prefab
[LOG 18:33:44.352] cascading_body_missionheader.prefab
[LOG 18:33:44.352] cascading_body_missioninfo.prefab
[LOG 18:33:44.352] cascading_body_missionobjective.prefab
[LOG 18:33:44.352] cascading_body_missionsvesselheader.prefab
[LOG 18:33:44.352] cascading_body_missionsvesselitem.prefab
[LOG 18:33:44.352] cascading_body_settingsbutton.prefab
[LOG 18:33:44.353] cascading_body_settingstoggle.prefab
[LOG 18:33:44.353] missionsapp.prefab
[LOG 18:33:44.353] axislimitline.prefab
[LOG 18:33:44.353] controlleraction.prefab
[LOG 18:33:44.353] controlleraxis.prefab
[LOG 18:33:44.353] controllerwindow.prefab
[LOG 18:33:44.353] curvepanelpoint.prefab
[LOG 18:33:44.353] curvepanelpointaction.prefab
[LOG 18:33:44.353] axis_align_ends.png
[LOG 18:33:44.353] axis_clamp_values.png
[LOG 18:33:44.353] axis_copy.png
[LOG 18:33:44.353] axis_flip_horizontal.png
[LOG 18:33:44.353] axis_flip_vertical.png
[LOG 18:33:44.353] axis_move_down-trackrow.png
[LOG 18:33:44.353] axis_move_down.png
[LOG 18:33:44.353] axis_move_up-trackrow.png
[LOG 18:33:44.353] axis_move_up.png
[LOG 18:33:44.353] axis_paste.png
[LOG 18:33:44.353] axis_preset_flat.png
[LOG 18:33:44.353] axis_preset_sawtooth.png
[LOG 18:33:44.353] axis_preset_sine.png
[LOG 18:33:44.353] axis_preset_square.png
[LOG 18:33:44.353] axis_preset_triangle.png
[LOG 18:33:44.353] axis_select_all.png
[LOG 18:33:44.353] background_squared_inset.png
[LOG 18:33:44.353] close.png
[LOG 18:33:44.353] direction_forward.png
[LOG 18:33:44.353] direction_reverse.png
[LOG 18:33:44.353] edit.png
[LOG 18:33:44.354] fieldlimitline.png
[LOG 18:33:44.354] keyframe_add.png
[LOG 18:33:44.354] keyframe_clamp_value.png
[LOG 18:33:44.354] keyframe_delete.png
[LOG 18:33:44.354] keyframe_linear.png
[LOG 18:33:44.354] keyframe_smooth.png
[LOG 18:33:44.354] keyframe_step_backward.png
[LOG 18:33:44.354] keyframe_step_forward.png
[LOG 18:33:44.354] line.png
[LOG 18:33:44.354] line_dashed.png
[LOG 18:33:44.354] loop_pingpong.png
[LOG 18:33:44.354] loop_playonce.png
[LOG 18:33:44.354] loop_repeat.png
[LOG 18:33:44.354] node.png
[LOG 18:33:44.354] node_circle.png
[LOG 18:33:44.354] node_square.png
[LOG 18:33:44.354] pause.png
[LOG 18:33:44.354] play.png
[LOG 18:33:44.354] pointer.png
[LOG 18:33:44.354] remove-axis.png
[LOG 18:33:44.354] remove_key.png
[LOG 18:33:44.354] resize_icon.png
[LOG 18:33:44.354] sequence_resize_button_states.png
[LOG 18:33:44.354] sequence_resize_maintain.png
[LOG 18:33:44.354] sequence_resize_scale.png
[LOG 18:33:44.354] sequence_speed.png
[LOG 18:33:44.354] tracking_editor_button_states.png
[LOG 18:33:44.354] femalefuturepreview.prefab
[LOG 18:33:44.354] malefuturepreview.prefab
[LOG 18:33:44.354] kbfemale@controlpanel_a.fbx
[LOG 18:33:44.355] kbfemale@controlpanel_b.fbx
[LOG 18:33:44.355] kbfemale@controlpanel_c.fbx
[LOG 18:33:44.355] kbfemale@rocksample.fbx
[LOG 18:33:44.355] hammerfemale.fbx
[LOG 18:33:44.355] hammermale.fbx
[LOG 18:33:44.355] kbeva@controlpanel_a.fbx
[LOG 18:33:44.355] kbeva@controlpanel_b.fbx
[LOG 18:33:44.355] kbeva@controlpanel_c.fbx
[LOG 18:33:44.355] kbeva@rocksample.fbx
[LOG 18:33:44.355] kerbaleva_female_future.prefab
[LOG 18:33:44.355] kerbaleva_rd_future.prefab
[LOG 18:33:44.355] futureevabody.mat
[LOG 18:33:44.355] futureevabodyalternate.mat
[LOG 18:33:44.355] futureevajetpack.mat
[LOG 18:33:44.355] futureevalight.mat
[LOG 18:33:44.355] futurehelmet.mat
[LOG 18:33:44.355] kbevafemalefuture.prefab
[LOG 18:33:44.355] kbevafuture.prefab
[LOG 18:33:44.355] kbeva@new.fbx
[LOG 18:33:44.355] kbeva@newfem.fbx
[LOG 18:33:44.355] mevahelmetlight.fbx
[LOG 18:33:44.355] serenityfemaleeva.fbx
[LOG 18:33:44.355] serenityflares.fbx
[LOG 18:33:44.355] serenitymaleeva.fbx
[LOG 18:33:44.355] evajetpacknrm.dds
[LOG 18:33:44.355] futuresuit_diffuse_orange.dds
[LOG 18:33:44.355] futuresuit_diffuse_whiteblue.dds
[LOG 18:33:44.355] futuresuit_diffuse_whiteorange.dds
[LOG 18:33:44.355] futuresuit_emissive.dds
[LOG 18:33:44.356] futuresuit_evalight.png
[LOG 18:33:44.356] futuresuitmainnrm.dds
[LOG 18:33:44.356] ksp_ig_jetpack_diffuse.jpg
[LOG 18:33:44.356] kerbalfemalefuture.prefab
[LOG 18:33:44.356] kerbalmalefuture.prefab
[LOG 18:33:44.356] futuresuit_diffuse.mat
[LOG 18:33:44.356] serenityfemaleiva.fbx
[LOG 18:33:44.356] serenitymaleiva.fbx
[LOG 18:33:44.356] kerbalicon_eva_female_future.tif
[LOG 18:33:44.356] kerbalicon_eva_future.tif
[LOG 18:33:44.356] kerbalicon_suit_female_future.tif
[LOG 18:33:44.356] kerbalicon_suit_future.tif
[LOG 18:33:44.356] kerbalicon_suit_orange_female_future.tif
[LOG 18:33:44.356] kerbalicon_suit_orange_future.tif
[LOG 18:33:44.356] bottom_emissor.mat
[LOG 18:33:44.356] burst_emissor.mat
[LOG 18:33:44.356] burstprojectiles_emissor.mat
[LOG 18:33:44.356] constantburst_emissor.mat
[LOG 18:33:44.356] snowflakes_emissor.mat
[LOG 18:33:44.356] vapor_emissor.mat
[LOG 18:33:44.356] base_0.mat
[LOG 18:33:44.356] base_1.mat
[LOG 18:33:44.356] base_2.mat
[LOG 18:33:44.356] base_3_1.mat
[LOG 18:33:44.356] base_3_2.mat
[LOG 18:33:44.356] vapor.mat
[LOG 18:33:44.356] burst.png
[LOG 18:33:44.356] cloud2.png
[LOG 18:33:44.356] v1.png
[LOG 18:33:44.356] v2.png
[LOG 18:33:44.357] v3.png
[LOG 18:33:44.357] v5.png
[LOG 18:33:44.357] gapkerbal_female_future.prefab
[LOG 18:33:44.357] gapkerbal_male_future.prefab
[LOG 18:33:44.357] hammerfemale.prefab
[LOG 18:33:44.357] hammermale.prefab
[LOG 18:33:44.357] bopgravelpile.prefab
[LOG 18:33:44.357] bopgravelpile.fbx
[LOG 18:33:44.357] bop_gravel pile_d.mat
[LOG 18:33:44.357] lambert1.mat
[LOG 18:33:44.357] bop_gravel pile_d.png
[LOG 18:33:44.357] bop_gravel pile_d.tga
[LOG 18:33:44.357] bop_gravel pile_n.png
[LOG 18:33:44.357] bop_gravel pile_s.png
[LOG 18:33:44.357] drescrater.prefab
[LOG 18:33:44.357] dresmeteorite.prefab
[LOG 18:33:44.357] drescrater.fbx
[LOG 18:33:44.357] dresmeteorite.fbx
[LOG 18:33:44.357] dres_crater_d.mat
[LOG 18:33:44.357] dres_meteorite_d.mat
[LOG 18:33:44.357] lambert1.mat
[LOG 18:33:44.357] dres_crater_d.tga
[LOG 18:33:44.357] dres_crater_n.png
[LOG 18:33:44.357] dres_meteorite_d.tga
[LOG 18:33:44.357] dres_meteorite_n.png
[LOG 18:33:44.357] dunablueberries.prefab
[LOG 18:33:44.357] dunadune.prefab
[LOG 18:33:44.357] dunameteorite.prefab
[LOG 18:33:44.357] dunastone.prefab
[LOG 18:33:44.357] dunaasteroid.fbx
[LOG 18:33:44.358] dunablueberries.fbx
[LOG 18:33:44.358] dunadune.fbx
[LOG 18:33:44.358] dunastone.fbx
[LOG 18:33:44.358] duna_asteroid_d.mat
[LOG 18:33:44.358] duna_dune_d.mat
[LOG 18:33:44.358] duna_stone_d.mat
[LOG 18:33:44.358] dune_blueberries_d.mat
[LOG 18:33:44.358] lambert1.mat
[LOG 18:33:44.358] duna_asteroid_d.tga
[LOG 18:33:44.358] duna_asteroid_n.png
[LOG 18:33:44.358] duna_dune_d.tga
[LOG 18:33:44.358] duna_dune_n.tga
[LOG 18:33:44.358] duna_stone_d.tga
[LOG 18:33:44.358] duna_stone_n.png
[LOG 18:33:44.358] dune_blueberries_d.tga
[LOG 18:33:44.358] dune_blueberries_n.png
[LOG 18:33:44.358] eelooberg.prefab
[LOG 18:33:44.358] eeloobrownboulder.prefab
[LOG 18:33:44.358] eelooicechunk.prefab
[LOG 18:33:44.358] eelooberg.fbx
[LOG 18:33:44.358] eelooboulder.fbx
[LOG 18:33:44.358] eelooicechunk.fbx
[LOG 18:33:44.358] eeloo_alien_glacier_d.mat
[LOG 18:33:44.358] eeloo_brown_ boulder_d.mat
[LOG 18:33:44.358] eeloo_ice chunk_d.mat
[LOG 18:33:44.358] lambert1.mat
[LOG 18:33:44.358] eeloo_alien_glacier_d.tga
[LOG 18:33:44.358] eeloo_alien_glacier_e.tga
[LOG 18:33:44.358] eeloo_alien_glacier_n.png
[LOG 18:33:44.358] eeloo_brown_ boulder_d.tga
[LOG 18:33:44.359] eeloo_brown_ boulder_n.png
[LOG 18:33:44.359] eeloo_ice chunk_d.tga
[LOG 18:33:44.359] eeloo_ice chunk_e.tga
[LOG 18:33:44.359] eeloo_ice chunk_n.png
[LOG 18:33:44.359] eeloo_ice chunk_s.tga
[LOG 18:33:44.359] evebasaltformation.prefab
[LOG 18:33:44.359] evepancakedome.prefab
[LOG 18:33:44.359] evevolcanicrock.prefab
[LOG 18:33:44.359] evebasaltformation.fbx
[LOG 18:33:44.359] evepancakeformation.fbx
[LOG 18:33:44.359] evevolcanicrock.fbx
[LOG 18:33:44.359] eve basalt formation_d.mat
[LOG 18:33:44.359] eve pancake formation_d.mat
[LOG 18:33:44.359] eve volcanic rock_d.mat
[LOG 18:33:44.359] lambert1.mat
[LOG 18:33:44.359] eve basalt formation_d.tga
[LOG 18:33:44.359] eve basalt formation_n.tga
[LOG 18:33:44.359] eve pancake formation_d.tga
[LOG 18:33:44.359] eve pancake formation_e.png
[LOG 18:33:44.359] eve pancake formation_n.png
[LOG 18:33:44.359] eve volcanic rock_d.tga
[LOG 18:33:44.359] eve volcanic rock_n.png
[LOG 18:33:44.359] gillyridgeline.fbx
[LOG 18:33:44.359] gilly ridegeline_d.mat
[LOG 18:33:44.359] lambert1.mat
[LOG 18:33:44.359] gillyridgeline.prefab
[LOG 18:33:44.359] gilly ridegeline_d.tga
[LOG 18:33:44.359] gilly ridegeline_n.png
[LOG 18:33:44.359] dunaejecta.prefab
[LOG 18:33:44.359] ikedunaejecta.fbx
[LOG 18:33:44.360] ike_duna_ejecta_mat.mat
[LOG 18:33:44.360] ike duna ejecta_d.tga
[LOG 18:33:44.360] ike duna ejecta_n.png
[LOG 18:33:44.360] kerbinbaobabtree.fbx
[LOG 18:33:44.360] kerbinquartz.fbx
[LOG 18:33:44.360] baobaptree.mat
[LOG 18:33:44.360] kerbin_baobab_tree_d.mat
[LOG 18:33:44.360] kerbin_boabob_tree_d.mat
[LOG 18:33:44.360] kerbin_giant_quartz_d.mat
[LOG 18:33:44.360] lambert1.mat
[LOG 18:33:44.360] lambert2.mat
[LOG 18:33:44.360] kerbinbaobabtree.prefab
[LOG 18:33:44.360] kerbinquartz.prefab
[LOG 18:33:44.360] kerbin_baobab_tree_alpha.png
[LOG 18:33:44.360] kerbin_baobab_tree_d.tga
[LOG 18:33:44.360] kerbin_baobab_tree_n.png
[LOG 18:33:44.360] kerbin_giant_quartz_d.tga
[LOG 18:33:44.360] kerbin_giant_quartz_e.tga
[LOG 18:33:44.360] kerbin_giant_quartz_n.tga
[LOG 18:33:44.360] kerbin_giant_quartz_s.tga
[LOG 18:33:44.360] laytheboulder.fbx
[LOG 18:33:44.360] laythegeyser.fbx
[LOG 18:33:44.360] laythestone.fbx
[LOG 18:33:44.360] lambert1.mat
[LOG 18:33:44.360] laythe_boulder_d.mat
[LOG 18:33:44.360] laythe_geyser_d.mat
[LOG 18:33:44.360] laythe_stone_d.mat
[LOG 18:33:44.360] laytheboulder.prefab
[LOG 18:33:44.360] laythegeyser.prefab
[LOG 18:33:44.360] laythestone.prefab
[LOG 18:33:44.361] laythe_boulder_d.tga
[LOG 18:33:44.361] laythe_boulder_n.png
[LOG 18:33:44.361] laythe_geyser_d.tga
[LOG 18:33:44.361] laythe_geyser_n.png
[LOG 18:33:44.361] laythe_stone_d.tga
[LOG 18:33:44.361] laythe_stone_n.png
[LOG 18:33:44.361] greensandstone.fbx
[LOG 18:33:44.361] lambert1.mat
[LOG 18:33:44.361] minmus_green_sandstone_d.mat
[LOG 18:33:44.361] minmus_olivine_formation_d.mat
[LOG 18:33:44.361] minmusolivineformation.fbx
[LOG 18:33:44.361] minmus_greensandstone.prefab
[LOG 18:33:44.361] minmus_olivineformation.prefab
[LOG 18:33:44.361] minmus_green_sandstone_d.tga
[LOG 18:33:44.361] minmus_green_sandstone_n.png
[LOG 18:33:44.361] minmus_olivine_formation_d.tga
[LOG 18:33:44.361] minmus_olivine_formation_n.png
[LOG 18:33:44.361] lambert1.mat
[LOG 18:33:44.361] moho wrinkleridge_d.mat
[LOG 18:33:44.361] moho_stone_d.mat
[LOG 18:33:44.361] mohostone.fbx
[LOG 18:33:44.361] mohowrinkleridge.fbx
[LOG 18:33:44.361] mohostone.prefab
[LOG 18:33:44.361] mohowrinkleridge.prefab
[LOG 18:33:44.361] moho wrinkleridge_d.tga
[LOG 18:33:44.361] moho wrinkleridge_e.png
[LOG 18:33:44.361] moho wrinkleridge_n.png
[LOG 18:33:44.361] moho_stone_d.tga
[LOG 18:33:44.361] moho_stone_n.png
[LOG 18:33:44.361] lambert1.mat
[LOG 18:33:44.362] mun_crater_d.mat
[LOG 18:33:44.362] mun_large_crater_d.mat
[LOG 18:33:44.362] mun_stone_d.mat
[LOG 18:33:44.362] muncrater.fbx
[LOG 18:33:44.362] munlargecrater.fbx
[LOG 18:33:44.362] munstone.fbx
[LOG 18:33:44.362] muncrater.prefab
[LOG 18:33:44.362] munlargecrater.prefab
[LOG 18:33:44.362] munstone.prefab
[LOG 18:33:44.362] mun_crater_d.tga
[LOG 18:33:44.362] mun_crater_n.png
[LOG 18:33:44.362] mun_large_crater_d.tga
[LOG 18:33:44.362] mun_large_crater_n.png
[LOG 18:33:44.362] mun_stone_d.tga
[LOG 18:33:44.362] mun_stone_n.png
[LOG 18:33:44.362] lambert1.mat
[LOG 18:33:44.362] pol_yellowstone_d.mat
[LOG 18:33:44.362] polyellowstone.fbx
[LOG 18:33:44.362] pol_yellowstones.prefab
[LOG 18:33:44.362] pol_yellowstone_d.png
[LOG 18:33:44.362] pol_yellowstone_n.png
[LOG 18:33:44.362] lambert1.mat
[LOG 18:33:44.362] tylo_checkerboard_d.mat
[LOG 18:33:44.362] tylo_dark boulder_d.mat
[LOG 18:33:44.362] tylo_light_d.mat
[LOG 18:33:44.362] tyloboulder.fbx
[LOG 18:33:44.362] tylocheckerboard.fbx
[LOG 18:33:44.362] tylolightstone.fbx
[LOG 18:33:44.362] tylo_ checkerboard_n.png
[LOG 18:33:44.362] tylo_checkerboard_d.png
[LOG 18:33:44.363] tylo_dark boulder_d.tga
[LOG 18:33:44.363] tylo_dark boulder_n.png
[LOG 18:33:44.363] tylo_light_d.tga
[LOG 18:33:44.363] tylo_light_n.png
[LOG 18:33:44.363] tylocheckerboard.prefab
[LOG 18:33:44.363] tylodarkboulder.prefab
[LOG 18:33:44.363] tylolightstone.prefab
[LOG 18:33:44.363] cryovolcano_d.mat
[LOG 18:33:44.363] lambert1.mat
[LOG 18:33:44.363] vallicechunk_d.mat
[LOG 18:33:44.363] vallstone_d.mat
[LOG 18:33:44.363] vall_cryovolcano.fbx
[LOG 18:33:44.363] vall_icechunk.fbx
[LOG 18:33:44.363] vall_stone.fbx
[LOG 18:33:44.363] cryovolcano_d.tga
[LOG 18:33:44.363] cryovolcano_e.png
[LOG 18:33:44.363] cryovolcano_n.jpg
[LOG 18:33:44.363] cryovolcano_s.jpg
[LOG 18:33:44.363] vallicechunk_d.jpg
[LOG 18:33:44.363] vallicechunk_e.jpg
[LOG 18:33:44.363] vallicechunk_n.jpg
[LOG 18:33:44.363] vallicechunk_s.jpg
[LOG 18:33:44.363] vallstone_d.jpg
[LOG 18:33:44.363] vallstone_e.jpg
[LOG 18:33:44.363] vallstone_n.jpg
[LOG 18:33:44.363] vallstone_s.jpg
[LOG 18:33:44.363] vallcryovolcano.prefab
[LOG 18:33:44.363] vallicechunk.prefab
[LOG 18:33:44.364] vallstone.prefab
[LOG 18:33:44.364] vfx_spark.mat
[LOG 18:33:44.364] vfx_welding_flare.mat
[LOG 18:33:44.364] cometdustmaterial.mat
[LOG 18:33:44.364] cometgeysermat.mat
[LOG 18:33:44.372] GetTypesOfModulesImplementingInterface2: Found 69 types with IPartModuleAdjuster interface in 8 assemblies.
[LOG 18:33:44.379] GetSubclassesOfParentClass: Found 0 types with ModuleActiveRadiator parent in 8 assemblies.
[LOG 18:33:44.386] GetSubclassesOfParentClass: Found 0 types with ModuleAlternator parent in 8 assemblies.
[LOG 18:33:44.392] GetSubclassesOfParentClass: Found 1 types with ModuleControlSurface parent in 8 assemblies.
[LOG 18:33:44.399] GetSubclassesOfParentClass: Found 0 types with ModuleDataTransmitter parent in 8 assemblies.
[LOG 18:33:44.405] GetSubclassesOfParentClass: Found 0 types with ModuleDeployableSolarPanel parent in 8 assemblies.
[LOG 18:33:44.411] GetSubclassesOfParentClass: Found 1 types with ModuleEngines parent in 8 assemblies.
[LOG 18:33:44.418] GetSubclassesOfParentClass: Found 0 types with ModuleGenerator parent in 8 assemblies.
[LOG 18:33:44.425] GetSubclassesOfParentClass: Found 0 types with ModuleGimbal parent in 8 assemblies.
[LOG 18:33:44.432] GetSubclassesOfParentClass: Found 2 types with ModuleLiftingSurface parent in 8 assemblies.
[LOG 18:33:44.441] GetSubclassesOfParentClass: Found 0 types with ModuleLight parent in 8 assemblies.
[LOG 18:33:44.448] GetSubclassesOfParentClass: Found 0 types with ModuleReactionWheel parent in 8 assemblies.
[LOG 18:33:44.455] GetSubclassesOfParentClass: Found 0 types with ModuleSAS parent in 8 assemblies.
[LOG 18:33:44.462] GetSubclassesOfParentClass: Found 0 types with ModuleWheelBrakes parent in 8 assemblies.
[LOG 18:33:44.469] GetSubclassesOfParentClass: Found 1 types with ModuleWheelMotor parent in 8 assemblies.
[LOG 18:33:44.470] GetSubclassesOfParentClass: Using cached results for ModuleActiveRadiator
[LOG 18:33:44.476] GetSubclassesOfParentClass: Found 0 types with ModuleAnchoredDecoupler parent in 8 assemblies.
[LOG 18:33:44.482] GetSubclassesOfParentClass: Found 0 types with ModuleCargoBay parent in 8 assemblies.
[LOG 18:33:44.482] GetSubclassesOfParentClass: Using cached results for ModuleControlSurface
[LOG 18:33:44.482] GetSubclassesOfParentClass: Using cached results for ModuleDataTransmitter
[LOG 18:33:44.488] GetSubclassesOfParentClass: Found 0 types with ModuleDecouple parent in 8 assemblies.
[LOG 18:33:44.494] GetSubclassesOfParentClass: Found 4 types with ModuleDeployablePart parent in 8 assemblies.
[LOG 18:33:44.500] GetSubclassesOfParentClass: Found 0 types with ModuleDockingNode parent in 8 assemblies.
[LOG 18:33:44.500] GetSubclassesOfParentClass: Using cached results for ModuleEngines
[LOG 18:33:44.507] GetSubclassesOfParentClass: Found 0 types with CModuleFuelLine parent in 8 assemblies.
[LOG 18:33:44.513] GetSubclassesOfParentClass: Found 0 types with ModuleGPS parent in 8 assemblies.
[LOG 18:33:44.519] GetSubclassesOfParentClass: Found 0 types with ModuleGrappleNode parent in 8 assemblies.
[LOG 18:33:44.519] GetSubclassesOfParentClass: Using cached results for ModuleGrappleNode
[LOG 18:33:44.525] GetSubclassesOfParentClass: Found 0 types with ModuleKerbNetAccess parent in 8 assemblies.
[LOG 18:33:44.525] GetSubclassesOfParentClass: Using cached results for ModuleLight
[LOG 18:33:44.525] GetSubclassesOfParentClass: Using cached results for ModuleLight
[LOG 18:33:44.531] GetSubclassesOfParentClass: Found 0 types with ModuleProbeControlPoint parent in 8 assemblies.
[LOG 18:33:44.538] GetSubclassesOfParentClass: Found 1 types with ModuleRCS parent in 8 assemblies.
[LOG 18:33:44.538] GetSubclassesOfParentClass: Using cached results for ModuleRCS
[LOG 18:33:44.538] GetSubclassesOfParentClass: Using cached results for ModuleReactionWheel
[LOG 18:33:44.538] GetSubclassesOfParentClass: Using cached results for ModuleReactionWheel
[LOG 18:33:44.545] GetSubclassesOfParentClass: Found 0 types with ModuleResourceIntake parent in 8 assemblies.
[LOG 18:33:44.552] GetSubclassesOfParentClass: Found 0 types with ModuleScienceExperiment parent in 8 assemblies.
[LOG 18:33:44.558] GetSubclassesOfParentClass: Found 0 types with ModuleToggleCrossfeed parent in 8 assemblies.
[LOG 18:33:44.564] GetSubclassesOfParentClass: Found 0 types with ModuleWheelDeployment parent in 8 assemblies.
[LOG 18:33:44.595] ExpansionsLoader: Expansions loaded in 8.792s
[LOG 18:33:44.595] Loading Systems: Elapsed time is 27.39417s
[LOG 18:33:47.935] [AddonLoader]: Instantiating addon 'KSPCFFastLoaderPSystemSetup' from assembly 'KSPCommunityFixes'
[LOG 18:33:48.255] [Agent]: Found 19 agent mentality types
[LOG 18:33:48.257] [AgentList]: 31 agents parsed and loaded.
[LOG 18:33:48.294] [UIMasterController]: HideUI
[LOG 18:33:48.417] [CelestialBody]: Kerbin's solar day length is 1d, 0h, 0m long. sidereal day length is 5h, 59m, 9s long
[LOG 18:33:54.165] [UIMasterController]: HideUI
[LOG 18:33:54.172] [HighLogic]: =========================== Scene Change : From LOADING to MAINMENU =====================
[LOG 18:33:54.745] [AddonLoader]: Instantiating addon 'ContractDefs' from assembly 'KSP'
[LOG 18:33:54.777] [AddonLoader]: Instantiating addon 'KSPCFFastLoaderReport' from assembly 'KSPCommunityFixes'
[LOG 18:33:54.817] [UIMasterController]: ShowUI
[LOG 18:33:55.085] [GameParameters]: Loaded custom parameter class CommNetParams.
[LOG 18:33:55.086] [GameParameters]: Loaded custom parameter class MissionParamsGeneral.
[LOG 18:33:55.086] [GameParameters]: Loaded custom parameter class MissionParamsFacilities.
[LOG 18:33:55.086] [GameParameters]: Loaded custom parameter class MissionParamsExtras.
[LOG 18:33:55.086] [GameParameters]: Loaded custom parameter class AdvancedParams.
[LOG 18:33:55.107] [ReflectionUtil]: Found 40 types with UpgradeModule attribute in 8 assemblies.
[LOG 18:33:55.126] [KSPCF:FastLoader] Intel(R) Core(TM) i7-4790K CPU @ 4.00GHz | 32687 MB | NVIDIA GeForce GTX 1060 6GB (6029 MB)
Total loading time to main menu : 41.560s
- Configs and assemblies loaded in 5.619s
- Configs reload done in 1.327s
- Configs translated in 0.018s
- 2353 assets loaded in 3.691s :
  - 86 audio assets (79.689 MiB) in 0.701s, 113.67 MiB/s
  - 1640 texture assets (1.293 GiB) in 2.401s, 551.617 MiB/s
  - 626 model assets (64.41 MiB) in 0.586s, 109.92 MiB/s
- Asset bundles loaded in 0.518s
- GameDatabase (configs, resources, traits, upgrades...) loaded in 0.072s
- Built-in parts copied in 0.021s
- Part and internal configs extracted in 0.001s
- 483 parts and 1927 modules compiled in 8.196s
  - 4.0 modules/part, 16.969 ms/part, 4.253 ms/module
  - PartIcon compilation : 1.095s
- 27 internal spaces and 56 props compiled in 0.208s
- 2 DLC (Making History, Breaking Ground) loaded in 8.834s
- Planetary system loaded in 7.580s
[LOG 18:33:55.126] Texture queries : 1725, slow path : 1 (0.06 %)
[LOG 18:33:55.130] [ModuleManager] Total loading Time = 36.229s
[LOG 18:33:55.173] [ScenarioTypes]: List Created 23 scenario types loaded from 8 loaded assemblies.
[LOG 18:33:55.186] [ApplicationLauncher] Awake False
[LOG 18:33:55.187] [ApplicationLauncher] SpawnSimpleLayout: VerticalTopDown
[LOG 18:33:55.200] ScaleModList: listSize 41 maxListSize 0
[LOG 18:33:55.203] [UiApp] Awake: 
[LOG 18:33:55.204] [ApplicationLauncher] OnSceneLoadedGUIReady: scene MAINMENU ShouldBeVisible() True ShouldBeOnTop() True iIsPositionedAtTop True
[LOG 18:33:55.206] ScaleModList: listSize 41 maxListSize 663
[LOG 18:33:55.225] [UIApp] Adding  to Application Launcher
[LOG 18:33:55.227] ScaleModList: listSize 41 maxListSize 654
[LOG 18:33:55.228] [ApplicationLauncher] SetHidden: 
[LOG 18:33:55.228] ScaleModList: listSize 41 maxListSize 695
[LOG 18:33:55.233] [MessageSystem] OnAppInitialized
[LOG 18:33:55.234] [MessageSystem] Reposition 0.0395872 25076
[LOG 18:34:41.945] [KSPUpgradePipeline]: claude (1.12.5) is up to date.
[LOG 18:34:41.954] [ExperienceSystem]: Found 0 trait types
[LOG 18:34:41.961] [ExperienceSystem]: Found 20 effect types
[LOG 18:34:41.993] [ScenarioTypes]: List Created 23 scenario types loaded from 8 loaded assemblies.
[LOG 18:34:42.012] Game State Saved to saves/claude/persistent
[LOG 18:34:42.021] [MessageSystem] Load Messages
[LOG 18:34:42.024] [UIMasterController]: HideUI
[LOG 18:34:42.026] [HighLogic]: =========================== Scene Change : From MAINMENU to SPACECENTER =====================
[LOG 18:34:42.415] [AddonLoader]: Instantiating addon 'CustomConfigsManager' from assembly 'ModuleManager'
[LOG 18:34:45.415] [UIMasterController]: ShowUI
[LOG 18:34:45.708] [SceneLoadSpeedBoost] Save loaded from disk in 1ms
[LOG 18:34:45.724] GetSubclassesOfParentClass: Found 7 types with AlarmTypeBase parent in 8 assemblies.
[LOG 18:34:45.736] Loading Depletion Nodes
[LOG 18:34:45.736] DepNodeCount:  0
[LOG 18:34:45.736] Loading Biome Nodes
[LOG 18:34:45.736] BiomeNodeCount:  0
[LOG 18:34:45.737] Loading Planet Nodes
[LOG 18:34:45.737] PlanetNodeCount:  0
[LOG 18:34:45.754] [ScenarioDestructibles]: Loading... 0 objects registered
[LOG 18:34:45.843] [AsteroidSpawner]: New object found near Kerbin: Ast. AGN-530!
[LOG 18:34:45.881] [UiApp] Awake: KSPedia
[LOG 18:34:45.881] [UiApp] Awake: Missions App
[LOG 18:34:45.882] [UiApp] Awake: AlarmClock
[LOG 18:34:45.882] [GenericAppFrame] Reposition 0 41906
[LOG 18:34:45.884] [ApplicationLauncher] OnSceneLoadedGUIReady: scene SPACECENTER ShouldBeVisible() True ShouldBeOnTop() False iIsPositionedAtTop True
[LOG 18:34:45.885] [ApplicationLauncher] SpawnSimpleLayout: HorizontalRightLeft
[LOG 18:34:45.887] [ApplicationLauncher] SetVisible: 
[LOG 18:34:45.887] ScaleModList: listSize 41 maxListSize 1148
[LOG 18:34:45.888] ScaleModList: listSize 41 maxListSize 1139
[LOG 18:34:45.933] [UIApp] OnDestroy: Contracts
[LOG 18:34:45.941] [MessageSystem] Reposition 0.02 41907
[LOG 18:34:45.942] [GenericAppFrame] Reposition 0.02 41907
[LOG 18:34:45.942] [GenericAppFrame] Reposition 0.02 41907
[LOG 18:34:46.082] [UIApp] Adding AlarmClock to Application Launcher
[LOG 18:34:46.083] ScaleModList: listSize 41 maxListSize 1098
[LOG 18:34:46.083] [UIApp] Adding Missions App to Application Launcher
[LOG 18:34:46.084] ScaleModList: listSize 41 maxListSize 1057
[LOG 18:34:46.112] [GenericAppFrame] Reposition 0.1029553 41913
[LOG 18:34:46.116] [MissionsApp] OnAppStarted(): id: -383690
[LOG 18:34:46.117] MissionsApp does not execute in this game mode, destroying this instance
[LOG 18:34:46.117] [UIApp] OnDestroy: Missions App
[LOG 18:34:46.118] ScaleModList: listSize 41 maxListSize 1057
[LOG 18:34:46.129] [UIApp] Adding KSPedia to Application Launcher
[LOG 18:34:46.130] ScaleModList: listSize 41 maxListSize 1057
[LOG 18:35:00.991] [AsteroidSpawner]: New object found near Kerbin: Ast. GTP-733!
[LOG 18:35:46.014] [AsteroidSpawner]: No new objects this time. (Odds are 1:2)
[LOG 18:36:01.019] [AsteroidSpawner]: New object found near Kerbin: Ast. NQE-573!
[LOG 18:36:09.173] Game Paused!
[LOG 18:36:09.174] [UIMasterController]: ShowUI
[LOG 18:36:12.712] [KSPUpgradePipeline]: claude (1.12.5) is up to date.
[LOG 18:36:12.721] [ScenarioTypes]: List Created 23 scenario types loaded from 8 loaded assemblies.
[LOG 18:36:12.721] [MessageSystem] Load Messages
[LOG 18:36:12.725] [UIMasterController]: HideUI
[LOG 18:36:12.734] [HighLogic]: =========================== Scene Change : From SPACECENTER to FLIGHT =====================
[LOG 18:36:12.737] Game Unpaused!
[LOG 18:36:13.054] [UIApp] OnDestroy: KSPedia
[LOG 18:36:13.054] ScaleModList: listSize 41 maxListSize 1057
[LOG 18:36:13.058] [UIApp] OnDestroy: AlarmClock
[LOG 18:36:13.059] ScaleModList: listSize 41 maxListSize 1057
[LOG 18:36:13.063] [KSPCF:MemoryLeaks] Removed a onPlanetariumTargetChange callback owned by a destroyed Assembly-CSharp:CommNetVessel instance
[LOG 18:36:13.072] [KSPCF:MemoryLeaks] Leaving scene "SpaceCenter", cleaned 5 memory leaks in 0.013s. GameEvents callbacks : 475. Allocated memory : 690.219 MiB (managed heap), 2.189 GiB (unmanaged)
[LOG 18:36:13.083] UICanvasPrefabSpawner FlightUI spawning Flight
[LOG 18:36:13.117] UICanvasPrefabSpawner FlightUI spawning VesselLabels
[LOG 18:36:13.117] [UiApp] Awake: ResourceDisplay
[LOG 18:36:13.202] [AddonLoader]: Instantiating addon 'AeroGUI' from assembly 'KSP'
[LOG 18:36:13.217] [PlanetariumCamera]: Focus: Kerbin
[LOG 18:36:13.218] [UIMasterController]: HideUI
[LOG 18:36:13.518] [UIMasterController]: HideUI
[LOG 18:36:13.518] ------------------- initializing flight mode... ------------------
[LOG 18:36:13.519] GetSubclassesOfParentClass: Using cached results for AlarmTypeBase
[LOG 18:36:13.520] Loading Depletion Nodes
[LOG 18:36:13.520] DepNodeCount:  0
[LOG 18:36:13.520] Loading Biome Nodes
[LOG 18:36:13.520] BiomeNodeCount:  0
[LOG 18:36:13.520] Loading Planet Nodes
[LOG 18:36:13.520] PlanetNodeCount:  0
[LOG 18:36:13.523] [ScenarioDestructibles]: Loading... 0 objects registered
[LOG 18:36:13.548] Target vessel index: 1  vessel count: 3
[LOG 18:36:13.549] [FLIGHT GLOBALS]: Switching To Vessel Vaisseau sans nom ---------------------- 
[LOG 18:36:13.551] setting new dominant body: Mun
FlightGlobals.mainBody: Mun
[LOG 18:36:13.552] Reference Frame: Rotating
[WRN 18:36:13.562] [Part]: Cannot have ModuleCargoPart and ModuleInventoryPart on same Part [Vaisseau sans nom (unloaded)'. Removed ModuleCargoPart
[LOG 18:36:13.584] Camera Mode: AUTO
[LOG 18:36:16.960] all systems started
[LOG 18:36:16.961] [UIMasterController]: ShowUI
[LOG 18:36:17.084] [AsteroidSpawner]: No new objects this time. (Odds are 1:2)
[LOG 18:36:17.207] [UiApp] Awake: CurrencyWidgetsApp
[LOG 18:36:17.207] [UiApp] Awake: ResourceDisplay
[LOG 18:36:17.207] [UiApp] Awake: KSPedia
[LOG 18:36:17.207] [UiApp] Awake: Missions App
[LOG 18:36:17.207] [UiApp] Awake: DeltaVApp
[LOG 18:36:17.207] [UiApp] Awake: ActionGroupsApp
[LOG 18:36:17.207] [UiApp] Awake: Construction
[LOG 18:36:17.207] [UiApp] Awake: Cargo
[LOG 18:36:17.207] [UiApp] Awake: AlarmClock
[LOG 18:36:17.208] [UiApp] Awake: ManeuverTool
[LOG 18:36:17.208] [ApplicationLauncher] OnSceneLoadedGUIReady: scene FLIGHT ShouldBeVisible() True ShouldBeOnTop() True iIsPositionedAtTop False
[LOG 18:36:17.208] [ApplicationLauncher] SpawnSimpleLayout: VerticalTopDown
[LOG 18:36:17.211] ScaleModList: listSize 41 maxListSize 502
[LOG 18:36:17.212] [KnowledgeBase] OnAppLauncherReady 59776
[LOG 18:36:17.235] [UIApp] OnDestroy: Contracts
[LOG 18:36:17.311] [FlightIntegrator]: Reloaded drag cube for zeroed cube root part mk1pod.v2 (Vaisseau sans nom) on vessel Vaisseau sans nom
[LOG 18:36:17.324] [MessageSystem] Reposition 0.02 59777
[LOG 18:36:17.324] [GenericAppFrame] Reposition 0.02 59777
[LOG 18:36:17.324] [GenericAppFrame] Reposition 0.02 59777
[LOG 18:36:17.419] [PlanetariumCamera]: Focus: Vaisseau sans nom
[LOG 18:36:17.443] [UIApp] Adding ResourceDisplay to Application Launcher
[LOG 18:36:17.444] ScaleModList: listSize 41 maxListSize 453
[LOG 18:36:17.445] [UIApp] Adding ResourceDisplay to Application Launcher
[LOG 18:36:17.445] ScaleModList: listSize 41 maxListSize 412
[LOG 18:36:17.457] [ResourceDisplay] OnAppStarted(): id: -418878
[LOG 18:36:17.457] [GenericAppFrame] Reposition 0.1361404 59781
[LOG 18:36:17.458] [ResourceDisplay] OnAppStarted(): id: 264296
[LOG 18:36:17.458] ResourceDisplay already exist, destroying this instance
[LOG 18:36:17.458] [UIApp] OnDestroy: ResourceDisplay
[LOG 18:36:17.459] ScaleModList: listSize 41 maxListSize 412
[LOG 18:36:17.474] [UIApp] Adding AlarmClock to Application Launcher
[LOG 18:36:17.475] ScaleModList: listSize 41 maxListSize 412
[LOG 18:36:17.475] [UIApp] Adding ActionGroupsApp to Application Launcher
[LOG 18:36:17.476] ScaleModList: listSize 41 maxListSize 371
[LOG 18:36:17.476] [UIApp] Adding Missions App to Application Launcher
[LOG 18:36:17.477] ScaleModList: listSize 41 maxListSize 330
[LOG 18:36:17.478] CURRENCY WIDGET False False False
[LOG 18:36:17.479] [UIApp] OnDestroy: CurrencyWidgetsApp
[LOG 18:36:17.501] [GenericAppFrame] Reposition 0.1683573 59783
[LOG 18:36:17.504] [ActionGroupsApp] OnAppStarted(): id: -418902
[LOG 18:36:17.505] [GenericAppFrame] Reposition 0.1683573 59783
[LOG 18:36:17.506] [UIApp] Adding DeltaVApp to Application Launcher
[LOG 18:36:17.507] ScaleModList: listSize 41 maxListSize 289
[LOG 18:36:17.507] [MissionsApp] OnAppStarted(): id: -418890
[LOG 18:36:17.507] MissionsApp does not execute in this game mode, destroying this instance
[LOG 18:36:17.507] [UIApp] OnDestroy: Missions App
[LOG 18:36:17.507] ScaleModList: listSize 41 maxListSize 289
[LOG 18:36:17.519] [GenericAppFrame] Reposition 0.1980871 59784
[LOG 18:36:17.556] [UIApp] Adding Cargo to Application Launcher
[LOG 18:36:17.557] ScaleModList: listSize 41 maxListSize 289
[LOG 18:36:17.557] [UIApp] Adding Construction to Application Launcher
[LOG 18:36:17.558] ScaleModList: listSize 41 maxListSize 248
[LOG 18:36:17.558] [UIApp] Adding KSPedia to Application Launcher
[LOG 18:36:17.559] ScaleModList: listSize 41 maxListSize 207
[WRN 18:36:17.572] HighlightingSystem : Framebuffer depth data is not available and can't be used to occlude highlighting. Highlighting occluders enabled.
[LOG 18:36:17.587] [UIApp] Adding ManeuverTool to Application Launcher
[LOG 18:36:17.588] ScaleModList: listSize 41 maxListSize 166
[LOG 18:36:17.589] [ApplicationLauncher] SetHidden: 
[LOG 18:36:17.590] ScaleModList: listSize 41 maxListSize 207
[LOG 18:36:17.603] [GenericAppFrame] Reposition 0.2801262 59787
[LOG 18:36:17.611] [ManeuverTool]: Found 1 transfer types
[LOG 18:36:17.674] Flight State Captured
[LOG 18:36:17.678] Saving Achievements Tree...
[LOG 18:36:17.678] Saving Achievements Tree...
[LOG 18:36:17.678] Saving Achievements Tree...
[LOG 18:36:17.681] [MessageSystem] Save Messages
[LOG 18:36:17.693] Game State Saved as persistent
[LOG 18:36:18.309] Unpacking Vaisseau sans nom
[LOG 18:36:18.321] [UIMasterController]: ShowUI
[LOG 18:36:32.483] [AsteroidSpawner]: New object found near Kerbin: Ast. XBQ-625!
[LOG 18:36:47.505] [AsteroidSpawner]: No new objects this time. (Odds are 1:2)
[LOG 18:37:02.532] [Comet Manager]:Generated Comet Type:intermediate
[LOG 18:37:02.538] [CometSpawner]: New object found near Kerbin
[LOG 18:37:17.559] [AsteroidSpawner]: New object found near Kerbin: Ast. YEA-434!
[LOG 18:37:32.591] [AsteroidSpawner]: No new objects this time. (Odds are 1:2)
[LOG 18:37:59.727] Game Paused!
[LOG 18:37:59.728] [UIMasterController]: ShowUI
[LOG 18:38:01.102] Flight State Captured
[LOG 18:38:01.103] Saving Achievements Tree...
[LOG 18:38:01.103] Saving Achievements Tree...
[LOG 18:38:01.103] Saving Achievements Tree...
[LOG 18:38:01.103] [MessageSystem] Save Messages
[LOG 18:38:01.115] Game State Saved to saves/claude/persistent
[LOG 18:38:01.126] [UIMasterController]: HideUI
[LOG 18:38:01.136] [HighLogic]: =========================== Scene Change : From FLIGHT to MAINMENU =====================
[LOG 18:38:01.616] KbApp.OnDestroy Vessel Crew
[LOG 18:38:01.618] KbApp.OnDestroy Planet Info
[LOG 18:38:01.618] [UIApp] OnDestroy: AlarmClock
[LOG 18:38:01.618] ScaleModList: listSize 41 maxListSize 207
[LOG 18:38:01.619] [UIApp] OnDestroy: DeltaVApp
[LOG 18:38:01.620] ScaleModList: listSize 41 maxListSize 207
[LOG 18:38:01.620] KbApp.OnDestroy Vessel Info
[LOG 18:38:01.620] [UIApp] OnDestroy: ResourceDisplay
[LOG 18:38:01.620] ScaleModList: listSize 41 maxListSize 207
[LOG 18:38:01.620] KbApp.OnDestroy NullName
[LOG 18:38:01.620] [UIApp] OnDestroy: Cargo
[LOG 18:38:01.621] ScaleModList: listSize 41 maxListSize 207
[LOG 18:38:01.624] [UIApp] OnDestroy: ActionGroupsApp
[LOG 18:38:01.624] ScaleModList: listSize 41 maxListSize 207
[LOG 18:38:01.624] [UIApp] OnDestroy: ManeuverTool
[LOG 18:38:01.625] ScaleModList: listSize 41 maxListSize 207
[LOG 18:38:01.628] KbApp.OnDestroy Planet Resources
[LOG 18:38:01.628] KbApp.OnDestroy Unowned Info
[LOG 18:38:01.628] [UIApp] OnDestroy: Construction
[LOG 18:38:01.628] ScaleModList: listSize 41 maxListSize 207
[LOG 18:38:01.630] [UIApp] OnDestroy: KSPedia
[LOG 18:38:01.630] ScaleModList: listSize 41 maxListSize 207
[LOG 18:38:01.630] KbApp.OnDestroy Planet Parameters
[LOG 18:38:01.633] [KSPCF:MemoryLeaks] Removed a OnMapExited callback owned by a destroyed Assembly-CSharp:NavBallToggle instance
[LOG 18:38:01.633] [KSPCF:MemoryLeaks] Removed a OnGameSettingsApplied callback owned by a destroyed Assembly-CSharp:VesselAutopilotUI instance
[LOG 18:38:01.634] [KSPCF:MemoryLeaks] Removed a onPartActionUICreate callback owned by a destroyed Assembly-CSharp:ModuleInventoryPart instance
[LOG 18:38:01.634] [KSPCF:MemoryLeaks] Removed a onModuleInventoryChanged callback owned by a destroyed Assembly-CSharp:ModuleInventoryPart instance
[LOG 18:38:01.635] [KSPCF:MemoryLeaks] Removed a OnDestructibleLoaded callback owned by a destroyed Assembly-CSharp:RunwayCollisionHandler instance
[LOG 18:38:01.635] [KSPCF:MemoryLeaks] Removed a OnClick callback owned by a destroyed Assembly-CSharp:EVAConstructionModeEditor instance
[LOG 18:38:01.636] [KSPCF:MemoryLeaks] Removed a TimingManager.Instance.timing5.onLateUpdate callback owned by a destroyed Assembly-CSharp:MapView instance
[LOG 18:38:01.636] [KSPCF:MemoryLeaks] Leaving scene "Flight", cleaned 23 memory leaks in 0.004s. GameEvents callbacks : 862. Allocated memory : 727.512 MiB (managed heap), 2.18 GiB (unmanaged)
[LOG 18:38:01.803] [UIMasterController]: ShowUI
[LOG 18:38:02.151] [ScenarioTypes]: List Created 23 scenario types loaded from 8 loaded assemblies.
[LOG 18:38:02.157] [ApplicationLauncher] OnSceneLoadedGUIReady: scene MAINMENU ShouldBeVisible() True ShouldBeOnTop() True iIsPositionedAtTop True
[LOG 18:38:02.157] [ApplicationLauncher] SetHidden: 
[LOG 18:38:02.158] ScaleModList: listSize 41 maxListSize 535
[LOG 18:38:02.158] ScaleModList: listSize 41 maxListSize 535
[LOG 18:38:02.161] [MessageSystem] Reposition 0.02 70594
[LOG 18:38:02.161] [GenericAppFrame] Reposition 0.02 70594
[LOG 18:38:02.161] [GenericAppFrame] Reposition 0.02 70594
[LOG 18:38:06.820] [UIApp] OnDestroy: 
