[LOG 18:26:22.778] ******* Log Initiated for Kerbal Space Program - 1.12.5.3190 (WindowsPlayer x64) fr-fr *******
Kerbal Space Program - 1.12.5.3190 (WindowsPlayer x64) fr-fr


OS: Windows 10  (10.0.0) 64bit
CPU: Intel(R) Core(TM) i7-4790K CPU @ 4.00GHz (8)
RAM: 32687
GPU: NVIDIA GeForce GTX 1060 6GB (6029MB)
SM: 50 (Direct3D 11.0 [level 11.1])
RT Formats: ARGB32, Depth, ARGBHalf, Shadowmap, RGB565, ARGB4444, ARGB1555, Default, ARGB2101010, DefaultHDR, ARGB64, ARGBFloat, RGFloat, RGHalf, RFloat, RHalf, R8, ARGBInt, RGInt, RInt, BGRA32, RGB111110Float, RG32, RGBAUShort, RG16, BGRA10101010_XR, BGR101010_XR, R16


Log started: Sun, Oct 04, 2026 18:26:22


[LOG 18:26:22.799] ActionCanvas MASK: 3458764513820540928
[LOG 18:26:22.800] AppCanvas MASK: 3458764513820540928
[LOG 18:26:22.802] MainCanvas MASK: 3458764513820540928
[LOG 18:26:24.289] Load(Assembly): /ModuleManager.4.2.3
[LOG 18:26:24.289] AssemblyLoader: Loading assembly at D:\KSP-Dev\GameData\ModuleManager.4.2.3.dll
[LOG 18:26:24.313] AssemblyLoader: KSPAssembly 'ModuleManager' V2.5.0
[LOG 18:26:24.313] Load(Assembly): 000_Harmony/0Harmony
[LOG 18:26:24.313] AssemblyLoader: Loading assembly at D:\KSP-Dev\GameData\000_Harmony\0Harmony.dll
[LOG 18:26:24.316] Load(Assembly): 000_Harmony/HarmonyInstallChecker
[LOG 18:26:24.316] AssemblyLoader: Loading assembly at D:\KSP-Dev\GameData\000_Harmony\HarmonyInstallChecker.dll
[LOG 18:26:24.317] AssemblyLoader: KSPAssembly 'HarmonyKSP' V1.0.0
[LOG 18:26:24.317] Load(Assembly): KsmUI/Plugins/KsmUI
[LOG 18:26:24.317] AssemblyLoader: Loading assembly at D:\KSP-Dev\GameData\KsmUI\Plugins\KsmUI.dll
[LOG 18:26:24.319] Load(Assembly): KSPCommunityFixes/Plugins/0_MultipleModuleInPartAPI
[LOG 18:26:24.319] AssemblyLoader: Loading assembly at D:\KSP-Dev\GameData\KSPCommunityFixes\Plugins\0_MultipleModuleInPartAPI.dll
[LOG 18:26:24.321] AssemblyLoader: KSPAssembly 'MultipleModulePartAPI' V1.0.0
[LOG 18:26:24.321] Load(Assembly): KSPCommunityFixes/Plugins/KSPCommunityFixes
[LOG 18:26:24.321] AssemblyLoader: Loading assembly at D:\KSP-Dev\GameData\KSPCommunityFixes\Plugins\KSPCommunityFixes.dll
[LOG 18:26:24.331] AssemblyLoader: KSPAssembly 'KSPCommunityFixes' V1.41.1
[LOG 18:26:24.332] AssemblyLoader: KSPAssemblyDependency 'HarmonyKSP' V1.0.0
[LOG 18:26:24.332] AssemblyLoader: KSPAssemblyDependency 'ModuleManager' V1.0.0
[LOG 18:26:24.332] AssemblyLoader: KSPAssemblyDependency 'MultipleModulePartAPI' V1.0.0
[LOG 18:26:24.332] Load(Assembly): KSPProfiler/Plugins/KSPProfiler
[LOG 18:26:24.332] AssemblyLoader: Loading assembly at D:\KSP-Dev\GameData\KSPProfiler\Plugins\KSPProfiler.dll
[LOG 18:26:24.335] AssemblyLoader: Loading assemblies
[LOG 18:26:24.432] VesselModules: Found VesselModule of type AxisGroupsModule with order 999
[LOG 18:26:24.483] VesselModules: Found VesselModule of type CometVessel with order 999
[LOG 18:26:24.485] VesselModules: Found VesselModule of type SuspensionLoadBalancer with order 999
[LOG 18:26:24.487] VesselModules: Found VesselModule of type FlightIntegrator with order 0
[LOG 18:26:24.490] VesselModules: Found VesselModule of type CommNetVessel with order 999
[LOG 18:26:24.495] VesselModules: Found 5 VesselModule types
[LOG 18:26:24.504] 
************************************************************************

Environment Info
Win32NT 7FFFFFFFFFFFFFFF  Args: KSP_x64.exe 

Mod DLLs found:
Stock assembly: Assembly-CSharp v0.0.0.0
ModuleManager v4.2.3.0
0Harmony v2.2.1.0
HarmonyInstallChecker v2.2.1.0
KsmUI v1.0.0.0
0_MultipleModuleInPartAPI v1.0.0.0 / v1.0.0+7969fdc50bf4e350193abe5ba2e89533b12ca02f
KSPCommunityFixes v1.41.0.0 / v1.41.1+7969fdc50bf4e350193abe5ba2e89533b12ca02f / v1.41.1.0
KSPProfiler v1.0.0.0

Folders and files in GameData:
000_Harmony
KsmUI
KSPCommunityFixes
KSPProfiler
Stock folder: Squad

Stock folder: SquadExpansion

ModuleManager.4.2.3.dll
ModuleManager.ConfigCache
ModuleManager.ConfigSHA
ModuleManager.Physics
ModuleManager.TechTree

************************************************************************

[LOG 18:26:24.525] [AddonLoader]: Instantiating addon 'ModuleManager' from assembly 'ModuleManager'
[LOG 18:26:24.537] [ModuleManager] Adding post patch to the loading screen 4
[LOG 18:26:24.540] [ModuleManager] Patching started on a new thread, all output will be directed to D:\KSP-Dev\Logs\ModuleManager\ModuleManager.log
[LOG 18:26:24.543] [AddonLoader]: Instantiating addon 'HarmonyInstallChecker' from assembly 'HarmonyKSP'
[LOG 18:26:24.544] [AddonLoader]: Instantiating addon 'KsmUIBootstrapper' from assembly 'KsmUI'
[LOG 18:26:24.545] [AddonLoader]: Instantiating addon 'KSPCommunityFixes' from assembly 'KSPCommunityFixes'
[LOG 18:26:24.546] [AddonLoader]: Instantiating addon 'NoIVA' from assembly 'KSPCommunityFixes'
[LOG 18:26:24.547] [AddonLoader]: Instantiating addon 'ConfigNodePerf' from assembly 'KSPCommunityFixes'
[LOG 18:26:24.785] [AddonLoader]: Instantiating addon 'KSPCFFastLoader' from assembly 'KSPCommunityFixes'
[LOG 18:26:24.786] [KSPCF] Injecting FastLoader...
[LOG 18:26:24.811] [KSPCommunityFixes] Patch GameDatabasePerf applied.
[LOG 18:26:24.908] [AddonLoader]: Instantiating addon 'ReflectionTypeLoadExceptionHandler' from assembly 'KSPCommunityFixes'
[LOG 18:26:24.911] [AddonLoader]: Instantiating addon 'KSPProfilerAddon' from assembly 'KSPProfiler'
[LOG 18:26:26.052] [KSPCF] Taking over stock loader. An exception will follow, this is intended.
[EXC 18:26:26.057] Exception: Terminating stock loader coroutine, this is intended and not an error
	KSPCommunityFixes.Performance.KSPCFFastLoader.GameDatabase_SetupMainLoaders_Prefix () (at <62bb7f5420994f409a34377c091e8538>:0)
	(wrapper dynamic-method) GameDatabase.GameDatabase.SetupMainLoaders_Patch1(GameDatabase)
	GameDatabase+<LoadObjects>d__90.MoveNext () (at <4b449f2841f84227adfaad3149c8fdba>:0)
	UnityEngine.SetupCoroutine.InvokeMoveNext (System.Collections.IEnumerator enumerator, System.IntPtr returnValueAddress) (at <12e76cd50cc64cf19e759e981cb725af>:0)
	UnityEngine.DebugLogHandler:LogException(Exception, Object)
	ModuleManager.UnityLogHandle.InterceptLogHandler:LogException(Exception, Object)
	UnityEngine.MonoBehaviour:StartCoroutine(IEnumerator)
	<CreateDatabase>d__71:MoveNext()
	UnityEngine.MonoBehaviour:StartCoroutine(IEnumerator)
	GameDatabase:StartLoad()
	<LoadSystems>d__11:MoveNext()
	UnityEngine.MonoBehaviour:StartCoroutine(IEnumerator)
	LoadingScreen:Start()
[LOG 18:26:26.260] Preloading Asset Bundle Definitions
[LOG 18:26:26.753] Load Audio: Squad/Alarms/Sounds/Chirps
[LOG 18:26:26.792] Load Audio: Squad/Alarms/Sounds/Classic
[LOG 18:26:26.792] Load Audio: Squad/Alarms/Sounds/ClockTower
[LOG 18:26:26.792] Load Audio: Squad/Alarms/Sounds/ComputerGlass1
[LOG 18:26:26.792] Load Audio: Squad/Alarms/Sounds/ComputerGlass2
[LOG 18:26:26.793] Load Audio: Squad/Alarms/Sounds/ComputerShort
[LOG 18:26:26.793] Load Audio: Squad/Alarms/Sounds/ComputerTriad
[LOG 18:26:26.793] Load Audio: Squad/Alarms/Sounds/DoorBell
[LOG 18:26:26.793] Load Audio: Squad/Alarms/Sounds/Glass
[LOG 18:26:26.793] Load Audio: Squad/Alarms/Sounds/Klaxon
[LOG 18:26:26.793] Load Audio: Squad/Alarms/Sounds/Mobile
[LOG 18:26:26.793] Load Audio: Squad/Alarms/Sounds/Morning
[LOG 18:26:26.793] Load Audio: Squad/Alarms/Sounds/OldClock
[LOG 18:26:26.794] Load Audio: Squad/Alarms/Sounds/OldHorn
[LOG 18:26:26.794] Load Audio: Squad/Alarms/Sounds/Ripple
[LOG 18:26:26.794] Load Audio: Squad/Sounds/editorLoop01
[LOG 18:26:26.794] Load Audio: Squad/Sounds/elev_loop
[LOG 18:26:26.794] Load Audio: Squad/Sounds/elev_start
[LOG 18:26:26.794] Load Audio: Squad/Sounds/elev_stop
[LOG 18:26:26.794] Load Audio: Squad/Sounds/fireworks_explosion_2
[LOG 18:26:26.795] Load Audio: Squad/Sounds/fireworks_explosion_3
[LOG 18:26:26.795] Load Audio: Squad/Sounds/fireworks_explosion_4
[LOG 18:26:26.795] Load Audio: Squad/Sounds/fireworks_launch_boom
[LOG 18:26:26.795] Load Audio: Squad/Sounds/fireworks_only_crackle_crackle_1
[LOG 18:26:26.795] Load Audio: Squad/Sounds/fireworks_only_crackle_dragon_1
[LOG 18:26:27.146] Load Audio: Squad/Sounds/fireworks_only_crackle_palm_1
[LOG 18:26:27.147] Load Audio: Squad/Sounds/fireworks_whistle
[LOG 18:26:27.147] Load Audio: Squad/Sounds/ksp1_banana_V2_01
[LOG 18:26:27.147] Load Audio: Squad/Sounds/ksp1_banana_V2_04
[LOG 18:26:27.147] Load Audio: Squad/Sounds/ksp1_banana_V2_05
[LOG 18:26:27.147] Load Audio: Squad/Sounds/ksp1_golf_swing_normal
[LOG 18:26:27.147] Load Audio: Squad/Sounds/ksp1_ground_anchor_v2_1
[LOG 18:26:27.148] Load Audio: Squad/Sounds/ksp1_strunts_disconnect_v3_pitched2
[LOG 18:26:27.148] Load Audio: Squad/Sounds/repairKit_repair1
[LOG 18:26:27.148] Load Audio: Squad/Sounds/repairKit_repair2
[LOG 18:26:27.148] Load Audio: Squad/Sounds/sound_ambience_nature
[LOG 18:26:27.148] Load Audio: Squad/Sounds/sound_click_flick
[LOG 18:26:27.149] Load Audio: Squad/Sounds/sound_click_latch
[LOG 18:26:27.149] Load Audio: Squad/Sounds/sound_click_sharp
[LOG 18:26:27.149] Load Audio: Squad/Sounds/sound_click_tick
[LOG 18:26:27.149] Load Audio: Squad/Sounds/sound_click_tock
[LOG 18:26:27.149] Load Audio: Squad/Sounds/sound_decoupler_fire
[LOG 18:26:27.149] Load Audio: Squad/Sounds/sound_delete_bin
[LOG 18:26:27.149] Load Audio: Squad/Sounds/sound_explosion_debris1
[LOG 18:26:27.150] Load Audio: Squad/Sounds/sound_explosion_debris2
[LOG 18:26:27.150] Load Audio: Squad/Sounds/sound_explosion_large
[LOG 18:26:27.150] Load Audio: Squad/Sounds/sound_rocket_mini
[LOG 18:26:27.150] Load Audio: Squad/Sounds/sound_rocket_spurts
[LOG 18:26:27.150] Load Audio: Squad/Sounds/sound_servomotor
[LOG 18:26:27.151] Load Audio: Squad/Sounds/sound_tab_extend
[LOG 18:26:27.163] Load Audio: Squad/Sounds/sound_tab_retreat
[LOG 18:26:27.163] Load Audio: SquadExpansion/Serenity/Sounds/robo_arm_large_end
[LOG 18:26:27.164] Load Audio: SquadExpansion/Serenity/Sounds/robo_arm_large_motor_00
[LOG 18:26:27.164] Load Audio: SquadExpansion/Serenity/Sounds/robo_arm_large_scan
[LOG 18:26:27.164] Load Audio: SquadExpansion/Serenity/Sounds/robo_arm_large_start
[LOG 18:26:27.164] Load Audio: SquadExpansion/Serenity/Sounds/robo_arm_medium_end
[LOG 18:26:27.164] Load Audio: SquadExpansion/Serenity/Sounds/robo_arm_medium_motor_00
[LOG 18:26:27.165] Load Audio: SquadExpansion/Serenity/Sounds/robo_arm_medium_scan
[LOG 18:26:27.165] Load Audio: SquadExpansion/Serenity/Sounds/robo_arm_medium_start
[LOG 18:26:27.165] Load Audio: SquadExpansion/Serenity/Sounds/robo_arm_small_end
[LOG 18:26:27.165] Load Audio: SquadExpansion/Serenity/Sounds/robo_arm_small_motor_00
[LOG 18:26:27.165] Load Audio: SquadExpansion/Serenity/Sounds/robo_arm_small_scan
[LOG 18:26:27.165] Load Audio: SquadExpansion/Serenity/Sounds/robo_arm_small_start
[LOG 18:26:27.165] Load Audio: SquadExpansion/Serenity/Sounds/sfx_cryoVolcano_burst
[LOG 18:26:27.166] Load Audio: SquadExpansion/Serenity/Sounds/sfx_cryoVolcano_idle
[LOG 18:26:27.166] Load Audio: SquadExpansion/Serenity/Sounds/sfx_deployable_booster_antena_end
[LOG 18:26:27.166] Load Audio: SquadExpansion/Serenity/Sounds/sfx_deployable_booster_antena_start
[LOG 18:26:27.166] Load Audio: SquadExpansion/Serenity/Sounds/sfx_deployable_central_station_end
[LOG 18:26:27.166] Load Audio: SquadExpansion/Serenity/Sounds/sfx_deployable_central_station_loop
[LOG 18:26:27.166] Load Audio: SquadExpansion/Serenity/Sounds/sfx_deployable_central_station_start
[LOG 18:26:27.167] Load Audio: SquadExpansion/Serenity/Sounds/sfx_deployable_detector_end
[LOG 18:26:27.167] Load Audio: SquadExpansion/Serenity/Sounds/sfx_deployable_detector_start
[LOG 18:26:27.167] Load Audio: SquadExpansion/Serenity/Sounds/sfx_deployable_GoObEd_end
[LOG 18:26:27.167] Load Audio: SquadExpansion/Serenity/Sounds/sfx_deployable_GoObEd_loop
[LOG 18:26:27.167] Load Audio: SquadExpansion/Serenity/Sounds/sfx_deployable_GoObEd_start
[LOG 18:26:27.203] Load Audio: SquadExpansion/Serenity/Sounds/sfx_deployable_rtg_end
[LOG 18:26:27.203] Load Audio: SquadExpansion/Serenity/Sounds/sfx_deployable_rtg_start
[LOG 18:26:27.203] Load Audio: SquadExpansion/Serenity/Sounds/sfx_deployable_seismometer_end
[LOG 18:26:27.204] Load Audio: SquadExpansion/Serenity/Sounds/sfx_deployable_seismometer_start
[LOG 18:26:27.204] Load Audio: SquadExpansion/Serenity/Sounds/sfx_deployable_solar_panel_end
[LOG 18:26:27.204] Load Audio: SquadExpansion/Serenity/Sounds/sfx_deployable_solar_panel_start
[LOG 18:26:27.204] Load Audio: SquadExpansion/Serenity/Sounds/sfx_deployable_weather_station_end
[LOG 18:26:27.204] Load Audio: SquadExpansion/Serenity/Sounds/sfx_deployable_weather_station_loop
[LOG 18:26:27.205] Load Audio: SquadExpansion/Serenity/Sounds/sfx_deployable_weather_station_start
[LOG 18:26:27.205] Load Audio: SquadExpansion/Serenity/Sounds/sfx_geyser_burst
[LOG 18:26:27.205] Load Audio: SquadExpansion/Serenity/Sounds/sfx_geyser_idle
[LOG 18:26:27.225] Load PNG texture: KsmUI/Icons/arrows-down-32
[LOG 18:26:27.231] [KSPCF] PNG texture 'KsmUI/Icons/arrows-down-32' was converted to DXT5 and has been cached for future reloads
[LOG 18:26:27.231] Load PNG texture: KsmUI/Icons/arrows-left-32
[LOG 18:26:27.232] [KSPCF] PNG texture 'KsmUI/Icons/arrows-left-32' was converted to DXT5 and has been cached for future reloads
[LOG 18:26:27.232] Load PNG texture: KsmUI/Icons/arrows-right-32
[LOG 18:26:27.233] [KSPCF] PNG texture 'KsmUI/Icons/arrows-right-32' was converted to DXT5 and has been cached for future reloads
[LOG 18:26:27.233] Load PNG texture: KsmUI/Icons/arrows-up-32
[LOG 18:26:27.234] [KSPCF] PNG texture 'KsmUI/Icons/arrows-up-32' was converted to DXT5 and has been cached for future reloads
[LOG 18:26:27.234] Load PNG texture: KsmUI/Icons/background-64-5
[LOG 18:26:27.235] [KSPCF] PNG texture 'KsmUI/Icons/background-64-5' was converted to DXT5 and has been cached for future reloads
[LOG 18:26:27.235] Load PNG texture: KsmUI/Icons/btn-black-64-5
[LOG 18:26:27.236] [KSPCF] PNG texture 'KsmUI/Icons/btn-black-64-5' was converted to DXT5 and has been cached for future reloads
[LOG 18:26:27.236] Load PNG texture: KsmUI/Icons/btn-black-disabled-64-5
[LOG 18:26:27.237] [KSPCF] PNG texture 'KsmUI/Icons/btn-black-disabled-64-5' was converted to DXT5 and has been cached for future reloads
[LOG 18:26:27.237] Load PNG texture: KsmUI/Icons/btn-black-highlight-64-5
[LOG 18:26:27.238] [KSPCF] PNG texture 'KsmUI/Icons/btn-black-highlight-64-5' was converted to DXT5 and has been cached for future reloads
[LOG 18:26:27.238] Load PNG texture: KsmUI/Icons/checkmark-20
[LOG 18:26:27.239] [KSPCF] PNG texture 'KsmUI/Icons/checkmark-20' was converted to DXT5 and has been cached for future reloads
[LOG 18:26:27.239] Load PNG texture: KsmUI/Icons/ColorPicker
[LOG 18:26:27.250] [KSPCF] PNG texture 'KsmUI/Icons/ColorPicker' was converted to DXT5 and has been cached for future reloads
[LOG 18:26:27.250] Load PNG texture: KsmUI/Icons/i8-header-close-32
[LOG 18:26:27.254] [KSPCF] PNG texture 'KsmUI/Icons/i8-header-close-32' was converted to DXT5 and has been cached for future reloads
[LOG 18:26:27.308] Load PNG texture: KsmUI/Icons/i8-header-newWindow-32
[LOG 18:26:27.309] [KSPCF] PNG texture 'KsmUI/Icons/i8-header-newWindow-32' was converted to DXT5 and has been cached for future reloads
[LOG 18:26:27.312] Load PNG texture: KsmUI/Icons/i8-rnd-32
[LOG 18:26:27.313] [KSPCF] PNG texture 'KsmUI/Icons/i8-rnd-32' was converted to DXT5 and has been cached for future reloads
[LOG 18:26:27.313] Load PNG texture: KsmUI/Icons/info-32
[LOG 18:26:27.314] [KSPCF] PNG texture 'KsmUI/Icons/info-32' was converted to DXT5 and has been cached for future reloads
[LOG 18:26:27.314] Load PNG texture: KsmUI/Icons/Selector
[LOG 18:26:27.315] [KSPCF] PNG texture 'KsmUI/Icons/Selector' was converted to DXT5 and has been cached for future reloads
[LOG 18:26:27.315] Load DDS texture: KSPCommunityFixes/MMPatches/StockTweaks/Icons/Clamp-O-Tron
[LOG 18:26:27.318] Load TRUECOLOR texture: KSPCommunityFixes/MMPatches/StockTweaks/Icons/Clamp-O-Tron_scaled
[LOG 18:26:27.319] Load DDS texture: KSPCommunityFixes/MMPatches/StockTweaks/Icons/FreeFallParachutes
[LOG 18:26:27.319] Load TRUECOLOR texture: KSPCommunityFixes/MMPatches/StockTweaks/Icons/FreeFallParachutes_scaled
[LOG 18:26:27.319] Load DDS texture: KSPCommunityFixes/MMPatches/StockTweaks/Icons/LightYearTireCompany
[LOG 18:26:27.319] Load TRUECOLOR texture: KSPCommunityFixes/MMPatches/StockTweaks/Icons/LightYearTireCompany_scaled
[LOG 18:26:27.320] Load DDS texture: KSPCommunityFixes/MMPatches/StockTweaks/Icons/StratusCorporation
[LOG 18:26:27.320] Load TRUECOLOR texture: KSPCommunityFixes/MMPatches/StockTweaks/Icons/StratusCorporation_scaled
[LOG 18:26:27.320] Load PNG texture: KSPProfiler/Icons/appIcon
[WRN 18:26:27.321] Texture isn't eligible for DXT compression, width and height must be multiples of 4
[LOG 18:26:27.321] Load DDS texture: Squad/Agencies/C7AerospaceDivision
[LOG 18:26:27.321] Load TRUECOLOR texture: Squad/Agencies/C7AerospaceDivision_scaled
[LOG 18:26:27.321] Load DDS texture: Squad/Agencies/DinkelsteinKermansConstructionEmporium
[LOG 18:26:27.321] Load TRUECOLOR texture: Squad/Agencies/DinkelsteinKermansConstructionEmporium_scaled
[LOG 18:26:27.322] Load DDS texture: Squad/Agencies/ExperimentalEngineering
[LOG 18:26:27.322] Load TRUECOLOR texture: Squad/Agencies/ExperimentalEngineering_scaled
[LOG 18:26:27.322] Load DDS texture: Squad/Agencies/FlooydResearchLab
[LOG 18:26:27.322] Load TRUECOLOR texture: Squad/Agencies/FlooydResearchLab_scaled
[LOG 18:26:27.322] Load DDS texture: Squad/Agencies/GoliathNationalProducts
[LOG 18:26:27.323] Load TRUECOLOR texture: Squad/Agencies/GoliathNationalProducts_scaled
[LOG 18:26:27.323] Load DDS texture: Squad/Agencies/IntegratedIntegrals
[LOG 18:26:27.323] Load TRUECOLOR texture: Squad/Agencies/IntegratedIntegrals_scaled
[LOG 18:26:27.323] Load DDS texture: Squad/Agencies/IonicSymphonicProtonicElectronics
[LOG 18:26:27.323] Load TRUECOLOR texture: Squad/Agencies/IonicSymphonicProtonicElectronics_scaled
[LOG 18:26:27.323] Load DDS texture: Squad/Agencies/JebsJunkyard
[LOG 18:26:27.323] Load TRUECOLOR texture: Squad/Agencies/JebsJunkyard_scaled
[LOG 18:26:27.324] Load DDS texture: Squad/Agencies/KerbalMotion
[LOG 18:26:27.324] Load TRUECOLOR texture: Squad/Agencies/KerbalMotion_scaled
[LOG 18:26:27.324] Load DDS texture: Squad/Agencies/KerbinWorldFirstRecordKeepingSociety
[LOG 18:26:27.324] Load TRUECOLOR texture: Squad/Agencies/KerbinWorldFirstRecordKeepingSociety_scaled
[LOG 18:26:27.324] Load DDS texture: Squad/Agencies/Kerbodyne
[LOG 18:26:27.324] Load TRUECOLOR texture: Squad/Agencies/Kerbodyne_scaled
[LOG 18:26:27.324] Load DDS texture: Squad/Agencies/Kerlington
[LOG 18:26:27.325] Load TRUECOLOR texture: Squad/Agencies/Kerlington_scaled
[LOG 18:26:27.325] Load DDS texture: Squad/Agencies/MaxoConstructionToys
[LOG 18:26:27.325] Load TRUECOLOR texture: Squad/Agencies/MaxoConstructionToys_scaled
[LOG 18:26:27.325] Load DDS texture: Squad/Agencies/MovingPartsExpertsGroup
[LOG 18:26:27.325] Load TRUECOLOR texture: Squad/Agencies/MovingPartsExpertsGroup_scaled
[LOG 18:26:27.325] Load DDS texture: Squad/Agencies/OMBDemolition
[LOG 18:26:27.326] Load TRUECOLOR texture: Squad/Agencies/OMBDemolition_scaled
[LOG 18:26:27.326] Load DDS texture: Squad/Agencies/PeriapsisCo
[LOG 18:26:27.326] Load TRUECOLOR texture: Squad/Agencies/PeriapsisCo_scaled
[LOG 18:26:27.327] Load DDS texture: Squad/Agencies/Probodobodyne
[LOG 18:26:27.327] Load TRUECOLOR texture: Squad/Agencies/Probodobodyne_scaled
[LOG 18:26:27.327] Load DDS texture: Squad/Agencies/R&D
[LOG 18:26:27.327] Load TRUECOLOR texture: Squad/Agencies/R&D_scaled
[LOG 18:26:27.327] Load DDS texture: Squad/Agencies/ReactionSystemsLtd
[LOG 18:26:27.328] Load TRUECOLOR texture: Squad/Agencies/ReactionSystemsLtd_scaled
[LOG 18:26:27.328] Load DDS texture: Squad/Agencies/Rockomax
[LOG 18:26:27.328] Load TRUECOLOR texture: Squad/Agencies/Rockomax_scaled
[LOG 18:26:27.328] Load DDS texture: Squad/Agencies/Rokea
[LOG 18:26:27.328] Load TRUECOLOR texture: Squad/Agencies/Rokea_scaled
[LOG 18:26:27.329] Load DDS texture: Squad/Agencies/SeansCannery
[LOG 18:26:27.329] Load TRUECOLOR texture: Squad/Agencies/SeansCannery_scaled
[LOG 18:26:27.329] Load DDS texture: Squad/Agencies/SteadlerEngineeringCorps
[LOG 18:26:27.329] Load TRUECOLOR texture: Squad/Agencies/SteadlerEngineeringCorps_scaled
[LOG 18:26:27.329] Load DDS texture: Squad/Agencies/StrutCo
[LOG 18:26:27.330] Load TRUECOLOR texture: Squad/Agencies/StrutCo_scaled
[LOG 18:26:27.330] Load DDS texture: Squad/Agencies/Vac-Co
[LOG 18:26:27.330] Load TRUECOLOR texture: Squad/Agencies/Vac-Co_scaled
[LOG 18:26:27.331] Load DDS texture: Squad/Agencies/WinterOwl
[LOG 18:26:27.331] Load TRUECOLOR texture: Squad/Agencies/WinterOwl_scaled
[LOG 18:26:27.331] Load DDS texture: Squad/Agencies/ZaltonicElectronics
[LOG 18:26:27.332] Load TRUECOLOR texture: Squad/Agencies/ZaltonicElectronics_scaled
[LOG 18:26:27.332] Load Cached PNG Texture: Squad/Alarms/Icons/ap
[LOG 18:26:27.333] Load Cached PNG Texture: Squad/Alarms/Icons/default
[LOG 18:26:27.333] Load Cached PNG Texture: Squad/Alarms/Icons/maneuver
[LOG 18:26:27.333] Load Cached PNG Texture: Squad/Alarms/Icons/pe
[LOG 18:26:27.333] Load Cached PNG Texture: Squad/Alarms/Icons/raw
[LOG 18:26:27.333] Load Cached PNG Texture: Squad/Alarms/Icons/soi
[LOG 18:26:27.333] Load Cached PNG Texture: Squad/Alarms/Icons/xfer
[LOG 18:26:27.333] Load DDS texture: Squad/Contracts/Icons/balloon
[LOG 18:26:27.333] Load DDS texture: Squad/Contracts/Icons/custom
[LOG 18:26:27.334] Load DDS texture: Squad/Contracts/Icons/default
[LOG 18:26:27.334] Load DDS texture: Squad/Contracts/Icons/dish
[LOG 18:26:27.334] Load DDS texture: Squad/Contracts/Icons/eva
[LOG 18:26:27.334] Load DDS texture: Squad/Contracts/Icons/gravity
[LOG 18:26:27.334] Load Cached PNG Texture: Squad/Contracts/Icons/ksc
[LOG 18:26:27.334] Load DDS texture: Squad/Contracts/Icons/launchsite
[LOG 18:26:27.334] Load DDS texture: Squad/Contracts/Icons/marker
[LOG 18:26:27.334] Load DDS texture: Squad/Contracts/Icons/pressure
[LOG 18:26:27.334] Load DDS texture: Squad/Contracts/Icons/report
[LOG 18:26:27.335] Load DDS texture: Squad/Contracts/Icons/runway
[LOG 18:26:27.335] Load DDS texture: Squad/Contracts/Icons/sample
[LOG 18:26:27.335] Load DDS texture: Squad/Contracts/Icons/seismic
[LOG 18:26:27.335] Load DDS texture: Squad/Contracts/Icons/thermometer
[LOG 18:26:27.335] Load DDS texture: Squad/Contracts/Icons/vessel
[LOG 18:26:27.335] Load Cached PNG Texture: Squad/Flags/09
[LOG 18:26:27.335] Load Cached PNG Texture: Squad/Flags/blorbs
[LOG 18:26:27.335] Load Cached PNG Texture: Squad/Flags/bullseye
[LOG 18:26:27.335] Load Cached PNG Texture: Squad/Flags/capsule
[LOG 18:26:27.335] Load Cached PNG Texture: Squad/Flags/circles
[LOG 18:26:27.336] Load Cached PNG Texture: Squad/Flags/default
[LOG 18:26:27.336] Load Cached PNG Texture: Squad/Flags/hexagon
[LOG 18:26:27.336] Load Cached PNG Texture: Squad/Flags/hexagonCircles
[LOG 18:26:27.336] Load Cached PNG Texture: Squad/Flags/kerbal1
[LOG 18:26:27.337] Load Cached PNG Texture: Squad/Flags/kerbal2
[LOG 18:26:27.337] Load Cached PNG Texture: Squad/Flags/kerbin
[LOG 18:26:27.337] Load Cached PNG Texture: Squad/Flags/kerbinmunflag
[LOG 18:26:27.337] Load Cached PNG Texture: Squad/Flags/line
[LOG 18:26:27.337] Load Cached PNG Texture: Squad/Flags/minimalistic
[LOG 18:26:27.338] Load Cached PNG Texture: Squad/Flags/orbit
[LOG 18:26:27.338] Load Cached PNG Texture: Squad/Flags/orbs
[LOG 18:26:27.338] Load Cached PNG Texture: Squad/Flags/retro
[LOG 18:26:27.338] Load Cached PNG Texture: Squad/Flags/rings
[LOG 18:26:27.338] Load Cached PNG Texture: Squad/Flags/rocketScience
[LOG 18:26:27.339] Load Cached PNG Texture: Squad/Flags/satellite
[LOG 18:26:27.339] Load Cached PNG Texture: Squad/Flags/Sentinel_Flag
[LOG 18:26:27.339] Load Cached PNG Texture: Squad/Flags/spheres
[LOG 18:26:27.339] Load Cached PNG Texture: Squad/Flags/squadLogo
[LOG 18:26:27.339] Load Cached PNG Texture: Squad/Flags/squadLogo2
[LOG 18:26:27.339] Load Cached PNG Texture: Squad/Flags/stripes
[LOG 18:26:27.340] Load Cached PNG Texture: Squad/Flags/trees
[LOG 18:26:27.340] Load Cached PNG Texture: Squad/Flags/trippy
[LOG 18:26:27.340] Load Cached PNG Texture: Squad/FlagsAgency/esa_dark_blue
[LOG 18:26:27.340] Load Cached PNG Texture: Squad/FlagsAgency/NASA
[LOG 18:26:27.340] Load Cached PNG Texture: Squad/FlagsAgency/uk_space_agency
[LOG 18:26:27.340] Load Cached PNG Texture: Squad/FlagsOrganization/B612_Foundation_flag
[LOG 18:26:27.340] Load Cached PNG Texture: Squad/FlagsOrganization/electron
[LOG 18:26:27.340] Load Cached PNG Texture: Squad/FlagsOrganization/ESA_Arianespace
[LOG 18:26:27.340] Load Cached PNG Texture: Squad/FlagsOrganization/rocketlab
[LOG 18:26:27.341] Load DDS texture: Squad/FX/DiamondBlue
[LOG 18:26:27.341] Load DDS texture: Squad/FX/FlameBlueOrange
[LOG 18:26:27.341] Load DDS texture: Squad/FX/FlamePurple
[LOG 18:26:27.341] Load DDS texture: Squad/FX/FlameRed
[LOG 18:26:27.341] Load DDS texture: Squad/FX/FlameRedOrange
[LOG 18:26:27.341] Load DDS texture: Squad/FX/Monoprop
[LOG 18:26:27.341] Load DDS texture: Squad/FX/plasma2
[LOG 18:26:27.341] Load DDS texture: Squad/FX/rocketplume2
[LOG 18:26:27.341] Load DDS texture: Squad/FX/shockDiamond2
[LOG 18:26:27.341] Load DDS texture: Squad/FX/smokepuff1
[LOG 18:26:27.341] Load DDS texture: Squad/Interiors/Administration/AdminBuilding_Lvl1
[LOG 18:26:27.349] Load DDS texture: Squad/Interiors/Administration/AdminBuilding_Lvl2
[LOG 18:26:27.353] Load DDS texture: Squad/Interiors/Administration/AdminBuilding_Lvl3
[LOG 18:26:27.359] Load DDS texture: Squad/MenuProps/MunOrBust
[LOG 18:26:27.360] Load Cached PNG Texture: Squad/Missions/Banners/Fail/default
[LOG 18:26:27.360] Load PNG texture: Squad/Missions/Banners/Menu/default
[WRN 18:26:27.365] Texture isn't eligible for DXT compression, width and height must be multiples of 4
[LOG 18:26:27.365] Load Cached PNG Texture: Squad/Missions/Banners/Success/default
[LOG 18:26:27.365] Load PNG texture: Squad/Missions/ESA-BepiColombo/Banners/Fail/ESA_MB_Fail_01
[WRN 18:26:27.376] Texture isn't eligible for DXT compression, width and height must be multiples of 4
[LOG 18:26:27.377] Load PNG texture: Squad/Missions/ESA-BepiColombo/Banners/Menu/ESA_MB_Select_01
[WRN 18:26:27.384] Texture isn't eligible for DXT compression, width and height must be multiples of 4
[LOG 18:26:27.387] Load PNG texture: Squad/Missions/ESA-BepiColombo/Banners/Success/ESA_MB_Success_01
[WRN 18:26:27.398] Texture isn't eligible for DXT compression, width and height must be multiples of 4
[LOG 18:26:27.398] Load PNG texture: Squad/Missions/ESA-BepiColombo-Short/Banners/Fail/ESA_MB_Fail_01
[WRN 18:26:27.409] Texture isn't eligible for DXT compression, width and height must be multiples of 4
[LOG 18:26:27.409] Load PNG texture: Squad/Missions/ESA-BepiColombo-Short/Banners/Menu/ESA_MB_Select_01
[WRN 18:26:27.415] Texture isn't eligible for DXT compression, width and height must be multiples of 4
[LOG 18:26:27.415] Load PNG texture: Squad/Missions/ESA-BepiColombo-Short/Banners/Success/ESA_MB_Success_01
[WRN 18:26:27.419] Texture isn't eligible for DXT compression, width and height must be multiples of 4
[LOG 18:26:27.421] Load PNG texture: Squad/Missions/ESA-Rosetta/Banners/Fail/ESA_MB_Fail_02
[WRN 18:26:27.426] Texture isn't eligible for DXT compression, width and height must be multiples of 4
[LOG 18:26:27.426] Load PNG texture: Squad/Missions/ESA-Rosetta/Banners/Menu/ESA_MB_Select_02
[WRN 18:26:27.430] Texture isn't eligible for DXT compression, width and height must be multiples of 4
[LOG 18:26:27.430] Load PNG texture: Squad/Missions/ESA-Rosetta/Banners/Success/ESA_MB_Success_02
[WRN 18:26:27.435] Texture isn't eligible for DXT compression, width and height must be multiples of 4
[LOG 18:26:27.435] Load Cached PNG Texture: Squad/PartList/SimpleIcons/ablator
[LOG 18:26:27.435] Load Cached PNG Texture: Squad/PartList/SimpleIcons/active_radiator
[LOG 18:26:27.435] Load Cached PNG Texture: Squad/PartList/SimpleIcons/asteroid_drill
[LOG 18:26:27.435] Load Cached PNG Texture: Squad/PartList/SimpleIcons/cargo_part
[LOG 18:26:27.435] Load Cached PNG Texture: Squad/PartList/SimpleIcons/comet_drill
[LOG 18:26:27.435] Load Cached PNG Texture: Squad/PartList/SimpleIcons/core_heat
[LOG 18:26:27.435] Load Cached PNG Texture: Squad/PartList/SimpleIcons/cs_main
[LOG 18:26:27.435] Load Cached PNG Texture: Squad/PartList/SimpleIcons/cs_mk2
[LOG 18:26:27.435] Load Cached PNG Texture: Squad/PartList/SimpleIcons/cs_mk3
[LOG 18:26:27.435] Load Cached PNG Texture: Squad/PartList/SimpleIcons/cs_size0
[LOG 18:26:27.435] Load Cached PNG Texture: Squad/PartList/SimpleIcons/cs_size1
[LOG 18:26:27.436] Load Cached PNG Texture: Squad/PartList/SimpleIcons/cs_size1p5
[LOG 18:26:27.436] Load Cached PNG Texture: Squad/PartList/SimpleIcons/cs_size2
[LOG 18:26:27.436] Load Cached PNG Texture: Squad/PartList/SimpleIcons/cs_size3
[LOG 18:26:27.436] Load Cached PNG Texture: Squad/PartList/SimpleIcons/cs_size4
[LOG 18:26:27.436] Load Cached PNG Texture: Squad/PartList/SimpleIcons/cs_surface
[LOG 18:26:27.436] Load Cached PNG Texture: Squad/PartList/SimpleIcons/custom_built_fairing
[LOG 18:26:27.436] Load Cached PNG Texture: Squad/PartList/SimpleIcons/deployable_antenna
[LOG 18:26:27.436] Load Cached PNG Texture: Squad/PartList/SimpleIcons/deployable_comms_part
[LOG 18:26:27.436] Load Cached PNG Texture: Squad/PartList/SimpleIcons/deployable_ground_part
[LOG 18:26:27.436] Load Cached PNG Texture: Squad/PartList/SimpleIcons/deployable_part
[LOG 18:26:27.436] Load Cached PNG Texture: Squad/PartList/SimpleIcons/deployable_radiator
[LOG 18:26:27.436] Load Cached PNG Texture: Squad/PartList/SimpleIcons/deployed_science_control_unit
[LOG 18:26:27.436] Load Cached PNG Texture: Squad/PartList/SimpleIcons/deployed_science_experiment
[LOG 18:26:27.437] Load Cached PNG Texture: Squad/PartList/SimpleIcons/deployed_science_part
[LOG 18:26:27.437] Load Cached PNG Texture: Squad/PartList/SimpleIcons/enviro_sensor
[LOG 18:26:27.437] Load Cached PNG Texture: Squad/PartList/SimpleIcons/experience_management
[LOG 18:26:27.437] Load Cached PNG Texture: Squad/PartList/SimpleIcons/fuels_monopropellant
[LOG 18:26:27.437] Load Cached PNG Texture: Squad/PartList/SimpleIcons/fuels_ore
[LOG 18:26:27.437] Load Cached PNG Texture: Squad/PartList/SimpleIcons/fuels_oxidizer
[LOG 18:26:27.437] Load Cached PNG Texture: Squad/PartList/SimpleIcons/fuels_solidfuel
[LOG 18:26:27.437] Load Cached PNG Texture: Squad/PartList/SimpleIcons/fuels_xenongas
[LOG 18:26:27.437] Load Cached PNG Texture: Squad/PartList/SimpleIcons/inventory_part
[LOG 18:26:27.437] Load Cached PNG Texture: Squad/PartList/SimpleIcons/kerbnet_access
[LOG 18:26:27.437] Load Cached PNG Texture: Squad/PartList/SimpleIcons/number1
[LOG 18:26:27.437] Load Cached PNG Texture: Squad/PartList/SimpleIcons/number2
[LOG 18:26:27.437] Load Cached PNG Texture: Squad/PartList/SimpleIcons/number3
[LOG 18:26:27.438] Load Cached PNG Texture: Squad/PartList/SimpleIcons/number4
[LOG 18:26:27.438] Load Cached PNG Texture: Squad/PartList/SimpleIcons/number5
[LOG 18:26:27.438] Load Cached PNG Texture: Squad/PartList/SimpleIcons/number6
[LOG 18:26:27.438] Load Cached PNG Texture: Squad/PartList/SimpleIcons/number7
[LOG 18:26:27.438] Load Cached PNG Texture: Squad/PartList/SimpleIcons/number8
[LOG 18:26:27.438] Load Cached PNG Texture: Squad/PartList/SimpleIcons/number9
[LOG 18:26:27.438] Load Cached PNG Texture: Squad/PartList/SimpleIcons/probe_control_unit
[LOG 18:26:27.438] Load Cached PNG Texture: Squad/PartList/SimpleIcons/R&D_node_icon_advaerodynamics
[LOG 18:26:27.438] Load Cached PNG Texture: Squad/PartList/SimpleIcons/R&D_node_icon_advancedmotors
[LOG 18:26:27.438] Load Cached PNG Texture: Squad/PartList/SimpleIcons/R&D_node_icon_advconstruction
[LOG 18:26:27.438] Load Cached PNG Texture: Squad/PartList/SimpleIcons/R&D_node_icon_advelectrics
[LOG 18:26:27.439] Load Cached PNG Texture: Squad/PartList/SimpleIcons/R&D_node_icon_advexploration
[LOG 18:26:27.439] Load Cached PNG Texture: Squad/PartList/SimpleIcons/R&D_node_icon_advflightcontrol
[LOG 18:26:27.439] Load Cached PNG Texture: Squad/PartList/SimpleIcons/R&D_node_icon_advlanding
[LOG 18:26:27.439] Load Cached PNG Texture: Squad/PartList/SimpleIcons/R&D_node_icon_advmetalworks
[LOG 18:26:27.439] Load Cached PNG Texture: Squad/PartList/SimpleIcons/R&D_node_icon_advrocketry
[LOG 18:26:27.439] Load Cached PNG Texture: Squad/PartList/SimpleIcons/R&D_node_icon_advsciencetech
[LOG 18:26:27.439] Load Cached PNG Texture: Squad/PartList/SimpleIcons/R&D_node_icon_advunmanned
[LOG 18:26:27.439] Load Cached PNG Texture: Squad/PartList/SimpleIcons/R&D_node_icon_aerodynamicsystems
[LOG 18:26:27.439] Load Cached PNG Texture: Squad/PartList/SimpleIcons/R&D_node_icon_aerospacetech
[LOG 18:26:27.439] Load Cached PNG Texture: Squad/PartList/SimpleIcons/R&D_node_icon_automation
[LOG 18:26:27.439] Load Cached PNG Texture: Squad/PartList/SimpleIcons/R&D_node_icon_basicprobes
[LOG 18:26:27.439] Load Cached PNG Texture: Squad/PartList/SimpleIcons/R&D_node_icon_basicrocketry
[LOG 18:26:27.439] Load Cached PNG Texture: Squad/PartList/SimpleIcons/R&D_node_icon_composites
[LOG 18:26:27.440] Load Cached PNG Texture: Squad/PartList/SimpleIcons/R&D_node_icon_electrics
[LOG 18:26:27.440] Load Cached PNG Texture: Squad/PartList/SimpleIcons/R&D_node_icon_electronics
[LOG 18:26:27.440] Load Cached PNG Texture: Squad/PartList/SimpleIcons/R&D_node_icon_evatech
[LOG 18:26:27.440] Load Cached PNG Texture: Squad/PartList/SimpleIcons/R&D_node_icon_experimentalaerodynamics
[LOG 18:26:27.440] Load Cached PNG Texture: Squad/PartList/SimpleIcons/R&D_node_icon_experimentalelectrics
[LOG 18:26:27.440] Load Cached PNG Texture: Squad/PartList/SimpleIcons/R&D_node_icon_experimentalmotors
[LOG 18:26:27.440] Load Cached PNG Texture: Squad/PartList/SimpleIcons/R&D_node_icon_experimentalrocketry
[LOG 18:26:27.440] Load Cached PNG Texture: Squad/PartList/SimpleIcons/R&D_node_icon_experimentalscience
[LOG 18:26:27.440] Load Cached PNG Texture: Squad/PartList/SimpleIcons/R&D_node_icon_fieldscience
[LOG 18:26:27.440] Load Cached PNG Texture: Squad/PartList/SimpleIcons/R&D_node_icon_flightcontrol
[LOG 18:26:27.440] Load Cached PNG Texture: Squad/PartList/SimpleIcons/R&D_node_icon_fuelsystems
[LOG 18:26:27.440] Load Cached PNG Texture: Squad/PartList/SimpleIcons/R&D_node_icon_generalconstruction
[LOG 18:26:27.440] Load Cached PNG Texture: Squad/PartList/SimpleIcons/R&D_node_icon_generalrocketry
[LOG 18:26:27.440] Load Cached PNG Texture: Squad/PartList/SimpleIcons/R&D_node_icon_generic
[LOG 18:26:27.441] Load Cached PNG Texture: Squad/PartList/SimpleIcons/R&D_node_icon_heavierrocketry
[LOG 18:26:27.441] Load Cached PNG Texture: Squad/PartList/SimpleIcons/R&D_node_icon_heavyaerodynamics
[LOG 18:26:27.441] Load Cached PNG Texture: Squad/PartList/SimpleIcons/R&D_node_icon_heavyrocketry
[LOG 18:26:27.441] Load Cached PNG Texture: Squad/PartList/SimpleIcons/R&D_node_icon_highaltitudeflight
[LOG 18:26:27.441] Load Cached PNG Texture: Squad/PartList/SimpleIcons/R&D_node_icon_highaltitudepropulsion
[LOG 18:26:27.441] Load Cached PNG Texture: Squad/PartList/SimpleIcons/R&D_node_icon_hypersonicflight
[LOG 18:26:27.441] Load Cached PNG Texture: Squad/PartList/SimpleIcons/R&D_node_icon_ionpropulsion
[LOG 18:26:27.441] Load Cached PNG Texture: Squad/PartList/SimpleIcons/R&D_node_icon_landing
[LOG 18:26:27.441] Load Cached PNG Texture: Squad/PartList/SimpleIcons/R&D_node_icon_largecontrol
[LOG 18:26:27.441] Load Cached PNG Texture: Squad/PartList/SimpleIcons/R&D_node_icon_largeelectrics
[LOG 18:26:27.441] Load Cached PNG Texture: Squad/PartList/SimpleIcons/R&D_node_icon_largeprobes
[LOG 18:26:27.441] Load Cached PNG Texture: Squad/PartList/SimpleIcons/R&D_node_icon_metamaterials
[LOG 18:26:27.441] Load Cached PNG Texture: Squad/PartList/SimpleIcons/R&D_node_icon_nanolathing
[LOG 18:26:27.441] Load Cached PNG Texture: Squad/PartList/SimpleIcons/R&D_node_icon_nuclearpropulsion
[LOG 18:26:27.441] Load Cached PNG Texture: Squad/PartList/SimpleIcons/R&D_node_icon_precisionengineering
[LOG 18:26:27.442] Load Cached PNG Texture: Squad/PartList/SimpleIcons/R&D_node_icon_robotics
[LOG 18:26:27.442] Load Cached PNG Texture: Squad/PartList/SimpleIcons/R&D_node_icon_sciencetech
[LOG 18:26:27.442] Load Cached PNG Texture: Squad/PartList/SimpleIcons/R&D_node_icon_specializedconstruction
[LOG 18:26:27.442] Load Cached PNG Texture: Squad/PartList/SimpleIcons/R&D_node_icon_specializedcontrol
[LOG 18:26:27.442] Load Cached PNG Texture: Squad/PartList/SimpleIcons/R&D_node_icon_specializedelectrics
[LOG 18:26:27.442] Load Cached PNG Texture: Squad/PartList/SimpleIcons/R&D_node_icon_stability
[LOG 18:26:27.442] Load Cached PNG Texture: Squad/PartList/SimpleIcons/R&D_node_icon_start
[LOG 18:26:27.442] Load Cached PNG Texture: Squad/PartList/SimpleIcons/R&D_node_icon_supersonicflight
[LOG 18:26:27.442] Load Cached PNG Texture: Squad/PartList/SimpleIcons/R&D_node_icon_survivability
[LOG 18:26:27.442] Load Cached PNG Texture: Squad/PartList/SimpleIcons/R&D_node_icon_unmannedtech
[LOG 18:26:27.442] Load Cached PNG Texture: Squad/PartList/SimpleIcons/R&D_node_icon_veryheavyrocketry
[LOG 18:26:27.443] Load Cached PNG Texture: Squad/PartList/SimpleIcons/rcsfx
[LOG 18:26:27.443] Load Cached PNG Texture: Squad/PartList/SimpleIcons/RDicon_aerospaceTech2
[LOG 18:26:27.443] Load Cached PNG Texture: Squad/PartList/SimpleIcons/RDicon_commandmodules
[LOG 18:26:27.443] Load Cached PNG Texture: Squad/PartList/SimpleIcons/RDicon_fuelSystems-advanced
[LOG 18:26:27.443] Load Cached PNG Texture: Squad/PartList/SimpleIcons/RDicon_fuelSystems-highPerformance
[LOG 18:26:27.443] Load Cached PNG Texture: Squad/PartList/SimpleIcons/RDicon_largeVolumeContainment
[LOG 18:26:27.443] Load Cached PNG Texture: Squad/PartList/SimpleIcons/RDicon_miniaturization
[LOG 18:26:27.443] Load Cached PNG Texture: Squad/PartList/SimpleIcons/RDicon_propulsion-precision
[LOG 18:26:27.443] Load Cached PNG Texture: Squad/PartList/SimpleIcons/RDicon_propulsionSystems
[LOG 18:26:27.443] Load Cached PNG Texture: Squad/PartList/SimpleIcons/RDicon_telescope
[LOG 18:26:27.443] Load Cached PNG Texture: Squad/PartList/SimpleIcons/robotic_controller
[LOG 18:26:27.443] Load Cached PNG Texture: Squad/PartList/SimpleIcons/robotic_rotation_servo
[LOG 18:26:27.444] Load Cached PNG Texture: Squad/PartList/SimpleIcons/robotic_servo_hinge
[LOG 18:26:27.444] Load Cached PNG Texture: Squad/PartList/SimpleIcons/robotic_servo_piston
[LOG 18:26:27.448] Load Cached PNG Texture: Squad/PartList/SimpleIcons/robotic_servo_rotor
[LOG 18:26:27.448] Load Cached PNG Texture: Squad/PartList/SimpleIcons/scanner_arm
[LOG 18:26:27.448] Load Cached PNG Texture: Squad/PartList/SimpleIcons/variant
[LOG 18:26:27.448] Load Cached PNG Texture: Squad/Parts/@thumbs/adapterSmallMiniShort_icon0
[LOG 18:26:27.448] Load Cached PNG Texture: Squad/Parts/@thumbs/adapterSmallMiniShort_icon1
[LOG 18:26:27.448] Load Cached PNG Texture: Squad/Parts/@thumbs/adapterSmallMiniTall_icon0
[LOG 18:26:27.448] Load Cached PNG Texture: Squad/Parts/@thumbs/adapterSmallMiniTall_icon1
[LOG 18:26:27.449] Load Cached PNG Texture: Squad/Parts/@thumbs/AdvancedCanard_icon
[LOG 18:26:27.449] Load Cached PNG Texture: Squad/Parts/@thumbs/advSasModule_icon
[LOG 18:26:27.449] Load Cached PNG Texture: Squad/Parts/@thumbs/airbrake1_icon
[LOG 18:26:27.449] Load Cached PNG Texture: Squad/Parts/@thumbs/airScoop_icon
[LOG 18:26:27.449] Load Cached PNG Texture: Squad/Parts/@thumbs/avionicsNoseCone_icon
[LOG 18:26:27.449] Load Cached PNG Texture: Squad/Parts/@thumbs/basicFin_icon
[LOG 18:26:27.449] Load Cached PNG Texture: Squad/Parts/@thumbs/batteryBankMini_icon
[LOG 18:26:27.449] Load Cached PNG Texture: Squad/Parts/@thumbs/batteryBank_icon
[LOG 18:26:27.449] Load Cached PNG Texture: Squad/Parts/@thumbs/batteryPack_icon
[LOG 18:26:27.449] Load Cached PNG Texture: Squad/Parts/@thumbs/cargoContainer_icon
[LOG 18:26:27.449] Load Cached PNG Texture: Squad/Parts/@thumbs/CargoStorageUnit_icon
[LOG 18:26:27.449] Load Cached PNG Texture: Squad/Parts/@thumbs/CircularIntake_icon
[LOG 18:26:27.450] Load Cached PNG Texture: Squad/Parts/@thumbs/commDish_icon
[LOG 18:26:27.450] Load Cached PNG Texture: Squad/Parts/@thumbs/Decoupler.0_icon0
[LOG 18:26:27.450] Load Cached PNG Texture: Squad/Parts/@thumbs/Decoupler.0_icon1
[LOG 18:26:27.450] Load Cached PNG Texture: Squad/Parts/@thumbs/Decoupler.1_icon0
[LOG 18:26:27.450] Load Cached PNG Texture: Squad/Parts/@thumbs/Decoupler.1_icon1
[LOG 18:26:27.450] Load Cached PNG Texture: Squad/Parts/@thumbs/dockingPort1_icon
[LOG 18:26:27.450] Load Cached PNG Texture: Squad/Parts/@thumbs/dockingPort2_icon
[LOG 18:26:27.450] Load Cached PNG Texture: Squad/Parts/@thumbs/dockingPort3_icon
[LOG 18:26:27.450] Load Cached PNG Texture: Squad/Parts/@thumbs/domeLight1_icon0
[LOG 18:26:27.450] Load Cached PNG Texture: Squad/Parts/@thumbs/domeLight1_icon1
[LOG 18:26:27.450] Load Cached PNG Texture: Squad/Parts/@thumbs/elevon2_icon
[LOG 18:26:27.450] Load Cached PNG Texture: Squad/Parts/@thumbs/elevon3_icon
[LOG 18:26:27.450] Load Cached PNG Texture: Squad/Parts/@thumbs/elevon5_icon
[LOG 18:26:27.451] Load Cached PNG Texture: Squad/Parts/@thumbs/evaChute_icon
[LOG 18:26:27.451] Load Cached PNG Texture: Squad/Parts/@thumbs/evaCylinder_icon
[LOG 18:26:27.451] Load Cached PNG Texture: Squad/Parts/@thumbs/evaJetpack_icon
[LOG 18:26:27.451] Load Cached PNG Texture: Squad/Parts/@thumbs/evaRepairKit_icon
[LOG 18:26:27.451] Load Cached PNG Texture: Squad/Parts/@thumbs/evaScienceKit_icon
[LOG 18:26:27.451] Load Cached PNG Texture: Squad/Parts/@thumbs/externalTankCapsule_icon0
[LOG 18:26:27.451] Load Cached PNG Texture: Squad/Parts/@thumbs/externalTankCapsule_icon1
[LOG 18:26:27.451] Load Cached PNG Texture: Squad/Parts/@thumbs/externalTankRound_icon0
[LOG 18:26:27.451] Load Cached PNG Texture: Squad/Parts/@thumbs/externalTankRound_icon1
[LOG 18:26:27.451] Load Cached PNG Texture: Squad/Parts/@thumbs/externalTankToroid_icon0
[LOG 18:26:27.451] Load Cached PNG Texture: Squad/Parts/@thumbs/externalTankToroid_icon1
[LOG 18:26:27.452] Load Cached PNG Texture: Squad/Parts/@thumbs/fireworksLauncherBig_icon
[LOG 18:26:27.452] Load Cached PNG Texture: Squad/Parts/@thumbs/fireworksLauncherSmall_icon
[LOG 18:26:27.452] Load Cached PNG Texture: Squad/Parts/@thumbs/foldingRadMed_icon
[LOG 18:26:27.452] Load Cached PNG Texture: Squad/Parts/@thumbs/foldingRadSmall_icon
[LOG 18:26:27.452] Load Cached PNG Texture: Squad/Parts/@thumbs/FuelCellArray_icon
[LOG 18:26:27.452] Load Cached PNG Texture: Squad/Parts/@thumbs/FuelCell_icon
[LOG 18:26:27.452] Load Cached PNG Texture: Squad/Parts/@thumbs/fuelTank.long_icon0
[LOG 18:26:27.452] Load Cached PNG Texture: Squad/Parts/@thumbs/fuelTankSmallFlat_icon0
[LOG 18:26:27.453] Load Cached PNG Texture: Squad/Parts/@thumbs/fuelTankSmallFlat_icon1
[LOG 18:26:27.453] Load Cached PNG Texture: Squad/Parts/@thumbs/fuelTankSmallFlat_icon2
[LOG 18:26:27.455] Load Cached PNG Texture: Squad/Parts/@thumbs/fuelTankSmallFlat_icon3
[LOG 18:26:27.455] Load Cached PNG Texture: Squad/Parts/@thumbs/fuelTankSmall_icon0
[LOG 18:26:27.456] Load Cached PNG Texture: Squad/Parts/@thumbs/fuelTankSmall_icon1
[LOG 18:26:27.456] Load Cached PNG Texture: Squad/Parts/@thumbs/fuelTankSmall_icon2
[LOG 18:26:27.456] Load Cached PNG Texture: Squad/Parts/@thumbs/fuelTankSmall_icon3
[LOG 18:26:27.456] Load Cached PNG Texture: Squad/Parts/@thumbs/fuelTank_icon0
[LOG 18:26:27.456] Load Cached PNG Texture: Squad/Parts/@thumbs/GearFixed_icon
[LOG 18:26:27.456] Load Cached PNG Texture: Squad/Parts/@thumbs/GearFree_icon
[LOG 18:26:27.456] Load Cached PNG Texture: Squad/Parts/@thumbs/GearSmall_icon
[LOG 18:26:27.456] Load Cached PNG Texture: Squad/Parts/@thumbs/GooExperiment_icon
[LOG 18:26:27.456] Load Cached PNG Texture: Squad/Parts/@thumbs/groundAnchor_icon
[LOG 18:26:27.457] Load Cached PNG Texture: Squad/Parts/@thumbs/groundLight1_icon
[LOG 18:26:27.457] Load Cached PNG Texture: Squad/Parts/@thumbs/groundLight2_icon
[LOG 18:26:27.457] Load Cached PNG Texture: Squad/Parts/@thumbs/HeatShield0_icon
[LOG 18:26:27.457] Load Cached PNG Texture: Squad/Parts/@thumbs/HeatShield1_icon
[LOG 18:26:27.457] Load Cached PNG Texture: Squad/Parts/@thumbs/HECS2.ProbeCore_icon
[LOG 18:26:27.457] Load Cached PNG Texture: Squad/Parts/@thumbs/HighGainAntenna5.v2_icon
[LOG 18:26:27.457] Load Cached PNG Texture: Squad/Parts/@thumbs/HighGainAntenna5_icon
[LOG 18:26:27.457] Load Cached PNG Texture: Squad/Parts/@thumbs/HighGainAntenna_icon
[LOG 18:26:27.457] Load Cached PNG Texture: Squad/Parts/@thumbs/IntakeRadialLong_icon
[LOG 18:26:27.457] Load Cached PNG Texture: Squad/Parts/@thumbs/ionEngine_icon
[LOG 18:26:27.457] Load Cached PNG Texture: Squad/Parts/@thumbs/ksp.r.largeBatteryPack_icon
[LOG 18:26:27.457] Load Cached PNG Texture: Squad/Parts/@thumbs/ladder1_icon
[LOG 18:26:27.458] Load Cached PNG Texture: Squad/Parts/@thumbs/landingLeg1-2_icon
[LOG 18:26:27.458] Load Cached PNG Texture: Squad/Parts/@thumbs/landingLeg1_icon
[LOG 18:26:27.458] Load Cached PNG Texture: Squad/Parts/@thumbs/LgRadialSolarPanel_icon
[LOG 18:26:27.458] Load Cached PNG Texture: Squad/Parts/@thumbs/linearRcs_icon
[LOG 18:26:27.458] Load Cached PNG Texture: Squad/Parts/@thumbs/liquidEngine2.v2_icon0
[LOG 18:26:27.458] Load Cached PNG Texture: Squad/Parts/@thumbs/liquidEngine3.v2_icon0
[LOG 18:26:27.458] Load Cached PNG Texture: Squad/Parts/@thumbs/liquidEngine3.v2_icon1
[LOG 18:26:27.458] Load Cached PNG Texture: Squad/Parts/@thumbs/liquidEngine3.v2_icon2
[LOG 18:26:27.458] Load Cached PNG Texture: Squad/Parts/@thumbs/liquidEngineMini.v2_icon0
[LOG 18:26:27.458] Load Cached PNG Texture: Squad/Parts/@thumbs/liquidEngineMini.v2_icon1
[LOG 18:26:27.458] Load Cached PNG Texture: Squad/Parts/@thumbs/liquidEngineMini.v2_icon2
[LOG 18:26:27.459] Load Cached PNG Texture: Squad/Parts/@thumbs/longAntenna_icon
[LOG 18:26:27.459] Load Cached PNG Texture: Squad/Parts/@thumbs/Magnetometer_icon
[LOG 18:26:27.459] Load Cached PNG Texture: Squad/Parts/@thumbs/mediumDishAntenna_icon
[LOG 18:26:27.459] Load Cached PNG Texture: Squad/Parts/@thumbs/microEngine.v2_icon0
[LOG 18:26:27.459] Load Cached PNG Texture: Squad/Parts/@thumbs/microEngine.v2_icon1
[LOG 18:26:27.459] Load Cached PNG Texture: Squad/Parts/@thumbs/MiniDrill_icon
[LOG 18:26:27.459] Load Cached PNG Texture: Squad/Parts/@thumbs/miniFuelTank_icon
[LOG 18:26:27.459] Load Cached PNG Texture: Squad/Parts/@thumbs/miniFuselage_icon
[LOG 18:26:27.460] Load Cached PNG Texture: Squad/Parts/@thumbs/miniIntake_icon
[LOG 18:26:27.460] Load Cached PNG Texture: Squad/Parts/@thumbs/miniJetEngine_icon
[LOG 18:26:27.460] Load Cached PNG Texture: Squad/Parts/@thumbs/miniLandingLeg_icon
[LOG 18:26:27.460] Load Cached PNG Texture: Squad/Parts/@thumbs/Mite_icon
[LOG 18:26:27.460] Load Cached PNG Texture: Squad/Parts/@thumbs/mk1pod.v2_icon0
[LOG 18:26:27.460] Load Cached PNG Texture: Squad/Parts/@thumbs/mk2DroneCore_icon
[LOG 18:26:27.460] Load Cached PNG Texture: Squad/Parts/@thumbs/mk2LanderCabin.v2_icon1
[LOG 18:26:27.461] Load Cached PNG Texture: Squad/Parts/@thumbs/MpoProbe_icon
[LOG 18:26:27.461] Load Cached PNG Texture: Squad/Parts/@thumbs/navLight1_icon0
[LOG 18:26:27.461] Load Cached PNG Texture: Squad/Parts/@thumbs/navLight1_icon1
[LOG 18:26:27.461] Load Cached PNG Texture: Squad/Parts/@thumbs/noseCone_icon0
[LOG 18:26:27.461] Load Cached PNG Texture: Squad/Parts/@thumbs/noseCone_icon1
[LOG 18:26:27.462] Load Cached PNG Texture: Squad/Parts/@thumbs/noseCone_icon2
[LOG 18:26:27.462] Load Cached PNG Texture: Squad/Parts/@thumbs/omsEngine_icon
[LOG 18:26:27.462] Load Cached PNG Texture: Squad/Parts/@thumbs/OrbitalScanner_icon
[LOG 18:26:27.462] Load Cached PNG Texture: Squad/Parts/@thumbs/parachuteDrogue_icon
[LOG 18:26:27.462] Load Cached PNG Texture: Squad/Parts/@thumbs/parachuteLarge_icon
[LOG 18:26:27.462] Load Cached PNG Texture: Squad/Parts/@thumbs/parachuteRadial_icon
[LOG 18:26:27.463] Load Cached PNG Texture: Squad/Parts/@thumbs/parachuteSingle_icon
[LOG 18:26:27.463] Load Cached PNG Texture: Squad/Parts/@thumbs/probeCoreCube_icon
[LOG 18:26:27.463] Load Cached PNG Texture: Squad/Parts/@thumbs/probeCoreHex.v2_icon
[LOG 18:26:27.463] Load Cached PNG Texture: Squad/Parts/@thumbs/probeCoreOcto.v2_icon
[LOG 18:26:27.463] Load Cached PNG Texture: Squad/Parts/@thumbs/probeCoreOcto2.v2_icon
[LOG 18:26:27.463] Load Cached PNG Texture: Squad/Parts/@thumbs/probeCoreSphere.v2_icon
[LOG 18:26:27.463] Load Cached PNG Texture: Squad/Parts/@thumbs/probeStackLarge_icon
[LOG 18:26:27.463] Load Cached PNG Texture: Squad/Parts/@thumbs/probeStackSmall_icon
[LOG 18:26:27.464] Load Cached PNG Texture: Squad/Parts/@thumbs/R8winglet_icon
[LOG 18:26:27.464] Load Cached PNG Texture: Squad/Parts/@thumbs/radialDecoupler1-2_icon
[LOG 18:26:27.464] Load Cached PNG Texture: Squad/Parts/@thumbs/radialDecoupler2_icon
[LOG 18:26:27.464] Load Cached PNG Texture: Squad/Parts/@thumbs/radialDecoupler_icon
[LOG 18:26:27.464] Load Cached PNG Texture: Squad/Parts/@thumbs/radialDrogue_icon
[LOG 18:26:27.464] Load Cached PNG Texture: Squad/Parts/@thumbs/radialEngineMini.v2_icon0
[LOG 18:26:27.465] Load Cached PNG Texture: Squad/Parts/@thumbs/radialEngineMini.v2_icon1
[LOG 18:26:27.465] Load Cached PNG Texture: Squad/Parts/@thumbs/radialLiquidEngine1-2_icon
[LOG 18:26:27.465] Load Cached PNG Texture: Squad/Parts/@thumbs/RadialOreTank_icon
[LOG 18:26:27.465] Load Cached PNG Texture: Squad/Parts/@thumbs/radialRCSTank_icon
[LOG 18:26:27.465] Load Cached PNG Texture: Squad/Parts/@thumbs/radPanelEdge_icon
[LOG 18:26:27.465] Load Cached PNG Texture: Squad/Parts/@thumbs/radPanelLg_icon
[LOG 18:26:27.465] Load Cached PNG Texture: Squad/Parts/@thumbs/radPanelSm_icon
[LOG 18:26:27.465] Load Cached PNG Texture: Squad/Parts/@thumbs/RCSblock.01.small_icon0
[LOG 18:26:27.465] Load Cached PNG Texture: Squad/Parts/@thumbs/RCSblock.01.small_icon1
[LOG 18:26:27.466] Load Cached PNG Texture: Squad/Parts/@thumbs/RCSblock.01.small_icon2
[LOG 18:26:27.466] Load Cached PNG Texture: Squad/Parts/@thumbs/RCSblock.01.small_icon3
[LOG 18:26:27.466] Load Cached PNG Texture: Squad/Parts/@thumbs/RCSblock.01.small_icon4
[LOG 18:26:27.466] Load Cached PNG Texture: Squad/Parts/@thumbs/RCSBlock.v2_icon
[LOG 18:26:27.466] Load Cached PNG Texture: Squad/Parts/@thumbs/RCSBlock.v2_icon0
[LOG 18:26:27.466] Load Cached PNG Texture: Squad/Parts/@thumbs/RCSBlock.v2_icon1
[LOG 18:26:27.467] Load Cached PNG Texture: Squad/Parts/@thumbs/RCSBlock.v2_icon2
[LOG 18:26:27.467] Load Cached PNG Texture: Squad/Parts/@thumbs/RCSBlock.v2_icon3
[LOG 18:26:27.467] Load Cached PNG Texture: Squad/Parts/@thumbs/RCSBlock.v2_icon4
[LOG 18:26:27.467] Load Cached PNG Texture: Squad/Parts/@thumbs/RCSFuelTank_icon
[LOG 18:26:27.467] Load Cached PNG Texture: Squad/Parts/@thumbs/RCSLinearSmall_icon
[LOG 18:26:27.467] Load Cached PNG Texture: Squad/Parts/@thumbs/rcsTankMini_icon
[LOG 18:26:27.467] Load Cached PNG Texture: Squad/Parts/@thumbs/RelayAntenna5_icon
[LOG 18:26:27.467] Load Cached PNG Texture: Squad/Parts/@thumbs/ReleaseValve_icon
[LOG 18:26:27.468] Load Cached PNG Texture: Squad/Parts/@thumbs/roverBody.v2_icon0
[LOG 18:26:27.468] Load Cached PNG Texture: Squad/Parts/@thumbs/roverBody.v2_icon1
[LOG 18:26:27.468] Load Cached PNG Texture: Squad/Parts/@thumbs/roverBody.v2_icon2
[LOG 18:26:27.468] Load Cached PNG Texture: Squad/Parts/@thumbs/roverWheel1_icon
[LOG 18:26:27.468] Load Cached PNG Texture: Squad/Parts/@thumbs/roverWheel2_icon
[LOG 18:26:27.469] Load Cached PNG Texture: Squad/Parts/@thumbs/rtg_icon
[LOG 18:26:27.469] Load Cached PNG Texture: Squad/Parts/@thumbs/sasModule_icon
[LOG 18:26:27.469] Load Cached PNG Texture: Squad/Parts/@thumbs/science.module_icon
[LOG 18:26:27.469] Load Cached PNG Texture: Squad/Parts/@thumbs/ScienceBox_icon
[LOG 18:26:27.469] Load Cached PNG Texture: Squad/Parts/@thumbs/seatExternalCmd_icon
[LOG 18:26:27.469] Load Cached PNG Texture: Squad/Parts/@thumbs/sensorAccelerometer_icon
[LOG 18:26:27.469] Load Cached PNG Texture: Squad/Parts/@thumbs/sensorAtmosphere_icon
[LOG 18:26:27.469] Load Cached PNG Texture: Squad/Parts/@thumbs/sensorBarometer_icon
[LOG 18:26:27.470] Load Cached PNG Texture: Squad/Parts/@thumbs/sensorGravimeter_icon
[LOG 18:26:27.470] Load Cached PNG Texture: Squad/Parts/@thumbs/sensorThermometer_icon
[LOG 18:26:27.470] Load Cached PNG Texture: Squad/Parts/@thumbs/Separator.0_icon0
[LOG 18:26:27.470] Load Cached PNG Texture: Squad/Parts/@thumbs/Separator.0_icon1
[LOG 18:26:27.470] Load Cached PNG Texture: Squad/Parts/@thumbs/Separator.1_icon0
[LOG 18:26:27.470] Load Cached PNG Texture: Squad/Parts/@thumbs/Separator.1_icon1
[LOG 18:26:27.471] Load Cached PNG Texture: Squad/Parts/@thumbs/sepMotor1_icon
[LOG 18:26:27.471] Load Cached PNG Texture: Squad/Parts/@thumbs/ServiceBay.125.v2_icon
[LOG 18:26:27.471] Load Cached PNG Texture: Squad/Parts/@thumbs/shockConeIntake_icon
[LOG 18:26:27.471] Load Cached PNG Texture: Squad/Parts/@thumbs/Shrimp_icon
[LOG 18:26:27.471] Load Cached PNG Texture: Squad/Parts/@thumbs/smallCargoContainer_icon
[LOG 18:26:27.471] Load Cached PNG Texture: Squad/Parts/@thumbs/smallClaw_icon0
[LOG 18:26:27.471] Load Cached PNG Texture: Squad/Parts/@thumbs/smallClaw_icon1
[LOG 18:26:27.472] Load Cached PNG Texture: Squad/Parts/@thumbs/smallCtrlSrf_icon
[LOG 18:26:27.472] Load Cached PNG Texture: Squad/Parts/@thumbs/SmallGearBay_icon
[LOG 18:26:27.472] Load Cached PNG Texture: Squad/Parts/@thumbs/smallHardpoint_icon
[LOG 18:26:27.472] Load Cached PNG Texture: Squad/Parts/@thumbs/smallRadialEngine.v2_icon0
[LOG 18:26:27.472] Load Cached PNG Texture: Squad/Parts/@thumbs/smallRadialEngine.v2_icon1
[LOG 18:26:27.472] Load Cached PNG Texture: Squad/Parts/@thumbs/solarPanelOX10C_icon
[LOG 18:26:27.473] Load Cached PNG Texture: Squad/Parts/@thumbs/solarPanelOX10L_icon
[LOG 18:26:27.473] Load Cached PNG Texture: Squad/Parts/@thumbs/solarPanels1_icon
[LOG 18:26:27.473] Load Cached PNG Texture: Squad/Parts/@thumbs/solarPanels2_icon
[LOG 18:26:27.473] Load Cached PNG Texture: Squad/Parts/@thumbs/solarPanels3_icon
[LOG 18:26:27.473] Load Cached PNG Texture: Squad/Parts/@thumbs/solarPanels4_icon
[LOG 18:26:27.474] Load Cached PNG Texture: Squad/Parts/@thumbs/solarPanels5_icon
[LOG 18:26:27.474] Load Cached PNG Texture: Squad/Parts/@thumbs/solarPanelSP10C_icon
[LOG 18:26:27.474] Load Cached PNG Texture: Squad/Parts/@thumbs/solarPanelSP10L_icon
[LOG 18:26:27.474] Load Cached PNG Texture: Squad/Parts/@thumbs/solidBooster.sm.v2_icon0
[LOG 18:26:27.475] Load Cached PNG Texture: Squad/Parts/@thumbs/solidBooster.v2_icon0
[LOG 18:26:27.475] Load Cached PNG Texture: Squad/Parts/@thumbs/spotLight1_icon
[LOG 18:26:27.475] Load Cached PNG Texture: Squad/Parts/@thumbs/spotLight2_icon
[LOG 18:26:27.475] Load Cached PNG Texture: Squad/Parts/@thumbs/spotLight3_icon0
[LOG 18:26:27.475] Load Cached PNG Texture: Squad/Parts/@thumbs/spotLight3_icon1
[LOG 18:26:27.476] Load Cached PNG Texture: Squad/Parts/@thumbs/stackPoint1_icon
[LOG 18:26:27.476] Load Cached PNG Texture: Squad/Parts/@thumbs/StandardCtrlSrf_icon
[LOG 18:26:27.476] Load Cached PNG Texture: Squad/Parts/@thumbs/standardNoseCone_icon
[LOG 18:26:27.476] Load Cached PNG Texture: Squad/Parts/@thumbs/stripLight1_icon0
[LOG 18:26:27.477] Load Cached PNG Texture: Squad/Parts/@thumbs/stripLight1_icon1
[LOG 18:26:27.477] Load Cached PNG Texture: Squad/Parts/@thumbs/structuralIBeam1_icon
[LOG 18:26:27.477] Load Cached PNG Texture: Squad/Parts/@thumbs/structuralIBeam3_icon
[LOG 18:26:27.478] Load Cached PNG Texture: Squad/Parts/@thumbs/structuralMiniNode_icon
[LOG 18:26:27.478] Load Cached PNG Texture: Squad/Parts/@thumbs/structuralPanel1_icon
[LOG 18:26:27.478] Load Cached PNG Texture: Squad/Parts/@thumbs/structuralPanel2_icon
[LOG 18:26:27.479] Load Cached PNG Texture: Squad/Parts/@thumbs/structuralWing4_icon
[LOG 18:26:27.479] Load Cached PNG Texture: Squad/Parts/@thumbs/strutCube_icon
[LOG 18:26:27.479] Load Cached PNG Texture: Squad/Parts/@thumbs/strutOcto_icon
[LOG 18:26:27.480] Load Cached PNG Texture: Squad/Parts/@thumbs/SurfaceScanner_icon
[LOG 18:26:27.480] Load Cached PNG Texture: Squad/Parts/@thumbs/SurfAntenna_icon
[LOG 18:26:27.483] Load Cached PNG Texture: Squad/Parts/@thumbs/telescopicLadderBay_icon
[LOG 18:26:27.483] Load Cached PNG Texture: Squad/Parts/@thumbs/telescopicLadder_icon
[LOG 18:26:27.483] Load Cached PNG Texture: Squad/Parts/@thumbs/toroidalAerospike_icon
[LOG 18:26:27.483] Load Cached PNG Texture: Squad/Parts/@thumbs/trussAdapter_icon
[LOG 18:26:27.483] Load Cached PNG Texture: Squad/Parts/@thumbs/trussPiece1x_icon
[LOG 18:26:27.484] Load Cached PNG Texture: Squad/Parts/@thumbs/trussPiece3x_icon
[LOG 18:26:27.484] Load Cached PNG Texture: Squad/Parts/@thumbs/vernierEngine_icon
[LOG 18:26:27.485] Load Cached PNG Texture: Squad/Parts/@thumbs/wheelMed_icon
[LOG 18:26:27.485] Load Cached PNG Texture: Squad/Parts/@thumbs/wingConnector4_icon
[LOG 18:26:27.486] Load Cached PNG Texture: Squad/Parts/@thumbs/wingConnector5_icon
[LOG 18:26:27.486] Load Cached PNG Texture: Squad/Parts/@thumbs/winglet3_icon
[LOG 18:26:27.486] Load Cached PNG Texture: Squad/Parts/@thumbs/winglet_icon
[LOG 18:26:27.486] Load Cached PNG Texture: Squad/Parts/@thumbs/wingShuttleElevon1_icon
[LOG 18:26:27.494] Load Cached PNG Texture: Squad/Parts/@thumbs/xenonTankLarge_icon
[LOG 18:26:27.494] Load Cached PNG Texture: Squad/Parts/@thumbs/xenonTankRadial_icon
[LOG 18:26:27.494] Load Cached PNG Texture: Squad/Parts/@thumbs/xenonTank_icon
[LOG 18:26:27.494] Load DDS texture: Squad/Parts/Aero/aerodynamicNoseCone/Rockomax_Adapters_diffuse
[LOG 18:26:27.494] Load DDS texture: Squad/Parts/Aero/aerodynamicNoseCone/Rockomax_Adapters_normal
[LOG 18:26:27.501] Load DDS texture: Squad/Parts/Aero/airbrake/airbrake
[LOG 18:26:27.501] Load DDS texture: Squad/Parts/Aero/airIntakeRadialXM-G50/RadialIntake
[LOG 18:26:27.501] Load DDS texture: Squad/Parts/Aero/airlinerWings/AirlinerWings
[LOG 18:26:27.507] Load DDS texture: Squad/Parts/Aero/airplaneFins/AirplaneFins
[LOG 18:26:27.513] Load DDS texture: Squad/Parts/Aero/basicFin/BasicFin
[LOG 18:26:27.514] Load DDS texture: Squad/Parts/Aero/circularIntake/CircluarIntakes
[LOG 18:26:27.514] Load DDS texture: Squad/Parts/Aero/circularIntake/CircluarIntakes_Heat
[LOG 18:26:27.514] Load DDS texture: Squad/Parts/Aero/cones/Assets/Cones
[LOG 18:26:27.514] Load DDS texture: Squad/Parts/Aero/cones/Assets/ConesDiffuse
[LOG 18:26:27.525] Load DDS texture: Squad/Parts/Aero/cones/Assets/ConesDiffuse_Orange
[LOG 18:26:27.526] Load DDS texture: Squad/Parts/Aero/cones/Assets/ConesDiffuse_White
[LOG 18:26:27.528] Load DDS texture: Squad/Parts/Aero/cones/Assets/ConesHeat
[LOG 18:26:27.528] Load DDS texture: Squad/Parts/Aero/cones/Assets/ConesHeat_Orange
[LOG 18:26:27.530] Load DDS texture: Squad/Parts/Aero/cones/Assets/ConesHeat_White
[LOG 18:26:27.531] Load DDS texture: Squad/Parts/Aero/cones/Assets/Cones_Heat
[LOG 18:26:27.531] Load Cached PNG Texture: Squad/Parts/Aero/cones/Assets/rocketNoseCones_O
[LOG 18:26:27.536] Load Cached PNG Texture: Squad/Parts/Aero/cones/Assets/rocketNoseCones_O_Normal
[LOG 18:26:27.536] Load DDS texture: Squad/Parts/Aero/cones/Assets/rocketNoseCones_W
[LOG 18:26:27.546] Load DDS texture: Squad/Parts/Aero/cones/Assets/Rockomax_Adapters_diffuse
[LOG 18:26:27.547] Load DDS texture: Squad/Parts/Aero/cones/Assets/Rockomax_Adapters_normal
[LOG 18:26:27.547] Load DDS texture: Squad/Parts/Aero/fairings/AutoTruss
[LOG 18:26:27.552] Load DDS texture: Squad/Parts/Aero/fairings/FairingBase
[LOG 18:26:27.552] Load DDS texture: Squad/Parts/Aero/fairings/FairingBaseNormals
[LOG 18:26:27.552] Load DDS texture: Squad/Parts/Aero/fairings/FairingBaseNormals_bw
[LOG 18:26:27.552] Load DDS texture: Squad/Parts/Aero/fairings/FairingBaseNormals_goldSilver
[LOG 18:26:27.552] Load DDS texture: Squad/Parts/Aero/fairings/FairingBaseNormals_orange
[LOG 18:26:27.552] Load Cached PNG Texture: Squad/Parts/Aero/fairings/FairingBase_black
[LOG 18:26:27.554] Load DDS texture: Squad/Parts/Aero/fairings/FairingBase_bw
[LOG 18:26:27.554] Load DDS texture: Squad/Parts/Aero/fairings/FairingBase_goldDiffuse
[LOG 18:26:27.554] Load DDS texture: Squad/Parts/Aero/fairings/FairingBase_goldSpecular
[LOG 18:26:27.554] Load DDS texture: Squad/Parts/Aero/fairings/FairingBase_orange
[LOG 18:26:27.555] Load DDS texture: Squad/Parts/Aero/fairings/FairingBase_silverDiffuse
[LOG 18:26:27.555] Load DDS texture: Squad/Parts/Aero/fairings/FairingBase_silverSpecular
[LOG 18:26:27.555] Load DDS texture: Squad/Parts/Aero/fairings/fairingsCap
[LOG 18:26:27.555] Load DDS texture: Squad/Parts/Aero/fairings/FairingsMat_silverSpecular
[LOG 18:26:27.561] Load DDS texture: Squad/Parts/Aero/fairings/fairings_diff
[LOG 18:26:27.562] Load DDS texture: Squad/Parts/Aero/fairings/fairings_diff_grey
[LOG 18:26:27.564] Load DDS texture: Squad/Parts/Aero/fairings/fairings_diff_orange
[LOG 18:26:27.566] Load DDS texture: Squad/Parts/Aero/fairings/fairings_grey_normals
[LOG 18:26:27.567] Load DDS texture: Squad/Parts/Aero/fairings/fairings_normals
[LOG 18:26:27.569] Load DDS texture: Squad/Parts/Aero/fairings/fairings_normals_silver
[LOG 18:26:27.571] Load DDS texture: Squad/Parts/Aero/fairings/fairings_orange_normals
[LOG 18:26:27.572] Load DDS texture: Squad/Parts/Aero/fairings/fairings_silverDiffuse
[LOG 18:26:27.579] Load DDS texture: Squad/Parts/Aero/HeatShield/Fairing
[LOG 18:26:27.597] Load DDS texture: Squad/Parts/Aero/HeatShield/heatshield
[LOG 18:26:27.598] Load DDS texture: Squad/Parts/Aero/InflatableHeatShield/HeatShield
[LOG 18:26:27.599] Load DDS texture: Squad/Parts/Aero/InflatableHeatShield/HeatShieldFairing
[LOG 18:26:27.599] Load DDS texture: Squad/Parts/Aero/InflatableHeatShield/HeatShield_NRM
[LOG 18:26:27.601] Load DDS texture: Squad/Parts/Aero/intakeRadialLong/Radial_long
[LOG 18:26:27.601] Load DDS texture: Squad/Parts/Aero/miniIntake/SmallIntake
[LOG 18:26:27.602] Load DDS texture: Squad/Parts/Aero/ramAirIntake/RampIntake
[LOG 18:26:27.602] Load DDS texture: Squad/Parts/Aero/ramAirIntake/RampIntake_Heat
[LOG 18:26:27.602] Load DDS texture: Squad/Parts/Aero/shuttleWings/ShuttleWings
[LOG 18:26:27.612] Load DDS texture: Squad/Parts/Aero/wingletAV-R8/model000
[LOG 18:26:27.613] Load DDS texture: Squad/Parts/Aero/wingletAV-R8/model001
[LOG 18:26:27.614] Load DDS texture: Squad/Parts/Aero/wingletAV-T1/model000
[LOG 18:26:27.614] Load DDS texture: Squad/Parts/Aero/wingletAV-T1/model001
[LOG 18:26:27.614] Load DDS texture: Squad/Parts/Aero/wingletDeltaDeluxe/model000
[LOG 18:26:27.615] Load DDS texture: Squad/Parts/Aero/wings/Wings
[LOG 18:26:27.615] Load DDS texture: Squad/Parts/Cargo/CargoContainers/cargoContainer_diff
[LOG 18:26:27.616] Load DDS texture: Squad/Parts/Cargo/CargoContainers/smallCargoContainer_diffuse
[LOG 18:26:27.616] Load DDS texture: Squad/Parts/Cargo/CargoContainers/smallCargoContainer_nrm
[LOG 18:26:27.616] Load DDS texture: Squad/Parts/Cargo/CargoContainers/smallCargoContainer_specular
[LOG 18:26:27.617] Load DDS texture: Squad/Parts/Cargo/Cylinder/EVAcylinder_diffuse
[LOG 18:26:27.617] Load DDS texture: Squad/Parts/Cargo/Cylinder/EVAcylinder_nrm
[LOG 18:26:27.617] Load DDS texture: Squad/Parts/Cargo/GroundAnchor/groundAnchor_diffuse
[LOG 18:26:27.618] Load DDS texture: Squad/Parts/Cargo/GroundAnchor/groundAnchor_nrm
[LOG 18:26:27.618] Load DDS texture: Squad/Parts/Cargo/Jetpack/EVAjetpack
[LOG 18:26:27.619] Load DDS texture: Squad/Parts/Cargo/Jetpack/EVAjetpackEmmisive
[LOG 18:26:27.620] Load DDS texture: Squad/Parts/Cargo/Jetpack/EVAjetpackNRM
[LOG 18:26:27.621] Load DDS texture: Squad/Parts/Cargo/Parachute/backpack_Diff
[LOG 18:26:27.638] Load DDS texture: Squad/Parts/Cargo/Parachute/backpack_NM
[LOG 18:26:27.649] Load DDS texture: Squad/Parts/Cargo/RepairKit/RepairKit_Diffuse
[LOG 18:26:27.655] Load DDS texture: Squad/Parts/Cargo/RepairKit/RepairKit_Normal
[LOG 18:26:27.656] Load DDS texture: Squad/Parts/Cargo/ScienceKit/ExperimentKit_Material_Diffuse
[LOG 18:26:27.657] Load DDS texture: Squad/Parts/Cargo/ScienceKit/ExperimentKit_Material_Emissive
[LOG 18:26:27.659] Load DDS texture: Squad/Parts/Cargo/ScienceKit/ExperimentKit_Material_Normal
[LOG 18:26:27.659] Load DDS texture: Squad/Parts/Cargo/StorageUnits/Assets/Cargo_Material_Diffuse
[LOG 18:26:27.669] Load DDS texture: Squad/Parts/Cargo/StorageUnits/Assets/Cargo_Material_Normal
[LOG 18:26:27.680] Load DDS texture: Squad/Parts/Command/advancedSasModuleLarge/model000
[LOG 18:26:27.681] Load DDS texture: Squad/Parts/Command/advancedSasModuleLarge/model001
[LOG 18:26:27.681] Load DDS texture: Squad/Parts/Command/cupola/cupola_Emissive
[LOG 18:26:27.681] Load DDS texture: Squad/Parts/Command/cupola/ksp_l_cupola_diff
[LOG 18:26:27.682] Load DDS texture: Squad/Parts/Command/cupola/ksp_l_cupola_normal
[LOG 18:26:27.683] Load DDS texture: Squad/Parts/Command/cupola/window
[LOG 18:26:27.684] Load DDS texture: Squad/Parts/Command/externalCommandSeat/model000
[LOG 18:26:27.685] Load DDS texture: Squad/Parts/Command/hitchhikerStorageContainer/cabin
[LOG 18:26:27.689] Load DDS texture: Squad/Parts/Command/hitchhikerStorageContainer/cabin_Illum
[LOG 18:26:27.689] Load DDS texture: Squad/Parts/Command/hitchhikerStorageContainer/cabin_n
[LOG 18:26:27.689] Load DDS texture: Squad/Parts/Command/hitchhikerStorageContainer/window
[LOG 18:26:27.690] Load DDS texture: Squad/Parts/Command/inlineAdvancedStabilizer/model000
[LOG 18:26:27.690] Load DDS texture: Squad/Parts/Command/inlineAdvancedStabilizer/model001
[LOG 18:26:27.690] Load DDS texture: Squad/Parts/Command/inlineReactionWheel/model000
[LOG 18:26:27.690] Load DDS texture: Squad/Parts/Command/inlineReactionWheel/model001
[LOG 18:26:27.690] Load DDS texture: Squad/Parts/Command/inlineReactionWheel/model002
[LOG 18:26:27.691] Load DDS texture: Squad/Parts/Command/Mk1-2Pod/mk 1-2 external shell Variant-Hatch
[LOG 18:26:27.691] Load DDS texture: Squad/Parts/Command/Mk1-3Pod/M1-3 Pod
[LOG 18:26:27.692] Load DDS texture: Squad/Parts/Command/Mk1-3Pod/M1-3 Pod_GLOW
[LOG 18:26:27.693] Load DDS texture: Squad/Parts/Command/mk1Cockpits/GLOW
[LOG 18:26:27.695] Load DDS texture: Squad/Parts/Command/mk1Cockpits/Mk1Cockpit
[LOG 18:26:27.696] Load DDS texture: Squad/Parts/Command/mk1LanderCan/ksp_s_landerCan_diff
[LOG 18:26:27.697] Load DDS texture: Squad/Parts/Command/mk1LanderCan/ksp_s_landerCan_normal
[LOG 18:26:27.697] Load DDS texture: Squad/Parts/Command/mk1LanderCan/ksp_s_landerCan_psd_illum
[LOG 18:26:27.697] Load DDS texture: Squad/Parts/Command/mk1pod/outer shell
[LOG 18:26:27.698] Load DDS texture: Squad/Parts/Command/mk1pod_v2/Mk1_v2
[LOG 18:26:27.707] Load DDS texture: Squad/Parts/Command/mk1pod_v2/Mk1_v2_GLOW
[LOG 18:26:27.711] Load DDS texture: Squad/Parts/Command/mk1pod_v2/Mk1_v2_GW
[LOG 18:26:27.712] Load DDS texture: Squad/Parts/Command/mk1pod_v2/Mk1_v2_N
[LOG 18:26:27.715] Load DDS texture: Squad/Parts/Command/mk1pod_v2/Mk1_v2_W
[LOG 18:26:27.717] Load DDS texture: Squad/Parts/Command/mk1pod_v2/Mk1_v2_W_N
[LOG 18:26:27.718] Load DDS texture: Squad/Parts/Command/mk2CockpitInline/Cockpit_inline_A
[LOG 18:26:27.720] Load DDS texture: Squad/Parts/Command/mk2CockpitInline/Cockpit_inline_Emissive
[LOG 18:26:27.720] Load DDS texture: Squad/Parts/Command/mk2CockpitInline/Cockpit_inline_normal
[LOG 18:26:27.723] Load DDS texture: Squad/Parts/Command/mk2CockpitStandard/Cockpit
[LOG 18:26:27.725] Load DDS texture: Squad/Parts/Command/mk2CockpitStandard/Cockpit_Lum
[LOG 18:26:27.726] Load DDS texture: Squad/Parts/Command/mk2CockpitStandard/Cockpit_NRM
[LOG 18:26:27.729] Load DDS texture: Squad/Parts/Command/mk2DroneCore/mk2Dronecore
[LOG 18:26:27.730] Load DDS texture: Squad/Parts/Command/mk2LanderCan/Illum
[LOG 18:26:27.730] Load DDS texture: Squad/Parts/Command/mk2LanderCan/ladder
[LOG 18:26:27.731] Load DDS texture: Squad/Parts/Command/mk2LanderCan/outershell
[LOG 18:26:27.732] Load DDS texture: Squad/Parts/Command/mk2LanderCan/outershell_n
[LOG 18:26:27.736] Load DDS texture: Squad/Parts/Command/mk2LanderCan/window
[LOG 18:26:27.736] Load DDS texture: Squad/Parts/Command/mk2LanderCan_v2/Mk2Can
[LOG 18:26:27.748] Load DDS texture: Squad/Parts/Command/mk2LanderCan_v2/Mk2Can_glow
[LOG 18:26:27.756] Load DDS texture: Squad/Parts/Command/mk3CockpitShuttle/Mk3CockpitShuttle
[LOG 18:26:27.759] Load DDS texture: Squad/Parts/Command/mk3CockpitShuttle/Mk3CockpitShuttle_LUM
[LOG 18:26:27.759] Load DDS texture: Squad/Parts/Command/MpoProbe/MpoProbe_diffuse
[LOG 18:26:27.760] Load DDS texture: Squad/Parts/Command/MpoProbe/MpoProbe_nrm
[LOG 18:26:27.765] Load DDS texture: Squad/Parts/Command/MpoProbe/MpoProbe_specular
[LOG 18:26:27.769] Load DDS texture: Squad/Parts/Command/MtmStage/mtmStage_diffuse
[LOG 18:26:27.769] Load DDS texture: Squad/Parts/Command/MtmStage/mtmStage_nrm
[LOG 18:26:27.771] Load DDS texture: Squad/Parts/Command/MtmStage/mtmStage_specular
[LOG 18:26:27.772] Load DDS texture: Squad/Parts/Command/probeCoreCube/QBE_New_diffuse
[LOG 18:26:27.774] Load Cached PNG Texture: Squad/Parts/Command/probeCoreCube/QBE_New_NRM
[LOG 18:26:27.775] Load DDS texture: Squad/Parts/Command/probeCoreCube/QBE_New_specular
[LOG 18:26:27.778] Load DDS texture: Squad/Parts/Command/probeCoreHex/ksp_m_hexProbe_diff
[LOG 18:26:27.780] Load DDS texture: Squad/Parts/Command/probeCoreHex/ksp_m_hexProbe_normal
[LOG 18:26:27.780] Load DDS texture: Squad/Parts/Command/probeCoreHex_v2/hecsDiffuse
[LOG 18:26:27.780] Load DDS texture: Squad/Parts/Command/probeCoreHex_v2/hecsNormal
[LOG 18:26:27.780] Load DDS texture: Squad/Parts/Command/probeCoreOcto2_v2/octoDiffuse
[LOG 18:26:27.780] Load DDS texture: Squad/Parts/Command/probeCoreOcto2_v2/octoNormal
[LOG 18:26:27.781] Load DDS texture: Squad/Parts/Command/probeCoreOcto2_v2/octoSpecular
[LOG 18:26:27.781] Load DDS texture: Squad/Parts/Command/probeCoreOcto_v2/octoDiffuse
[LOG 18:26:27.781] Load DDS texture: Squad/Parts/Command/probeCoreOcto_v2/octoNormal
[LOG 18:26:27.782] Load DDS texture: Squad/Parts/Command/probeCoreOcto_v2/octoSpecular
[LOG 18:26:27.782] Load DDS texture: Squad/Parts/Command/probeRoverBody/model000
[LOG 18:26:27.784] Load DDS texture: Squad/Parts/Command/probeRoverBody/model001
[LOG 18:26:27.784] Load DDS texture: Squad/Parts/Command/probeRoverBody_v2/probeRoverBody_v2_gold_diffuse
[LOG 18:26:27.784] Load Cached PNG Texture: Squad/Parts/Command/probeRoverBody_v2/probeRoverBody_v2_gold_NRM
[LOG 18:26:27.786] Load DDS texture: Squad/Parts/Command/probeRoverBody_v2/probeRoverBody_v2_gold_specular
[LOG 18:26:27.787] Load DDS texture: Squad/Parts/Command/probeRoverBody_v2/probeRoverBody_v2_silver_diffuse
[LOG 18:26:27.788] Load Cached PNG Texture: Squad/Parts/Command/probeRoverBody_v2/probeRoverBody_v2_silver_NRM
[LOG 18:26:27.789] Load DDS texture: Squad/Parts/Command/probeRoverBody_v2/probeRoverBody_v2_silver_specular
[LOG 18:26:27.792] Load DDS texture: Squad/Parts/Command/probeRoverBody_v2/QBE_New_diffuse
[LOG 18:26:27.792] Load DDS texture: Squad/Parts/Command/probeRoverBody_v2/QBE_New_NRM
[LOG 18:26:27.794] Load DDS texture: Squad/Parts/Command/probeRoverBody_v2/QBE_New_specular
[LOG 18:26:27.794] Load DDS texture: Squad/Parts/Command/probeStackLarge/model000
[LOG 18:26:27.795] Load DDS texture: Squad/Parts/Command/probeStackLarge/model001
[LOG 18:26:27.795] Load DDS texture: Squad/Parts/Command/probeStackSmall/model000
[LOG 18:26:27.799] Load DDS texture: Squad/Parts/Command/probeStackSmall/model001
[LOG 18:26:27.803] Load DDS texture: Squad/Parts/Command/probeStackSphere_v2/probeStackSphere_diffuse
[LOG 18:26:27.804] Load DDS texture: Squad/Parts/Command/probeStackSphere_v2/probeStackSphere_normal
[LOG 18:26:27.805] Load DDS texture: Squad/Parts/Command/probeStackSphere_v2/probeStackSphere_specular
[LOG 18:26:27.810] Load Cached PNG Texture: Squad/Parts/CompoundParts/@thumbs/fuelLine_icon0
[LOG 18:26:27.811] Load Cached PNG Texture: Squad/Parts/CompoundParts/@thumbs/fuelLine_icon1
[LOG 18:26:27.811] Load Cached PNG Texture: Squad/Parts/CompoundParts/@thumbs/strutConnector_icon0
[LOG 18:26:27.811] Load Cached PNG Texture: Squad/Parts/CompoundParts/@thumbs/strutConnector_icon1
[LOG 18:26:27.811] Load DDS texture: Squad/Parts/CompoundParts/FuelLine/FTX-2 External Fuel Duct
[LOG 18:26:27.811] Load DDS texture: Squad/Parts/CompoundParts/FuelLine/FTX-2 External Fuel Duct_ESA
[LOG 18:26:27.811] Load DDS texture: Squad/Parts/CompoundParts/strutConnector/EAS-4 Strut Connector
[LOG 18:26:27.811] Load DDS texture: Squad/Parts/CompoundParts/strutConnector/EAS-4 Strut Connector_white
[LOG 18:26:27.811] Load DDS texture: Squad/Parts/Coupling/Assets/Decouplers
[LOG 18:26:27.813] Load DDS texture: Squad/Parts/Coupling/Assets/Decouplers_N
[LOG 18:26:27.816] Load DDS texture: Squad/Parts/Coupling/Assets/Decouplers_whiteYellow
[LOG 18:26:27.819] Load DDS texture: Squad/Parts/Coupling/Assets/Decouplers_whiteYellow_N
[LOG 18:26:27.822] Load DDS texture: Squad/Parts/Electrical/10CSolarPanels/assets/circularSolarPanel_diffuse
[LOG 18:26:27.823] Load DDS texture: Squad/Parts/Electrical/10CSolarPanels/assets/circularSolarPanel_nrm
[LOG 18:26:27.824] Load DDS texture: Squad/Parts/Electrical/10LSolarPanels/assets/retractableSolarPanel_diffuse
[LOG 18:26:27.826] Load DDS texture: Squad/Parts/Electrical/10LSolarPanels/assets/retractableSolarPanel_nrm
[LOG 18:26:27.826] Load DDS texture: Squad/Parts/Electrical/1x6ShroudSolarPanels/model000
[LOG 18:26:27.830] Load DDS texture: Squad/Parts/Electrical/1x6ShroudSolarPanels/model001
[LOG 18:26:27.830] Load DDS texture: Squad/Parts/Electrical/1x6ShroudSolarPanels/model002
[LOG 18:26:27.837] Load DDS texture: Squad/Parts/Electrical/1x6SolarPanels/model000
[LOG 18:26:27.839] Load DDS texture: Squad/Parts/Electrical/1x6SolarPanels/model001
[LOG 18:26:27.839] Load DDS texture: Squad/Parts/Electrical/1x6SolarPanels/model002
[LOG 18:26:27.839] Load DDS texture: Squad/Parts/Electrical/3x2ShroudSolarPanels/model000
[LOG 18:26:27.840] Load DDS texture: Squad/Parts/Electrical/3x2ShroudSolarPanels/model001
[LOG 18:26:27.840] Load DDS texture: Squad/Parts/Electrical/3x2ShroudSolarPanels/model002
[LOG 18:26:27.840] Load DDS texture: Squad/Parts/Electrical/3x2SolarPanels/model000
[LOG 18:26:27.841] Load DDS texture: Squad/Parts/Electrical/3x2SolarPanels/model001
[LOG 18:26:27.841] Load DDS texture: Squad/Parts/Electrical/3x2SolarPanels/model002
[LOG 18:26:27.841] Load DDS texture: Squad/Parts/Electrical/gigantorXlSolarArray/panel
[LOG 18:26:27.841] Load DDS texture: Squad/Parts/Electrical/radialFlatSolarPanel/model000
[LOG 18:26:27.841] Load DDS texture: Squad/Parts/Electrical/RTG/model000
[LOG 18:26:27.841] Load DDS texture: Squad/Parts/Electrical/z-100Battery/model000
[LOG 18:26:27.842] Load DDS texture: Squad/Parts/Electrical/z-1kBattery/model000
[LOG 18:26:27.842] Load DDS texture: Squad/Parts/Electrical/z-1kBattery/model001
[LOG 18:26:27.842] Load DDS texture: Squad/Parts/Electrical/z-200Battery/ksp_m_batteryPack_diff
[LOG 18:26:27.842] Load DDS texture: Squad/Parts/Electrical/z-400Battery/model000
[LOG 18:26:27.842] Load DDS texture: Squad/Parts/Electrical/z-4kBattery/ksp_l_batteryPack_diff
[LOG 18:26:27.843] Load DDS texture: Squad/Parts/Electrical/z-4kBattery/ksp_l_batteryPack_normal
[LOG 18:26:27.843] Load DDS texture: Squad/Parts/Engine/ionEngine/model000
[LOG 18:26:27.843] Load DDS texture: Squad/Parts/Engine/jetEngines/Jet Engines
[LOG 18:26:27.844] Load DDS texture: Squad/Parts/Engine/jetEngines/Jet_Heat
[LOG 18:26:27.845] Load DDS texture: Squad/Parts/Engine/liquidEngine24-77/engine
[LOG 18:26:27.845] Load DDS texture: Squad/Parts/Engine/liquidEngine24-77_v2/Twitch
[LOG 18:26:27.846] Load DDS texture: Squad/Parts/Engine/liquidEngine24-77_v2/Twitch_G
[LOG 18:26:27.846] Load DDS texture: Squad/Parts/Engine/liquidEngine24-77_v2/Twitch_GLOW
[LOG 18:26:27.847] Load DDS texture: Squad/Parts/Engine/liquidEngine48-7S/ksp_m_liquidEngine_diff
[LOG 18:26:27.849] Load DDS texture: Squad/Parts/Engine/liquidEngine48-7S_v2/Spark
[LOG 18:26:27.849] Load DDS texture: Squad/Parts/Engine/liquidEngine48-7S_v2/Spark_Glow
[LOG 18:26:27.849] Load DDS texture: Squad/Parts/Engine/liquidEngineAerospike/Aerospike
[LOG 18:26:27.849] Load DDS texture: Squad/Parts/Engine/liquidEngineAerospike/Aerospike_Heat
[LOG 18:26:27.849] Load DDS texture: Squad/Parts/Engine/liquidEngineLV-1_v2/Assets/Ant_and_Spider_diffuse
[LOG 18:26:27.849] Load DDS texture: Squad/Parts/Engine/liquidEngineLV-1_v2/Assets/Ant_and_Spider_emissive
[LOG 18:26:27.849] Load DDS texture: Squad/Parts/Engine/liquidEngineLV-1_v2/Assets/Ant_and_Spider_normal
[LOG 18:26:27.853] Load DDS texture: Squad/Parts/Engine/liquidEngineLV-1_v2/Assets/Ant_and_Spider_specular
[LOG 18:26:27.853] Load DDS texture: Squad/Parts/Engine/liquidEngineLV-909_v2/Terrier
[LOG 18:26:27.855] Load DDS texture: Squad/Parts/Engine/liquidEngineLV-909_v2/TerrierFairing
[LOG 18:26:27.855] Load DDS texture: Squad/Parts/Engine/liquidEngineLV-909_v2/Terrier_glow
[LOG 18:26:27.856] Load DDS texture: Squad/Parts/Engine/liquidEngineLV-N/model000
[LOG 18:26:27.856] Load DDS texture: Squad/Parts/Engine/liquidEngineLV-N/model001
[LOG 18:26:27.856] Load DDS texture: Squad/Parts/Engine/liquidEngineLV-N/model002
[LOG 18:26:27.856] Load DDS texture: Squad/Parts/Engine/liquidEngineLV-N/model003
[LOG 18:26:27.857] Load DDS texture: Squad/Parts/Engine/liquidEngineLV-T30/model000
[LOG 18:26:27.857] Load DDS texture: Squad/Parts/Engine/liquidEngineLV-T30/model001
[LOG 18:26:27.860] Load DDS texture: Squad/Parts/Engine/liquidEngineLV-T30/model002
[LOG 18:26:27.861] Load DDS texture: Squad/Parts/Engine/liquidEngineLV-T30_v2/Engine_Emissive
[LOG 18:26:27.867] Load DDS texture: Squad/Parts/Engine/liquidEngineLV-T30_v2/Engine_Normal
[LOG 18:26:27.875] Load DDS texture: Squad/Parts/Engine/liquidEngineLV-T30_v2/Fairing
[LOG 18:26:27.875] Load DDS texture: Squad/Parts/Engine/liquidEngineLV-T30_v2/Reliant_v2-shroud_Diffuse
[LOG 18:26:27.882] Load DDS texture: Squad/Parts/Engine/liquidEngineLV-T30_v2/Reliant_v2_Diffuse
[LOG 18:26:27.888] Load DDS texture: Squad/Parts/Engine/liquidEngineLV-T45/model000
[LOG 18:26:27.889] Load DDS texture: Squad/Parts/Engine/liquidEngineLV-T45/model001
[LOG 18:26:27.889] Load DDS texture: Squad/Parts/Engine/liquidEngineLV-T45/model002
[LOG 18:26:27.890] Load DDS texture: Squad/Parts/Engine/liquidEngineLV-T45/model003
[LOG 18:26:27.890] Load DDS texture: Squad/Parts/Engine/liquidEngineLV-T45_v2/Engine_Emissive
[LOG 18:26:27.896] Load DDS texture: Squad/Parts/Engine/liquidEngineLV-T45_v2/Fairing
[LOG 18:26:27.898] Load DDS texture: Squad/Parts/Engine/liquidEngineLV-T45_v2/Swivel_v2_Diffuse
[LOG 18:26:27.904] Load DDS texture: Squad/Parts/Engine/liquidEngineLV-T45_v2/Swivel_v2_Normal
[LOG 18:26:27.913] Load DDS texture: Squad/Parts/Engine/liquidEngineMainsail_v2/mainsail_diffuse
[LOG 18:26:27.919] Load DDS texture: Squad/Parts/Engine/liquidEngineMainsail_v2/mainsail_emissive
[LOG 18:26:27.920] Load DDS texture: Squad/Parts/Engine/liquidEngineMainsail_v2/mainsail_nrm
[LOG 18:26:27.926] Load DDS texture: Squad/Parts/Engine/liquidEngineMainsail_v2/mainsail_specular
[LOG 18:26:27.934] Load DDS texture: Squad/Parts/Engine/liquidEngineMainsail_v2/Shroud
[LOG 18:26:27.963] Load DDS texture: Squad/Parts/Engine/liquidEngineMk55/Thud
[LOG 18:26:27.963] Load DDS texture: Squad/Parts/Engine/liquidEngineMk55/Thud_Heat
[LOG 18:26:27.964] Load DDS texture: Squad/Parts/Engine/liquidEnginePoodle_v2/poodle
[LOG 18:26:27.964] Load DDS texture: Squad/Parts/Engine/liquidEnginePoodle_v2/PoodleShroud
[LOG 18:26:27.964] Load DDS texture: Squad/Parts/Engine/liquidEnginePoodle_v2/poodle_Glow
[LOG 18:26:27.966] Load DDS texture: Squad/Parts/Engine/liquidEnginePoodle_v2/Poodle_SingleBell_Poodle_Diffuse
[LOG 18:26:27.967] Load DDS texture: Squad/Parts/Engine/liquidEnginePoodle_v2/Poodle_SingleBell_Poodle_Emissive
[LOG 18:26:27.969] Load DDS texture: Squad/Parts/Engine/liquidEnginePoodle_v2/Poodle_SingleBell_Poodle_Normal
[LOG 18:26:27.969] Load DDS texture: Squad/Parts/Engine/liquidEngineSkipper_v2/Shroud
[LOG 18:26:27.970] Load DDS texture: Squad/Parts/Engine/liquidEngineSkipper_v2/skipper_v2_diffuse
[LOG 18:26:27.978] Load DDS texture: Squad/Parts/Engine/liquidEngineSkipper_v2/skipper_v2_emissive
[LOG 18:26:27.987] Load DDS texture: Squad/Parts/Engine/liquidEngineSkipper_v2/skipper_v2_normal
[LOG 18:26:27.994] Load DDS texture: Squad/Parts/Engine/liquidEngineSSME/SSME
[LOG 18:26:27.999] Load DDS texture: Squad/Parts/Engine/liquidEngineSSME/SSME_GLOW
[LOG 18:26:27.999] Load DDS texture: Squad/Parts/Engine/liquidEngineSSME/SSME_NRM
[LOG 18:26:28.000] Load DDS texture: Squad/Parts/Engine/MassiveSRB/solid_booster_cm
[LOG 18:26:28.000] Load DDS texture: Squad/Parts/Engine/MassiveSRB/solid_booster_cm_esa
[LOG 18:26:28.006] Load DDS texture: Squad/Parts/Engine/MassiveSRB/solid_booster_em
[LOG 18:26:28.007] Load DDS texture: Squad/Parts/Engine/MassiveSRB/solid_booster_nm
[LOG 18:26:28.009] Load DDS texture: Squad/Parts/Engine/miniJet/SmallJet
[LOG 18:26:28.009] Load DDS texture: Squad/Parts/Engine/OMSEngine/Puff_diffuse
[LOG 18:26:28.009] Load DDS texture: Squad/Parts/Engine/OMSEngine/Puff_emissive
[LOG 18:26:28.010] Load DDS texture: Squad/Parts/Engine/OMSEngine/Puff_normal
[LOG 18:26:28.010] Load DDS texture: Squad/Parts/Engine/OMSEngine/Puff_specular
[LOG 18:26:28.010] Load DDS texture: Squad/Parts/Engine/rapierEngine/rapierDiffuse
[LOG 18:26:28.035] Load DDS texture: Squad/Parts/Engine/rapierEngine/rapieremit
[LOG 18:26:28.035] Load DDS texture: Squad/Parts/Engine/Size1_SRBs/SRB_O
[LOG 18:26:28.035] Load DDS texture: Squad/Parts/Engine/Size1_SRBs/SRB_W
[LOG 18:26:28.036] Load DDS texture: Squad/Parts/Engine/Size1_SRBs/SRB_Y
[LOG 18:26:28.036] Load DDS texture: Squad/Parts/Engine/Size2LFB/Size2LFBEmissive
[LOG 18:26:28.037] Load DDS texture: Squad/Parts/Engine/Size2LFB/twin_nozzle_booster_cm
[LOG 18:26:28.041] Load DDS texture: Squad/Parts/Engine/Size2LFB/twin_nozzle_booster_nm
[LOG 18:26:28.043] Load DDS texture: Squad/Parts/Engine/Size2LFB_v2/Size2LFBEmissive
[LOG 18:26:28.043] Load DDS texture: Squad/Parts/Engine/Size2LFB_v2/twin_nozzle_booster_cm
[LOG 18:26:28.046] Load DDS texture: Squad/Parts/Engine/Size2LFB_v2/twin_nozzle_booster_nm
[LOG 18:26:28.046] Load DDS texture: Squad/Parts/Engine/Size3AdvancedEngine/decoupler_and_adaptor_cm
[LOG 18:26:28.051] Load DDS texture: Squad/Parts/Engine/Size3AdvancedEngine/Size3AdvancedEngineDiffuse
[LOG 18:26:28.051] Load DDS texture: Squad/Parts/Engine/Size3AdvancedEngine/Size3AdvancedEngineEmissive
[LOG 18:26:28.051] Load DDS texture: Squad/Parts/Engine/Size3AdvancedEngine/Size3AdvancedEngineNormal
[LOG 18:26:28.052] Load DDS texture: Squad/Parts/Engine/Size3EngineCluster/ClusterEngineEmit
[LOG 18:26:28.052] Load DDS texture: Squad/Parts/Engine/Size3EngineCluster/four_nozzle_engine_cm
[LOG 18:26:28.053] Load DDS texture: Squad/Parts/Engine/Size3EngineCluster/four_nozzle_engine_nm
[LOG 18:26:28.054] Load DDS texture: Squad/Parts/Engine/solidBoosterBACC/model000
[LOG 18:26:28.055] Load DDS texture: Squad/Parts/Engine/solidBoosterBACC/model001
[LOG 18:26:28.056] Load DDS texture: Squad/Parts/Engine/solidBoosterBACC/model002
[LOG 18:26:28.058] Load DDS texture: Squad/Parts/Engine/solidBoosterRT-5/RT5
[LOG 18:26:28.059] Load DDS texture: Squad/Parts/Engine/solidBoosterS2-17/solidBoosterS2-17_diffuse
[LOG 18:26:28.077] Load DDS texture: Squad/Parts/Engine/solidBoosterS2-17/solidBoosterS2-17_emissive
[LOG 18:26:28.105] Load DDS texture: Squad/Parts/Engine/solidBoosterS2-17/solidBoosterS2-17_normal
[LOG 18:26:28.128] Load DDS texture: Squad/Parts/Engine/solidBoosterS2-33/solidBoosterS2-33_diffuse
[LOG 18:26:28.171] Load DDS texture: Squad/Parts/Engine/solidBoosterS2-33/solidBoosterS2-33_emissive
[LOG 18:26:28.211] Load DDS texture: Squad/Parts/Engine/solidBoosterS2-33/solidBoosterS2-33_normal
[LOG 18:26:28.269] Load DDS texture: Squad/Parts/Engine/solidBoosterSep/model000
[LOG 18:26:28.269] Load DDS texture: Squad/Parts/Engine/solidBoosterSep/motor
[LOG 18:26:28.270] Load DDS texture: Squad/Parts/Engine/SolidBoostersF/Assets/SolidBoosterF3S0_diffuse
[LOG 18:26:28.270] Load DDS texture: Squad/Parts/Engine/SolidBoostersF/Assets/SolidBoosterF3S0_emissive
[LOG 18:26:28.270] Load DDS texture: Squad/Parts/Engine/SolidBoostersF/Assets/SolidBoosterF3S0_normal
[LOG 18:26:28.271] Load DDS texture: Squad/Parts/FuelTank/adapterTanks/Mk3Adapters
[LOG 18:26:28.285] Load DDS texture: Squad/Parts/FuelTank/drainTankFTE-1/fuelValve_diffuse
[LOG 18:26:28.286] Load DDS texture: Squad/Parts/FuelTank/drainTankFTE-1/fuelValve_nrm
[LOG 18:26:28.286] Load DDS texture: Squad/Parts/FuelTank/FoilTanks/RadialTanks
[LOG 18:26:28.286] Load DDS texture: Squad/Parts/FuelTank/FoilTanks/RadialTanksGold_specular
[LOG 18:26:28.287] Load DDS texture: Squad/Parts/FuelTank/FoilTanks/RadialTanksSilver_specular
[LOG 18:26:28.289] Load DDS texture: Squad/Parts/FuelTank/FoilTanks/RadialTanks_N
[LOG 18:26:28.290] Load DDS texture: Squad/Parts/FuelTank/FoilTanks/RadialTanks_silver
[LOG 18:26:28.294] Load DDS texture: Squad/Parts/FuelTank/fuelTankOscarB/model000
[LOG 18:26:28.295] Load DDS texture: Squad/Parts/FuelTank/fuelTankOscarB/model001
[LOG 18:26:28.295] Load DDS texture: Squad/Parts/FuelTank/fuelTankOscarB/tank
[LOG 18:26:28.296] Load DDS texture: Squad/Parts/FuelTank/fuelTankOscarB/tank_n
[LOG 18:26:28.299] Load DDS texture: Squad/Parts/FuelTank/miniFuselage/Fuselage
[LOG 18:26:28.299] Load DDS texture: Squad/Parts/FuelTank/mk2Adapters/mk2adapters1m
[LOG 18:26:28.315] Load DDS texture: Squad/Parts/FuelTank/mk2FuselageLong/mk2Fuselage
[LOG 18:26:28.316] Load DDS texture: Squad/Parts/FuelTank/mk2FuselageShort/mk2FuselageShort
[LOG 18:26:28.317] Load DDS texture: Squad/Parts/FuelTank/mk3Fuselage/Mk3Fuselage
[LOG 18:26:28.319] Load DDS texture: Squad/Parts/FuelTank/mk3Fuselage/Mk3Fuselage_LUM
[LOG 18:26:28.320] Load DDS texture: Squad/Parts/FuelTank/RCSFuelTankR1/RCSFuelTankR1_01
[LOG 18:26:28.325] Load DDS texture: Squad/Parts/FuelTank/RCSFuelTankR1/RCSFuelTankR1_02
[LOG 18:26:28.325] Load DDS texture: Squad/Parts/FuelTank/RCSFuelTankR1/RCSFuelTankR1_N
[LOG 18:26:28.325] Load DDS texture: Squad/Parts/FuelTank/RCSFuelTankR10/ksp_m_rcsTank_diff
[LOG 18:26:28.326] Load DDS texture: Squad/Parts/FuelTank/RCSFuelTankR10/ksp_m_rcsTank_normal
[LOG 18:26:28.326] Load DDS texture: Squad/Parts/FuelTank/RCSFuelTankR25/FL-R25 RCS Fuel Tank_D
[LOG 18:26:28.326] Load DDS texture: Squad/Parts/FuelTank/RCSFuelTankR25/FL-R25 RCS Fuel Tank_N
[LOG 18:26:28.326] Load DDS texture: Squad/Parts/FuelTank/RCSTankRadial/model000
[LOG 18:26:28.326] Load DDS texture: Squad/Parts/FuelTank/RCStankRadialLong/ksp_r_rcsCylTank_diff
[LOG 18:26:28.326] Load DDS texture: Squad/Parts/FuelTank/RockomaxTanks/Assets/rockomax_16 [AlbedoM] BW
[LOG 18:26:28.332] Load DDS texture: Squad/Parts/FuelTank/RockomaxTanks/Assets/rockomax_16 [AlbedoM] ESA
[LOG 18:26:28.339] Load DDS texture: Squad/Parts/FuelTank/RockomaxTanks/Assets/rockomax_16 [AlbedoM] O
[LOG 18:26:28.351] Load DDS texture: Squad/Parts/FuelTank/RockomaxTanks/Assets/rockomax_16 [Normal] BW
[LOG 18:26:28.366] Load DDS texture: Squad/Parts/FuelTank/RockomaxTanks/Assets/rockomax_16 [Normal]ESA
[LOG 18:26:28.373] Load DDS texture: Squad/Parts/FuelTank/RockomaxTanks/Assets/rockomax_16 [Normal]O
[LOG 18:26:28.381] Load DDS texture: Squad/Parts/FuelTank/RockomaxTanks/Assets/rockomax_32 [AlbedoM] ESA
[LOG 18:26:28.383] Load DDS texture: Squad/Parts/FuelTank/RockomaxTanks/Assets/rockomax_32 [Normal]ESA
[LOG 18:26:28.384] Load DDS texture: Squad/Parts/FuelTank/Size1_Tanks/125Tanks_BW
[LOG 18:26:28.387] Load DDS texture: Squad/Parts/FuelTank/Size1_Tanks/125Tanks_D
[LOG 18:26:28.390] Load DDS texture: Squad/Parts/FuelTank/Size1_Tanks/125Tanks_N
[LOG 18:26:28.396] Load DDS texture: Squad/Parts/FuelTank/Size1_Tanks/125Tanks_O
[LOG 18:26:28.399] Load DDS texture: Squad/Parts/FuelTank/Size1_Tanks/125Tanks_W
[LOG 18:26:28.405] Load DDS texture: Squad/Parts/FuelTank/Size3Tanks/fueltTanks_cm
[LOG 18:26:28.406] Load Cached PNG Texture: Squad/Parts/FuelTank/Size3Tanks/Size3Tanks
[LOG 18:26:28.410] Load Cached PNG Texture: Squad/Parts/FuelTank/Size3Tanks/Size3Tanks_Norm
[LOG 18:26:28.410] Load Cached PNG Texture: Squad/Parts/FuelTank/Size3Tanks/Size3Tanks_Orange
[LOG 18:26:28.411] Load Cached PNG Texture: Squad/Parts/FuelTank/Size3Tanks/Size3Tanks_Orange_Norm
[LOG 18:26:28.412] Load DDS texture: Squad/Parts/FuelTank/xenonTank/model000
[LOG 18:26:28.412] Load DDS texture: Squad/Parts/FuelTank/xenonTank/model001
[LOG 18:26:28.412] Load DDS texture: Squad/Parts/FuelTank/xenonTankLarge/tank
[LOG 18:26:28.413] Load DDS texture: Squad/Parts/FuelTank/xenonTankRadial/ksp_r_xenonTank_diff
[LOG 18:26:28.418] Load DDS texture: Squad/Parts/Misc/AsteroidDay/CamSat
[LOG 18:26:28.418] Load DDS texture: Squad/Parts/Misc/AsteroidDay/CamSat_glow
[LOG 18:26:28.418] Load DDS texture: Squad/Parts/Misc/AsteroidDay/CamSat_N_NRM
[LOG 18:26:28.419] Load DDS texture: Squad/Parts/Misc/AsteroidDay/default
[LOG 18:26:28.419] Load DDS texture: Squad/Parts/Misc/AsteroidDay/hecsDiffuse
[LOG 18:26:28.420] Load DDS texture: Squad/Parts/Misc/AsteroidDay/hecsNormal
[LOG 18:26:28.420] Load DDS texture: Squad/Parts/Misc/AsteroidDay/hecsSpecular
[LOG 18:26:28.420] Load DDS texture: Squad/Parts/Misc/AsteroidDay/JumboHexProbe
[LOG 18:26:28.421] Load DDS texture: Squad/Parts/Misc/AsteroidDay/JumboHexProbe_NORM_NRM
[LOG 18:26:28.421] Load DDS texture: Squad/Parts/Resources/FuelCell/FCLamp
[LOG 18:26:28.421] Load DDS texture: Squad/Parts/Resources/FuelCell/FuelCellRack
[LOG 18:26:28.421] Load DDS texture: Squad/Parts/Resources/FuelCell/fuellcell
[LOG 18:26:28.421] Load DDS texture: Squad/Parts/Resources/ISRU/Processor_Large
[LOG 18:26:28.421] Load DDS texture: Squad/Parts/Resources/LargeTank/ksp_l_resourceContainer_diff
[LOG 18:26:28.422] Load DDS texture: Squad/Parts/Resources/LargeTank/ksp_l_resourceContainer_norm
[LOG 18:26:28.424] Load DDS texture: Squad/Parts/Resources/MiniDrill/DustParticle
[LOG 18:26:28.424] Load DDS texture: Squad/Parts/Resources/MiniDrill/ksp_r_rockProbe_diff
[LOG 18:26:28.426] Load DDS texture: Squad/Parts/Resources/MiniDrill/RockParticle
[LOG 18:26:28.426] Load DDS texture: Squad/Parts/Resources/MiniISRU/ksp_s_processorSmall_diff
[LOG 18:26:28.429] Load DDS texture: Squad/Parts/Resources/OrbitalScanner/detector
[LOG 18:26:28.430] Load DDS texture: Squad/Parts/Resources/RadialDrill/DustParticle
[LOG 18:26:28.430] Load DDS texture: Squad/Parts/Resources/RadialDrill/RockParticle
[LOG 18:26:28.430] Load DDS texture: Squad/Parts/Resources/RadialDrill/TriBitDrill
[LOG 18:26:28.430] Load DDS texture: Squad/Parts/Resources/RadialTank/ksp_r_resourceContainer_psd_2
[LOG 18:26:28.430] Load DDS texture: Squad/Parts/Resources/SmallTank/ksp_s_resourceContainer_diff
[LOG 18:26:28.431] Load DDS texture: Squad/Parts/Resources/SmallTank/ksp_s_resourceContainer_normal
[LOG 18:26:28.432] Load DDS texture: Squad/Parts/Resources/SurfaceScanner/ksp_r_samplerAir_diff
[LOG 18:26:28.433] Load DDS texture: Squad/Parts/Resources/SurveyScanner/dish
[LOG 18:26:28.434] Load DDS texture: Squad/Parts/Resources/SurveyScanner/dish_n
[LOG 18:26:28.435] Load DDS texture: Squad/Parts/Science/AtmosphereSensor/ksp_r_hydroscoop_diff
[LOG 18:26:28.435] Load DDS texture: Squad/Parts/Science/GooExperiment/GooExperiment
[LOG 18:26:28.436] Load DDS texture: Squad/Parts/Science/LargeCrewedLab/Large_Crewed_Lab
[LOG 18:26:28.437] Load DDS texture: Squad/Parts/Science/LargeCrewedLab/Large_Crewed_Lab_glow
[LOG 18:26:28.441] Load DDS texture: Squad/Parts/Science/LargeCrewedLab/window
[LOG 18:26:28.442] Load DDS texture: Squad/Parts/Science/Magnetometer/Magnetometer_diffuse
[LOG 18:26:28.442] Load DDS texture: Squad/Parts/Science/Magnetometer/Magnetometer_nrm
[LOG 18:26:28.442] Load DDS texture: Squad/Parts/Science/MaterialBay/science_module_small
[LOG 18:26:28.443] Load DDS texture: Squad/Parts/Science/MaterialBay/science_module_small_emit
[LOG 18:26:28.443] Load DDS texture: Squad/Parts/Science/MaterialBay/science_module_small_nrm
[LOG 18:26:28.443] Load DDS texture: Squad/Parts/Science/MaterialBay/wires
[LOG 18:26:28.444] Load DDS texture: Squad/Parts/Science/ScienceBox/Container
[LOG 18:26:28.444] Load DDS texture: Squad/Parts/Science/sensorAccelerometer/model000
[LOG 18:26:28.444] Load DDS texture: Squad/Parts/Science/sensorBarometer/model000
[LOG 18:26:28.444] Load DDS texture: Squad/Parts/Science/sensorGravimeter/model000
[LOG 18:26:28.444] Load DDS texture: Squad/Parts/Science/sensorThermometer/model000
[LOG 18:26:28.445] Load DDS texture: Squad/Parts/Structural/FLAdapters/Assets/FLA-Adapters_diffuse
[LOG 18:26:28.446] Load DDS texture: Squad/Parts/Structural/FLAdapters/Assets/FLA-Adapters_diffuse_O
[LOG 18:26:28.448] Load DDS texture: Squad/Parts/Structural/FLAdapters/Assets/FLA-Adapters_normal
[LOG 18:26:28.449] Load DDS texture: Squad/Parts/Structural/FLAdapters/Assets/FLA-Adapters_normal_O
[LOG 18:26:28.451] Load DDS texture: Squad/Parts/Structural/mk1Parts/Mk1Structural
[LOG 18:26:28.452] Load DDS texture: Squad/Parts/Structural/mk1Parts/Mk1StructuralHeat
[LOG 18:26:28.453] Load Cached PNG Texture: Squad/Parts/Structural/mk1Parts/@thumbs/MK1Fuselage_icon
[LOG 18:26:28.453] Load DDS texture: Squad/Parts/Structural/Size3To2Adapter_v2/Size2to3_BW_Diffuse
[LOG 18:26:28.459] Load DDS texture: Squad/Parts/Structural/Size3To2Adapter_v2/Size2to3_DUMMY_NRM
[LOG 18:26:28.462] Load DDS texture: Squad/Parts/Structural/Size3To2Adapter_v2/Size2to3_O_Diffuse
[LOG 18:26:28.468] Load DDS texture: Squad/Parts/Structural/Size3To2Adapter_v2/Size2to3_W_Diffuse
[LOG 18:26:28.480] Load DDS texture: Squad/Parts/Structural/Size3To2Adapter_v2/Size2to3_W_NRM
[LOG 18:26:28.489] Load DDS texture: Squad/Parts/Structural/stackAdapters/Assets/stackAdapters_diffuse
[LOG 18:26:28.490] Load DDS texture: Squad/Parts/Structural/stackAdapters/Assets/stackAdapters_diffuse_Dark
[LOG 18:26:28.492] Load DDS texture: Squad/Parts/Structural/stackAdapters/Assets/stackAdapters_diffuse_Orange
[LOG 18:26:28.493] Load DDS texture: Squad/Parts/Structural/stackAdapters/Assets/stackAdapters_normal
[LOG 18:26:28.495] Load DDS texture: Squad/Parts/Structural/stackAdapters/Assets/stackAdapters_normal_Orange
[LOG 18:26:28.496] Load DDS texture: Squad/Parts/Structural/stationHub/model000
[LOG 18:26:28.496] Load DDS texture: Squad/Parts/Structural/stationHub/model001
[LOG 18:26:28.497] Load DDS texture: Squad/Parts/Structural/structuralIBeam200/model000
[LOG 18:26:28.497] Load DDS texture: Squad/Parts/Structural/structuralIBeam200Pocket/model000
[LOG 18:26:28.497] Load DDS texture: Squad/Parts/Structural/structuralIBeam650/model000
[LOG 18:26:28.497] Load DDS texture: Squad/Parts/Structural/structuralMicronode/model000
[LOG 18:26:28.497] Load DDS texture: Squad/Parts/Structural/structuralPanel1x1/model000
[LOG 18:26:28.497] Load DDS texture: Squad/Parts/Structural/structuralPanel1x1/model001
[LOG 18:26:28.498] Load DDS texture: Squad/Parts/Structural/structuralPanel2x2/model000
[LOG 18:26:28.498] Load DDS texture: Squad/Parts/Structural/structuralPanel2x2/model001
[LOG 18:26:28.498] Load DDS texture: Squad/Parts/Structural/structuralPylons/Pylons
[LOG 18:26:28.498] Load DDS texture: Squad/Parts/Structural/strutCubicOcto/cubestrut
[LOG 18:26:28.498] Load DDS texture: Squad/Parts/Structural/strutOcto/model000
[LOG 18:26:28.498] Load DDS texture: Squad/Parts/Structural/trussGirderAdapter/model000
[LOG 18:26:28.498] Load DDS texture: Squad/Parts/Structural/trussGirderAdapter/model001
[LOG 18:26:28.499] Load DDS texture: Squad/Parts/Structural/trussGirderL/model000
[LOG 18:26:28.499] Load DDS texture: Squad/Parts/Structural/trussGirderXL/model000
[LOG 18:26:28.499] Load DDS texture: Squad/Parts/Thermal/FoldingRadiators/radiator
[LOG 18:26:28.499] Load DDS texture: Squad/Parts/Thermal/FoldingRadiators/radiator_N_NRM
[LOG 18:26:28.501] Load DDS texture: Squad/Parts/Thermal/RadiatorPanels/radPanel
[LOG 18:26:28.502] Load DDS texture: Squad/Parts/Thermal/RadiatorPanels/radPanel_N_NRM
[LOG 18:26:28.504] Load DDS texture: Squad/Parts/Utility/commDish88-88/comm_dish_array
[LOG 18:26:28.504] Load DDS texture: Squad/Parts/Utility/commDish88-88/comm_dish_v2_diff
[LOG 18:26:28.504] Load DDS texture: Squad/Parts/Utility/commDish88-88/model000
[LOG 18:26:28.504] Load DDS texture: Squad/Parts/Utility/commsAntennaDTS-M1/mediumDishAntenna
[LOG 18:26:28.510] Load DDS texture: Squad/Parts/Utility/commsAntennaDTS-M1/mediumDishAntenna_Emit
[LOG 18:26:28.510] Load DDS texture: Squad/Parts/Utility/commsDish16/model000
[LOG 18:26:28.513] Load DDS texture: Squad/Parts/Utility/decouplerRadialHDM/model000
[LOG 18:26:28.513] Load DDS texture: Squad/Parts/Utility/decouplerRadialTT-38K/model000
[LOG 18:26:28.513] Load DDS texture: Squad/Parts/Utility/decouplerRadialTT-38K/model001
[LOG 18:26:28.513] Load DDS texture: Squad/Parts/Utility/decouplerRadialTT-70/model000
[LOG 18:26:28.513] Load DDS texture: Squad/Parts/Utility/DirectAntennas/MiniAntenna
[LOG 18:26:28.516] Load DDS texture: Squad/Parts/Utility/dockingPort/Arrow Pointer
[LOG 18:26:28.516] Load DDS texture: Squad/Parts/Utility/dockingPort/DockingPorts_Clampotron_Diffuse
[LOG 18:26:28.521] Load DDS texture: Squad/Parts/Utility/dockingPort/DockingPorts_Clampotron_Emissive
[LOG 18:26:28.522] Load DDS texture: Squad/Parts/Utility/dockingPort/DockingPorts_Clampotron_Normal
[LOG 18:26:28.532] Load DDS texture: Squad/Parts/Utility/dockingPortInline/Arrow Pointer
[LOG 18:26:28.532] Load DDS texture: Squad/Parts/Utility/dockingPortInline/ClampotronLinear_ClampotronLinear_Diffuse
[LOG 18:26:28.537] Load DDS texture: Squad/Parts/Utility/dockingPortInline/ClampotronLinear_ClampotronLinear_Emissive
[LOG 18:26:28.538] Load DDS texture: Squad/Parts/Utility/dockingPortInline/ClampotronLinear_ClampotronLinear_Normal
[LOG 18:26:28.547] Load DDS texture: Squad/Parts/Utility/dockingPortInline/DockingPorts_Clampotron_Diffuse
[LOG 18:26:28.556] Load DDS texture: Squad/Parts/Utility/dockingPortInline/DockingPorts_Clampotron_Emissive
[LOG 18:26:28.557] Load DDS texture: Squad/Parts/Utility/dockingPortInline/DockingPorts_Clampotron_Normal
[LOG 18:26:28.565] Load DDS texture: Squad/Parts/Utility/dockingPortJr/Arrow Pointer
[LOG 18:26:28.565] Load DDS texture: Squad/Parts/Utility/dockingPortJr/DockingPorts_ClampotronJR_Diffuse
[LOG 18:26:28.565] Load DDS texture: Squad/Parts/Utility/dockingPortJr/DockingPorts_ClampotronJR_Normal
[LOG 18:26:28.566] Load DDS texture: Squad/Parts/Utility/dockingPortJr/model000
[LOG 18:26:28.566] Load DDS texture: Squad/Parts/Utility/dockingPortShielded/Arrow Pointer
[LOG 18:26:28.566] Load DDS texture: Squad/Parts/Utility/dockingPortShielded/Clamp-O-Tron Shielded Docking Port_ClampotronShielded_Diffuse
[LOG 18:26:28.572] Load DDS texture: Squad/Parts/Utility/dockingPortShielded/Clamp-O-Tron Shielded Docking Port_ClampotronShielded_Normal
[LOG 18:26:28.578] Load DDS texture: Squad/Parts/Utility/dockingPortShielded/DockingPorts_Clampotron_Diffuse
[LOG 18:26:28.584] Load DDS texture: Squad/Parts/Utility/dockingPortShielded/DockingPorts_Clampotron_Emissive
[LOG 18:26:28.586] Load DDS texture: Squad/Parts/Utility/dockingPortShielded/DockingPorts_Clampotron_Normal
[LOG 18:26:28.592] Load DDS texture: Squad/Parts/Utility/dockingPortSr/Arrow Pointer
[LOG 18:26:28.592] Load DDS texture: Squad/Parts/Utility/dockingPortSr/ClampotronSr_ClampotronSr_Diffuse
[LOG 18:26:28.600] Load DDS texture: Squad/Parts/Utility/dockingPortSr/ClampotronSr_ClampotronSr_Diffuse_gray
[LOG 18:26:28.606] Load DDS texture: Squad/Parts/Utility/dockingPortSr/ClampotronSr_ClampotronSr_Emissive
[LOG 18:26:28.607] Load DDS texture: Squad/Parts/Utility/dockingPortSr/ClampotronSr_ClampotronSr_Normal
[LOG 18:26:28.612] Load Cached PNG Texture: Squad/Parts/Utility/Fireworks/Assets/fireworks_launcher_big 1
[LOG 18:26:28.617] Load Cached PNG Texture: Squad/Parts/Utility/Fireworks/Assets/fireworks_launcher_big
[LOG 18:26:28.622] Load Cached PNG Texture: Squad/Parts/Utility/flags/backgroundTextures/dark_background
[LOG 18:26:28.623] Load Cached PNG Texture: Squad/Parts/Utility/flags/backgroundTextures/orange_background
[LOG 18:26:28.623] Load Cached PNG Texture: Squad/Parts/Utility/flags/backgroundTextures/white_background
[LOG 18:26:28.623] Load DDS texture: Squad/Parts/Utility/GrapplingDevice/grabberDiffuse
[LOG 18:26:28.623] Load DDS texture: Squad/Parts/Utility/GrapplingDevice/grabberDiffuse_dark
[LOG 18:26:28.625] Load DDS texture: Squad/Parts/Utility/GrapplingDevice/grabberNRM
[LOG 18:26:28.626] Load DDS texture: Squad/Parts/Utility/GrapplingDevice/window
[LOG 18:26:28.626] Load DDS texture: Squad/Parts/Utility/ladderRadial/model000
[LOG 18:26:28.626] Load DDS texture: Squad/Parts/Utility/ladderTelescopic/model000
[LOG 18:26:28.626] Load DDS texture: Squad/Parts/Utility/ladderTelescopic/model001
[LOG 18:26:28.628] Load DDS texture: Squad/Parts/Utility/ladderTelescopic/model002
[LOG 18:26:28.628] Load DDS texture: Squad/Parts/Utility/ladderTelescopicBay/model000
[LOG 18:26:28.629] Load DDS texture: Squad/Parts/Utility/ladderTelescopicBay/model001
[LOG 18:26:28.631] Load DDS texture: Squad/Parts/Utility/landingLegLT-1/ksp_r_landingStrut_diff
[LOG 18:26:28.633] Load DDS texture: Squad/Parts/Utility/landingLegLT-2/landingLeg
[LOG 18:26:28.633] Load DDS texture: Squad/Parts/Utility/landingLegLT-5/leg
[LOG 18:26:28.633] Load DDS texture: Squad/Parts/Utility/landingLegLT-5/model000
[LOG 18:26:28.633] Load DDS texture: Squad/Parts/Utility/launchClamp1/model000
[LOG 18:26:28.633] Load DDS texture: Squad/Parts/Utility/launchClamp1/model001
[LOG 18:26:28.634] Load DDS texture: Squad/Parts/Utility/launchEscapeSystem/LES_Diffuse
[LOG 18:26:28.634] Load DDS texture: Squad/Parts/Utility/Lights/Assets/Lights_Attacheable_Lights_Diffuse
[LOG 18:26:28.634] Load DDS texture: Squad/Parts/Utility/Lights/Assets/Lights_Attacheable_Lights_Diffuse_white
[LOG 18:26:28.634] Load DDS texture: Squad/Parts/Utility/Lights/Assets/Lights_Attacheable_Lights_Emissive
[LOG 18:26:28.635] Load DDS texture: Squad/Parts/Utility/Lights/Assets/Lights_Attacheable_Lights_Normal
[LOG 18:26:28.635] Load DDS texture: Squad/Parts/Utility/Lights/Assets/Lights_Rectangle_Light_Diffuse
[LOG 18:26:28.640] Load DDS texture: Squad/Parts/Utility/Lights/Assets/Lights_Rectangle_Light_Diffuse_white
[LOG 18:26:28.647] Load DDS texture: Squad/Parts/Utility/Lights/Assets/Lights_Rectangle_Light_Emissive
[LOG 18:26:28.656] Load DDS texture: Squad/Parts/Utility/Lights/Assets/Lights_Rectangle_Light_Normal
[LOG 18:26:28.661] Load DDS texture: Squad/Parts/Utility/Lights/Assets/Lights_Worklights_Diffuse
[LOG 18:26:28.662] Load DDS texture: Squad/Parts/Utility/Lights/Assets/Lights_Worklights_Emissive
[LOG 18:26:28.664] Load DDS texture: Squad/Parts/Utility/Lights/Assets/Lights_Worklights_Normal
[LOG 18:26:28.666] Load DDS texture: Squad/Parts/Utility/Lights/Assets/Spotlight_Attacheable_Lights_Diffuse
[LOG 18:26:28.666] Load DDS texture: Squad/Parts/Utility/Lights/Assets/Spotlight_Attacheable_Lights_Diffuse_white
[LOG 18:26:28.667] Load DDS texture: Squad/Parts/Utility/Lights/Assets/Spotlight_Attacheable_Lights_Emissive
[LOG 18:26:28.667] Load DDS texture: Squad/Parts/Utility/Lights/Assets/Spotlight_Attacheable_Lights_Normal
[LOG 18:26:28.667] Load DDS texture: Squad/Parts/Utility/linearVernorRCS/Assets/linear_vernor_diffuse
[LOG 18:26:28.667] Load DDS texture: Squad/Parts/Utility/linearVernorRCS/Assets/linear_vernor_emissive
[LOG 18:26:28.667] Load DDS texture: Squad/Parts/Utility/linearVernorRCS/Assets/linear_vernor_normalDummy
[LOG 18:26:28.667] Load DDS texture: Squad/Parts/Utility/linearVernorRCS/Assets/linear_vernor_specular
[LOG 18:26:28.667] Load DDS texture: Squad/Parts/Utility/mk2CargoBay/mk2CargoBay
[LOG 18:26:28.668] Load DDS texture: Squad/Parts/Utility/mk2CrewCabin/mk2CrewCabin
[LOG 18:26:28.668] Load DDS texture: Squad/Parts/Utility/mk2CrewCabin/mk2CrewCabin_LUM
[LOG 18:26:28.668] Load DDS texture: Squad/Parts/Utility/mk2DockingPort/Arrow Pointer
[LOG 18:26:28.668] Load DDS texture: Squad/Parts/Utility/mk2DockingPort/Mk2Clampotron_Caps_Diffuse
[LOG 18:26:28.669] Load DDS texture: Squad/Parts/Utility/mk2DockingPort/Mk2Clampotron_Caps_Emmisive
[LOG 18:26:28.669] Load DDS texture: Squad/Parts/Utility/mk2DockingPort/Mk2Clampotron_Caps_Normal
[LOG 18:26:28.669] Load DDS texture: Squad/Parts/Utility/mk2DockingPort/Mk2Clampotron_Mk2Clampotron_Diffuse
[LOG 18:26:28.675] Load DDS texture: Squad/Parts/Utility/mk2DockingPort/Mk2Clampotron_Mk2Clampotron_Emissive
[LOG 18:26:28.675] Load DDS texture: Squad/Parts/Utility/mk2DockingPort/Mk2Clampotron_Mk2Clampotron_Normal
[LOG 18:26:28.682] Load DDS texture: Squad/Parts/Utility/mk2DockingPort/mk2DockingPort
[LOG 18:26:28.683] Load DDS texture: Squad/Parts/Utility/mk3CargoBay/Mk3CargoBay
[LOG 18:26:28.685] Load DDS texture: Squad/Parts/Utility/parachuteMk1/model000
[LOG 18:26:28.685] Load DDS texture: Squad/Parts/Utility/parachuteMk1/model001
[LOG 18:26:28.685] Load DDS texture: Squad/Parts/Utility/parachuteMk12-R/model000
[LOG 18:26:28.685] Load DDS texture: Squad/Parts/Utility/parachuteMk12-R/model001
[LOG 18:26:28.686] Load DDS texture: Squad/Parts/Utility/parachuteMk16-XL/model000
[LOG 18:26:28.686] Load DDS texture: Squad/Parts/Utility/parachuteMk16-XL/model001
[LOG 18:26:28.686] Load DDS texture: Squad/Parts/Utility/parachuteMk2-R/model000
[LOG 18:26:28.686] Load DDS texture: Squad/Parts/Utility/parachuteMk2-R/model001
[LOG 18:26:28.686] Load DDS texture: Squad/Parts/Utility/parachuteMk25/model000
[LOG 18:26:28.686] Load DDS texture: Squad/Parts/Utility/parachuteMk25/model001
[LOG 18:26:28.686] Load DDS texture: Squad/Parts/Utility/radialAttachmentPoint/model000
[LOG 18:26:28.686] Load DDS texture: Squad/Parts/Utility/radialAttachmentPoint/model001
[LOG 18:26:28.686] Load DDS texture: Squad/Parts/Utility/rcsBlockRV-105_v2/rcsBlock_diffuse
[LOG 18:26:28.687] Load DDS texture: Squad/Parts/Utility/rcsBlockRV-105_v2/rcsThrusterBlock_normal
[LOG 18:26:28.687] Load DDS texture: Squad/Parts/Utility/rcsBlockRV-105_v2/rcsThruster_emissive
[LOG 18:26:28.687] Load DDS texture: Squad/Parts/Utility/rcsBlockRV-105_v2/rcsThruster_specular
[LOG 18:26:28.687] Load DDS texture: Squad/Parts/Utility/rcsBlockRV-105_v2/RCS_Block_Diffuse
[LOG 18:26:28.688] Load DDS texture: Squad/Parts/Utility/rcsBlockRV-105_v2/RCS_Block_Emissive
[LOG 18:26:28.688] Load DDS texture: Squad/Parts/Utility/rcsBlockRV-105_v2/RCS_Block_Normal
[LOG 18:26:28.688] Load DDS texture: Squad/Parts/Utility/rcsBlockRV-105_v2/RCS_Block_Specular
[LOG 18:26:28.688] Load DDS texture: Squad/Parts/Utility/rcsSmallLinear/Assets/RCS_Linear_Base_Diffuse
[LOG 18:26:28.689] Load DDS texture: Squad/Parts/Utility/rcsSmallLinear/Assets/RCS_Linear_Diffuse
[LOG 18:26:28.689] Load DDS texture: Squad/Parts/Utility/rcsSmallLinear/Assets/RCS_Linear_Emissive
[LOG 18:26:28.689] Load DDS texture: Squad/Parts/Utility/rcsSmallLinear/Assets/RCS_Linear_Normal
[LOG 18:26:28.689] Load DDS texture: Squad/Parts/Utility/rcsSmallLinear/Assets/RCS_Linear_Specular
[LOG 18:26:28.689] Load DDS texture: Squad/Parts/Utility/RelayAntennas/DishAntenna
[LOG 18:26:28.690] Load DDS texture: Squad/Parts/Utility/RelayAntennas/MiniAntenna
[LOG 18:26:28.690] Load DDS texture: Squad/Parts/Utility/rockomaxAdapters/Assets/Rockomax_Adapters_diffuse
[LOG 18:26:28.692] Load DDS texture: Squad/Parts/Utility/rockomaxAdapters/Assets/Rockomax_Adapters_diffuse_O
[LOG 18:26:28.694] Load DDS texture: Squad/Parts/Utility/rockomaxAdapters/Assets/Rockomax_Adapters_diffuse_W
[LOG 18:26:28.696] Load DDS texture: Squad/Parts/Utility/rockomaxAdapters/Assets/Rockomax_Adapters_normal
[LOG 18:26:28.697] Load DDS texture: Squad/Parts/Utility/rockomaxAdapters/Assets/Rockomax_Adapters_normal_O
[LOG 18:26:28.701] Load DDS texture: Squad/Parts/Utility/ServiceBay/ServiceBay
[LOG 18:26:28.701] Load Cached PNG Texture: Squad/Parts/Utility/ServiceBay_v2/Assets/Scratch
[LOG 18:26:28.702] Load Cached PNG Texture: Squad/Parts/Utility/ServiceBay_v2/Assets/ServiceBay_bump
[LOG 18:26:28.703] Load Cached PNG Texture: Squad/Parts/Utility/ServiceBay_v2/Assets/ServiceBay_v2
[LOG 18:26:28.704] Load DDS texture: Squad/Parts/Utility/smallClaw/grabberSmallDiffuse
[LOG 18:26:28.704] Load DDS texture: Squad/Parts/Utility/smallClaw/grabberSmallDiffuseDark
[LOG 18:26:28.704] Load DDS texture: Squad/Parts/Utility/smallClaw/grabberSmallNRM
[LOG 18:26:28.704] Load DDS texture: Squad/Parts/Utility/smallClaw/window
[LOG 18:26:28.704] Load DDS texture: Squad/Parts/Utility/spotLightMk1/light1
[LOG 18:26:28.704] Load DDS texture: Squad/Parts/Utility/spotLightMk1/light1_em
[LOG 18:26:28.705] Load DDS texture: Squad/Parts/Utility/spotLightMk1_v2/spotLightMk1_Diffuse
[LOG 18:26:28.705] Load DDS texture: Squad/Parts/Utility/spotLightMk1_v2/spotLightMk1_Diffuse_white
[LOG 18:26:28.705] Load DDS texture: Squad/Parts/Utility/spotLightMk1_v2/spotLightMk1_Emissive
[LOG 18:26:28.705] Load DDS texture: Squad/Parts/Utility/spotLightMk1_v2/spotLightMk1_Normal
[LOG 18:26:28.705] Load DDS texture: Squad/Parts/Utility/spotLightMk2/light2
[LOG 18:26:28.705] Load DDS texture: Squad/Parts/Utility/spotLightMk2/light2_em
[LOG 18:26:28.705] Load DDS texture: Squad/Parts/Utility/spotLightMk2_v2/spotLightMk2_Diffuse
[LOG 18:26:28.706] Load DDS texture: Squad/Parts/Utility/spotLightMk2_v2/spotLightMk2_Diffuse_white
[LOG 18:26:28.706] Load DDS texture: Squad/Parts/Utility/spotLightMk2_v2/spotLightMk2_Emissive
[LOG 18:26:28.706] Load DDS texture: Squad/Parts/Utility/spotLightMk2_v2/spotLightMk2_Normal
[LOG 18:26:28.707] Load DDS texture: Squad/Parts/Utility/stackCouplers/Assets/stackCouplersDiffuse
[LOG 18:26:28.708] Load DDS texture: Squad/Parts/Utility/stackCouplers/Assets/stackCouplersDiffuse_Dark
[LOG 18:26:28.709] Load DDS texture: Squad/Parts/Utility/stackCouplers/Assets/stackCouplersDiffuse_Orange
[LOG 18:26:28.711] Load DDS texture: Squad/Parts/Utility/stackCouplers/Assets/stackCouplers_NRM
[LOG 18:26:28.712] Load DDS texture: Squad/Parts/Utility/stackCouplers/Assets/stackCouplers_Orange_NRM
[LOG 18:26:28.713] Load DDS texture: Squad/Parts/Wheel/LandingGear/Flare
[LOG 18:26:28.714] Load DDS texture: Squad/Parts/Wheel/LandingGear/LandingGear
[LOG 18:26:28.715] Load DDS texture: Squad/Parts/Wheel/LandingGear/LandingGear_Emissive
[LOG 18:26:28.715] Load DDS texture: Squad/Parts/Wheel/roverWheelM1/model000
[LOG 18:26:28.715] Load DDS texture: Squad/Parts/Wheel/roverWheelM1/roverwheel1
[LOG 18:26:28.715] Load DDS texture: Squad/Parts/Wheel/roverWheelS2/model000
[LOG 18:26:28.720] Load DDS texture: Squad/Parts/Wheel/roverWheelS2/model001
[LOG 18:26:28.721] Load DDS texture: Squad/Parts/Wheel/roverWheelS2/roverwheel2
[LOG 18:26:28.724] Load DDS texture: Squad/Parts/Wheel/roverWheelS2/roverwheel2_n
[LOG 18:26:28.724] Load DDS texture: Squad/Parts/Wheel/roverWheelTR-2L/ksp_r_medWheel_diff
[LOG 18:26:28.725] Load DDS texture: Squad/Parts/Wheel/roverWheelTR-2L/ksp_r_medWheel_normal
[LOG 18:26:28.726] Load DDS texture: Squad/Parts/Wheel/roverWheelTR-2L/ksp_r_medWheel_wheel_diff
[LOG 18:26:28.727] Load DDS texture: Squad/Parts/Wheel/roverWheelTR-2L/ksp_r_medWheel_wheel_normal
[LOG 18:26:28.728] Load DDS texture: Squad/Parts/Wheel/roverWheelXL3/mount
[LOG 18:26:28.729] Load DDS texture: Squad/Parts/Wheel/roverWheelXL3/mount_n
[LOG 18:26:28.733] Load DDS texture: Squad/Parts/Wheel/roverWheelXL3/wheel
[LOG 18:26:28.734] Load DDS texture: Squad/Parts/Wheel/roverWheelXL3/wheel_n
[LOG 18:26:28.734] Load DDS texture: Squad/Props/AltimeterThreeHands/model000
[LOG 18:26:28.734] Load DDS texture: Squad/Props/AltimeterThreeHands/model001
[LOG 18:26:28.734] Load DDS texture: Squad/Props/AtmosphereDepth/model000
[LOG 18:26:28.734] Load DDS texture: Squad/Props/AtmosphereDepth/model001
[LOG 18:26:28.734] Load DDS texture: Squad/Props/AxisIndicator/model000
[LOG 18:26:28.734] Load DDS texture: Squad/Props/buttonsGeneric/ButtonsAndSwitches
[LOG 18:26:28.735] Load DDS texture: Squad/Props/ButtonSquare/model000
[LOG 18:26:28.735] Load DDS texture: Squad/Props/circularButton/model000
[LOG 18:26:28.735] Load DDS texture: Squad/Props/Compass/model000
[LOG 18:26:28.735] Load DDS texture: Squad/Props/directionalKnob/model000
[LOG 18:26:28.736] Load DDS texture: Squad/Props/directionalKnob2/model000
[LOG 18:26:28.736] Load DDS texture: Squad/Props/IndicatorPanel/model000
[LOG 18:26:28.738] Load DDS texture: Squad/Props/IndicatorPanel/model001
[LOG 18:26:28.738] Load DDS texture: Squad/Props/IVANavBall/Arrows8dir
[LOG 18:26:28.738] Load DDS texture: Squad/Props/IVANavBall/IVANavBall
[LOG 18:26:28.738] Load DDS texture: Squad/Props/IVANavBall/IVANavBall_Glow
[LOG 18:26:28.738] Load DDS texture: Squad/Props/IVANavBall/ManeuverNode_vectors
[LOG 18:26:28.738] Load DDS texture: Squad/Props/IVANavBall/navball2
[LOG 18:26:28.738] Load DDS texture: Squad/Props/IVANavBall/navBall_DV_IVA
[LOG 18:26:28.738] Load DDS texture: Squad/Props/IVANavBall/navBall_vectors_IVA
[LOG 18:26:28.738] Load Cached PNG Texture: Squad/Props/IVANavBallNoBase/Arrows8dir
[LOG 18:26:28.738] Load Cached PNG Texture: Squad/Props/IVANavBallNoBase/IVANavBall
[LOG 18:26:28.741] Load Cached PNG Texture: Squad/Props/IVANavBallNoBase/ManeuverNode_vectors
[LOG 18:26:28.741] Load Cached PNG Texture: Squad/Props/IVANavBallNoBase/navball2
[LOG 18:26:28.741] Load Cached PNG Texture: Squad/Props/IVANavBallNoBase/navBall_DV_IVA
[LOG 18:26:28.741] Load Cached PNG Texture: Squad/Props/IVANavBallNoBase/navBall_vectors_IVA
[LOG 18:26:28.741] Load DDS texture: Squad/Props/ledPanelSpeed/circularButton
[LOG 18:26:28.741] Load DDS texture: Squad/Props/ledPanelSpeed/ledPanel
[LOG 18:26:28.741] Load DDS texture: Squad/Props/Monitor/Emissives
[LOG 18:26:28.741] Load DDS texture: Squad/Props/Monitor/Emissives_glow
[LOG 18:26:28.741] Load DDS texture: Squad/Props/Monitor/Monitor
[LOG 18:26:28.741] Load DDS texture: Squad/Props/NavBall/GaugeGee
[LOG 18:26:28.741] Load DDS texture: Squad/Props/NavBall/GaugeThrottle
[LOG 18:26:28.742] Load DDS texture: Squad/Props/NavBall/model000
[LOG 18:26:28.742] Load DDS texture: Squad/Props/NavBall/model001
[LOG 18:26:28.742] Load DDS texture: Squad/Props/NavBall/model002
[LOG 18:26:28.742] Load DDS texture: Squad/Props/NavBall/model003
[LOG 18:26:28.744] Load DDS texture: Squad/Props/PropsGeneric/propsGeneric
[LOG 18:26:28.744] Load DDS texture: Squad/Props/pullSwitch/model000
[LOG 18:26:28.744] Load DDS texture: Squad/Props/pullSwitch/model001
[LOG 18:26:28.744] Load DDS texture: Squad/Props/radarAltitude/model000
[LOG 18:26:28.744] Load DDS texture: Squad/Props/squareButton/model000
[LOG 18:26:28.745] Load DDS texture: Squad/Props/standingSwitch/model000
[LOG 18:26:28.745] Load DDS texture: Squad/Props/standingSwitch/model001
[LOG 18:26:28.745] Load DDS texture: Squad/Props/switch/model000
[LOG 18:26:28.745] Load DDS texture: Squad/Props/switchGuard/model000
[LOG 18:26:28.745] Load DDS texture: Squad/Props/switchWithGuards/model000
[LOG 18:26:28.745] Load DDS texture: Squad/Props/switchWithGuards/model001
[LOG 18:26:28.745] Load DDS texture: Squad/Props/switchWithGuards/model002
[LOG 18:26:28.745] Load DDS texture: Squad/Props/throttle/model000
[LOG 18:26:28.745] Load DDS texture: Squad/Props/throttle/model001
[LOG 18:26:28.746] Load DDS texture: Squad/Props/VSI/model000
[LOG 18:26:28.747] Load DDS texture: Squad/Spaces/crewCabinInternals/model000
[LOG 18:26:28.747] Load DDS texture: Squad/Spaces/crewCabinInternals/model001
[LOG 18:26:28.755] Load DDS texture: Squad/Spaces/crewCabinInternals/model002
[LOG 18:26:28.755] Load DDS texture: Squad/Spaces/crewCabinInternals/model003
[LOG 18:26:28.759] Load DDS texture: Squad/Spaces/crewCabinInternals/model004
[LOG 18:26:28.759] Load DDS texture: Squad/Spaces/crewCabinInternals/model005
[LOG 18:26:28.759] Load DDS texture: Squad/Spaces/cupolaInternal/ksp_l_cupola_internal_diff
[LOG 18:26:28.763] Load DDS texture: Squad/Spaces/cupolaInternal/ksp_l_cupola_internal_normal
[LOG 18:26:28.772] Load DDS texture: Squad/Spaces/cupolaInternal/ksp_l_cupola_internal_windows_alpha
[LOG 18:26:28.773] Load DDS texture: Squad/Spaces/cupolaInternal/pilot Seat
[LOG 18:26:28.774] Load DDS texture: Squad/Spaces/GenericSpace1/model000
[LOG 18:26:28.775] Load DDS texture: Squad/Spaces/GenericSpace1/model001
[LOG 18:26:28.777] Load DDS texture: Squad/Spaces/GenericSpace1/model002
[LOG 18:26:28.778] Load DDS texture: Squad/Spaces/GenericSpace1/model003
[LOG 18:26:28.780] Load DDS texture: Squad/Spaces/GenericSpace1/model004
[LOG 18:26:28.780] Load DDS texture: Squad/Spaces/GenericSpace1/model005
[LOG 18:26:28.781] Load DDS texture: Squad/Spaces/GenericSpace3/model000
[LOG 18:26:28.783] Load DDS texture: Squad/Spaces/GenericSpace3/model001
[LOG 18:26:28.783] Load DDS texture: Squad/Spaces/GenericSpace3/model002
[LOG 18:26:28.784] Load DDS texture: Squad/Spaces/GenericSpace3/model003
[LOG 18:26:28.785] Load DDS texture: Squad/Spaces/GenericSpace3/model004
[LOG 18:26:28.786] Load DDS texture: Squad/Spaces/GenericSpace3/model005
[LOG 18:26:28.787] Load DDS texture: Squad/Spaces/GenericSpace3/model006
[LOG 18:26:28.788] Load DDS texture: Squad/Spaces/GenericSpace3/model007
[LOG 18:26:28.789] Load DDS texture: Squad/Spaces/landerCabinInternals/model000
[LOG 18:26:28.790] Load DDS texture: Squad/Spaces/landerCabinInternals/model001
[LOG 18:26:28.791] Load DDS texture: Squad/Spaces/landerCabinInternals/model002
[LOG 18:26:28.793] Load DDS texture: Squad/Spaces/landerCabinInternals/model003
[LOG 18:26:28.797] Load DDS texture: Squad/Spaces/landerCabinInternals/model004
[LOG 18:26:28.798] Load DDS texture: Squad/Spaces/landerCabinInternals/model005
[LOG 18:26:28.799] Load DDS texture: Squad/Spaces/landerCabinInternals/model006
[LOG 18:26:28.800] Load DDS texture: Squad/Spaces/landerCabinInternals/model007
[LOG 18:26:28.800] Load DDS texture: Squad/Spaces/landerCabinSmallInternal/ksp_s_landerCan_internal_diff
[LOG 18:26:28.806] Load DDS texture: Squad/Spaces/landerCabinSmallInternal/ksp_s_landerCan_internal_normal
[LOG 18:26:28.812] Load DDS texture: Squad/Spaces/landerCabinSmallInternal/ksp_s_landerCan_internal_window_alpha
[LOG 18:26:28.813] Load DDS texture: Squad/Spaces/landerCabinSmallInternal/pilot Seat
[LOG 18:26:28.815] Load DDS texture: Squad/Spaces/LargeCrewedLabInternals/Glass
[LOG 18:26:28.815] Load DDS texture: Squad/Spaces/LargeCrewedLabInternals/MPL_Int
[LOG 18:26:28.822] Load DDS texture: Squad/Spaces/LargeCrewedLabInternals/MPL_Int_n_NRM
[LOG 18:26:28.822] Load DDS texture: Squad/Spaces/Mk1-3/Mk1_3_IvaProps_Diffuse
[LOG 18:26:28.826] Load DDS texture: Squad/Spaces/Mk1-3/Mk1_3_IvaProps_Normal
[LOG 18:26:28.831] Load DDS texture: Squad/Spaces/Mk1-3/Mk1_3_IvaShell_Diffuse
[LOG 18:26:28.836] Load DDS texture: Squad/Spaces/Mk1-3/Mk1_3_IvaShell_Emissive
[LOG 18:26:28.844] Load DDS texture: Squad/Spaces/Mk1-3/Mk1_3_IvaShell_Normal
[LOG 18:26:28.849] Load DDS texture: Squad/Spaces/Mk1-3/pilot Seat
[LOG 18:26:28.851] Load DDS texture: Squad/Spaces/mk1CabinInternal/Cabin_Lightmap
[LOG 18:26:28.852] Load DDS texture: Squad/Spaces/mk1CabinInternal/CockpitGeneric
[LOG 18:26:28.852] Load DDS texture: Squad/Spaces/mk1CabinInternal/CockpitGeneric_NRM
[LOG 18:26:28.852] Load DDS texture: Squad/Spaces/mk1CockpitInternal/CockpitGeneric
[LOG 18:26:28.852] Load DDS texture: Squad/Spaces/mk1CockpitInternal/CockpitGeneric_NRM
[LOG 18:26:28.852] Load DDS texture: Squad/Spaces/mk1CockpitInternal/IVAMAP
[LOG 18:26:28.853] Load DDS texture: Squad/Spaces/mk1CockpitInternal/Windows
[LOG 18:26:28.853] Load DDS texture: Squad/Spaces/mk1InlineInternal/Canopy
[LOG 18:26:28.854] Load DDS texture: Squad/Spaces/mk1InlineInternal/CockpitGeneric
[LOG 18:26:28.855] Load DDS texture: Squad/Spaces/mk1InlineInternal/CockpitGeneric_NRM
[LOG 18:26:28.855] Load DDS texture: Squad/Spaces/mk1InlineInternal/Mk1Inline_Lightmap
[LOG 18:26:28.855] Load DDS texture: Squad/Spaces/mk1PodCockpit/model000
[LOG 18:26:28.856] Load DDS texture: Squad/Spaces/mk1PodCockpit/model001
[LOG 18:26:28.857] Load DDS texture: Squad/Spaces/mk1PodCockpit/model002
[LOG 18:26:28.858] Load DDS texture: Squad/Spaces/mk1PodCockpit/model003
[LOG 18:26:28.860] Load DDS texture: Squad/Spaces/mk1PodCockpit/model004
[LOG 18:26:28.863] Load DDS texture: Squad/Spaces/mk1PodCockpit/model005
[LOG 18:26:28.863] Load DDS texture: Squad/Spaces/mk1PodCockpit/model006
[LOG 18:26:28.864] Load DDS texture: Squad/Spaces/mk1PodCockpit/model007
[LOG 18:26:28.864] Load DDS texture: Squad/Spaces/mk1pod_IVA/mk1pod_iva_props_diffuse
[LOG 18:26:28.870] Load DDS texture: Squad/Spaces/mk1pod_IVA/mk1pod_iva_props_emissive
[LOG 18:26:28.872] Load DDS texture: Squad/Spaces/mk1pod_IVA/mk1pod_iva_props_normal
[LOG 18:26:28.879] Load DDS texture: Squad/Spaces/mk1pod_IVA/mk1pod_iva_shell_diffuse
[LOG 18:26:28.885] Load DDS texture: Squad/Spaces/mk1pod_IVA/mk1pod_iva_shell_normal
[LOG 18:26:28.896] Load MBM texture: Squad/Spaces/mk1pod_IVA/pilot Seat
[LOG 18:26:28.954] Load DDS texture: Squad/Spaces/mk2CockpitStandardInternal/CargoBagA
[LOG 18:26:28.954] Load DDS texture: Squad/Spaces/mk2CockpitStandardInternal/Mk2StandardIVA
[LOG 18:26:28.954] Load DDS texture: Squad/Spaces/mk2CockpitStandardInternal/Pilotseat
[LOG 18:26:28.955] Load DDS texture: Squad/Spaces/mk2CockpitStandardInternal/Windows
[LOG 18:26:28.955] Load DDS texture: Squad/Spaces/Mk2CrewCabinInternal/CargoBagA
[LOG 18:26:28.955] Load DDS texture: Squad/Spaces/Mk2CrewCabinInternal/Glass
[LOG 18:26:28.955] Load DDS texture: Squad/Spaces/Mk2CrewCabinInternal/Mk2StandardIVA
[LOG 18:26:28.956] Load DDS texture: Squad/Spaces/Mk2CrewCabinInternal/Pilotseat
[LOG 18:26:28.956] Load DDS texture: Squad/Spaces/mk2InlineInternal/CockpitGeneric
[LOG 18:26:28.956] Load DDS texture: Squad/Spaces/mk2InlineInternal/CockpitGeneric_NRM
[LOG 18:26:28.958] Load DDS texture: Squad/Spaces/mk2InlineInternal/Mk2InlineLightmap
[LOG 18:26:28.959] Load DDS texture: Squad/Spaces/mk2InlineInternal/propsGeneric
[LOG 18:26:28.960] Load DDS texture: Squad/Spaces/mk2LanderCanInternal/mk2LanderCan_props_diffuse
[LOG 18:26:28.966] Load DDS texture: Squad/Spaces/mk2LanderCanInternal/mk2LanderCan_props_normal
[LOG 18:26:28.973] Load DDS texture: Squad/Spaces/mk2LanderCanInternal/mk2LanderCan_shell_diffuse
[LOG 18:26:28.980] Load DDS texture: Squad/Spaces/mk2LanderCanInternal/mk2LanderCan_shell_normal
[LOG 18:26:28.988] Load MBM texture: Squad/Spaces/mk2LanderCanInternal/pilot Seat
[LOG 18:26:29.031] Load DDS texture: Squad/Spaces/MK3CockpitInternal/Glass
[LOG 18:26:29.031] Load DDS texture: Squad/Spaces/MK3CockpitInternal/Mk2StandardIVA
[LOG 18:26:29.031] Load DDS texture: Squad/Spaces/MK3_CrewCab_Int/Glass
[LOG 18:26:29.031] Load DDS texture: Squad/Spaces/MK3_CrewCab_Int/GlassMK3CC
[LOG 18:26:29.032] Load DDS texture: Squad/Spaces/MK3_CrewCab_Int/Mk2StandardIVA
[LOG 18:26:29.032] Load DDS texture: Squad/Spaces/MK3_CrewCab_Int/MK3_CrewCab_Int
[LOG 18:26:29.032] Load DDS texture: Squad/Spaces/MK3_CrewCab_Int/MK3_CrewCab_Int_n
[LOG 18:26:29.032] Load DDS texture: Squad/Spaces/MK3_CrewCab_Int/Pilotseat
[LOG 18:26:29.033] Load DDS texture: Squad/Spaces/Placeholder/PlaceholderIVA
[LOG 18:26:29.033] Load DDS texture: Squad/Spaces/PodCockpit/model000
[LOG 18:26:29.034] Load DDS texture: Squad/Spaces/PodCockpit/model001
[LOG 18:26:29.035] Load DDS texture: Squad/Spaces/PodCockpit/model002
[LOG 18:26:29.037] Load DDS texture: Squad/Spaces/PodCockpit/model003
[LOG 18:26:29.038] Load DDS texture: Squad/Spaces/PodCockpit/model004
[LOG 18:26:29.039] Load DDS texture: Squad/Spaces/PodCockpit/model005
[LOG 18:26:29.041] Load DDS texture: Squad/Spaces/PodCockpit/model006
[LOG 18:26:29.042] Load DDS texture: Squad/Spaces/PodCockpit/model007
[LOG 18:26:29.043] Load DDS texture: Squad/Spaces/sharedAssets/CockpitGeneric
[LOG 18:26:29.044] Load DDS texture: Squad/Spaces/sharedAssets/CockpitGeneric_NRM
[LOG 18:26:29.046] Load Cached PNG Texture: Squad/Strategies/Icons/AggressiveNegotiations
[LOG 18:26:29.046] Load Cached PNG Texture: Squad/Strategies/Icons/AppreciationCampaign
[LOG 18:26:29.046] Load Cached PNG Texture: Squad/Strategies/Icons/BailOutGrant
[LOG 18:26:29.046] Load Cached PNG Texture: Squad/Strategies/Icons/FundraisingCampaign
[LOG 18:26:29.049] Load Cached PNG Texture: Squad/Strategies/Icons/LeadershipInitiative
[LOG 18:26:29.049] Load Cached PNG Texture: Squad/Strategies/Icons/OpenSourceTechProgram
[LOG 18:26:29.049] Load Cached PNG Texture: Squad/Strategies/Icons/OutsourcedResearch
[LOG 18:26:29.049] Load Cached PNG Texture: Squad/Strategies/Icons/PatentsLicensing
[LOG 18:26:29.050] Load Cached PNG Texture: Squad/Strategies/Icons/RecoveryTransponderFitting
[LOG 18:26:29.052] Load Cached PNG Texture: Squad/Strategies/Icons/ResearchRightsSellOut
[LOG 18:26:29.052] Load Cached PNG Texture: Squad/Strategies/Icons/UnpaidResearchProgram
[LOG 18:26:29.052] Load Cached PNG Texture: Squad/Tutorials/ChuteColors
[LOG 18:26:29.052] Load DDS texture: Squad/Tutorials/EditorCoM
[LOG 18:26:29.052] Load Cached PNG Texture: Squad/Tutorials/EditorSnap
[LOG 18:26:29.052] Load Cached PNG Texture: Squad/Tutorials/EditorSnap4x
[LOG 18:26:29.052] Load Cached PNG Texture: Squad/Tutorials/EditorSymm
[LOG 18:26:29.052] Load Cached PNG Texture: Squad/Tutorials/StagingStack
[LOG 18:26:29.052] Load PNG texture: Squad/Tutorials/YPRDiagram
[WRN 18:26:29.053] Texture isn't eligible for DXT compression, width and height must be multiples of 4
[LOG 18:26:29.053] Load Cached PNG Texture: SquadExpansion/MakingHistory/Banners/Fail/default
[LOG 18:26:29.053] Load Cached PNG Texture: SquadExpansion/MakingHistory/Banners/Fail/fail01
[LOG 18:26:29.054] Load Cached PNG Texture: SquadExpansion/MakingHistory/Banners/Fail/fail02
[LOG 18:26:29.054] Load PNG texture: SquadExpansion/MakingHistory/Banners/Menu/default
[WRN 18:26:29.057] Texture isn't eligible for DXT compression, width and height must be multiples of 4
[LOG 18:26:29.058] Load PNG texture: SquadExpansion/MakingHistory/Banners/Menu/MBanner_01
[WRN 18:26:29.061] Texture isn't eligible for DXT compression, width and height must be multiples of 4
[LOG 18:26:29.061] Load PNG texture: SquadExpansion/MakingHistory/Banners/Menu/MBanner_02
[WRN 18:26:29.066] Texture isn't eligible for DXT compression, width and height must be multiples of 4
[LOG 18:26:29.068] Load PNG texture: SquadExpansion/MakingHistory/Banners/Menu/MBanner_03
[WRN 18:26:29.073] Texture isn't eligible for DXT compression, width and height must be multiples of 4
[LOG 18:26:29.073] Load Cached PNG Texture: SquadExpansion/MakingHistory/Banners/Success/default
[LOG 18:26:29.073] Load Cached PNG Texture: SquadExpansion/MakingHistory/Banners/Success/success01
[LOG 18:26:29.073] Load Cached PNG Texture: SquadExpansion/MakingHistory/Banners/Success/success02
[LOG 18:26:29.073] Load Cached PNG Texture: SquadExpansion/MakingHistory/Missions/Acapello 13/Banners/Fail/fail01
[LOG 18:26:29.073] Load PNG texture: SquadExpansion/MakingHistory/Missions/Acapello 13/Banners/Menu/Mun
[WRN 18:26:29.077] Texture isn't eligible for DXT compression, width and height must be multiples of 4
[LOG 18:26:29.077] Load Cached PNG Texture: SquadExpansion/MakingHistory/Missions/Acapello 13/Banners/Success/success01
[LOG 18:26:29.078] Load Cached PNG Texture: SquadExpansion/MakingHistory/Missions/Acapello 15/Banners/Fail/default
[LOG 18:26:29.078] Load Cached PNG Texture: SquadExpansion/MakingHistory/Missions/Acapello 15/Banners/Fail/fail02
[LOG 18:26:29.078] Load PNG texture: SquadExpansion/MakingHistory/Missions/Acapello 15/Banners/Menu/default
[WRN 18:26:29.082] Texture isn't eligible for DXT compression, width and height must be multiples of 4
[LOG 18:26:29.084] Load Cached PNG Texture: SquadExpansion/MakingHistory/Missions/Acapello 15/Banners/Success/default
[LOG 18:26:29.084] Load Cached PNG Texture: SquadExpansion/MakingHistory/Missions/Blue Mun/Banners/Fail/fail01
[LOG 18:26:29.084] Load PNG texture: SquadExpansion/MakingHistory/Missions/Blue Mun/Banners/Menu/default
[WRN 18:26:29.088] Texture isn't eligible for DXT compression, width and height must be multiples of 4
[LOG 18:26:29.088] Load Cached PNG Texture: SquadExpansion/MakingHistory/Missions/Blue Mun/Banners/Success/success02
[LOG 18:26:29.088] Load Cached PNG Texture: SquadExpansion/MakingHistory/Missions/Dawn of the Space Age/Banners/Fail/default
[LOG 18:26:29.088] Load PNG texture: SquadExpansion/MakingHistory/Missions/Dawn of the Space Age/Banners/Menu/default
[WRN 18:26:29.091] Texture isn't eligible for DXT compression, width and height must be multiples of 4
[LOG 18:26:29.091] Load Cached PNG Texture: SquadExpansion/MakingHistory/Missions/Dawn of the Space Age/Banners/Success/default
[LOG 18:26:29.092] Load Cached PNG Texture: SquadExpansion/MakingHistory/Missions/Meet Me in Zero G/Banners/Fail/default
[LOG 18:26:29.092] Load Cached PNG Texture: SquadExpansion/MakingHistory/Missions/Meet Me in Zero G/Banners/Fail/fail01
[LOG 18:26:29.092] Load PNG texture: SquadExpansion/MakingHistory/Missions/Meet Me in Zero G/Banners/Menu/default
[WRN 18:26:29.095] Texture isn't eligible for DXT compression, width and height must be multiples of 4
[LOG 18:26:29.095] Load Cached PNG Texture: SquadExpansion/MakingHistory/Missions/Meet Me in Zero G/Banners/Success/default
[LOG 18:26:29.095] Load Cached PNG Texture: SquadExpansion/MakingHistory/Missions/Meet Me in Zero G/Banners/Success/success02
[LOG 18:26:29.095] Load Cached PNG Texture: SquadExpansion/MakingHistory/Missions/Munar 1/Banners/Fail/default
[LOG 18:26:29.096] Load Cached PNG Texture: SquadExpansion/MakingHistory/Missions/Munar 1/Banners/Fail/fail02
[LOG 18:26:29.096] Load PNG texture: SquadExpansion/MakingHistory/Missions/Munar 1/Banners/Menu/default
[WRN 18:26:29.099] Texture isn't eligible for DXT compression, width and height must be multiples of 4
[LOG 18:26:29.102] Load Cached PNG Texture: SquadExpansion/MakingHistory/Missions/Munar 1/Banners/Success/default
[LOG 18:26:29.102] Load Cached PNG Texture: SquadExpansion/MakingHistory/Missions/Munar 1/Banners/Success/success01
[LOG 18:26:29.102] Load Cached PNG Texture: SquadExpansion/MakingHistory/Missions/Sally-Hut 1/Banners/Fail/default
[LOG 18:26:29.102] Load Cached PNG Texture: SquadExpansion/MakingHistory/Missions/Sally-Hut 1/Banners/Fail/fail01
[LOG 18:26:29.102] Load Cached PNG Texture: SquadExpansion/MakingHistory/Missions/Sally-Hut 1/Banners/Menu/bannerSatellite
[LOG 18:26:29.103] Load Cached PNG Texture: SquadExpansion/MakingHistory/Missions/Sally-Hut 1/Banners/Success/default
[LOG 18:26:29.103] Load Cached PNG Texture: SquadExpansion/MakingHistory/Missions/Sally-Hut 1/Banners/Success/success02
[LOG 18:26:29.103] Load Cached PNG Texture: SquadExpansion/MakingHistory/Missions/To the Mun Via Minmus/Banners/Fail/fail02
[LOG 18:26:29.103] Load PNG texture: SquadExpansion/MakingHistory/Missions/To the Mun Via Minmus/Banners/Menu/MissionBannerKerbin
[WRN 18:26:29.107] Texture isn't eligible for DXT compression, width and height must be multiples of 4
[LOG 18:26:29.107] Load Cached PNG Texture: SquadExpansion/MakingHistory/Missions/To the Mun Via Minmus/Banners/Success/success01
[LOG 18:26:29.107] Load Cached PNG Texture: SquadExpansion/MakingHistory/Missions/Trouble in the Void/Banners/Fail/fail01
[LOG 18:26:29.107] Load PNG texture: SquadExpansion/MakingHistory/Missions/Trouble in the Void/Banners/Menu/default
[WRN 18:26:29.109] Texture isn't eligible for DXT compression, width and height must be multiples of 4
[LOG 18:26:29.110] Load Cached PNG Texture: SquadExpansion/MakingHistory/Missions/Trouble in the Void/Banners/Success/success02
[LOG 18:26:29.111] Load Cached PNG Texture: SquadExpansion/MakingHistory/Missions/Ziggy Kerman and the Spiders from Duna/Banners/Fail/fail02
[LOG 18:26:29.111] Load Cached PNG Texture: SquadExpansion/MakingHistory/Missions/Ziggy Kerman and the Spiders from Duna/Banners/Menu/bannerSatellite
[LOG 18:26:29.111] Load Cached PNG Texture: SquadExpansion/MakingHistory/Missions/Ziggy Kerman and the Spiders from Duna/Banners/Success/success01
[LOG 18:26:29.114] Load Cached PNG Texture: SquadExpansion/MakingHistory/Parts/@thumbs/Decoupler.1p5_icon0
[LOG 18:26:29.114] Load Cached PNG Texture: SquadExpansion/MakingHistory/Parts/@thumbs/Decoupler.1p5_icon1
[LOG 18:26:29.114] Load Cached PNG Texture: SquadExpansion/MakingHistory/Parts/@thumbs/EquiTriangle0_icon0
[LOG 18:26:29.114] Load Cached PNG Texture: SquadExpansion/MakingHistory/Parts/@thumbs/EquiTriangle0_icon1
[LOG 18:26:29.114] Load Cached PNG Texture: SquadExpansion/MakingHistory/Parts/@thumbs/EquiTriangle0_icon2
[LOG 18:26:29.114] Load Cached PNG Texture: SquadExpansion/MakingHistory/Parts/@thumbs/EquiTriangle0_icon3
[LOG 18:26:29.114] Load Cached PNG Texture: SquadExpansion/MakingHistory/Parts/@thumbs/EquiTriangle1p5_icon0
[LOG 18:26:29.114] Load Cached PNG Texture: SquadExpansion/MakingHistory/Parts/@thumbs/EquiTriangle1p5_icon1
[LOG 18:26:29.115] Load Cached PNG Texture: SquadExpansion/MakingHistory/Parts/@thumbs/EquiTriangle1p5_icon2
[LOG 18:26:29.115] Load Cached PNG Texture: SquadExpansion/MakingHistory/Parts/@thumbs/EquiTriangle1p5_icon3
[LOG 18:26:29.115] Load Cached PNG Texture: SquadExpansion/MakingHistory/Parts/@thumbs/EquiTriangle1_icon0
[LOG 18:26:29.115] Load Cached PNG Texture: SquadExpansion/MakingHistory/Parts/@thumbs/EquiTriangle1_icon1
[LOG 18:26:29.115] Load Cached PNG Texture: SquadExpansion/MakingHistory/Parts/@thumbs/EquiTriangle1_icon2
[LOG 18:26:29.115] Load Cached PNG Texture: SquadExpansion/MakingHistory/Parts/@thumbs/EquiTriangle1_icon3
[LOG 18:26:29.115] Load Cached PNG Texture: SquadExpansion/MakingHistory/Parts/@thumbs/EquiTriangle2_icon0
[LOG 18:26:29.115] Load Cached PNG Texture: SquadExpansion/MakingHistory/Parts/@thumbs/EquiTriangle2_icon1
[LOG 18:26:29.115] Load Cached PNG Texture: SquadExpansion/MakingHistory/Parts/@thumbs/EquiTriangle2_icon2
[LOG 18:26:29.115] Load Cached PNG Texture: SquadExpansion/MakingHistory/Parts/@thumbs/EquiTriangle2_icon3
[LOG 18:26:29.115] Load Cached PNG Texture: SquadExpansion/MakingHistory/Parts/@thumbs/HeatShield1p5_icon
[LOG 18:26:29.115] Load Cached PNG Texture: SquadExpansion/MakingHistory/Parts/@thumbs/InflatableAirlock_icon
[LOG 18:26:29.116] Load Cached PNG Texture: SquadExpansion/MakingHistory/Parts/@thumbs/LiquidEngineRV-1_icon
[LOG 18:26:29.116] Load Cached PNG Texture: SquadExpansion/MakingHistory/Parts/@thumbs/monopropMiniSphere_icon
[LOG 18:26:29.116] Load Cached PNG Texture: SquadExpansion/MakingHistory/Parts/@thumbs/Panel0_icon0
[LOG 18:26:29.116] Load Cached PNG Texture: SquadExpansion/MakingHistory/Parts/@thumbs/Panel0_icon1
[LOG 18:26:29.116] Load Cached PNG Texture: SquadExpansion/MakingHistory/Parts/@thumbs/Panel0_icon2
[LOG 18:26:29.116] Load Cached PNG Texture: SquadExpansion/MakingHistory/Parts/@thumbs/Panel0_icon3
[LOG 18:26:29.116] Load Cached PNG Texture: SquadExpansion/MakingHistory/Parts/@thumbs/Panel1p5_icon0
[LOG 18:26:29.116] Load Cached PNG Texture: SquadExpansion/MakingHistory/Parts/@thumbs/Panel1p5_icon1
[LOG 18:26:29.116] Load Cached PNG Texture: SquadExpansion/MakingHistory/Parts/@thumbs/Panel1p5_icon2
[LOG 18:26:29.116] Load Cached PNG Texture: SquadExpansion/MakingHistory/Parts/@thumbs/Panel1p5_icon3
[LOG 18:26:29.117] Load Cached PNG Texture: SquadExpansion/MakingHistory/Parts/@thumbs/Panel1_icon0
[LOG 18:26:29.117] Load Cached PNG Texture: SquadExpansion/MakingHistory/Parts/@thumbs/Panel1_icon1
[LOG 18:26:29.117] Load Cached PNG Texture: SquadExpansion/MakingHistory/Parts/@thumbs/Panel1_icon2
[LOG 18:26:29.117] Load Cached PNG Texture: SquadExpansion/MakingHistory/Parts/@thumbs/Panel1_icon3
[LOG 18:26:29.117] Load Cached PNG Texture: SquadExpansion/MakingHistory/Parts/@thumbs/roverWheelM1-F_icon0
[LOG 18:26:29.117] Load Cached PNG Texture: SquadExpansion/MakingHistory/Parts/@thumbs/roverWheelM1-F_icon1
[LOG 18:26:29.117] Load Cached PNG Texture: SquadExpansion/MakingHistory/Parts/@thumbs/Separator.1p5_icon0
[LOG 18:26:29.117] Load Cached PNG Texture: SquadExpansion/MakingHistory/Parts/@thumbs/Separator.1p5_icon1
[LOG 18:26:29.117] Load Cached PNG Texture: SquadExpansion/MakingHistory/Parts/@thumbs/Size1p5.Strut.Decoupler_icon0
[LOG 18:26:29.117] Load Cached PNG Texture: SquadExpansion/MakingHistory/Parts/@thumbs/Size1p5.Strut.Decoupler_icon1
[LOG 18:26:29.117] Load Cached PNG Texture: SquadExpansion/MakingHistory/Parts/@thumbs/Size1to0ServiceModule_icon
[LOG 18:26:29.118] Load Cached PNG Texture: SquadExpansion/MakingHistory/Parts/@thumbs/Triangle0_icon0
[LOG 18:26:29.118] Load Cached PNG Texture: SquadExpansion/MakingHistory/Parts/@thumbs/Triangle0_icon1
[LOG 18:26:29.118] Load Cached PNG Texture: SquadExpansion/MakingHistory/Parts/@thumbs/Triangle0_icon2
[LOG 18:26:29.118] Load Cached PNG Texture: SquadExpansion/MakingHistory/Parts/@thumbs/Triangle0_icon3
[LOG 18:26:29.118] Load Cached PNG Texture: SquadExpansion/MakingHistory/Parts/@thumbs/Triangle1p5_icon0
[LOG 18:26:29.118] Load Cached PNG Texture: SquadExpansion/MakingHistory/Parts/@thumbs/Triangle1p5_icon1
[LOG 18:26:29.118] Load Cached PNG Texture: SquadExpansion/MakingHistory/Parts/@thumbs/Triangle1p5_icon2
[LOG 18:26:29.118] Load Cached PNG Texture: SquadExpansion/MakingHistory/Parts/@thumbs/Triangle1p5_icon3
[LOG 18:26:29.118] Load Cached PNG Texture: SquadExpansion/MakingHistory/Parts/@thumbs/Triangle1_icon0
[LOG 18:26:29.118] Load Cached PNG Texture: SquadExpansion/MakingHistory/Parts/@thumbs/Triangle1_icon1
[LOG 18:26:29.118] Load Cached PNG Texture: SquadExpansion/MakingHistory/Parts/@thumbs/Triangle1_icon2
[LOG 18:26:29.119] Load Cached PNG Texture: SquadExpansion/MakingHistory/Parts/@thumbs/Triangle1_icon3
[LOG 18:26:29.119] Load Cached PNG Texture: SquadExpansion/MakingHistory/Parts/@thumbs/Triangle2_icon0
[LOG 18:26:29.119] Load Cached PNG Texture: SquadExpansion/MakingHistory/Parts/@thumbs/Triangle2_icon1
[LOG 18:26:29.119] Load Cached PNG Texture: SquadExpansion/MakingHistory/Parts/@thumbs/Triangle2_icon2
[LOG 18:26:29.119] Load Cached PNG Texture: SquadExpansion/MakingHistory/Parts/@thumbs/Triangle2_icon3
[LOG 18:26:29.119] Load Cached PNG Texture: SquadExpansion/MakingHistory/Parts/@thumbs/Tube1_icon0
[LOG 18:26:29.119] Load Cached PNG Texture: SquadExpansion/MakingHistory/Parts/@thumbs/Tube1_icon1
[LOG 18:26:29.119] Load Cached PNG Texture: SquadExpansion/MakingHistory/Parts/@thumbs/Tube1_icon2
[LOG 18:26:29.119] Load Cached PNG Texture: SquadExpansion/MakingHistory/Parts/@thumbs/Tube1_icon3
[LOG 18:26:29.119] Load Cached PNG Texture: SquadExpansion/MakingHistory/Parts/@thumbs/Tube1_icon4
[LOG 18:26:29.120] Load Cached PNG Texture: SquadExpansion/MakingHistory/Parts/Aero/protectiveRocketNoseMk5A/s1p5_cone
[LOG 18:26:29.121] Load Cached PNG Texture: SquadExpansion/MakingHistory/Parts/Aero/protectiveRocketNoseMk5A/s1p5_cone_Orange
[LOG 18:26:29.122] Load DDS texture: SquadExpansion/MakingHistory/Parts/Coupling/Assets/airlock
[LOG 18:26:29.122] Load DDS texture: SquadExpansion/MakingHistory/Parts/Coupling/Assets/airlock_N
[LOG 18:26:29.123] Load DDS texture: SquadExpansion/MakingHistory/Parts/Coupling/Assets/EnginePlate
[LOG 18:26:29.123] Load DDS texture: SquadExpansion/MakingHistory/Parts/Coupling/Assets/Size1_5_Decoupler_grey
[LOG 18:26:29.123] Load DDS texture: SquadExpansion/MakingHistory/Parts/Coupling/Assets/Size1_5_Decoupler_orange
[LOG 18:26:29.124] Load DDS texture: SquadExpansion/MakingHistory/Parts/Engine/Assets/KE-1
[LOG 18:26:29.125] Load DDS texture: SquadExpansion/MakingHistory/Parts/Engine/Assets/KE-1_BASE
[LOG 18:26:29.126] Load DDS texture: SquadExpansion/MakingHistory/Parts/Engine/Assets/LV-T87
[LOG 18:26:29.127] Load DDS texture: SquadExpansion/MakingHistory/Parts/Engine/Assets/LV-T91
[LOG 18:26:29.128] Load DDS texture: SquadExpansion/MakingHistory/Parts/Engine/Assets/RE-I2
[LOG 18:26:29.132] Load DDS texture: SquadExpansion/MakingHistory/Parts/Engine/Assets/RE-J10
[LOG 18:26:29.135] Load DDS texture: SquadExpansion/MakingHistory/Parts/Engine/Assets/RE-J10_N
[LOG 18:26:29.135] Load DDS texture: SquadExpansion/MakingHistory/Parts/Engine/Assets/RK-7
[LOG 18:26:29.140] Load DDS texture: SquadExpansion/MakingHistory/Parts/Engine/Assets/RK-7_N
[LOG 18:26:29.141] Load DDS texture: SquadExpansion/MakingHistory/Parts/Engine/solidBoosterTHK/SolidBoosterS2-17_emissive
[LOG 18:26:29.147] Load DDS texture: SquadExpansion/MakingHistory/Parts/Engine/solidBoosterTHK/solidBoosterTHK_diffuse
[LOG 18:26:29.155] Load DDS texture: SquadExpansion/MakingHistory/Parts/FuelTank/Assets/Size1p5_02
[LOG 18:26:29.156] Load DDS texture: SquadExpansion/MakingHistory/Parts/FuelTank/Assets/Size1p5_02_ALT01
[LOG 18:26:29.159] Load DDS texture: SquadExpansion/MakingHistory/Parts/FuelTank/Assets/Size1p5_02_ALT02
[LOG 18:26:29.159] Load DDS texture: SquadExpansion/MakingHistory/Parts/FuelTank/Assets/Size1p5_02_ALT02_normal
[LOG 18:26:29.161] Load DDS texture: SquadExpansion/MakingHistory/Parts/FuelTank/Assets/Size1p5_mono
[LOG 18:26:29.163] Load DDS texture: SquadExpansion/MakingHistory/Parts/FuelTank/Assets/Size1p5_mono_2
[LOG 18:26:29.165] Load DDS texture: SquadExpansion/MakingHistory/Parts/FuelTank/Assets/Size1p5_mono_N
[LOG 18:26:29.168] Load DDS texture: SquadExpansion/MakingHistory/Parts/FuelTank/Assets/Size1_5_TankAdapters
[LOG 18:26:29.169] Load DDS texture: SquadExpansion/MakingHistory/Parts/FuelTank/Assets/Size1_5_TankAdapters_ALT01
[LOG 18:26:29.170] Load DDS texture: SquadExpansion/MakingHistory/Parts/FuelTank/Assets/Size1_5_TankAdapters_ALT02
[LOG 18:26:29.174] Load DDS texture: SquadExpansion/MakingHistory/Parts/FuelTank/Assets/Size1_5_TankAdapters_ALT02nm
[LOG 18:26:29.175] Load DDS texture: SquadExpansion/MakingHistory/Parts/FuelTank/Assets/Size1_5_TankAdapters_N
[LOG 18:26:29.176] Load DDS texture: SquadExpansion/MakingHistory/Parts/FuelTank/Assets/Size1_5_Tanks
[LOG 18:26:29.180] Load DDS texture: SquadExpansion/MakingHistory/Parts/FuelTank/Assets/Size1_5_Tanks_ALT02
[LOG 18:26:29.181] Load DDS texture: SquadExpansion/MakingHistory/Parts/FuelTank/Assets/Size1_5_Tanks_ALT02_nm
[LOG 18:26:29.181] Load DDS texture: SquadExpansion/MakingHistory/Parts/FuelTank/Assets/Size1_5_Tanks_grey
[LOG 18:26:29.183] Load DDS texture: SquadExpansion/MakingHistory/Parts/FuelTank/Assets/Size4_Tanks
[LOG 18:26:29.190] Load DDS texture: SquadExpansion/MakingHistory/Parts/FuelTank/Assets/Size4_Tanks_N
[LOG 18:26:29.198] Load DDS texture: SquadExpansion/MakingHistory/Parts/Ground/Assets/RoverWheel
[LOG 18:26:29.199] Load DDS texture: SquadExpansion/MakingHistory/Parts/Ground/Assets/RoverWheelG
[LOG 18:26:29.201] Load DDS texture: SquadExpansion/MakingHistory/Parts/Payload/Assets/Size1to0ServiceBay
[LOG 18:26:29.202] Load DDS texture: SquadExpansion/MakingHistory/Parts/Payload/Assets/Size1to0ServiceBay_n
[LOG 18:26:29.208] Load DDS texture: SquadExpansion/MakingHistory/Parts/Payload/Assets/SM18_diffuse
[LOG 18:26:29.215] Load Cached PNG Texture: SquadExpansion/MakingHistory/Parts/Payload/Assets/SM18_NRM
[LOG 18:26:29.223] Load DDS texture: SquadExpansion/MakingHistory/Parts/Payload/Assets/SM18_specular
[LOG 18:26:29.229] Load DDS texture: SquadExpansion/MakingHistory/Parts/Payload/Assets/SM25_diffuse
[LOG 18:26:29.238] Load DDS texture: SquadExpansion/MakingHistory/Parts/Payload/Assets/SM25_normals
[LOG 18:26:29.239] Load DDS texture: SquadExpansion/MakingHistory/Parts/Pods/Assets/KV1
[LOG 18:26:29.240] Load DDS texture: SquadExpansion/MakingHistory/Parts/Pods/Assets/KV1_GLOW
[LOG 18:26:29.241] Load DDS texture: SquadExpansion/MakingHistory/Parts/Pods/Assets/KV2
[LOG 18:26:29.243] Load DDS texture: SquadExpansion/MakingHistory/Parts/Pods/Assets/KV3
[LOG 18:26:29.244] Load DDS texture: SquadExpansion/MakingHistory/Parts/Pods/Assets/Mk2Pod
[LOG 18:26:29.246] Load DDS texture: SquadExpansion/MakingHistory/Parts/Pods/Assets/Mk2Pod_GLOW
[LOG 18:26:29.247] Load DDS texture: SquadExpansion/MakingHistory/Parts/Pods/Assets/Mk2Pod_n
[LOG 18:26:29.248] Load DDS texture: SquadExpansion/MakingHistory/Parts/Pods/Assets/Size1_5_Lander
[LOG 18:26:29.249] Load DDS texture: SquadExpansion/MakingHistory/Parts/Pods/Assets/Size1_5_Lander_GLOW
[LOG 18:26:29.250] Load DDS texture: SquadExpansion/MakingHistory/Parts/SharedAssets/Shrouds
[LOG 18:26:29.253] Load DDS texture: SquadExpansion/MakingHistory/Parts/SharedAssets/Shrouds_N
[LOG 18:26:29.254] Load DDS texture: SquadExpansion/MakingHistory/Parts/Structural/Assets/NormalMap
[LOG 18:26:29.259] Load DDS texture: SquadExpansion/MakingHistory/Parts/Structural/Assets/Panels
[LOG 18:26:29.262] Load DDS texture: SquadExpansion/MakingHistory/Parts/Structural/Assets/Panels_Dark_D
[LOG 18:26:29.265] Load DDS texture: SquadExpansion/MakingHistory/Parts/Structural/Assets/Panels_Gold_D
[LOG 18:26:29.269] Load Cached PNG Texture: SquadExpansion/MakingHistory/Parts/Structural/Assets/Panels_Gold_NRM
[LOG 18:26:29.277] Load DDS texture: SquadExpansion/MakingHistory/Parts/Structural/Assets/Panels_Gold_S
[LOG 18:26:29.280] Load DDS texture: SquadExpansion/MakingHistory/Parts/Structural/Assets/Panels_Silver_D
[LOG 18:26:29.283] Load DDS texture: SquadExpansion/MakingHistory/Parts/Structural/Assets/Panels_Silver_S
[LOG 18:26:29.287] Load Cached PNG Texture: SquadExpansion/MakingHistory/Ships/@thumbs/VAB/Acapello
[LOG 18:26:29.287] Load Cached PNG Texture: SquadExpansion/MakingHistory/Ships/@thumbs/VAB/Beta Centaurus
[LOG 18:26:29.288] Load Cached PNG Texture: SquadExpansion/MakingHistory/Ships/@thumbs/VAB/Goliath II HLV
[LOG 18:26:29.288] Load Cached PNG Texture: SquadExpansion/MakingHistory/Ships/@thumbs/VAB/Muna 1
[LOG 18:26:29.288] Load Cached PNG Texture: SquadExpansion/MakingHistory/Ships/@thumbs/VAB/Sally-Hut 1
[LOG 18:26:29.288] Load Cached PNG Texture: SquadExpansion/MakingHistory/Ships/@thumbs/VAB/SWM-94 Communications Satellite
[LOG 18:26:29.288] Load Cached PNG Texture: SquadExpansion/MakingHistory/Ships/@thumbs/VAB/Valshkod 2
[LOG 18:26:29.288] Load DDS texture: SquadExpansion/MakingHistory/Spaces/KVPods/airlock
[LOG 18:26:29.291] Load DDS texture: SquadExpansion/MakingHistory/Spaces/KVPods/airlock_N
[LOG 18:26:29.291] Load DDS texture: SquadExpansion/MakingHistory/Spaces/KVPods/KV1_Props_Diffuse
[LOG 18:26:29.309] Load DDS texture: SquadExpansion/MakingHistory/Spaces/KVPods/KV1_Props_Normal
[LOG 18:26:29.317] Load DDS texture: SquadExpansion/MakingHistory/Spaces/KVPods/KV1_Shell_Diffuse
[LOG 18:26:29.323] Load DDS texture: SquadExpansion/MakingHistory/Spaces/KVPods/KV1_Shell_Emissive
[LOG 18:26:29.330] Load DDS texture: SquadExpansion/MakingHistory/Spaces/KVPods/KV1_Shell_Normal
[LOG 18:26:29.337] Load DDS texture: SquadExpansion/MakingHistory/Spaces/KVPods/KV1_Vzor_Diffuse
[LOG 18:26:29.338] Load DDS texture: SquadExpansion/MakingHistory/Spaces/KVPods/KV2_Props_Diffuse
[LOG 18:26:29.344] Load DDS texture: SquadExpansion/MakingHistory/Spaces/KVPods/KV2_Props_Emissive
[LOG 18:26:29.349] Load DDS texture: SquadExpansion/MakingHistory/Spaces/KVPods/KV2_Props_Normal
[LOG 18:26:29.357] Load DDS texture: SquadExpansion/MakingHistory/Spaces/KVPods/KV2_Shell_Diffuse
[LOG 18:26:29.366] Load DDS texture: SquadExpansion/MakingHistory/Spaces/KVPods/KV2_Shell_Normal
[LOG 18:26:29.375] Load DDS texture: SquadExpansion/MakingHistory/Spaces/KVPods/KV3_Props_Diffuse
[LOG 18:26:29.382] Load DDS texture: SquadExpansion/MakingHistory/Spaces/KVPods/KV3_Props_Normal
[LOG 18:26:29.386] Load DDS texture: SquadExpansion/MakingHistory/Spaces/KVPods/KV3_Shell_Diffuse
[LOG 18:26:29.392] Load DDS texture: SquadExpansion/MakingHistory/Spaces/KVPods/KV3_Shell_Normal
[LOG 18:26:29.396] Load DDS texture: SquadExpansion/MakingHistory/Spaces/KVPods/motor
[LOG 18:26:29.397] Load DDS texture: SquadExpansion/MakingHistory/Spaces/KVPods/pilot Seat
[LOG 18:26:29.398] Load DDS texture: SquadExpansion/MakingHistory/Spaces/MEM/PANELS_AO
[LOG 18:26:29.402] Load DDS texture: SquadExpansion/MakingHistory/Spaces/MEM/PANELS_EMISSIVE
[LOG 18:26:29.406] Load DDS texture: SquadExpansion/MakingHistory/Spaces/MEM/PANELS_NORMAL
[LOG 18:26:29.410] Load DDS texture: SquadExpansion/MakingHistory/Spaces/MEM/pilot Seat
[LOG 18:26:29.411] Load DDS texture: SquadExpansion/MakingHistory/Spaces/MEM/propsGeneric
[LOG 18:26:29.412] Load DDS texture: SquadExpansion/MakingHistory/Spaces/MEM/PROPS_AO
[LOG 18:26:29.418] Load DDS texture: SquadExpansion/MakingHistory/Spaces/MEM/PROPS_EMISSIVE
[LOG 18:26:29.418] Load DDS texture: SquadExpansion/MakingHistory/Spaces/MEM/PROPS_NORMAL
[LOG 18:26:29.423] Load DDS texture: SquadExpansion/MakingHistory/Spaces/Mk2Pod/DIfuse_controlboard
[LOG 18:26:29.430] Load DDS texture: SquadExpansion/MakingHistory/Spaces/Mk2Pod/Normal_controlbard
[LOG 18:26:29.441] Load DDS texture: SquadExpansion/MakingHistory/Spaces/Mk2Pod/Outershell_Base_Color
[LOG 18:26:29.450] Load DDS texture: SquadExpansion/MakingHistory/Spaces/Mk2Pod/Outershell_Normal
[LOG 18:26:29.459] Load DDS texture: SquadExpansion/MakingHistory/Spaces/Mk2Pod/pilot Seat
[LOG 18:26:29.460] Load Cached PNG Texture: SquadExpansion/Serenity/Parts/@thumbs/controller1000_icon
[LOG 18:26:29.460] Load Cached PNG Texture: SquadExpansion/Serenity/Parts/@thumbs/DeployedCentralStation_icon
[LOG 18:26:29.460] Load Cached PNG Texture: SquadExpansion/Serenity/Parts/@thumbs/DeployedGoExOb_icon
[LOG 18:26:29.460] Load Cached PNG Texture: SquadExpansion/Serenity/Parts/@thumbs/DeployedIONExp_icon
[LOG 18:26:29.461] Load Cached PNG Texture: SquadExpansion/Serenity/Parts/@thumbs/DeployedRTG_icon
[LOG 18:26:29.461] Load Cached PNG Texture: SquadExpansion/Serenity/Parts/@thumbs/DeployedSatDish_icon
[LOG 18:26:29.461] Load Cached PNG Texture: SquadExpansion/Serenity/Parts/@thumbs/DeployedSeismicSensor_icon
[LOG 18:26:29.461] Load Cached PNG Texture: SquadExpansion/Serenity/Parts/@thumbs/DeployedSolarPanel_icon
[LOG 18:26:29.461] Load Cached PNG Texture: SquadExpansion/Serenity/Parts/@thumbs/DeployedWeatherStn_icon
[LOG 18:26:29.461] Load Cached PNG Texture: SquadExpansion/Serenity/Parts/@thumbs/FanShroud.01_icon0
[LOG 18:26:29.461] Load Cached PNG Texture: SquadExpansion/Serenity/Parts/@thumbs/FanShroud.01_icon1
[LOG 18:26:29.461] Load Cached PNG Texture: SquadExpansion/Serenity/Parts/@thumbs/FanShroud.02_icon0
[LOG 18:26:29.461] Load Cached PNG Texture: SquadExpansion/Serenity/Parts/@thumbs/FanShroud.02_icon1
[LOG 18:26:29.462] Load Cached PNG Texture: SquadExpansion/Serenity/Parts/@thumbs/hinge.01.s_icon0
[LOG 18:26:29.462] Load Cached PNG Texture: SquadExpansion/Serenity/Parts/@thumbs/hinge.01.s_icon1
[LOG 18:26:29.462] Load Cached PNG Texture: SquadExpansion/Serenity/Parts/@thumbs/hinge.01_icon0
[LOG 18:26:29.462] Load Cached PNG Texture: SquadExpansion/Serenity/Parts/@thumbs/hinge.01_icon1
[LOG 18:26:29.462] Load Cached PNG Texture: SquadExpansion/Serenity/Parts/@thumbs/hinge.03.s_icon0
[LOG 18:26:29.462] Load Cached PNG Texture: SquadExpansion/Serenity/Parts/@thumbs/hinge.03.s_icon1
[LOG 18:26:29.462] Load Cached PNG Texture: SquadExpansion/Serenity/Parts/@thumbs/hinge.03_icon0
[LOG 18:26:29.462] Load Cached PNG Texture: SquadExpansion/Serenity/Parts/@thumbs/hinge.03_icon1
[LOG 18:26:29.462] Load Cached PNG Texture: SquadExpansion/Serenity/Parts/@thumbs/largeFanBlade_icon0
[LOG 18:26:29.462] Load Cached PNG Texture: SquadExpansion/Serenity/Parts/@thumbs/largeFanBlade_icon1
[LOG 18:26:29.462] Load Cached PNG Texture: SquadExpansion/Serenity/Parts/@thumbs/largePropeller_icon0
[LOG 18:26:29.462] Load Cached PNG Texture: SquadExpansion/Serenity/Parts/@thumbs/largePropeller_icon1
[LOG 18:26:29.462] Load Cached PNG Texture: SquadExpansion/Serenity/Parts/@thumbs/lGripPad_icon0
[LOG 18:26:29.462] Load Cached PNG Texture: SquadExpansion/Serenity/Parts/@thumbs/lGripPad_icon1
[LOG 18:26:29.463] Load Cached PNG Texture: SquadExpansion/Serenity/Parts/@thumbs/lGripStrip_icon
[LOG 18:26:29.463] Load Cached PNG Texture: SquadExpansion/Serenity/Parts/@thumbs/mediumFanBlade_icon0
[LOG 18:26:29.463] Load Cached PNG Texture: SquadExpansion/Serenity/Parts/@thumbs/mediumFanBlade_icon1
[LOG 18:26:29.463] Load Cached PNG Texture: SquadExpansion/Serenity/Parts/@thumbs/mediumPropeller_icon0
[LOG 18:26:29.463] Load Cached PNG Texture: SquadExpansion/Serenity/Parts/@thumbs/mediumPropeller_icon1
[LOG 18:26:29.463] Load Cached PNG Texture: SquadExpansion/Serenity/Parts/@thumbs/mGripPad_icon0
[LOG 18:26:29.463] Load Cached PNG Texture: SquadExpansion/Serenity/Parts/@thumbs/mGripPad_icon1
[LOG 18:26:29.463] Load Cached PNG Texture: SquadExpansion/Serenity/Parts/@thumbs/noseconeTiny_icon
[LOG 18:26:29.463] Load Cached PNG Texture: SquadExpansion/Serenity/Parts/@thumbs/noseconeVS_icon
[LOG 18:26:29.463] Load Cached PNG Texture: SquadExpansion/Serenity/Parts/@thumbs/piston.01_icon0
[LOG 18:26:29.463] Load Cached PNG Texture: SquadExpansion/Serenity/Parts/@thumbs/piston.01_icon1
[LOG 18:26:29.463] Load Cached PNG Texture: SquadExpansion/Serenity/Parts/@thumbs/piston.02_icon0
[LOG 18:26:29.463] Load Cached PNG Texture: SquadExpansion/Serenity/Parts/@thumbs/piston.02_icon1
[LOG 18:26:29.464] Load Cached PNG Texture: SquadExpansion/Serenity/Parts/@thumbs/piston.03_icon0
[LOG 18:26:29.464] Load Cached PNG Texture: SquadExpansion/Serenity/Parts/@thumbs/piston.03_icon1
[LOG 18:26:29.464] Load Cached PNG Texture: SquadExpansion/Serenity/Parts/@thumbs/piston.04_icon0
[LOG 18:26:29.464] Load Cached PNG Texture: SquadExpansion/Serenity/Parts/@thumbs/piston.04_icon1
[LOG 18:26:29.464] Load Cached PNG Texture: SquadExpansion/Serenity/Parts/@thumbs/RobotArmScanner.S1_icon
[LOG 18:26:29.464] Load Cached PNG Texture: SquadExpansion/Serenity/Parts/@thumbs/RobotArmScanner.S2_icon
[LOG 18:26:29.464] Load Cached PNG Texture: SquadExpansion/Serenity/Parts/@thumbs/RobotArmScanner.S3_icon
[LOG 18:26:29.464] Load Cached PNG Texture: SquadExpansion/Serenity/Parts/@thumbs/rotor.01s_icon0
[LOG 18:26:29.464] Load Cached PNG Texture: SquadExpansion/Serenity/Parts/@thumbs/rotor.01s_icon1
[LOG 18:26:29.464] Load Cached PNG Texture: SquadExpansion/Serenity/Parts/@thumbs/rotor.01_icon0
[LOG 18:26:29.464] Load Cached PNG Texture: SquadExpansion/Serenity/Parts/@thumbs/rotor.01_icon1
[LOG 18:26:29.464] Load Cached PNG Texture: SquadExpansion/Serenity/Parts/@thumbs/rotor.02s_icon0
[LOG 18:26:29.464] Load Cached PNG Texture: SquadExpansion/Serenity/Parts/@thumbs/rotor.02s_icon1
[LOG 18:26:29.464] Load Cached PNG Texture: SquadExpansion/Serenity/Parts/@thumbs/rotor.02_icon0
[LOG 18:26:29.465] Load Cached PNG Texture: SquadExpansion/Serenity/Parts/@thumbs/rotor.02_icon1
[LOG 18:26:29.465] Load Cached PNG Texture: SquadExpansion/Serenity/Parts/@thumbs/RotorEngine.02_icon
[LOG 18:26:29.465] Load Cached PNG Texture: SquadExpansion/Serenity/Parts/@thumbs/rotoServo.00_icon0
[LOG 18:26:29.465] Load Cached PNG Texture: SquadExpansion/Serenity/Parts/@thumbs/rotoServo.00_icon1
[LOG 18:26:29.465] Load Cached PNG Texture: SquadExpansion/Serenity/Parts/@thumbs/rotoServo.02_icon0
[LOG 18:26:29.465] Load Cached PNG Texture: SquadExpansion/Serenity/Parts/@thumbs/rotoServo.02_icon1
[LOG 18:26:29.465] Load Cached PNG Texture: SquadExpansion/Serenity/Parts/@thumbs/rotoServo.03_icon0
[LOG 18:26:29.465] Load Cached PNG Texture: SquadExpansion/Serenity/Parts/@thumbs/rotoServo.03_icon1
[LOG 18:26:29.465] Load Cached PNG Texture: SquadExpansion/Serenity/Parts/@thumbs/sGripPad_icon0
[LOG 18:26:29.466] Load Cached PNG Texture: SquadExpansion/Serenity/Parts/@thumbs/sGripPad_icon1
[LOG 18:26:29.466] Load Cached PNG Texture: SquadExpansion/Serenity/Parts/@thumbs/sGripStrip_icon
[LOG 18:26:29.466] Load Cached PNG Texture: SquadExpansion/Serenity/Parts/@thumbs/smallFanBlade_icon0
[LOG 18:26:29.466] Load Cached PNG Texture: SquadExpansion/Serenity/Parts/@thumbs/smallFanBlade_icon1
[LOG 18:26:29.466] Load Cached PNG Texture: SquadExpansion/Serenity/Parts/@thumbs/smallHeliBlade_icon0
[LOG 18:26:29.466] Load Cached PNG Texture: SquadExpansion/Serenity/Parts/@thumbs/smallHeliBlade_icon1
[LOG 18:26:29.466] Load Cached PNG Texture: SquadExpansion/Serenity/Parts/@thumbs/smallPropeller_icon0
[LOG 18:26:29.466] Load Cached PNG Texture: SquadExpansion/Serenity/Parts/@thumbs/smallPropeller_icon1
[LOG 18:26:29.466] Load DDS texture: SquadExpansion/Serenity/Parts/Aero/Assets/copterBlades_diffuse
[LOG 18:26:29.466] Load DDS texture: SquadExpansion/Serenity/Parts/Aero/Assets/shroudsDiffuse_color
[LOG 18:26:29.467] Load DDS texture: SquadExpansion/Serenity/Parts/Aero/Assets/shroudsDiffuse_plain
[LOG 18:26:29.467] Load Cached PNG Texture: SquadExpansion/Serenity/Parts/DeployedScience/MockupTexture
[LOG 18:26:29.467] Load DDS texture: SquadExpansion/Serenity/Parts/DeployedScience/Assets/centralStation_diffuse
[LOG 18:26:29.469] Load DDS texture: SquadExpansion/Serenity/Parts/DeployedScience/Assets/centralStation_emissive
[LOG 18:26:29.489] Load DDS texture: SquadExpansion/Serenity/Parts/DeployedScience/Assets/GenericParts_diffuse
[LOG 18:26:29.493] Load DDS texture: SquadExpansion/Serenity/Parts/DeployedScience/Assets/GenericParts_emissive
[LOG 18:26:29.495] Load DDS texture: SquadExpansion/Serenity/Parts/DeployedScience/Assets/GenericParts_normal
[LOG 18:26:29.496] Load DDS texture: SquadExpansion/Serenity/Parts/DeployedScience/Assets/goex_diffuse
[LOG 18:26:29.500] Load DDS texture: SquadExpansion/Serenity/Parts/DeployedScience/Assets/goex_specMapped
[LOG 18:26:29.504] Load DDS texture: SquadExpansion/Serenity/Parts/DeployedScience/Assets/Grid
[LOG 18:26:29.505] Load DDS texture: SquadExpansion/Serenity/Parts/DeployedScience/Assets/IonExperiment_diffuse
[LOG 18:26:29.505] Load DDS texture: SquadExpansion/Serenity/Parts/DeployedScience/Assets/RTGCask_diffuse
[LOG 18:26:29.506] Load DDS texture: SquadExpansion/Serenity/Parts/DeployedScience/Assets/satDish_diffuse
[LOG 18:26:29.507] Load Cached PNG Texture: SquadExpansion/Serenity/Parts/DeployedScience/Assets/Scratch
[LOG 18:26:29.508] Load DDS texture: SquadExpansion/Serenity/Parts/DeployedScience/Assets/Screen2
[LOG 18:26:29.508] Load DDS texture: SquadExpansion/Serenity/Parts/DeployedScience/Assets/Screen3
[LOG 18:26:29.509] Load DDS texture: SquadExpansion/Serenity/Parts/DeployedScience/Assets/ScreenReadout
[LOG 18:26:29.509] Load DDS texture: SquadExpansion/Serenity/Parts/DeployedScience/Assets/seismicSensor_diffuse
[LOG 18:26:29.510] Load DDS texture: SquadExpansion/Serenity/Parts/DeployedScience/Assets/seismicSensor_nrm
[LOG 18:26:29.510] Load DDS texture: SquadExpansion/Serenity/Parts/DeployedScience/Assets/seismicSensor_specularMapped
[LOG 18:26:29.512] Load DDS texture: SquadExpansion/Serenity/Parts/DeployedScience/Assets/SolarGraph
[LOG 18:26:29.512] Load DDS texture: SquadExpansion/Serenity/Parts/DeployedScience/Assets/solarPanel_diffuse
[LOG 18:26:29.513] Load DDS texture: SquadExpansion/Serenity/Parts/DeployedScience/Assets/Waveleght3
[LOG 18:26:29.513] Load DDS texture: SquadExpansion/Serenity/Parts/DeployedScience/Assets/Wavelenght
[LOG 18:26:29.513] Load DDS texture: SquadExpansion/Serenity/Parts/DeployedScience/Assets/Wavelenght2
[LOG 18:26:29.513] Load DDS texture: SquadExpansion/Serenity/Parts/DeployedScience/Assets/wavelenght4
[LOG 18:26:29.513] Load DDS texture: SquadExpansion/Serenity/Parts/DeployedScience/Assets/wavelenght5
[LOG 18:26:29.513] Load DDS texture: SquadExpansion/Serenity/Parts/DeployedScience/Assets/WeatherStation [Normal]
[LOG 18:26:29.538] Load DDS texture: SquadExpansion/Serenity/Parts/DeployedScience/Assets/Weather_Station_diffuse
[LOG 18:26:29.545] Load DDS texture: SquadExpansion/Serenity/Parts/DeployedScience/Assets/Weather_Station_normal
[LOG 18:26:29.551] Load DDS texture: SquadExpansion/Serenity/Parts/Propellers/Assets/blade_diffuse
[LOG 18:26:29.552] Load DDS texture: SquadExpansion/Serenity/Parts/Propellers/Assets/copterBlades_diffuse
[LOG 18:26:29.553] Load DDS texture: SquadExpansion/Serenity/Parts/Propellers/Assets/fan_diffuse
[LOG 18:26:29.553] Load DDS texture: SquadExpansion/Serenity/Parts/Robotics/Assets/hinges-03-s_diffuse_Color
[LOG 18:26:29.553] Load DDS texture: SquadExpansion/Serenity/Parts/Robotics/Assets/hinges-03_diffuse_color
[LOG 18:26:29.554] Load DDS texture: SquadExpansion/Serenity/Parts/Robotics/Assets/hinges-03_diffuse_plain
[LOG 18:26:29.554] Load DDS texture: SquadExpansion/Serenity/Parts/Robotics/Assets/hinges_diffuse
[LOG 18:26:29.554] Load DDS texture: SquadExpansion/Serenity/Parts/Robotics/Assets/Hinge_diffuse_G-00_Color
[LOG 18:26:29.555] Load DDS texture: SquadExpansion/Serenity/Parts/Robotics/Assets/Hinge_diffuse_G-11_Color
[LOG 18:26:29.555] Load DDS texture: SquadExpansion/Serenity/Parts/Robotics/Assets/Hinge_diffuse_G-11_plain
[LOG 18:26:29.555] Load DDS texture: SquadExpansion/Serenity/Parts/Robotics/Assets/Hinge_normal
[LOG 18:26:29.555] Load DDS texture: SquadExpansion/Serenity/Parts/Robotics/Assets/RotorEngine_02_diffuse
[LOG 18:26:29.555] Load DDS texture: SquadExpansion/Serenity/Parts/Robotics/Assets/RotorEngine_03_diffuse
[LOG 18:26:29.557] Load DDS texture: SquadExpansion/Serenity/Parts/Robotics/Assets/RotorEngine_03_normal
[LOG 18:26:29.558] Load DDS texture: SquadExpansion/Serenity/Parts/Robotics/Assets/Rotor_01_diffuse_color
[LOG 18:26:29.558] Load DDS texture: SquadExpansion/Serenity/Parts/Robotics/Assets/Rotor_01_diffuse_plain
[LOG 18:26:29.559] Load DDS texture: SquadExpansion/Serenity/Parts/Robotics/Assets/Rotor_01_normal
[LOG 18:26:29.559] Load DDS texture: SquadExpansion/Serenity/Parts/Robotics/Assets/Rotor_01_specular_D
[LOG 18:26:29.560] Load DDS texture: SquadExpansion/Serenity/Parts/Robotics/Assets/Rotor_02_diffuse_color
[LOG 18:26:29.560] Load DDS texture: SquadExpansion/Serenity/Parts/Robotics/Assets/Rotor_03_diffuse_color
[LOG 18:26:29.562] Load DDS texture: SquadExpansion/Serenity/Parts/Robotics/Assets/Rotor_03_diffuse_plain
[LOG 18:26:29.563] Load DDS texture: SquadExpansion/Serenity/Parts/Robotics/Assets/Rotor_03_normal
[LOG 18:26:29.564] Load DDS texture: SquadExpansion/Serenity/Parts/Robotics/Assets/rotoServos_diffuse_color
[LOG 18:26:29.565] Load DDS texture: SquadExpansion/Serenity/Parts/Robotics/Assets/rotoServos_diffuse_plain
[LOG 18:26:29.566] Load DDS texture: SquadExpansion/Serenity/Parts/Robotics/Assets/rotoServos_nrm
[LOG 18:26:29.568] Load DDS texture: SquadExpansion/Serenity/Parts/Robotics/Controllers/roboController_diffuse
[LOG 18:26:29.568] Load DDS texture: SquadExpansion/Serenity/Parts/Robotics/Controllers/roboController_emissive
[LOG 18:26:29.568] Load Cached PNG Texture: SquadExpansion/Serenity/Parts/Science/RobotArmScanner/Assets/DrillBits
[LOG 18:26:29.568] Load DDS texture: SquadExpansion/Serenity/Parts/Science/RobotArmScanner/Assets/DustParticle
[WRN 18:26:29.569] Duplicate PNG texture 'SquadExpansion/Serenity/Parts/Science/RobotArmScanner/Assets/DustParticle' with extension 'png' won't be loaded
[LOG 18:26:29.569] Load DDS texture: SquadExpansion/Serenity/Parts/Science/RobotArmScanner/Assets/GenericParts_diffuse
[LOG 18:26:29.577] Load DDS texture: SquadExpansion/Serenity/Parts/Science/RobotArmScanner/Assets/GenericParts_normal
[LOG 18:26:29.582] Load DDS texture: SquadExpansion/Serenity/Parts/Science/RobotArmScanner/Assets/ROCArm3_diffuse
[LOG 18:26:29.587] Load DDS texture: SquadExpansion/Serenity/Parts/Science/RobotArmScanner/Assets/ROCArm3_normal
[LOG 18:26:29.593] Load DDS texture: SquadExpansion/Serenity/Parts/Science/RobotArmScanner/Assets/ROCArm_2_diffuse
[LOG 18:26:29.595] Load DDS texture: SquadExpansion/Serenity/Parts/Science/RobotArmScanner/Assets/ROCArm_2_normal
[LOG 18:26:29.598] Load Cached PNG Texture: SquadExpansion/Serenity/Parts/Science/RobotArmScanner/Assets/Scratch
[LOG 18:26:29.598] Load DDS texture: SquadExpansion/Serenity/Parts/Science/RobotArmScanner/Assets/SmallArm_diffuse
[LOG 18:26:29.599] Load DDS texture: SquadExpansion/Serenity/Parts/Science/RobotArmScanner/Assets/SmallArm_normal
[LOG 18:26:29.600] Load DDS texture: SquadExpansion/Serenity/Parts/Structural/gripPads/Assets/gripPads_diffuse
[LOG 18:26:29.601] Load DDS texture: SquadExpansion/Serenity/Parts/Structural/gripPads/Assets/gripPads_nrm
[LOG 18:26:29.602] Load Cached PNG Texture: SquadExpansion/Serenity/Ships/@thumbs/SPH/Arrow-E
[LOG 18:26:29.602] Load Cached PNG Texture: SquadExpansion/Serenity/Ships/@thumbs/SPH/Butterfly Rover
[LOG 18:26:29.602] Load Cached PNG Texture: SquadExpansion/Serenity/Ships/@thumbs/SPH/Jeb_s Quadtaxi
[LOG 18:26:29.602] Load Cached PNG Texture: SquadExpansion/Serenity/Ships/@thumbs/SPH/Kerbodyne Rotodyne
[LOG 18:26:29.603] Load Cached PNG Texture: SquadExpansion/Serenity/Ships/@thumbs/SPH/Seahawk
[LOG 18:26:29.603] Load Cached PNG Texture: SquadExpansion/Serenity/Ships/@thumbs/SPH/Val-Thopter
[LOG 18:26:29.605] Load MU model: Squad/FX/afterburner_flame
[LOG 18:26:29.614] Load MU model: Squad/FX/afterburner_shock
[LOG 18:26:29.615] Load MU model: Squad/FX/diamondBlue
[LOG 18:26:29.615] Load MU model: Squad/FX/exhaustFlames_blue
[LOG 18:26:29.737] Load MU model: Squad/FX/hydroLOXFlame
[LOG 18:26:29.738] Load MU model: Squad/FX/IonPlume
[LOG 18:26:29.739] Load MU model: Squad/FX/ks1_Exhaust
[LOG 18:26:29.739] Load MU model: Squad/FX/ks25_Exhaust
[LOG 18:26:29.739] Load MU model: Squad/FX/ksX_Exhaust
[LOG 18:26:29.740] Load MU model: Squad/FX/LES_Thruster
[LOG 18:26:29.740] Load MU model: Squad/FX/Monoprop_big
[LOG 18:26:29.743] Load MU model: Squad/FX/Monoprop_medium
[LOG 18:26:29.743] Load MU model: Squad/FX/Monoprop_small
[LOG 18:26:29.743] Load MU model: Squad/FX/shockExhaust_blue
[LOG 18:26:29.744] Load MU model: Squad/FX/shockExhaust_blue_small
[LOG 18:26:29.744] Load MU model: Squad/FX/shockExhaust_red_small
[LOG 18:26:29.745] Load MU model: Squad/FX/SRB_Large
[LOG 18:26:29.745] Load MU model: Squad/FX/SRB_LargeSparks
[LOG 18:26:29.745] Load MU model: Squad/Parts/Aero/aerodynamicNoseCone/aerodynamicNoseCone
[LOG 18:26:29.748] Load MU model: Squad/Parts/Aero/airbrake/Airbrake
[LOG 18:26:29.752] Load MU model: Squad/Parts/Aero/airIntakeRadialXM-G50/RadialIntake
[LOG 18:26:29.752] Load MU model: Squad/Parts/Aero/airlinerWings/ControlSurface
[LOG 18:26:29.752] Load MU model: Squad/Parts/Aero/airlinerWings/MainWing
[LOG 18:26:29.752] Load MU model: Squad/Parts/Aero/airlinerWings/TailFin
[LOG 18:26:29.758] Load MU model: Squad/Parts/Aero/airplaneFins/AdvCanard
[LOG 18:26:29.758] Load MU model: Squad/Parts/Aero/airplaneFins/Canard
[LOG 18:26:29.758] Load MU model: Squad/Parts/Aero/airplaneFins/Swept
[LOG 18:26:29.758] Load MU model: Squad/Parts/Aero/airplaneFins/TailFin
[LOG 18:26:29.758] Load MU model: Squad/Parts/Aero/basicFin/basicFin
[LOG 18:26:29.759] Load MU model: Squad/Parts/Aero/circularIntake/CircularIntake
[LOG 18:26:29.760] Load MU model: Squad/Parts/Aero/circularIntake/ConeIntake
[LOG 18:26:29.761] Load MU model: Squad/Parts/Aero/cones/Assets/AvioCone
[LOG 18:26:29.761] Load MU model: Squad/Parts/Aero/cones/Assets/ConeA
[LOG 18:26:29.762] Load MU model: Squad/Parts/Aero/cones/Assets/ConeB
[LOG 18:26:29.762] Load MU model: Squad/Parts/Aero/cones/Assets/NCS
[LOG 18:26:29.764] Load MU model: Squad/Parts/Aero/cones/Assets/orangeNoseCone
[LOG 18:26:29.764] Load MU model: Squad/Parts/Aero/cones/Assets/rocketNoseCone
[LOG 18:26:29.765] Load MU model: Squad/Parts/Aero/cones/Assets/rocketNoseCone_v2
[LOG 18:26:29.765] Load MU model: Squad/Parts/Aero/cones/Assets/rocketNoseCone_v3
[LOG 18:26:29.765] Load MU model: Squad/Parts/Aero/cones/Assets/TailA
[LOG 18:26:29.766] Load MU model: Squad/Parts/Aero/cones/Assets/TailB
[LOG 18:26:29.766] Load MU model: Squad/Parts/Aero/cones/Assets/TinyCone
[LOG 18:26:29.766] Load MU model: Squad/Parts/Aero/fairings/AutoTruss
[LOG 18:26:29.767] Load MU model: Squad/Parts/Aero/fairings/fairingSize1
[LOG 18:26:29.767] Load MU model: Squad/Parts/Aero/fairings/fairingSize2
[LOG 18:26:29.767] Load MU model: Squad/Parts/Aero/fairings/fairingSize3
[LOG 18:26:29.768] Load MU model: Squad/Parts/Aero/HeatShield/HeatShield0
[LOG 18:26:29.773] Load MU model: Squad/Parts/Aero/HeatShield/HeatShield1
[LOG 18:26:29.773] Load MU model: Squad/Parts/Aero/HeatShield/HeatShield2
[LOG 18:26:29.773] Load MU model: Squad/Parts/Aero/HeatShield/HeatShield3
[LOG 18:26:29.774] Load MU model: Squad/Parts/Aero/InflatableHeatShield/HeatShield
[LOG 18:26:29.776] Load MU model: Squad/Parts/Aero/intakeRadialLong/IntakeRadial
[LOG 18:26:29.778] Load MU model: Squad/Parts/Aero/miniIntake/SmallIntake
[LOG 18:26:29.778] Load MU model: Squad/Parts/Aero/ramAirIntake/RampIntake
[LOG 18:26:29.778] Load MU model: Squad/Parts/Aero/shuttleWings/ShuttleDeltaWing
[LOG 18:26:29.779] Load MU model: Squad/Parts/Aero/shuttleWings/ShuttleElevonA
[LOG 18:26:29.779] Load MU model: Squad/Parts/Aero/shuttleWings/ShuttleElevonB
[LOG 18:26:29.779] Load MU model: Squad/Parts/Aero/shuttleWings/ShuttleRudder
[LOG 18:26:29.779] Load MU model: Squad/Parts/Aero/shuttleWings/ShuttleStrake
[LOG 18:26:29.779] Load MU model: Squad/Parts/Aero/wingletAV-R8/model
[LOG 18:26:29.782] Load MU model: Squad/Parts/Aero/wingletAV-T1/model
[LOG 18:26:29.782] Load MU model: Squad/Parts/Aero/wingletDeltaDeluxe/model
[LOG 18:26:29.782] Load MU model: Squad/Parts/Aero/wings/connector1
[LOG 18:26:29.782] Load MU model: Squad/Parts/Aero/wings/connector2
[LOG 18:26:29.782] Load MU model: Squad/Parts/Aero/wings/connector3
[LOG 18:26:29.783] Load MU model: Squad/Parts/Aero/wings/connector4
[LOG 18:26:29.783] Load MU model: Squad/Parts/Aero/wings/connector5
[LOG 18:26:29.783] Load MU model: Squad/Parts/Aero/wings/delta
[LOG 18:26:29.783] Load MU model: Squad/Parts/Aero/wings/delta_small
[LOG 18:26:29.783] Load MU model: Squad/Parts/Aero/wings/elevon1
[LOG 18:26:29.783] Load MU model: Squad/Parts/Aero/wings/elevon2
[LOG 18:26:29.784] Load MU model: Squad/Parts/Aero/wings/elevon3
[LOG 18:26:29.784] Load MU model: Squad/Parts/Aero/wings/elevon4
[LOG 18:26:29.786] Load MU model: Squad/Parts/Aero/wings/elevon5
[LOG 18:26:29.786] Load MU model: Squad/Parts/Aero/wings/strake
[LOG 18:26:29.786] Load MU model: Squad/Parts/Aero/wings/structural1
[LOG 18:26:29.786] Load MU model: Squad/Parts/Aero/wings/structural2
[LOG 18:26:29.786] Load MU model: Squad/Parts/Aero/wings/structural3
[LOG 18:26:29.786] Load MU model: Squad/Parts/Aero/wings/structural4
[LOG 18:26:29.787] Load MU model: Squad/Parts/Aero/wings/swept1
[LOG 18:26:29.787] Load MU model: Squad/Parts/Aero/wings/swept2
[LOG 18:26:29.787] Load MU model: Squad/Parts/Cargo/CargoContainers/cargoContainer
[LOG 18:26:29.787] Load MU model: Squad/Parts/Cargo/CargoContainers/smallCargoContainer
[LOG 18:26:29.787] Load MU model: Squad/Parts/Cargo/Cylinder/EVAcylinder
[LOG 18:26:29.788] Load MU model: Squad/Parts/Cargo/GroundAnchor/groundAnchor
[LOG 18:26:29.788] Load MU model: Squad/Parts/Cargo/Jetpack/Jetpack
[LOG 18:26:29.789] Load MU model: Squad/Parts/Cargo/Parachute/Parachute
[LOG 18:26:29.789] Load MU model: Squad/Parts/Cargo/RepairKit/RepairKit
[LOG 18:26:29.809] Load MU model: Squad/Parts/Cargo/ScienceKit/ExperimentKit
[LOG 18:26:29.810] Load MU model: Squad/Parts/Cargo/StorageUnits/Assets/CargoStorageUnit
[LOG 18:26:29.810] Load MU model: Squad/Parts/Cargo/StorageUnits/Assets/ConformalStorageUnit
[LOG 18:26:29.811] Load MU model: Squad/Parts/Command/advancedSasModuleLarge/model
[LOG 18:26:29.811] Load MU model: Squad/Parts/Command/cupola/model
[LOG 18:26:29.820] Load MU model: Squad/Parts/Command/externalCommandSeat/model
[LOG 18:26:29.820] Load MU model: Squad/Parts/Command/hitchhikerStorageContainer/model
[LOG 18:26:29.823] Load MU model: Squad/Parts/Command/inlineAdvancedStabilizer/model
[LOG 18:26:29.823] Load MU model: Squad/Parts/Command/inlineReactionWheel/model
[LOG 18:26:29.826] Load MU model: Squad/Parts/Command/Mk1-3Pod/Mk1-3
[LOG 18:26:29.826] Load MU model: Squad/Parts/Command/mk1Cockpits/Cabin
[LOG 18:26:29.829] Load MU model: Squad/Parts/Command/mk1Cockpits/CockpitInline
[LOG 18:26:29.837] Load MU model: Squad/Parts/Command/mk1Cockpits/CockpitStandard
[LOG 18:26:29.857] Load MU model: Squad/Parts/Command/mk1LanderCan/model
[LOG 18:26:29.857] Load MU model: Squad/Parts/Command/mk1pod_v2/Mk1Pod_v2
[LOG 18:26:29.858] Load MU model: Squad/Parts/Command/mk2CockpitInline/model
[LOG 18:26:29.858] Load MU model: Squad/Parts/Command/mk2CockpitStandard/model
[LOG 18:26:29.859] Load MU model: Squad/Parts/Command/mk2DroneCore/model
[LOG 18:26:29.859] Load MU model: Squad/Parts/Command/mk2LanderCan/model
[LOG 18:26:29.860] Load MU model: Squad/Parts/Command/mk2LanderCan_v2/mk2LanderCan
[LOG 18:26:29.862] Load MU model: Squad/Parts/Command/mk3CockpitShuttle/model
[LOG 18:26:29.862] Load MU model: Squad/Parts/Command/MpoProbe/MpoProbe
[LOG 18:26:29.863] Load MU model: Squad/Parts/Command/MtmStage/MTM_Stage
[LOG 18:26:29.863] Load MU model: Squad/Parts/Command/probeCoreCube/probeCoreCube
[LOG 18:26:29.863] Load MU model: Squad/Parts/Command/probeCoreHex/model
[LOG 18:26:29.864] Load MU model: Squad/Parts/Command/probeCoreHex_v2/model
[LOG 18:26:29.864] Load MU model: Squad/Parts/Command/probeCoreOcto2_v2/probeCoreOcto2_v2
[LOG 18:26:29.864] Load MU model: Squad/Parts/Command/probeCoreOcto_v2/probeCoreOcto_v2
[LOG 18:26:29.864] Load MU model: Squad/Parts/Command/probeRoverBody/model
[LOG 18:26:29.865] Load MU model: Squad/Parts/Command/probeRoverBody_v2/probeRoverBody_v2
[LOG 18:26:29.865] Load MU model: Squad/Parts/Command/probeStackLarge/model
[LOG 18:26:29.865] Load MU model: Squad/Parts/Command/probeStackSmall/model
[LOG 18:26:29.865] Load MU model: Squad/Parts/Command/probeStackSphere_v2/probeStackSphere_v2
[LOG 18:26:29.866] Load MU model: Squad/Parts/CompoundParts/FuelLine/model
[LOG 18:26:29.866] Load MU model: Squad/Parts/CompoundParts/strutConnector/model
[LOG 18:26:29.866] Load MU model: Squad/Parts/Coupling/Assets/Decoupler_0
[LOG 18:26:29.867] Load MU model: Squad/Parts/Coupling/Assets/Decoupler_1
[LOG 18:26:29.867] Load MU model: Squad/Parts/Coupling/Assets/Decoupler_1p5
[LOG 18:26:29.867] Load MU model: Squad/Parts/Coupling/Assets/Decoupler_2
[LOG 18:26:29.868] Load MU model: Squad/Parts/Coupling/Assets/Decoupler_3
[LOG 18:26:29.868] Load MU model: Squad/Parts/Coupling/Assets/Decoupler_4
[LOG 18:26:29.869] Load MU model: Squad/Parts/Coupling/Assets/Separator_0
[LOG 18:26:29.869] Load MU model: Squad/Parts/Coupling/Assets/Separator_1
[LOG 18:26:29.869] Load MU model: Squad/Parts/Coupling/Assets/Separator_1p5
[LOG 18:26:29.870] Load MU model: Squad/Parts/Coupling/Assets/Separator_2
[LOG 18:26:29.871] Load MU model: Squad/Parts/Coupling/Assets/Separator_3
[LOG 18:26:29.871] Load MU model: Squad/Parts/Coupling/Assets/Separator_4
[LOG 18:26:29.871] Load MU model: Squad/Parts/Electrical/10CSolarPanels/assets/OX-10C
[LOG 18:26:29.873] Load MU model: Squad/Parts/Electrical/10CSolarPanels/assets/SP-10C
[LOG 18:26:29.876] Load MU model: Squad/Parts/Electrical/10LSolarPanels/assets/OX-10L
[LOG 18:26:29.877] Load MU model: Squad/Parts/Electrical/10LSolarPanels/assets/SP-10L
[LOG 18:26:29.881] Load MU model: Squad/Parts/Electrical/1x6ShroudSolarPanels/model
[LOG 18:26:29.883] Load MU model: Squad/Parts/Electrical/1x6SolarPanels/model
[LOG 18:26:29.890] Load MU model: Squad/Parts/Electrical/3x2ShroudSolarPanels/model
[LOG 18:26:29.892] Load MU model: Squad/Parts/Electrical/3x2SolarPanels/model
[LOG 18:26:29.892] Load MU model: Squad/Parts/Electrical/gigantorXlSolarArray/model
[LOG 18:26:29.896] Load MU model: Squad/Parts/Electrical/radialFlatSolarPanel/model
[LOG 18:26:29.897] Load MU model: Squad/Parts/Electrical/RTG/model
[LOG 18:26:29.897] Load MU model: Squad/Parts/Electrical/z-100Battery/model
[LOG 18:26:29.897] Load MU model: Squad/Parts/Electrical/z-1kBattery/model
[LOG 18:26:29.897] Load MU model: Squad/Parts/Electrical/z-200Battery/model
[LOG 18:26:29.898] Load MU model: Squad/Parts/Electrical/z-400Battery/model
[LOG 18:26:29.898] Load MU model: Squad/Parts/Electrical/z-4kBattery/model
[LOG 18:26:29.898] Load MU model: Squad/Parts/Engine/ionEngine/model
[LOG 18:26:29.898] Load MU model: Squad/Parts/Engine/jetEngines/turbineInside
[LOG 18:26:29.899] Load MU model: Squad/Parts/Engine/jetEngines/turboFanSize1
[LOG 18:26:29.899] Load MU model: Squad/Parts/Engine/jetEngines/turboFanSize2
[LOG 18:26:29.900] Load MU model: Squad/Parts/Engine/jetEngines/turboJet
[LOG 18:26:29.900] Load MU model: Squad/Parts/Engine/jetEngines/turboRamJet
[LOG 18:26:29.901] Load MU model: Squad/Parts/Engine/liquidEngine24-77/model
[LOG 18:26:29.901] Load MU model: Squad/Parts/Engine/liquidEngine24-77_v2/Twitch_v2
[LOG 18:26:29.902] Load MU model: Squad/Parts/Engine/liquidEngine48-7S_v2/SparkV2
[LOG 18:26:29.903] Load MU model: Squad/Parts/Engine/liquidEngineAerospike/AeroSpike
[LOG 18:26:29.903] Load MU model: Squad/Parts/Engine/liquidEngineLV-1_v2/Assets/Ant
[LOG 18:26:29.904] Load MU model: Squad/Parts/Engine/liquidEngineLV-1_v2/Assets/Spider
[LOG 18:26:29.904] Load MU model: Squad/Parts/Engine/liquidEngineLV-909_v2/TerrierV2
[LOG 18:26:29.905] Load MU model: Squad/Parts/Engine/liquidEngineLV-N/model
[LOG 18:26:29.908] Load MU model: Squad/Parts/Engine/liquidEngineLV-T30/model
[LOG 18:26:29.908] Load MU model: Squad/Parts/Engine/liquidEngineLV-T30_v2/Reliant_v2
[LOG 18:26:29.910] Load MU model: Squad/Parts/Engine/liquidEngineLV-T45/model
[LOG 18:26:29.910] Load MU model: Squad/Parts/Engine/liquidEngineLV-T45_v2/Swivel_v2
[LOG 18:26:29.912] Load MU model: Squad/Parts/Engine/liquidEngineMainsail_v2/liquidEngineMainsail_v2
[LOG 18:26:29.913] Load MU model: Squad/Parts/Engine/liquidEngineMk55/Thud
[LOG 18:26:29.914] Load MU model: Squad/Parts/Engine/liquidEnginePoodle_v2/LqdEnginePoodle_v2
[LOG 18:26:29.917] Load MU model: Squad/Parts/Engine/liquidEngineSkipper_v2/skipper_v2
[LOG 18:26:29.919] Load MU model: Squad/Parts/Engine/liquidEngineSSME/SSME
[LOG 18:26:29.919] Load MU model: Squad/Parts/Engine/MassiveSRB/MassiveSRB
[LOG 18:26:29.920] Load MU model: Squad/Parts/Engine/miniJet/SmallJet
[LOG 18:26:29.920] Load MU model: Squad/Parts/Engine/OMSEngine/Puff_v2
[LOG 18:26:29.925] Load MU model: Squad/Parts/Engine/rapierEngine/rapier
[LOG 18:26:29.927] Load MU model: Squad/Parts/Engine/Size1_SRBs/SRB10
[LOG 18:26:29.927] Load MU model: Squad/Parts/Engine/Size1_SRBs/SRB5
[LOG 18:26:29.928] Load MU model: Squad/Parts/Engine/Size2LFB/Size2LFB
[LOG 18:26:29.929] Load MU model: Squad/Parts/Engine/Size2LFB_v2/Size2LFB_v2
[LOG 18:26:29.930] Load MU model: Squad/Parts/Engine/Size3AdvancedEngine/Size3AdvancedEngine
[LOG 18:26:29.931] Load MU model: Squad/Parts/Engine/Size3EngineCluster/Size3EngineCluster
[LOG 18:26:29.932] Load MU model: Squad/Parts/Engine/solidBoosterBACC/model
[LOG 18:26:29.933] Load MU model: Squad/Parts/Engine/solidBoosterS2-17/solidBoosterS2-17
[LOG 18:26:29.933] Load MU model: Squad/Parts/Engine/solidBoosterS2-33/solidBoosterS2-33
[LOG 18:26:29.934] Load MU model: Squad/Parts/Engine/solidBoosterSep/model
[LOG 18:26:29.934] Load MU model: Squad/Parts/Engine/SolidBoostersF/Assets/SolidBoosterF3S0
[LOG 18:26:29.935] Load MU model: Squad/Parts/Engine/SolidBoostersF/Assets/SolidBoosterFM1
[LOG 18:26:29.935] Load MU model: Squad/Parts/FuelTank/adapterTanks/Mk3-Mk2
[LOG 18:26:29.936] Load MU model: Squad/Parts/FuelTank/adapterTanks/Mk3-Size2
[LOG 18:26:29.936] Load MU model: Squad/Parts/FuelTank/adapterTanks/Mk3-Size2Slant
[LOG 18:26:29.936] Load MU model: Squad/Parts/FuelTank/adapterTanks/ShuttleAdapter
[LOG 18:26:29.937] Load MU model: Squad/Parts/FuelTank/adapterTanks/Size2-Mk2
[LOG 18:26:29.937] Load MU model: Squad/Parts/FuelTank/adapterTanks/Size2-Size1
[LOG 18:26:29.937] Load MU model: Squad/Parts/FuelTank/adapterTanks/Size2-Size1Slant
[LOG 18:26:29.937] Load MU model: Squad/Parts/FuelTank/adapterTanks/Size3-Mk3
[LOG 18:26:29.938] Load MU model: Squad/Parts/FuelTank/drainTankFTE-1/fuelValve
[LOG 18:26:29.938] Load MU model: Squad/Parts/FuelTank/FoilTanks/RadialTank_Capsule
[LOG 18:26:29.938] Load MU model: Squad/Parts/FuelTank/FoilTanks/RadialTank_Round
[LOG 18:26:29.938] Load MU model: Squad/Parts/FuelTank/FoilTanks/ToroidTank
[LOG 18:26:29.939] Load MU model: Squad/Parts/FuelTank/fuelTankOscarB/model
[LOG 18:26:29.939] Load MU model: Squad/Parts/FuelTank/miniFuselage/Fuselage
[LOG 18:26:29.939] Load MU model: Squad/Parts/FuelTank/mk2Adapters/bicoupler
[LOG 18:26:29.940] Load MU model: Squad/Parts/FuelTank/mk2Adapters/long
[LOG 18:26:29.940] Load MU model: Squad/Parts/FuelTank/mk2Adapters/standard
[LOG 18:26:29.940] Load MU model: Squad/Parts/FuelTank/mk2FuselageLong/FuselageLongLFO
[LOG 18:26:29.940] Load MU model: Squad/Parts/FuelTank/mk2FuselageLong/FuselageLongLiquid
[LOG 18:26:29.940] Load MU model: Squad/Parts/FuelTank/mk2FuselageShort/FuselageShortLFO
[LOG 18:26:29.941] Load MU model: Squad/Parts/FuelTank/mk2FuselageShort/FuselageShortLiquid
[LOG 18:26:29.941] Load MU model: Squad/Parts/FuelTank/mk2FuselageShort/FuselageShortMono
[LOG 18:26:29.941] Load MU model: Squad/Parts/FuelTank/mk3Fuselage/CREW
[LOG 18:26:29.941] Load MU model: Squad/Parts/FuelTank/mk3Fuselage/LFO_100
[LOG 18:26:29.942] Load MU model: Squad/Parts/FuelTank/mk3Fuselage/LFO_25
[LOG 18:26:29.942] Load MU model: Squad/Parts/FuelTank/mk3Fuselage/LFO_50
[LOG 18:26:29.942] Load MU model: Squad/Parts/FuelTank/mk3Fuselage/LF_100
[LOG 18:26:29.942] Load MU model: Squad/Parts/FuelTank/mk3Fuselage/LF_25
[LOG 18:26:29.942] Load MU model: Squad/Parts/FuelTank/mk3Fuselage/LF_50
[LOG 18:26:29.943] Load MU model: Squad/Parts/FuelTank/mk3Fuselage/MONO
[LOG 18:26:29.943] Load MU model: Squad/Parts/FuelTank/RCSFuelTankR1/RCSFuelTankR1_01
[LOG 18:26:29.943] Load MU model: Squad/Parts/FuelTank/RCSFuelTankR10/model
[LOG 18:26:29.944] Load MU model: Squad/Parts/FuelTank/RCSFuelTankR25/RCSFuelTankR25
[LOG 18:26:29.944] Load MU model: Squad/Parts/FuelTank/RCSTankRadial/model
[LOG 18:26:29.944] Load MU model: Squad/Parts/FuelTank/RCStankRadialLong/model
[LOG 18:26:29.944] Load MU model: Squad/Parts/FuelTank/RockomaxTanks/Assets/Rockomax16
[LOG 18:26:29.944] Load MU model: Squad/Parts/FuelTank/RockomaxTanks/Assets/Rockomax32
[LOG 18:26:29.945] Load MU model: Squad/Parts/FuelTank/RockomaxTanks/Assets/Rockomax64
[LOG 18:26:29.945] Load MU model: Squad/Parts/FuelTank/RockomaxTanks/Assets/Rockomax8
[LOG 18:26:29.946] Load MU model: Squad/Parts/FuelTank/Size1_Tanks/Size1Tank_01
[LOG 18:26:29.946] Load MU model: Squad/Parts/FuelTank/Size1_Tanks/Size1Tank_02
[LOG 18:26:29.946] Load MU model: Squad/Parts/FuelTank/Size1_Tanks/Size1Tank_03
[LOG 18:26:29.947] Load MU model: Squad/Parts/FuelTank/Size1_Tanks/Size1Tank_04
[LOG 18:26:29.947] Load MU model: Squad/Parts/FuelTank/Size3Tanks/Size3LargeTank
[LOG 18:26:29.947] Load MU model: Squad/Parts/FuelTank/Size3Tanks/Size3MediumTank
[LOG 18:26:29.947] Load MU model: Squad/Parts/FuelTank/Size3Tanks/Size3SmallTank
[LOG 18:26:29.948] Load MU model: Squad/Parts/FuelTank/xenonTank/model
[LOG 18:26:29.948] Load MU model: Squad/Parts/FuelTank/xenonTankLarge/model
[LOG 18:26:29.948] Load MU model: Squad/Parts/FuelTank/xenonTankRadial/model
[LOG 18:26:29.948] Load MU model: Squad/Parts/Misc/AsteroidDay/CamSat
[LOG 18:26:29.949] Load MU model: Squad/Parts/Misc/AsteroidDay/HECS2
[LOG 18:26:29.949] Load MU model: Squad/Parts/Misc/AsteroidDay/HighGainAntenna
[LOG 18:26:29.950] Load MU model: Squad/Parts/Misc/AsteroidDay/LgRadialSolar
[LOG 18:26:29.950] Load MU model: Squad/Parts/Misc/PotatoComet/Cube
[LOG 18:26:29.950] Load MU model: Squad/Parts/Misc/PotatoRoid/Cube
[LOG 18:26:29.951] Load MU model: Squad/Parts/Resources/FuelCell/FuelCell
[LOG 18:26:29.951] Load MU model: Squad/Parts/Resources/FuelCell/FuelCellArray
[LOG 18:26:29.951] Load MU model: Squad/Parts/Resources/ISRU/ISRU
[LOG 18:26:29.952] Load MU model: Squad/Parts/Resources/LargeTank/LargeTank
[LOG 18:26:29.952] Load MU model: Squad/Parts/Resources/MiniDrill/MiniDrill
[LOG 18:26:29.954] Load MU model: Squad/Parts/Resources/MiniISRU/MiniISRU
[LOG 18:26:29.954] Load MU model: Squad/Parts/Resources/OrbitalScanner/OrbitalScanner
[LOG 18:26:29.955] Load MU model: Squad/Parts/Resources/RadialDrill/TriBitDrill
[LOG 18:26:29.957] Load MU model: Squad/Parts/Resources/RadialTank/RadialOreTank
[LOG 18:26:29.958] Load MU model: Squad/Parts/Resources/SmallTank/SmallTank
[LOG 18:26:29.958] Load MU model: Squad/Parts/Resources/SurfaceScanner/SurfaceScanner
[LOG 18:26:29.958] Load MU model: Squad/Parts/Resources/SurveyScanner/SurveyScanner
[LOG 18:26:29.958] Load MU model: Squad/Parts/Science/AtmosphereSensor/model
[LOG 18:26:29.960] Load MU model: Squad/Parts/Science/GooExperiment/GooExperiment
[LOG 18:26:29.960] Load MU model: Squad/Parts/Science/LargeCrewedLab/large_crewed_lab
[LOG 18:26:29.962] Load MU model: Squad/Parts/Science/Magnetometer/Magnetometer
[LOG 18:26:29.966] Load MU model: Squad/Parts/Science/MaterialBay/science_module_small
[LOG 18:26:29.967] Load MU model: Squad/Parts/Science/ScienceBox/ScienceBox
[LOG 18:26:29.967] Load MU model: Squad/Parts/Science/sensorAccelerometer/model
[LOG 18:26:29.967] Load MU model: Squad/Parts/Science/sensorBarometer/model
[LOG 18:26:29.967] Load MU model: Squad/Parts/Science/sensorGravimeter/model
[LOG 18:26:29.967] Load MU model: Squad/Parts/Science/sensorThermometer/model
[LOG 18:26:29.967] Load MU model: Squad/Parts/Structural/FLAdapters/Assets/adapterSmallMiniShort_v2
[LOG 18:26:29.968] Load MU model: Squad/Parts/Structural/FLAdapters/Assets/adapterSmallMiniTall_v2
[LOG 18:26:29.968] Load MU model: Squad/Parts/Structural/mk1Parts/Fuselage
[LOG 18:26:29.968] Load MU model: Squad/Parts/Structural/mk1Parts/IntakeFuselage
[LOG 18:26:29.969] Load MU model: Squad/Parts/Structural/mk1Parts/Nacelle1
[LOG 18:26:29.969] Load MU model: Squad/Parts/Structural/mk1Parts/Nacelle2
[LOG 18:26:29.969] Load MU model: Squad/Parts/Structural/mk1Parts/Structural
[LOG 18:26:29.969] Load MU model: Squad/Parts/Structural/mk1Parts/StructuralHollow
[LOG 18:26:29.970] Load MU model: Squad/Parts/Structural/Size3To2Adapter_v2/Size2to3_v2
[LOG 18:26:29.970] Load MU model: Squad/Parts/Structural/stackAdapters/Assets/adapterLargeSmallBi
[LOG 18:26:29.970] Load MU model: Squad/Parts/Structural/stackAdapters/Assets/adapterLargeSmallQuad
[LOG 18:26:29.971] Load MU model: Squad/Parts/Structural/stackAdapters/Assets/adapterLargeSmallTri
[LOG 18:26:29.971] Load MU model: Squad/Parts/Structural/stationHub/model
[LOG 18:26:29.971] Load MU model: Squad/Parts/Structural/structuralIBeam200/model
[LOG 18:26:29.971] Load MU model: Squad/Parts/Structural/structuralIBeam200Pocket/model
[LOG 18:26:29.971] Load MU model: Squad/Parts/Structural/structuralIBeam650/model
[LOG 18:26:29.972] Load MU model: Squad/Parts/Structural/structuralMicronode/model
[LOG 18:26:29.972] Load MU model: Squad/Parts/Structural/structuralPanel1x1/model
[LOG 18:26:29.972] Load MU model: Squad/Parts/Structural/structuralPanel2x2/model
[LOG 18:26:29.972] Load MU model: Squad/Parts/Structural/structuralPylons/PylonBig
[LOG 18:26:29.972] Load MU model: Squad/Parts/Structural/structuralPylons/PylonSmall
[LOG 18:26:29.972] Load MU model: Squad/Parts/Structural/strutCubicOcto/model
[LOG 18:26:29.973] Load MU model: Squad/Parts/Structural/strutOcto/model
[LOG 18:26:29.973] Load MU model: Squad/Parts/Structural/trussGirderAdapter/model
[LOG 18:26:29.973] Load MU model: Squad/Parts/Structural/trussGirderL/model
[LOG 18:26:29.973] Load MU model: Squad/Parts/Structural/trussGirderXL/model
[LOG 18:26:29.973] Load MU model: Squad/Parts/Thermal/FoldingRadiators/foldingRadLarge
[LOG 18:26:29.978] Load MU model: Squad/Parts/Thermal/FoldingRadiators/foldingRadMed
[LOG 18:26:29.980] Load MU model: Squad/Parts/Thermal/FoldingRadiators/foldingRadSmall
[LOG 18:26:29.982] Load MU model: Squad/Parts/Thermal/RadiatorPanels/radPanelEdge
[LOG 18:26:29.983] Load MU model: Squad/Parts/Thermal/RadiatorPanels/radPanelLg
[LOG 18:26:29.983] Load MU model: Squad/Parts/Thermal/RadiatorPanels/radPanelSm
[LOG 18:26:29.983] Load MU model: Squad/Parts/Utility/commDish88-88/model
[LOG 18:26:29.988] Load MU model: Squad/Parts/Utility/commsAntennaDTS-M1/mediumDishAntenna
[LOG 18:26:29.990] Load MU model: Squad/Parts/Utility/commsDish16/model
[LOG 18:26:29.990] Load MU model: Squad/Parts/Utility/decouplerRadialHDM/model
[LOG 18:26:29.990] Load MU model: Squad/Parts/Utility/decouplerRadialTT-38K/model
[LOG 18:26:29.990] Load MU model: Squad/Parts/Utility/decouplerRadialTT-70/model
[LOG 18:26:29.991] Load MU model: Squad/Parts/Utility/DirectAntennas/HGAntenna
[LOG 18:26:29.991] Load MU model: Squad/Parts/Utility/DirectAntennas/HGAntenna_v2
[LOG 18:26:29.993] Load MU model: Squad/Parts/Utility/DirectAntennas/SurfAntenna
[LOG 18:26:29.994] Load MU model: Squad/Parts/Utility/dockingPort/dockingPort
[LOG 18:26:29.995] Load MU model: Squad/Parts/Utility/dockingPortInline/dockingPortInline
[LOG 18:26:29.995] Load MU model: Squad/Parts/Utility/dockingPortJr/dockingPortJr
[LOG 18:26:29.996] Load MU model: Squad/Parts/Utility/dockingPortShielded/dockingPortShielded
[LOG 18:26:29.997] Load MU model: Squad/Parts/Utility/dockingPortSr/dockingPortSr
[LOG 18:26:29.997] Load MU model: Squad/Parts/Utility/Fireworks/Assets/fireworksLauncherBig
[LOG 18:26:29.998] Load MU model: Squad/Parts/Utility/Fireworks/Assets/fireworksLauncherSmall
[LOG 18:26:29.998] Load MU model: Squad/Parts/Utility/flags/flagFlat/flagFlatMeshes
[LOG 18:26:30.001] Load MU model: Squad/Parts/Utility/flags/flagSize0/flagSize0Meshes
[LOG 18:26:30.003] Load MU model: Squad/Parts/Utility/flags/flagSize1/flagSize1Meshes
[LOG 18:26:30.004] Load MU model: Squad/Parts/Utility/flags/flagSize2/flagSize2Meshes
[LOG 18:26:30.005] Load MU model: Squad/Parts/Utility/flags/flagSize3/flagSize3Meshes
[LOG 18:26:30.007] Load MU model: Squad/Parts/Utility/GrapplingDevice/GrapplingArm
[LOG 18:26:30.012] Load MU model: Squad/Parts/Utility/ladderRadial/model
[LOG 18:26:30.012] Load MU model: Squad/Parts/Utility/ladderTelescopic/model
[LOG 18:26:30.013] Load MU model: Squad/Parts/Utility/ladderTelescopicBay/model
[LOG 18:26:30.015] Load MU model: Squad/Parts/Utility/landingLegLT-1/model
[LOG 18:26:30.015] Load MU model: Squad/Parts/Utility/landingLegLT-2/model
[LOG 18:26:30.016] Load MU model: Squad/Parts/Utility/landingLegLT-5/model
[WRN 18:26:30.017] WheelCollider requires an attached Rigidbody to function.
[WRN 18:26:30.017] WheelCollider requires an attached Rigidbody to function.
[LOG 18:26:30.018] Load MU model: Squad/Parts/Utility/launchClamp1/model
[LOG 18:26:30.018] Load MU model: Squad/Parts/Utility/launchEscapeSystem/LaunchEscapeSystem
[LOG 18:26:30.019] Load MU model: Squad/Parts/Utility/Lights/Assets/light_02
[LOG 18:26:30.019] Load MU model: Squad/Parts/Utility/Lights/Assets/light_03
[LOG 18:26:30.019] Load MU model: Squad/Parts/Utility/Lights/Assets/light_04
[LOG 18:26:30.020] Load MU model: Squad/Parts/Utility/Lights/Assets/light_07
[LOG 18:26:30.020] Load MU model: Squad/Parts/Utility/Lights/Assets/light_08
[LOG 18:26:30.021] Load MU model: Squad/Parts/Utility/Lights/Assets/light_12
[LOG 18:26:30.021] Load MU model: Squad/Parts/Utility/linearVernorRCS/Assets/linearRCS
[LOG 18:26:30.021] Load MU model: Squad/Parts/Utility/linearVernorRCS/Assets/vernorEngine
[LOG 18:26:30.022] Load MU model: Squad/Parts/Utility/mk2CargoBay/BayLarge
[LOG 18:26:30.022] Load MU model: Squad/Parts/Utility/mk2CargoBay/BaySmall
[LOG 18:26:30.023] Load MU model: Squad/Parts/Utility/mk2CrewCabin/model
[LOG 18:26:30.023] Load MU model: Squad/Parts/Utility/mk2DockingPort/mk2Dockingport
[LOG 18:26:30.024] Load MU model: Squad/Parts/Utility/mk3CargoBay/long
[LOG 18:26:30.025] Load MU model: Squad/Parts/Utility/mk3CargoBay/medium
[LOG 18:26:30.026] Load MU model: Squad/Parts/Utility/mk3CargoBay/ramp
[LOG 18:26:30.028] Load MU model: Squad/Parts/Utility/mk3CargoBay/short
[LOG 18:26:30.029] Load MU model: Squad/Parts/Utility/parachuteMk1/model
[LOG 18:26:30.029] Load MU model: Squad/Parts/Utility/parachuteMk12-R/model
[LOG 18:26:30.030] Load MU model: Squad/Parts/Utility/parachuteMk16-XL/model
[LOG 18:26:30.030] Load MU model: Squad/Parts/Utility/parachuteMk2-R/model
[LOG 18:26:30.031] Load MU model: Squad/Parts/Utility/parachuteMk25/model
[LOG 18:26:30.031] Load MU model: Squad/Parts/Utility/radialAttachmentPoint/model
[LOG 18:26:30.031] Load MU model: Squad/Parts/Utility/rcsBlockRV-105_v2/rcsBlock105
[LOG 18:26:30.033] Load MU model: Squad/Parts/Utility/rcsSmallLinear/Assets/RCSLinearSmall
[LOG 18:26:30.033] Load MU model: Squad/Parts/Utility/RelayAntennas/HGAntenna
[LOG 18:26:30.034] Load MU model: Squad/Parts/Utility/RelayAntennas/RA-100
[LOG 18:26:30.034] Load MU model: Squad/Parts/Utility/RelayAntennas/RA-5
[LOG 18:26:30.034] Load MU model: Squad/Parts/Utility/RelayAntennas/RA-50
[LOG 18:26:30.034] Load MU model: Squad/Parts/Utility/rockomaxAdapters/Assets/brandAdapter
[LOG 18:26:30.035] Load MU model: Squad/Parts/Utility/rockomaxAdapters/Assets/brandAdapter02
[LOG 18:26:30.035] Load MU model: Squad/Parts/Utility/ServiceBay_v2/Assets/ServiceBay_125_v2
[LOG 18:26:30.037] Load MU model: Squad/Parts/Utility/ServiceBay_v2/Assets/ServiceBay_250_v2
[LOG 18:26:30.038] Load MU model: Squad/Parts/Utility/smallClaw/smallClaw
[LOG 18:26:30.042] Load MU model: Squad/Parts/Utility/spotLightMk1/model
[LOG 18:26:30.042] Load MU model: Squad/Parts/Utility/spotLightMk1_v2/model
[LOG 18:26:30.043] Load MU model: Squad/Parts/Utility/spotLightMk2/model
[LOG 18:26:30.043] Load MU model: Squad/Parts/Utility/spotLightMk2_v2/model
[LOG 18:26:30.043] Load MU model: Squad/Parts/Utility/stackCouplers/Assets/stackBiCoupler_v2
[LOG 18:26:30.044] Load MU model: Squad/Parts/Utility/stackCouplers/Assets/stackQuadCoupler
[LOG 18:26:30.044] Load MU model: Squad/Parts/Utility/stackCouplers/Assets/stackTriCoupler_v2
[LOG 18:26:30.044] Load MU model: Squad/Parts/Wheel/LandingGear/GearExtraLarge
[WRN 18:26:30.046] WheelCollider requires an attached Rigidbody to function.
[WRN 18:26:30.046] WheelCollider requires an attached Rigidbody to function.
[LOG 18:26:30.046] Load MU model: Squad/Parts/Wheel/LandingGear/GearFixed
[WRN 18:26:30.047] WheelCollider requires an attached Rigidbody to function.
[WRN 18:26:30.047] WheelCollider requires an attached Rigidbody to function.
[LOG 18:26:30.047] Load MU model: Squad/Parts/Wheel/LandingGear/GearFree
[WRN 18:26:30.047] WheelCollider requires an attached Rigidbody to function.
[WRN 18:26:30.047] WheelCollider requires an attached Rigidbody to function.
[LOG 18:26:30.047] Load MU model: Squad/Parts/Wheel/LandingGear/GearLarge
[WRN 18:26:30.047] WheelCollider requires an attached Rigidbody to function.
[WRN 18:26:30.047] WheelCollider requires an attached Rigidbody to function.
[LOG 18:26:30.048] Load MU model: Squad/Parts/Wheel/LandingGear/GearMedium
[WRN 18:26:30.049] WheelCollider requires an attached Rigidbody to function.
[WRN 18:26:30.049] WheelCollider requires an attached Rigidbody to function.
[LOG 18:26:30.049] Load MU model: Squad/Parts/Wheel/LandingGear/GearSmall
[WRN 18:26:30.049] WheelCollider requires an attached Rigidbody to function.
[WRN 18:26:30.049] WheelCollider requires an attached Rigidbody to function.
[LOG 18:26:30.049] Load MU model: Squad/Parts/Wheel/roverWheelM1/model
[WRN 18:26:30.050] WheelCollider requires an attached Rigidbody to function.
[WRN 18:26:30.050] WheelCollider requires an attached Rigidbody to function.
[LOG 18:26:30.050] Load MU model: Squad/Parts/Wheel/roverWheelS2/model
[WRN 18:26:30.050] WheelCollider requires an attached Rigidbody to function.
[WRN 18:26:30.050] WheelCollider requires an attached Rigidbody to function.
[LOG 18:26:30.051] Load MU model: Squad/Parts/Wheel/roverWheelTR-2L/model
[WRN 18:26:30.051] WheelCollider requires an attached Rigidbody to function.
[WRN 18:26:30.051] WheelCollider requires an attached Rigidbody to function.
[LOG 18:26:30.051] Load MU model: Squad/Parts/Wheel/roverWheelXL3/model
[WRN 18:26:30.053] WheelCollider requires an attached Rigidbody to function.
[WRN 18:26:30.053] WheelCollider requires an attached Rigidbody to function.
[LOG 18:26:30.053] Load MU model: Squad/Props/AltimeterThreeHands/model
[LOG 18:26:30.053] Load MU model: Squad/Props/AtmosphereDepth/model
[LOG 18:26:30.053] Load MU model: Squad/Props/AxisIndicator/model
[LOG 18:26:30.053] Load MU model: Squad/Props/buttonsGeneric/circularButton
[LOG 18:26:30.053] Load MU model: Squad/Props/buttonsGeneric/clusterButtons
[LOG 18:26:30.054] Load MU model: Squad/Props/buttonsGeneric/clusterButtons2
[LOG 18:26:30.054] Load MU model: Squad/Props/buttonsGeneric/clusterKnob
[LOG 18:26:30.054] Load MU model: Squad/Props/buttonsGeneric/clusterKnob2
[LOG 18:26:30.054] Load MU model: Squad/Props/buttonsGeneric/clusterMixed
[LOG 18:26:30.054] Load MU model: Squad/Props/buttonsGeneric/clusterSwitches01
[LOG 18:26:30.055] Load MU model: Squad/Props/buttonsGeneric/clusterSwitches02
[LOG 18:26:30.055] Load MU model: Squad/Props/buttonsGeneric/clusterSwitches03
[LOG 18:26:30.056] Load MU model: Squad/Props/buttonsGeneric/clusterSwitches04
[LOG 18:26:30.056] Load MU model: Squad/Props/buttonsGeneric/clusterSwitches05
[LOG 18:26:30.056] Load MU model: Squad/Props/buttonsGeneric/clusterSwitches06
[LOG 18:26:30.056] Load MU model: Squad/Props/buttonsGeneric/clusterSwitches07
[LOG 18:26:30.056] Load MU model: Squad/Props/buttonsGeneric/directionalKnob
[LOG 18:26:30.056] Load MU model: Squad/Props/buttonsGeneric/directionalKnob2
[LOG 18:26:30.057] Load MU model: Squad/Props/buttonsGeneric/pullSwitch
[LOG 18:26:30.057] Load MU model: Squad/Props/buttonsGeneric/squareButton
[LOG 18:26:30.057] Load MU model: Squad/Props/buttonsGeneric/standingSwitch
[LOG 18:26:30.057] Load MU model: Squad/Props/buttonsGeneric/switch
[LOG 18:26:30.057] Load MU model: Squad/Props/buttonsGeneric/switchWithGuards
[LOG 18:26:30.057] Load MU model: Squad/Props/ButtonSquare/model
[LOG 18:26:30.057] Load MU model: Squad/Props/circularButton/model
[LOG 18:26:30.057] Load MU model: Squad/Props/Compass/model
[LOG 18:26:30.058] Load MU model: Squad/Props/directionalKnob/model
[LOG 18:26:30.058] Load MU model: Squad/Props/directionalKnob2/model
[LOG 18:26:30.058] Load MU model: Squad/Props/IndicatorPanel/model
[LOG 18:26:30.058] Load MU model: Squad/Props/IVANavBall/model
[LOG 18:26:30.059] Load MU model: Squad/Props/IVANavBallNoBase/model
[LOG 18:26:30.059] Load MU model: Squad/Props/ledPanelSpeed/model
[LOG 18:26:30.059] Load MU model: Squad/Props/Monitor/MonitorDockingMode
[LOG 18:26:30.060] Load MU model: Squad/Props/NavBall/model
[LOG 18:26:30.060] Load MU model: Squad/Props/PropsGeneric/Button_DockingMode
[LOG 18:26:30.061] Load MU model: Squad/Props/PropsGeneric/CargoBagA
[LOG 18:26:30.064] Load MU model: Squad/Props/PropsGeneric/CargoBagB
[LOG 18:26:30.064] Load MU model: Squad/Props/PropsGeneric/CargoBagC
[LOG 18:26:30.065] Load MU model: Squad/Props/PropsGeneric/Hatch_Plane
[LOG 18:26:30.065] Load MU model: Squad/Props/PropsGeneric/Hatch_Plane_Curve90
[LOG 18:26:30.065] Load MU model: Squad/Props/PropsGeneric/Hatch_Plane_Frame
[LOG 18:26:30.065] Load MU model: Squad/Props/PropsGeneric/Seat_Passenger
[LOG 18:26:30.065] Load MU model: Squad/Props/PropsGeneric/Seat_Pilot
[LOG 18:26:30.066] Load MU model: Squad/Props/PropsGeneric/Seat_Pilot_Helmet
[LOG 18:26:30.066] Load MU model: Squad/Props/PropsGeneric/SideStick
[LOG 18:26:30.066] Load MU model: Squad/Props/pullSwitch/model
[LOG 18:26:30.066] Load MU model: Squad/Props/radarAltitude/model
[LOG 18:26:30.066] Load MU model: Squad/Props/squareButton/model
[LOG 18:26:30.066] Load MU model: Squad/Props/standingSwitch/model
[LOG 18:26:30.067] Load MU model: Squad/Props/switch/model
[LOG 18:26:30.067] Load MU model: Squad/Props/switchGuard/model
[LOG 18:26:30.067] Load MU model: Squad/Props/switchWithGuards/model
[LOG 18:26:30.067] Load MU model: Squad/Props/throttle/model
[LOG 18:26:30.067] Load MU model: Squad/Props/VSI/model
[LOG 18:26:30.067] Load MU model: Squad/Spaces/crewCabinInternals/model
[LOG 18:26:30.069] Load MU model: Squad/Spaces/cupolaInternal/model
[LOG 18:26:30.071] Load MU model: Squad/Spaces/GenericSpace1/model
[LOG 18:26:30.072] Load MU model: Squad/Spaces/GenericSpace3/model
[LOG 18:26:30.074] Load MU model: Squad/Spaces/landerCabinInternals/model
[LOG 18:26:30.075] Load MU model: Squad/Spaces/landerCabinSmallInternal/model
[LOG 18:26:30.076] Load MU model: Squad/Spaces/LargeCrewedLabInternals/Large_Crewed_lab_Int
[LOG 18:26:30.078] Load MU model: Squad/Spaces/Mk1-3/model
[LOG 18:26:30.081] Load MU model: Squad/Spaces/mk1CabinInternal/mk1cabin
[LOG 18:26:30.083] Load MU model: Squad/Spaces/mk1CockpitInternal/Mk1StandardIVA
[LOG 18:26:30.085] Load MU model: Squad/Spaces/mk1InlineInternal/Mk1InlineIVA
[LOG 18:26:30.086] Load MU model: Squad/Spaces/mk1PodCockpit/model
[LOG 18:26:30.087] Load MU model: Squad/Spaces/mk1pod_IVA/mk1pod_IVA
[LOG 18:26:30.088] Load MU model: Squad/Spaces/mk2CockpitStandardInternal/model
[LOG 18:26:30.089] Load MU model: Squad/Spaces/Mk2CrewCabinInternal/MK2_CrewCab_Int
[LOG 18:26:30.091] Load MU model: Squad/Spaces/mk2InlineInternal/mk2InlineIVA
[LOG 18:26:30.093] Load MU model: Squad/Spaces/mk2LanderCanInternal/mk2LanderCanInternal
[LOG 18:26:30.095] Load MU model: Squad/Spaces/MK3CockpitInternal/MK3_Cockpit_Int
[LOG 18:26:30.097] Load MU model: Squad/Spaces/MK3_CrewCab_Int/MK3_CrewCab_Int
[LOG 18:26:30.100] Load MU model: Squad/Spaces/OverlayMasks/CupolaMask
[LOG 18:26:30.100] Load MU model: Squad/Spaces/OverlayMasks/HitchhikerBorder
[LOG 18:26:30.101] Load MU model: Squad/Spaces/OverlayMasks/HitchhikerMask
[LOG 18:26:30.101] Load MU model: Squad/Spaces/OverlayMasks/LargeLabBorder
[LOG 18:26:30.101] Load MU model: Squad/Spaces/OverlayMasks/LargeLabMask
[LOG 18:26:30.101] Load MU model: Squad/Spaces/OverlayMasks/Mk1CabinBorder
[LOG 18:26:30.101] Load MU model: Squad/Spaces/OverlayMasks/Mk1CabinMask
[LOG 18:26:30.101] Load MU model: Squad/Spaces/OverlayMasks/Mk1InlineMask
[LOG 18:26:30.102] Load MU model: Squad/Spaces/OverlayMasks/Mk1InlineMask2
[LOG 18:26:30.102] Load MU model: Squad/Spaces/OverlayMasks/Mk1StandardBorder2
[LOG 18:26:30.102] Load MU model: Squad/Spaces/OverlayMasks/Mk1StandardBorder3
[LOG 18:26:30.102] Load MU model: Squad/Spaces/OverlayMasks/Mk1StandardMask
[LOG 18:26:30.102] Load MU model: Squad/Spaces/OverlayMasks/Mk1StandardMask2
[LOG 18:26:30.102] Load MU model: Squad/Spaces/OverlayMasks/Mk1StandardMask3
[LOG 18:26:30.102] Load MU model: Squad/Spaces/OverlayMasks/Mk2CabinBorder
[LOG 18:26:30.102] Load MU model: Squad/Spaces/OverlayMasks/Mk2CabinMask
[LOG 18:26:30.103] Load MU model: Squad/Spaces/OverlayMasks/Mk2InlineBorder
[LOG 18:26:30.103] Load MU model: Squad/Spaces/OverlayMasks/Mk2InlineMask
[LOG 18:26:30.103] Load MU model: Squad/Spaces/OverlayMasks/Mk2StandardBorder
[LOG 18:26:30.103] Load MU model: Squad/Spaces/OverlayMasks/Mk2StandardMask
[LOG 18:26:30.103] Load MU model: Squad/Spaces/OverlayMasks/Mk3CabinBorder
[LOG 18:26:30.103] Load MU model: Squad/Spaces/OverlayMasks/Mk3CabinMask
[LOG 18:26:30.103] Load MU model: Squad/Spaces/OverlayMasks/Mk3CabinMask2
[LOG 18:26:30.104] Load MU model: Squad/Spaces/OverlayMasks/Mk3ShuttleBorder
[LOG 18:26:30.104] Load MU model: Squad/Spaces/OverlayMasks/Mk3ShuttleMask
[LOG 18:26:30.104] Load MU model: Squad/Spaces/OverlayMasks/Size1LanderBorder
[LOG 18:26:30.104] Load MU model: Squad/Spaces/OverlayMasks/Size1LanderMask
[LOG 18:26:30.104] Load MU model: Squad/Spaces/OverlayMasks/Size1PodBorder
[LOG 18:26:30.104] Load MU model: Squad/Spaces/OverlayMasks/Size1PodMask
[LOG 18:26:30.104] Load MU model: Squad/Spaces/OverlayMasks/Size2LanderBorder
[LOG 18:26:30.104] Load MU model: Squad/Spaces/OverlayMasks/Size2LanderMask
[LOG 18:26:30.105] Load MU model: Squad/Spaces/OverlayMasks/Size2PodBorder
[LOG 18:26:30.105] Load MU model: Squad/Spaces/OverlayMasks/Size2PodMask
[LOG 18:26:30.105] Load MU model: Squad/Spaces/Placeholder/PlaceholderIVA
[LOG 18:26:30.105] Load MU model: Squad/Spaces/PodCockpit/model
[LOG 18:26:30.108] Load MU model: SquadExpansion/MakingHistory/Parts/Aero/protectiveRocketNoseMk5A/Size_1_5_Cone
[LOG 18:26:30.108] Load MU model: SquadExpansion/MakingHistory/Parts/Coupling/Assets/EnginePlate
[LOG 18:26:30.109] Load MU model: SquadExpansion/MakingHistory/Parts/Coupling/Assets/InflatableAirlock
[LOG 18:26:30.109] Load MU model: SquadExpansion/MakingHistory/Parts/Coupling/Assets/Size1_5_Decoupler
[LOG 18:26:30.110] Load MU model: SquadExpansion/MakingHistory/Parts/Engine/Assets/KE-1
[LOG 18:26:30.114] Load MU model: SquadExpansion/MakingHistory/Parts/Engine/Assets/LV-T87
[LOG 18:26:30.115] Load MU model: SquadExpansion/MakingHistory/Parts/Engine/Assets/LV-T91
[LOG 18:26:30.116] Load MU model: SquadExpansion/MakingHistory/Parts/Engine/Assets/RE-I2
[LOG 18:26:30.118] Load MU model: SquadExpansion/MakingHistory/Parts/Engine/Assets/RE-J10
[LOG 18:26:30.118] Load MU model: SquadExpansion/MakingHistory/Parts/Engine/Assets/RK-7
[LOG 18:26:30.120] Load MU model: SquadExpansion/MakingHistory/Parts/Engine/Assets/RV-1
[LOG 18:26:30.121] Load MU model: SquadExpansion/MakingHistory/Parts/Engine/solidBoosterTHK/solidBoosterTHK
[LOG 18:26:30.121] Load MU model: SquadExpansion/MakingHistory/Parts/FuelTank/Assets/MiniMonoTank
[LOG 18:26:30.121] Load MU model: SquadExpansion/MakingHistory/Parts/FuelTank/Assets/Size1_5_Size0_Adapter_01
[LOG 18:26:30.122] Load MU model: SquadExpansion/MakingHistory/Parts/FuelTank/Assets/Size1_5_Size1_Adapter_01
[LOG 18:26:30.122] Load MU model: SquadExpansion/MakingHistory/Parts/FuelTank/Assets/Size1_5_Size1_Adapter_02
[LOG 18:26:30.122] Load MU model: SquadExpansion/MakingHistory/Parts/FuelTank/Assets/Size1_5_Size2_Adapter_01
[LOG 18:26:30.122] Load MU model: SquadExpansion/MakingHistory/Parts/FuelTank/Assets/Size1_5_Tank_01
[LOG 18:26:30.123] Load MU model: SquadExpansion/MakingHistory/Parts/FuelTank/Assets/Size1_5_Tank_02
[LOG 18:26:30.123] Load MU model: SquadExpansion/MakingHistory/Parts/FuelTank/Assets/Size1_5_Tank_03
[LOG 18:26:30.123] Load MU model: SquadExpansion/MakingHistory/Parts/FuelTank/Assets/Size1_5_Tank_04
[LOG 18:26:30.124] Load MU model: SquadExpansion/MakingHistory/Parts/FuelTank/Assets/Size1_5_Tank_05
[LOG 18:26:30.124] Load MU model: SquadExpansion/MakingHistory/Parts/FuelTank/Assets/Size3_Size4_Adapter_01
[LOG 18:26:30.124] Load MU model: SquadExpansion/MakingHistory/Parts/FuelTank/Assets/Size4_EngineAdapter_01
[LOG 18:26:30.125] Load MU model: SquadExpansion/MakingHistory/Parts/FuelTank/Assets/Size4_Tank_01
[LOG 18:26:30.125] Load MU model: SquadExpansion/MakingHistory/Parts/FuelTank/Assets/Size4_Tank_02
[LOG 18:26:30.126] Load MU model: SquadExpansion/MakingHistory/Parts/FuelTank/Assets/Size4_Tank_03
[LOG 18:26:30.126] Load MU model: SquadExpansion/MakingHistory/Parts/FuelTank/Assets/Size4_Tank_04
[LOG 18:26:30.126] Load MU model: SquadExpansion/MakingHistory/Parts/FuelTank/Assets/Size_1p5_Monoprop
[LOG 18:26:30.127] Load MU model: SquadExpansion/MakingHistory/Parts/Ground/Assets/RoverWheel
[WRN 18:26:30.128] WheelCollider requires an attached Rigidbody to function.
[WRN 18:26:30.128] WheelCollider requires an attached Rigidbody to function.
[LOG 18:26:30.130] Load MU model: SquadExpansion/MakingHistory/Parts/Payload/Assets/ServiceModule18
[LOG 18:26:30.131] Load MU model: SquadExpansion/MakingHistory/Parts/Payload/Assets/ServiceModule25
[LOG 18:26:30.132] Load MU model: SquadExpansion/MakingHistory/Parts/Payload/Assets/Size1to0ServiceModule
[LOG 18:26:30.132] Load MU model: SquadExpansion/MakingHistory/Parts/Pods/Assets/Mk2Pod
[LOG 18:26:30.133] Load MU model: SquadExpansion/MakingHistory/Parts/Pods/Assets/RoundPod
[LOG 18:26:30.133] Load MU model: SquadExpansion/MakingHistory/Parts/Pods/Assets/Size1_5_Lander
[LOG 18:26:30.134] Load MU model: SquadExpansion/MakingHistory/Parts/SharedAssets/Shroud1p5x0
[LOG 18:26:30.134] Load MU model: SquadExpansion/MakingHistory/Parts/SharedAssets/Shroud1p5x1
[LOG 18:26:30.134] Load MU model: SquadExpansion/MakingHistory/Parts/SharedAssets/Shroud1p5x2
[LOG 18:26:30.134] Load MU model: SquadExpansion/MakingHistory/Parts/SharedAssets/Shroud1p5x3
[LOG 18:26:30.135] Load MU model: SquadExpansion/MakingHistory/Parts/SharedAssets/Shroud1p5x4
[LOG 18:26:30.135] Load MU model: SquadExpansion/MakingHistory/Parts/SharedAssets/Shroud1x0
[LOG 18:26:30.135] Load MU model: SquadExpansion/MakingHistory/Parts/SharedAssets/Shroud1x1
[LOG 18:26:30.135] Load MU model: SquadExpansion/MakingHistory/Parts/SharedAssets/Shroud1x2
[LOG 18:26:30.135] Load MU model: SquadExpansion/MakingHistory/Parts/SharedAssets/Shroud1x3
[LOG 18:26:30.135] Load MU model: SquadExpansion/MakingHistory/Parts/SharedAssets/Shroud1x4
[LOG 18:26:30.135] Load MU model: SquadExpansion/MakingHistory/Parts/SharedAssets/Shroud2x0
[LOG 18:26:30.135] Load MU model: SquadExpansion/MakingHistory/Parts/SharedAssets/Shroud2x1
[LOG 18:26:30.136] Load MU model: SquadExpansion/MakingHistory/Parts/SharedAssets/Shroud2x2
[LOG 18:26:30.136] Load MU model: SquadExpansion/MakingHistory/Parts/SharedAssets/Shroud2x3
[LOG 18:26:30.136] Load MU model: SquadExpansion/MakingHistory/Parts/SharedAssets/Shroud2x4
[LOG 18:26:30.136] Load MU model: SquadExpansion/MakingHistory/Parts/SharedAssets/Shroud3x0
[LOG 18:26:30.136] Load MU model: SquadExpansion/MakingHistory/Parts/SharedAssets/Shroud3x1
[LOG 18:26:30.136] Load MU model: SquadExpansion/MakingHistory/Parts/SharedAssets/Shroud3x2
[LOG 18:26:30.136] Load MU model: SquadExpansion/MakingHistory/Parts/SharedAssets/Shroud3x3
[LOG 18:26:30.136] Load MU model: SquadExpansion/MakingHistory/Parts/SharedAssets/Shroud3x4
[LOG 18:26:30.137] Load MU model: SquadExpansion/MakingHistory/Parts/SharedAssets/Shroud4x0
[LOG 18:26:30.137] Load MU model: SquadExpansion/MakingHistory/Parts/SharedAssets/Shroud4x1
[LOG 18:26:30.137] Load MU model: SquadExpansion/MakingHistory/Parts/SharedAssets/Shroud4x2
[LOG 18:26:30.137] Load MU model: SquadExpansion/MakingHistory/Parts/SharedAssets/Shroud4x3
[LOG 18:26:30.137] Load MU model: SquadExpansion/MakingHistory/Parts/SharedAssets/Shroud4x4
[LOG 18:26:30.137] Load MU model: SquadExpansion/MakingHistory/Parts/SharedAssets/ShroudCollider0
[LOG 18:26:30.138] Load MU model: SquadExpansion/MakingHistory/Parts/SharedAssets/ShroudCollider1
[LOG 18:26:30.138] Load MU model: SquadExpansion/MakingHistory/Parts/SharedAssets/ShroudCollider1p5
[LOG 18:26:30.138] Load MU model: SquadExpansion/MakingHistory/Parts/SharedAssets/ShroudCollider2
[LOG 18:26:30.138] Load MU model: SquadExpansion/MakingHistory/Parts/SharedAssets/ShroudCollider3
[LOG 18:26:30.139] Load MU model: SquadExpansion/MakingHistory/Parts/SharedAssets/ShroudCollider4
[LOG 18:26:30.139] Load MU model: SquadExpansion/MakingHistory/Parts/Structural/Assets/EquiTriangle0
[LOG 18:26:30.139] Load MU model: SquadExpansion/MakingHistory/Parts/Structural/Assets/EquiTriangle1
[LOG 18:26:30.139] Load MU model: SquadExpansion/MakingHistory/Parts/Structural/Assets/EquiTriangle1p5
[LOG 18:26:30.139] Load MU model: SquadExpansion/MakingHistory/Parts/Structural/Assets/EquiTriangle2
[LOG 18:26:30.139] Load MU model: SquadExpansion/MakingHistory/Parts/Structural/Assets/Panel0
[LOG 18:26:30.140] Load MU model: SquadExpansion/MakingHistory/Parts/Structural/Assets/Panel1
[LOG 18:26:30.140] Load MU model: SquadExpansion/MakingHistory/Parts/Structural/Assets/Panel1p5
[LOG 18:26:30.140] Load MU model: SquadExpansion/MakingHistory/Parts/Structural/Assets/Panel2
[LOG 18:26:30.140] Load MU model: SquadExpansion/MakingHistory/Parts/Structural/Assets/Triangle0
[LOG 18:26:30.140] Load MU model: SquadExpansion/MakingHistory/Parts/Structural/Assets/Triangle1
[LOG 18:26:30.140] Load MU model: SquadExpansion/MakingHistory/Parts/Structural/Assets/Triangle1p5
[LOG 18:26:30.140] Load MU model: SquadExpansion/MakingHistory/Parts/Structural/Assets/Triangle2
[LOG 18:26:30.141] Load MU model: SquadExpansion/MakingHistory/Parts/Utility/flags/flagSize1p5/flagSize1p5Meshes
[LOG 18:26:30.142] Load MU model: SquadExpansion/MakingHistory/Parts/Utility/flags/flagSize4/flagSize4Meshes
[LOG 18:26:30.143] Load MU model: SquadExpansion/MakingHistory/Spaces/KVPods/Airlock_IVA
[LOG 18:26:30.144] Load MU model: SquadExpansion/MakingHistory/Spaces/KVPods/KV1_IVA
[LOG 18:26:30.145] Load MU model: SquadExpansion/MakingHistory/Spaces/KVPods/KV2_IVA
[LOG 18:26:30.147] Load MU model: SquadExpansion/MakingHistory/Spaces/KVPods/KV3_IVA
[LOG 18:26:30.149] Load MU model: SquadExpansion/MakingHistory/Spaces/MEM/MEM_IVA
[LOG 18:26:30.151] Load MU model: SquadExpansion/MakingHistory/Spaces/Mk2Pod/MK2POD_IVA
[LOG 18:26:30.152] Load MU model: SquadExpansion/Serenity/Parts/Aero/Assets/FanShroud_01
[LOG 18:26:30.153] Load MU model: SquadExpansion/Serenity/Parts/Aero/Assets/FanShroud_02
[LOG 18:26:30.153] Load MU model: SquadExpansion/Serenity/Parts/Aero/Assets/FanShroud_03
[LOG 18:26:30.154] Load MU model: SquadExpansion/Serenity/Parts/Aero/Assets/noseconeTiny
[LOG 18:26:30.154] Load MU model: SquadExpansion/Serenity/Parts/Aero/Assets/noseconeVS
[LOG 18:26:30.154] Load MU model: SquadExpansion/Serenity/Parts/DeployedScience/Assets/CentralStation
[LOG 18:26:30.156] Load MU model: SquadExpansion/Serenity/Parts/DeployedScience/Assets/GoExOb
[LOG 18:26:30.159] Load MU model: SquadExpansion/Serenity/Parts/DeployedScience/Assets/IonExperiment
[LOG 18:26:30.160] Load MU model: SquadExpansion/Serenity/Parts/DeployedScience/Assets/RTGCask
[LOG 18:26:30.161] Load MU model: SquadExpansion/Serenity/Parts/DeployedScience/Assets/satDish
[LOG 18:26:30.165] Load MU model: SquadExpansion/Serenity/Parts/DeployedScience/Assets/seismicSensor
[LOG 18:26:30.169] Load MU model: SquadExpansion/Serenity/Parts/DeployedScience/Assets/solarPanel
[LOG 18:26:30.171] Load MU model: SquadExpansion/Serenity/Parts/DeployedScience/Assets/WeatherStation
[LOG 18:26:30.175] Load MU model: SquadExpansion/Serenity/Parts/Propellers/Assets/largeFanBlade
[LOG 18:26:30.175] Load MU model: SquadExpansion/Serenity/Parts/Propellers/Assets/largeHeliBlade
[LOG 18:26:30.175] Load MU model: SquadExpansion/Serenity/Parts/Propellers/Assets/largePropeller
[LOG 18:26:30.175] Load MU model: SquadExpansion/Serenity/Parts/Propellers/Assets/mediumFanBlade
[LOG 18:26:30.176] Load MU model: SquadExpansion/Serenity/Parts/Propellers/Assets/mediumHeliBlade
[LOG 18:26:30.176] Load MU model: SquadExpansion/Serenity/Parts/Propellers/Assets/mediumPropeller
[LOG 18:26:30.176] Load MU model: SquadExpansion/Serenity/Parts/Propellers/Assets/smallFanBlade
[LOG 18:26:30.176] Load MU model: SquadExpansion/Serenity/Parts/Propellers/Assets/smallHeliBlade
[LOG 18:26:30.176] Load MU model: SquadExpansion/Serenity/Parts/Propellers/Assets/smallPropeller
[LOG 18:26:30.177] Load MU model: SquadExpansion/Serenity/Parts/Robotics/Assets/hinge_01
[LOG 18:26:30.177] Load MU model: SquadExpansion/Serenity/Parts/Robotics/Assets/hinge_01_s
[LOG 18:26:30.177] Load MU model: SquadExpansion/Serenity/Parts/Robotics/Assets/hinge_03
[LOG 18:26:30.178] Load MU model: SquadExpansion/Serenity/Parts/Robotics/Assets/hinge_03_s
[LOG 18:26:30.178] Load MU model: SquadExpansion/Serenity/Parts/Robotics/Assets/hinge_04
[LOG 18:26:30.179] Load MU model: SquadExpansion/Serenity/Parts/Robotics/Assets/piston_01
[LOG 18:26:30.179] Load MU model: SquadExpansion/Serenity/Parts/Robotics/Assets/piston_02
[LOG 18:26:30.179] Load MU model: SquadExpansion/Serenity/Parts/Robotics/Assets/piston_03
[LOG 18:26:30.179] Load MU model: SquadExpansion/Serenity/Parts/Robotics/Assets/piston_04
[LOG 18:26:30.180] Load MU model: SquadExpansion/Serenity/Parts/Robotics/Assets/RotorEngine_02
[LOG 18:26:30.180] Load MU model: SquadExpansion/Serenity/Parts/Robotics/Assets/RotorEngine_03
[LOG 18:26:30.181] Load MU model: SquadExpansion/Serenity/Parts/Robotics/Assets/rotor_01
[LOG 18:26:30.182] Load MU model: SquadExpansion/Serenity/Parts/Robotics/Assets/rotor_01s
[LOG 18:26:30.182] Load MU model: SquadExpansion/Serenity/Parts/Robotics/Assets/rotor_02
[LOG 18:26:30.183] Load MU model: SquadExpansion/Serenity/Parts/Robotics/Assets/rotor_02s
[LOG 18:26:30.184] Load MU model: SquadExpansion/Serenity/Parts/Robotics/Assets/rotor_03
[LOG 18:26:30.185] Load MU model: SquadExpansion/Serenity/Parts/Robotics/Assets/rotor_03s
[LOG 18:26:30.185] Load MU model: SquadExpansion/Serenity/Parts/Robotics/Assets/RotoServo_00
[LOG 18:26:30.185] Load MU model: SquadExpansion/Serenity/Parts/Robotics/Assets/RotoServo_02
[LOG 18:26:30.186] Load MU model: SquadExpansion/Serenity/Parts/Robotics/Assets/RotoServo_03
[LOG 18:26:30.186] Load MU model: SquadExpansion/Serenity/Parts/Robotics/Assets/RotoServo_04
[LOG 18:26:30.186] Load MU model: SquadExpansion/Serenity/Parts/Robotics/Controllers/controller1000
[LOG 18:26:30.187] Load MU model: SquadExpansion/Serenity/Parts/Science/RobotArmScanner/Assets/ROCArm_01
[LOG 18:26:30.188] Load MU model: SquadExpansion/Serenity/Parts/Science/RobotArmScanner/Assets/ROCArm_02
[LOG 18:26:30.189] Load MU model: SquadExpansion/Serenity/Parts/Science/RobotArmScanner/Assets/ROCArm_03
[LOG 18:26:30.192] Load MU model: SquadExpansion/Serenity/Parts/Structural/gripPads/Assets/lGripPad
[LOG 18:26:30.192] Load MU model: SquadExpansion/Serenity/Parts/Structural/gripPads/Assets/lGripStrip
[LOG 18:26:30.192] Load MU model: SquadExpansion/Serenity/Parts/Structural/gripPads/Assets/mGripPad
[LOG 18:26:30.193] Load MU model: SquadExpansion/Serenity/Parts/Structural/gripPads/Assets/sGripPad
[LOG 18:26:30.193] Load MU model: SquadExpansion/Serenity/Parts/Structural/gripPads/Assets/sGripStrip
[LOG 18:26:30.193] Loading Asset Bundle Definitions
[LOG 18:26:30.194] AssetLoader: Loading bundle definitions
[LOG 18:26:30.326] AssetLoader: Loaded bundle 'squadcore'
[LOG 18:26:30.327] AssetLoader: Loaded bundle 'squadcorefx'
[LOG 18:26:30.327] AssetLoader: Loaded mod bundle 'kspedia'
[LOG 18:26:30.327] AssetLoader: Loaded mod bundle 'kspedia_actionsets'
[LOG 18:26:30.328] AssetLoader: Loaded mod bundle 'kspedia_aircraft'
[LOG 18:26:30.328] AssetLoader: Loaded mod bundle 'kspedia_aircraftbasics'
[LOG 18:26:30.328] AssetLoader: Loaded mod bundle 'kspedia_aircraftbasicsbalance'
[LOG 18:26:30.329] AssetLoader: Loaded mod bundle 'kspedia_aircraftbasicsbalance2'
[LOG 18:26:30.329] AssetLoader: Loaded mod bundle 'kspedia_aircraftbasicscol'
[LOG 18:26:30.329] AssetLoader: Loaded mod bundle 'kspedia_aircraftbasicscontrol'
[LOG 18:26:30.329] AssetLoader: Loaded mod bundle 'kspedia_aircraftbasicscontrolsurfaces'
[LOG 18:26:30.330] AssetLoader: Loaded mod bundle 'kspedia_aircraftbasicsdrag'
[LOG 18:26:30.330] AssetLoader: Loaded mod bundle 'kspedia_aircraftbasicsengines'
[LOG 18:26:30.330] AssetLoader: Loaded mod bundle 'kspedia_aircraftbasicsforces'
[LOG 18:26:30.330] AssetLoader: Loaded mod bundle 'kspedia_aircraftbasicsintakes'
[LOG 18:26:30.331] AssetLoader: Loaded mod bundle 'kspedia_aircraftbasicslandinggear'
[LOG 18:26:30.331] AssetLoader: Loaded mod bundle 'kspedia_aircraftbasicslift'
[LOG 18:26:30.331] AssetLoader: Loaded mod bundle 'kspedia_axisgroups'
[LOG 18:26:30.332] AssetLoader: Loaded mod bundle 'kspedia_career'
[LOG 18:26:30.332] AssetLoader: Loaded mod bundle 'kspedia_careerbasicscontracts'
[LOG 18:26:30.332] AssetLoader: Loaded mod bundle 'kspedia_careerbasicscrew'
[LOG 18:26:30.332] AssetLoader: Loaded mod bundle 'kspedia_careerbasicscurrencies'
[LOG 18:26:30.333] AssetLoader: Loaded mod bundle 'kspedia_careerbasicsexperience'
[LOG 18:26:30.333] AssetLoader: Loaded mod bundle 'kspedia_careerbasicsfacilities'
[LOG 18:26:30.333] AssetLoader: Loaded mod bundle 'kspedia_careerbasicsstrategies'
[LOG 18:26:30.333] AssetLoader: Loaded mod bundle 'kspedia_careerbasicstechnology'
[LOG 18:26:30.334] AssetLoader: Loaded mod bundle 'kspedia_careerui-ac'
[LOG 18:26:30.334] AssetLoader: Loaded mod bundle 'kspedia_careerui-admin'
[LOG 18:26:30.334] AssetLoader: Loaded mod bundle 'kspedia_careerui-ksc'
[LOG 18:26:30.335] AssetLoader: Loaded mod bundle 'kspedia_careerui-mc'
[LOG 18:26:30.335] AssetLoader: Loaded mod bundle 'kspedia_careerui-sciencearchives'
[LOG 18:26:30.335] AssetLoader: Loaded mod bundle 'kspedia_careerui-techtree'
[LOG 18:26:30.335] AssetLoader: Loaded mod bundle 'kspedia_careerui-ts'
[LOG 18:26:30.336] AssetLoader: Loaded mod bundle 'kspedia_careerui'
[LOG 18:26:30.336] AssetLoader: Loaded mod bundle 'kspedia_cargoapp'
[LOG 18:26:30.336] AssetLoader: Loaded mod bundle 'kspedia_cargomode'
[LOG 18:26:30.337] AssetLoader: Loaded mod bundle 'kspedia_cargosystem-placeableparts'
[LOG 18:26:30.337] AssetLoader: Loaded mod bundle 'kspedia_cargosystem'
[LOG 18:26:30.337] AssetLoader: Loaded mod bundle 'kspedia_chute'
[LOG 18:26:30.337] AssetLoader: Loaded mod bundle 'kspedia_commnet'
[LOG 18:26:30.338] AssetLoader: Loaded mod bundle 'kspedia_commnetbasics'
[LOG 18:26:30.338] AssetLoader: Loaded mod bundle 'kspedia_commnetbuildingeffectivenetworks'
[LOG 18:26:30.338] AssetLoader: Loaded mod bundle 'kspedia_commnetcalculatingrange'
[LOG 18:26:30.338] AssetLoader: Loaded mod bundle 'kspedia_commnetcontrollevels'
[LOG 18:26:30.338] AssetLoader: Loaded mod bundle 'kspedia_commnetcontrollinks'
[LOG 18:26:30.339] AssetLoader: Loaded mod bundle 'kspedia_commnetcontrolpoints'
[LOG 18:26:30.339] AssetLoader: Loaded mod bundle 'kspedia_commnetgui'
[LOG 18:26:30.339] AssetLoader: Loaded mod bundle 'kspedia_commnetgui01'
[LOG 18:26:30.339] AssetLoader: Loaded mod bundle 'kspedia_commnetgui02'
[LOG 18:26:30.340] AssetLoader: Loaded mod bundle 'kspedia_commnetrange'
[LOG 18:26:30.340] AssetLoader: Loaded mod bundle 'kspedia_commnetrelays'
[LOG 18:26:30.340] AssetLoader: Loaded mod bundle 'kspedia_commnetsciencetransmission'
[LOG 18:26:30.340] AssetLoader: Loaded mod bundle 'kspedia_commnetsignalstrength'
[LOG 18:26:30.340] AssetLoader: Loaded mod bundle 'kspedia_commnettransmission'
[LOG 18:26:30.341] AssetLoader: Loaded mod bundle 'kspedia_constructionui-actiongroups'
[LOG 18:26:30.341] AssetLoader: Loaded mod bundle 'kspedia_constructionui-applauncher'
[LOG 18:26:30.341] AssetLoader: Loaded mod bundle 'kspedia_constructionui-crew'
[LOG 18:26:30.342] AssetLoader: Loaded mod bundle 'kspedia_constructionui-engineersreport'
[LOG 18:26:30.342] AssetLoader: Loaded mod bundle 'kspedia_constructionui-gizmos'
[LOG 18:26:30.342] AssetLoader: Loaded mod bundle 'kspedia_constructionui-infos'
[LOG 18:26:30.342] AssetLoader: Loaded mod bundle 'kspedia_constructionui-partdetails'
[LOG 18:26:30.343] AssetLoader: Loaded mod bundle 'kspedia_constructionui-parts'
[LOG 18:26:30.343] AssetLoader: Loaded mod bundle 'kspedia_constructionui-symmetry'
[LOG 18:26:30.343] AssetLoader: Loaded mod bundle 'kspedia_constructionui-vesseldetails'
[LOG 18:26:30.344] AssetLoader: Loaded mod bundle 'kspedia_constructionui'
[LOG 18:26:30.344] AssetLoader: Loaded mod bundle 'kspedia_controls-dockingmode'
[LOG 18:26:30.344] AssetLoader: Loaded mod bundle 'kspedia_controls-editor'
[LOG 18:26:30.344] AssetLoader: Loaded mod bundle 'kspedia_controls-editorgizmos'
[LOG 18:26:30.345] AssetLoader: Loaded mod bundle 'kspedia_controls-eva'
[LOG 18:26:30.345] AssetLoader: Loaded mod bundle 'kspedia_controls-flight'
[LOG 18:26:30.345] AssetLoader: Loaded mod bundle 'kspedia_controls-flightactivities'
[LOG 18:26:30.345] AssetLoader: Loaded mod bundle 'kspedia_controls-flightdirections'
[LOG 18:26:30.346] AssetLoader: Loaded mod bundle 'kspedia_controls-general'
[LOG 18:26:30.346] AssetLoader: Loaded mod bundle 'kspedia_controls-mapandtime'
[LOG 18:26:30.346] AssetLoader: Loaded mod bundle 'kspedia_controls-mouseconstruction'
[LOG 18:26:30.347] AssetLoader: Loaded mod bundle 'kspedia_controls-mouseflight'
[LOG 18:26:30.347] AssetLoader: Loaded mod bundle 'kspedia_controls-rcs'
[LOG 18:26:30.347] AssetLoader: Loaded mod bundle 'kspedia_controls'
[LOG 18:26:30.347] AssetLoader: Loaded mod bundle 'kspedia_eastereggs'
[LOG 18:26:30.348] AssetLoader: Loaded mod bundle 'kspedia_evaconstructionmode'
[LOG 18:26:30.348] AssetLoader: Loaded mod bundle 'kspedia_facilities-ac'
[LOG 18:26:30.348] AssetLoader: Loaded mod bundle 'kspedia_facilities-admin'
[LOG 18:26:30.349] AssetLoader: Loaded mod bundle 'kspedia_facilities-context'
[LOG 18:26:30.349] AssetLoader: Loaded mod bundle 'kspedia_facilities-ksc'
[LOG 18:26:30.349] AssetLoader: Loaded mod bundle 'kspedia_facilities-launchpad'
[LOG 18:26:30.349] AssetLoader: Loaded mod bundle 'kspedia_facilities-mc'
[LOG 18:26:30.350] AssetLoader: Loaded mod bundle 'kspedia_facilities-randd'
[LOG 18:26:30.350] AssetLoader: Loaded mod bundle 'kspedia_facilities-runway'
[LOG 18:26:30.350] AssetLoader: Loaded mod bundle 'kspedia_facilities-sph'
[LOG 18:26:30.350] AssetLoader: Loaded mod bundle 'kspedia_facilities-ts'
[LOG 18:26:30.351] AssetLoader: Loaded mod bundle 'kspedia_facilities-vab'
[LOG 18:26:30.351] AssetLoader: Loaded mod bundle 'kspedia_flightui-altimeter'
[LOG 18:26:30.351] AssetLoader: Loaded mod bundle 'kspedia_flightui-applauncher'
[LOG 18:26:30.352] AssetLoader: Loaded mod bundle 'kspedia_flightui-evaactivities'
[LOG 18:26:30.352] AssetLoader: Loaded mod bundle 'kspedia_flightui-maneuvermodeeditor'
[LOG 18:26:30.352] AssetLoader: Loaded mod bundle 'kspedia_flightui-maneuvermodeeditorcont'
[LOG 18:26:30.353] AssetLoader: Loaded mod bundle 'kspedia_flightui-maneuvermodeorbit'
[LOG 18:26:30.353] AssetLoader: Loaded mod bundle 'kspedia_flightui-maneuvertoolinfo'
[LOG 18:26:30.353] AssetLoader: Loaded mod bundle 'kspedia_flightui-maneuvertoolmain'
[LOG 18:26:30.353] AssetLoader: Loaded mod bundle 'kspedia_flightui-modecontrol'
[LOG 18:26:30.354] AssetLoader: Loaded mod bundle 'kspedia_flightui-navball'
[LOG 18:26:30.354] AssetLoader: Loaded mod bundle 'kspedia_flightui-partrepairs'
[LOG 18:26:30.354] AssetLoader: Loaded mod bundle 'kspedia_flightui-portraits'
[LOG 18:26:30.354] AssetLoader: Loaded mod bundle 'kspedia_flightui-staging'
[LOG 18:26:30.355] AssetLoader: Loaded mod bundle 'kspedia_flightui-timeandaction'
[LOG 18:26:30.355] AssetLoader: Loaded mod bundle 'kspedia_flightui'
[LOG 18:26:30.355] AssetLoader: Loaded mod bundle 'kspedia_heat'
[LOG 18:26:30.356] AssetLoader: Loaded mod bundle 'kspedia_heatactiveradiators'
[LOG 18:26:30.356] AssetLoader: Loaded mod bundle 'kspedia_heatengines'
[LOG 18:26:30.356] AssetLoader: Loaded mod bundle 'kspedia_heatflow'
[LOG 18:26:30.357] AssetLoader: Loaded mod bundle 'kspedia_heatpart'
[LOG 18:26:30.357] AssetLoader: Loaded mod bundle 'kspedia_heatpassiveradiators'
[LOG 18:26:30.357] AssetLoader: Loaded mod bundle 'kspedia_heatshields'
[LOG 18:26:30.357] AssetLoader: Loaded mod bundle 'kspedia_kerbnet'
[LOG 18:26:30.358] AssetLoader: Loaded mod bundle 'kspedia_kerbnetinterface'
[LOG 18:26:30.358] AssetLoader: Loaded mod bundle 'kspedia_kerbnetmodes'
[LOG 18:26:30.358] AssetLoader: Loaded mod bundle 'kspedia_kerbnetwaypoints'
[LOG 18:26:30.358] AssetLoader: Loaded mod bundle 'kspedia_locations'
[LOG 18:26:30.359] AssetLoader: Loaded mod bundle 'kspedia_manual'
[LOG 18:26:30.359] AssetLoader: Loaded mod bundle 'kspedia_mapui-alarmclockcreation'
[LOG 18:26:30.359] AssetLoader: Loaded mod bundle 'kspedia_mapui-alarmclockmain'
[LOG 18:26:30.360] AssetLoader: Loaded mod bundle 'kspedia_mapui-burnindicator'
[LOG 18:26:30.360] AssetLoader: Loaded mod bundle 'kspedia_mapui-dvtoolsflight'
[LOG 18:26:30.360] AssetLoader: Loaded mod bundle 'kspedia_mapui-dvtoolsvab'
[LOG 18:26:30.360] AssetLoader: Loaded mod bundle 'kspedia_mapui-mannodes'
[LOG 18:26:30.361] AssetLoader: Loaded mod bundle 'kspedia_mapui-orbitnodes'
[LOG 18:26:30.361] AssetLoader: Loaded mod bundle 'kspedia_mapui-orbitnodes2'
[LOG 18:26:30.361] AssetLoader: Loaded mod bundle 'kspedia_mapui'
[LOG 18:26:30.362] AssetLoader: Loaded mod bundle 'kspedia_orbitalbasics-atmosphere'
[LOG 18:26:30.362] AssetLoader: Loaded mod bundle 'kspedia_orbitalbasics-gettingbackdown'
[LOG 18:26:30.362] AssetLoader: Loaded mod bundle 'kspedia_orbitalbasics-gettingupthere'
[LOG 18:26:30.363] AssetLoader: Loaded mod bundle 'kspedia_orbitalbasics-gravityturn'
[LOG 18:26:30.363] AssetLoader: Loaded mod bundle 'kspedia_orbitalbasics-orbits'
[LOG 18:26:30.363] AssetLoader: Loaded mod bundle 'kspedia_orbitalbasics-stayingupthere'
[LOG 18:26:30.363] AssetLoader: Loaded mod bundle 'kspedia_orbitalbasics'
[LOG 18:26:30.364] AssetLoader: Loaded mod bundle 'kspedia_orbitaldefinitions-appe'
[LOG 18:26:30.364] AssetLoader: Loaded mod bundle 'kspedia_orbitaldefinitions-dirandinc'
[LOG 18:26:30.364] AssetLoader: Loaded mod bundle 'kspedia_orbitaldefinitions-directions'
[LOG 18:26:30.365] AssetLoader: Loaded mod bundle 'kspedia_orbitaldefinitions-eccentricity'
[LOG 18:26:30.365] AssetLoader: Loaded mod bundle 'kspedia_orbitaldefinitions'
[LOG 18:26:30.365] AssetLoader: Loaded mod bundle 'kspedia_orbitalmaneuvers-adjustinginclination'
[LOG 18:26:30.365] AssetLoader: Loaded mod bundle 'kspedia_orbitalmaneuvers-deltav'
[LOG 18:26:30.366] AssetLoader: Loaded mod bundle 'kspedia_orbitalmaneuvers-efficiency'
[LOG 18:26:30.366] AssetLoader: Loaded mod bundle 'kspedia_orbitalmaneuvers-hohmanntransfer'
[LOG 18:26:30.366] AssetLoader: Loaded mod bundle 'kspedia_orbitalmaneuvers-hohmanntransfer2'
[LOG 18:26:30.367] AssetLoader: Loaded mod bundle 'kspedia_orbitalmaneuvers-orbittypes'
[LOG 18:26:30.367] AssetLoader: Loaded mod bundle 'kspedia_orbitalmaneuvers-radandantirad'
[LOG 18:26:30.367] AssetLoader: Loaded mod bundle 'kspedia_orbitalmaneuvers-shapingup'
[LOG 18:26:30.367] AssetLoader: Loaded mod bundle 'kspedia_orbitalmaneuvers'
[LOG 18:26:30.368] AssetLoader: Loaded mod bundle 'kspedia_planets-dres'
[LOG 18:26:30.368] AssetLoader: Loaded mod bundle 'kspedia_planets-duna'
[LOG 18:26:30.368] AssetLoader: Loaded mod bundle 'kspedia_planets-eeloo'
[LOG 18:26:30.369] AssetLoader: Loaded mod bundle 'kspedia_planets-eve'
[LOG 18:26:30.369] AssetLoader: Loaded mod bundle 'kspedia_planets-jool'
[LOG 18:26:30.369] AssetLoader: Loaded mod bundle 'kspedia_planets-kerbin'
[LOG 18:26:30.369] AssetLoader: Loaded mod bundle 'kspedia_planets-moho'
[LOG 18:26:30.369] AssetLoader: Loaded mod bundle 'kspedia_planets-sun'
[LOG 18:26:30.370] AssetLoader: Loaded mod bundle 'kspedia_planets-system'
[LOG 18:26:30.370] AssetLoader: Loaded mod bundle 'kspedia_resources-asteroidmining'
[LOG 18:26:30.370] AssetLoader: Loaded mod bundle 'kspedia_resources-conversionmanagement'
[LOG 18:26:30.370] AssetLoader: Loaded mod bundle 'kspedia_resources-drilling'
[LOG 18:26:30.371] AssetLoader: Loaded mod bundle 'kspedia_resources-findingit'
[LOG 18:26:30.371] AssetLoader: Loaded mod bundle 'kspedia_resources-findingit2'
[LOG 18:26:30.371] AssetLoader: Loaded mod bundle 'kspedia_resources-storageandconversion'
[LOG 18:26:30.372] AssetLoader: Loaded mod bundle 'kspedia_resources'
[LOG 18:26:30.372] AssetLoader: Loaded mod bundle 'kspedia_rocketry'
[LOG 18:26:30.372] AssetLoader: Loaded mod bundle 'kspedia_rocketryadvanced-fairings'
[LOG 18:26:30.373] AssetLoader: Loaded mod bundle 'kspedia_rocketryadvanced-girders'
[LOG 18:26:30.373] AssetLoader: Loaded mod bundle 'kspedia_rocketryadvanced'
[LOG 18:26:30.373] AssetLoader: Loaded mod bundle 'kspedia_rocketrybasics'
[LOG 18:26:30.373] AssetLoader: Loaded mod bundle 'kspedia_rocketrybasicsaero'
[LOG 18:26:30.374] AssetLoader: Loaded mod bundle 'kspedia_rocketrybasicscentered'
[LOG 18:26:30.374] AssetLoader: Loaded mod bundle 'kspedia_rocketrybasicschutes'
[LOG 18:26:30.375] AssetLoader: Loaded mod bundle 'kspedia_rocketrybasicscontrol'
[LOG 18:26:30.375] AssetLoader: Loaded mod bundle 'kspedia_rocketrybasicsecrecharging'
[LOG 18:26:30.375] AssetLoader: Loaded mod bundle 'kspedia_rocketrybasicsengines'
[LOG 18:26:30.376] AssetLoader: Loaded mod bundle 'kspedia_rocketrybasicsforces'
[LOG 18:26:30.376] AssetLoader: Loaded mod bundle 'kspedia_rocketrybasicshatchesandladders'
[LOG 18:26:30.376] AssetLoader: Loaded mod bundle 'kspedia_rocketrybasicshibernation'
[LOG 18:26:30.376] AssetLoader: Loaded mod bundle 'kspedia_rocketrybasicsresources'
[LOG 18:26:30.377] AssetLoader: Loaded mod bundle 'kspedia_rocketrybasicsservicecontainers'
[LOG 18:26:30.377] AssetLoader: Loaded mod bundle 'kspedia_rocketrybasicsstability'
[LOG 18:26:30.377] AssetLoader: Loaded mod bundle 'kspedia_rocketrybasicsstabilityassist'
[LOG 18:26:30.377] AssetLoader: Loaded mod bundle 'kspedia_rocketrybasicsstaging'
[LOG 18:26:30.378] AssetLoader: Loaded mod bundle 'kspedia_rocketrybasicssymmetry'
[LOG 18:26:30.378] AssetLoader: Loaded mod bundle 'kspedia_science'
[LOG 18:26:30.378] AssetLoader: Loaded mod bundle 'kspedia_sciencedata'
[LOG 18:26:30.378] AssetLoader: Loaded mod bundle 'kspedia_scienceexperiments'
[LOG 18:26:30.379] AssetLoader: Loaded mod bundle 'kspedia_sciencelab'
[LOG 18:26:30.379] AssetLoader: Loaded mod bundle 'kspedia_sciencetransmitted'
[LOG 18:26:30.379] AssetLoader: Loaded mod bundle 'kspedia_spacetravel'
[LOG 18:26:30.379] AssetLoader: Loaded mod bundle 'kspedia_variantswitcher'
[LOG 18:26:30.380] AssetLoader: Loaded mod bundle 'kspfonts'
[LOG 18:26:30.533] AssetLoader: Loaded bundle 'squadcore'
[LOG 18:26:30.534] AssetLoader: Loaded bundle 'squadcorefx'
[LOG 18:26:30.534] AssetLoader: Loaded mod bundle 'kspedia_builder'
[LOG 18:26:30.535] AssetLoader: Loaded mod bundle 'kspedia_buildertoolbar'
[LOG 18:26:30.535] AssetLoader: Loaded mod bundle 'kspedia_canvas'
[LOG 18:26:30.535] AssetLoader: Loaded mod bundle 'kspedia_exportingvalidation'
[LOG 18:26:30.535] AssetLoader: Loaded mod bundle 'kspedia_flight'
[LOG 18:26:30.536] AssetLoader: Loaded mod bundle 'kspedia_flightapp'
[LOG 18:26:30.536] AssetLoader: Loaded mod bundle 'kspedia_gap'
[LOG 18:26:30.536] AssetLoader: Loaded mod bundle 'kspedia_gaptools'
[LOG 18:26:30.537] AssetLoader: Loaded mod bundle 'kspedia_makinghistory'
[LOG 18:26:30.537] AssetLoader: Loaded mod bundle 'kspedia_missionbriefing'
[LOG 18:26:30.537] AssetLoader: Loaded mod bundle 'kspedia_nodedocking'
[LOG 18:26:30.537] AssetLoader: Loaded mod bundle 'kspedia_nodesconnectors'
[LOG 18:26:30.538] AssetLoader: Loaded mod bundle 'kspedia_sap'
[LOG 18:26:30.538] AssetLoader: Loaded mod bundle 'kspedia_sidebar'
[LOG 18:26:30.538] AssetLoader: Loaded mod bundle 'kspedia_testingcheckpoints'
[LOG 18:26:30.538] AssetLoader: Loaded bundle 'makinghistory'
[LOG 18:26:30.539] AssetLoader: Loaded mod bundle 'kspedia_bladecyclic-collective-behaviour'
[LOG 18:26:30.539] AssetLoader: Loaded mod bundle 'kspedia_bladecyclic-collective-controls'
[LOG 18:26:30.539] AssetLoader: Loaded mod bundle 'kspedia_deployedscience-experiments'
[LOG 18:26:30.540] AssetLoader: Loaded mod bundle 'kspedia_deployedscience'
[LOG 18:26:30.540] AssetLoader: Loaded mod bundle 'kspedia_grippads'
[LOG 18:26:30.540] AssetLoader: Loaded mod bundle 'kspedia_layindtracks'
[LOG 18:26:30.541] AssetLoader: Loaded mod bundle 'kspedia_propellers'
[LOG 18:26:30.541] AssetLoader: Loaded mod bundle 'kspedia_propellersaerodynamics'
[LOG 18:26:30.541] AssetLoader: Loaded mod bundle 'kspedia_roboticcontroller'
[LOG 18:26:30.542] AssetLoader: Loaded mod bundle 'kspedia_roboticparts'
[LOG 18:26:30.542] AssetLoader: Loaded mod bundle 'kspedia_surface features-overview'
[LOG 18:26:30.542] AssetLoader: Loaded mod bundle 'kspedia_surface features-roverarmdetails'
[LOG 18:26:30.542] AssetLoader: Loaded mod bundle 'kspedia_trackeditor'
[LOG 18:26:30.543] AssetLoader: Loaded mod bundle 'kspedia_trackeditortoolbar'
[LOG 18:26:30.543] AssetLoader: Loaded mod bundle 'serenity'
[LOG 18:26:30.544] AssetLoader: Finished loading. 226 bundle definitions loaded.
[LOG 18:26:30.544] Compiling Configs:
[LOG 18:26:30.545] Config(PHYSICSGLOBALS) /Physics/PHYSICSGLOBALS
[LOG 18:26:30.545] Config(KSP_COMMUNITY_FIXES) KSPCommunityFixes/Settings/KSP_COMMUNITY_FIXES
[LOG 18:26:30.545] Config(Localization) KSPCommunityFixes/Localization/en-us/Localization
[LOG 18:26:30.545] Config(Localization) KSPCommunityFixes/Localization/fr-fr/Localization
[LOG 18:26:30.545] Config(Localization) KSPCommunityFixes/Localization/ru/Localization
[LOG 18:26:30.545] Config(Localization) KSPCommunityFixes/Localization/zh-cn/Localization
[LOG 18:26:30.545] Config(@PART[*]:HAS[@MODULE[ModuleDockingNodeFixed]]:NEEDS[FixDockingNodes]:FINAL) KSPCommunityFixes/MMPatches/ModSupport/FixDockingNodes/@PART[*]:HAS[@MODULE[ModuleDockingNodeFixed]]:NEEDS[FixDockingNodes]:FINAL
[LOG 18:26:30.545] Config(@PART[*]:HAS[@MODULE[Refunding]]:LAST[999_KSP-Recall]) KSPCommunityFixes/MMPatches/ModSupport/KSPRecall/@PART[*]:HAS[@MODULE[Refunding]]:LAST[999_KSP-Recall]
[LOG 18:26:30.545] Config(@PART[*]:HAS[#hasRefundingOnRecovery[?rue]]:LAST[999_KSP-Recall]) KSPCommunityFixes/MMPatches/ModSupport/KSPRecall/@PART[*]:HAS[#hasRefundingOnRecovery[?rue]]:LAST[999_KSP-Recall]
[LOG 18:26:30.545] Config(@PART[*]:HAS[#hasRefundingOnRecovery]:LAST[999_KSP-Recall]) KSPCommunityFixes/MMPatches/ModSupport/KSPRecall/@PART[*]:HAS[#hasRefundingOnRecovery]:LAST[999_KSP-Recall]
[LOG 18:26:30.545] Config(@KSP-Recall:LAST[999_KSP-Recall]) KSPCommunityFixes/MMPatches/ModSupport/KSPRecall/@KSP-Recall:LAST[999_KSP-Recall]
[LOG 18:26:30.546] Config(@KSP-Recall:HAS[#hasRefundingOnRecovery[?rue]]:LAST[999_KSP-Recall]) KSPCommunityFixes/MMPatches/ModSupport/KSPRecall/@KSP-Recall:HAS[#hasRefundingOnRecovery[?rue]]:LAST[999_KSP-Recall]
[LOG 18:26:30.546] Config(@KSP-Recall:HAS[#hasRefundingOnRecovery]:LAST[999_KSP-Recall]) KSPCommunityFixes/MMPatches/ModSupport/KSPRecall/@KSP-Recall:HAS[#hasRefundingOnRecovery]:LAST[999_KSP-Recall]
[LOG 18:26:30.546] Config(@KSP_COMMUNITY_FIXES:NEEDS[AttachedOnEditor]) KSPCommunityFixes/MMPatches/ModSupport/KSPRecall/@KSP_COMMUNITY_FIXES:NEEDS[AttachedOnEditor]
[LOG 18:26:30.546] Config(@KSP_COMMUNITY_FIXES:NEEDS[UniversalStorage2]) KSPCommunityFixes/MMPatches/ModSupport/UniversalStorage/@KSP_COMMUNITY_FIXES:NEEDS[UniversalStorage2]
[LOG 18:26:30.546] Config(@PART[telescopicLadderBay]:FIRST) KSPCommunityFixes/MMPatches/StockTweaks/LadderToggleableLight/@PART[telescopicLadderBay]:FIRST
[LOG 18:26:30.546] Config(@PART[telescopicLadderBay]:HAS[#LadderToggleableLight[?rue]]:FIRST) KSPCommunityFixes/MMPatches/StockTweaks/LadderToggleableLight/@PART[telescopicLadderBay]:HAS[#LadderToggleableLight[?rue]]:FIRST
[LOG 18:26:30.546] Config(@PART[telescopicLadderBay]:HAS[#LadderToggleableLight]:FIRST) KSPCommunityFixes/MMPatches/StockTweaks/LadderToggleableLight/@PART[telescopicLadderBay]:HAS[#LadderToggleableLight]:FIRST
[LOG 18:26:30.546] Config(@PART[GearSmall]:FIRST) KSPCommunityFixes/MMPatches/StockTweaks/LandingGearLights/@PART[GearSmall]:FIRST
[LOG 18:26:30.546] Config(@PART[SmallGearBay]:FIRST) KSPCommunityFixes/MMPatches/StockTweaks/LandingGearLights/@PART[SmallGearBay]:FIRST
[LOG 18:26:30.546] Config(@PART[sasModule]:FOR[KSPCommunityFixes]) KSPCommunityFixes/MMPatches/StockTweaks/ManufacturerFixes/@PART[sasModule]:FOR[KSPCommunityFixes]
[LOG 18:26:30.546] Config(@PART[xenonTankRadial]:FOR[KSPCommunityFixes]) KSPCommunityFixes/MMPatches/StockTweaks/ManufacturerFixes/@PART[xenonTankRadial]:FOR[KSPCommunityFixes]
[LOG 18:26:30.546] Config(@PART[winglet|fireworksLauncherSmall|fireworksLauncherBig]:FOR[KSPCommunityFixes]) KSPCommunityFixes/MMPatches/StockTweaks/ManufacturerFixes/@PART[winglet|fireworksLauncherSmall|fireworksLauncherBig]:FOR[KSPCommunityFixes]
[LOG 18:26:30.546] Config(@PART[solidBooster_sm_v2|solidBooster_v2]:FOR[KSPCommunityFixes]) KSPCommunityFixes/MMPatches/StockTweaks/ManufacturerFixes/@PART[solidBooster_sm_v2|solidBooster_v2]:FOR[KSPCommunityFixes]
[LOG 18:26:30.546] Config(@PART[ServiceBay_125_v2|ServiceBay_250_v2]:FOR[KSPCommunityFixes]) KSPCommunityFixes/MMPatches/StockTweaks/ManufacturerFixes/@PART[ServiceBay_125_v2|ServiceBay_250_v2]:FOR[KSPCommunityFixes]
[LOG 18:26:30.546] Config(@PART[externalTankCapsule]:FOR[KSPCommunityFixes]) KSPCommunityFixes/MMPatches/StockTweaks/ManufacturerFixes/@PART[externalTankCapsule]:FOR[KSPCommunityFixes]
[LOG 18:26:30.546] Config(@PART[RCSFuelTank|rcsTankMini|RCSTank1-2]:FOR[KSPCommunityFixes]) KSPCommunityFixes/MMPatches/StockTweaks/ManufacturerFixes/@PART[RCSFuelTank|rcsTankMini|RCSTank1-2]:FOR[KSPCommunityFixes]
[LOG 18:26:30.546] Config(@PART[landerCabinSmall]:FOR[KSPCommunityFixes]) KSPCommunityFixes/MMPatches/StockTweaks/ManufacturerFixes/@PART[landerCabinSmall]:FOR[KSPCommunityFixes]
[LOG 18:26:30.546] Config(@PART[dockingPortLateral]:FOR[KSPCommunityFixes]) KSPCommunityFixes/MMPatches/StockTweaks/ManufacturerFixes/@PART[dockingPortLateral]:FOR[KSPCommunityFixes]
[LOG 18:26:30.546] Config(@PART[EnginePlate4]:FOR[KSPCommunityFixes]:NEEDS[SquadExpansion/MakingHistory]) KSPCommunityFixes/MMPatches/StockTweaks/ManufacturerFixes/@PART[EnginePlate4]:FOR[KSPCommunityFixes]:NEEDS[SquadExpansion/MakingHistory]
[LOG 18:26:30.546] Config(@PART[Mk2Pod]:FOR[KSPCommunityFixes]:NEEDS[SquadExpansion/MakingHistory]) KSPCommunityFixes/MMPatches/StockTweaks/ManufacturerFixes/@PART[Mk2Pod]:FOR[KSPCommunityFixes]:NEEDS[SquadExpansion/MakingHistory]
[LOG 18:26:30.546] Config(@PART[evaChute|parachuteSingle|parachuteRadial|radialDrogue|parachuteLarge|parachuteDrogue]:FOR[KSPCommunityFixes]) KSPCommunityFixes/MMPatches/StockTweaks/ManufacturerFixes/@PART[evaChute|parachuteSingle|parachuteRadial|radialDrogue|parachuteLarge|parachuteDrogue]:FOR[KSPCommunityFixes]
[LOG 18:26:30.546] Config(@PART[stackPoint1|dockingPort1|dockingPort2|dockingPort3|dockingPortLarge]:FOR[KSPCommunityFixes]) KSPCommunityFixes/MMPatches/StockTweaks/ManufacturerFixes/@PART[stackPoint1|dockingPort1|dockingPort2|dockingPort3|dockingPortLarge]:FOR[KSPCommunityFixes]
[LOG 18:26:30.546] Config(AGENT) KSPCommunityFixes/MMPatches/StockTweaks/ManufacturerFixes/Clamp-O-Tron
[LOG 18:26:30.546] Config(AGENT) KSPCommunityFixes/MMPatches/StockTweaks/ManufacturerFixes/FreeFall Parachutes
[LOG 18:26:30.546] Config(AGENT) KSPCommunityFixes/MMPatches/StockTweaks/ManufacturerFixes/LightYear Tire Company
[LOG 18:26:30.546] Config(AGENT) KSPCommunityFixes/MMPatches/StockTweaks/ManufacturerFixes/Stratus Corporation
[LOG 18:26:30.546] Config(Localization) KSPCommunityFixes/MMPatches/StockTweaks/ManufacturerFixes/Localization
[LOG 18:26:30.547] Config(AGENT) Squad/Agencies/Agents/C7 Aerospace Division
[LOG 18:26:30.547] Config(AGENT) Squad/Agencies/Agents/Dinkelstein Kerman's Construction Emporium
[LOG 18:26:30.547] Config(AGENT) Squad/Agencies/Agents/Experimental Engineering Group
[LOG 18:26:30.547] Config(AGENT) Squad/Agencies/Agents/FLOOYD Dynamics Research Labs
[LOG 18:26:30.547] Config(AGENT) Squad/Agencies/Agents/Goliath National Products
[LOG 18:26:30.547] Config(AGENT) Squad/Agencies/Agents/Integrated Integrals
[LOG 18:26:30.547] Config(AGENT) Squad/Agencies/Agents/Ionic Symphonic Protonic Electronics
[LOG 18:26:30.547] Config(AGENT) Squad/Agencies/Agents/Jebediah Kerman's Junkyard and Spacecraft Parts Co
[LOG 18:26:30.547] Config(AGENT) Squad/Agencies/Agents/Kerbal Motion LLC
[LOG 18:26:30.547] Config(AGENT) Squad/Agencies/Agents/Kerbin World-Firsts Record-Keeping Society
[LOG 18:26:30.547] Config(AGENT) Squad/Agencies/Agents/Kerbodyne
[LOG 18:26:30.547] Config(AGENT) Squad/Agencies/Agents/Kerlington Model Rockets and Paper Products Inc
[LOG 18:26:30.547] Config(AGENT) Squad/Agencies/Agents/Maxo Construction Toys
[LOG 18:26:30.547] Config(AGENT) Squad/Agencies/Agents/Moving Parts Experts Group
[LOG 18:26:30.547] Config(AGENT) Squad/Agencies/Agents/O.M.B. Demolition Enterprises
[LOG 18:26:30.547] Config(AGENT) Squad/Agencies/Agents/Periapsis Rocket Supplies Co
[LOG 18:26:30.547] Config(AGENT) Squad/Agencies/Agents/Probodobodyne Inc
[LOG 18:26:30.547] Config(AGENT) Squad/Agencies/Agents/Research & Development Department
[LOG 18:26:30.547] Config(AGENT) Squad/Agencies/Agents/Reaction Systems Ltd
[LOG 18:26:30.547] Config(AGENT) Squad/Agencies/Agents/Rockomax Conglomerate
[LOG 18:26:30.547] Config(AGENT) Squad/Agencies/Agents/Rokea Inc
[LOG 18:26:30.547] Config(AGENT) Squad/Agencies/Agents/Sean's Cannery
[LOG 18:26:30.547] Config(AGENT) Squad/Agencies/Agents/STEADLER Engineering Corps
[LOG 18:26:30.547] Config(AGENT) Squad/Agencies/Agents/StrutCo
[LOG 18:26:30.547] Config(AGENT) Squad/Agencies/Agents/Vac-Co Advanced Suction Systems
[LOG 18:26:30.547] Config(AGENT) Squad/Agencies/Agents/WinterOwl Aircraft Emporium
[LOG 18:26:30.547] Config(AGENT) Squad/Agencies/Agents/Zaltonic Electronics
[LOG 18:26:30.547] Config(CONTRACT_CONSTRUCTION_PARTS) Squad/Contracts/constructionContractParts/CONTRACT_CONSTRUCTION_PARTS
[LOG 18:26:30.547] Config(Contracts) Squad/Contracts/Contracts/Contracts
[LOG 18:26:30.548] Config(CONTRACTCRAFT) Squad/Contracts/PrebuiltCraft/prebuiltData/CONTRACTCRAFT
[LOG 18:26:30.548] Config(CONTRACTCRAFT) Squad/Contracts/PrebuiltCraft/OrbitalConstructionContract/orbitalConstructionContractCraft/CONTRACTCRAFT
[LOG 18:26:30.548] Config(CONTRACTCRAFT) Squad/Contracts/PrebuiltCraft/RepairContract/repairContractCraft/CONTRACTCRAFT
[LOG 18:26:30.548] Config(CONTRACTCRAFT) Squad/Contracts/PrebuiltCraft/RoverContract/roverContractCraft/CONTRACTCRAFT
[LOG 18:26:30.548] Config(KEYBOARD_LAYOUT) Squad/Controls/Azerty/#autoLOC_6001233
[LOG 18:26:30.548] Config(PITCH_DOWN) Squad/Controls/Azerty/PITCH_DOWN
[LOG 18:26:30.548] Config(PITCH_UP) Squad/Controls/Azerty/PITCH_UP
[LOG 18:26:30.548] Config(YAW_LEFT) Squad/Controls/Azerty/YAW_LEFT
[LOG 18:26:30.548] Config(YAW_RIGHT) Squad/Controls/Azerty/YAW_RIGHT
[LOG 18:26:30.548] Config(ROLL_LEFT) Squad/Controls/Azerty/ROLL_LEFT
[LOG 18:26:30.548] Config(ROLL_RIGHT) Squad/Controls/Azerty/ROLL_RIGHT
[LOG 18:26:30.548] Config(THROTTLE_UP) Squad/Controls/Azerty/THROTTLE_UP
[LOG 18:26:30.548] Config(THROTTLE_DOWN) Squad/Controls/Azerty/THROTTLE_DOWN
[LOG 18:26:30.548] Config(SAS_HOLD) Squad/Controls/Azerty/SAS_HOLD
[LOG 18:26:30.548] Config(SAS_TOGGLE) Squad/Controls/Azerty/SAS_TOGGLE
[LOG 18:26:30.548] Config(LAUNCH_STAGES) Squad/Controls/Azerty/LAUNCH_STAGES
[LOG 18:26:30.548] Config(Docking_toggleRotLin) Squad/Controls/Azerty/Docking_toggleRotLin
[LOG 18:26:30.548] Config(CAMERA_MODE) Squad/Controls/Azerty/CAMERA_MODE
[LOG 18:26:30.548] Config(CAMERA_NEXT) Squad/Controls/Azerty/CAMERA_NEXT
[LOG 18:26:30.548] Config(PAUSE) Squad/Controls/Azerty/PAUSE
[LOG 18:26:30.548] Config(PRECISION_CTRL) Squad/Controls/Azerty/PRECISION_CTRL
[LOG 18:26:30.548] Config(ZOOM_IN) Squad/Controls/Azerty/ZOOM_IN
[LOG 18:26:30.548] Config(ZOOM_OUT) Squad/Controls/Azerty/ZOOM_OUT
[LOG 18:26:30.548] Config(SCROLL_VIEW_UP) Squad/Controls/Azerty/SCROLL_VIEW_UP
[LOG 18:26:30.548] Config(SCROLL_VIEW_DOWN) Squad/Controls/Azerty/SCROLL_VIEW_DOWN
[LOG 18:26:30.548] Config(SCROLL_ICONS_UP) Squad/Controls/Azerty/SCROLL_ICONS_UP
[LOG 18:26:30.548] Config(SCROLL_ICONS_DOWN) Squad/Controls/Azerty/SCROLL_ICONS_DOWN
[LOG 18:26:30.548] Config(CAMERA_ORBIT_UP) Squad/Controls/Azerty/CAMERA_ORBIT_UP
[LOG 18:26:30.548] Config(CAMERA_ORBIT_DOWN) Squad/Controls/Azerty/CAMERA_ORBIT_DOWN
[LOG 18:26:30.548] Config(CAMERA_ORBIT_LEFT) Squad/Controls/Azerty/CAMERA_ORBIT_LEFT
[LOG 18:26:30.549] Config(CAMERA_ORBIT_RIGHT) Squad/Controls/Azerty/CAMERA_ORBIT_RIGHT
[LOG 18:26:30.549] Config(CAMERA_RESET) Squad/Controls/Azerty/CAMERA_RESET
[LOG 18:26:30.549] Config(CAMERA_MOUSE_TOGGLE) Squad/Controls/Azerty/CAMERA_MOUSE_TOGGLE
[LOG 18:26:30.549] Config(TIME_WARP_INCREASE) Squad/Controls/Azerty/TIME_WARP_INCREASE
[LOG 18:26:30.549] Config(TIME_WARP_DECREASE) Squad/Controls/Azerty/TIME_WARP_DECREASE
[LOG 18:26:30.549] Config(TIME_WARP_STOP) Squad/Controls/Azerty/TIME_WARP_STOP
[LOG 18:26:30.549] Config(MAP_VIEW_TOGGLE) Squad/Controls/Azerty/MAP_VIEW_TOGGLE
[LOG 18:26:30.549] Config(NAVBALL_TOGGLE) Squad/Controls/Azerty/NAVBALL_TOGGLE
[LOG 18:26:30.549] Config(UIMODE_STAGING) Squad/Controls/Azerty/UIMODE_STAGING
[LOG 18:26:30.549] Config(UIMODE_DOCKING) Squad/Controls/Azerty/UIMODE_DOCKING
[LOG 18:26:30.549] Config(TRANSLATE_DOWN) Squad/Controls/Azerty/TRANSLATE_DOWN
[LOG 18:26:30.549] Config(TRANSLATE_UP) Squad/Controls/Azerty/TRANSLATE_UP
[LOG 18:26:30.549] Config(TRANSLATE_LEFT) Squad/Controls/Azerty/TRANSLATE_LEFT
[LOG 18:26:30.549] Config(TRANSLATE_RIGHT) Squad/Controls/Azerty/TRANSLATE_RIGHT
[LOG 18:26:30.549] Config(TRANSLATE_FWD) Squad/Controls/Azerty/TRANSLATE_FWD
[LOG 18:26:30.549] Config(TRANSLATE_BACK) Squad/Controls/Azerty/TRANSLATE_BACK
[LOG 18:26:30.549] Config(RCS_TOGGLE) Squad/Controls/Azerty/RCS_TOGGLE
[LOG 18:26:30.549] Config(FOCUS_NEXT_VESSEL) Squad/Controls/Azerty/FOCUS_NEXT_VESSEL
[LOG 18:26:30.549] Config(FOCUS_PREV_VESSEL) Squad/Controls/Azerty/FOCUS_PREV_VESSEL
[LOG 18:26:30.549] Config(TOGGLE_UI) Squad/Controls/Azerty/TOGGLE_UI
[LOG 18:26:30.549] Config(TOGGLE_STATUS_SCREEN) Squad/Controls/Azerty/TOGGLE_STATUS_SCREEN
[LOG 18:26:30.549] Config(TAKE_SCREENSHOT) Squad/Controls/Azerty/TAKE_SCREENSHOT
[LOG 18:26:30.549] Config(TOGGLE_LABELS) Squad/Controls/Azerty/TOGGLE_LABELS
[LOG 18:26:30.549] Config(TOGGLE_TEMP_GAUGES) Squad/Controls/Azerty/TOGGLE_TEMP_GAUGES
[LOG 18:26:30.549] Config(TOGGLE_TEMP_OVERLAY) Squad/Controls/Azerty/TOGGLE_TEMP_OVERLAY
[LOG 18:26:30.549] Config(TOGGLE_FLIGHT_FORCES) Squad/Controls/Azerty/TOGGLE_FLIGHT_FORCES
[LOG 18:26:30.549] Config(QUICKSAVE) Squad/Controls/Azerty/QUICKSAVE
[LOG 18:26:30.549] Config(QUICKLOAD) Squad/Controls/Azerty/QUICKLOAD
[LOG 18:26:30.549] Config(THROTTLE_CUTOFF) Squad/Controls/Azerty/THROTTLE_CUTOFF
[LOG 18:26:30.549] Config(THROTTLE_FULL) Squad/Controls/Azerty/THROTTLE_FULL
[LOG 18:26:30.549] Config(LANDING_GEAR) Squad/Controls/Azerty/LANDING_GEAR
[LOG 18:26:30.550] Config(HEADLIGHT_TOGGLE) Squad/Controls/Azerty/HEADLIGHT_TOGGLE
[LOG 18:26:30.550] Config(BRAKES) Squad/Controls/Azerty/BRAKES
[LOG 18:26:30.550] Config(TOGGLE_SPACENAV_FLIGHT_CONTROL) Squad/Controls/Azerty/TOGGLE_SPACENAV_FLIGHT_CONTROL
[LOG 18:26:30.550] Config(TOGGLE_SPACENAV_ROLL_LOCK) Squad/Controls/Azerty/TOGGLE_SPACENAV_ROLL_LOCK
[LOG 18:26:30.550] Config(WHEEL_STEER_LEFT) Squad/Controls/Azerty/WHEEL_STEER_LEFT
[LOG 18:26:30.550] Config(WHEEL_STEER_RIGHT) Squad/Controls/Azerty/WHEEL_STEER_RIGHT
[LOG 18:26:30.550] Config(WHEEL_THROTTLE_DOWN) Squad/Controls/Azerty/WHEEL_THROTTLE_DOWN
[LOG 18:26:30.550] Config(WHEEL_THROTTLE_UP) Squad/Controls/Azerty/WHEEL_THROTTLE_UP
[LOG 18:26:30.550] Config(EVA_forward) Squad/Controls/Azerty/EVA_forward
[LOG 18:26:30.550] Config(EVA_back) Squad/Controls/Azerty/EVA_back
[LOG 18:26:30.550] Config(EVA_left) Squad/Controls/Azerty/EVA_left
[LOG 18:26:30.550] Config(EVA_right) Squad/Controls/Azerty/EVA_right
[LOG 18:26:30.550] Config(EVA_yaw_left) Squad/Controls/Azerty/EVA_yaw_left
[LOG 18:26:30.550] Config(EVA_yaw_right) Squad/Controls/Azerty/EVA_yaw_right
[LOG 18:26:30.550] Config(EVA_Pack_forward) Squad/Controls/Azerty/EVA_Pack_forward
[LOG 18:26:30.550] Config(EVA_Pack_back) Squad/Controls/Azerty/EVA_Pack_back
[LOG 18:26:30.550] Config(EVA_Pack_left) Squad/Controls/Azerty/EVA_Pack_left
[LOG 18:26:30.550] Config(EVA_Pack_right) Squad/Controls/Azerty/EVA_Pack_right
[LOG 18:26:30.550] Config(EVA_Pack_up) Squad/Controls/Azerty/EVA_Pack_up
[LOG 18:26:30.550] Config(EVA_Pack_down) Squad/Controls/Azerty/EVA_Pack_down
[LOG 18:26:30.550] Config(EVA_Jump) Squad/Controls/Azerty/EVA_Jump
[LOG 18:26:30.550] Config(EVA_Run) Squad/Controls/Azerty/EVA_Run
[LOG 18:26:30.550] Config(EVA_ToggleMovementMode) Squad/Controls/Azerty/EVA_ToggleMovementMode
[LOG 18:26:30.550] Config(EVA_TogglePack) Squad/Controls/Azerty/EVA_TogglePack
[LOG 18:26:30.550] Config(EVA_Use) Squad/Controls/Azerty/EVA_Use
[LOG 18:26:30.550] Config(EVA_Board) Squad/Controls/Azerty/EVA_Board
[LOG 18:26:30.550] Config(EVA_Orient) Squad/Controls/Azerty/EVA_Orient
[LOG 18:26:30.550] Config(EVA_Lights) Squad/Controls/Azerty/EVA_Lights
[LOG 18:26:30.550] Config(EVA_ChuteDeploy) Squad/Controls/Azerty/EVA_ChuteDeploy
[LOG 18:26:30.550] Config(Editor_pitchUp) Squad/Controls/Azerty/Editor_pitchUp
[LOG 18:26:30.550] Config(Editor_pitchDown) Squad/Controls/Azerty/Editor_pitchDown
[LOG 18:26:30.551] Config(Editor_yawLeft) Squad/Controls/Azerty/Editor_yawLeft
[LOG 18:26:30.551] Config(Editor_yawRight) Squad/Controls/Azerty/Editor_yawRight
[LOG 18:26:30.551] Config(Editor_rollLeft) Squad/Controls/Azerty/Editor_rollLeft
[LOG 18:26:30.551] Config(Editor_rollRight) Squad/Controls/Azerty/Editor_rollRight
[LOG 18:26:30.551] Config(Editor_resetRotation) Squad/Controls/Azerty/Editor_resetRotation
[LOG 18:26:30.551] Config(Editor_modePlace) Squad/Controls/Azerty/Editor_modePlace
[LOG 18:26:30.551] Config(Editor_modeOffset) Squad/Controls/Azerty/Editor_modeOffset
[LOG 18:26:30.551] Config(Editor_modeRotate) Squad/Controls/Azerty/Editor_modeRotate
[LOG 18:26:30.551] Config(Editor_modeRoot) Squad/Controls/Azerty/Editor_modeRoot
[LOG 18:26:30.551] Config(Editor_coordSystem) Squad/Controls/Azerty/Editor_coordSystem
[LOG 18:26:30.551] Config(Editor_toggleSymMethod) Squad/Controls/Azerty/Editor_toggleSymMethod
[LOG 18:26:30.551] Config(Editor_toggleSymMode) Squad/Controls/Azerty/Editor_toggleSymMode
[LOG 18:26:30.551] Config(Editor_toggleAngleSnap) Squad/Controls/Azerty/Editor_toggleAngleSnap
[LOG 18:26:30.551] Config(Editor_fineTweak) Squad/Controls/Azerty/Editor_fineTweak
[LOG 18:26:30.551] Config(Editor_partSearch) Squad/Controls/Azerty/Editor_partSearch
[LOG 18:26:30.551] Config(Editor_zoomScrollModifier) Squad/Controls/Azerty/Editor_zoomScrollModifier
[LOG 18:26:30.551] Config(MODIFIER_KEY) Squad/Controls/Azerty/MODIFIER_KEY
[LOG 18:26:30.551] Config(AbortActionGroup) Squad/Controls/Azerty/AbortActionGroup
[LOG 18:26:30.551] Config(CustomActionGroup1) Squad/Controls/Azerty/CustomActionGroup1
[LOG 18:26:30.551] Config(CustomActionGroup2) Squad/Controls/Azerty/CustomActionGroup2
[LOG 18:26:30.551] Config(CustomActionGroup3) Squad/Controls/Azerty/CustomActionGroup3
[LOG 18:26:30.551] Config(CustomActionGroup4) Squad/Controls/Azerty/CustomActionGroup4
[LOG 18:26:30.551] Config(CustomActionGroup5) Squad/Controls/Azerty/CustomActionGroup5
[LOG 18:26:30.551] Config(CustomActionGroup6) Squad/Controls/Azerty/CustomActionGroup6
[LOG 18:26:30.551] Config(CustomActionGroup7) Squad/Controls/Azerty/CustomActionGroup7
[LOG 18:26:30.551] Config(CustomActionGroup8) Squad/Controls/Azerty/CustomActionGroup8
[LOG 18:26:30.551] Config(CustomActionGroup9) Squad/Controls/Azerty/CustomActionGroup9
[LOG 18:26:30.551] Config(CustomActionGroup10) Squad/Controls/Azerty/CustomActionGroup10
[LOG 18:26:30.551] Config(KEY_MAP) Squad/Controls/Azerty/KEY_MAP
[LOG 18:26:30.551] Config(KEYBOARD_LAYOUT) Squad/Controls/Dvorak/#autoLOC_6001234
[LOG 18:26:30.552] Config(PITCH_DOWN) Squad/Controls/Dvorak/PITCH_DOWN
[LOG 18:26:30.552] Config(PITCH_UP) Squad/Controls/Dvorak/PITCH_UP
[LOG 18:26:30.552] Config(YAW_LEFT) Squad/Controls/Dvorak/YAW_LEFT
[LOG 18:26:30.552] Config(YAW_RIGHT) Squad/Controls/Dvorak/YAW_RIGHT
[LOG 18:26:30.552] Config(ROLL_LEFT) Squad/Controls/Dvorak/ROLL_LEFT
[LOG 18:26:30.552] Config(ROLL_RIGHT) Squad/Controls/Dvorak/ROLL_RIGHT
[LOG 18:26:30.552] Config(THROTTLE_UP) Squad/Controls/Dvorak/THROTTLE_UP
[LOG 18:26:30.552] Config(THROTTLE_DOWN) Squad/Controls/Dvorak/THROTTLE_DOWN
[LOG 18:26:30.552] Config(SAS_HOLD) Squad/Controls/Dvorak/SAS_HOLD
[LOG 18:26:30.552] Config(SAS_TOGGLE) Squad/Controls/Dvorak/SAS_TOGGLE
[LOG 18:26:30.552] Config(LAUNCH_STAGES) Squad/Controls/Dvorak/LAUNCH_STAGES
[LOG 18:26:30.552] Config(Docking_toggleRotLin) Squad/Controls/Dvorak/Docking_toggleRotLin
[LOG 18:26:30.552] Config(CAMERA_MODE) Squad/Controls/Dvorak/CAMERA_MODE
[LOG 18:26:30.552] Config(CAMERA_NEXT) Squad/Controls/Dvorak/CAMERA_NEXT
[LOG 18:26:30.552] Config(PAUSE) Squad/Controls/Dvorak/PAUSE
[LOG 18:26:30.552] Config(PRECISION_CTRL) Squad/Controls/Dvorak/PRECISION_CTRL
[LOG 18:26:30.552] Config(ZOOM_IN) Squad/Controls/Dvorak/ZOOM_IN
[LOG 18:26:30.552] Config(ZOOM_OUT) Squad/Controls/Dvorak/ZOOM_OUT
[LOG 18:26:30.552] Config(SCROLL_VIEW_UP) Squad/Controls/Dvorak/SCROLL_VIEW_UP
[LOG 18:26:30.552] Config(SCROLL_VIEW_DOWN) Squad/Controls/Dvorak/SCROLL_VIEW_DOWN
[LOG 18:26:30.552] Config(SCROLL_ICONS_UP) Squad/Controls/Dvorak/SCROLL_ICONS_UP
[LOG 18:26:30.552] Config(SCROLL_ICONS_DOWN) Squad/Controls/Dvorak/SCROLL_ICONS_DOWN
[LOG 18:26:30.552] Config(CAMERA_ORBIT_UP) Squad/Controls/Dvorak/CAMERA_ORBIT_UP
[LOG 18:26:30.552] Config(CAMERA_ORBIT_DOWN) Squad/Controls/Dvorak/CAMERA_ORBIT_DOWN
[LOG 18:26:30.552] Config(CAMERA_ORBIT_LEFT) Squad/Controls/Dvorak/CAMERA_ORBIT_LEFT
[LOG 18:26:30.552] Config(CAMERA_ORBIT_RIGHT) Squad/Controls/Dvorak/CAMERA_ORBIT_RIGHT
[LOG 18:26:30.552] Config(CAMERA_RESET) Squad/Controls/Dvorak/CAMERA_RESET
[LOG 18:26:30.552] Config(CAMERA_MOUSE_TOGGLE) Squad/Controls/Dvorak/CAMERA_MOUSE_TOGGLE
[LOG 18:26:30.552] Config(TIME_WARP_INCREASE) Squad/Controls/Dvorak/TIME_WARP_INCREASE
[LOG 18:26:30.553] Config(TIME_WARP_DECREASE) Squad/Controls/Dvorak/TIME_WARP_DECREASE
[LOG 18:26:30.553] Config(TIME_WARP_STOP) Squad/Controls/Dvorak/TIME_WARP_STOP
[LOG 18:26:30.553] Config(MAP_VIEW_TOGGLE) Squad/Controls/Dvorak/MAP_VIEW_TOGGLE
[LOG 18:26:30.553] Config(NAVBALL_TOGGLE) Squad/Controls/Dvorak/NAVBALL_TOGGLE
[LOG 18:26:30.553] Config(UIMODE_STAGING) Squad/Controls/Dvorak/UIMODE_STAGING
[LOG 18:26:30.553] Config(UIMODE_DOCKING) Squad/Controls/Dvorak/UIMODE_DOCKING
[LOG 18:26:30.553] Config(TRANSLATE_DOWN) Squad/Controls/Dvorak/TRANSLATE_DOWN
[LOG 18:26:30.553] Config(TRANSLATE_UP) Squad/Controls/Dvorak/TRANSLATE_UP
[LOG 18:26:30.553] Config(TRANSLATE_LEFT) Squad/Controls/Dvorak/TRANSLATE_LEFT
[LOG 18:26:30.553] Config(TRANSLATE_RIGHT) Squad/Controls/Dvorak/TRANSLATE_RIGHT
[LOG 18:26:30.553] Config(TRANSLATE_FWD) Squad/Controls/Dvorak/TRANSLATE_FWD
[LOG 18:26:30.553] Config(TRANSLATE_BACK) Squad/Controls/Dvorak/TRANSLATE_BACK
[LOG 18:26:30.553] Config(RCS_TOGGLE) Squad/Controls/Dvorak/RCS_TOGGLE
[LOG 18:26:30.553] Config(FOCUS_NEXT_VESSEL) Squad/Controls/Dvorak/FOCUS_NEXT_VESSEL
[LOG 18:26:30.553] Config(FOCUS_PREV_VESSEL) Squad/Controls/Dvorak/FOCUS_PREV_VESSEL
[LOG 18:26:30.553] Config(TOGGLE_UI) Squad/Controls/Dvorak/TOGGLE_UI
[LOG 18:26:30.553] Config(TOGGLE_STATUS_SCREEN) Squad/Controls/Dvorak/TOGGLE_STATUS_SCREEN
[LOG 18:26:30.553] Config(TAKE_SCREENSHOT) Squad/Controls/Dvorak/TAKE_SCREENSHOT
[LOG 18:26:30.553] Config(TOGGLE_LABELS) Squad/Controls/Dvorak/TOGGLE_LABELS
[LOG 18:26:30.553] Config(TOGGLE_TEMP_GAUGES) Squad/Controls/Dvorak/TOGGLE_TEMP_GAUGES
[LOG 18:26:30.553] Config(TOGGLE_TEMP_OVERLAY) Squad/Controls/Dvorak/TOGGLE_TEMP_OVERLAY
[LOG 18:26:30.553] Config(TOGGLE_FLIGHT_FORCES) Squad/Controls/Dvorak/TOGGLE_FLIGHT_FORCES
[LOG 18:26:30.553] Config(QUICKSAVE) Squad/Controls/Dvorak/QUICKSAVE
[LOG 18:26:30.553] Config(QUICKLOAD) Squad/Controls/Dvorak/QUICKLOAD
[LOG 18:26:30.553] Config(THROTTLE_CUTOFF) Squad/Controls/Dvorak/THROTTLE_CUTOFF
[LOG 18:26:30.553] Config(THROTTLE_FULL) Squad/Controls/Dvorak/THROTTLE_FULL
[LOG 18:26:30.553] Config(LANDING_GEAR) Squad/Controls/Dvorak/LANDING_GEAR
[LOG 18:26:30.553] Config(HEADLIGHT_TOGGLE) Squad/Controls/Dvorak/HEADLIGHT_TOGGLE
[LOG 18:26:30.553] Config(BRAKES) Squad/Controls/Dvorak/BRAKES
[LOG 18:26:30.553] Config(TOGGLE_SPACENAV_FLIGHT_CONTROL) Squad/Controls/Dvorak/TOGGLE_SPACENAV_FLIGHT_CONTROL
[LOG 18:26:30.553] Config(TOGGLE_SPACENAV_ROLL_LOCK) Squad/Controls/Dvorak/TOGGLE_SPACENAV_ROLL_LOCK
[LOG 18:26:30.554] Config(WHEEL_STEER_LEFT) Squad/Controls/Dvorak/WHEEL_STEER_LEFT
[LOG 18:26:30.554] Config(WHEEL_STEER_RIGHT) Squad/Controls/Dvorak/WHEEL_STEER_RIGHT
[LOG 18:26:30.554] Config(WHEEL_THROTTLE_DOWN) Squad/Controls/Dvorak/WHEEL_THROTTLE_DOWN
[LOG 18:26:30.554] Config(WHEEL_THROTTLE_UP) Squad/Controls/Dvorak/WHEEL_THROTTLE_UP
[LOG 18:26:30.554] Config(EVA_forward) Squad/Controls/Dvorak/EVA_forward
[LOG 18:26:30.554] Config(EVA_back) Squad/Controls/Dvorak/EVA_back
[LOG 18:26:30.554] Config(EVA_left) Squad/Controls/Dvorak/EVA_left
[LOG 18:26:30.554] Config(EVA_right) Squad/Controls/Dvorak/EVA_right
[LOG 18:26:30.554] Config(EVA_yaw_left) Squad/Controls/Dvorak/EVA_yaw_left
[LOG 18:26:30.554] Config(EVA_yaw_right) Squad/Controls/Dvorak/EVA_yaw_right
[LOG 18:26:30.554] Config(EVA_Pack_forward) Squad/Controls/Dvorak/EVA_Pack_forward
[LOG 18:26:30.554] Config(EVA_Pack_back) Squad/Controls/Dvorak/EVA_Pack_back
[LOG 18:26:30.554] Config(EVA_Pack_left) Squad/Controls/Dvorak/EVA_Pack_left
[LOG 18:26:30.554] Config(EVA_Pack_right) Squad/Controls/Dvorak/EVA_Pack_right
[LOG 18:26:30.554] Config(EVA_Pack_up) Squad/Controls/Dvorak/EVA_Pack_up
[LOG 18:26:30.554] Config(EVA_Pack_down) Squad/Controls/Dvorak/EVA_Pack_down
[LOG 18:26:30.554] Config(EVA_Jump) Squad/Controls/Dvorak/EVA_Jump
[LOG 18:26:30.554] Config(EVA_Run) Squad/Controls/Dvorak/EVA_Run
[LOG 18:26:30.554] Config(EVA_ToggleMovementMode) Squad/Controls/Dvorak/EVA_ToggleMovementMode
[LOG 18:26:30.554] Config(EVA_TogglePack) Squad/Controls/Dvorak/EVA_TogglePack
[LOG 18:26:30.554] Config(EVA_Use) Squad/Controls/Dvorak/EVA_Use
[LOG 18:26:30.554] Config(EVA_Board) Squad/Controls/Dvorak/EVA_Board
[LOG 18:26:30.554] Config(EVA_Orient) Squad/Controls/Dvorak/EVA_Orient
[LOG 18:26:30.554] Config(EVA_Lights) Squad/Controls/Dvorak/EVA_Lights
[LOG 18:26:30.554] Config(EVA_ChuteDeploy) Squad/Controls/Dvorak/EVA_ChuteDeploy
[LOG 18:26:30.554] Config(Editor_pitchUp) Squad/Controls/Dvorak/Editor_pitchUp
[LOG 18:26:30.554] Config(Editor_pitchDown) Squad/Controls/Dvorak/Editor_pitchDown
[LOG 18:26:30.554] Config(Editor_yawLeft) Squad/Controls/Dvorak/Editor_yawLeft
[LOG 18:26:30.554] Config(Editor_yawRight) Squad/Controls/Dvorak/Editor_yawRight
[LOG 18:26:30.555] Config(Editor_rollLeft) Squad/Controls/Dvorak/Editor_rollLeft
[LOG 18:26:30.555] Config(Editor_rollRight) Squad/Controls/Dvorak/Editor_rollRight
[LOG 18:26:30.555] Config(Editor_resetRotation) Squad/Controls/Dvorak/Editor_resetRotation
[LOG 18:26:30.555] Config(Editor_modePlace) Squad/Controls/Dvorak/Editor_modePlace
[LOG 18:26:30.555] Config(Editor_modeOffset) Squad/Controls/Dvorak/Editor_modeOffset
[LOG 18:26:30.555] Config(Editor_modeRotate) Squad/Controls/Dvorak/Editor_modeRotate
[LOG 18:26:30.555] Config(Editor_modeRoot) Squad/Controls/Dvorak/Editor_modeRoot
[LOG 18:26:30.555] Config(Editor_coordSystem) Squad/Controls/Dvorak/Editor_coordSystem
[LOG 18:26:30.555] Config(Editor_toggleSymMethod) Squad/Controls/Dvorak/Editor_toggleSymMethod
[LOG 18:26:30.555] Config(Editor_toggleSymMode) Squad/Controls/Dvorak/Editor_toggleSymMode
[LOG 18:26:30.555] Config(Editor_toggleAngleSnap) Squad/Controls/Dvorak/Editor_toggleAngleSnap
[LOG 18:26:30.555] Config(Editor_fineTweak) Squad/Controls/Dvorak/Editor_fineTweak
[LOG 18:26:30.555] Config(Editor_partSearch) Squad/Controls/Dvorak/Editor_partSearch
[LOG 18:26:30.555] Config(Editor_zoomScrollModifier) Squad/Controls/Dvorak/Editor_zoomScrollModifier
[LOG 18:26:30.555] Config(MODIFIER_KEY) Squad/Controls/Dvorak/MODIFIER_KEY
[LOG 18:26:30.555] Config(AbortActionGroup) Squad/Controls/Dvorak/AbortActionGroup
[LOG 18:26:30.555] Config(CustomActionGroup1) Squad/Controls/Dvorak/CustomActionGroup1
[LOG 18:26:30.555] Config(CustomActionGroup2) Squad/Controls/Dvorak/CustomActionGroup2
[LOG 18:26:30.555] Config(CustomActionGroup3) Squad/Controls/Dvorak/CustomActionGroup3
[LOG 18:26:30.555] Config(CustomActionGroup4) Squad/Controls/Dvorak/CustomActionGroup4
[LOG 18:26:30.555] Config(CustomActionGroup5) Squad/Controls/Dvorak/CustomActionGroup5
[LOG 18:26:30.555] Config(CustomActionGroup6) Squad/Controls/Dvorak/CustomActionGroup6
[LOG 18:26:30.555] Config(CustomActionGroup7) Squad/Controls/Dvorak/CustomActionGroup7
[LOG 18:26:30.555] Config(CustomActionGroup8) Squad/Controls/Dvorak/CustomActionGroup8
[LOG 18:26:30.555] Config(CustomActionGroup9) Squad/Controls/Dvorak/CustomActionGroup9
[LOG 18:26:30.555] Config(CustomActionGroup10) Squad/Controls/Dvorak/CustomActionGroup10
[LOG 18:26:30.555] Config(KEY_MAP) Squad/Controls/Dvorak/KEY_MAP
[LOG 18:26:30.556] Config(KEYBOARD_LAYOUT) Squad/Controls/Qwerty/#autoLOC_6001227
[LOG 18:26:30.556] Config(PITCH_DOWN) Squad/Controls/Qwerty/PITCH_DOWN
[LOG 18:26:30.556] Config(PITCH_UP) Squad/Controls/Qwerty/PITCH_UP
[LOG 18:26:30.556] Config(YAW_LEFT) Squad/Controls/Qwerty/YAW_LEFT
[LOG 18:26:30.556] Config(YAW_RIGHT) Squad/Controls/Qwerty/YAW_RIGHT
[LOG 18:26:30.556] Config(ROLL_LEFT) Squad/Controls/Qwerty/ROLL_LEFT
[LOG 18:26:30.556] Config(ROLL_RIGHT) Squad/Controls/Qwerty/ROLL_RIGHT
[LOG 18:26:30.556] Config(THROTTLE_UP) Squad/Controls/Qwerty/THROTTLE_UP
[LOG 18:26:30.556] Config(THROTTLE_DOWN) Squad/Controls/Qwerty/THROTTLE_DOWN
[LOG 18:26:30.556] Config(SAS_HOLD) Squad/Controls/Qwerty/SAS_HOLD
[LOG 18:26:30.556] Config(SAS_TOGGLE) Squad/Controls/Qwerty/SAS_TOGGLE
[LOG 18:26:30.556] Config(LAUNCH_STAGES) Squad/Controls/Qwerty/LAUNCH_STAGES
[LOG 18:26:30.556] Config(Docking_toggleRotLin) Squad/Controls/Qwerty/Docking_toggleRotLin
[LOG 18:26:30.556] Config(CAMERA_MODE) Squad/Controls/Qwerty/CAMERA_MODE
[LOG 18:26:30.556] Config(CAMERA_NEXT) Squad/Controls/Qwerty/CAMERA_NEXT
[LOG 18:26:30.556] Config(PAUSE) Squad/Controls/Qwerty/PAUSE
[LOG 18:26:30.556] Config(PRECISION_CTRL) Squad/Controls/Qwerty/PRECISION_CTRL
[LOG 18:26:30.556] Config(ZOOM_IN) Squad/Controls/Qwerty/ZOOM_IN
[LOG 18:26:30.556] Config(ZOOM_OUT) Squad/Controls/Qwerty/ZOOM_OUT
[LOG 18:26:30.556] Config(SCROLL_VIEW_UP) Squad/Controls/Qwerty/SCROLL_VIEW_UP
[LOG 18:26:30.556] Config(SCROLL_VIEW_DOWN) Squad/Controls/Qwerty/SCROLL_VIEW_DOWN
[LOG 18:26:30.556] Config(SCROLL_ICONS_UP) Squad/Controls/Qwerty/SCROLL_ICONS_UP
[LOG 18:26:30.556] Config(SCROLL_ICONS_DOWN) Squad/Controls/Qwerty/SCROLL_ICONS_DOWN
[LOG 18:26:30.556] Config(CAMERA_ORBIT_UP) Squad/Controls/Qwerty/CAMERA_ORBIT_UP
[LOG 18:26:30.556] Config(CAMERA_ORBIT_DOWN) Squad/Controls/Qwerty/CAMERA_ORBIT_DOWN
[LOG 18:26:30.556] Config(CAMERA_ORBIT_LEFT) Squad/Controls/Qwerty/CAMERA_ORBIT_LEFT
[LOG 18:26:30.556] Config(CAMERA_ORBIT_RIGHT) Squad/Controls/Qwerty/CAMERA_ORBIT_RIGHT
[LOG 18:26:30.556] Config(CAMERA_RESET) Squad/Controls/Qwerty/CAMERA_RESET
[LOG 18:26:30.556] Config(CAMERA_MOUSE_TOGGLE) Squad/Controls/Qwerty/CAMERA_MOUSE_TOGGLE
[LOG 18:26:30.556] Config(TIME_WARP_INCREASE) Squad/Controls/Qwerty/TIME_WARP_INCREASE
[LOG 18:26:30.556] Config(TIME_WARP_DECREASE) Squad/Controls/Qwerty/TIME_WARP_DECREASE
[LOG 18:26:30.556] Config(TIME_WARP_STOP) Squad/Controls/Qwerty/TIME_WARP_STOP
[LOG 18:26:30.557] Config(MAP_VIEW_TOGGLE) Squad/Controls/Qwerty/MAP_VIEW_TOGGLE
[LOG 18:26:30.557] Config(NAVBALL_TOGGLE) Squad/Controls/Qwerty/NAVBALL_TOGGLE
[LOG 18:26:30.557] Config(UIMODE_STAGING) Squad/Controls/Qwerty/UIMODE_STAGING
[LOG 18:26:30.557] Config(UIMODE_DOCKING) Squad/Controls/Qwerty/UIMODE_DOCKING
[LOG 18:26:30.557] Config(TRANSLATE_DOWN) Squad/Controls/Qwerty/TRANSLATE_DOWN
[LOG 18:26:30.557] Config(TRANSLATE_UP) Squad/Controls/Qwerty/TRANSLATE_UP
[LOG 18:26:30.557] Config(TRANSLATE_LEFT) Squad/Controls/Qwerty/TRANSLATE_LEFT
[LOG 18:26:30.557] Config(TRANSLATE_RIGHT) Squad/Controls/Qwerty/TRANSLATE_RIGHT
[LOG 18:26:30.557] Config(TRANSLATE_FWD) Squad/Controls/Qwerty/TRANSLATE_FWD
[LOG 18:26:30.557] Config(TRANSLATE_BACK) Squad/Controls/Qwerty/TRANSLATE_BACK
[LOG 18:26:30.557] Config(RCS_TOGGLE) Squad/Controls/Qwerty/RCS_TOGGLE
[LOG 18:26:30.557] Config(FOCUS_NEXT_VESSEL) Squad/Controls/Qwerty/FOCUS_NEXT_VESSEL
[LOG 18:26:30.557] Config(FOCUS_PREV_VESSEL) Squad/Controls/Qwerty/FOCUS_PREV_VESSEL
[LOG 18:26:30.557] Config(TOGGLE_UI) Squad/Controls/Qwerty/TOGGLE_UI
[LOG 18:26:30.557] Config(TOGGLE_STATUS_SCREEN) Squad/Controls/Qwerty/TOGGLE_STATUS_SCREEN
[LOG 18:26:30.557] Config(TAKE_SCREENSHOT) Squad/Controls/Qwerty/TAKE_SCREENSHOT
[LOG 18:26:30.557] Config(TOGGLE_LABELS) Squad/Controls/Qwerty/TOGGLE_LABELS
[LOG 18:26:30.557] Config(TOGGLE_TEMP_GAUGES) Squad/Controls/Qwerty/TOGGLE_TEMP_GAUGES
[LOG 18:26:30.557] Config(TOGGLE_TEMP_OVERLAY) Squad/Controls/Qwerty/TOGGLE_TEMP_OVERLAY
[LOG 18:26:30.557] Config(TOGGLE_FLIGHT_FORCES) Squad/Controls/Qwerty/TOGGLE_FLIGHT_FORCES
[LOG 18:26:30.557] Config(QUICKSAVE) Squad/Controls/Qwerty/QUICKSAVE
[LOG 18:26:30.557] Config(QUICKLOAD) Squad/Controls/Qwerty/QUICKLOAD
[LOG 18:26:30.557] Config(THROTTLE_CUTOFF) Squad/Controls/Qwerty/THROTTLE_CUTOFF
[LOG 18:26:30.557] Config(THROTTLE_FULL) Squad/Controls/Qwerty/THROTTLE_FULL
[LOG 18:26:30.557] Config(LANDING_GEAR) Squad/Controls/Qwerty/LANDING_GEAR
[LOG 18:26:30.557] Config(HEADLIGHT_TOGGLE) Squad/Controls/Qwerty/HEADLIGHT_TOGGLE
[LOG 18:26:30.557] Config(BRAKES) Squad/Controls/Qwerty/BRAKES
[LOG 18:26:30.557] Config(TOGGLE_SPACENAV_FLIGHT_CONTROL) Squad/Controls/Qwerty/TOGGLE_SPACENAV_FLIGHT_CONTROL
[LOG 18:26:30.557] Config(TOGGLE_SPACENAV_ROLL_LOCK) Squad/Controls/Qwerty/TOGGLE_SPACENAV_ROLL_LOCK
[LOG 18:26:30.557] Config(WHEEL_STEER_LEFT) Squad/Controls/Qwerty/WHEEL_STEER_LEFT
[LOG 18:26:30.557] Config(WHEEL_STEER_RIGHT) Squad/Controls/Qwerty/WHEEL_STEER_RIGHT
[LOG 18:26:30.557] Config(WHEEL_THROTTLE_DOWN) Squad/Controls/Qwerty/WHEEL_THROTTLE_DOWN
[LOG 18:26:30.558] Config(WHEEL_THROTTLE_UP) Squad/Controls/Qwerty/WHEEL_THROTTLE_UP
[LOG 18:26:30.558] Config(EVA_forward) Squad/Controls/Qwerty/EVA_forward
[LOG 18:26:30.558] Config(EVA_back) Squad/Controls/Qwerty/EVA_back
[LOG 18:26:30.558] Config(EVA_left) Squad/Controls/Qwerty/EVA_left
[LOG 18:26:30.558] Config(EVA_right) Squad/Controls/Qwerty/EVA_right
[LOG 18:26:30.558] Config(EVA_yaw_left) Squad/Controls/Qwerty/EVA_yaw_left
[LOG 18:26:30.558] Config(EVA_yaw_right) Squad/Controls/Qwerty/EVA_yaw_right
[LOG 18:26:30.558] Config(EVA_Pack_forward) Squad/Controls/Qwerty/EVA_Pack_forward
[LOG 18:26:30.558] Config(EVA_Pack_back) Squad/Controls/Qwerty/EVA_Pack_back
[LOG 18:26:30.558] Config(EVA_Pack_left) Squad/Controls/Qwerty/EVA_Pack_left
[LOG 18:26:30.558] Config(EVA_Pack_right) Squad/Controls/Qwerty/EVA_Pack_right
[LOG 18:26:30.558] Config(EVA_Pack_up) Squad/Controls/Qwerty/EVA_Pack_up
[LOG 18:26:30.558] Config(EVA_Pack_down) Squad/Controls/Qwerty/EVA_Pack_down
[LOG 18:26:30.558] Config(EVA_Jump) Squad/Controls/Qwerty/EVA_Jump
[LOG 18:26:30.558] Config(EVA_Run) Squad/Controls/Qwerty/EVA_Run
[LOG 18:26:30.558] Config(EVA_ToggleMovementMode) Squad/Controls/Qwerty/EVA_ToggleMovementMode
[LOG 18:26:30.558] Config(EVA_TogglePack) Squad/Controls/Qwerty/EVA_TogglePack
[LOG 18:26:30.558] Config(EVA_Use) Squad/Controls/Qwerty/EVA_Use
[LOG 18:26:30.558] Config(EVA_Board) Squad/Controls/Qwerty/EVA_Board
[LOG 18:26:30.558] Config(EVA_Orient) Squad/Controls/Qwerty/EVA_Orient
[LOG 18:26:30.558] Config(EVA_Lights) Squad/Controls/Qwerty/EVA_Lights
[LOG 18:26:30.558] Config(EVA_ChuteDeploy) Squad/Controls/Qwerty/EVA_ChuteDeploy
[LOG 18:26:30.558] Config(Editor_pitchUp) Squad/Controls/Qwerty/Editor_pitchUp
[LOG 18:26:30.558] Config(Editor_pitchDown) Squad/Controls/Qwerty/Editor_pitchDown
[LOG 18:26:30.558] Config(Editor_yawLeft) Squad/Controls/Qwerty/Editor_yawLeft
[LOG 18:26:30.558] Config(Editor_yawRight) Squad/Controls/Qwerty/Editor_yawRight
[LOG 18:26:30.558] Config(Editor_rollLeft) Squad/Controls/Qwerty/Editor_rollLeft
[LOG 18:26:30.558] Config(Editor_rollRight) Squad/Controls/Qwerty/Editor_rollRight
[LOG 18:26:30.558] Config(Editor_resetRotation) Squad/Controls/Qwerty/Editor_resetRotation
[LOG 18:26:30.558] Config(Editor_modePlace) Squad/Controls/Qwerty/Editor_modePlace
[LOG 18:26:30.558] Config(Editor_modeOffset) Squad/Controls/Qwerty/Editor_modeOffset
[LOG 18:26:30.558] Config(Editor_modeRotate) Squad/Controls/Qwerty/Editor_modeRotate
[LOG 18:26:30.558] Config(Editor_modeRoot) Squad/Controls/Qwerty/Editor_modeRoot
[LOG 18:26:30.559] Config(Editor_coordSystem) Squad/Controls/Qwerty/Editor_coordSystem
[LOG 18:26:30.559] Config(Editor_toggleSymMethod) Squad/Controls/Qwerty/Editor_toggleSymMethod
[LOG 18:26:30.559] Config(Editor_toggleSymMode) Squad/Controls/Qwerty/Editor_toggleSymMode
[LOG 18:26:30.559] Config(Editor_toggleAngleSnap) Squad/Controls/Qwerty/Editor_toggleAngleSnap
[LOG 18:26:30.559] Config(Editor_fineTweak) Squad/Controls/Qwerty/Editor_fineTweak
[LOG 18:26:30.559] Config(Editor_partSearch) Squad/Controls/Qwerty/Editor_partSearch
[LOG 18:26:30.559] Config(Editor_zoomScrollModifier) Squad/Controls/Qwerty/Editor_zoomScrollModifier
[LOG 18:26:30.559] Config(MODIFIER_KEY) Squad/Controls/Qwerty/MODIFIER_KEY
[LOG 18:26:30.559] Config(AbortActionGroup) Squad/Controls/Qwerty/AbortActionGroup
[LOG 18:26:30.559] Config(CustomActionGroup1) Squad/Controls/Qwerty/CustomActionGroup1
[LOG 18:26:30.559] Config(CustomActionGroup2) Squad/Controls/Qwerty/CustomActionGroup2
[LOG 18:26:30.559] Config(CustomActionGroup3) Squad/Controls/Qwerty/CustomActionGroup3
[LOG 18:26:30.559] Config(CustomActionGroup4) Squad/Controls/Qwerty/CustomActionGroup4
[LOG 18:26:30.559] Config(CustomActionGroup5) Squad/Controls/Qwerty/CustomActionGroup5
[LOG 18:26:30.559] Config(CustomActionGroup6) Squad/Controls/Qwerty/CustomActionGroup6
[LOG 18:26:30.559] Config(CustomActionGroup7) Squad/Controls/Qwerty/CustomActionGroup7
[LOG 18:26:30.559] Config(CustomActionGroup8) Squad/Controls/Qwerty/CustomActionGroup8
[LOG 18:26:30.559] Config(CustomActionGroup9) Squad/Controls/Qwerty/CustomActionGroup9
[LOG 18:26:30.559] Config(CustomActionGroup10) Squad/Controls/Qwerty/CustomActionGroup10
[LOG 18:26:30.559] Config(KEY_MAP) Squad/Controls/Qwerty/KEY_MAP
[LOG 18:26:30.559] Config(KEYBOARD_LAYOUT) Squad/Controls/Qwerty_en-GB/#autoLOC_6001228
[LOG 18:26:30.559] Config(KEY_MAP) Squad/Controls/Qwerty_en-GB/KEY_MAP
[LOG 18:26:30.559] Config(KEYBOARD_LAYOUT) Squad/Controls/Qwerty_es-LA/#autoLOC_6001229
[LOG 18:26:30.559] Config(CAMERA_MOUSE_TOGGLE) Squad/Controls/Qwerty_es-LA/CAMERA_MOUSE_TOGGLE
[LOG 18:26:30.559] Config(TIME_WARP_STOP) Squad/Controls/Qwerty_es-LA/TIME_WARP_STOP
[LOG 18:26:30.559] Config(FOCUS_NEXT_VESSEL) Squad/Controls/Qwerty_es-LA/FOCUS_NEXT_VESSEL
[LOG 18:26:30.559] Config(FOCUS_PREV_VESSEL) Squad/Controls/Qwerty_es-LA/FOCUS_PREV_VESSEL
[LOG 18:26:30.559] Config(CAMERA_RESET) Squad/Controls/Qwerty_es-LA/CAMERA_RESET
[LOG 18:26:30.559] Config(Editor_partSearch) Squad/Controls/Qwerty_es-LA/Editor_partSearch
[LOG 18:26:30.559] Config(KEY_MAP) Squad/Controls/Qwerty_es-LA/KEY_MAP
[LOG 18:26:30.559] Config(KEYBOARD_LAYOUT) Squad/Controls/Qwerty_it-IT/#autoLOC_6001230
[LOG 18:26:30.559] Config(FOCUS_NEXT_VESSEL) Squad/Controls/Qwerty_it-IT/FOCUS_NEXT_VESSEL
[LOG 18:26:30.559] Config(FOCUS_PREV_VESSEL) Squad/Controls/Qwerty_it-IT/FOCUS_PREV_VESSEL
[LOG 18:26:30.560] Config(CAMERA_MOUSE_TOGGLE) Squad/Controls/Qwerty_it-IT/CAMERA_MOUSE_TOGGLE
[LOG 18:26:30.560] Config(TIME_WARP_STOP) Squad/Controls/Qwerty_it-IT/TIME_WARP_STOP
[LOG 18:26:30.560] Config(CAMERA_RESET) Squad/Controls/Qwerty_it-IT/CAMERA_RESET
[LOG 18:26:30.560] Config(Editor_partSearch) Squad/Controls/Qwerty_it-IT/Editor_partSearch
[LOG 18:26:30.560] Config(KEY_MAP) Squad/Controls/Qwerty_it-IT/KEY_MAP
[LOG 18:26:30.560] Config(KEYBOARD_LAYOUT) Squad/Controls/Qwerty_ja-JP/#autoLOC_6001231
[LOG 18:26:30.560] Config(FOCUS_NEXT_VESSEL) Squad/Controls/Qwerty_ja-JP/FOCUS_NEXT_VESSEL
[LOG 18:26:30.560] Config(FOCUS_PREV_VESSEL) Squad/Controls/Qwerty_ja-JP/FOCUS_PREV_VESSEL
[LOG 18:26:30.560] Config(PRECISION_CTRL) Squad/Controls/Qwerty_ja-JP/PRECISION_CTRL
[LOG 18:26:30.560] Config(CAMERA_MOUSE_TOGGLE) Squad/Controls/Qwerty_ja-JP/CAMERA_MOUSE_TOGGLE
[LOG 18:26:30.560] Config(Editor_partSearch) Squad/Controls/Qwerty_ja-JP/Editor_partSearch
[LOG 18:26:30.560] Config(CAMERA_RESET) Squad/Controls/Qwerty_ja-JP/CAMERA_RESET
[LOG 18:26:30.560] Config(KEY_MAP) Squad/Controls/Qwerty_ja-JP/KEY_MAP
[LOG 18:26:30.560] Config(KEYBOARD_LAYOUT) Squad/Controls/Qwerty_pt-PT/#autoLOC_6001230
[LOG 18:26:30.560] Config(FOCUS_NEXT_VESSEL) Squad/Controls/Qwerty_pt-PT/FOCUS_NEXT_VESSEL
[LOG 18:26:30.560] Config(FOCUS_PREV_VESSEL) Squad/Controls/Qwerty_pt-PT/FOCUS_PREV_VESSEL
[LOG 18:26:30.560] Config(CAMERA_MOUSE_TOGGLE) Squad/Controls/Qwerty_pt-PT/CAMERA_MOUSE_TOGGLE
[LOG 18:26:30.560] Config(TIME_WARP_STOP) Squad/Controls/Qwerty_pt-PT/TIME_WARP_STOP
[LOG 18:26:30.560] Config(CAMERA_RESET) Squad/Controls/Qwerty_pt-PT/CAMERA_RESET
[LOG 18:26:30.560] Config(Editor_partSearch) Squad/Controls/Qwerty_pt-PT/Editor_partSearch
[LOG 18:26:30.560] Config(KEY_MAP) Squad/Controls/Qwerty_pt-PT/KEY_MAP
[LOG 18:26:30.560] Config(KEYBOARD_LAYOUT) Squad/Controls/Qwertz/#autoLOC_6001232
[LOG 18:26:30.560] Config(PITCH_DOWN) Squad/Controls/Qwertz/PITCH_DOWN
[LOG 18:26:30.560] Config(PITCH_UP) Squad/Controls/Qwertz/PITCH_UP
[LOG 18:26:30.560] Config(YAW_LEFT) Squad/Controls/Qwertz/YAW_LEFT
[LOG 18:26:30.560] Config(YAW_RIGHT) Squad/Controls/Qwertz/YAW_RIGHT
[LOG 18:26:30.560] Config(ROLL_LEFT) Squad/Controls/Qwertz/ROLL_LEFT
[LOG 18:26:30.560] Config(ROLL_RIGHT) Squad/Controls/Qwertz/ROLL_RIGHT
[LOG 18:26:30.560] Config(THROTTLE_UP) Squad/Controls/Qwertz/THROTTLE_UP
[LOG 18:26:30.560] Config(THROTTLE_DOWN) Squad/Controls/Qwertz/THROTTLE_DOWN
[LOG 18:26:30.561] Config(SAS_HOLD) Squad/Controls/Qwertz/SAS_HOLD
[LOG 18:26:30.561] Config(SAS_TOGGLE) Squad/Controls/Qwertz/SAS_TOGGLE
[LOG 18:26:30.561] Config(LAUNCH_STAGES) Squad/Controls/Qwertz/LAUNCH_STAGES
[LOG 18:26:30.561] Config(Docking_toggleRotLin) Squad/Controls/Qwertz/Docking_toggleRotLin
[LOG 18:26:30.561] Config(CAMERA_MODE) Squad/Controls/Qwertz/CAMERA_MODE
[LOG 18:26:30.561] Config(CAMERA_NEXT) Squad/Controls/Qwertz/CAMERA_NEXT
[LOG 18:26:30.561] Config(PAUSE) Squad/Controls/Qwertz/PAUSE
[LOG 18:26:30.561] Config(PRECISION_CTRL) Squad/Controls/Qwertz/PRECISION_CTRL
[LOG 18:26:30.561] Config(ZOOM_IN) Squad/Controls/Qwertz/ZOOM_IN
[LOG 18:26:30.561] Config(ZOOM_OUT) Squad/Controls/Qwertz/ZOOM_OUT
[LOG 18:26:30.561] Config(SCROLL_VIEW_UP) Squad/Controls/Qwertz/SCROLL_VIEW_UP
[LOG 18:26:30.561] Config(SCROLL_VIEW_DOWN) Squad/Controls/Qwertz/SCROLL_VIEW_DOWN
[LOG 18:26:30.561] Config(SCROLL_ICONS_UP) Squad/Controls/Qwertz/SCROLL_ICONS_UP
[LOG 18:26:30.561] Config(SCROLL_ICONS_DOWN) Squad/Controls/Qwertz/SCROLL_ICONS_DOWN
[LOG 18:26:30.561] Config(CAMERA_ORBIT_UP) Squad/Controls/Qwertz/CAMERA_ORBIT_UP
[LOG 18:26:30.561] Config(CAMERA_ORBIT_DOWN) Squad/Controls/Qwertz/CAMERA_ORBIT_DOWN
[LOG 18:26:30.561] Config(CAMERA_ORBIT_LEFT) Squad/Controls/Qwertz/CAMERA_ORBIT_LEFT
[LOG 18:26:30.561] Config(CAMERA_ORBIT_RIGHT) Squad/Controls/Qwertz/CAMERA_ORBIT_RIGHT
[LOG 18:26:30.561] Config(CAMERA_RESET) Squad/Controls/Qwertz/CAMERA_RESET
[LOG 18:26:30.561] Config(CAMERA_MOUSE_TOGGLE) Squad/Controls/Qwertz/CAMERA_MOUSE_TOGGLE
[LOG 18:26:30.561] Config(TIME_WARP_INCREASE) Squad/Controls/Qwertz/TIME_WARP_INCREASE
[LOG 18:26:30.561] Config(TIME_WARP_DECREASE) Squad/Controls/Qwertz/TIME_WARP_DECREASE
[LOG 18:26:30.561] Config(TIME_WARP_STOP) Squad/Controls/Qwertz/TIME_WARP_STOP
[LOG 18:26:30.561] Config(MAP_VIEW_TOGGLE) Squad/Controls/Qwertz/MAP_VIEW_TOGGLE
[LOG 18:26:30.561] Config(NAVBALL_TOGGLE) Squad/Controls/Qwertz/NAVBALL_TOGGLE
[LOG 18:26:30.561] Config(UIMODE_STAGING) Squad/Controls/Qwertz/UIMODE_STAGING
[LOG 18:26:30.561] Config(UIMODE_DOCKING) Squad/Controls/Qwertz/UIMODE_DOCKING
[LOG 18:26:30.561] Config(TRANSLATE_DOWN) Squad/Controls/Qwertz/TRANSLATE_DOWN
[LOG 18:26:30.561] Config(TRANSLATE_UP) Squad/Controls/Qwertz/TRANSLATE_UP
[LOG 18:26:30.561] Config(TRANSLATE_LEFT) Squad/Controls/Qwertz/TRANSLATE_LEFT
[LOG 18:26:30.561] Config(TRANSLATE_RIGHT) Squad/Controls/Qwertz/TRANSLATE_RIGHT
[LOG 18:26:30.561] Config(TRANSLATE_FWD) Squad/Controls/Qwertz/TRANSLATE_FWD
[LOG 18:26:30.561] Config(TRANSLATE_BACK) Squad/Controls/Qwertz/TRANSLATE_BACK
[LOG 18:26:30.562] Config(RCS_TOGGLE) Squad/Controls/Qwertz/RCS_TOGGLE
[LOG 18:26:30.562] Config(FOCUS_NEXT_VESSEL) Squad/Controls/Qwertz/FOCUS_NEXT_VESSEL
[LOG 18:26:30.562] Config(FOCUS_PREV_VESSEL) Squad/Controls/Qwertz/FOCUS_PREV_VESSEL
[LOG 18:26:30.562] Config(TOGGLE_UI) Squad/Controls/Qwertz/TOGGLE_UI
[LOG 18:26:30.562] Config(TOGGLE_STATUS_SCREEN) Squad/Controls/Qwertz/TOGGLE_STATUS_SCREEN
[LOG 18:26:30.562] Config(TAKE_SCREENSHOT) Squad/Controls/Qwertz/TAKE_SCREENSHOT
[LOG 18:26:30.562] Config(TOGGLE_LABELS) Squad/Controls/Qwertz/TOGGLE_LABELS
[LOG 18:26:30.562] Config(TOGGLE_TEMP_GAUGES) Squad/Controls/Qwertz/TOGGLE_TEMP_GAUGES
[LOG 18:26:30.562] Config(TOGGLE_TEMP_OVERLAY) Squad/Controls/Qwertz/TOGGLE_TEMP_OVERLAY
[LOG 18:26:30.562] Config(TOGGLE_FLIGHT_FORCES) Squad/Controls/Qwertz/TOGGLE_FLIGHT_FORCES
[LOG 18:26:30.562] Config(QUICKSAVE) Squad/Controls/Qwertz/QUICKSAVE
[LOG 18:26:30.562] Config(QUICKLOAD) Squad/Controls/Qwertz/QUICKLOAD
[LOG 18:26:30.562] Config(THROTTLE_CUTOFF) Squad/Controls/Qwertz/THROTTLE_CUTOFF
[LOG 18:26:30.562] Config(THROTTLE_FULL) Squad/Controls/Qwertz/THROTTLE_FULL
[LOG 18:26:30.562] Config(LANDING_GEAR) Squad/Controls/Qwertz/LANDING_GEAR
[LOG 18:26:30.562] Config(HEADLIGHT_TOGGLE) Squad/Controls/Qwertz/HEADLIGHT_TOGGLE
[LOG 18:26:30.562] Config(BRAKES) Squad/Controls/Qwertz/BRAKES
[LOG 18:26:30.562] Config(TOGGLE_SPACENAV_FLIGHT_CONTROL) Squad/Controls/Qwertz/TOGGLE_SPACENAV_FLIGHT_CONTROL
[LOG 18:26:30.562] Config(TOGGLE_SPACENAV_ROLL_LOCK) Squad/Controls/Qwertz/TOGGLE_SPACENAV_ROLL_LOCK
[LOG 18:26:30.562] Config(WHEEL_STEER_LEFT) Squad/Controls/Qwertz/WHEEL_STEER_LEFT
[LOG 18:26:30.562] Config(WHEEL_STEER_RIGHT) Squad/Controls/Qwertz/WHEEL_STEER_RIGHT
[LOG 18:26:30.562] Config(WHEEL_THROTTLE_DOWN) Squad/Controls/Qwertz/WHEEL_THROTTLE_DOWN
[LOG 18:26:30.562] Config(WHEEL_THROTTLE_UP) Squad/Controls/Qwertz/WHEEL_THROTTLE_UP
[LOG 18:26:30.562] Config(EVA_forward) Squad/Controls/Qwertz/EVA_forward
[LOG 18:26:30.562] Config(EVA_back) Squad/Controls/Qwertz/EVA_back
[LOG 18:26:30.562] Config(EVA_left) Squad/Controls/Qwertz/EVA_left
[LOG 18:26:30.562] Config(EVA_right) Squad/Controls/Qwertz/EVA_right
[LOG 18:26:30.562] Config(EVA_yaw_left) Squad/Controls/Qwertz/EVA_yaw_left
[LOG 18:26:30.562] Config(EVA_yaw_right) Squad/Controls/Qwertz/EVA_yaw_right
[LOG 18:26:30.562] Config(EVA_Pack_forward) Squad/Controls/Qwertz/EVA_Pack_forward
[LOG 18:26:30.562] Config(EVA_Pack_back) Squad/Controls/Qwertz/EVA_Pack_back
[LOG 18:26:30.562] Config(EVA_Pack_left) Squad/Controls/Qwertz/EVA_Pack_left
[LOG 18:26:30.562] Config(EVA_Pack_right) Squad/Controls/Qwertz/EVA_Pack_right
[LOG 18:26:30.563] Config(EVA_Pack_up) Squad/Controls/Qwertz/EVA_Pack_up
[LOG 18:26:30.563] Config(EVA_Pack_down) Squad/Controls/Qwertz/EVA_Pack_down
[LOG 18:26:30.563] Config(EVA_Jump) Squad/Controls/Qwertz/EVA_Jump
[LOG 18:26:30.563] Config(EVA_Run) Squad/Controls/Qwertz/EVA_Run
[LOG 18:26:30.563] Config(EVA_ToggleMovementMode) Squad/Controls/Qwertz/EVA_ToggleMovementMode
[LOG 18:26:30.563] Config(EVA_TogglePack) Squad/Controls/Qwertz/EVA_TogglePack
[LOG 18:26:30.563] Config(EVA_Use) Squad/Controls/Qwertz/EVA_Use
[LOG 18:26:30.563] Config(EVA_Board) Squad/Controls/Qwertz/EVA_Board
[LOG 18:26:30.563] Config(EVA_Orient) Squad/Controls/Qwertz/EVA_Orient
[LOG 18:26:30.563] Config(EVA_Lights) Squad/Controls/Qwertz/EVA_Lights
[LOG 18:26:30.563] Config(Editor_pitchUp) Squad/Controls/Qwertz/Editor_pitchUp
[LOG 18:26:30.563] Config(Editor_pitchDown) Squad/Controls/Qwertz/Editor_pitchDown
[LOG 18:26:30.563] Config(Editor_yawLeft) Squad/Controls/Qwertz/Editor_yawLeft
[LOG 18:26:30.563] Config(Editor_yawRight) Squad/Controls/Qwertz/Editor_yawRight
[LOG 18:26:30.563] Config(Editor_rollLeft) Squad/Controls/Qwertz/Editor_rollLeft
[LOG 18:26:30.563] Config(Editor_rollRight) Squad/Controls/Qwertz/Editor_rollRight
[LOG 18:26:30.563] Config(Editor_resetRotation) Squad/Controls/Qwertz/Editor_resetRotation
[LOG 18:26:30.563] Config(Editor_modePlace) Squad/Controls/Qwertz/Editor_modePlace
[LOG 18:26:30.563] Config(Editor_modeOffset) Squad/Controls/Qwertz/Editor_modeOffset
[LOG 18:26:30.563] Config(Editor_modeRotate) Squad/Controls/Qwertz/Editor_modeRotate
[LOG 18:26:30.563] Config(Editor_modeRoot) Squad/Controls/Qwertz/Editor_modeRoot
[LOG 18:26:30.563] Config(Editor_coordSystem) Squad/Controls/Qwertz/Editor_coordSystem
[LOG 18:26:30.563] Config(Editor_toggleSymMethod) Squad/Controls/Qwertz/Editor_toggleSymMethod
[LOG 18:26:30.563] Config(Editor_toggleSymMode) Squad/Controls/Qwertz/Editor_toggleSymMode
[LOG 18:26:30.563] Config(Editor_toggleAngleSnap) Squad/Controls/Qwertz/Editor_toggleAngleSnap
[LOG 18:26:30.563] Config(Editor_fineTweak) Squad/Controls/Qwertz/Editor_fineTweak
[LOG 18:26:30.563] Config(Editor_partSearch) Squad/Controls/Qwertz/Editor_partSearch
[LOG 18:26:30.563] Config(Editor_zoomScrollModifier) Squad/Controls/Qwertz/Editor_zoomScrollModifier
[LOG 18:26:30.563] Config(MODIFIER_KEY) Squad/Controls/Qwertz/MODIFIER_KEY
[LOG 18:26:30.563] Config(AbortActionGroup) Squad/Controls/Qwertz/AbortActionGroup
[LOG 18:26:30.563] Config(CustomActionGroup1) Squad/Controls/Qwertz/CustomActionGroup1
[LOG 18:26:30.563] Config(CustomActionGroup2) Squad/Controls/Qwertz/CustomActionGroup2
[LOG 18:26:30.564] Config(CustomActionGroup3) Squad/Controls/Qwertz/CustomActionGroup3
[LOG 18:26:30.564] Config(CustomActionGroup4) Squad/Controls/Qwertz/CustomActionGroup4
[LOG 18:26:30.564] Config(CustomActionGroup5) Squad/Controls/Qwertz/CustomActionGroup5
[LOG 18:26:30.564] Config(CustomActionGroup6) Squad/Controls/Qwertz/CustomActionGroup6
[LOG 18:26:30.564] Config(CustomActionGroup7) Squad/Controls/Qwertz/CustomActionGroup7
[LOG 18:26:30.564] Config(CustomActionGroup8) Squad/Controls/Qwertz/CustomActionGroup8
[LOG 18:26:30.564] Config(CustomActionGroup9) Squad/Controls/Qwertz/CustomActionGroup9
[LOG 18:26:30.564] Config(CustomActionGroup10) Squad/Controls/Qwertz/CustomActionGroup10
[LOG 18:26:30.564] Config(KEY_MAP) Squad/Controls/Qwertz/KEY_MAP
[LOG 18:26:30.564] Config(EXPERIENCE_TRAIT) Squad/Experience/Traits/Pilot
[LOG 18:26:30.564] Config(EXPERIENCE_TRAIT) Squad/Experience/Traits/Engineer
[LOG 18:26:30.564] Config(EXPERIENCE_TRAIT) Squad/Experience/Traits/Scientist
[LOG 18:26:30.564] Config(EXPERIENCE_TRAIT) Squad/Experience/Traits/Tourist
[LOG 18:26:30.564] Config(Localization) Squad/Localization/dictionary/Localization
[LOG 18:26:30.564] Config(MISSIONPACK) Squad/Missions/MissionPacks/squad_ESA
[LOG 18:26:30.564] Config(VARIANTTHEME) Squad/Parts/VariantThemes/White
[LOG 18:26:30.564] Config(VARIANTTHEME) Squad/Parts/VariantThemes/BlackAndWhite
[LOG 18:26:30.564] Config(VARIANTTHEME) Squad/Parts/VariantThemes/GrayAndOrange
[LOG 18:26:30.564] Config(VARIANTTHEME) Squad/Parts/VariantThemes/Dark
[LOG 18:26:30.564] Config(VARIANTTHEME) Squad/Parts/VariantThemes/Gray
[LOG 18:26:30.564] Config(VARIANTTHEME) Squad/Parts/VariantThemes/Orange
[LOG 18:26:30.564] Config(VARIANTTHEME) Squad/Parts/VariantThemes/Gold
[LOG 18:26:30.564] Config(VARIANTTHEME) Squad/Parts/VariantThemes/Bare
[LOG 18:26:30.564] Config(VARIANTTHEME) Squad/Parts/VariantThemes/Shroud
[LOG 18:26:30.564] Config(VARIANTTHEME) Squad/Parts/VariantThemes/GrayAndWhite
[LOG 18:26:30.564] Config(VARIANTTHEME) Squad/Parts/VariantThemes/YellowAndWhite
[LOG 18:26:30.565] Config(VARIANTTHEME) Squad/Parts/VariantThemes/Silver
[LOG 18:26:30.565] Config(VARIANTTHEME) Squad/Parts/VariantThemes/Gray with Stripes
[LOG 18:26:30.565] Config(PART) Squad/Parts/Aero/aerodynamicNoseCone/aerodynamicNoseCone/noseCone
[LOG 18:26:30.565] Config(PART) Squad/Parts/Aero/airbrake/Airbrake/airbrake1
[LOG 18:26:30.565] Config(PART) Squad/Parts/Aero/airIntakeRadialXM-G50/airIntakeRadialXM-G50/airScoop
[LOG 18:26:30.565] Config(PART) Squad/Parts/Aero/airlinerWings/ControlSurface/airlinerCtrlSrf
[LOG 18:26:30.565] Config(PART) Squad/Parts/Aero/airlinerWings/MainWing/airlinerMainWing
[LOG 18:26:30.565] Config(PART) Squad/Parts/Aero/airlinerWings/TailFin/airlinerTailFin
[LOG 18:26:30.565] Config(PART) Squad/Parts/Aero/airplaneFins/advancedCanard/AdvancedCanard
[LOG 18:26:30.565] Config(PART) Squad/Parts/Aero/airplaneFins/standardCanard/CanardController
[LOG 18:26:30.565] Config(PART) Squad/Parts/Aero/airplaneFins/sweptWing/sweptWing
[LOG 18:26:30.565] Config(PART) Squad/Parts/Aero/airplaneFins/tailfin/tailfin
[LOG 18:26:30.565] Config(PART) Squad/Parts/Aero/basicFin/basicFin/basicFin
[LOG 18:26:30.565] Config(PART) Squad/Parts/Aero/circularIntake/circularIntake/CircularIntake
[LOG 18:26:30.565] Config(PART) Squad/Parts/Aero/circularIntake/intakeShockCone/shockConeIntake
[LOG 18:26:30.565] Config(PART) Squad/Parts/Aero/cones/avionicsNoseCone/avionicsNoseCone
[LOG 18:26:30.565] Config(PART) Squad/Parts/Aero/cones/ConeA/pointyNoseConeA
[LOG 18:26:30.565] Config(PART) Squad/Parts/Aero/cones/ConeB/pointyNoseConeB
[LOG 18:26:30.565] Config(PART) Squad/Parts/Aero/cones/noseConeAdapter/noseConeAdapter
[LOG 18:26:30.565] Config(PART) Squad/Parts/Aero/cones/protectiveRocketNoseMk7_v2/rocketNoseCone_v2
[LOG 18:26:30.565] Config(PART) Squad/Parts/Aero/cones/protectiveRocketNoseMk7_v3/rocketNoseCone_v3
[LOG 18:26:30.565] Config(PART) Squad/Parts/Aero/cones/rocketNoseCone_size3/rocketNoseConeSize3
[LOG 18:26:30.566] Config(PART) Squad/Parts/Aero/cones/smallNoseCone/standardNoseCone
[LOG 18:26:30.566] Config(PART) Squad/Parts/Aero/cones/tailConnectorA/airplaneTail
[LOG 18:26:30.566] Config(PART) Squad/Parts/Aero/cones/tailConnectorB/airplaneTailB
[LOG 18:26:30.566] Config(PART) Squad/Parts/Aero/fairings/fairingSize1/fairingSize1
[LOG 18:26:30.566] Config(PART) Squad/Parts/Aero/fairings/fairingSize2/fairingSize2
[LOG 18:26:30.566] Config(PART) Squad/Parts/Aero/fairings/fairingSize3/fairingSize3
[LOG 18:26:30.566] Config(PART) Squad/Parts/Aero/HeatShield/HeatShield0/HeatShield0
[LOG 18:26:30.566] Config(PART) Squad/Parts/Aero/HeatShield/HeatShield1/HeatShield1
[LOG 18:26:30.566] Config(PART) Squad/Parts/Aero/HeatShield/HeatShield2/HeatShield2
[LOG 18:26:30.566] Config(PART) Squad/Parts/Aero/HeatShield/HeatShield3/HeatShield3
[LOG 18:26:30.566] Config(PART) Squad/Parts/Aero/InflatableHeatShield/HeatShield/InflatableHeatShield
[LOG 18:26:30.566] Config(PART) Squad/Parts/Aero/intakeRadialLong/intakeRadialLong/IntakeRadialLong
[LOG 18:26:30.566] Config(PART) Squad/Parts/Aero/miniIntake/SmallIntake/miniIntake
[LOG 18:26:30.566] Config(PART) Squad/Parts/Aero/ramAirIntake/ramAirIntake/ramAirIntake
[LOG 18:26:30.566] Config(PART) Squad/Parts/Aero/shuttleWings/delta/wingShuttleDelta
[LOG 18:26:30.566] Config(PART) Squad/Parts/Aero/shuttleWings/elevon1/wingShuttleElevon1
[LOG 18:26:30.566] Config(PART) Squad/Parts/Aero/shuttleWings/elevon2/wingShuttleElevon2
[LOG 18:26:30.566] Config(PART) Squad/Parts/Aero/shuttleWings/rudder/wingShuttleRudder
[LOG 18:26:30.566] Config(PART) Squad/Parts/Aero/shuttleWings/strake/wingShuttleStrake
[LOG 18:26:30.566] Config(PART) Squad/Parts/Aero/wingletAV-R8/wingletAV-R8/R8winglet
[LOG 18:26:30.566] Config(PART) Squad/Parts/Aero/wingletAV-T1/wingletAV-T1/winglet
[LOG 18:26:30.566] Config(PART) Squad/Parts/Aero/wingletDeltaDeluxe/wingletDeltaDeluxe/winglet3
[LOG 18:26:30.566] Config(PART) Squad/Parts/Aero/wings/connector1/wingConnector
[LOG 18:26:30.566] Config(PART) Squad/Parts/Aero/wings/connector2/wingConnector2
[LOG 18:26:30.566] Config(PART) Squad/Parts/Aero/wings/connector3/wingConnector3
[LOG 18:26:30.567] Config(PART) Squad/Parts/Aero/wings/connector4/wingConnector4
[LOG 18:26:30.567] Config(PART) Squad/Parts/Aero/wings/connector5/wingConnector5
[LOG 18:26:30.567] Config(PART) Squad/Parts/Aero/wings/delta/deltaWing
[LOG 18:26:30.567] Config(PART) Squad/Parts/Aero/wings/delta_small/delta_small
[LOG 18:26:30.567] Config(PART) Squad/Parts/Aero/wings/elevon1/StandardCtrlSrf
[LOG 18:26:30.567] Config(PART) Squad/Parts/Aero/wings/elevon2/elevon2
[LOG 18:26:30.567] Config(PART) Squad/Parts/Aero/wings/elevon3/elevon3
[LOG 18:26:30.567] Config(PART) Squad/Parts/Aero/wings/elevon4/smallCtrlSrf
[LOG 18:26:30.567] Config(PART) Squad/Parts/Aero/wings/elevon5/elevon5
[LOG 18:26:30.567] Config(PART) Squad/Parts/Aero/wings/strake/wingStrake
[LOG 18:26:30.567] Config(PART) Squad/Parts/Aero/wings/structural1/structuralWing
[LOG 18:26:30.567] Config(PART) Squad/Parts/Aero/wings/structural2/structuralWing2
[LOG 18:26:30.567] Config(PART) Squad/Parts/Aero/wings/structural3/structuralWing3
[LOG 18:26:30.567] Config(PART) Squad/Parts/Aero/wings/structural4/structuralWing4
[LOG 18:26:30.567] Config(PART) Squad/Parts/Aero/wings/swept1/sweptWing1
[LOG 18:26:30.567] Config(PART) Squad/Parts/Aero/wings/swept2/sweptWing2
[LOG 18:26:30.567] Config(PART) Squad/Parts/Cargo/CargoContainers/cargoContainer/cargoContainer
[LOG 18:26:30.567] Config(PART) Squad/Parts/Cargo/CargoContainers/smallCargoContainer/smallCargoContainer
[LOG 18:26:30.567] Config(PART) Squad/Parts/Cargo/Cylinder/Cylinder/evaCylinder
[LOG 18:26:30.567] Config(PART) Squad/Parts/Cargo/GroundAnchor/groundAnchor/groundAnchor
[LOG 18:26:30.567] Config(PART) Squad/Parts/Cargo/Jetpack/Jetpack/evaJetpack
[LOG 18:26:30.567] Config(PART) Squad/Parts/Cargo/Parachute/Parachute/evaChute
[LOG 18:26:30.567] Config(PART) Squad/Parts/Cargo/RepairKit/RepairKit/evaRepairKit
[LOG 18:26:30.567] Config(PART) Squad/Parts/Cargo/ScienceKit/evaScienceKit/evaScienceKit
[LOG 18:26:30.567] Config(PART) Squad/Parts/Cargo/StorageUnits/CargoStorageUnit/CargoStorageUnit
[LOG 18:26:30.567] Config(PART) Squad/Parts/Cargo/StorageUnits/ConformalStorageUnit/ConformalStorageUnit
[LOG 18:26:30.567] Config(PART) Squad/Parts/Command/advancedSasModuleLarge/advSasModuleLarge/asasmodule1-2
[LOG 18:26:30.567] Config(PART) Squad/Parts/Command/cupola/cupola/cupola
[LOG 18:26:30.567] Config(PART) Squad/Parts/Command/externalCommandSeat/externalCommandSeat/seatExternalCmd
[LOG 18:26:30.567] Config(PART) Squad/Parts/Command/hitchhikerStorageContainer/hitchikerStorageContainer/crewCabin
[LOG 18:26:30.568] Config(PART) Squad/Parts/Command/inlineAdvancedStabilizer/inlineAdvancedStabilizer/advSasModule
[LOG 18:26:30.568] Config(PART) Squad/Parts/Command/inlineReactionWheel/inlineReactionWheel/sasModule
[LOG 18:26:30.568] Config(PART) Squad/Parts/Command/Mk1-3Pod/mk1-3/mk1-3pod
[LOG 18:26:30.568] Config(PART) Squad/Parts/Command/mk1Cockpits/mk1Cockpit/Mark1Cockpit
[LOG 18:26:30.568] Config(PART) Squad/Parts/Command/mk1Cockpits/mk1CrewCabin/MK1CrewCabin
[LOG 18:26:30.568] Config(PART) Squad/Parts/Command/mk1Cockpits/mk1InlineCockpit/Mark2Cockpit
[LOG 18:26:30.568] Config(PART) Squad/Parts/Command/mk1LanderCan/mk1LanderCan/landerCabinSmall
[LOG 18:26:30.568] Config(PART) Squad/Parts/Command/mk1pod_v2/mk1Pod_v2/mk1pod_v2
[LOG 18:26:30.568] Config(PART) Squad/Parts/Command/mk2CockpitInline/mk2CockpitInline/mk2Cockpit_Inline
[LOG 18:26:30.568] Config(PART) Squad/Parts/Command/mk2CockpitStandard/mk2CockpitStandard/mk2Cockpit_Standard
[LOG 18:26:30.568] Config(PART) Squad/Parts/Command/mk2DroneCore/mk2Dronecore/mk2DroneCore
[LOG 18:26:30.568] Config(PART) Squad/Parts/Command/mk2LanderCan/mk2LanderCan/mk2LanderCabin
[LOG 18:26:30.568] Config(PART) Squad/Parts/Command/mk2LanderCan_v2/mk2LanderCan_v2/mk2LanderCabin_v2
[LOG 18:26:30.568] Config(PART) Squad/Parts/Command/mk3CockpitShuttle/mk3CockpitShuttle/mk3Cockpit_Shuttle
[LOG 18:26:30.568] Config(PART) Squad/Parts/Command/MpoProbe/MpoProbe/MpoProbe
[LOG 18:26:30.568] Config(PART) Squad/Parts/Command/MtmStage/MTM_Stage/MtmStage
[LOG 18:26:30.568] Config(PART) Squad/Parts/Command/probeCoreCube/probeCoreCube/probeCoreCube
[LOG 18:26:30.568] Config(PART) Squad/Parts/Command/probeCoreHex/probeCoreHex/probeCoreHex
[LOG 18:26:30.568] Config(PART) Squad/Parts/Command/probeCoreHex_v2/probeCoreHex_v2/probeCoreHex_v2
[LOG 18:26:30.568] Config(PART) Squad/Parts/Command/probeCoreOcto2_v2/probeCoreOcto2_v2/probeCoreOcto2_v2
[LOG 18:26:30.568] Config(PART) Squad/Parts/Command/probeCoreOcto_v2/probeCoreOcto_v2/probeCoreOcto_v2
[LOG 18:26:30.568] Config(PART) Squad/Parts/Command/probeRoverBody/probeRoverBody/roverBody
[LOG 18:26:30.568] Config(PART) Squad/Parts/Command/probeRoverBody_v2/probeRoverBody_v2/roverBody_v2
[LOG 18:26:30.568] Config(PART) Squad/Parts/Command/probeStackLarge/probeStackLarge/probeStackLarge
[LOG 18:26:30.568] Config(PART) Squad/Parts/Command/probeStackSmall/probeStackSmall/probeStackSmall
[LOG 18:26:30.568] Config(PART) Squad/Parts/Command/probeStackSphere_v2/probeStackSphere_v2/probeCoreSphere_v2
[LOG 18:26:30.569] Config(PART) Squad/Parts/CompoundParts/FuelLine/fuelLine/fuelLine
[LOG 18:26:30.569] Config(PART) Squad/Parts/CompoundParts/strutConnector/strutConnector/strutConnector
[LOG 18:26:30.569] Config(PART) Squad/Parts/Coupling/Decoupler_0/Decoupler_0
[LOG 18:26:30.569] Config(PART) Squad/Parts/Coupling/Decoupler_1/Decoupler_1
[LOG 18:26:30.569] Config(PART) Squad/Parts/Coupling/Decoupler_2/Decoupler_2
[LOG 18:26:30.569] Config(PART) Squad/Parts/Coupling/Decoupler_3/Decoupler_3
[LOG 18:26:30.569] Config(PART) Squad/Parts/Coupling/Separator_0/Separator_0
[LOG 18:26:30.569] Config(PART) Squad/Parts/Coupling/Separator_1/Separator_1
[LOG 18:26:30.569] Config(PART) Squad/Parts/Coupling/Separator_2/Separator_2
[LOG 18:26:30.569] Config(PART) Squad/Parts/Coupling/Separator_3/Separator_3
[LOG 18:26:30.569] Config(PART) Squad/Parts/Electrical/10CSolarPanels/OX-10C/solarPanelOX10C
[LOG 18:26:30.569] Config(PART) Squad/Parts/Electrical/10CSolarPanels/SP-10C/solarPanelSP10C
[LOG 18:26:30.569] Config(PART) Squad/Parts/Electrical/10LSolarPanels/OX-10L/solarPanelOX10L
[LOG 18:26:30.569] Config(PART) Squad/Parts/Electrical/10LSolarPanels/SP-10L/solarPanelSP10L
[LOG 18:26:30.569] Config(PART) Squad/Parts/Electrical/1x6ShroudSolarPanels/1x6ShroudSolarPanels/solarPanels2
[LOG 18:26:30.569] Config(PART) Squad/Parts/Electrical/1x6SolarPanels/1x6SolarPanels/solarPanels4
[LOG 18:26:30.569] Config(PART) Squad/Parts/Electrical/3x2ShroudSolarPanels/3x2ShroudSolarPanels/solarPanels1
[LOG 18:26:30.569] Config(PART) Squad/Parts/Electrical/3x2SolarPanels/3x2SolarPanels/solarPanels3
[LOG 18:26:30.569] Config(PART) Squad/Parts/Electrical/gigantorXlSolarArray/gigantorXlSolarArray/largeSolarPanel
[LOG 18:26:30.569] Config(PART) Squad/Parts/Electrical/radialFlatSolarPanel/radialFlatSolarPanel/solarPanels5
[LOG 18:26:30.569] Config(PART) Squad/Parts/Electrical/RTG/RTG/rtg
[LOG 18:26:30.569] Config(PART) Squad/Parts/Electrical/z-100Battery/z-100Battery/batteryPack
[LOG 18:26:30.569] Config(PART) Squad/Parts/Electrical/z-1kBattery/z-1kBattery/batteryBank
[LOG 18:26:30.569] Config(PART) Squad/Parts/Electrical/z-200Battery/z-200Battery/batteryBankMini
[LOG 18:26:30.569] Config(PART) Squad/Parts/Electrical/z-400Battery/z-400Battery/ksp_r_largeBatteryPack
[LOG 18:26:30.569] Config(PART) Squad/Parts/Electrical/z-4kBattery/z-4kBattery/batteryBankLarge
[LOG 18:26:30.569] Config(PART) Squad/Parts/Engine/ionEngine/ionEngine/ionEngine
[LOG 18:26:30.570] Config(PART) Squad/Parts/Engine/jetEngines/jetEngineAfterburning/turboJet
[LOG 18:26:30.570] Config(PART) Squad/Parts/Engine/jetEngines/jetEngineBasic/JetEngine
[LOG 18:26:30.570] Config(PART) Squad/Parts/Engine/jetEngines/jetEngineBig/turboFanSize2
[LOG 18:26:30.570] Config(PART) Squad/Parts/Engine/jetEngines/jetEngineTurbo/turboFanEngine
[LOG 18:26:30.570] Config(PART) Squad/Parts/Engine/liquidEngine24-77/liquidEngine24-77/smallRadialEngine
[LOG 18:26:30.570] Config(PART) Squad/Parts/Engine/liquidEngine24-77_v2/liquidEngine24-77_v2/smallRadialEngine_v2
[LOG 18:26:30.570] Config(PART) Squad/Parts/Engine/liquidEngine48-7S_v2/liquidEngine48-7S_v2/liquidEngineMini_v2
[LOG 18:26:30.570] Config(PART) Squad/Parts/Engine/liquidEngineAerospike/liquidEngineAerospike/toroidalAerospike
[LOG 18:26:30.570] Config(PART) Squad/Parts/Engine/liquidEngineLV-1_v2/liquidEngineLV-1R _v2/radialEngineMini_v2
[LOG 18:26:30.570] Config(PART) Squad/Parts/Engine/liquidEngineLV-1_v2/liquidEngineLV-1_v2/microEngine_v2
[LOG 18:26:30.570] Config(PART) Squad/Parts/Engine/liquidEngineLV-909_v2/liquidEngineLV-909_v2/liquidEngine3_v2
[LOG 18:26:30.570] Config(PART) Squad/Parts/Engine/liquidEngineLV-N/liquidEngineLV-N/nuclearEngine
[LOG 18:26:30.570] Config(PART) Squad/Parts/Engine/liquidEngineLV-T30/liquidEngineLV-T30/liquidEngine
[LOG 18:26:30.570] Config(PART) Squad/Parts/Engine/liquidEngineLV-T30_v2/liquidEngineLV-T30_v2/liquidEngine_v2
[LOG 18:26:30.570] Config(PART) Squad/Parts/Engine/liquidEngineLV-T45/liquidEngineLV-T45/liquidEngine2
[LOG 18:26:30.570] Config(PART) Squad/Parts/Engine/liquidEngineLV-T45_v2/liquidEngineLV-T45_v2/liquidEngine2_v2
[LOG 18:26:30.570] Config(PART) Squad/Parts/Engine/liquidEngineMainsail_v2/liquidEngineMainsail_v2/liquidEngineMainsail_v2
[LOG 18:26:30.570] Config(PART) Squad/Parts/Engine/liquidEngineMk55/liquidEngineMk55/radialLiquidEngine1-2
[LOG 18:26:30.570] Config(PART) Squad/Parts/Engine/liquidEnginePoodle_v2/liquidEnginePoodle_v2/liquidEngine2-2_v2
[LOG 18:26:30.570] Config(PART) Squad/Parts/Engine/liquidEngineSkipper_v2/skipperLiquidEngine_v2/engineLargeSkipper_v2
[LOG 18:26:30.570] Config(PART) Squad/Parts/Engine/liquidEngineSSME/SSME/SSME
[LOG 18:26:30.570] Config(PART) Squad/Parts/Engine/MassiveSRB/part/MassiveBooster
[LOG 18:26:30.570] Config(PART) Squad/Parts/Engine/miniJet/SmallJetEngine/miniJetEngine
[LOG 18:26:30.571] Config(PART) Squad/Parts/Engine/OMSEngine/omsEngine/omsEngine
[LOG 18:26:30.571] Config(PART) Squad/Parts/Engine/rapierEngine/rapierEngine/RAPIER
[LOG 18:26:30.571] Config(PART) Squad/Parts/Engine/Size1_SRBs/solidBoosterRT-10_v2/solidBooster_v2
[LOG 18:26:30.571] Config(PART) Squad/Parts/Engine/Size1_SRBs/solidBoosterRT-5_v2/solidBooster_sm_v2
[LOG 18:26:30.571] Config(PART) Squad/Parts/Engine/Size2LFB/part/Size2LFB
[LOG 18:26:30.571] Config(PART) Squad/Parts/Engine/Size2LFB_v2/part/Size2LFB_v2
[LOG 18:26:30.571] Config(PART) Squad/Parts/Engine/Size3AdvancedEngine/part/Size3AdvancedEngine
[LOG 18:26:30.571] Config(PART) Squad/Parts/Engine/Size3EngineCluster/part/Size3EngineCluster
[LOG 18:26:30.571] Config(PART) Squad/Parts/Engine/solidBoosterBACC/solidBoosterBACC/solidBooster1-1
[LOG 18:26:30.571] Config(PART) Squad/Parts/Engine/solidBoosterS2-17/solidBoosterS2-17/Thoroughbred
[LOG 18:26:30.571] Config(PART) Squad/Parts/Engine/solidBoosterS2-33/solidBoosterS2-33/Clydesdale
[LOG 18:26:30.571] Config(PART) Squad/Parts/Engine/solidBoosterSep/solidBoosterSep/sepMotor1
[LOG 18:26:30.571] Config(PART) Squad/Parts/Engine/SolidBoostersF/SolidBoosterF3S0/Shrimp
[LOG 18:26:30.571] Config(PART) Squad/Parts/Engine/SolidBoostersF/SolidBoosterFM1/Mite
[LOG 18:26:30.571] Config(PART) Squad/Parts/FuelTank/adapterTanks/Mk3-Mk2/adapterMk3-Mk2
[LOG 18:26:30.571] Config(PART) Squad/Parts/FuelTank/adapterTanks/Mk3-ShuttleAdapter/adapterEngines
[LOG 18:26:30.571] Config(PART) Squad/Parts/FuelTank/adapterTanks/Mk3-Size2/adapterMk3-Size2
[LOG 18:26:30.572] Config(PART) Squad/Parts/FuelTank/adapterTanks/Mk3-Size2Slant/adapterMk3-Size2Slant
[LOG 18:26:30.572] Config(PART) Squad/Parts/FuelTank/adapterTanks/Size2-Mk2/adapterSize2-Mk2
[LOG 18:26:30.572] Config(PART) Squad/Parts/FuelTank/adapterTanks/Size2-Size1/adapterSize2-Size1
[LOG 18:26:30.572] Config(PART) Squad/Parts/FuelTank/adapterTanks/Size2-Size1Slant/adapterSize2-Size1Slant
[LOG 18:26:30.572] Config(PART) Squad/Parts/FuelTank/adapterTanks/Size3-Mk3/adapterSize3-Mk3
[LOG 18:26:30.572] Config(PART) Squad/Parts/FuelTank/drainTankFTE-1/ReleaseValve/ReleaseValve
[LOG 18:26:30.572] Config(PART) Squad/Parts/FuelTank/FoilTanks/RadialTank_Capsule/externalTankCapsule
[LOG 18:26:30.572] Config(PART) Squad/Parts/FuelTank/FoilTanks/RadialTank_Round/externalTankRound
[LOG 18:26:30.572] Config(PART) Squad/Parts/FuelTank/FoilTanks/ToroidTank/externalTankToroid
[LOG 18:26:30.572] Config(PART) Squad/Parts/FuelTank/fuelTankOscarB/fuelTankOscarB/miniFuelTank
[LOG 18:26:30.572] Config(PART) Squad/Parts/FuelTank/miniFuselage/miniFuselage/miniFuselage
[LOG 18:26:30.572] Config(PART) Squad/Parts/FuelTank/mk2Adapters/bicoupler/mk2_1m_Bicoupler
[LOG 18:26:30.572] Config(PART) Squad/Parts/FuelTank/mk2Adapters/long/mk2_1m_AdapterLong
[LOG 18:26:30.572] Config(PART) Squad/Parts/FuelTank/mk2Adapters/standard/mk2SpacePlaneAdapter
[LOG 18:26:30.572] Config(PART) Squad/Parts/FuelTank/mk2FuselageLong/LFO_long/mk2FuselageLongLFO
[LOG 18:26:30.572] Config(PART) Squad/Parts/FuelTank/mk2FuselageLong/L_long/mk2Fuselage
[LOG 18:26:30.572] Config(PART) Squad/Parts/FuelTank/mk2FuselageShort/LFO_short/mk2FuselageShortLFO
[LOG 18:26:30.572] Config(PART) Squad/Parts/FuelTank/mk2FuselageShort/L_short/mk2FuselageShortLiquid
[LOG 18:26:30.572] Config(PART) Squad/Parts/FuelTank/mk2FuselageShort/Mono_short/mk2FuselageShortMono
[LOG 18:26:30.572] Config(PART) Squad/Parts/FuelTank/mk3Fuselage/CREW/mk3CrewCabin
[LOG 18:26:30.572] Config(PART) Squad/Parts/FuelTank/mk3Fuselage/LFO_100/mk3FuselageLFO_100
[LOG 18:26:30.572] Config(PART) Squad/Parts/FuelTank/mk3Fuselage/LFO_25/mk3FuselageLFO_25
[LOG 18:26:30.572] Config(PART) Squad/Parts/FuelTank/mk3Fuselage/LFO_50/mk3FuselageLFO_50
[LOG 18:26:30.572] Config(PART) Squad/Parts/FuelTank/mk3Fuselage/LF_100/mk3FuselageLF_100
[LOG 18:26:30.572] Config(PART) Squad/Parts/FuelTank/mk3Fuselage/LF_25/mk3FuselageLF_25
[LOG 18:26:30.572] Config(PART) Squad/Parts/FuelTank/mk3Fuselage/LF_50/mk3FuselageLF_50
[LOG 18:26:30.572] Config(PART) Squad/Parts/FuelTank/mk3Fuselage/MONO/mk3FuselageMONO
[LOG 18:26:30.572] Config(PART) Squad/Parts/FuelTank/RCSFuelTankR1/RCSFuelTankR1/RCSTank1-2
[LOG 18:26:30.572] Config(PART) Squad/Parts/FuelTank/RCSFuelTankR10/RCSFuelTankR10/rcsTankMini
[LOG 18:26:30.572] Config(PART) Squad/Parts/FuelTank/RCSFuelTankR25/RCSFuelTankR25/RCSFuelTank
[LOG 18:26:30.573] Config(PART) Squad/Parts/FuelTank/RCSTankRadial/radialRCSTank/radialRCSTank
[LOG 18:26:30.573] Config(PART) Squad/Parts/FuelTank/RCStankRadialLong/RCSTankRadialLong/rcsTankRadialLong
[LOG 18:26:30.573] Config(PART) Squad/Parts/FuelTank/RockomaxTanks/Rockomax16/Rockomax16_BW
[LOG 18:26:30.573] Config(PART) Squad/Parts/FuelTank/RockomaxTanks/Rockomax32/Rockomax32_BW
[LOG 18:26:30.573] Config(PART) Squad/Parts/FuelTank/RockomaxTanks/Rockomax64/Rockomax64_BW
[LOG 18:26:30.573] Config(PART) Squad/Parts/FuelTank/RockomaxTanks/Rockomax8/Rockomax8BW
[LOG 18:26:30.573] Config(PART) Squad/Parts/FuelTank/Size1_Tanks/fuelTankT100/fuelTankSmallFlat
[LOG 18:26:30.573] Config(PART) Squad/Parts/FuelTank/Size1_Tanks/fuelTankT200/fuelTankSmall
[LOG 18:26:30.573] Config(PART) Squad/Parts/FuelTank/Size1_Tanks/fuelTankT400/fuelTank
[LOG 18:26:30.573] Config(PART) Squad/Parts/FuelTank/Size1_Tanks/fuelTankT800/fuelTank_long
[LOG 18:26:30.573] Config(PART) Squad/Parts/FuelTank/Size3Tanks/large/Size3LargeTank
[LOG 18:26:30.573] Config(PART) Squad/Parts/FuelTank/Size3Tanks/medium/Size3MediumTank
[LOG 18:26:30.573] Config(PART) Squad/Parts/FuelTank/Size3Tanks/small/Size3SmallTank
[LOG 18:26:30.573] Config(PART) Squad/Parts/FuelTank/xenonTank/xenonTank/xenonTank
[LOG 18:26:30.573] Config(PART) Squad/Parts/FuelTank/xenonTankLarge/xenonTankLarge/xenonTankLarge
[LOG 18:26:30.573] Config(PART) Squad/Parts/FuelTank/xenonTankRadial/xenonTankRadial/xenonTankRadial
[LOG 18:26:30.573] Config(PART) Squad/Parts/Misc/AsteroidDay/CamSat/InfraredTelescope
[LOG 18:26:30.573] Config(PART) Squad/Parts/Misc/AsteroidDay/HECS2/HECS2_ProbeCore
[LOG 18:26:30.573] Config(PART) Squad/Parts/Misc/AsteroidDay/HighGainAntenna/HighGainAntenna
[LOG 18:26:30.573] Config(PART) Squad/Parts/Misc/AsteroidDay/LgRadialSolar/LgRadialSolarPanel
[LOG 18:26:30.573] Config(PART) Squad/Parts/Misc/PotatoComet/part/PotatoComet
[LOG 18:26:30.573] Config(PART) Squad/Parts/Misc/PotatoRoid/part/PotatoRoid
[LOG 18:26:30.573] Config(PART) Squad/Parts/Prebuilt/flag/flag
[LOG 18:26:30.573] Config(PART) Squad/Parts/Prebuilt/kerbalEVA/kerbalEVA
[LOG 18:26:30.573] Config(PART) Squad/Parts/Prebuilt/kerbalEVAfemale/kerbalEVAfemale
[LOG 18:26:30.573] Config(PART) Squad/Parts/Prebuilt/kerbalEVASlimSuit/kerbalEVASlimSuit
[LOG 18:26:30.573] Config(PART) Squad/Parts/Prebuilt/kerbalEVASlimSuitFemale/kerbalEVASlimSuitFemale
[LOG 18:26:30.573] Config(PART) Squad/Parts/Resources/FuelCell/FuelCell/FuelCell
[LOG 18:26:30.574] Config(PART) Squad/Parts/Resources/FuelCell/FuelCellArray/FuelCellArray
[LOG 18:26:30.574] Config(PART) Squad/Parts/Resources/ISRU/ISRU/ISRU
[LOG 18:26:30.574] Config(PART) Squad/Parts/Resources/LargeTank/LargeTank/LargeTank
[LOG 18:26:30.574] Config(PART) Squad/Parts/Resources/MiniDrill/MiniDrill/MiniDrill
[LOG 18:26:30.574] Config(PART) Squad/Parts/Resources/MiniISRU/MiniISRU/MiniISRU
[LOG 18:26:30.574] Config(PART) Squad/Parts/Resources/OrbitalScanner/OrbitalScanner/OrbitalScanner
[LOG 18:26:30.574] Config(PART) Squad/Parts/Resources/RadialDrill/RadialDrill/RadialDrill
[LOG 18:26:30.574] Config(PART) Squad/Parts/Resources/RadialTank/RadialTank/RadialOreTank
[LOG 18:26:30.574] Config(PART) Squad/Parts/Resources/SmallTank/SmallTank/SmallTank
[LOG 18:26:30.574] Config(PART) Squad/Parts/Resources/SurfaceScanner/SurfaceScanner/SurfaceScanner
[LOG 18:26:30.574] Config(PART) Squad/Parts/Resources/SurveyScanner/SurveyScanner/SurveyScanner
[LOG 18:26:30.574] Config(PART) Squad/Parts/Science/AtmosphereSensor/sensorAtmosphere/sensorAtmosphere
[LOG 18:26:30.574] Config(PART) Squad/Parts/Science/GooExperiment/gooExperiment/GooExperiment
[LOG 18:26:30.574] Config(PART) Squad/Parts/Science/LargeCrewedLab/largeCrewedLab/Large_Crewed_Lab
[LOG 18:26:30.574] Config(PART) Squad/Parts/Science/Magnetometer/Magnetometer/Magnetometer
[LOG 18:26:30.574] Config(PART) Squad/Parts/Science/MaterialBay/materialBay/science_module
[LOG 18:26:30.574] Config(PART) Squad/Parts/Science/ScienceBox/ScienceBox/ScienceBox
[LOG 18:26:30.574] Config(PART) Squad/Parts/Science/sensorAccelerometer/sensorAccelerometer/sensorAccelerometer
[LOG 18:26:30.574] Config(PART) Squad/Parts/Science/sensorBarometer/sensorBarometer/sensorBarometer
[LOG 18:26:30.574] Config(PART) Squad/Parts/Science/sensorGravimeter/sensorGravimeter/sensorGravimeter
[LOG 18:26:30.574] Config(PART) Squad/Parts/Science/sensorThermometer/sensorThermometer/sensorThermometer
[LOG 18:26:30.574] Config(PART) Squad/Parts/Structural/FLAdapters/adapterSmallMiniShort/adapterSmallMiniShort
[LOG 18:26:30.574] Config(PART) Squad/Parts/Structural/FLAdapters/adapterSmallMiniTall/adapterSmallMiniTall
[LOG 18:26:30.574] Config(PART) Squad/Parts/Structural/mk1Parts/engineBodyRadial/radialEngineBody
[LOG 18:26:30.574] Config(PART) Squad/Parts/Structural/mk1Parts/engineNacelle/nacelleBody
[LOG 18:26:30.574] Config(PART) Squad/Parts/Structural/mk1Parts/mk1Fuselage/MK1Fuselage
[LOG 18:26:30.574] Config(PART) Squad/Parts/Structural/mk1Parts/mk1FuselageIntake/MK1IntakeFuselage
[LOG 18:26:30.574] Config(PART) Squad/Parts/Structural/mk1Parts/mk1Structural/Mk1FuselageStructural
[LOG 18:26:30.575] Config(PART) Squad/Parts/Structural/Size3To2Adapter_v2/Size2to3_v2/Size3To2Adapter_v2
[LOG 18:26:30.575] Config(PART) Squad/Parts/Structural/stackAdapters/adapterLargeSmallBi/adapterLargeSmallBi
[LOG 18:26:30.575] Config(PART) Squad/Parts/Structural/stackAdapters/adapterLargeSmallQuad/adapterLargeSmallQuad
[LOG 18:26:30.575] Config(PART) Squad/Parts/Structural/stackAdapters/adapterLargeSmallTri/adapterLargeSmallTri
[LOG 18:26:30.575] Config(PART) Squad/Parts/Structural/stationHub/stationHub/stationHub
[LOG 18:26:30.575] Config(PART) Squad/Parts/Structural/structuralIBeam200/structuralIBeam200/structuralIBeam2
[LOG 18:26:30.575] Config(PART) Squad/Parts/Structural/structuralIBeam200Pocket/structuralIBeam200Pocket/structuralIBeam3
[LOG 18:26:30.575] Config(PART) Squad/Parts/Structural/structuralIBeam650/structuralIBeam650/structuralIBeam1
[LOG 18:26:30.575] Config(PART) Squad/Parts/Structural/structuralMicronode/structuralMicronode/structuralMiniNode
[LOG 18:26:30.575] Config(PART) Squad/Parts/Structural/structuralPanel1x1/structuralPanel1x1/structuralPanel1
[LOG 18:26:30.575] Config(PART) Squad/Parts/Structural/structuralPanel2x2/structuralPanel2x2/structuralPanel2
[LOG 18:26:30.575] Config(PART) Squad/Parts/Structural/structuralPylons/smallHardpoint/smallHardpoint
[LOG 18:26:30.575] Config(PART) Squad/Parts/Structural/structuralPylons/structuralPylon/structuralPylon
[LOG 18:26:30.575] Config(PART) Squad/Parts/Structural/strutCubicOcto/strutCubicOcto/strutCube
[LOG 18:26:30.575] Config(PART) Squad/Parts/Structural/strutOcto/strutOcto/strutOcto
[LOG 18:26:30.575] Config(PART) Squad/Parts/Structural/trussGirderAdapter/trussGirderAdapter/trussAdapter
[LOG 18:26:30.575] Config(PART) Squad/Parts/Structural/trussGirderL/trussGirderL/trussPiece1x
[LOG 18:26:30.575] Config(PART) Squad/Parts/Structural/trussGirderXL/trussGirderXL/trussPiece3x
[LOG 18:26:30.575] Config(PART) Squad/Parts/Thermal/FoldingRadiators/foldingRadLarge/foldingRadLarge
[LOG 18:26:30.575] Config(PART) Squad/Parts/Thermal/FoldingRadiators/foldingRadMed/foldingRadMed
[LOG 18:26:30.575] Config(PART) Squad/Parts/Thermal/FoldingRadiators/foldingRadSmall/foldingRadSmall
[LOG 18:26:30.575] Config(PART) Squad/Parts/Thermal/RadiatorPanels/radPanelEdge/radPanelEdge
[LOG 18:26:30.575] Config(PART) Squad/Parts/Thermal/RadiatorPanels/radPanelLg/radPanelLg
[LOG 18:26:30.575] Config(PART) Squad/Parts/Thermal/RadiatorPanels/radPanelSm/radPanelSm
[LOG 18:26:30.575] Config(PART) Squad/Parts/Utility/commDish88-88/commDish88-88/commDish
[LOG 18:26:30.575] Config(PART) Squad/Parts/Utility/commsAntennaDTS-M1/commsAntennaDTS-M1/mediumDishAntenna
[LOG 18:26:30.575] Config(PART) Squad/Parts/Utility/commsDish16/commsAntenna16/longAntenna
[LOG 18:26:30.575] Config(PART) Squad/Parts/Utility/decouplerRadialHDM/decouplerRadialHDM/radialDecoupler1-2
[LOG 18:26:30.576] Config(PART) Squad/Parts/Utility/decouplerRadialTT-38K/decouplerRadialTT-38K/radialDecoupler
[LOG 18:26:30.576] Config(PART) Squad/Parts/Utility/decouplerRadialTT-70/decouplerRadialTT-70/radialDecoupler2
[LOG 18:26:30.576] Config(PART) Squad/Parts/Utility/DirectAntennas/C16S/SurfAntenna
[LOG 18:26:30.576] Config(PART) Squad/Parts/Utility/DirectAntennas/HG-5/HighGainAntenna5
[LOG 18:26:30.576] Config(PART) Squad/Parts/Utility/DirectAntennas/HG-5_v2/HighGainAntenna5_v2
[LOG 18:26:30.576] Config(PART) Squad/Parts/Utility/dockingPort/dockingPort/dockingPort2
[LOG 18:26:30.576] Config(PART) Squad/Parts/Utility/dockingPortInline/dockingPortInline/dockingPortLateral
[LOG 18:26:30.576] Config(PART) Squad/Parts/Utility/dockingPortJr/dockingPortJr/dockingPort3
[LOG 18:26:30.576] Config(PART) Squad/Parts/Utility/dockingPortShielded/dockingPortShielded/dockingPort1
[LOG 18:26:30.576] Config(PART) Squad/Parts/Utility/dockingPortSr/dockingPortSr/dockingPortLarge
[LOG 18:26:30.576] Config(PART) Squad/Parts/Utility/Fireworks/fireworksLauncherBig/fireworksLauncherBig
[LOG 18:26:30.576] Config(PART) Squad/Parts/Utility/Fireworks/fireworksLauncherSmall/fireworksLauncherSmall
[LOG 18:26:30.576] Config(PART) Squad/Parts/Utility/flags/flagFlat/flagFlat/flagPartFlat
[LOG 18:26:30.576] Config(PART) Squad/Parts/Utility/flags/flagSize0/flagSize0/flagPartSize0
[LOG 18:26:30.576] Config(PART) Squad/Parts/Utility/flags/flagSize1/flagSize1/flagPartSize1
[LOG 18:26:30.576] Config(PART) Squad/Parts/Utility/flags/flagSize2/flagSize2/flagPartSize2
[LOG 18:26:30.576] Config(PART) Squad/Parts/Utility/flags/flagSize3/flagSize3/flagPartSize3
[LOG 18:26:30.576] Config(PART) Squad/Parts/Utility/GrapplingDevice/part/GrapplingDevice
[LOG 18:26:30.576] Config(PART) Squad/Parts/Utility/ladderRadial/ladderRadial/ladder1
[LOG 18:26:30.576] Config(PART) Squad/Parts/Utility/ladderTelescopic/ladderTelescopic/telescopicLadder
[LOG 18:26:30.576] Config(PART) Squad/Parts/Utility/ladderTelescopicBay/ladderTelescopicBay/telescopicLadderBay
[LOG 18:26:30.576] Config(PART) Squad/Parts/Utility/landingLegLT-1/landingLegLT-1/landingLeg1
[LOG 18:26:30.576] Config(PART) Squad/Parts/Utility/landingLegLT-2/landingLegLT-2/landingLeg1-2
[LOG 18:26:30.576] Config(PART) Squad/Parts/Utility/landingLegLT-5/landingLegLT-5/miniLandingLeg
[LOG 18:26:30.576] Config(PART) Squad/Parts/Utility/launchClamp1/launchClamp1/launchClamp1
[LOG 18:26:30.576] Config(PART) Squad/Parts/Utility/launchEscapeSystem/part/LaunchEscapeSystem
[LOG 18:26:30.577] Config(PART) Squad/Parts/Utility/Lights/domeLight1/domeLight1
[LOG 18:26:30.577] Config(PART) Squad/Parts/Utility/Lights/groundLight1/groundLight1
[LOG 18:26:30.577] Config(PART) Squad/Parts/Utility/Lights/groundLight2/groundLight2
[LOG 18:26:30.577] Config(PART) Squad/Parts/Utility/Lights/navLight1/navLight1
[LOG 18:26:30.577] Config(PART) Squad/Parts/Utility/Lights/spotLight1/spotLight3
[LOG 18:26:30.577] Config(PART) Squad/Parts/Utility/Lights/stripLight1/stripLight1
[LOG 18:26:30.577] Config(PART) Squad/Parts/Utility/linearVernorRCS/linearRCS/linearRcs
[LOG 18:26:30.577] Config(PART) Squad/Parts/Utility/linearVernorRCS/vernorEngine/vernierEngine
[LOG 18:26:30.577] Config(PART) Squad/Parts/Utility/mk2CargoBay/BayL/mk2CargoBayL
[LOG 18:26:30.577] Config(PART) Squad/Parts/Utility/mk2CargoBay/BayS/mk2CargoBayS
[LOG 18:26:30.577] Config(PART) Squad/Parts/Utility/mk2CrewCabin/mk2CrewCabin/mk2CrewCabin
[LOG 18:26:30.577] Config(PART) Squad/Parts/Utility/mk2DockingPort/mk2DockingPort/mk2DockingPort
[LOG 18:26:30.577] Config(PART) Squad/Parts/Utility/mk3CargoBay/long/mk3CargoBayL
[LOG 18:26:30.577] Config(PART) Squad/Parts/Utility/mk3CargoBay/medium/mk3CargoBayM
[LOG 18:26:30.577] Config(PART) Squad/Parts/Utility/mk3CargoBay/ramp/mk3CargoRamp
[LOG 18:26:30.577] Config(PART) Squad/Parts/Utility/mk3CargoBay/short/mk3CargoBayS
[LOG 18:26:30.577] Config(PART) Squad/Parts/Utility/parachuteMk1/parachuteMk1/parachuteSingle
[LOG 18:26:30.577] Config(PART) Squad/Parts/Utility/parachuteMk12-R/parachuteMk12-R/radialDrogue
[LOG 18:26:30.577] Config(PART) Squad/Parts/Utility/parachuteMk16-XL/parachuteMk16-XL/parachuteLarge
[LOG 18:26:30.577] Config(PART) Squad/Parts/Utility/parachuteMk2-R/parachuteMk2-R/parachuteRadial
[LOG 18:26:30.577] Config(PART) Squad/Parts/Utility/parachuteMk25/parachuteMk25/parachuteDrogue
[LOG 18:26:30.577] Config(PART) Squad/Parts/Utility/radialAttachmentPoint/radialAttachmentPoint/stackPoint1
[LOG 18:26:30.577] Config(PART) Squad/Parts/Utility/rcsBlockRV-105_v2/rcsBlockRV-105/RCSBlock_v2
[LOG 18:26:30.577] Config(PART) Squad/Parts/Utility/rcsBlockRV-105_v2/RCSblock_01_small/RCSblock_01_small
[LOG 18:26:30.577] Config(PART) Squad/Parts/Utility/rcsSmallLinear/RCSLinearSmall/RCSLinearSmall
[LOG 18:26:30.577] Config(PART) Squad/Parts/Utility/RelayAntennas/RA-100/RelayAntenna100
[LOG 18:26:30.577] Config(PART) Squad/Parts/Utility/RelayAntennas/RA-5/RelayAntenna5
[LOG 18:26:30.577] Config(PART) Squad/Parts/Utility/RelayAntennas/RA-50/RelayAntenna50
[LOG 18:26:30.578] Config(PART) Squad/Parts/Utility/rockomaxAdapters/largeAdapter/largeAdapter
[LOG 18:26:30.578] Config(PART) Squad/Parts/Utility/rockomaxAdapters/largeAdapterShort/largeAdapter2
[LOG 18:26:30.578] Config(PART) Squad/Parts/Utility/ServiceBay_v2/ServiceBay_125_v2/ServiceBay_125_v2
[LOG 18:26:30.578] Config(PART) Squad/Parts/Utility/ServiceBay_v2/ServiceBay_250_v2/ServiceBay_250_v2
[LOG 18:26:30.578] Config(PART) Squad/Parts/Utility/smallClaw/smallClaw/smallClaw
[LOG 18:26:30.578] Config(PART) Squad/Parts/Utility/spotLightMk1/spotLightMk1/spotLight1
[LOG 18:26:30.578] Config(PART) Squad/Parts/Utility/spotLightMk1_v2/spotLightMk1_v2/spotLight1_v2
[LOG 18:26:30.578] Config(PART) Squad/Parts/Utility/spotLightMk2/spotLightMk2/spotLight2
[LOG 18:26:30.578] Config(PART) Squad/Parts/Utility/spotLightMk2_v2/spotLightMk2_v2/spotLight2_v2
[LOG 18:26:30.578] Config(PART) Squad/Parts/Utility/stackCouplers/stackBiCoupler_v2/stackBiCoupler_v2
[LOG 18:26:30.578] Config(PART) Squad/Parts/Utility/stackCouplers/stackQuadCoupler/stackQuadCoupler
[LOG 18:26:30.578] Config(PART) Squad/Parts/Utility/stackCouplers/stackTriCoupler_v2/stackTriCoupler_v2
[LOG 18:26:30.578] Config(PART) Squad/Parts/Wheel/LandingGear/GearExtraLarge/GearLarge
[LOG 18:26:30.578] Config(PART) Squad/Parts/Wheel/LandingGear/GearFixed/GearFixed
[LOG 18:26:30.578] Config(PART) Squad/Parts/Wheel/LandingGear/GearFree/GearFree
[LOG 18:26:30.578] Config(PART) Squad/Parts/Wheel/LandingGear/GearLarge/GearMedium
[LOG 18:26:30.578] Config(PART) Squad/Parts/Wheel/LandingGear/GearMedium/GearSmall
[LOG 18:26:30.578] Config(PART) Squad/Parts/Wheel/LandingGear/GearSmall/SmallGearBay
[LOG 18:26:30.578] Config(PART) Squad/Parts/Wheel/roverWheelM1/roverWheelM1/roverWheel1
[LOG 18:26:30.578] Config(PART) Squad/Parts/Wheel/roverWheelS2/roverWheelS2/roverWheel2
[LOG 18:26:30.578] Config(PART) Squad/Parts/Wheel/roverWheelTR-2L/roverWheelTR-2L/wheelMed
[LOG 18:26:30.578] Config(PART) Squad/Parts/Wheel/roverWheelXL3/roverWheelXL3/roverWheel3
[LOG 18:26:30.578] Config(PROP) Squad/Props/AltimeterThreeHands/prop/AltimeterThreeHands
[LOG 18:26:30.578] Config(PROP) Squad/Props/AtmosphereDepth/prop/AtmosphereDepth
[LOG 18:26:30.578] Config(PROP) Squad/Props/AxisIndicator/pitchConfig/AxisIndicatorPitch
[LOG 18:26:30.578] Config(PROP) Squad/Props/AxisIndicator/rollConfig/AxisIndicatorRoll
[LOG 18:26:30.578] Config(PROP) Squad/Props/AxisIndicator/yawConfig/AxisIndicatorYaw
[LOG 18:26:30.578] Config(PROP) Squad/Props/buttonsGeneric/circularButton/genericCircularButton
[LOG 18:26:30.578] Config(PROP) Squad/Props/buttonsGeneric/clusterButtons/genericClusterButtons
[LOG 18:26:30.579] Config(PROP) Squad/Props/buttonsGeneric/clusterButtons2/genericClusterButtons2
[LOG 18:26:30.579] Config(PROP) Squad/Props/buttonsGeneric/clusterKnob/genericClusterKnobs
[LOG 18:26:30.579] Config(PROP) Squad/Props/buttonsGeneric/clusterKnob2/genericClusterKnobs2
[LOG 18:26:30.579] Config(PROP) Squad/Props/buttonsGeneric/clusterMixed/genericClusterMixed
[LOG 18:26:30.579] Config(PROP) Squad/Props/buttonsGeneric/clusterSwitches01/genericClusterSwitches01
[LOG 18:26:30.579] Config(PROP) Squad/Props/buttonsGeneric/clusterSwitches02/genericClusterSwitches02
[LOG 18:26:30.579] Config(PROP) Squad/Props/buttonsGeneric/clusterSwitches03/genericClusterSwitches03
[LOG 18:26:30.579] Config(PROP) Squad/Props/buttonsGeneric/clusterSwitches04/genericClusterSwitches04
[LOG 18:26:30.579] Config(PROP) Squad/Props/buttonsGeneric/clusterSwitches05/genericClusterSwitches05
[LOG 18:26:30.579] Config(PROP) Squad/Props/buttonsGeneric/clusterSwitches06/genericClusterSwitches06
[LOG 18:26:30.579] Config(PROP) Squad/Props/buttonsGeneric/clusterSwitches07/genericClusterSwitches07
[LOG 18:26:30.579] Config(PROP) Squad/Props/buttonsGeneric/directionalKnob/genericDirectionalKnob
[LOG 18:26:30.579] Config(PROP) Squad/Props/buttonsGeneric/directionalKnob2/genericDirectionalKnob2
[LOG 18:26:30.579] Config(PROP) Squad/Props/buttonsGeneric/pullSwitch/genericPullSwitch
[LOG 18:26:30.579] Config(PROP) Squad/Props/buttonsGeneric/squareButton/genericSquareButton
[LOG 18:26:30.579] Config(PROP) Squad/Props/buttonsGeneric/standingSwitch/genericStandingSwitch
[LOG 18:26:30.579] Config(PROP) Squad/Props/buttonsGeneric/switch/genericSwitch
[LOG 18:26:30.579] Config(PROP) Squad/Props/buttonsGeneric/switchWithGuards/genericSwitchWithGuards
[LOG 18:26:30.579] Config(PROP) Squad/Props/ButtonSquare/prop/ButtonSquare
[LOG 18:26:30.579] Config(PROP) Squad/Props/circularButton/prop/circularButton
[LOG 18:26:30.579] Config(PROP) Squad/Props/Compass/prop/Compass
[LOG 18:26:30.579] Config(PROP) Squad/Props/directionalKnob/prop/directionalKnob
[LOG 18:26:30.579] Config(PROP) Squad/Props/directionalKnob2/prop/directionalKnob2
[LOG 18:26:30.579] Config(PROP) Squad/Props/IndicatorPanel/prop/IndicatorPanel
[LOG 18:26:30.580] Config(PROP) Squad/Props/IVANavBall/prop/NavBall
[LOG 18:26:30.580] Config(PROP) Squad/Props/IVANavBallNoBase/prop/NavBallNoBase
[LOG 18:26:30.580] Config(PROP) Squad/Props/ledPanelSpeed/prop/ledPanelSpeed
[LOG 18:26:30.580] Config(PROP) Squad/Props/Monitor/DockingMode/MonitorDockingMode
[LOG 18:26:30.580] Config(PROP) Squad/Props/NavBall/prop/NavBall
[LOG 18:26:30.580] Config(PROP) Squad/Props/PropsGeneric/Button_DockingMode/Button_DockingMode
[LOG 18:26:30.580] Config(PROP) Squad/Props/PropsGeneric/CargoBagA/CargoBagA
[LOG 18:26:30.580] Config(PROP) Squad/Props/PropsGeneric/CargoBagB/CargoBagB
[LOG 18:26:30.580] Config(PROP) Squad/Props/PropsGeneric/CargoBagC/CargoBagC
[LOG 18:26:30.580] Config(PROP) Squad/Props/PropsGeneric/Hatch_Plane/Hatch_Plane
[LOG 18:26:30.580] Config(PROP) Squad/Props/PropsGeneric/Hatch_Plane_Curve90/Hatch_Plane_Curve90
[LOG 18:26:30.580] Config(PROP) Squad/Props/PropsGeneric/Hatch_Plane_Frame/Hatch_Plane_Frame
[LOG 18:26:30.580] Config(PROP) Squad/Props/PropsGeneric/Seat_Passenger/Seat_Passenger
[LOG 18:26:30.580] Config(PROP) Squad/Props/PropsGeneric/Seat_Pilot/Seat_Pilot
[LOG 18:26:30.580] Config(PROP) Squad/Props/PropsGeneric/Seat_Pilot_Helmet/Seat_Pilot_Helmet
[LOG 18:26:30.580] Config(PROP) Squad/Props/PropsGeneric/SideStick/SideStick
[LOG 18:26:30.580] Config(PROP) Squad/Props/pullSwitch/prop/pullSwitch
[LOG 18:26:30.580] Config(PROP) Squad/Props/radarAltitude/prop/RadarAltimeter
[LOG 18:26:30.580] Config(PROP) Squad/Props/squareButton/prop/squareButton
[LOG 18:26:30.580] Config(PROP) Squad/Props/standingSwitch/prop/standingSwitch
[LOG 18:26:30.580] Config(PROP) Squad/Props/switch/prop/switch
[LOG 18:26:30.580] Config(PROP) Squad/Props/switchGuard/prop/switchGuard
[LOG 18:26:30.580] Config(PROP) Squad/Props/switchWithGuards/prop/switchWithGuards
[LOG 18:26:30.580] Config(PROP) Squad/Props/throttle/prop/throttle
[LOG 18:26:30.580] Config(PROP) Squad/Props/VSI/prop/VSI
[LOG 18:26:30.580] Config(SPACEOBJECTS_LIMITS) Squad/Resources/CometDefs/SPACEOBJECTS_LIMITS
[LOG 18:26:30.580] Config(COMET_MANAGER) Squad/Resources/CometDefs/COMET_MANAGER
[LOG 18:26:30.580] Config(COMET_ORBIT_TYPE) Squad/Resources/CometDefs/short
[LOG 18:26:30.580] Config(COMET_ORBIT_TYPE) Squad/Resources/CometDefs/intermediate
[LOG 18:26:30.580] Config(COMET_ORBIT_TYPE) Squad/Resources/CometDefs/long
[LOG 18:26:30.581] Config(COMET_ORBIT_TYPE) Squad/Resources/CometDefs/interstellar
[LOG 18:26:30.581] Config(FIREWORKFX_DEFINITION) Squad/Resources/FireworkFXDefinitions/classicTrail
[LOG 18:26:30.581] Config(FIREWORKFX_DEFINITION) Squad/Resources/FireworkFXDefinitions/whirlyTrail
[LOG 18:26:30.581] Config(FIREWORKFX_DEFINITION) Squad/Resources/FireworkFXDefinitions/strobeTrail
[LOG 18:26:30.581] Config(FIREWORKFX_DEFINITION) Squad/Resources/FireworkFXDefinitions/bareTrail
[LOG 18:26:30.581] Config(FIREWORKFX_DEFINITION) Squad/Resources/FireworkFXDefinitions/classicBurst
[LOG 18:26:30.581] Config(FIREWORKFX_DEFINITION) Squad/Resources/FireworkFXDefinitions/chrysBurst
[LOG 18:26:30.581] Config(FIREWORKFX_DEFINITION) Squad/Resources/FireworkFXDefinitions/palmBurst
[LOG 18:26:30.581] Config(FIREWORKFX_DEFINITION) Squad/Resources/FireworkFXDefinitions/ringBurst
[LOG 18:26:30.581] Config(FIREWORKFX_DEFINITION) Squad/Resources/FireworkFXDefinitions/crosetteBurst
[LOG 18:26:30.581] Config(FIREWORKFX_DEFINITION) Squad/Resources/FireworkFXDefinitions/willowBurst
[LOG 18:26:30.581] Config(FIREWORKFX_DEFINITION) Squad/Resources/FireworkFXDefinitions/crackeBurst
[LOG 18:26:30.581] Config(FIREWORKFX_DEFINITION) Squad/Resources/FireworkFXDefinitions/palmCrackleBurst
[LOG 18:26:30.581] Config(FIREWORKFX_DEFINITION) Squad/Resources/FireworkFXDefinitions/dragonBurst
[LOG 18:26:30.581] Config(GLOBAL_RESOURCE) Squad/Resources/Ore/GLOBAL_RESOURCE
[LOG 18:26:30.581] Config(PLANETARY_RESOURCE) Squad/Resources/Ore/PLANETARY_RESOURCE
[LOG 18:26:30.581] Config(PLANETARY_RESOURCE) Squad/Resources/Ore/PLANETARY_RESOURCE
[LOG 18:26:30.581] Config(RESOURCE_OVERLAY_CONFIGURATION_SOLID) Squad/Resources/Overlay/RESOURCE_OVERLAY_CONFIGURATION_SOLID
[LOG 18:26:30.581] Config(RESOURCE_OVERLAY_CONFIGURATION_LINES) Squad/Resources/Overlay/RESOURCE_OVERLAY_CONFIGURATION_LINES
[LOG 18:26:30.581] Config(RESOURCE_OVERLAY_CONFIGURATION_DOTS) Squad/Resources/Overlay/RESOURCE_OVERLAY_CONFIGURATION_DOTS
[LOG 18:26:30.581] Config(RESOURCE_CONFIGURATION) Squad/Resources/ResourceDefaults/RESOURCE_CONFIGURATION
[LOG 18:26:30.581] Config(RESOURCE_DEFINITION) Squad/Resources/ResourcesGeneric/LiquidFuel
[LOG 18:26:30.581] Config(RESOURCE_DEFINITION) Squad/Resources/ResourcesGeneric/Oxidizer
[LOG 18:26:30.581] Config(RESOURCE_DEFINITION) Squad/Resources/ResourcesGeneric/SolidFuel
[LOG 18:26:30.581] Config(RESOURCE_DEFINITION) Squad/Resources/ResourcesGeneric/MonoPropellant
[LOG 18:26:30.581] Config(RESOURCE_DEFINITION) Squad/Resources/ResourcesGeneric/XenonGas
[LOG 18:26:30.581] Config(RESOURCE_DEFINITION) Squad/Resources/ResourcesGeneric/ElectricCharge
[LOG 18:26:30.582] Config(RESOURCE_DEFINITION) Squad/Resources/ResourcesGeneric/IntakeAir
[LOG 18:26:30.582] Config(RESOURCE_DEFINITION) Squad/Resources/ResourcesGeneric/EVA Propellant
[LOG 18:26:30.582] Config(RESOURCE_DEFINITION) Squad/Resources/ResourcesGeneric/Ore
[LOG 18:26:30.582] Config(RESOURCE_DEFINITION) Squad/Resources/ResourcesGeneric/Ablator
[LOG 18:26:30.582] Config(EXPERIMENT_DEFINITION) Squad/Resources/ScienceDefs/EXPERIMENT_DEFINITION
[LOG 18:26:30.582] Config(EXPERIMENT_DEFINITION) Squad/Resources/ScienceDefs/EXPERIMENT_DEFINITION
[LOG 18:26:30.582] Config(EXPERIMENT_DEFINITION) Squad/Resources/ScienceDefs/EXPERIMENT_DEFINITION
[LOG 18:26:30.582] Config(EXPERIMENT_DEFINITION) Squad/Resources/ScienceDefs/EXPERIMENT_DEFINITION
[LOG 18:26:30.582] Config(EXPERIMENT_DEFINITION) Squad/Resources/ScienceDefs/EXPERIMENT_DEFINITION
[LOG 18:26:30.582] Config(EXPERIMENT_DEFINITION) Squad/Resources/ScienceDefs/EXPERIMENT_DEFINITION
[LOG 18:26:30.582] Config(EXPERIMENT_DEFINITION) Squad/Resources/ScienceDefs/EXPERIMENT_DEFINITION
[LOG 18:26:30.582] Config(EXPERIMENT_DEFINITION) Squad/Resources/ScienceDefs/EXPERIMENT_DEFINITION
[LOG 18:26:30.582] Config(EXPERIMENT_DEFINITION) Squad/Resources/ScienceDefs/EXPERIMENT_DEFINITION
[LOG 18:26:30.582] Config(EXPERIMENT_DEFINITION) Squad/Resources/ScienceDefs/EXPERIMENT_DEFINITION
[LOG 18:26:30.582] Config(EXPERIMENT_DEFINITION) Squad/Resources/ScienceDefs/EXPERIMENT_DEFINITION
[LOG 18:26:30.582] Config(EXPERIMENT_DEFINITION) Squad/Resources/ScienceDefs/EXPERIMENT_DEFINITION
[LOG 18:26:30.582] Config(EXPERIMENT_DEFINITION) Squad/Resources/ScienceDefs/EXPERIMENT_DEFINITION
[LOG 18:26:30.582] Config(EXPERIMENT_DEFINITION) Squad/Resources/ScienceDefs/EXPERIMENT_DEFINITION
[LOG 18:26:30.582] Config(EXPERIMENT_DEFINITION) Squad/Resources/ScienceDefs/EXPERIMENT_DEFINITION
[LOG 18:26:30.582] Config(EXPERIMENT_DEFINITION) Squad/Resources/ScienceDefs/EXPERIMENT_DEFINITION
[LOG 18:26:30.582] Config(EXPERIMENT_DEFINITION) Squad/Resources/ScienceDefs/EXPERIMENT_DEFINITION
[LOG 18:26:30.582] Config(EXPERIMENT_DEFINITION) Squad/Resources/ScienceDefs/EXPERIMENT_DEFINITION
[LOG 18:26:30.582] Config(STORY_DEF) Squad/Resources/StoryDefs/STORY_DEF
[LOG 18:26:30.582] Config(TechTree) Squad/Resources/TechTree/TechTree
[LOG 18:26:30.582] Config(INTERNAL) Squad/Spaces/crewCabinInternals/internal/crewCabinInternals
[LOG 18:26:30.582] Config(INTERNAL) Squad/Spaces/cupolaInternal/internal/cupolaInternal
[LOG 18:26:30.582] Config(INTERNAL) Squad/Spaces/GenericSpace1/internal/GenericSpace1
[LOG 18:26:30.582] Config(INTERNAL) Squad/Spaces/GenericSpace3/internal/GenericSpace3
[LOG 18:26:30.583] Config(INTERNAL) Squad/Spaces/landerCabinInternals/internal/landerCabinInternals
[LOG 18:26:30.583] Config(INTERNAL) Squad/Spaces/landerCabinSmallInternal/internal/landerCabinSmallInternal
[LOG 18:26:30.583] Config(INTERNAL) Squad/Spaces/LargeCrewedLabInternals/internal/Mobile_Processing_Lab_Int
[LOG 18:26:30.583] Config(INTERNAL) Squad/Spaces/Mk1-3/internal/Mk1-3
[LOG 18:26:30.583] Config(INTERNAL) Squad/Spaces/mk1CabinInternal/internal/mk1CabinInternal
[LOG 18:26:30.583] Config(INTERNAL) Squad/Spaces/mk1CockpitInternal/internal/mk1CockpitInternal
[LOG 18:26:30.583] Config(INTERNAL) Squad/Spaces/mk1InlineInternal/internal/mk1InlineInternal
[LOG 18:26:30.583] Config(INTERNAL) Squad/Spaces/mk1PodCockpit/internal/mk1PodCockpit
[LOG 18:26:30.583] Config(INTERNAL) Squad/Spaces/mk1pod_IVA/mk1pod_Internal/mk1pod_IVA
[LOG 18:26:30.583] Config(INTERNAL) Squad/Spaces/mk2CockpitStandardInternal/internal/mk2CockpitStandardInternals
[LOG 18:26:30.583] Config(INTERNAL) Squad/Spaces/Mk2CrewCabinInternal/internal_MK2_CrewCab/MK2_CrewCab_Int
[LOG 18:26:30.583] Config(INTERNAL) Squad/Spaces/mk2InlineInternal/internal/mk2InlineInternal
[LOG 18:26:30.583] Config(INTERNAL) Squad/Spaces/mk2LanderCanInternal/internal/mk2LanderCanInternal
[LOG 18:26:30.583] Config(INTERNAL) Squad/Spaces/MK3CockpitInternal/internal_MK3/MK3_Cockpit_Int
[LOG 18:26:30.583] Config(INTERNAL) Squad/Spaces/MK3_CrewCab_Int/internal_MK3_CrewCab/MK3_CrewCab_Int
[LOG 18:26:30.583] Config(INTERNAL) Squad/Spaces/Placeholder/internal/Placeholder
[LOG 18:26:30.583] Config(INTERNAL) Squad/Spaces/PodCockpit/internal/PodCockpit
[LOG 18:26:30.583] Config(STRATEGY_DEPARTMENT) Squad/Strategies/Departments/Finances
[LOG 18:26:30.583] Config(STRATEGY_DEPARTMENT) Squad/Strategies/Departments/Science
[LOG 18:26:30.583] Config(STRATEGY_DEPARTMENT) Squad/Strategies/Departments/Public Relations
[LOG 18:26:30.583] Config(STRATEGY_DEPARTMENT) Squad/Strategies/Departments/Operations
[LOG 18:26:30.583] Config(STRATEGY) Squad/Strategies/Strategies/AppreciationCampaignCfg
[LOG 18:26:30.583] Config(STRATEGY) Squad/Strategies/Strategies/FundraisingCampaignCfg
[LOG 18:26:30.583] Config(STRATEGY) Squad/Strategies/Strategies/OpenSourceTechProgramCfg
[LOG 18:26:30.583] Config(STRATEGY) Squad/Strategies/Strategies/UnpaidResearchProgramCfg
[LOG 18:26:30.583] Config(STRATEGY) Squad/Strategies/Strategies/OutsourcedResearchCfg
[LOG 18:26:30.584] Config(STRATEGY) Squad/Strategies/Strategies/PatentsLicensingCfg
[LOG 18:26:30.584] Config(STRATEGY) Squad/Strategies/Strategies/AgressiveNegotiations
[LOG 18:26:30.584] Config(STRATEGY) Squad/Strategies/Strategies/RecoveryTransponders
[LOG 18:26:30.584] Config(STRATEGY) Squad/Strategies/Strategies/BailoutGrant
[LOG 18:26:30.584] Config(STRATEGY) Squad/Strategies/Strategies/researchIPsellout
[LOG 18:26:30.584] Config(STRATEGY) Squad/Strategies/Strategies/LeadershipInitiative
[LOG 18:26:30.584] Config(TUTORIAL) Squad/Tutorials/FlightSuborbital/FlightSuborbital
[LOG 18:26:30.584] Config(TUTORIAL) Squad/Tutorials/FromMun/FromMun
[LOG 18:26:30.584] Config(TUTORIAL) Squad/Tutorials/GoForOrbit/GoForOrbit
[LOG 18:26:30.584] Config(MISSIONPACK) SquadExpansion/MakingHistory/Missions/MissionPacks/squad_MakingHistory
[LOG 18:26:30.584] Config(MISSIONPACK) SquadExpansion/MakingHistory/Missions/MissionPacks/squad_MakingHistory_Other
[LOG 18:26:30.584] Config(MISSIONPACK) SquadExpansion/MakingHistory/Missions/MissionPacks/squad_MakingHistory_Tutorial
[LOG 18:26:30.584] Config(MEBASICNODE) SquadExpansion/MakingHistory/Nodes/AccuracyLogic/TestAccuracyLogic
[LOG 18:26:30.584] Config(MEBASICNODE) SquadExpansion/MakingHistory/Nodes/ActionChancePartResourceLevels/ActionPartResourceAmount
[LOG 18:26:30.584] Config(MEBASICNODE) SquadExpansion/MakingHistory/Nodes/ActionExplode/ActionVesselExplode
[LOG 18:26:30.584] Config(MEBASICNODE) SquadExpansion/MakingHistory/Nodes/ActionMissionScore/MissionScore
[LOG 18:26:30.584] Config(MEBASICNODE) SquadExpansion/MakingHistory/Nodes/ActionModifierFunds/ModifyFunds
[LOG 18:26:30.584] Config(MEBASICNODE) SquadExpansion/MakingHistory/Nodes/ActionModifierScore/MissionScore
[LOG 18:26:30.584] Config(MEBASICNODE) SquadExpansion/MakingHistory/Nodes/ActionPartExplode/ActionPartExplode
[LOG 18:26:30.584] Config(MEBASICNODE) SquadExpansion/MakingHistory/Nodes/ActionPartResourceDrain/ActionPartResourceDrain
[LOG 18:26:30.584] Config(MEBASICNODE) SquadExpansion/MakingHistory/Nodes/ActionVesselActionGroup/ActionVesselActionGroup
[LOG 18:26:30.584] Config(MEBASICNODE) SquadExpansion/MakingHistory/Nodes/ActionVesselStage/ActionVesselStage
[LOG 18:26:30.584] Config(MEBASICNODE) SquadExpansion/MakingHistory/Nodes/CreateAsteroid/CreateAsteroid
[LOG 18:26:30.584] Config(MEBASICNODE) SquadExpansion/MakingHistory/Nodes/CreateComet/CreateComet
[LOG 18:26:30.584] Config(MEBASICNODE) SquadExpansion/MakingHistory/Nodes/CreateFlag/CreateFlag
[LOG 18:26:30.584] Config(MEBASICNODE) SquadExpansion/MakingHistory/Nodes/CreateLaunchSite/CreateLaunchSite
[LOG 18:26:30.584] Config(MEBASICNODE) SquadExpansion/MakingHistory/Nodes/CreateVessel/CreateVessel
[LOG 18:26:30.585] Config(MEBASICNODE) SquadExpansion/MakingHistory/Nodes/CrewAssignment/TestCrewAssignment
[LOG 18:26:30.585] Config(MEBASICNODE) SquadExpansion/MakingHistory/Nodes/Destroyed/Crashed
[LOG 18:26:30.585] Config(MEBASICNODE) SquadExpansion/MakingHistory/Nodes/DialogMessage/DialogMessage
[LOG 18:26:30.585] Config(MEBASICNODE) SquadExpansion/MakingHistory/Nodes/Distance/Distance
[LOG 18:26:30.585] Config(MEBASICNODE) SquadExpansion/MakingHistory/Nodes/EmptyFalse/EmptyFalse
[LOG 18:26:30.585] Config(MEBASICNODE) SquadExpansion/MakingHistory/Nodes/EmptyTrue/EmptyTrue
[LOG 18:26:30.585] Config(MEBASICNODE) SquadExpansion/MakingHistory/Nodes/EscapeSOI/SOILeft
[LOG 18:26:30.585] Config(MEBASICNODE) SquadExpansion/MakingHistory/Nodes/EVA/EVA
[LOG 18:26:30.585] Config(MEBASICNODE) SquadExpansion/MakingHistory/Nodes/Flying/Flying
[LOG 18:26:30.585] Config(MEBASICNODE) SquadExpansion/MakingHistory/Nodes/FundsRecovery/FundsRecovery
[LOG 18:26:30.585] Config(MEBASICNODE) SquadExpansion/MakingHistory/Nodes/KerbalBoarded/TestKerbalBoarded
[LOG 18:26:30.585] Config(MEBASICNODE) SquadExpansion/MakingHistory/Nodes/KerbalKilled/EVA
[LOG 18:26:30.585] Config(MEBASICNODE) SquadExpansion/MakingHistory/Nodes/KerbalRecovery/KerbalRecovery
[LOG 18:26:30.585] Config(MEBASICNODE) SquadExpansion/MakingHistory/Nodes/KerbalRescue/KerbalRescue
[LOG 18:26:30.585] Config(MEBASICNODE) SquadExpansion/MakingHistory/Nodes/Landed/Landed
[LOG 18:26:30.585] Config(MEBASICNODE) SquadExpansion/MakingHistory/Nodes/Message/Message
[LOG 18:26:30.585] Config(MEBASICNODE) SquadExpansion/MakingHistory/Nodes/MissionFunds/MissionFunds
[LOG 18:26:30.585] Config(MEBASICNODE) SquadExpansion/MakingHistory/Nodes/MissionScore/MissionScore
[LOG 18:26:30.585] Config(MEBASICNODE) SquadExpansion/MakingHistory/Nodes/Orbit/Orbit
[LOG 18:26:30.585] Config(MEBASICNODE) SquadExpansion/MakingHistory/Nodes/OrbitParams/OrbitParams
[LOG 18:26:30.585] Config(MEBASICNODE) SquadExpansion/MakingHistory/Nodes/PartDocking/TestPartDocking
[LOG 18:26:30.585] Config(MEBASICNODE) SquadExpansion/MakingHistory/Nodes/PartFailure/PartFailure
[LOG 18:26:30.586] Config(MEBASICNODE) SquadExpansion/MakingHistory/Nodes/PartGrapple/TestGrapple
[LOG 18:26:30.586] Config(MEBASICNODE) SquadExpansion/MakingHistory/Nodes/PartRepair/PartRepair
[LOG 18:26:30.586] Config(MEBASICNODE) SquadExpansion/MakingHistory/Nodes/PlaceKerbal/CreateKerbal
[LOG 18:26:30.586] Config(MEBASICNODE) SquadExpansion/MakingHistory/Nodes/PlantFlag/PlantFlag
[LOG 18:26:30.586] Config(MEBASICNODE) SquadExpansion/MakingHistory/Nodes/ReachSOI/ReachSOI
[LOG 18:26:30.586] Config(MEBASICNODE) SquadExpansion/MakingHistory/Nodes/Resource/ResourceAmount
[LOG 18:26:30.586] Config(MEBASICNODE) SquadExpansion/MakingHistory/Nodes/ResourceRecovery/TestResourcesRecovery
[LOG 18:26:30.586] Config(MEBASICNODE) SquadExpansion/MakingHistory/Nodes/ScienceExperiment/ScienceExperiment
[LOG 18:26:30.586] Config(MEBASICNODE) SquadExpansion/MakingHistory/Nodes/SetCamera/SetCamera
[LOG 18:26:30.586] Config(MEBASICNODE) SquadExpansion/MakingHistory/Nodes/SplashDown/SplashDown
[LOG 18:26:30.586] Config(MEBASICNODE) SquadExpansion/MakingHistory/Nodes/StageActivated/TestVesselStageActivated
[LOG 18:26:30.586] Config(MEBASICNODE) SquadExpansion/MakingHistory/Nodes/TakeKerbal/TestTakeKerbal
[LOG 18:26:30.586] Config(MEBASICNODE) SquadExpansion/MakingHistory/Nodes/TestFlyThrough/TestFlyThrough
[LOG 18:26:30.586] Config(MEBASICNODE) SquadExpansion/MakingHistory/Nodes/TestGoTo/TestGoTo
[LOG 18:26:30.586] Config(MEBASICNODE) SquadExpansion/MakingHistory/Nodes/TimeMET/TimeMET
[LOG 18:26:30.586] Config(MEBASICNODE) SquadExpansion/MakingHistory/Nodes/TimeOfMission/TimeOfMission
[LOG 18:26:30.586] Config(MEBASICNODE) SquadExpansion/MakingHistory/Nodes/TimeSinceNode/TestTimeSinceNode
[LOG 18:26:30.586] Config(MEBASICNODE) SquadExpansion/MakingHistory/Nodes/VesselActiveCount/TestVesselActiveCount
[LOG 18:26:30.586] Config(MEBASICNODE) SquadExpansion/MakingHistory/Nodes/VesselAltitudeGoal/VesselAltitudeGoal
[LOG 18:26:30.586] Config(MEBASICNODE) SquadExpansion/MakingHistory/Nodes/VesselCrewCount/VeselCrewCount
[LOG 18:26:30.586] Config(MEBASICNODE) SquadExpansion/MakingHistory/Nodes/VesselMassLogic/VesselMass
[LOG 18:26:30.586] Config(MEBASICNODE) SquadExpansion/MakingHistory/Nodes/VesselPartCount/PartCount
[LOG 18:26:30.586] Config(MEBASICNODE) SquadExpansion/MakingHistory/Nodes/VesselRecovery/TestVesselRecovery
[LOG 18:26:30.586] Config(MEBASICNODE) SquadExpansion/MakingHistory/Nodes/VesselStage/TestVesselStage
[LOG 18:26:30.586] Config(MEBASICNODE) SquadExpansion/MakingHistory/Nodes/VesselVelocity/VesselVelocity
[LOG 18:26:30.586] Config(PART) SquadExpansion/MakingHistory/Parts/Aero/protectiveRocketNoseMk16/rocketNoseCone_size4/rocketNoseConeSize4
[LOG 18:26:30.586] Config(PART) SquadExpansion/MakingHistory/Parts/Aero/protectiveRocketNoseMk5A/Size_1_5_Cone/Size_1_5_Cone
[LOG 18:26:30.586] Config(PART) SquadExpansion/MakingHistory/Parts/Coupling/Decoupler_1p5/Decoupler_1p5
[LOG 18:26:30.587] Config(PART) SquadExpansion/MakingHistory/Parts/Coupling/Decoupler_4/Decoupler_4
[LOG 18:26:30.587] Config(PART) SquadExpansion/MakingHistory/Parts/Coupling/EnginePlate_1p5/EnginePlate1p5
[LOG 18:26:30.587] Config(PART) SquadExpansion/MakingHistory/Parts/Coupling/EnginePlate_2/EnginePlate2
[LOG 18:26:30.587] Config(PART) SquadExpansion/MakingHistory/Parts/Coupling/EnginePlate_3/EnginePlate3
[LOG 18:26:30.587] Config(PART) SquadExpansion/MakingHistory/Parts/Coupling/EnginePlate_4/EnginePlate4
[LOG 18:26:30.587] Config(PART) SquadExpansion/MakingHistory/Parts/Coupling/EnginePlate_5/EnginePlate5
[LOG 18:26:30.587] Config(PART) SquadExpansion/MakingHistory/Parts/Coupling/InflatableAirlock/InflatableAirlock
[LOG 18:26:30.587] Config(PART) SquadExpansion/MakingHistory/Parts/Coupling/Separator_1p5/Separator_1p5
[LOG 18:26:30.587] Config(PART) SquadExpansion/MakingHistory/Parts/Coupling/Separator_4/Separator_4
[LOG 18:26:30.587] Config(PART) SquadExpansion/MakingHistory/Parts/Coupling/Size1p5_Strut_Decoupler/Size1p5_Strut_Decoupler
[LOG 18:26:30.587] Config(PART) SquadExpansion/MakingHistory/Parts/Engine/LiquidEngineKE-1/LiquidEngineKE-1
[LOG 18:26:30.587] Config(PART) SquadExpansion/MakingHistory/Parts/Engine/LiquidEngineLV-T91/LiquidEngineLV-T91
[LOG 18:26:30.587] Config(PART) SquadExpansion/MakingHistory/Parts/Engine/LiquidEngineLV-TX87/LiquidEngineLV-TX87
[LOG 18:26:30.587] Config(PART) SquadExpansion/MakingHistory/Parts/Engine/LiquidEngineRE-I2/LiquidEngineRE-I2
[LOG 18:26:30.587] Config(PART) SquadExpansion/MakingHistory/Parts/Engine/LiquidEngineRE-J10/LiquidEngineRE-J10
[LOG 18:26:30.587] Config(PART) SquadExpansion/MakingHistory/Parts/Engine/LiquidEngineRK-7/LiquidEngineRK-7
[LOG 18:26:30.587] Config(PART) SquadExpansion/MakingHistory/Parts/Engine/LiquidEngineRV-1/LiquidEngineRV-1
[LOG 18:26:30.587] Config(PART) SquadExpansion/MakingHistory/Parts/Engine/solidBoosterTHK/solidBoosterTHK/Pollux
[LOG 18:26:30.587] Config(PART) SquadExpansion/MakingHistory/Parts/FuelTank/MonoPropMini/monopropMiniSphere
[LOG 18:26:30.587] Config(PART) SquadExpansion/MakingHistory/Parts/FuelTank/Size1p5_Monoprop/Size1p5_Monoprop
[LOG 18:26:30.587] Config(PART) SquadExpansion/MakingHistory/Parts/FuelTank/Size1p5_Size0_Adapter_01/Size1p5_Size0_Adapter_01
[LOG 18:26:30.587] Config(PART) SquadExpansion/MakingHistory/Parts/FuelTank/Size1p5_Size1_Adapter_01/Size1p5_Size1_Adapter_01
[LOG 18:26:30.587] Config(PART) SquadExpansion/MakingHistory/Parts/FuelTank/Size1p5_Size1_Adapter_02/Size1p5_Size1_Adapter_02
[LOG 18:26:30.588] Config(PART) SquadExpansion/MakingHistory/Parts/FuelTank/Size1p5_Size2_Adapter_01/Size1p5_Size2_Adapter_01
[LOG 18:26:30.588] Config(PART) SquadExpansion/MakingHistory/Parts/FuelTank/Size1p5_Tank_01/Size1p5_Tank_01
[LOG 18:26:30.588] Config(PART) SquadExpansion/MakingHistory/Parts/FuelTank/Size1p5_Tank_02/Size1p5_Tank_02
[LOG 18:26:30.588] Config(PART) SquadExpansion/MakingHistory/Parts/FuelTank/Size1p5_Tank_03/Size1p5_Tank_03
[LOG 18:26:30.588] Config(PART) SquadExpansion/MakingHistory/Parts/FuelTank/Size1p5_Tank_04/Size1p5_Tank_04
[LOG 18:26:30.588] Config(PART) SquadExpansion/MakingHistory/Parts/FuelTank/Size1p5_Tank_05/Size1p5_Tank_05
[LOG 18:26:30.588] Config(PART) SquadExpansion/MakingHistory/Parts/FuelTank/Size3_Size4_Adapter_01/Size3_Size4_Adapter_01
[LOG 18:26:30.588] Config(PART) SquadExpansion/MakingHistory/Parts/FuelTank/Size4_EngineAdapter_01/Size4_EngineAdapter_01
[LOG 18:26:30.588] Config(PART) SquadExpansion/MakingHistory/Parts/FuelTank/Size4_Tank_01/Size4_Tank_01
[LOG 18:26:30.588] Config(PART) SquadExpansion/MakingHistory/Parts/FuelTank/Size4_Tank_02/Size4_Tank_02
[LOG 18:26:30.588] Config(PART) SquadExpansion/MakingHistory/Parts/FuelTank/Size4_Tank_03/Size4_Tank_03
[LOG 18:26:30.588] Config(PART) SquadExpansion/MakingHistory/Parts/FuelTank/Size4_Tank_04/Size4_Tank_04
[LOG 18:26:30.588] Config(PART) SquadExpansion/MakingHistory/Parts/Ground/RoverWheel/roverWheelM1-F
[LOG 18:26:30.588] Config(PART) SquadExpansion/MakingHistory/Parts/Payload/fairingSize1p5/fairingSize1p5
[LOG 18:26:30.588] Config(PART) SquadExpansion/MakingHistory/Parts/Payload/fairingSize4/fairingSize4
[LOG 18:26:30.588] Config(PART) SquadExpansion/MakingHistory/Parts/Payload/Size1to0ServiceModule/Size1to0ServiceModule
[LOG 18:26:30.588] Config(PART) SquadExpansion/MakingHistory/Parts/Payload/SM18/ServiceModule18
[LOG 18:26:30.588] Config(PART) SquadExpansion/MakingHistory/Parts/Payload/SM25/ServiceModule25
[LOG 18:26:30.588] Config(PART) SquadExpansion/MakingHistory/Parts/Pods/KV1Pod/kv1Pod
[LOG 18:26:30.588] Config(PART) SquadExpansion/MakingHistory/Parts/Pods/KV2Pod/kv2Pod
[LOG 18:26:30.588] Config(PART) SquadExpansion/MakingHistory/Parts/Pods/KV3Pod/kv3Pod
[LOG 18:26:30.588] Config(PART) SquadExpansion/MakingHistory/Parts/Pods/Mk2Pod/Mk2Pod
[LOG 18:26:30.588] Config(PART) SquadExpansion/MakingHistory/Parts/Pods/Size1_5_Lander/MEMLander
[LOG 18:26:30.588] Config(PART) SquadExpansion/MakingHistory/Parts/Prebuilt/kerbalEVAfemaleVintage/kerbalEVAfemaleVintage
[LOG 18:26:30.588] Config(PART) SquadExpansion/MakingHistory/Parts/Prebuilt/kerbalEVAVintage/kerbalEVAVintage
[LOG 18:26:30.589] Config(PART) SquadExpansion/MakingHistory/Parts/Structural/EquiTriangle0/EquiTriangle0
[LOG 18:26:30.589] Config(PART) SquadExpansion/MakingHistory/Parts/Structural/EquiTriangle1/EquiTriangle1
[LOG 18:26:30.589] Config(PART) SquadExpansion/MakingHistory/Parts/Structural/EquiTriangle1p5/EquiTriangle1p5
[LOG 18:26:30.589] Config(PART) SquadExpansion/MakingHistory/Parts/Structural/EquiTriangle2/EquiTriangle2
[LOG 18:26:30.589] Config(PART) SquadExpansion/MakingHistory/Parts/Structural/Panel0/Panel0
[LOG 18:26:30.589] Config(PART) SquadExpansion/MakingHistory/Parts/Structural/Panel1/Panel1
[LOG 18:26:30.589] Config(PART) SquadExpansion/MakingHistory/Parts/Structural/Panel1p5/Panel1p5
[LOG 18:26:30.589] Config(PART) SquadExpansion/MakingHistory/Parts/Structural/Panel2/Panel2
[LOG 18:26:30.589] Config(PART) SquadExpansion/MakingHistory/Parts/Structural/Triangle0/Triangle0
[LOG 18:26:30.589] Config(PART) SquadExpansion/MakingHistory/Parts/Structural/Triangle1/Triangle1
[LOG 18:26:30.589] Config(PART) SquadExpansion/MakingHistory/Parts/Structural/Triangle1p5/Triangle1p5
[LOG 18:26:30.589] Config(PART) SquadExpansion/MakingHistory/Parts/Structural/Triangle2/Triangle2
[LOG 18:26:30.589] Config(PART) SquadExpansion/MakingHistory/Parts/Structural/Tube1/Tube1
[LOG 18:26:30.589] Config(PART) SquadExpansion/MakingHistory/Parts/Structural/Tube1p5/Tube1p5
[LOG 18:26:30.589] Config(PART) SquadExpansion/MakingHistory/Parts/Structural/Tube2/Tube2
[LOG 18:26:30.589] Config(PART) SquadExpansion/MakingHistory/Parts/Structural/Tube3/Tube3
[LOG 18:26:30.589] Config(PART) SquadExpansion/MakingHistory/Parts/Structural/Tube4/Tube4
[LOG 18:26:30.589] Config(PART) SquadExpansion/MakingHistory/Parts/Thermal/HeatShield1p5/HeatShield1p5
[LOG 18:26:30.589] Config(PART) SquadExpansion/MakingHistory/Parts/Utility/flags/flagSize1p5/flagSize1p5/flagPartSize1p5
[LOG 18:26:30.589] Config(PART) SquadExpansion/MakingHistory/Parts/Utility/flags/flagSize4/flagSize4/flagPartSize4
[LOG 18:26:30.589] Config(INTERNAL) SquadExpansion/MakingHistory/Spaces/KVPods/Airlock_Internal/Airlock_IVA
[LOG 18:26:30.589] Config(INTERNAL) SquadExpansion/MakingHistory/Spaces/KVPods/KV1_Internal/KV1_IVA
[LOG 18:26:30.589] Config(INTERNAL) SquadExpansion/MakingHistory/Spaces/KVPods/KV2_Internal/KV2_IVA
[LOG 18:26:30.589] Config(INTERNAL) SquadExpansion/MakingHistory/Spaces/KVPods/KV3_Internal/KV3_IVA
[LOG 18:26:30.589] Config(INTERNAL) SquadExpansion/MakingHistory/Spaces/MEM/MEM_IVA/MEM_IVA
[LOG 18:26:30.589] Config(INTERNAL) SquadExpansion/MakingHistory/Spaces/Mk2Pod/Mk2Pod_Internal/MK2POD_IVA
[LOG 18:26:30.590] Config(Contracts) SquadExpansion/Serenity/Contracts/contracts/Contracts
[LOG 18:26:30.590] Config(EXPERIENCE_TRAIT) SquadExpansion/Serenity/Experience/Traits/Engineer
[LOG 18:26:30.590] Config(EXPERIENCE_TRAIT) SquadExpansion/Serenity/Experience/Traits/Scientist
[LOG 18:26:30.590] Config(Localization) SquadExpansion/Serenity/Localization/dictionary/Localization
[LOG 18:26:30.590] Config(PART) SquadExpansion/Serenity/Parts/Aero/FanShroud_01/FanShroud_01
[LOG 18:26:30.590] Config(PART) SquadExpansion/Serenity/Parts/Aero/FanShroud_02/FanShroud_02
[LOG 18:26:30.590] Config(PART) SquadExpansion/Serenity/Parts/Aero/FanShroud_03/FanShroud_03
[LOG 18:26:30.590] Config(PART) SquadExpansion/Serenity/Parts/Aero/noseconeTiny/noseconeTiny
[LOG 18:26:30.590] Config(PART) SquadExpansion/Serenity/Parts/Aero/noseconeVS/noseconeVS
[LOG 18:26:30.590] Config(PART) SquadExpansion/Serenity/Parts/DeployedScience/centralStation/DeployedCentralStation
[LOG 18:26:30.590] Config(PART) SquadExpansion/Serenity/Parts/DeployedScience/gooObservation/DeployedGoExOb
[LOG 18:26:30.590] Config(PART) SquadExpansion/Serenity/Parts/DeployedScience/ionCollector/DeployedIONExp
[LOG 18:26:30.590] Config(PART) SquadExpansion/Serenity/Parts/DeployedScience/rtg/DeployedRTG
[LOG 18:26:30.590] Config(PART) SquadExpansion/Serenity/Parts/DeployedScience/satDish/DeployedSatDish
[LOG 18:26:30.590] Config(PART) SquadExpansion/Serenity/Parts/DeployedScience/seismicSensor/DeployedSeismicSensor
[LOG 18:26:30.590] Config(PART) SquadExpansion/Serenity/Parts/DeployedScience/solarPanel/DeployedSolarPanel
[LOG 18:26:30.590] Config(PART) SquadExpansion/Serenity/Parts/DeployedScience/weatherStation/DeployedWeatherStn
[LOG 18:26:30.590] Config(PART) SquadExpansion/Serenity/Parts/Prebuilt/kerbalEVA/kerbalEVA
[LOG 18:26:30.590] Config(PART) SquadExpansion/Serenity/Parts/Prebuilt/kerbalEVAfemale/kerbalEVAfemale
[LOG 18:26:30.590] Config(PART) SquadExpansion/Serenity/Parts/Prebuilt/kerbalEVAfemaleFuture/kerbalEVAfemaleFuture
[LOG 18:26:30.590] Config(PART) SquadExpansion/Serenity/Parts/Prebuilt/kerbalEVAfemaleVintage/kerbalEVAfemaleVintage
[LOG 18:26:30.590] Config(PART) SquadExpansion/Serenity/Parts/Prebuilt/kerbalEVAFuture/kerbalEVAFuture
[LOG 18:26:30.590] Config(PART) SquadExpansion/Serenity/Parts/Prebuilt/kerbalEVASlimSuit/kerbalEVASlimSuit
[LOG 18:26:30.590] Config(PART) SquadExpansion/Serenity/Parts/Prebuilt/kerbalEVASlimSuitFemale/kerbalEVASlimSuitFemale
[LOG 18:26:30.590] Config(PART) SquadExpansion/Serenity/Parts/Prebuilt/kerbalEVAVintage/kerbalEVAVintage
[LOG 18:26:30.590] Config(PART) SquadExpansion/Serenity/Parts/Propellers/largeFanBlade/largeFanBlade
[LOG 18:26:30.590] Config(PART) SquadExpansion/Serenity/Parts/Propellers/largeHeliBlade/largeHeliBlade
[LOG 18:26:30.591] Config(PART) SquadExpansion/Serenity/Parts/Propellers/largePropeller/largePropeller
[LOG 18:26:30.591] Config(PART) SquadExpansion/Serenity/Parts/Propellers/mediumFanBlade/mediumFanBlade
[LOG 18:26:30.591] Config(PART) SquadExpansion/Serenity/Parts/Propellers/mediumHeliBlade/mediumHeliBlade
[LOG 18:26:30.591] Config(PART) SquadExpansion/Serenity/Parts/Propellers/mediumPropeller/mediumPropeller
[LOG 18:26:30.591] Config(PART) SquadExpansion/Serenity/Parts/Propellers/smallFanBlade/smallFanBlade
[LOG 18:26:30.591] Config(PART) SquadExpansion/Serenity/Parts/Propellers/smallHeliBlade/smallHeliBlade
[LOG 18:26:30.591] Config(PART) SquadExpansion/Serenity/Parts/Propellers/smallPropeller/smallPropeller
[LOG 18:26:30.591] Config(PART) SquadExpansion/Serenity/Parts/Robotics/hinge_01/hinge_01
[LOG 18:26:30.591] Config(PART) SquadExpansion/Serenity/Parts/Robotics/hinge_01_s/hinge_01_s
[LOG 18:26:30.591] Config(PART) SquadExpansion/Serenity/Parts/Robotics/hinge_03/hinge_03
[LOG 18:26:30.591] Config(PART) SquadExpansion/Serenity/Parts/Robotics/hinge_03_s/hinge_03_s
[LOG 18:26:30.591] Config(PART) SquadExpansion/Serenity/Parts/Robotics/hinge_04/hinge_04
[LOG 18:26:30.591] Config(PART) SquadExpansion/Serenity/Parts/Robotics/piston_01/piston_01
[LOG 18:26:30.591] Config(PART) SquadExpansion/Serenity/Parts/Robotics/piston_02/piston_02
[LOG 18:26:30.591] Config(PART) SquadExpansion/Serenity/Parts/Robotics/piston_03/piston_03
[LOG 18:26:30.591] Config(PART) SquadExpansion/Serenity/Parts/Robotics/piston_04/piston_04
[LOG 18:26:30.591] Config(PART) SquadExpansion/Serenity/Parts/Robotics/RotorEngine_02/RotorEngine_02
[LOG 18:26:30.591] Config(PART) SquadExpansion/Serenity/Parts/Robotics/RotorEngine_03/RotorEngine_03
[LOG 18:26:30.591] Config(PART) SquadExpansion/Serenity/Parts/Robotics/rotor_01/rotor_01
[LOG 18:26:30.591] Config(PART) SquadExpansion/Serenity/Parts/Robotics/rotor_01s/rotor_01s
[LOG 18:26:30.591] Config(PART) SquadExpansion/Serenity/Parts/Robotics/rotor_02/rotor_02
[LOG 18:26:30.591] Config(PART) SquadExpansion/Serenity/Parts/Robotics/rotor_02s/rotor_02s
[LOG 18:26:30.591] Config(PART) SquadExpansion/Serenity/Parts/Robotics/rotor_03/rotor_03
[LOG 18:26:30.591] Config(PART) SquadExpansion/Serenity/Parts/Robotics/rotor_03s/rotor_03s
[LOG 18:26:30.591] Config(PART) SquadExpansion/Serenity/Parts/Robotics/rotoServo_00/rotoServo_00
[LOG 18:26:30.591] Config(PART) SquadExpansion/Serenity/Parts/Robotics/rotoServo_02/rotoServo_02
[LOG 18:26:30.591] Config(PART) SquadExpansion/Serenity/Parts/Robotics/rotoServo_03/rotoServo_03
[LOG 18:26:30.592] Config(PART) SquadExpansion/Serenity/Parts/Robotics/rotoServo_04/rotoServo_04
[LOG 18:26:30.592] Config(PART) SquadExpansion/Serenity/Parts/Robotics/Controllers/KAL1000/controller1000
[LOG 18:26:30.592] Config(PART) SquadExpansion/Serenity/Parts/Science/RobotArmScanner/RobotArmScanner_S1/RobotArmScanner_S1
[LOG 18:26:30.592] Config(PART) SquadExpansion/Serenity/Parts/Science/RobotArmScanner/RobotArmScanner_S2/RobotArmScanner_S2
[LOG 18:26:30.592] Config(PART) SquadExpansion/Serenity/Parts/Science/RobotArmScanner/RobotArmScanner_S3/RobotArmScanner_S3
[LOG 18:26:30.592] Config(PART) SquadExpansion/Serenity/Parts/Structural/gripPads/lGripPad/lGripPad
[LOG 18:26:30.592] Config(PART) SquadExpansion/Serenity/Parts/Structural/gripPads/lGripStrip/lGripStrip
[LOG 18:26:30.592] Config(PART) SquadExpansion/Serenity/Parts/Structural/gripPads/mGripPad/mGripPad
[LOG 18:26:30.592] Config(PART) SquadExpansion/Serenity/Parts/Structural/gripPads/sGripPad/sGripPad
[LOG 18:26:30.592] Config(PART) SquadExpansion/Serenity/Parts/Structural/gripPads/sGripStrip/sGripStrip
[LOG 18:26:30.592] Config(DEPLOYEDSCIENCE) SquadExpansion/Serenity/Resources/DeployedScience/DEPLOYEDSCIENCE
[LOG 18:26:30.592] Config(PHYSICMATERIAL_DEFINITION) SquadExpansion/Serenity/Resources/PhysicsMaterials/MediumGrip
[LOG 18:26:30.592] Config(PHYSICMATERIAL_DEFINITION) SquadExpansion/Serenity/Resources/PhysicsMaterials/HighGrip
[LOG 18:26:30.592] Config(PHYSICMATERIAL_DEFINITION) SquadExpansion/Serenity/Resources/PhysicsMaterials/ExtremeGrip
[LOG 18:26:30.592] Config(PHYSICMATERIAL_DEFINITION) SquadExpansion/Serenity/Resources/PhysicsMaterials/LowGrip
[LOG 18:26:30.592] Config(PHYSICMATERIAL_DEFINITION) SquadExpansion/Serenity/Resources/PhysicsMaterials/Default
[LOG 18:26:30.592] Config(ROC_DEFINITION) SquadExpansion/Serenity/Resources/rocsdef/ROC_DEFINITION
[LOG 18:26:30.592] Config(ROC_DEFINITION) SquadExpansion/Serenity/Resources/rocsdef/ROC_DEFINITION
[LOG 18:26:30.592] Config(ROC_DEFINITION) SquadExpansion/Serenity/Resources/rocsdef/ROC_DEFINITION
[LOG 18:26:30.592] Config(ROC_DEFINITION) SquadExpansion/Serenity/Resources/rocsdef/ROC_DEFINITION
[LOG 18:26:30.592] Config(ROC_DEFINITION) SquadExpansion/Serenity/Resources/rocsdef/ROC_DEFINITION
[LOG 18:26:30.592] Config(ROC_DEFINITION) SquadExpansion/Serenity/Resources/rocsdef/ROC_DEFINITION
[LOG 18:26:30.592] Config(ROC_DEFINITION) SquadExpansion/Serenity/Resources/rocsdef/ROC_DEFINITION
[LOG 18:26:30.592] Config(ROC_DEFINITION) SquadExpansion/Serenity/Resources/rocsdef/ROC_DEFINITION
[LOG 18:26:30.592] Config(ROC_DEFINITION) SquadExpansion/Serenity/Resources/rocsdef/ROC_DEFINITION
[LOG 18:26:30.592] Config(ROC_DEFINITION) SquadExpansion/Serenity/Resources/rocsdef/ROC_DEFINITION
[LOG 18:26:30.592] Config(ROC_DEFINITION) SquadExpansion/Serenity/Resources/rocsdef/ROC_DEFINITION
[LOG 18:26:30.592] Config(ROC_DEFINITION) SquadExpansion/Serenity/Resources/rocsdef/ROC_DEFINITION
[LOG 18:26:30.592] Config(ROC_DEFINITION) SquadExpansion/Serenity/Resources/rocsdef/ROC_DEFINITION
[LOG 18:26:30.593] Config(ROC_DEFINITION) SquadExpansion/Serenity/Resources/rocsdef/ROC_DEFINITION
[LOG 18:26:30.593] Config(ROC_DEFINITION) SquadExpansion/Serenity/Resources/rocsdef/ROC_DEFINITION
[LOG 18:26:30.593] Config(ROC_DEFINITION) SquadExpansion/Serenity/Resources/rocsdef/ROC_DEFINITION
[LOG 18:26:30.593] Config(ROC_DEFINITION) SquadExpansion/Serenity/Resources/rocsdef/ROC_DEFINITION
[LOG 18:26:30.593] Config(ROC_DEFINITION) SquadExpansion/Serenity/Resources/rocsdef/ROC_DEFINITION
[LOG 18:26:30.593] Config(ROC_DEFINITION) SquadExpansion/Serenity/Resources/rocsdef/ROC_DEFINITION
[LOG 18:26:30.593] Config(ROC_DEFINITION) SquadExpansion/Serenity/Resources/rocsdef/ROC_DEFINITION
[LOG 18:26:30.593] Config(ROC_DEFINITION) SquadExpansion/Serenity/Resources/rocsdef/ROC_DEFINITION
[LOG 18:26:30.593] Config(ROC_DEFINITION) SquadExpansion/Serenity/Resources/rocsdef/ROC_DEFINITION
[LOG 18:26:30.593] Config(ROC_DEFINITION) SquadExpansion/Serenity/Resources/rocsdef/ROC_DEFINITION
[LOG 18:26:30.593] Config(ROC_DEFINITION) SquadExpansion/Serenity/Resources/rocsdef/ROC_DEFINITION
[LOG 18:26:30.593] Config(ROC_DEFINITION) SquadExpansion/Serenity/Resources/rocsdef/ROC_DEFINITION
[LOG 18:26:30.593] Config(ROC_DEFINITION) SquadExpansion/Serenity/Resources/rocsdef/ROC_DEFINITION
[LOG 18:26:30.593] Config(ROC_DEFINITION) SquadExpansion/Serenity/Resources/rocsdef/ROC_DEFINITION
[LOG 18:26:30.593] Config(ROC_DEFINITION) SquadExpansion/Serenity/Resources/rocsdef/ROC_DEFINITION
[LOG 18:26:30.593] Config(ROC_DEFINITION) SquadExpansion/Serenity/Resources/rocsdef/ROC_DEFINITION
[LOG 18:26:30.593] Config(ROC_DEFINITION) SquadExpansion/Serenity/Resources/rocsdef/ROC_DEFINITION
[LOG 18:26:30.593] Config(ROC_DEFINITION) SquadExpansion/Serenity/Resources/rocsdef/ROC_DEFINITION
[LOG 18:26:30.593] Config(ROC_DEFINITION) SquadExpansion/Serenity/Resources/rocsdef/ROC_DEFINITION
[LOG 18:26:30.593] Config(ROC_DEFINITION) SquadExpansion/Serenity/Resources/rocsdef/ROC_DEFINITION
[LOG 18:26:30.593] Config(ROC_DEFINITION) SquadExpansion/Serenity/Resources/rocsdef/ROC_DEFINITION
[LOG 18:26:30.593] Config(EXPERIMENT_DEFINITION) SquadExpansion/Serenity/Resources/ScienceDefs/EXPERIMENT_DEFINITION
[LOG 18:26:30.593] Config(EXPERIMENT_DEFINITION) SquadExpansion/Serenity/Resources/ScienceDefs/EXPERIMENT_DEFINITION
[LOG 18:26:30.593] Config(EXPERIMENT_DEFINITION) SquadExpansion/Serenity/Resources/ScienceDefs/EXPERIMENT_DEFINITION
[LOG 18:26:30.593] Config(EXPERIMENT_DEFINITION) SquadExpansion/Serenity/Resources/ScienceDefs/EXPERIMENT_DEFINITION
[LOG 18:26:30.593] Config(EXPERIMENT_DEFINITION) SquadExpansion/Serenity/Resources/ScienceDefs/EXPERIMENT_DEFINITION
[LOG 18:26:30.593] Config(EXPERIMENT_DEFINITION) SquadExpansion/Serenity/Resources/ScienceDefs/EXPERIMENT_DEFINITION
[LOG 18:26:30.593] Config(EXPERIMENT_DEFINITION) SquadExpansion/Serenity/Resources/ScienceDefs/EXPERIMENT_DEFINITION
[LOG 18:26:30.593] Config(EXPERIMENT_DEFINITION) SquadExpansion/Serenity/Resources/ScienceDefs/EXPERIMENT_DEFINITION
[LOG 18:26:30.593] Config(EXPERIMENT_DEFINITION) SquadExpansion/Serenity/Resources/ScienceDefs/EXPERIMENT_DEFINITION
[LOG 18:26:30.593] Config(EXPERIMENT_DEFINITION) SquadExpansion/Serenity/Resources/ScienceDefs/EXPERIMENT_DEFINITION
[LOG 18:26:30.594] Config(EXPERIMENT_DEFINITION) SquadExpansion/Serenity/Resources/ScienceDefs/EXPERIMENT_DEFINITION
[LOG 18:26:30.594] Config(EXPERIMENT_DEFINITION) SquadExpansion/Serenity/Resources/ScienceDefs/EXPERIMENT_DEFINITION
[LOG 18:26:30.594] Config(EXPERIMENT_DEFINITION) SquadExpansion/Serenity/Resources/ScienceDefs/EXPERIMENT_DEFINITION
[LOG 18:26:30.594] Config(EXPERIMENT_DEFINITION) SquadExpansion/Serenity/Resources/ScienceDefs/EXPERIMENT_DEFINITION
[LOG 18:26:30.594] Config(EXPERIMENT_DEFINITION) SquadExpansion/Serenity/Resources/ScienceDefs/EXPERIMENT_DEFINITION
[LOG 18:26:30.594] Config(EXPERIMENT_DEFINITION) SquadExpansion/Serenity/Resources/ScienceDefs/EXPERIMENT_DEFINITION
[LOG 18:26:30.594] Config(EXPERIMENT_DEFINITION) SquadExpansion/Serenity/Resources/ScienceDefs/EXPERIMENT_DEFINITION
[LOG 18:26:30.594] Config(EXPERIMENT_DEFINITION) SquadExpansion/Serenity/Resources/ScienceDefs/EXPERIMENT_DEFINITION
[LOG 18:26:30.594] Config(EXPERIMENT_DEFINITION) SquadExpansion/Serenity/Resources/ScienceDefs/EXPERIMENT_DEFINITION
[LOG 18:26:30.594] Config(EXPERIMENT_DEFINITION) SquadExpansion/Serenity/Resources/ScienceDefs/EXPERIMENT_DEFINITION
[LOG 18:26:30.594] Config(EXPERIMENT_DEFINITION) SquadExpansion/Serenity/Resources/ScienceDefs/EXPERIMENT_DEFINITION
[LOG 18:26:30.594] Config(EXPERIMENT_DEFINITION) SquadExpansion/Serenity/Resources/ScienceDefs/EXPERIMENT_DEFINITION
[LOG 18:26:30.594] Config(EXPERIMENT_DEFINITION) SquadExpansion/Serenity/Resources/ScienceDefs/EXPERIMENT_DEFINITION
[LOG 18:26:30.594] Config(EXPERIMENT_DEFINITION) SquadExpansion/Serenity/Resources/ScienceDefs/EXPERIMENT_DEFINITION
[LOG 18:26:30.594] Config(EXPERIMENT_DEFINITION) SquadExpansion/Serenity/Resources/ScienceDefs/EXPERIMENT_DEFINITION
[LOG 18:26:30.594] Config(EXPERIMENT_DEFINITION) SquadExpansion/Serenity/Resources/ScienceDefs/EXPERIMENT_DEFINITION
[LOG 18:26:30.594] Config(EXPERIMENT_DEFINITION) SquadExpansion/Serenity/Resources/ScienceDefs/EXPERIMENT_DEFINITION
[LOG 18:26:30.594] Config(EXPERIMENT_DEFINITION) SquadExpansion/Serenity/Resources/ScienceDefs/EXPERIMENT_DEFINITION
[LOG 18:26:30.594] Config(EXPERIMENT_DEFINITION) SquadExpansion/Serenity/Resources/ScienceDefs/EXPERIMENT_DEFINITION
[LOG 18:26:30.594] Config(EXPERIMENT_DEFINITION) SquadExpansion/Serenity/Resources/ScienceDefs/EXPERIMENT_DEFINITION
[LOG 18:26:30.594] Config(EXPERIMENT_DEFINITION) SquadExpansion/Serenity/Resources/ScienceDefs/EXPERIMENT_DEFINITION
[LOG 18:26:30.594] Config(EXPERIMENT_DEFINITION) SquadExpansion/Serenity/Resources/ScienceDefs/EXPERIMENT_DEFINITION
[LOG 18:26:30.594] Config(EXPERIMENT_DEFINITION) SquadExpansion/Serenity/Resources/ScienceDefs/EXPERIMENT_DEFINITION
[LOG 18:26:30.594] Config(EXPERIMENT_DEFINITION) SquadExpansion/Serenity/Resources/ScienceDefs/EXPERIMENT_DEFINITION
[LOG 18:26:30.594] Config(EXPERIMENT_DEFINITION) SquadExpansion/Serenity/Resources/ScienceDefs/EXPERIMENT_DEFINITION
[LOG 18:26:30.594] Config(EXPERIMENT_DEFINITION) SquadExpansion/Serenity/Resources/ScienceDefs/EXPERIMENT_DEFINITION
[LOG 18:26:30.594] Config(EXPERIMENT_DEFINITION) SquadExpansion/Serenity/Resources/ScienceDefs/EXPERIMENT_DEFINITION
[LOG 18:26:30.594] Config(EXPERIMENT_DEFINITION) SquadExpansion/Serenity/Resources/ScienceDefs/EXPERIMENT_DEFINITION
[LOG 18:26:30.594] Config(STORY_DEF) SquadExpansion/Serenity/Resources/StoryDefs/STORY_DEF
[LOG 18:26:30.594] Compiling Configs Completed.
[LOG 18:26:30.597] Resource LiquidFuel added to database
[LOG 18:26:30.597] Resource Oxidizer added to database
[LOG 18:26:30.597] Resource SolidFuel added to database
[LOG 18:26:30.597] Resource MonoPropellant added to database
[LOG 18:26:30.597] Resource XenonGas added to database
[LOG 18:26:30.597] Resource ElectricCharge added to database
[LOG 18:26:30.598] Resource IntakeAir added to database
[LOG 18:26:30.598] Resource EVA Propellant added to database
[LOG 18:26:30.598] Resource Ore added to database
[LOG 18:26:30.598] Resource Ablator added to database
[LOG 18:26:30.599] Resource MediumGrip added to database
[LOG 18:26:30.599] Resource HighGrip added to database
[LOG 18:26:30.599] Resource ExtremeGrip added to database
[LOG 18:26:30.599] Resource LowGrip added to database
[LOG 18:26:30.599] Resource Default added to database
[LOG 18:26:30.599] CodeAssetLoader: Compiling all code assets
[LOG 18:26:30.604] ExperienceSystemConfig: Added Effect 'DeployedSciencePowerSkill' to Trait 'Ingénieur'
[LOG 18:26:30.604] ExperienceSystemConfig: Added Effect 'DeployedScienceExpSkill' to Trait 'Scientifique'
[LOG 18:26:30.610] ConfigNode[]
[LOG 18:26:30.610] GameDatabase: Assets loaded in 7.541s
[LOG 18:26:30.611] [ModuleManager] Waited 0.000s for patching to finish
[LOG 18:26:30.611] [ModuleManager] Applying patched game database
[LOG 18:26:30.613] [ModuleManager] Dumping ModuleManager log to main log
[LOG 18:26:30.614] [ModuleManager] 
#### BEGIN MODULEMANAGER LOG ####


[LOG 18:26:24.543] Log started at 2026-10-04 18:26:24.543
[LOG 18:26:26.751] Checking Cache
[LOG 18:26:27.083] SHA generated in 0.330s
[LOG 18:26:27.083]       SHA = CE-CD-F5-69-43-FB-B1-E3-AB-1C-70-2A-BD-62-0F-18-20-EF-5D-95-BA-55-AB-F4-C3-04-50-69-1D-01-CD-78
[LOG 18:26:27.100] Cache SHA = B9-94-53-39-E9-C4-2D-46-09-EF-D0-53-11-A5-5A-44-18-22-42-EF-A9-FC-EE-51-B5-AD-D6-91-11-97-88-AA
[LOG 18:26:27.100] useCache = False
[LOG 18:26:27.100] Pre patch init
[LOG 18:26:27.334] compiling list of loaded mods...
Mod DLLs found:
  Name                                    Assembly Version         Assembly File Version    KSPAssembly Version      SHA256

  Assembly-CSharp                         0.0.0.0                  0.0.0.0                  1.12                     d9e42483f25ee80a9c11d6c1c0a0d29b4ec78c1e08d76c971b71580c9cce51e4
  ModuleManager                           4.2.3.0                  4.2.3.0                  2.5                      95847827ab293b9e82a19b7efb97ffea3e98cc03b181862536ac8eb572e30d7d
  0Harmony                                2.2.1.0                  2.2.1.0                                           19ce60ac3280f72ec1751d36a40cb7e2fece2934df8345969dc7feb83bd633e4
  HarmonyInstallChecker                   2.2.1.0                  2.2.1.0                  1.0                      f11e659e91a52c21c5bda78e52b82a7bdc246bcab6a999733af3c69a11a9dc0e
  KsmUI                                   1.0.0.0                  1.0.0.0                                           fbf356d7d4aaf312f8d5c7d11c6cbaa86fc08cc91d595baabaccdebed8d3127c
  0_MultipleModuleInPartAPI               1.0.0.0                  1.0.0.0                  1.0                      df4a22fb0535de7fa154ca234b50dd7c2fc6be879e4a877d9bad1f87bafafcbf
  KSPCommunityFixes                       1.41.0.0                 1.41.1.0                 1.41                     e08ebbec7ab34f4f7ff56d6e900051bb0d259a4bc092881d7db3ca2f9f2e9a11
  KSPProfiler                             1.0.0.0                  1.0.0.0                                           ba87d51f63f3f7e0dd942e06ab088fd9eac52367f7d378459502fb01b7c0569a
Non-DLL mods added (:FOR[xxx]):
Mods by directory (sub directories of GameData):
  000_Harmony
  Squad
  SquadExpansion
Mods added by assemblies:

[LOG 18:26:27.335] Loading Physics.cfg
[LOG 18:26:27.338] Extracting patches
[LOG 18:26:27.357] Deleting root node in file KSPCommunityFixes/MMPatches/ModSupport/FixDockingNodes node: @PART[*]:HAS[@MODULE[ModuleDockingNodeFixed]]:NEEDS[FixDockingNodes]:FINAL as it can't satisfy its NEEDS
[LOG 18:26:27.359] Deleting root node in file KSPCommunityFixes/MMPatches/ModSupport/KSPRecall node: @KSP_COMMUNITY_FIXES:NEEDS[AttachedOnEditor] as it can't satisfy its NEEDS
[LOG 18:26:27.359] Deleting root node in file KSPCommunityFixes/MMPatches/ModSupport/UniversalStorage node: @KSP_COMMUNITY_FIXES:NEEDS[UniversalStorage2] as it can't satisfy its NEEDS
[LOG 18:26:27.464] Applying patches
[LOG 18:26:27.467] :INSERT (initial) pass
[LOG 18:26:27.564] :FIRST pass
[LOG 18:26:27.572] Applying update KSPCommunityFixes/MMPatches/StockTweaks/LadderToggleableLight/@PART[telescopicLadderBay]:FIRST to Squad/Parts/Utility/ladderTelescopicBay/ladderTelescopicBay.cfg/PART[telescopicLadderBay]
[LOG 18:26:27.617] Applying update KSPCommunityFixes/MMPatches/StockTweaks/LadderToggleableLight/@PART[telescopicLadderBay]:HAS[#LadderToggleableLight[?rue]]:FIRST to Squad/Parts/Utility/ladderTelescopicBay/ladderTelescopicBay.cfg/PART[telescopicLadderBay]
[LOG 18:26:27.619] Applying update KSPCommunityFixes/MMPatches/StockTweaks/LadderToggleableLight/@PART[telescopicLadderBay]:HAS[#LadderToggleableLight]:FIRST to Squad/Parts/Utility/ladderTelescopicBay/ladderTelescopicBay.cfg/PART[telescopicLadderBay]
[LOG 18:26:27.621] Applying update KSPCommunityFixes/MMPatches/StockTweaks/LandingGearLights/@PART[GearSmall]:FIRST to Squad/Parts/Wheel/LandingGear/GearMedium.cfg/PART[GearSmall]
[LOG 18:26:27.625] Applying update KSPCommunityFixes/MMPatches/StockTweaks/LandingGearLights/@PART[SmallGearBay]:FIRST to Squad/Parts/Wheel/LandingGear/GearSmall.cfg/PART[SmallGearBay]
[LOG 18:26:27.626] :LEGACY (default) pass
[LOG 18:26:27.630] :BEFORE[0_MULTIPLEMODULEINPARTAPI] pass
[LOG 18:26:27.635] :FOR[0_MULTIPLEMODULEINPARTAPI] pass
[LOG 18:26:27.635] :AFTER[0_MULTIPLEMODULEINPARTAPI] pass
[LOG 18:26:27.635] :BEFORE[000_HARMONY] pass
[LOG 18:26:27.635] :FOR[000_HARMONY] pass
[LOG 18:26:27.635] :AFTER[000_HARMONY] pass
[LOG 18:26:27.635] :BEFORE[0HARMONY] pass
[LOG 18:26:27.635] :FOR[0HARMONY] pass
[LOG 18:26:27.635] :AFTER[0HARMONY] pass
[LOG 18:26:27.635] :BEFORE[ASSEMBLY-CSHARP] pass
[LOG 18:26:27.635] :FOR[ASSEMBLY-CSHARP] pass
[LOG 18:26:27.635] :AFTER[ASSEMBLY-CSHARP] pass
[LOG 18:26:27.635] :BEFORE[HARMONYINSTALLCHECKER] pass
[LOG 18:26:27.635] :FOR[HARMONYINSTALLCHECKER] pass
[LOG 18:26:27.635] :AFTER[HARMONYINSTALLCHECKER] pass
[LOG 18:26:27.635] :BEFORE[KSMUI] pass
[LOG 18:26:27.635] :FOR[KSMUI] pass
[LOG 18:26:27.635] :AFTER[KSMUI] pass
[LOG 18:26:27.635] :BEFORE[KSPCOMMUNITYFIXES] pass
[LOG 18:26:27.635] :FOR[KSPCOMMUNITYFIXES] pass
[LOG 18:26:27.635] Applying update KSPCommunityFixes/MMPatches/StockTweaks/ManufacturerFixes/@PART[sasModule]:FOR[KSPCommunityFixes] to Squad/Parts/Command/inlineReactionWheel/inlineReactionWheel.cfg/PART[sasModule]
[LOG 18:26:27.636] Applying update KSPCommunityFixes/MMPatches/StockTweaks/ManufacturerFixes/@PART[xenonTankRadial]:FOR[KSPCommunityFixes] to Squad/Parts/FuelTank/xenonTankRadial/xenonTankRadial.cfg/PART[xenonTankRadial]
[LOG 18:26:27.637] Applying update KSPCommunityFixes/MMPatches/StockTweaks/ManufacturerFixes/@PART[winglet|fireworksLauncherSmall|fireworksLauncherBig]:FOR[KSPCommunityFixes] to Squad/Parts/Aero/wingletAV-T1/wingletAV-T1.cfg/PART[winglet]
[LOG 18:26:27.638] Applying update KSPCommunityFixes/MMPatches/StockTweaks/ManufacturerFixes/@PART[winglet|fireworksLauncherSmall|fireworksLauncherBig]:FOR[KSPCommunityFixes] to Squad/Parts/Utility/Fireworks/fireworksLauncherBig.cfg/PART[fireworksLauncherBig]
[LOG 18:26:27.638] Applying update KSPCommunityFixes/MMPatches/StockTweaks/ManufacturerFixes/@PART[winglet|fireworksLauncherSmall|fireworksLauncherBig]:FOR[KSPCommunityFixes] to Squad/Parts/Utility/Fireworks/fireworksLauncherSmall.cfg/PART[fireworksLauncherSmall]
[LOG 18:26:27.639] Applying update KSPCommunityFixes/MMPatches/StockTweaks/ManufacturerFixes/@PART[solidBooster_sm_v2|solidBooster_v2]:FOR[KSPCommunityFixes] to Squad/Parts/Engine/Size1_SRBs/solidBoosterRT-10_v2.cfg/PART[solidBooster_v2]
[LOG 18:26:27.639] Applying update KSPCommunityFixes/MMPatches/StockTweaks/ManufacturerFixes/@PART[solidBooster_sm_v2|solidBooster_v2]:FOR[KSPCommunityFixes] to Squad/Parts/Engine/Size1_SRBs/solidBoosterRT-5_v2.cfg/PART[solidBooster_sm_v2]
[LOG 18:26:27.641] Applying update KSPCommunityFixes/MMPatches/StockTweaks/ManufacturerFixes/@PART[ServiceBay_125_v2|ServiceBay_250_v2]:FOR[KSPCommunityFixes] to Squad/Parts/Utility/ServiceBay_v2/ServiceBay_125_v2.cfg/PART[ServiceBay_125_v2]
[LOG 18:26:27.641] Applying update KSPCommunityFixes/MMPatches/StockTweaks/ManufacturerFixes/@PART[ServiceBay_125_v2|ServiceBay_250_v2]:FOR[KSPCommunityFixes] to Squad/Parts/Utility/ServiceBay_v2/ServiceBay_250_v2.cfg/PART[ServiceBay_250_v2]
[LOG 18:26:27.641] Applying update KSPCommunityFixes/MMPatches/StockTweaks/ManufacturerFixes/@PART[externalTankCapsule]:FOR[KSPCommunityFixes] to Squad/Parts/FuelTank/FoilTanks/RadialTank_Capsule.cfg/PART[externalTankCapsule]
[LOG 18:26:27.643] Applying update KSPCommunityFixes/MMPatches/StockTweaks/ManufacturerFixes/@PART[RCSFuelTank|rcsTankMini|RCSTank1-2]:FOR[KSPCommunityFixes] to Squad/Parts/FuelTank/RCSFuelTankR1/RCSFuelTankR1.cfg/PART[RCSTank1-2]
[LOG 18:26:27.643] Applying update KSPCommunityFixes/MMPatches/StockTweaks/ManufacturerFixes/@PART[RCSFuelTank|rcsTankMini|RCSTank1-2]:FOR[KSPCommunityFixes] to Squad/Parts/FuelTank/RCSFuelTankR10/RCSFuelTankR10.cfg/PART[rcsTankMini]
[LOG 18:26:27.643] Applying update KSPCommunityFixes/MMPatches/StockTweaks/ManufacturerFixes/@PART[RCSFuelTank|rcsTankMini|RCSTank1-2]:FOR[KSPCommunityFixes] to Squad/Parts/FuelTank/RCSFuelTankR25/RCSFuelTankR25.cfg/PART[RCSFuelTank]
[LOG 18:26:27.644] Applying update KSPCommunityFixes/MMPatches/StockTweaks/ManufacturerFixes/@PART[landerCabinSmall]:FOR[KSPCommunityFixes] to Squad/Parts/Command/mk1LanderCan/mk1LanderCan.cfg/PART[landerCabinSmall]
[LOG 18:26:27.646] Applying update KSPCommunityFixes/MMPatches/StockTweaks/ManufacturerFixes/@PART[dockingPortLateral]:FOR[KSPCommunityFixes] to Squad/Parts/Utility/dockingPortInline/dockingPortInline.cfg/PART[dockingPortLateral]
[LOG 18:26:27.656] Applying update KSPCommunityFixes/MMPatches/StockTweaks/ManufacturerFixes/@PART[EnginePlate4]:FOR[KSPCommunityFixes]:NEEDS[SquadExpansion/MakingHistory] to SquadExpansion/MakingHistory/Parts/Coupling/EnginePlate_4.cfg/PART[EnginePlate4]
[LOG 18:26:27.657] Applying update KSPCommunityFixes/MMPatches/StockTweaks/ManufacturerFixes/@PART[Mk2Pod]:FOR[KSPCommunityFixes]:NEEDS[SquadExpansion/MakingHistory] to SquadExpansion/MakingHistory/Parts/Pods/Mk2Pod.cfg/PART[Mk2Pod]
[LOG 18:26:27.658] Applying update KSPCommunityFixes/MMPatches/StockTweaks/ManufacturerFixes/@PART[evaChute|parachuteSingle|parachuteRadial|radialDrogue|parachuteLarge|parachuteDrogue]:FOR[KSPCommunityFixes] to Squad/Parts/Cargo/Parachute/Parachute.cfg/PART[evaChute]
[LOG 18:26:27.659] Applying update KSPCommunityFixes/MMPatches/StockTweaks/ManufacturerFixes/@PART[evaChute|parachuteSingle|parachuteRadial|radialDrogue|parachuteLarge|parachuteDrogue]:FOR[KSPCommunityFixes] to Squad/Parts/Utility/parachuteMk1/parachuteMk1.cfg/PART[parachuteSingle]
[LOG 18:26:27.660] Applying update KSPCommunityFixes/MMPatches/StockTweaks/ManufacturerFixes/@PART[evaChute|parachuteSingle|parachuteRadial|radialDrogue|parachuteLarge|parachuteDrogue]:FOR[KSPCommunityFixes] to Squad/Parts/Utility/parachuteMk12-R/parachuteMk12-R.cfg/PART[radialDrogue]
[LOG 18:26:27.660] Applying update KSPCommunityFixes/MMPatches/StockTweaks/ManufacturerFixes/@PART[evaChute|parachuteSingle|parachuteRadial|radialDrogue|parachuteLarge|parachuteDrogue]:FOR[KSPCommunityFixes] to Squad/Parts/Utility/parachuteMk16-XL/parachuteMk16-XL.cfg/PART[parachuteLarge]
[LOG 18:26:27.660] Applying update KSPCommunityFixes/MMPatches/StockTweaks/ManufacturerFixes/@PART[evaChute|parachuteSingle|parachuteRadial|radialDrogue|parachuteLarge|parachuteDrogue]:FOR[KSPCommunityFixes] to Squad/Parts/Utility/parachuteMk2-R/parachuteMk2-R.cfg/PART[parachuteRadial]
[LOG 18:26:27.660] Applying update KSPCommunityFixes/MMPatches/StockTweaks/ManufacturerFixes/@PART[evaChute|parachuteSingle|parachuteRadial|radialDrogue|parachuteLarge|parachuteDrogue]:FOR[KSPCommunityFixes] to Squad/Parts/Utility/parachuteMk25/parachuteMk25.cfg/PART[parachuteDrogue]
[LOG 18:26:27.666] Applying update KSPCommunityFixes/MMPatches/StockTweaks/ManufacturerFixes/@PART[stackPoint1|dockingPort1|dockingPort2|dockingPort3|dockingPortLarge]:FOR[KSPCommunityFixes] to Squad/Parts/Utility/dockingPort/dockingPort.cfg/PART[dockingPort2]
[LOG 18:26:27.666] Applying update KSPCommunityFixes/MMPatches/StockTweaks/ManufacturerFixes/@PART[stackPoint1|dockingPort1|dockingPort2|dockingPort3|dockingPortLarge]:FOR[KSPCommunityFixes] to Squad/Parts/Utility/dockingPortJr/dockingPortJr.cfg/PART[dockingPort3]
[LOG 18:26:27.666] Applying update KSPCommunityFixes/MMPatches/StockTweaks/ManufacturerFixes/@PART[stackPoint1|dockingPort1|dockingPort2|dockingPort3|dockingPortLarge]:FOR[KSPCommunityFixes] to Squad/Parts/Utility/dockingPortShielded/dockingPortShielded.cfg/PART[dockingPort1]
[LOG 18:26:27.667] Applying update KSPCommunityFixes/MMPatches/StockTweaks/ManufacturerFixes/@PART[stackPoint1|dockingPort1|dockingPort2|dockingPort3|dockingPortLarge]:FOR[KSPCommunityFixes] to Squad/Parts/Utility/dockingPortSr/dockingPortSr.cfg/PART[dockingPortLarge]
[LOG 18:26:27.667] Applying update KSPCommunityFixes/MMPatches/StockTweaks/ManufacturerFixes/@PART[stackPoint1|dockingPort1|dockingPort2|dockingPort3|dockingPortLarge]:FOR[KSPCommunityFixes] to Squad/Parts/Utility/radialAttachmentPoint/radialAttachmentPoint.cfg/PART[stackPoint1]
[LOG 18:26:27.669] :AFTER[KSPCOMMUNITYFIXES] pass
[LOG 18:26:27.669] :BEFORE[KSPPROFILER] pass
[LOG 18:26:27.669] :FOR[KSPPROFILER] pass
[LOG 18:26:27.669] :AFTER[KSPPROFILER] pass
[LOG 18:26:27.669] :BEFORE[MODULEMANAGER] pass
[LOG 18:26:27.670] :FOR[MODULEMANAGER] pass
[LOG 18:26:27.670] :AFTER[MODULEMANAGER] pass
[LOG 18:26:27.670] :BEFORE[SQUAD] pass
[LOG 18:26:27.670] :FOR[SQUAD] pass
[LOG 18:26:27.670] :AFTER[SQUAD] pass
[LOG 18:26:27.670] :BEFORE[SQUADEXPANSION] pass
[LOG 18:26:27.670] :FOR[SQUADEXPANSION] pass
[LOG 18:26:27.670] :AFTER[SQUADEXPANSION] pass
[LOG 18:26:27.673] :LAST[999_KSP-RECALL] pass
[LOG 18:26:27.696] :FINAL pass
[LOG 18:26:27.696] Done patching
[LOG 18:26:27.696] Saving Cache
[LOG 18:26:27.840] Saving cache
[LOG 18:26:28.547] ModuleManager: 33 patches applied

[LOG 18:26:28.547] Ran in 1.796s
[LOG 18:26:28.592] Done!



#### END MODULEMANAGER LOG ####
[LOG 18:26:30.616] [ModuleManager] Running tests...
[LOG 18:26:30.616] [ModuleManager] tests complete.
[LOG 18:26:30.617] [ModuleManager] Reloading resources definitions
[LOG 18:26:30.617] Resource LiquidFuel added to database
[LOG 18:26:30.617] Resource Oxidizer added to database
[LOG 18:26:30.617] Resource SolidFuel added to database
[LOG 18:26:30.617] Resource MonoPropellant added to database
[LOG 18:26:30.617] Resource XenonGas added to database
[LOG 18:26:30.617] Resource ElectricCharge added to database
[LOG 18:26:30.617] Resource IntakeAir added to database
[LOG 18:26:30.618] Resource EVA Propellant added to database
[LOG 18:26:30.618] Resource Ore added to database
[LOG 18:26:30.618] Resource Ablator added to database
[LOG 18:26:30.618] [ModuleManager] Reloading Trait configs
[LOG 18:26:30.618] ExperienceSystemConfig: Added Effect 'DeployedSciencePowerSkill' to Trait 'Ingénieur'
[LOG 18:26:30.618] ExperienceSystemConfig: Added Effect 'DeployedScienceExpSkill' to Trait 'Scientifique'
[LOG 18:26:30.618] [ModuleManager] Reloading Part Upgrades
[LOG 18:26:30.618] [ModuleManager] Setting modded physics as the active one
[LOG 18:26:30.620] PhysicsGlobals: Loading database
[LOG 18:26:30.621] [ModuleManager] Running post patch callbacks
[LOG 18:26:30.632] [KSPCommunityFixes] Patch AutoStrutDrift applied.
[LOG 18:26:30.635] [KSPCommunityFixes] Patch EditorAnimatedPartsShipModified applied.
[LOG 18:26:30.642] [KSPCommunityFixes] Patch DragCubeLoadException applied.
[LOG 18:26:30.647] [KSPCommunityFixes] Patch DoubleCurvePreserveTangents applied.
[LOG 18:26:30.712] [KSPCommunityFixes] Patch DockingPortRotationDriftAndFixes applied.
[LOG 18:26:30.760] [KSPCommunityFixes] Patch DockingPortConserveMomentum applied.
[LOG 18:26:30.766] [KSPCommunityFixes] Patch DebugConsoleDontStealInput applied.
[LOG 18:26:30.770] [KSPCommunityFixes] Patch CorrectDragForFlags applied.
[LOG 18:26:30.772] [KSPCommunityFixes] Patch CometMiningNotRemovingMass applied.
[LOG 18:26:30.778] [KSPCommunityFixes] Patch ChutePhantomSymmetry applied.
[LOG 18:26:30.780] [KSPCommunityFixes] Patch CometSpawnerUniqueFlightId applied.
[LOG 18:26:30.782] [KSPCommunityFixes] Patch AsteroidSpawnerUniqueFlightId applied.
[LOG 18:26:30.783] [KSPCommunityFixes] Patch AsteroidInfiniteMining applied.
[LOG 18:26:30.811] [KSPCommunityFixes] Patch PersistentIConfigNode applied.
[LOG 18:26:30.811] [KSPCommunityFixes] Patch OnSymmetryFieldChanged not applied (not enabled in Settings.cfg)
[LOG 18:26:30.812] [KSPCommunityFixes] Patch ModUpgradePipeline not applied (not enabled in Settings.cfg)
[LOG 18:26:30.812] [KSPCommunityFixes] Patch KSPFieldEnumDesc not applied (not enabled in Settings.cfg)
[LOG 18:26:30.813] [KSPCommunityFixes] Patch EventProfilerMarkers not applied (not enabled in Settings.cfg)
[LOG 18:26:30.813] [KSPCommunityFixes] Patch DockingPortLockedEvents not applied (not enabled in Settings.cfg)
[LOG 18:26:30.815] [KSPCommunityFixes] Patch DepartmentHeadImage applied.
[LOG 18:26:30.827] [KSPCommunityFixes] Patch BaseFieldListUseFieldHost applied.
[LOG 18:26:30.856] [KSPCommunityFixes] Patch ResourceConverterPerf applied.
[LOG 18:26:30.864] [KSPCommunityFixes] Patch ProgressTrackingSpeedBoost applied.
[LOG 18:26:30.868] [KSPCommunityFixes] Patch PQSUpdateNoMemoryAlloc applied.
[LOG 18:26:30.868] [KSPCommunityFixes] Patch PQSOnlyStartOnce not applied (not enabled in Settings.cfg)
[LOG 18:26:30.880] [KSPCommunityFixes] Patch PQSCoroutineLeak applied.
[LOG 18:26:30.914] [KSPCommunityFixes] Patch PartSystemsFastUpdate applied.
[LOG 18:26:30.944] [KSPCommunityFixes] Patch PartParsingPerf applied.
[LOG 18:26:30.953] [KSPCommunityFixes] Patch EnginePlateAirstreamShieldedTopPart applied.
[LOG 18:26:30.962] [KSPCommunityFixes] Patch EVAConstructionMass applied.
[LOG 18:26:30.972] [KSPCommunityFixes] Patch EVAConstructionUninitializedInventory applied.
[LOG 18:26:30.979] [KSPCommunityFixes] Patch EVAKerbalRecovery applied.
[LOG 18:26:30.988] [KSPCommunityFixes] Patch TimeWarpOrbitShift applied.
[LOG 18:26:30.992] [KSPCommunityFixes] Patch TimeWarpBodyCollision applied.
[LOG 18:26:31.012] [KSPCommunityFixes] Patch ThumbnailSpotlight applied.
[LOG 18:26:31.021] [KSPCommunityFixes] Patch SymmetryReferenceOnDelete applied.
[LOG 18:26:31.021] [KSPCommunityFixes] Patch StrategyDuration not applied (not enabled in Settings.cfg)
[LOG 18:26:31.024] [KSPCommunityFixes] Patch StockAlarmDescPreserveLineBreak applied.
[LOG 18:26:31.065] [KSPCommunityFixes] Patch StickySplashedFixer applied.
[LOG 18:26:31.073] [KSPCommunityFixes] Patch ScatterDistribution applied.
[LOG 18:26:31.102] [KSPCommunityFixes] Patch RoboticsDrift applied.
[LOG 18:26:31.105] [KSPCommunityFixes] Patch RestoreMaxPhysicsDT applied.
[LOG 18:26:31.124] [KSPCommunityFixes] Patch RespawnDeadKerbals applied.
[LOG 18:26:31.129] [KSPCommunityFixes] Patch RescaledRoboticParts applied.
[LOG 18:26:31.132] [KSPCommunityFixes] Patch ReRootPreserveSurfaceAttach applied.
[LOG 18:26:31.155] [KSPCommunityFixes] Patch OptimizedModuleRaycasts applied.
[LOG 18:26:31.163] GetSubclassesOfParentClass: Found 1 types with ModuleInventoryPart parent in 8 assemblies.
[LOG 18:26:31.170] [KSPCommunityFixes] Patch RefundingOnRecovery applied.
[LOG 18:26:31.170] [KSPCommunityFixes] Patch PatchedConicEncounterFlickering applied.
[LOG 18:26:31.183] [KSPCommunityFixes] Patch PartListTooltipIconSpin applied.
[LOG 18:26:31.187] [KSPCommunityFixes] Patch PackedPartsRotation applied.
[LOG 18:26:31.201] [KSPCommunityFixes] Patch ModulePartVariantsNodePersistence applied.
[LOG 18:26:31.205] [KSPCommunityFixes] Patch ModuleAnimateGenericCrewModSpawnIVA applied.
[LOG 18:26:31.207] [KSPCommunityFixes] Patch ModuleActiveRadiatorNoParentException applied.
[LOG 18:26:31.211] [KSPCommunityFixes] Patch MapTargetBodyWithEncounter applied.
[LOG 18:26:31.215] [KSPCommunityFixes] Patch LostSoundAfterSceneSwitch applied.
[LOG 18:26:31.225] [KSPCommunityFixes] Patch LadderToggleableLight applied.
[LOG 18:26:31.244] [KSPCommunityFixes] Patch InventoryPartMass applied.
[LOG 18:26:31.252] [KSPCommunityFixes] Patch HarvesterECConsumption applied.
[LOG 18:26:31.254] [KSPCommunityFixes] Patch FixGetUnivseralTime applied.
[LOG 18:26:31.267] [KSPCommunityFixes] Patch ExtendedDeployableParts applied.
[LOG 18:26:31.270] [KSPCommunityFixes] Patch PropellantFlowDescription applied.
[LOG 18:26:31.299] [KSPCommunityFixes] Patch OptimisedVectorLines applied.
[LOG 18:26:31.307] [KSPCommunityFixes] Patch ModuleDockingNodeFindOtherNodesFaster applied.
[LOG 18:26:31.314] [KSPCommunityFixes] Patch ModuleColorChangerOptimization applied.
[LOG 18:26:31.330] [KSPCommunityFixes] Patch AutoSavedCraftNameAtLaunch applied.
[LOG 18:26:31.354] [KSPCommunityFixes] Patch PAWCollapsedInventories applied.
[LOG 18:26:31.358] [KSPCommunityFixes] Patch UIFloatEditNumericInput applied.
[LOG 18:26:31.389] [KSPCommunityFixes] Patch PAWStockGroups applied.
[LOG 18:26:31.402] [KSPCommunityFixes] Patch AltimeterHorizontalPosition applied.
[LOG 18:26:31.413] [KSPCommunityFixes] Patch SceneLoadSpeedBoost applied.
[LOG 18:26:31.460] [KSPCommunityFixes] Patch OnDemandPartBuoyancy applied.
[LOG 18:26:31.461] [KSPCommunityFixes] Patch ForceSyncSceneSwitch applied.
[LOG 18:26:31.461] [KSPCommunityFixes] Patch FewerSaves not applied (not enabled in Settings.cfg)
[LOG 18:26:31.462] [KSPCommunityFixes] Patch WheelInertiaLimit applied.
[LOG 18:26:31.463] [KSPCommunityFixes] Patch StockAlarmCustomFormatterDate isn't applicable to this KSP version.
[LOG 18:26:31.471] [KSPCommunityFixes] Patch ROCValidationOOR applied.
[LOG 18:26:31.475] [KSPCommunityFixes] Patch ZeroCostTechNodes applied.
[LOG 18:26:31.476] [KSPCommunityFixes] Patch ReactionWheelsPotentialTorque applied.
[LOG 18:26:31.482] [KSPCommunityFixes] Patch PAWGroupMemory applied.
[LOG 18:26:31.528] [KSPCommunityFixes] Patch PartStartStability applied.
[LOG 18:26:31.536] [KSPCommunityFixes] Patch PartBoundsIgnoreDisabledTransforms applied.
[LOG 18:26:31.590] [KSPCommunityFixes] Patch ModuleIndexingMismatch applied.
[LOG 18:26:31.601] [KSPCommunityFixes] Patch MapSOCorrectWrapping applied.
[LOG 18:26:31.601] [KSPCommunityFixes] Patch KerbalTooltipMaxSustainedG applied.
[LOG 18:26:31.606] [KSPCommunityFixes] Patch KerbalInventoryPersistence applied.
[LOG 18:26:31.606] [KSPCommunityFixes] Patch FlightSceneLoadKraken not applied (not enabled in Settings.cfg)
[LOG 18:26:31.616] [KSPCommunityFixes] Patch FIUpdateRadiation applied.
[LOG 18:26:31.619] [KSPCommunityFixes] Patch FastAndFixedEnumExtensions applied.
[LOG 18:26:31.663] [KSPCommunityFixes] Patch DeltaVHideWhenDisabled applied.
[LOG 18:26:31.668] [KSPCommunityFixes] Patch BlockMapViewPartClick applied.
[LOG 18:26:31.673] [KSPCommunityFixes] Patch PAWItemsOrder applied.
[LOG 18:26:31.733] [KSPCommunityFixes] Patch BetterEditorUndoRedo applied.
[LOG 18:26:31.747] [KSPCommunityFixes] Patch AutostrutActions applied.
[LOG 18:26:31.747] [KSPCommunityFixes] Patch DisableNewGameIntro not applied (not enabled in Settings.cfg)
[LOG 18:26:31.784] [KSPCommunityFixes] Patch MinorPerfTweaks applied.
[LOG 18:26:31.890] [KSPCommunityFixes] Patch MemoryLeaks applied.
[LOG 18:26:31.898] [KSPCommunityFixes] Patch LowerMinPhysicsDTPerFrame applied.
[LOG 18:26:31.903] [KSPCommunityFixes] Patch LocalizerPerf applied.
[LOG 18:26:31.905] [KSPCommunityFixes] Patch IMGUIOptimization applied.
[LOG 18:26:31.924] [KSPCommunityFixes] Patch FloatingOriginPerf applied.
[LOG 18:26:31.990] [KSPCommunityFixes] Patch FlightIntegratorPerf applied.
[LOG 18:26:31.995] [KSPCommunityFixes] Patch FasterPartFindTransform applied.
[LOG 18:26:32.010] [KSPCommunityFixes] Patch FasterEditorPartList applied.
[LOG 18:26:32.012] [KSPCommunityFixes] Patch ExpansionBundlePreload applied.
[LOG 18:26:32.025] [KSPCommunityFixes] Patch DragCubeGeneration applied.
[LOG 18:26:32.030] [KSPCommunityFixes] Patch DisableMapUpdateInFlight applied.
[LOG 18:26:32.031] [KSPCommunityFixes] Patch DisableHiddenPortraits applied.
[LOG 18:26:32.033] [KSPCommunityFixes] Patch DisableManeuverTool applied.
[LOG 18:26:32.058] [KSPCommunityFixes] Patch CraftBrowserOptimisations applied.
[LOG 18:26:32.061] [KSPCommunityFixes] Patch CommNetThrottling applied.
[LOG 18:26:32.066] [KSPCommunityFixes] Patch FairingMouseOverPersistence applied.
[LOG 18:26:32.086] [KSPCommunityFixes] Patch OptionalMakingHistoryDLCFeatures applied.
[LOG 18:26:32.089] [KSPCommunityFixes] Patch ResourceLockActions applied.
[LOG 18:26:32.098] [KSPCommunityFixes] Patch ShowContractFinishDates applied.
[LOG 18:26:32.109] [KSPCommunityFixes] Patch TargetParentBody applied.
[LOG 18:26:32.130] [KSPCommunityFixes] Patch ToolbarShowHide applied.
[LOG 18:26:32.136] [KSPCommunityFixes] Patch ContractProgressEnumCache applied.
[LOG 18:26:32.148] [KSPCommunityFixes] Patch ActiveRadiatorPerf applied.
[LOG 18:26:32.155] [KSPCommunityFixes] Patch CargoBayPerf applied.
[LOG 18:26:32.178] [KSPCommunityFixes] Patch CollisionEnhancerFastUpdate applied.
[LOG 18:26:32.184] [KSPCommunityFixes] Patch CollisionManagerFastUpdate applied.
[LOG 18:26:32.190] [KSPCommunityFixes] Patch AsteroidAndCometDrillCache applied.
[LOG 18:26:32.204] [KSPCommunityFixes] Patch TweakableWheelsAutostrut applied.
[LOG 18:26:32.237] [KSPCommunityFixes] Patch PatchSettings applied.
[LOG 18:26:32.285] [KSPCommunityFixes] Patch UpgradeBugs applied.
[LOG 18:26:32.286] [KSPCommunityFixes] Patch PartTooltipUpgradesApplyToSubstituteParts not applied (not enabled in Settings.cfg)
[LOG 18:26:32.366] [ModuleManager] Calling ConfigNodePerf.ModuleManagerPostLoad()
[LOG 18:26:32.367] [ModuleManager] Post patch ran in 1.756s
[LOG 18:26:32.397] PartLoader: Creating part database
[LOG 18:26:32.399] PartLoader: Compiling Part 'Squad/Parts/Aero/aerodynamicNoseCone/aerodynamicNoseCone/noseCone'
[LOG 18:26:32.422] EffectList: Created 15 effect types
[LOG 18:26:32.527] PartLoader: Part 'Squad/Parts/Aero/aerodynamicNoseCone/aerodynamicNoseCone/noseCone' has no database record. Creating.
[LOG 18:26:32.527] [DragCubeSystem]: Drag cubes not found or cannot be read for part Part. Generating New drag cubes.
[LOG 18:26:32.529] [KSPCF/DragCubeGeneration] Creating drag cubes for part 'noseCone'
[LOG 18:26:32.580] PartLoader: Compiling Part 'Squad/Parts/Aero/airbrake/Airbrake/airbrake1'
[LOG 18:26:32.605] PartLoader: Part 'Squad/Parts/Aero/airbrake/Airbrake/airbrake1' has no database record. Creating.
[LOG 18:26:32.605] [DragCubeSystem]: Drag cubes not found or cannot be read for part Part. Generating New drag cubes.
[LOG 18:26:32.605] [KSPCF/DragCubeGeneration] Creating drag cubes for part 'airbrake1'
[LOG 18:26:32.643] PartLoader: Compiling Part 'Squad/Parts/Aero/airIntakeRadialXM-G50/airIntakeRadialXM-G50/airScoop'
[LOG 18:26:32.656] PartLoader: Part 'Squad/Parts/Aero/airIntakeRadialXM-G50/airIntakeRadialXM-G50/airScoop' has no database record. Creating.
[LOG 18:26:32.656] [DragCubeSystem]: Drag cubes not found or cannot be read for part Part. Generating New drag cubes.
[LOG 18:26:32.656] [KSPCF/DragCubeGeneration] Creating drag cubes for part 'airScoop'
[LOG 18:26:32.665] PartLoader: Compiling Part 'Squad/Parts/Aero/airlinerWings/ControlSurface/airlinerCtrlSrf'
[LOG 18:26:32.685] PartLoader: Part 'Squad/Parts/Aero/airlinerWings/ControlSurface/airlinerCtrlSrf' has no database record. Creating.
[LOG 18:26:32.685] [DragCubeSystem]: Drag cubes not found or cannot be read for part Part. Generating New drag cubes.
[LOG 18:26:32.685] [KSPCF/DragCubeGeneration] Creating drag cubes for part 'airlinerCtrlSrf'
[LOG 18:26:32.719] PartLoader: Compiling Part 'Squad/Parts/Aero/airlinerWings/MainWing/airlinerMainWing'
[LOG 18:26:32.731] PartLoader: Part 'Squad/Parts/Aero/airlinerWings/MainWing/airlinerMainWing' has no database record. Creating.
[LOG 18:26:32.731] [DragCubeSystem]: Drag cubes not found or cannot be read for part Part. Generating New drag cubes.
[LOG 18:26:32.731] [KSPCF/DragCubeGeneration] Creating drag cubes for part 'airlinerMainWing'
[LOG 18:26:32.735] PartLoader: Compiling Part 'Squad/Parts/Aero/airlinerWings/TailFin/airlinerTailFin'
[LOG 18:26:32.747] PartLoader: Part 'Squad/Parts/Aero/airlinerWings/TailFin/airlinerTailFin' has no database record. Creating.
[LOG 18:26:32.747] [DragCubeSystem]: Drag cubes not found or cannot be read for part Part. Generating New drag cubes.
[LOG 18:26:32.747] [KSPCF/DragCubeGeneration] Creating drag cubes for part 'airlinerTailFin'
[LOG 18:26:32.773] PartLoader: Compiling Part 'Squad/Parts/Aero/airplaneFins/advancedCanard/AdvancedCanard'
[LOG 18:26:32.778] PartLoader: Part 'Squad/Parts/Aero/airplaneFins/advancedCanard/AdvancedCanard' has no database record. Creating.
[LOG 18:26:32.778] [DragCubeSystem]: Drag cubes not found or cannot be read for part Part. Generating New drag cubes.
[LOG 18:26:32.778] [KSPCF/DragCubeGeneration] Creating drag cubes for part 'AdvancedCanard'
[LOG 18:26:32.814] PartLoader: Compiling Part 'Squad/Parts/Aero/airplaneFins/standardCanard/CanardController'
[LOG 18:26:32.820] PartLoader: Part 'Squad/Parts/Aero/airplaneFins/standardCanard/CanardController' has no database record. Creating.
[LOG 18:26:32.820] [DragCubeSystem]: Drag cubes not found or cannot be read for part Part. Generating New drag cubes.
[LOG 18:26:32.820] [KSPCF/DragCubeGeneration] Creating drag cubes for part 'CanardController'
[LOG 18:26:32.836] PartLoader: Compiling Part 'Squad/Parts/Aero/airplaneFins/sweptWing/sweptWing'
[LOG 18:26:32.839] PartLoader: Part 'Squad/Parts/Aero/airplaneFins/sweptWing/sweptWing' has no database record. Creating.
[LOG 18:26:32.839] [DragCubeSystem]: Drag cubes not found or cannot be read for part Part. Generating New drag cubes.
[LOG 18:26:32.839] [KSPCF/DragCubeGeneration] Creating drag cubes for part 'sweptWing'
[LOG 18:26:32.843] PartLoader: Compiling Part 'Squad/Parts/Aero/airplaneFins/tailfin/tailfin'
[LOG 18:26:32.849] PartLoader: Part 'Squad/Parts/Aero/airplaneFins/tailfin/tailfin' has no database record. Creating.
[LOG 18:26:32.849] [DragCubeSystem]: Drag cubes not found or cannot be read for part Part. Generating New drag cubes.
[LOG 18:26:32.849] [KSPCF/DragCubeGeneration] Creating drag cubes for part 'tailfin'
[LOG 18:26:32.870] PartLoader: Compiling Part 'Squad/Parts/Aero/basicFin/basicFin/basicFin'
[LOG 18:26:32.874] PartLoader: Part 'Squad/Parts/Aero/basicFin/basicFin/basicFin' has no database record. Creating.
[LOG 18:26:32.874] [DragCubeSystem]: Drag cubes not found or cannot be read for part Part. Generating New drag cubes.
[LOG 18:26:32.874] [KSPCF/DragCubeGeneration] Creating drag cubes for part 'basicFin'
[LOG 18:26:32.878] PartLoader: Compiling Part 'Squad/Parts/Aero/circularIntake/circularIntake/CircularIntake'
[LOG 18:26:32.889] PartLoader: Part 'Squad/Parts/Aero/circularIntake/circularIntake/CircularIntake' has no database record. Creating.
[LOG 18:26:32.890] PartLoader: Compiling Part 'Squad/Parts/Aero/circularIntake/intakeShockCone/shockConeIntake'
[LOG 18:26:32.895] PartLoader: Part 'Squad/Parts/Aero/circularIntake/intakeShockCone/shockConeIntake' has no database record. Creating.
[LOG 18:26:32.896] PartLoader: Compiling Part 'Squad/Parts/Aero/cones/avionicsNoseCone/avionicsNoseCone'
[LOG 18:26:32.915] PartLoader: Part 'Squad/Parts/Aero/cones/avionicsNoseCone/avionicsNoseCone' has no database record. Creating.
[LOG 18:26:32.915] [DragCubeSystem]: Drag cubes not found or cannot be read for part Part. Generating New drag cubes.
[LOG 18:26:32.915] [KSPCF/DragCubeGeneration] Creating drag cubes for part 'avionicsNoseCone'
[LOG 18:26:32.924] PartLoader: Compiling Part 'Squad/Parts/Aero/cones/ConeA/pointyNoseConeA'
[LOG 18:26:32.929] PartLoader: Part 'Squad/Parts/Aero/cones/ConeA/pointyNoseConeA' has no database record. Creating.
[LOG 18:26:32.929] [DragCubeSystem]: Drag cubes not found or cannot be read for part Part. Generating New drag cubes.
[LOG 18:26:32.929] [KSPCF/DragCubeGeneration] Creating drag cubes for part 'pointyNoseConeA'
[LOG 18:26:32.933] PartLoader: Compiling Part 'Squad/Parts/Aero/cones/ConeB/pointyNoseConeB'
[LOG 18:26:32.937] PartLoader: Part 'Squad/Parts/Aero/cones/ConeB/pointyNoseConeB' has no database record. Creating.
[LOG 18:26:32.937] [DragCubeSystem]: Drag cubes not found or cannot be read for part Part. Generating New drag cubes.
[LOG 18:26:32.937] [KSPCF/DragCubeGeneration] Creating drag cubes for part 'pointyNoseConeB'
[LOG 18:26:32.942] PartLoader: Compiling Part 'Squad/Parts/Aero/cones/noseConeAdapter/noseConeAdapter'
[LOG 18:26:32.944] PartLoader: Part 'Squad/Parts/Aero/cones/noseConeAdapter/noseConeAdapter' has no database record. Creating.
[LOG 18:26:32.944] [DragCubeSystem]: Drag cubes not found or cannot be read for part Part. Generating New drag cubes.
[LOG 18:26:32.944] [KSPCF/DragCubeGeneration] Creating drag cubes for part 'noseConeAdapter'
[LOG 18:26:32.950] PartLoader: Compiling Part 'Squad/Parts/Aero/cones/protectiveRocketNoseMk7_v2/rocketNoseCone_v2'
[LOG 18:26:32.955] PartLoader: Part 'Squad/Parts/Aero/cones/protectiveRocketNoseMk7_v2/rocketNoseCone_v2' has no database record. Creating.
[LOG 18:26:32.956] [DragCubeSystem]: Drag cubes not found or cannot be read for part Part. Generating New drag cubes.
[LOG 18:26:32.956] [KSPCF/DragCubeGeneration] Creating drag cubes for part 'rocketNoseCone.v2'
[LOG 18:26:32.961] PartLoader: Compiling Part 'Squad/Parts/Aero/cones/protectiveRocketNoseMk7_v3/rocketNoseCone_v3'
[LOG 18:26:32.965] PartLoader: Part 'Squad/Parts/Aero/cones/protectiveRocketNoseMk7_v3/rocketNoseCone_v3' has no database record. Creating.
[LOG 18:26:32.965] [DragCubeSystem]: Drag cubes not found or cannot be read for part Part. Generating New drag cubes.
[LOG 18:26:32.965] [KSPCF/DragCubeGeneration] Creating drag cubes for part 'rocketNoseCone.v3'
[LOG 18:26:32.970] PartLoader: Compiling Part 'Squad/Parts/Aero/cones/rocketNoseCone_size3/rocketNoseConeSize3'
[LOG 18:26:32.973] PartLoader: Part 'Squad/Parts/Aero/cones/rocketNoseCone_size3/rocketNoseConeSize3' has no database record. Creating.
[LOG 18:26:32.973] [DragCubeSystem]: Drag cubes not found or cannot be read for part Part. Generating New drag cubes.
[LOG 18:26:32.973] [KSPCF/DragCubeGeneration] Creating drag cubes for part 'rocketNoseConeSize3'
[LOG 18:26:32.978] PartLoader: Compiling Part 'Squad/Parts/Aero/cones/smallNoseCone/standardNoseCone'
[LOG 18:26:32.984] PartLoader: Part 'Squad/Parts/Aero/cones/smallNoseCone/standardNoseCone' has no database record. Creating.
[LOG 18:26:32.984] [DragCubeSystem]: Drag cubes not found or cannot be read for part Part. Generating New drag cubes.
[LOG 18:26:32.984] [KSPCF/DragCubeGeneration] Creating drag cubes for part 'standardNoseCone'
[LOG 18:26:32.989] PartLoader: Compiling Part 'Squad/Parts/Aero/cones/tailConnectorA/airplaneTail'
[LOG 18:26:32.993] PartLoader: Part 'Squad/Parts/Aero/cones/tailConnectorA/airplaneTail' has no database record. Creating.
[LOG 18:26:32.993] [DragCubeSystem]: Drag cubes not found or cannot be read for part Part. Generating New drag cubes.
[LOG 18:26:32.993] [KSPCF/DragCubeGeneration] Creating drag cubes for part 'airplaneTail'
[LOG 18:26:32.997] PartLoader: Compiling Part 'Squad/Parts/Aero/cones/tailConnectorB/airplaneTailB'
[LOG 18:26:33.002] PartLoader: Part 'Squad/Parts/Aero/cones/tailConnectorB/airplaneTailB' has no database record. Creating.
[LOG 18:26:33.002] [DragCubeSystem]: Drag cubes not found or cannot be read for part Part. Generating New drag cubes.
[LOG 18:26:33.002] [KSPCF/DragCubeGeneration] Creating drag cubes for part 'airplaneTailB'
[LOG 18:26:33.006] PartLoader: Compiling Part 'Squad/Parts/Aero/fairings/fairingSize1/fairingSize1'
[LOG 18:26:33.058] PartLoader: Part 'Squad/Parts/Aero/fairings/fairingSize1/fairingSize1' has no database record. Creating.
[LOG 18:26:33.058] [DragCubeSystem]: Drag cubes not found or cannot be read for part Part. Generating New drag cubes.
[LOG 18:26:33.058] [KSPCF/DragCubeGeneration] Creating drag cubes for part 'fairingSize1'
[LOG 18:26:33.064] PartLoader: Compiling Part 'Squad/Parts/Aero/fairings/fairingSize2/fairingSize2'
[LOG 18:26:33.078] PartLoader: Part 'Squad/Parts/Aero/fairings/fairingSize2/fairingSize2' has no database record. Creating.
[LOG 18:26:33.078] [DragCubeSystem]: Drag cubes not found or cannot be read for part Part. Generating New drag cubes.
[LOG 18:26:33.078] [KSPCF/DragCubeGeneration] Creating drag cubes for part 'fairingSize2'
[LOG 18:26:33.083] PartLoader: Compiling Part 'Squad/Parts/Aero/fairings/fairingSize3/fairingSize3'
[LOG 18:26:33.100] PartLoader: Part 'Squad/Parts/Aero/fairings/fairingSize3/fairingSize3' has no database record. Creating.
[LOG 18:26:33.100] [DragCubeSystem]: Drag cubes not found or cannot be read for part Part. Generating New drag cubes.
[LOG 18:26:33.100] [KSPCF/DragCubeGeneration] Creating drag cubes for part 'fairingSize3'
[LOG 18:26:33.105] PartLoader: Compiling Part 'Squad/Parts/Aero/HeatShield/HeatShield0/HeatShield0'
[LOG 18:26:33.121] PartLoader: Part 'Squad/Parts/Aero/HeatShield/HeatShield0/HeatShield0' has no database record. Creating.
[LOG 18:26:33.121] [DragCubeSystem]: Drag cubes not found or cannot be read for part Part. Generating New drag cubes.
[LOG 18:26:33.121] [KSPCF/DragCubeGeneration] Creating drag cubes for part 'HeatShield0'
[LOG 18:26:33.127] PartLoader: Compiling Part 'Squad/Parts/Aero/HeatShield/HeatShield1/HeatShield1'
[LOG 18:26:33.141] PartLoader: Part 'Squad/Parts/Aero/HeatShield/HeatShield1/HeatShield1' has no database record. Creating.
[LOG 18:26:33.141] [DragCubeSystem]: Drag cubes not found or cannot be read for part Part. Generating New drag cubes.
[LOG 18:26:33.141] [KSPCF/DragCubeGeneration] Creating drag cubes for part 'HeatShield1'
[LOG 18:26:33.157] PartLoader: Compiling Part 'Squad/Parts/Aero/HeatShield/HeatShield2/HeatShield2'
[LOG 18:26:33.166] PartLoader: Part 'Squad/Parts/Aero/HeatShield/HeatShield2/HeatShield2' has no database record. Creating.
[LOG 18:26:33.166] [DragCubeSystem]: Drag cubes not found or cannot be read for part Part. Generating New drag cubes.
[LOG 18:26:33.166] [KSPCF/DragCubeGeneration] Creating drag cubes for part 'HeatShield2'
[LOG 18:26:33.180] PartLoader: Compiling Part 'Squad/Parts/Aero/HeatShield/HeatShield3/HeatShield3'
[LOG 18:26:33.187] PartLoader: Part 'Squad/Parts/Aero/HeatShield/HeatShield3/HeatShield3' has no database record. Creating.
[LOG 18:26:33.187] [DragCubeSystem]: Drag cubes not found or cannot be read for part Part. Generating New drag cubes.
[LOG 18:26:33.187] [KSPCF/DragCubeGeneration] Creating drag cubes for part 'HeatShield3'
[LOG 18:26:33.200] PartLoader: Compiling Part 'Squad/Parts/Aero/InflatableHeatShield/HeatShield/InflatableHeatShield'
[LOG 18:26:33.209] PartLoader: Part 'Squad/Parts/Aero/InflatableHeatShield/HeatShield/InflatableHeatShield' has no database record. Creating.
[LOG 18:26:33.209] [DragCubeSystem]: Drag cubes not found or cannot be read for part Part. Generating New drag cubes.
[LOG 18:26:33.209] [KSPCF/DragCubeGeneration] Creating drag cubes for part 'InflatableHeatShield'
[LOG 18:26:33.223] PartLoader: Compiling Part 'Squad/Parts/Aero/intakeRadialLong/intakeRadialLong/IntakeRadialLong'
[LOG 18:26:33.227] PartLoader: Part 'Squad/Parts/Aero/intakeRadialLong/intakeRadialLong/IntakeRadialLong' has no database record. Creating.
[LOG 18:26:33.227] [DragCubeSystem]: Drag cubes not found or cannot be read for part Part. Generating New drag cubes.
[LOG 18:26:33.227] [KSPCF/DragCubeGeneration] Creating drag cubes for part 'IntakeRadialLong'
[LOG 18:26:33.232] PartLoader: Compiling Part 'Squad/Parts/Aero/miniIntake/SmallIntake/miniIntake'
[LOG 18:26:33.234] PartLoader: Part 'Squad/Parts/Aero/miniIntake/SmallIntake/miniIntake' has no database record. Creating.
[LOG 18:26:33.235] PartLoader: Compiling Part 'Squad/Parts/Aero/ramAirIntake/ramAirIntake/ramAirIntake'
[LOG 18:26:33.238] PartLoader: Part 'Squad/Parts/Aero/ramAirIntake/ramAirIntake/ramAirIntake' has no database record. Creating.
[LOG 18:26:33.238] PartLoader: Compiling Part 'Squad/Parts/Aero/shuttleWings/delta/wingShuttleDelta'
[LOG 18:26:33.241] PartLoader: Part 'Squad/Parts/Aero/shuttleWings/delta/wingShuttleDelta' has no database record. Creating.
[LOG 18:26:33.241] [DragCubeSystem]: Drag cubes not found or cannot be read for part Part. Generating New drag cubes.
[LOG 18:26:33.241] [KSPCF/DragCubeGeneration] Creating drag cubes for part 'wingShuttleDelta'
[LOG 18:26:33.245] PartLoader: Compiling Part 'Squad/Parts/Aero/shuttleWings/elevon1/wingShuttleElevon1'
[LOG 18:26:33.250] PartLoader: Part 'Squad/Parts/Aero/shuttleWings/elevon1/wingShuttleElevon1' has no database record. Creating.
[LOG 18:26:33.250] [DragCubeSystem]: Drag cubes not found or cannot be read for part Part. Generating New drag cubes.
[LOG 18:26:33.250] [KSPCF/DragCubeGeneration] Creating drag cubes for part 'wingShuttleElevon1'
[LOG 18:26:33.266] PartLoader: Compiling Part 'Squad/Parts/Aero/shuttleWings/elevon2/wingShuttleElevon2'
[LOG 18:26:33.272] PartLoader: Part 'Squad/Parts/Aero/shuttleWings/elevon2/wingShuttleElevon2' has no database record. Creating.
[LOG 18:26:33.272] [DragCubeSystem]: Drag cubes not found or cannot be read for part Part. Generating New drag cubes.
[LOG 18:26:33.272] [KSPCF/DragCubeGeneration] Creating drag cubes for part 'wingShuttleElevon2'
[LOG 18:26:33.290] PartLoader: Compiling Part 'Squad/Parts/Aero/shuttleWings/rudder/wingShuttleRudder'
[LOG 18:26:33.294] PartLoader: Part 'Squad/Parts/Aero/shuttleWings/rudder/wingShuttleRudder' has no database record. Creating.
[LOG 18:26:33.294] [DragCubeSystem]: Drag cubes not found or cannot be read for part Part. Generating New drag cubes.
[LOG 18:26:33.295] [KSPCF/DragCubeGeneration] Creating drag cubes for part 'wingShuttleRudder'
[LOG 18:26:33.310] PartLoader: Compiling Part 'Squad/Parts/Aero/shuttleWings/strake/wingShuttleStrake'
[LOG 18:26:33.315] PartLoader: Part 'Squad/Parts/Aero/shuttleWings/strake/wingShuttleStrake' has no database record. Creating.
[LOG 18:26:33.315] [DragCubeSystem]: Drag cubes not found or cannot be read for part Part. Generating New drag cubes.
[LOG 18:26:33.315] [KSPCF/DragCubeGeneration] Creating drag cubes for part 'wingShuttleStrake'
[LOG 18:26:33.320] PartLoader: Compiling Part 'Squad/Parts/Aero/wingletAV-R8/wingletAV-R8/R8winglet'
[LOG 18:26:33.326] PartLoader: Part 'Squad/Parts/Aero/wingletAV-R8/wingletAV-R8/R8winglet' has no database record. Creating.
[LOG 18:26:33.326] [DragCubeSystem]: Drag cubes not found or cannot be read for part Part. Generating New drag cubes.
[LOG 18:26:33.326] [KSPCF/DragCubeGeneration] Creating drag cubes for part 'R8winglet'
[LOG 18:26:33.343] PartLoader: Compiling Part 'Squad/Parts/Aero/wingletAV-T1/wingletAV-T1/winglet'
[LOG 18:26:33.347] PartLoader: Part 'Squad/Parts/Aero/wingletAV-T1/wingletAV-T1/winglet' has no database record. Creating.
[LOG 18:26:33.347] [DragCubeSystem]: Drag cubes not found or cannot be read for part Part. Generating New drag cubes.
[LOG 18:26:33.347] [KSPCF/DragCubeGeneration] Creating drag cubes for part 'winglet'
[LOG 18:26:33.352] PartLoader: Compiling Part 'Squad/Parts/Aero/wingletDeltaDeluxe/wingletDeltaDeluxe/winglet3'
[LOG 18:26:33.357] PartLoader: Part 'Squad/Parts/Aero/wingletDeltaDeluxe/wingletDeltaDeluxe/winglet3' has no database record. Creating.
[LOG 18:26:33.358] [DragCubeSystem]: Drag cubes not found or cannot be read for part Part. Generating New drag cubes.
[LOG 18:26:33.358] [KSPCF/DragCubeGeneration] Creating drag cubes for part 'winglet3'
[LOG 18:26:33.373] PartLoader: Compiling Part 'Squad/Parts/Aero/wings/connector1/wingConnector'
[LOG 18:26:33.376] PartLoader: Part 'Squad/Parts/Aero/wings/connector1/wingConnector' has no database record. Creating.
[LOG 18:26:33.376] [DragCubeSystem]: Drag cubes not found or cannot be read for part Part. Generating New drag cubes.
[LOG 18:26:33.376] [KSPCF/DragCubeGeneration] Creating drag cubes for part 'wingConnector'
[LOG 18:26:33.381] PartLoader: Compiling Part 'Squad/Parts/Aero/wings/connector2/wingConnector2'
[LOG 18:26:33.386] PartLoader: Part 'Squad/Parts/Aero/wings/connector2/wingConnector2' has no database record. Creating.
[LOG 18:26:33.386] [DragCubeSystem]: Drag cubes not found or cannot be read for part Part. Generating New drag cubes.
[LOG 18:26:33.386] [KSPCF/DragCubeGeneration] Creating drag cubes for part 'wingConnector2'
[LOG 18:26:33.390] PartLoader: Compiling Part 'Squad/Parts/Aero/wings/connector3/wingConnector3'
[LOG 18:26:33.394] PartLoader: Part 'Squad/Parts/Aero/wings/connector3/wingConnector3' has no database record. Creating.
[LOG 18:26:33.394] [DragCubeSystem]: Drag cubes not found or cannot be read for part Part. Generating New drag cubes.
[LOG 18:26:33.394] [KSPCF/DragCubeGeneration] Creating drag cubes for part 'wingConnector3'
[LOG 18:26:33.398] PartLoader: Compiling Part 'Squad/Parts/Aero/wings/connector4/wingConnector4'
[LOG 18:26:33.403] PartLoader: Part 'Squad/Parts/Aero/wings/connector4/wingConnector4' has no database record. Creating.
[LOG 18:26:33.404] [DragCubeSystem]: Drag cubes not found or cannot be read for part Part. Generating New drag cubes.
[LOG 18:26:33.404] [KSPCF/DragCubeGeneration] Creating drag cubes for part 'wingConnector4'
[LOG 18:26:33.408] PartLoader: Compiling Part 'Squad/Parts/Aero/wings/connector5/wingConnector5'
[LOG 18:26:33.412] PartLoader: Part 'Squad/Parts/Aero/wings/connector5/wingConnector5' has no database record. Creating.
[LOG 18:26:33.412] [DragCubeSystem]: Drag cubes not found or cannot be read for part Part. Generating New drag cubes.
[LOG 18:26:33.412] [KSPCF/DragCubeGeneration] Creating drag cubes for part 'wingConnector5'
[LOG 18:26:33.416] PartLoader: Compiling Part 'Squad/Parts/Aero/wings/delta/deltaWing'
[LOG 18:26:33.421] PartLoader: Part 'Squad/Parts/Aero/wings/delta/deltaWing' has no database record. Creating.
[LOG 18:26:33.421] [DragCubeSystem]: Drag cubes not found or cannot be read for part Part. Generating New drag cubes.
[LOG 18:26:33.421] [KSPCF/DragCubeGeneration] Creating drag cubes for part 'deltaWing'
[LOG 18:26:33.424] PartLoader: Compiling Part 'Squad/Parts/Aero/wings/delta_small/delta_small'
[LOG 18:26:33.427] PartLoader: Part 'Squad/Parts/Aero/wings/delta_small/delta_small' has no database record. Creating.
[LOG 18:26:33.427] [DragCubeSystem]: Drag cubes not found or cannot be read for part Part. Generating New drag cubes.
[LOG 18:26:33.427] [KSPCF/DragCubeGeneration] Creating drag cubes for part 'delta.small'
[LOG 18:26:33.431] PartLoader: Compiling Part 'Squad/Parts/Aero/wings/elevon1/StandardCtrlSrf'
[LOG 18:26:33.438] PartLoader: Part 'Squad/Parts/Aero/wings/elevon1/StandardCtrlSrf' has no database record. Creating.
[LOG 18:26:33.438] [DragCubeSystem]: Drag cubes not found or cannot be read for part Part. Generating New drag cubes.
[LOG 18:26:33.438] [KSPCF/DragCubeGeneration] Creating drag cubes for part 'StandardCtrlSrf'
[LOG 18:26:33.454] PartLoader: Compiling Part 'Squad/Parts/Aero/wings/elevon2/elevon2'
[LOG 18:26:33.460] PartLoader: Part 'Squad/Parts/Aero/wings/elevon2/elevon2' has no database record. Creating.
[LOG 18:26:33.460] [DragCubeSystem]: Drag cubes not found or cannot be read for part Part. Generating New drag cubes.
[LOG 18:26:33.460] [KSPCF/DragCubeGeneration] Creating drag cubes for part 'elevon2'
[LOG 18:26:33.476] PartLoader: Compiling Part 'Squad/Parts/Aero/wings/elevon3/elevon3'
[LOG 18:26:33.482] PartLoader: Part 'Squad/Parts/Aero/wings/elevon3/elevon3' has no database record. Creating.
[LOG 18:26:33.482] [DragCubeSystem]: Drag cubes not found or cannot be read for part Part. Generating New drag cubes.
[LOG 18:26:33.482] [KSPCF/DragCubeGeneration] Creating drag cubes for part 'elevon3'
[LOG 18:26:33.498] PartLoader: Compiling Part 'Squad/Parts/Aero/wings/elevon4/smallCtrlSrf'
[LOG 18:26:33.502] PartLoader: Part 'Squad/Parts/Aero/wings/elevon4/smallCtrlSrf' has no database record. Creating.
[LOG 18:26:33.502] [DragCubeSystem]: Drag cubes not found or cannot be read for part Part. Generating New drag cubes.
[LOG 18:26:33.502] [KSPCF/DragCubeGeneration] Creating drag cubes for part 'smallCtrlSrf'
[LOG 18:26:33.517] PartLoader: Compiling Part 'Squad/Parts/Aero/wings/elevon5/elevon5'
[LOG 18:26:33.523] PartLoader: Part 'Squad/Parts/Aero/wings/elevon5/elevon5' has no database record. Creating.
[LOG 18:26:33.523] [DragCubeSystem]: Drag cubes not found or cannot be read for part Part. Generating New drag cubes.
[LOG 18:26:33.523] [KSPCF/DragCubeGeneration] Creating drag cubes for part 'elevon5'
[LOG 18:26:33.539] PartLoader: Compiling Part 'Squad/Parts/Aero/wings/strake/wingStrake'
[LOG 18:26:33.542] PartLoader: Part 'Squad/Parts/Aero/wings/strake/wingStrake' has no database record. Creating.
[LOG 18:26:33.542] [DragCubeSystem]: Drag cubes not found or cannot be read for part Part. Generating New drag cubes.
[LOG 18:26:33.542] [KSPCF/DragCubeGeneration] Creating drag cubes for part 'wingStrake'
[LOG 18:26:33.546] PartLoader: Compiling Part 'Squad/Parts/Aero/wings/structural1/structuralWing'
[LOG 18:26:33.551] PartLoader: Part 'Squad/Parts/Aero/wings/structural1/structuralWing' has no database record. Creating.
[LOG 18:26:33.551] [DragCubeSystem]: Drag cubes not found or cannot be read for part Part. Generating New drag cubes.
[LOG 18:26:33.551] [KSPCF/DragCubeGeneration] Creating drag cubes for part 'structuralWing'
[LOG 18:26:33.555] PartLoader: Compiling Part 'Squad/Parts/Aero/wings/structural2/structuralWing2'
[LOG 18:26:33.559] PartLoader: Part 'Squad/Parts/Aero/wings/structural2/structuralWing2' has no database record. Creating.
[LOG 18:26:33.559] [DragCubeSystem]: Drag cubes not found or cannot be read for part Part. Generating New drag cubes.
[LOG 18:26:33.559] [KSPCF/DragCubeGeneration] Creating drag cubes for part 'structuralWing2'
[LOG 18:26:33.563] PartLoader: Compiling Part 'Squad/Parts/Aero/wings/structural3/structuralWing3'
[LOG 18:26:33.567] PartLoader: Part 'Squad/Parts/Aero/wings/structural3/structuralWing3' has no database record. Creating.
[LOG 18:26:33.567] [DragCubeSystem]: Drag cubes not found or cannot be read for part Part. Generating New drag cubes.
[LOG 18:26:33.568] [KSPCF/DragCubeGeneration] Creating drag cubes for part 'structuralWing3'
[LOG 18:26:33.572] PartLoader: Compiling Part 'Squad/Parts/Aero/wings/structural4/structuralWing4'
[LOG 18:26:33.575] PartLoader: Part 'Squad/Parts/Aero/wings/structural4/structuralWing4' has no database record. Creating.
[LOG 18:26:33.575] [DragCubeSystem]: Drag cubes not found or cannot be read for part Part. Generating New drag cubes.
[LOG 18:26:33.575] [KSPCF/DragCubeGeneration] Creating drag cubes for part 'structuralWing4'
[LOG 18:26:33.579] PartLoader: Compiling Part 'Squad/Parts/Aero/wings/swept1/sweptWing1'
[LOG 18:26:33.584] PartLoader: Part 'Squad/Parts/Aero/wings/swept1/sweptWing1' has no database record. Creating.
[LOG 18:26:33.584] [DragCubeSystem]: Drag cubes not found or cannot be read for part Part. Generating New drag cubes.
[LOG 18:26:33.584] [KSPCF/DragCubeGeneration] Creating drag cubes for part 'sweptWing1'
[LOG 18:26:33.588] PartLoader: Compiling Part 'Squad/Parts/Aero/wings/swept2/sweptWing2'
[LOG 18:26:33.592] PartLoader: Part 'Squad/Parts/Aero/wings/swept2/sweptWing2' has no database record. Creating.
[LOG 18:26:33.592] [DragCubeSystem]: Drag cubes not found or cannot be read for part Part. Generating New drag cubes.
[LOG 18:26:33.592] [KSPCF/DragCubeGeneration] Creating drag cubes for part 'sweptWing2'
[LOG 18:26:33.596] PartLoader: Compiling Part 'Squad/Parts/Cargo/CargoContainers/cargoContainer/cargoContainer'
[WRN 18:26:33.597] [Part]: Cannot have ModuleCargoPart and ModuleInventoryPart on same Part [cargoContainer'. Removed ModuleCargoPart
[LOG 18:26:33.604] PartLoader: Part 'Squad/Parts/Cargo/CargoContainers/cargoContainer/cargoContainer' has no database record. Creating.
[LOG 18:26:33.604] [DragCubeSystem]: Drag cubes not found or cannot be read for part Part. Generating New drag cubes.
[LOG 18:26:33.604] [KSPCF/DragCubeGeneration] Creating drag cubes for part 'cargoContainer'
[LOG 18:26:33.610] PartLoader: Compiling Part 'Squad/Parts/Cargo/CargoContainers/smallCargoContainer/smallCargoContainer'
[WRN 18:26:33.612] [Part]: Cannot have ModuleCargoPart and ModuleInventoryPart on same Part [smallCargoContainer'. Removed ModuleCargoPart
[LOG 18:26:33.614] PartLoader: Part 'Squad/Parts/Cargo/CargoContainers/smallCargoContainer/smallCargoContainer' has no database record. Creating.
[LOG 18:26:33.614] [DragCubeSystem]: Drag cubes not found or cannot be read for part Part. Generating New drag cubes.
[LOG 18:26:33.614] [KSPCF/DragCubeGeneration] Creating drag cubes for part 'smallCargoContainer'
[LOG 18:26:33.619] PartLoader: Compiling Part 'Squad/Parts/Cargo/Cylinder/Cylinder/evaCylinder'
[LOG 18:26:33.623] PartLoader: Part 'Squad/Parts/Cargo/Cylinder/Cylinder/evaCylinder' has no database record. Creating.
[LOG 18:26:33.623] [DragCubeSystem]: Drag cubes not found or cannot be read for part Part. Generating New drag cubes.
[LOG 18:26:33.623] [KSPCF/DragCubeGeneration] Creating drag cubes for part 'evaCylinder'
[LOG 18:26:33.627] PartLoader: Compiling Part 'Squad/Parts/Cargo/GroundAnchor/groundAnchor/groundAnchor'
[LOG 18:26:33.644] PartLoader: Part 'Squad/Parts/Cargo/GroundAnchor/groundAnchor/groundAnchor' has no database record. Creating.
[LOG 18:26:33.644] [DragCubeSystem]: Drag cubes not found or cannot be read for part Part. Generating New drag cubes.
[LOG 18:26:33.644] [KSPCF/DragCubeGeneration] Creating drag cubes for part 'groundAnchor'
[LOG 18:26:33.658] PartLoader: Compiling Part 'Squad/Parts/Cargo/Jetpack/Jetpack/evaJetpack'
[LOG 18:26:33.662] PartLoader: Part 'Squad/Parts/Cargo/Jetpack/Jetpack/evaJetpack' has no database record. Creating.
[LOG 18:26:33.662] [DragCubeSystem]: Drag cubes not found or cannot be read for part Part. Generating New drag cubes.
[LOG 18:26:33.662] [KSPCF/DragCubeGeneration] Creating drag cubes for part 'evaJetpack'
[LOG 18:26:33.667] PartLoader: Compiling Part 'Squad/Parts/Cargo/Parachute/Parachute/evaChute'
[LOG 18:26:33.671] PartLoader: Part 'Squad/Parts/Cargo/Parachute/Parachute/evaChute' has no database record. Creating.
[LOG 18:26:33.671] [DragCubeSystem]: Drag cubes not found or cannot be read for part Part. Generating New drag cubes.
[LOG 18:26:33.671] [KSPCF/DragCubeGeneration] Creating drag cubes for part 'evaChute'
[LOG 18:26:33.675] PartLoader: Compiling Part 'Squad/Parts/Cargo/RepairKit/RepairKit/evaRepairKit'
[LOG 18:26:33.684] PartLoader: Part 'Squad/Parts/Cargo/RepairKit/RepairKit/evaRepairKit' has no database record. Creating.
[LOG 18:26:33.684] [DragCubeSystem]: Drag cubes not found or cannot be read for part Part. Generating New drag cubes.
[LOG 18:26:33.684] [KSPCF/DragCubeGeneration] Creating drag cubes for part 'evaRepairKit'
[LOG 18:26:33.690] PartLoader: Compiling Part 'Squad/Parts/Cargo/ScienceKit/evaScienceKit/evaScienceKit'
[LOG 18:26:33.694] PartLoader: Part 'Squad/Parts/Cargo/ScienceKit/evaScienceKit/evaScienceKit' has no database record. Creating.
[LOG 18:26:33.694] [DragCubeSystem]: Drag cubes not found or cannot be read for part Part. Generating New drag cubes.
[LOG 18:26:33.694] [KSPCF/DragCubeGeneration] Creating drag cubes for part 'evaScienceKit'
[LOG 18:26:33.699] PartLoader: Compiling Part 'Squad/Parts/Cargo/StorageUnits/CargoStorageUnit/CargoStorageUnit'
[WRN 18:26:33.700] [Part]: Cannot have ModuleCargoPart and ModuleInventoryPart on same Part [CargoStorageUnit'. Removed ModuleCargoPart
[LOG 18:26:33.702] PartLoader: Part 'Squad/Parts/Cargo/StorageUnits/CargoStorageUnit/CargoStorageUnit' has no database record. Creating.
[LOG 18:26:33.702] [DragCubeSystem]: Drag cubes not found or cannot be read for part Part. Generating New drag cubes.
[LOG 18:26:33.702] [KSPCF/DragCubeGeneration] Creating drag cubes for part 'CargoStorageUnit'
[LOG 18:26:33.707] PartLoader: Compiling Part 'Squad/Parts/Cargo/StorageUnits/ConformalStorageUnit/ConformalStorageUnit'
[WRN 18:26:33.709] [Part]: Cannot have ModuleCargoPart and ModuleInventoryPart on same Part [ConformalStorageUnit'. Removed ModuleCargoPart
[LOG 18:26:33.712] PartLoader: Part 'Squad/Parts/Cargo/StorageUnits/ConformalStorageUnit/ConformalStorageUnit' has no database record. Creating.
[LOG 18:26:33.712] [DragCubeSystem]: Drag cubes not found or cannot be read for part Part. Generating New drag cubes.
[LOG 18:26:33.712] [KSPCF/DragCubeGeneration] Creating drag cubes for part 'ConformalStorageUnit'
[LOG 18:26:33.716] PartLoader: Compiling Part 'Squad/Parts/Command/advancedSasModuleLarge/advSasModuleLarge/asasmodule1-2'
[LOG 18:26:33.726] PartLoader: Part 'Squad/Parts/Command/advancedSasModuleLarge/advSasModuleLarge/asasmodule1-2' has no database record. Creating.
[LOG 18:26:33.727] PartLoader: Compiling Part 'Squad/Parts/Command/cupola/cupola/cupola'
[LOG 18:26:33.762] PartLoader: Part 'Squad/Parts/Command/cupola/cupola/cupola' has no database record. Creating.
[LOG 18:26:33.762] [DragCubeSystem]: Drag cubes not found or cannot be read for part Part. Generating New drag cubes.
[LOG 18:26:33.762] [KSPCF/DragCubeGeneration] Creating drag cubes for part 'cupola'
[LOG 18:26:33.773] PartLoader: Compiling Part 'Squad/Parts/Command/externalCommandSeat/externalCommandSeat/seatExternalCmd'
[LOG 18:26:33.783] PartLoader: Part 'Squad/Parts/Command/externalCommandSeat/externalCommandSeat/seatExternalCmd' has no database record. Creating.
[LOG 18:26:33.783] [DragCubeSystem]: Drag cubes not found or cannot be read for part Part. Generating New drag cubes.
[LOG 18:26:33.783] [KSPCF/DragCubeGeneration] Creating drag cubes for part 'seatExternalCmd'
[LOG 18:26:33.787] PartLoader: Compiling Part 'Squad/Parts/Command/hitchhikerStorageContainer/hitchikerStorageContainer/crewCabin'
[LOG 18:26:33.794] PartLoader: Part 'Squad/Parts/Command/hitchhikerStorageContainer/hitchikerStorageContainer/crewCabin' has no database record. Creating.
[LOG 18:26:33.794] [DragCubeSystem]: Drag cubes not found or cannot be read for part Part. Generating New drag cubes.
[LOG 18:26:33.794] [KSPCF/DragCubeGeneration] Creating drag cubes for part 'crewCabin'
[LOG 18:26:33.801] PartLoader: Compiling Part 'Squad/Parts/Command/inlineAdvancedStabilizer/inlineAdvancedStabilizer/advSasModule'
[LOG 18:26:33.805] PartLoader: Part 'Squad/Parts/Command/inlineAdvancedStabilizer/inlineAdvancedStabilizer/advSasModule' has no database record. Creating.
[LOG 18:26:33.805] [DragCubeSystem]: Drag cubes not found or cannot be read for part Part. Generating New drag cubes.
[LOG 18:26:33.805] [KSPCF/DragCubeGeneration] Creating drag cubes for part 'advSasModule'
[LOG 18:26:33.810] PartLoader: Compiling Part 'Squad/Parts/Command/inlineReactionWheel/inlineReactionWheel/sasModule'
[LOG 18:26:33.814] PartLoader: Part 'Squad/Parts/Command/inlineReactionWheel/inlineReactionWheel/sasModule' has no database record. Creating.
[LOG 18:26:33.815] [DragCubeSystem]: Drag cubes not found or cannot be read for part Part. Generating New drag cubes.
[LOG 18:26:33.815] [KSPCF/DragCubeGeneration] Creating drag cubes for part 'sasModule'
[LOG 18:26:33.820] PartLoader: Compiling Part 'Squad/Parts/Command/Mk1-3Pod/mk1-3/mk1-3pod'
[LOG 18:26:33.846] PartLoader: Part 'Squad/Parts/Command/Mk1-3Pod/mk1-3/mk1-3pod' has no database record. Creating.
[LOG 18:26:33.847] [DragCubeSystem]: Drag cubes not found or cannot be read for part Part. Generating New drag cubes.
[LOG 18:26:33.847] [KSPCF/DragCubeGeneration] Creating drag cubes for part 'mk1-3pod'
[LOG 18:26:33.856] PartLoader: Compiling Part 'Squad/Parts/Command/mk1Cockpits/mk1Cockpit/Mark1Cockpit'
[WRN 18:26:33.860] [Part]: Cannot have ModuleCargoPart and ModuleInventoryPart on same Part [Mark1Cockpit'. Removed ModuleCargoPart
[LOG 18:26:33.865] PartLoader: Part 'Squad/Parts/Command/mk1Cockpits/mk1Cockpit/Mark1Cockpit' has no database record. Creating.
[LOG 18:26:33.865] [DragCubeSystem]: Drag cubes not found or cannot be read for part Part. Generating New drag cubes.
[LOG 18:26:33.865] [KSPCF/DragCubeGeneration] Creating drag cubes for part 'Mark1Cockpit'
[LOG 18:26:33.872] PartLoader: Compiling Part 'Squad/Parts/Command/mk1Cockpits/mk1CrewCabin/MK1CrewCabin'
[WRN 18:26:33.876] [Part]: Cannot have ModuleCargoPart and ModuleInventoryPart on same Part [MK1CrewCabin'. Removed ModuleCargoPart
[LOG 18:26:33.881] PartLoader: Part 'Squad/Parts/Command/mk1Cockpits/mk1CrewCabin/MK1CrewCabin' has no database record. Creating.
[LOG 18:26:33.881] [DragCubeSystem]: Drag cubes not found or cannot be read for part Part. Generating New drag cubes.
[LOG 18:26:33.881] [KSPCF/DragCubeGeneration] Creating drag cubes for part 'MK1CrewCabin'
[LOG 18:26:33.886] PartLoader: Compiling Part 'Squad/Parts/Command/mk1Cockpits/mk1InlineCockpit/Mark2Cockpit'
[WRN 18:26:33.891] [Part]: Cannot have ModuleCargoPart and ModuleInventoryPart on same Part [Mark2Cockpit'. Removed ModuleCargoPart
[LOG 18:26:33.896] PartLoader: Part 'Squad/Parts/Command/mk1Cockpits/mk1InlineCockpit/Mark2Cockpit' has no database record. Creating.
[LOG 18:26:33.896] [DragCubeSystem]: Drag cubes not found or cannot be read for part Part. Generating New drag cubes.
[LOG 18:26:33.896] [KSPCF/DragCubeGeneration] Creating drag cubes for part 'Mark2Cockpit'
[LOG 18:26:33.904] PartLoader: Compiling Part 'Squad/Parts/Command/mk1LanderCan/mk1LanderCan/landerCabinSmall'
[WRN 18:26:33.908] [Part]: Cannot have ModuleCargoPart and ModuleInventoryPart on same Part [landerCabinSmall'. Removed ModuleCargoPart
[LOG 18:26:33.915] PartLoader: Part 'Squad/Parts/Command/mk1LanderCan/mk1LanderCan/landerCabinSmall' has no database record. Creating.
[LOG 18:26:33.915] [DragCubeSystem]: Drag cubes not found or cannot be read for part Part. Generating New drag cubes.
[LOG 18:26:33.915] [KSPCF/DragCubeGeneration] Creating drag cubes for part 'landerCabinSmall'
[LOG 18:26:33.921] PartLoader: Compiling Part 'Squad/Parts/Command/mk1pod_v2/mk1Pod_v2/mk1pod_v2'
[WRN 18:26:33.927] [Part]: Cannot have ModuleCargoPart and ModuleInventoryPart on same Part [mk1pod.v2'. Removed ModuleCargoPart
[LOG 18:26:33.931] PartLoader: Part 'Squad/Parts/Command/mk1pod_v2/mk1Pod_v2/mk1pod_v2' has no database record. Creating.
[LOG 18:26:33.932] [DragCubeSystem]: Drag cubes not found or cannot be read for part Part. Generating New drag cubes.
[LOG 18:26:33.932] [KSPCF/DragCubeGeneration] Creating drag cubes for part 'mk1pod.v2'
[LOG 18:26:33.937] PartLoader: Compiling Part 'Squad/Parts/Command/mk2CockpitInline/mk2CockpitInline/mk2Cockpit_Inline'
[WRN 18:26:33.944] [Part]: Cannot have ModuleCargoPart and ModuleInventoryPart on same Part [mk2Cockpit.Inline'. Removed ModuleCargoPart
[LOG 18:26:33.948] PartLoader: Part 'Squad/Parts/Command/mk2CockpitInline/mk2CockpitInline/mk2Cockpit_Inline' has no database record. Creating.
[LOG 18:26:33.948] [DragCubeSystem]: Drag cubes not found or cannot be read for part Part. Generating New drag cubes.
[LOG 18:26:33.948] [KSPCF/DragCubeGeneration] Creating drag cubes for part 'mk2Cockpit.Inline'
[LOG 18:26:33.955] PartLoader: Compiling Part 'Squad/Parts/Command/mk2CockpitStandard/mk2CockpitStandard/mk2Cockpit_Standard'
[WRN 18:26:33.958] [Part]: Cannot have ModuleCargoPart and ModuleInventoryPart on same Part [mk2Cockpit.Standard'. Removed ModuleCargoPart
[LOG 18:26:33.962] PartLoader: Part 'Squad/Parts/Command/mk2CockpitStandard/mk2CockpitStandard/mk2Cockpit_Standard' has no database record. Creating.
[LOG 18:26:33.962] [DragCubeSystem]: Drag cubes not found or cannot be read for part Part. Generating New drag cubes.
[LOG 18:26:33.962] [KSPCF/DragCubeGeneration] Creating drag cubes for part 'mk2Cockpit.Standard'
[LOG 18:26:33.967] PartLoader: Compiling Part 'Squad/Parts/Command/mk2DroneCore/mk2Dronecore/mk2DroneCore'
[LOG 18:26:33.972] PartLoader: Part 'Squad/Parts/Command/mk2DroneCore/mk2Dronecore/mk2DroneCore' has no database record. Creating.
[LOG 18:26:33.974] PartLoader: Compiling Part 'Squad/Parts/Command/mk2LanderCan/mk2LanderCan/mk2LanderCabin'
[WRN 18:26:33.977] [Part]: Cannot have ModuleCargoPart and ModuleInventoryPart on same Part [mk2LanderCabin'. Removed ModuleCargoPart
[LOG 18:26:33.980] PartLoader: Part 'Squad/Parts/Command/mk2LanderCan/mk2LanderCan/mk2LanderCabin' has no database record. Creating.
[LOG 18:26:33.980] [DragCubeSystem]: Drag cubes not found or cannot be read for part Part. Generating New drag cubes.
[LOG 18:26:33.980] [KSPCF/DragCubeGeneration] Creating drag cubes for part 'mk2LanderCabin'
[LOG 18:26:33.993] PartLoader: Compiling Part 'Squad/Parts/Command/mk2LanderCan_v2/mk2LanderCan_v2/mk2LanderCabin_v2'
[WRN 18:26:33.998] [Part]: Cannot have ModuleCargoPart and ModuleInventoryPart on same Part [mk2LanderCabin.v2'. Removed ModuleCargoPart
[LOG 18:26:34.004] PartLoader: Part 'Squad/Parts/Command/mk2LanderCan_v2/mk2LanderCan_v2/mk2LanderCabin_v2' has no database record. Creating.
[LOG 18:26:34.004] [DragCubeSystem]: Drag cubes not found or cannot be read for part Part. Generating New drag cubes.
[LOG 18:26:34.004] [KSPCF/DragCubeGeneration] Creating drag cubes for part 'mk2LanderCabin.v2'
[LOG 18:26:34.011] PartLoader: Compiling Part 'Squad/Parts/Command/mk3CockpitShuttle/mk3CockpitShuttle/mk3Cockpit_Shuttle'
[LOG 18:26:34.030] PartLoader: Part 'Squad/Parts/Command/mk3CockpitShuttle/mk3CockpitShuttle/mk3Cockpit_Shuttle' has no database record. Creating.
[LOG 18:26:34.030] [DragCubeSystem]: Drag cubes not found or cannot be read for part Part. Generating New drag cubes.
[LOG 18:26:34.030] [KSPCF/DragCubeGeneration] Creating drag cubes for part 'mk3Cockpit.Shuttle'
[LOG 18:26:34.036] PartLoader: Compiling Part 'Squad/Parts/Command/MpoProbe/MpoProbe/MpoProbe'
[LOG 18:26:34.041] PartLoader: Part 'Squad/Parts/Command/MpoProbe/MpoProbe/MpoProbe' has no database record. Creating.
[LOG 18:26:34.041] [DragCubeSystem]: Drag cubes not found or cannot be read for part Part. Generating New drag cubes.
[LOG 18:26:34.041] [KSPCF/DragCubeGeneration] Creating drag cubes for part 'MpoProbe'
[LOG 18:26:34.048] PartLoader: Compiling Part 'Squad/Parts/Command/MtmStage/MTM_Stage/MtmStage'
[LOG 18:26:34.057] PartLoader: Part 'Squad/Parts/Command/MtmStage/MTM_Stage/MtmStage' has no database record. Creating.
[LOG 18:26:34.057] [DragCubeSystem]: Drag cubes not found or cannot be read for part Part. Generating New drag cubes.
[LOG 18:26:34.058] [KSPCF/DragCubeGeneration] Creating drag cubes for part 'MtmStage'
[LOG 18:26:34.064] PartLoader: Compiling Part 'Squad/Parts/Command/probeCoreCube/probeCoreCube/probeCoreCube'
[LOG 18:26:34.071] PartLoader: Part 'Squad/Parts/Command/probeCoreCube/probeCoreCube/probeCoreCube' has no database record. Creating.
[LOG 18:26:34.072] PartLoader: Compiling Part 'Squad/Parts/Command/probeCoreHex/probeCoreHex/probeCoreHex'
[LOG 18:26:34.077] PartLoader: Part 'Squad/Parts/Command/probeCoreHex/probeCoreHex/probeCoreHex' has no database record. Creating.
[LOG 18:26:34.077] [DragCubeSystem]: Drag cubes not found or cannot be read for part Part. Generating New drag cubes.
[LOG 18:26:34.077] [KSPCF/DragCubeGeneration] Creating drag cubes for part 'probeCoreHex'
[LOG 18:26:34.084] PartLoader: Compiling Part 'Squad/Parts/Command/probeCoreHex_v2/probeCoreHex_v2/probeCoreHex_v2'
[LOG 18:26:34.093] PartLoader: Part 'Squad/Parts/Command/probeCoreHex_v2/probeCoreHex_v2/probeCoreHex_v2' has no database record. Creating.
[LOG 18:26:34.093] [DragCubeSystem]: Drag cubes not found or cannot be read for part Part. Generating New drag cubes.
[LOG 18:26:34.093] [KSPCF/DragCubeGeneration] Creating drag cubes for part 'probeCoreHex.v2'
[LOG 18:26:34.098] PartLoader: Compiling Part 'Squad/Parts/Command/probeCoreOcto2_v2/probeCoreOcto2_v2/probeCoreOcto2_v2'
[LOG 18:26:34.104] PartLoader: Part 'Squad/Parts/Command/probeCoreOcto2_v2/probeCoreOcto2_v2/probeCoreOcto2_v2' has no database record. Creating.
[LOG 18:26:34.104] [DragCubeSystem]: Drag cubes not found or cannot be read for part Part. Generating New drag cubes.
[LOG 18:26:34.104] [KSPCF/DragCubeGeneration] Creating drag cubes for part 'probeCoreOcto2.v2'
[LOG 18:26:34.110] PartLoader: Compiling Part 'Squad/Parts/Command/probeCoreOcto_v2/probeCoreOcto_v2/probeCoreOcto_v2'
[LOG 18:26:34.115] PartLoader: Part 'Squad/Parts/Command/probeCoreOcto_v2/probeCoreOcto_v2/probeCoreOcto_v2' has no database record. Creating.
[LOG 18:26:34.116] [DragCubeSystem]: Drag cubes not found or cannot be read for part Part. Generating New drag cubes.
[LOG 18:26:34.116] [KSPCF/DragCubeGeneration] Creating drag cubes for part 'probeCoreOcto.v2'
[LOG 18:26:34.121] PartLoader: Compiling Part 'Squad/Parts/Command/probeRoverBody/probeRoverBody/roverBody'
[LOG 18:26:34.127] PartLoader: Part 'Squad/Parts/Command/probeRoverBody/probeRoverBody/roverBody' has no database record. Creating.
[LOG 18:26:34.127] [DragCubeSystem]: Drag cubes not found or cannot be read for part Part. Generating New drag cubes.
[LOG 18:26:34.127] [KSPCF/DragCubeGeneration] Creating drag cubes for part 'roverBody'
[LOG 18:26:34.132] PartLoader: Compiling Part 'Squad/Parts/Command/probeRoverBody_v2/probeRoverBody_v2/roverBody_v2'
[LOG 18:26:34.141] PartLoader: Part 'Squad/Parts/Command/probeRoverBody_v2/probeRoverBody_v2/roverBody_v2' has no database record. Creating.
[LOG 18:26:34.142] [DragCubeSystem]: Drag cubes not found or cannot be read for part Part. Generating New drag cubes.
[LOG 18:26:34.142] [KSPCF/DragCubeGeneration] Creating drag cubes for part 'roverBody.v2'
[LOG 18:26:34.163] PartLoader: Compiling Part 'Squad/Parts/Command/probeStackLarge/probeStackLarge/probeStackLarge'
[LOG 18:26:34.171] PartLoader: Part 'Squad/Parts/Command/probeStackLarge/probeStackLarge/probeStackLarge' has no database record. Creating.
[LOG 18:26:34.172] [DragCubeSystem]: Drag cubes not found or cannot be read for part Part. Generating New drag cubes.
[LOG 18:26:34.172] [KSPCF/DragCubeGeneration] Creating drag cubes for part 'probeStackLarge'
[LOG 18:26:34.176] PartLoader: Compiling Part 'Squad/Parts/Command/probeStackSmall/probeStackSmall/probeStackSmall'
[LOG 18:26:34.182] PartLoader: Part 'Squad/Parts/Command/probeStackSmall/probeStackSmall/probeStackSmall' has no database record. Creating.
[LOG 18:26:34.182] [DragCubeSystem]: Drag cubes not found or cannot be read for part Part. Generating New drag cubes.
[LOG 18:26:34.182] [KSPCF/DragCubeGeneration] Creating drag cubes for part 'probeStackSmall'
[LOG 18:26:34.189] PartLoader: Compiling Part 'Squad/Parts/Command/probeStackSphere_v2/probeStackSphere_v2/probeCoreSphere_v2'
[LOG 18:26:34.195] PartLoader: Part 'Squad/Parts/Command/probeStackSphere_v2/probeStackSphere_v2/probeCoreSphere_v2' has no database record. Creating.
[LOG 18:26:34.197] PartLoader: Compiling Part 'Squad/Parts/CompoundParts/FuelLine/fuelLine/fuelLine'
[LOG 18:26:34.220] PartLoader: Part 'Squad/Parts/CompoundParts/FuelLine/fuelLine/fuelLine' has no database record. Creating.
[LOG 18:26:34.220] [DragCubeSystem]: Drag cubes not found or cannot be read for part CompoundPart. Generating New drag cubes.
[LOG 18:26:34.220] [KSPCF/DragCubeGeneration] Creating drag cubes for part 'fuelLine'
[LOG 18:26:34.225] PartLoader: Compiling Part 'Squad/Parts/CompoundParts/strutConnector/strutConnector/strutConnector'
[LOG 18:26:34.232] PartLoader: Part 'Squad/Parts/CompoundParts/strutConnector/strutConnector/strutConnector' has no database record. Creating.
[LOG 18:26:34.232] [DragCubeSystem]: Drag cubes not found or cannot be read for part CompoundPart. Generating New drag cubes.
[LOG 18:26:34.232] [KSPCF/DragCubeGeneration] Creating drag cubes for part 'strutConnector'
[LOG 18:26:34.236] PartLoader: Compiling Part 'Squad/Parts/Coupling/Decoupler_0/Decoupler_0'
[LOG 18:26:34.244] PartLoader: Part 'Squad/Parts/Coupling/Decoupler_0/Decoupler_0' has no database record. Creating.
[LOG 18:26:34.244] PartLoader: Compiling Part 'Squad/Parts/Coupling/Decoupler_1/Decoupler_1'
[LOG 18:26:34.250] PartLoader: Part 'Squad/Parts/Coupling/Decoupler_1/Decoupler_1' has no database record. Creating.
[LOG 18:26:34.251] PartLoader: Compiling Part 'Squad/Parts/Coupling/Decoupler_2/Decoupler_2'
[LOG 18:26:34.255] PartLoader: Part 'Squad/Parts/Coupling/Decoupler_2/Decoupler_2' has no database record. Creating.
[LOG 18:26:34.256] PartLoader: Compiling Part 'Squad/Parts/Coupling/Decoupler_3/Decoupler_3'
[LOG 18:26:34.260] PartLoader: Part 'Squad/Parts/Coupling/Decoupler_3/Decoupler_3' has no database record. Creating.
[LOG 18:26:34.260] PartLoader: Compiling Part 'Squad/Parts/Coupling/Separator_0/Separator_0'
[LOG 18:26:34.267] PartLoader: Part 'Squad/Parts/Coupling/Separator_0/Separator_0' has no database record. Creating.
[LOG 18:26:34.267] PartLoader: Compiling Part 'Squad/Parts/Coupling/Separator_1/Separator_1'
[LOG 18:26:34.274] PartLoader: Part 'Squad/Parts/Coupling/Separator_1/Separator_1' has no database record. Creating.
[LOG 18:26:34.275] PartLoader: Compiling Part 'Squad/Parts/Coupling/Separator_2/Separator_2'
[LOG 18:26:34.280] PartLoader: Part 'Squad/Parts/Coupling/Separator_2/Separator_2' has no database record. Creating.
[LOG 18:26:34.280] PartLoader: Compiling Part 'Squad/Parts/Coupling/Separator_3/Separator_3'
[LOG 18:26:34.286] PartLoader: Part 'Squad/Parts/Coupling/Separator_3/Separator_3' has no database record. Creating.
[LOG 18:26:34.287] PartLoader: Compiling Part 'Squad/Parts/Electrical/10CSolarPanels/OX-10C/solarPanelOX10C'
[LOG 18:26:34.300] PartLoader: Part 'Squad/Parts/Electrical/10CSolarPanels/OX-10C/solarPanelOX10C' has no database record. Creating.
[LOG 18:26:34.300] [DragCubeSystem]: Drag cubes not found or cannot be read for part Part. Generating New drag cubes.
[LOG 18:26:34.301] [KSPCF/DragCubeGeneration] Creating drag cubes for part 'solarPanelOX10C'
[LOG 18:26:34.319] PartLoader: Compiling Part 'Squad/Parts/Electrical/10CSolarPanels/SP-10C/solarPanelSP10C'
[LOG 18:26:34.326] PartLoader: Part 'Squad/Parts/Electrical/10CSolarPanels/SP-10C/solarPanelSP10C' has no database record. Creating.
[LOG 18:26:34.326] [DragCubeSystem]: Drag cubes not found or cannot be read for part Part. Generating New drag cubes.
[LOG 18:26:34.326] [KSPCF/DragCubeGeneration] Creating drag cubes for part 'solarPanelSP10C'
[LOG 18:26:34.342] PartLoader: Compiling Part 'Squad/Parts/Electrical/10LSolarPanels/OX-10L/solarPanelOX10L'
[LOG 18:26:34.346] PartLoader: Part 'Squad/Parts/Electrical/10LSolarPanels/OX-10L/solarPanelOX10L' has no database record. Creating.
[LOG 18:26:34.346] [DragCubeSystem]: Drag cubes not found or cannot be read for part Part. Generating New drag cubes.
[LOG 18:26:34.346] [KSPCF/DragCubeGeneration] Creating drag cubes for part 'solarPanelOX10L'
[LOG 18:26:34.361] PartLoader: Compiling Part 'Squad/Parts/Electrical/10LSolarPanels/SP-10L/solarPanelSP10L'
[LOG 18:26:34.365] PartLoader: Part 'Squad/Parts/Electrical/10LSolarPanels/SP-10L/solarPanelSP10L' has no database record. Creating.
[LOG 18:26:34.365] [DragCubeSystem]: Drag cubes not found or cannot be read for part Part. Generating New drag cubes.
[LOG 18:26:34.365] [KSPCF/DragCubeGeneration] Creating drag cubes for part 'solarPanelSP10L'
[LOG 18:26:34.381] PartLoader: Compiling Part 'Squad/Parts/Electrical/1x6ShroudSolarPanels/1x6ShroudSolarPanels/solarPanels2'
[LOG 18:26:34.386] PartLoader: Part 'Squad/Parts/Electrical/1x6ShroudSolarPanels/1x6ShroudSolarPanels/solarPanels2' has no database record. Creating.
[LOG 18:26:34.387] [DragCubeSystem]: Drag cubes not found or cannot be read for part Part. Generating New drag cubes.
[LOG 18:26:34.387] [KSPCF/DragCubeGeneration] Creating drag cubes for part 'solarPanels2'
[LOG 18:26:34.403] PartLoader: Compiling Part 'Squad/Parts/Electrical/1x6SolarPanels/1x6SolarPanels/solarPanels4'
[LOG 18:26:34.407] PartLoader: Part 'Squad/Parts/Electrical/1x6SolarPanels/1x6SolarPanels/solarPanels4' has no database record. Creating.
[LOG 18:26:34.407] [DragCubeSystem]: Drag cubes not found or cannot be read for part Part. Generating New drag cubes.
[LOG 18:26:34.407] [KSPCF/DragCubeGeneration] Creating drag cubes for part 'solarPanels4'
[LOG 18:26:34.422] PartLoader: Compiling Part 'Squad/Parts/Electrical/3x2ShroudSolarPanels/3x2ShroudSolarPanels/solarPanels1'
[LOG 18:26:34.428] PartLoader: Part 'Squad/Parts/Electrical/3x2ShroudSolarPanels/3x2ShroudSolarPanels/solarPanels1' has no database record. Creating.
[LOG 18:26:34.428] [DragCubeSystem]: Drag cubes not found or cannot be read for part Part. Generating New drag cubes.
[LOG 18:26:34.428] [KSPCF/DragCubeGeneration] Creating drag cubes for part 'solarPanels1'
[LOG 18:26:34.443] PartLoader: Compiling Part 'Squad/Parts/Electrical/3x2SolarPanels/3x2SolarPanels/solarPanels3'
[LOG 18:26:34.447] PartLoader: Part 'Squad/Parts/Electrical/3x2SolarPanels/3x2SolarPanels/solarPanels3' has no database record. Creating.
[LOG 18:26:34.447] [DragCubeSystem]: Drag cubes not found or cannot be read for part Part. Generating New drag cubes.
[LOG 18:26:34.447] [KSPCF/DragCubeGeneration] Creating drag cubes for part 'solarPanels3'
[LOG 18:26:34.463] PartLoader: Compiling Part 'Squad/Parts/Electrical/gigantorXlSolarArray/gigantorXlSolarArray/largeSolarPanel'
[LOG 18:26:34.468] PartLoader: Part 'Squad/Parts/Electrical/gigantorXlSolarArray/gigantorXlSolarArray/largeSolarPanel' has no database record. Creating.
[LOG 18:26:34.469] [DragCubeSystem]: Drag cubes not found or cannot be read for part Part. Generating New drag cubes.
[LOG 18:26:34.469] [KSPCF/DragCubeGeneration] Creating drag cubes for part 'largeSolarPanel'
[LOG 18:26:34.483] PartLoader: Compiling Part 'Squad/Parts/Electrical/radialFlatSolarPanel/radialFlatSolarPanel/solarPanels5'
[LOG 18:26:34.489] PartLoader: Part 'Squad/Parts/Electrical/radialFlatSolarPanel/radialFlatSolarPanel/solarPanels5' has no database record. Creating.
[LOG 18:26:34.489] [DragCubeSystem]: Drag cubes not found or cannot be read for part Part. Generating New drag cubes.
[LOG 18:26:34.489] [KSPCF/DragCubeGeneration] Creating drag cubes for part 'solarPanels5'
[LOG 18:26:34.496] PartLoader: Compiling Part 'Squad/Parts/Electrical/RTG/RTG/rtg'
[LOG 18:26:34.506] PartLoader: Part 'Squad/Parts/Electrical/RTG/RTG/rtg' has no database record. Creating.
[LOG 18:26:34.506] [DragCubeSystem]: Drag cubes not found or cannot be read for part Part. Generating New drag cubes.
[LOG 18:26:34.506] [KSPCF/DragCubeGeneration] Creating drag cubes for part 'rtg'
[LOG 18:26:34.512] PartLoader: Compiling Part 'Squad/Parts/Electrical/z-100Battery/z-100Battery/batteryPack'
[LOG 18:26:34.516] PartLoader: Part 'Squad/Parts/Electrical/z-100Battery/z-100Battery/batteryPack' has no database record. Creating.
[LOG 18:26:34.516] [DragCubeSystem]: Drag cubes not found or cannot be read for part Part. Generating New drag cubes.
[LOG 18:26:34.516] [KSPCF/DragCubeGeneration] Creating drag cubes for part 'batteryPack'
[LOG 18:26:34.520] PartLoader: Compiling Part 'Squad/Parts/Electrical/z-1kBattery/z-1kBattery/batteryBank'
[LOG 18:26:34.523] PartLoader: Part 'Squad/Parts/Electrical/z-1kBattery/z-1kBattery/batteryBank' has no database record. Creating.
[LOG 18:26:34.523] [DragCubeSystem]: Drag cubes not found or cannot be read for part Part. Generating New drag cubes.
[LOG 18:26:34.523] [KSPCF/DragCubeGeneration] Creating drag cubes for part 'batteryBank'
[LOG 18:26:34.529] PartLoader: Compiling Part 'Squad/Parts/Electrical/z-200Battery/z-200Battery/batteryBankMini'
[LOG 18:26:34.532] PartLoader: Part 'Squad/Parts/Electrical/z-200Battery/z-200Battery/batteryBankMini' has no database record. Creating.
[LOG 18:26:34.532] [DragCubeSystem]: Drag cubes not found or cannot be read for part Part. Generating New drag cubes.
[LOG 18:26:34.532] [KSPCF/DragCubeGeneration] Creating drag cubes for part 'batteryBankMini'
[LOG 18:26:34.536] PartLoader: Compiling Part 'Squad/Parts/Electrical/z-400Battery/z-400Battery/ksp_r_largeBatteryPack'
[LOG 18:26:34.539] PartLoader: Part 'Squad/Parts/Electrical/z-400Battery/z-400Battery/ksp_r_largeBatteryPack' has no database record. Creating.
[LOG 18:26:34.539] [DragCubeSystem]: Drag cubes not found or cannot be read for part Part. Generating New drag cubes.
[LOG 18:26:34.539] [KSPCF/DragCubeGeneration] Creating drag cubes for part 'ksp.r.largeBatteryPack'
[LOG 18:26:34.543] PartLoader: Compiling Part 'Squad/Parts/Electrical/z-4kBattery/z-4kBattery/batteryBankLarge'
[LOG 18:26:34.545] PartLoader: Part 'Squad/Parts/Electrical/z-4kBattery/z-4kBattery/batteryBankLarge' has no database record. Creating.
[LOG 18:26:34.545] [DragCubeSystem]: Drag cubes not found or cannot be read for part Part. Generating New drag cubes.
[LOG 18:26:34.545] [KSPCF/DragCubeGeneration] Creating drag cubes for part 'batteryBankLarge'
[LOG 18:26:34.549] PartLoader: Compiling Part 'Squad/Parts/Engine/ionEngine/ionEngine/ionEngine'
[LOG 18:26:34.566] PartLoader: Part 'Squad/Parts/Engine/ionEngine/ionEngine/ionEngine' has no database record. Creating.
[LOG 18:26:34.566] [DragCubeSystem]: Drag cubes not found or cannot be read for part Part. Generating New drag cubes.
[LOG 18:26:34.566] [KSPCF/DragCubeGeneration] Creating drag cubes for part 'ionEngine'
[LOG 18:26:34.575] PartLoader: Compiling Part 'Squad/Parts/Engine/jetEngines/jetEngineAfterburning/turboJet'
[LOG 18:26:34.613] PartLoader: Part 'Squad/Parts/Engine/jetEngines/jetEngineAfterburning/turboJet' has no database record. Creating.
[LOG 18:26:34.613] [DragCubeSystem]: Drag cubes not found or cannot be read for part Part. Generating New drag cubes.
[LOG 18:26:34.613] [KSPCF/DragCubeGeneration] Creating drag cubes for part 'turboJet'
[LOG 18:26:34.621] PartLoader: Compiling Part 'Squad/Parts/Engine/jetEngines/jetEngineBasic/JetEngine'
[LOG 18:26:34.629] PartLoader: Part 'Squad/Parts/Engine/jetEngines/jetEngineBasic/JetEngine' has no database record. Creating.
[LOG 18:26:34.629] [DragCubeSystem]: Drag cubes not found or cannot be read for part Part. Generating New drag cubes.
[LOG 18:26:34.629] [KSPCF/DragCubeGeneration] Creating drag cubes for part 'JetEngine'
[LOG 18:26:34.644] PartLoader: Compiling Part 'Squad/Parts/Engine/jetEngines/jetEngineBig/turboFanSize2'
[LOG 18:26:34.653] PartLoader: Part 'Squad/Parts/Engine/jetEngines/jetEngineBig/turboFanSize2' has no database record. Creating.
[LOG 18:26:34.653] [DragCubeSystem]: Drag cubes not found or cannot be read for part Part. Generating New drag cubes.
[LOG 18:26:34.653] [KSPCF/DragCubeGeneration] Creating drag cubes for part 'turboFanSize2'
[LOG 18:26:34.667] PartLoader: Compiling Part 'Squad/Parts/Engine/jetEngines/jetEngineTurbo/turboFanEngine'
[LOG 18:26:34.676] PartLoader: Part 'Squad/Parts/Engine/jetEngines/jetEngineTurbo/turboFanEngine' has no database record. Creating.
[LOG 18:26:34.676] [DragCubeSystem]: Drag cubes not found or cannot be read for part Part. Generating New drag cubes.
[LOG 18:26:34.676] [KSPCF/DragCubeGeneration] Creating drag cubes for part 'turboFanEngine'
[LOG 18:26:34.683] PartLoader: Compiling Part 'Squad/Parts/Engine/liquidEngine24-77/liquidEngine24-77/smallRadialEngine'
[LOG 18:26:34.691] PartLoader: Part 'Squad/Parts/Engine/liquidEngine24-77/liquidEngine24-77/smallRadialEngine' has no database record. Creating.
[LOG 18:26:34.691] [DragCubeSystem]: Drag cubes not found or cannot be read for part Part. Generating New drag cubes.
[LOG 18:26:34.691] [KSPCF/DragCubeGeneration] Creating drag cubes for part 'smallRadialEngine'
[LOG 18:26:34.698] PartLoader: Compiling Part 'Squad/Parts/Engine/liquidEngine24-77_v2/liquidEngine24-77_v2/smallRadialEngine_v2'
[LOG 18:26:34.708] PartLoader: Part 'Squad/Parts/Engine/liquidEngine24-77_v2/liquidEngine24-77_v2/smallRadialEngine_v2' has no database record. Creating.
[LOG 18:26:34.708] [DragCubeSystem]: Drag cubes not found or cannot be read for part Part. Generating New drag cubes.
[LOG 18:26:34.709] [KSPCF/DragCubeGeneration] Creating drag cubes for part 'smallRadialEngine.v2'
[LOG 18:26:34.716] PartLoader: Compiling Part 'Squad/Parts/Engine/liquidEngine48-7S_v2/liquidEngine48-7S_v2/liquidEngineMini_v2'
[LOG 18:26:34.724] PartLoader: Part 'Squad/Parts/Engine/liquidEngine48-7S_v2/liquidEngine48-7S_v2/liquidEngineMini_v2' has no database record. Creating.
[LOG 18:26:34.724] [DragCubeSystem]: Drag cubes not found or cannot be read for part Part. Generating New drag cubes.
[LOG 18:26:34.724] [KSPCF/DragCubeGeneration] Creating drag cubes for part 'liquidEngineMini.v2'
[LOG 18:26:34.752] PartLoader: Compiling Part 'Squad/Parts/Engine/liquidEngineAerospike/liquidEngineAerospike/toroidalAerospike'
[LOG 18:26:34.767] PartLoader: Part 'Squad/Parts/Engine/liquidEngineAerospike/liquidEngineAerospike/toroidalAerospike' has no database record. Creating.
[LOG 18:26:34.768] [DragCubeSystem]: Drag cubes not found or cannot be read for part Part. Generating New drag cubes.
[LOG 18:26:34.768] [KSPCF/DragCubeGeneration] Creating drag cubes for part 'toroidalAerospike'
[LOG 18:26:34.782] PartLoader: Compiling Part 'Squad/Parts/Engine/liquidEngineLV-1_v2/liquidEngineLV-1R _v2/radialEngineMini_v2'
[LOG 18:26:34.791] PartLoader: Part 'Squad/Parts/Engine/liquidEngineLV-1_v2/liquidEngineLV-1R _v2/radialEngineMini_v2' has no database record. Creating.
[LOG 18:26:34.791] [DragCubeSystem]: Drag cubes not found or cannot be read for part Part. Generating New drag cubes.
[LOG 18:26:34.791] [KSPCF/DragCubeGeneration] Creating drag cubes for part 'radialEngineMini.v2'
[LOG 18:26:34.805] PartLoader: Compiling Part 'Squad/Parts/Engine/liquidEngineLV-1_v2/liquidEngineLV-1_v2/microEngine_v2'
[LOG 18:26:34.814] PartLoader: Part 'Squad/Parts/Engine/liquidEngineLV-1_v2/liquidEngineLV-1_v2/microEngine_v2' has no database record. Creating.
[LOG 18:26:34.814] [DragCubeSystem]: Drag cubes not found or cannot be read for part Part. Generating New drag cubes.
[LOG 18:26:34.814] [KSPCF/DragCubeGeneration] Creating drag cubes for part 'microEngine.v2'
[LOG 18:26:34.826] PartLoader: Compiling Part 'Squad/Parts/Engine/liquidEngineLV-909_v2/liquidEngineLV-909_v2/liquidEngine3_v2'
[LOG 18:26:34.835] PartLoader: Part 'Squad/Parts/Engine/liquidEngineLV-909_v2/liquidEngineLV-909_v2/liquidEngine3_v2' has no database record. Creating.
[LOG 18:26:34.835] [DragCubeSystem]: Drag cubes not found or cannot be read for part Part. Generating New drag cubes.
[LOG 18:26:34.835] [KSPCF/DragCubeGeneration] Creating drag cubes for part 'liquidEngine3.v2'
[LOG 18:26:34.862] PartLoader: Compiling Part 'Squad/Parts/Engine/liquidEngineLV-N/liquidEngineLV-N/nuclearEngine'
[LOG 18:26:34.869] PartLoader: Part 'Squad/Parts/Engine/liquidEngineLV-N/liquidEngineLV-N/nuclearEngine' has no database record. Creating.
[LOG 18:26:34.869] [DragCubeSystem]: Drag cubes not found or cannot be read for part Part. Generating New drag cubes.
[LOG 18:26:34.869] [KSPCF/DragCubeGeneration] Part 'nuclearEngine' has defined a procedural drag cube setup
[LOG 18:26:34.870] PartLoader: Compiling Part 'Squad/Parts/Engine/liquidEngineLV-T30/liquidEngineLV-T30/liquidEngine'
[LOG 18:26:34.876] PartLoader: Part 'Squad/Parts/Engine/liquidEngineLV-T30/liquidEngineLV-T30/liquidEngine' has no database record. Creating.
[LOG 18:26:34.876] [DragCubeSystem]: Drag cubes not found or cannot be read for part Part. Generating New drag cubes.
[LOG 18:26:34.876] [KSPCF/DragCubeGeneration] Creating drag cubes for part 'liquidEngine'
[LOG 18:26:34.888] PartLoader: Compiling Part 'Squad/Parts/Engine/liquidEngineLV-T30_v2/liquidEngineLV-T30_v2/liquidEngine_v2'
[LOG 18:26:34.895] PartLoader: Part 'Squad/Parts/Engine/liquidEngineLV-T30_v2/liquidEngineLV-T30_v2/liquidEngine_v2' has no database record. Creating.
[LOG 18:26:34.896] PartLoader: Compiling Part 'Squad/Parts/Engine/liquidEngineLV-T45/liquidEngineLV-T45/liquidEngine2'
[LOG 18:26:34.904] PartLoader: Part 'Squad/Parts/Engine/liquidEngineLV-T45/liquidEngineLV-T45/liquidEngine2' has no database record. Creating.
[LOG 18:26:34.904] [DragCubeSystem]: Drag cubes not found or cannot be read for part Part. Generating New drag cubes.
[LOG 18:26:34.904] [KSPCF/DragCubeGeneration] Creating drag cubes for part 'liquidEngine2'
[LOG 18:26:34.918] PartLoader: Compiling Part 'Squad/Parts/Engine/liquidEngineLV-T45_v2/liquidEngineLV-T45_v2/liquidEngine2_v2'
[LOG 18:26:34.927] PartLoader: Part 'Squad/Parts/Engine/liquidEngineLV-T45_v2/liquidEngineLV-T45_v2/liquidEngine2_v2' has no database record. Creating.
[LOG 18:26:34.929] PartLoader: Compiling Part 'Squad/Parts/Engine/liquidEngineMainsail_v2/liquidEngineMainsail_v2/liquidEngineMainsail_v2'
[LOG 18:26:34.938] PartLoader: Part 'Squad/Parts/Engine/liquidEngineMainsail_v2/liquidEngineMainsail_v2/liquidEngineMainsail_v2' has no database record. Creating.
[LOG 18:26:34.938] [DragCubeSystem]: Drag cubes not found or cannot be read for part Part. Generating New drag cubes.
[LOG 18:26:34.938] [KSPCF/DragCubeGeneration] Creating drag cubes for part 'liquidEngineMainsail.v2'
[LOG 18:26:34.966] PartLoader: Compiling Part 'Squad/Parts/Engine/liquidEngineMk55/liquidEngineMk55/radialLiquidEngine1-2'
[LOG 18:26:34.972] PartLoader: Part 'Squad/Parts/Engine/liquidEngineMk55/liquidEngineMk55/radialLiquidEngine1-2' has no database record. Creating.
[LOG 18:26:34.972] [DragCubeSystem]: Drag cubes not found or cannot be read for part Part. Generating New drag cubes.
[LOG 18:26:34.972] [KSPCF/DragCubeGeneration] Creating drag cubes for part 'radialLiquidEngine1-2'
[LOG 18:26:34.976] PartLoader: Compiling Part 'Squad/Parts/Engine/liquidEnginePoodle_v2/liquidEnginePoodle_v2/liquidEngine2-2_v2'
[LOG 18:26:34.986] PartLoader: Part 'Squad/Parts/Engine/liquidEnginePoodle_v2/liquidEnginePoodle_v2/liquidEngine2-2_v2' has no database record. Creating.
[LOG 18:26:34.987] PartLoader: Compiling Part 'Squad/Parts/Engine/liquidEngineSkipper_v2/skipperLiquidEngine_v2/engineLargeSkipper_v2'
[LOG 18:26:35.003] PartLoader: Part 'Squad/Parts/Engine/liquidEngineSkipper_v2/skipperLiquidEngine_v2/engineLargeSkipper_v2' has no database record. Creating.
[LOG 18:26:35.003] [DragCubeSystem]: Drag cubes not found or cannot be read for part Part. Generating New drag cubes.
[LOG 18:26:35.003] [KSPCF/DragCubeGeneration] Creating drag cubes for part 'engineLargeSkipper.v2'
[LOG 18:26:35.051] PartLoader: Compiling Part 'Squad/Parts/Engine/liquidEngineSSME/SSME/SSME'
[LOG 18:26:35.059] PartLoader: Part 'Squad/Parts/Engine/liquidEngineSSME/SSME/SSME' has no database record. Creating.
[LOG 18:26:35.059] [DragCubeSystem]: Drag cubes not found or cannot be read for part Part. Generating New drag cubes.
[LOG 18:26:35.059] [KSPCF/DragCubeGeneration] Creating drag cubes for part 'SSME'
[LOG 18:26:35.073] PartLoader: Compiling Part 'Squad/Parts/Engine/MassiveSRB/part/MassiveBooster'
[LOG 18:26:35.082] PartLoader: Part 'Squad/Parts/Engine/MassiveSRB/part/MassiveBooster' has no database record. Creating.
[LOG 18:26:35.082] [DragCubeSystem]: Drag cubes not found or cannot be read for part Part. Generating New drag cubes.
[LOG 18:26:35.082] [KSPCF/DragCubeGeneration] Creating drag cubes for part 'MassiveBooster'
[LOG 18:26:35.087] PartLoader: Compiling Part 'Squad/Parts/Engine/miniJet/SmallJetEngine/miniJetEngine'
[LOG 18:26:35.093] PartLoader: Part 'Squad/Parts/Engine/miniJet/SmallJetEngine/miniJetEngine' has no database record. Creating.
[LOG 18:26:35.093] [DragCubeSystem]: Drag cubes not found or cannot be read for part Part. Generating New drag cubes.
[LOG 18:26:35.093] [KSPCF/DragCubeGeneration] Creating drag cubes for part 'miniJetEngine'
[LOG 18:26:35.099] PartLoader: Compiling Part 'Squad/Parts/Engine/OMSEngine/omsEngine/omsEngine'
[LOG 18:26:35.110] PartLoader: Part 'Squad/Parts/Engine/OMSEngine/omsEngine/omsEngine' has no database record. Creating.
[LOG 18:26:35.110] [DragCubeSystem]: Drag cubes not found or cannot be read for part Part. Generating New drag cubes.
[LOG 18:26:35.110] [KSPCF/DragCubeGeneration] Creating drag cubes for part 'omsEngine'
[LOG 18:26:35.114] PartLoader: Compiling Part 'Squad/Parts/Engine/rapierEngine/rapierEngine/RAPIER'
[LOG 18:26:35.124] PartLoader: Part 'Squad/Parts/Engine/rapierEngine/rapierEngine/RAPIER' has no database record. Creating.
[LOG 18:26:35.124] [DragCubeSystem]: Drag cubes not found or cannot be read for part Part. Generating New drag cubes.
[LOG 18:26:35.124] [KSPCF/DragCubeGeneration] Creating drag cubes for part 'RAPIER'
[LOG 18:26:35.130] PartLoader: Compiling Part 'Squad/Parts/Engine/Size1_SRBs/solidBoosterRT-10_v2/solidBooster_v2'
[LOG 18:26:35.136] PartLoader: Part 'Squad/Parts/Engine/Size1_SRBs/solidBoosterRT-10_v2/solidBooster_v2' has no database record. Creating.
[LOG 18:26:35.136] [DragCubeSystem]: Drag cubes not found or cannot be read for part Part. Generating New drag cubes.
[LOG 18:26:35.136] [KSPCF/DragCubeGeneration] Creating drag cubes for part 'solidBooster.v2'
[LOG 18:26:35.148] PartLoader: Compiling Part 'Squad/Parts/Engine/Size1_SRBs/solidBoosterRT-5_v2/solidBooster_sm_v2'
[LOG 18:26:35.155] PartLoader: Part 'Squad/Parts/Engine/Size1_SRBs/solidBoosterRT-5_v2/solidBooster_sm_v2' has no database record. Creating.
[LOG 18:26:35.155] [DragCubeSystem]: Drag cubes not found or cannot be read for part Part. Generating New drag cubes.
[LOG 18:26:35.155] [KSPCF/DragCubeGeneration] Creating drag cubes for part 'solidBooster.sm.v2'
[LOG 18:26:35.169] PartLoader: Compiling Part 'Squad/Parts/Engine/Size2LFB/part/Size2LFB'
[LOG 18:26:35.176] PartLoader: Part 'Squad/Parts/Engine/Size2LFB/part/Size2LFB' has no database record. Creating.
[LOG 18:26:35.176] [DragCubeSystem]: Drag cubes not found or cannot be read for part Part. Generating New drag cubes.
[LOG 18:26:35.176] [KSPCF/DragCubeGeneration] Creating drag cubes for part 'Size2LFB'
[LOG 18:26:35.182] PartLoader: Compiling Part 'Squad/Parts/Engine/Size2LFB_v2/part/Size2LFB_v2'
[LOG 18:26:35.189] PartLoader: Part 'Squad/Parts/Engine/Size2LFB_v2/part/Size2LFB_v2' has no database record. Creating.
[LOG 18:26:35.189] [DragCubeSystem]: Drag cubes not found or cannot be read for part Part. Generating New drag cubes.
[LOG 18:26:35.189] [KSPCF/DragCubeGeneration] Creating drag cubes for part 'Size2LFB.v2'
[LOG 18:26:35.196] PartLoader: Compiling Part 'Squad/Parts/Engine/Size3AdvancedEngine/part/Size3AdvancedEngine'
[LOG 18:26:35.204] PartLoader: Part 'Squad/Parts/Engine/Size3AdvancedEngine/part/Size3AdvancedEngine' has no database record. Creating.
[LOG 18:26:35.204] [DragCubeSystem]: Drag cubes not found or cannot be read for part Part. Generating New drag cubes.
[LOG 18:26:35.205] [KSPCF/DragCubeGeneration] Creating drag cubes for part 'Size3AdvancedEngine'
[LOG 18:26:35.222] PartLoader: Compiling Part 'Squad/Parts/Engine/Size3EngineCluster/part/Size3EngineCluster'
[LOG 18:26:35.229] PartLoader: Part 'Squad/Parts/Engine/Size3EngineCluster/part/Size3EngineCluster' has no database record. Creating.
[LOG 18:26:35.230] [DragCubeSystem]: Drag cubes not found or cannot be read for part Part. Generating New drag cubes.
[LOG 18:26:35.230] [KSPCF/DragCubeGeneration] Creating drag cubes for part 'Size3EngineCluster'
[LOG 18:26:35.235] PartLoader: Compiling Part 'Squad/Parts/Engine/solidBoosterBACC/solidBoosterBACC/solidBooster1-1'
[LOG 18:26:35.241] PartLoader: Part 'Squad/Parts/Engine/solidBoosterBACC/solidBoosterBACC/solidBooster1-1' has no database record. Creating.
[LOG 18:26:35.241] [DragCubeSystem]: Drag cubes not found or cannot be read for part Part. Generating New drag cubes.
[LOG 18:26:35.241] [KSPCF/DragCubeGeneration] Creating drag cubes for part 'solidBooster1-1'
[LOG 18:26:35.247] PartLoader: Compiling Part 'Squad/Parts/Engine/solidBoosterS2-17/solidBoosterS2-17/Thoroughbred'
[LOG 18:26:35.255] PartLoader: Part 'Squad/Parts/Engine/solidBoosterS2-17/solidBoosterS2-17/Thoroughbred' has no database record. Creating.
[LOG 18:26:35.255] [DragCubeSystem]: Drag cubes not found or cannot be read for part Part. Generating New drag cubes.
[LOG 18:26:35.255] [KSPCF/DragCubeGeneration] Creating drag cubes for part 'Thoroughbred'
[LOG 18:26:35.261] PartLoader: Compiling Part 'Squad/Parts/Engine/solidBoosterS2-33/solidBoosterS2-33/Clydesdale'
[LOG 18:26:35.266] PartLoader: Part 'Squad/Parts/Engine/solidBoosterS2-33/solidBoosterS2-33/Clydesdale' has no database record. Creating.
[LOG 18:26:35.266] [DragCubeSystem]: Drag cubes not found or cannot be read for part Part. Generating New drag cubes.
[LOG 18:26:35.267] [KSPCF/DragCubeGeneration] Creating drag cubes for part 'Clydesdale'
[LOG 18:26:35.272] PartLoader: Compiling Part 'Squad/Parts/Engine/solidBoosterSep/solidBoosterSep/sepMotor1'
[LOG 18:26:35.275] [ModuleCargoPart]: Setting stackableQuantity to 1 as sepMotor1 contains resources
[LOG 18:26:35.277] PartLoader: Part 'Squad/Parts/Engine/solidBoosterSep/solidBoosterSep/sepMotor1' has no database record. Creating.
[LOG 18:26:35.277] [DragCubeSystem]: Drag cubes not found or cannot be read for part Part. Generating New drag cubes.
[LOG 18:26:35.277] [KSPCF/DragCubeGeneration] Creating drag cubes for part 'sepMotor1'
[LOG 18:26:35.282] PartLoader: Compiling Part 'Squad/Parts/Engine/SolidBoostersF/SolidBoosterF3S0/Shrimp'
[LOG 18:26:35.289] PartLoader: Part 'Squad/Parts/Engine/SolidBoostersF/SolidBoosterF3S0/Shrimp' has no database record. Creating.
[LOG 18:26:35.289] [DragCubeSystem]: Drag cubes not found or cannot be read for part Part. Generating New drag cubes.
[LOG 18:26:35.289] [KSPCF/DragCubeGeneration] Creating drag cubes for part 'Shrimp'
[LOG 18:26:35.294] PartLoader: Compiling Part 'Squad/Parts/Engine/SolidBoostersF/SolidBoosterFM1/Mite'
[LOG 18:26:35.300] PartLoader: Part 'Squad/Parts/Engine/SolidBoostersF/SolidBoosterFM1/Mite' has no database record. Creating.
[LOG 18:26:35.300] [DragCubeSystem]: Drag cubes not found or cannot be read for part Part. Generating New drag cubes.
[LOG 18:26:35.300] [KSPCF/DragCubeGeneration] Creating drag cubes for part 'Mite'
[LOG 18:26:35.305] PartLoader: Compiling Part 'Squad/Parts/FuelTank/adapterTanks/Mk3-Mk2/adapterMk3-Mk2'
[LOG 18:26:35.307] PartLoader: Part 'Squad/Parts/FuelTank/adapterTanks/Mk3-Mk2/adapterMk3-Mk2' has no database record. Creating.
[LOG 18:26:35.307] [DragCubeSystem]: Drag cubes not found or cannot be read for part Part. Generating New drag cubes.
[LOG 18:26:35.307] [KSPCF/DragCubeGeneration] Creating drag cubes for part 'adapterMk3-Mk2'
[LOG 18:26:35.312] PartLoader: Compiling Part 'Squad/Parts/FuelTank/adapterTanks/Mk3-ShuttleAdapter/adapterEngines'
[LOG 18:26:35.314] PartLoader: Part 'Squad/Parts/FuelTank/adapterTanks/Mk3-ShuttleAdapter/adapterEngines' has no database record. Creating.
[LOG 18:26:35.314] [DragCubeSystem]: Drag cubes not found or cannot be read for part Part. Generating New drag cubes.
[LOG 18:26:35.314] [KSPCF/DragCubeGeneration] Creating drag cubes for part 'adapterEngines'
[LOG 18:26:35.319] PartLoader: Compiling Part 'Squad/Parts/FuelTank/adapterTanks/Mk3-Size2/adapterMk3-Size2'
[LOG 18:26:35.322] PartLoader: Part 'Squad/Parts/FuelTank/adapterTanks/Mk3-Size2/adapterMk3-Size2' has no database record. Creating.
[LOG 18:26:35.322] [DragCubeSystem]: Drag cubes not found or cannot be read for part Part. Generating New drag cubes.
[LOG 18:26:35.322] [KSPCF/DragCubeGeneration] Creating drag cubes for part 'adapterMk3-Size2'
[LOG 18:26:35.326] PartLoader: Compiling Part 'Squad/Parts/FuelTank/adapterTanks/Mk3-Size2Slant/adapterMk3-Size2Slant'
[LOG 18:26:35.329] PartLoader: Part 'Squad/Parts/FuelTank/adapterTanks/Mk3-Size2Slant/adapterMk3-Size2Slant' has no database record. Creating.
[LOG 18:26:35.329] [DragCubeSystem]: Drag cubes not found or cannot be read for part Part. Generating New drag cubes.
[LOG 18:26:35.329] [KSPCF/DragCubeGeneration] Creating drag cubes for part 'adapterMk3-Size2Slant'
[LOG 18:26:35.334] PartLoader: Compiling Part 'Squad/Parts/FuelTank/adapterTanks/Size2-Mk2/adapterSize2-Mk2'
[LOG 18:26:35.337] PartLoader: Part 'Squad/Parts/FuelTank/adapterTanks/Size2-Mk2/adapterSize2-Mk2' has no database record. Creating.
[LOG 18:26:35.337] [DragCubeSystem]: Drag cubes not found or cannot be read for part Part. Generating New drag cubes.
[LOG 18:26:35.337] [KSPCF/DragCubeGeneration] Creating drag cubes for part 'adapterSize2-Mk2'
[LOG 18:26:35.341] PartLoader: Compiling Part 'Squad/Parts/FuelTank/adapterTanks/Size2-Size1/adapterSize2-Size1'
[LOG 18:26:35.344] PartLoader: Part 'Squad/Parts/FuelTank/adapterTanks/Size2-Size1/adapterSize2-Size1' has no database record. Creating.
[LOG 18:26:35.344] [DragCubeSystem]: Drag cubes not found or cannot be read for part Part. Generating New drag cubes.
[LOG 18:26:35.344] [KSPCF/DragCubeGeneration] Creating drag cubes for part 'adapterSize2-Size1'
[LOG 18:26:35.348] PartLoader: Compiling Part 'Squad/Parts/FuelTank/adapterTanks/Size2-Size1Slant/adapterSize2-Size1Slant'
[LOG 18:26:35.351] PartLoader: Part 'Squad/Parts/FuelTank/adapterTanks/Size2-Size1Slant/adapterSize2-Size1Slant' has no database record. Creating.
[LOG 18:26:35.351] [DragCubeSystem]: Drag cubes not found or cannot be read for part Part. Generating New drag cubes.
[LOG 18:26:35.351] [KSPCF/DragCubeGeneration] Creating drag cubes for part 'adapterSize2-Size1Slant'
[LOG 18:26:35.357] PartLoader: Compiling Part 'Squad/Parts/FuelTank/adapterTanks/Size3-Mk3/adapterSize3-Mk3'
[LOG 18:26:35.360] PartLoader: Part 'Squad/Parts/FuelTank/adapterTanks/Size3-Mk3/adapterSize3-Mk3' has no database record. Creating.
[LOG 18:26:35.360] [DragCubeSystem]: Drag cubes not found or cannot be read for part Part. Generating New drag cubes.
[LOG 18:26:35.360] [KSPCF/DragCubeGeneration] Creating drag cubes for part 'adapterSize3-Mk3'
[LOG 18:26:35.364] PartLoader: Compiling Part 'Squad/Parts/FuelTank/drainTankFTE-1/ReleaseValve/ReleaseValve'
[LOG 18:26:35.374] PartLoader: Part 'Squad/Parts/FuelTank/drainTankFTE-1/ReleaseValve/ReleaseValve' has no database record. Creating.
[LOG 18:26:35.374] [DragCubeSystem]: Drag cubes not found or cannot be read for part Part. Generating New drag cubes.
[LOG 18:26:35.374] [KSPCF/DragCubeGeneration] Creating drag cubes for part 'ReleaseValve'
[LOG 18:26:35.379] PartLoader: Compiling Part 'Squad/Parts/FuelTank/FoilTanks/RadialTank_Capsule/externalTankCapsule'
[LOG 18:26:35.382] PartLoader: Part 'Squad/Parts/FuelTank/FoilTanks/RadialTank_Capsule/externalTankCapsule' has no database record. Creating.
[LOG 18:26:35.382] [DragCubeSystem]: Drag cubes not found or cannot be read for part Part. Generating New drag cubes.
[LOG 18:26:35.382] [KSPCF/DragCubeGeneration] Creating drag cubes for part 'externalTankCapsule'
[LOG 18:26:35.387] PartLoader: Compiling Part 'Squad/Parts/FuelTank/FoilTanks/RadialTank_Round/externalTankRound'
[LOG 18:26:35.392] PartLoader: Part 'Squad/Parts/FuelTank/FoilTanks/RadialTank_Round/externalTankRound' has no database record. Creating.
[LOG 18:26:35.392] [DragCubeSystem]: Drag cubes not found or cannot be read for part Part. Generating New drag cubes.
[LOG 18:26:35.392] [KSPCF/DragCubeGeneration] Creating drag cubes for part 'externalTankRound'
[LOG 18:26:35.398] PartLoader: Compiling Part 'Squad/Parts/FuelTank/FoilTanks/ToroidTank/externalTankToroid'
[LOG 18:26:35.402] PartLoader: Part 'Squad/Parts/FuelTank/FoilTanks/ToroidTank/externalTankToroid' has no database record. Creating.
[LOG 18:26:35.402] [DragCubeSystem]: Drag cubes not found or cannot be read for part Part. Generating New drag cubes.
[LOG 18:26:35.402] [KSPCF/DragCubeGeneration] Creating drag cubes for part 'externalTankToroid'
[LOG 18:26:35.408] PartLoader: Compiling Part 'Squad/Parts/FuelTank/fuelTankOscarB/fuelTankOscarB/miniFuelTank'
[LOG 18:26:35.412] PartLoader: Part 'Squad/Parts/FuelTank/fuelTankOscarB/fuelTankOscarB/miniFuelTank' has no database record. Creating.
[LOG 18:26:35.412] [DragCubeSystem]: Drag cubes not found or cannot be read for part Part. Generating New drag cubes.
[LOG 18:26:35.412] [KSPCF/DragCubeGeneration] Creating drag cubes for part 'miniFuelTank'
[LOG 18:26:35.418] PartLoader: Compiling Part 'Squad/Parts/FuelTank/miniFuselage/miniFuselage/miniFuselage'
[LOG 18:26:35.422] PartLoader: Part 'Squad/Parts/FuelTank/miniFuselage/miniFuselage/miniFuselage' has no database record. Creating.
[LOG 18:26:35.422] [DragCubeSystem]: Drag cubes not found or cannot be read for part Part. Generating New drag cubes.
[LOG 18:26:35.422] [KSPCF/DragCubeGeneration] Creating drag cubes for part 'miniFuselage'
[LOG 18:26:35.428] PartLoader: Compiling Part 'Squad/Parts/FuelTank/mk2Adapters/bicoupler/mk2_1m_Bicoupler'
[LOG 18:26:35.432] PartLoader: Part 'Squad/Parts/FuelTank/mk2Adapters/bicoupler/mk2_1m_Bicoupler' has no database record. Creating.
[LOG 18:26:35.432] [DragCubeSystem]: Drag cubes not found or cannot be read for part Part. Generating New drag cubes.
[LOG 18:26:35.432] [KSPCF/DragCubeGeneration] Creating drag cubes for part 'mk2.1m.Bicoupler'
[LOG 18:26:35.438] PartLoader: Compiling Part 'Squad/Parts/FuelTank/mk2Adapters/long/mk2_1m_AdapterLong'
[LOG 18:26:35.442] PartLoader: Part 'Squad/Parts/FuelTank/mk2Adapters/long/mk2_1m_AdapterLong' has no database record. Creating.
[LOG 18:26:35.442] [DragCubeSystem]: Drag cubes not found or cannot be read for part Part. Generating New drag cubes.
[LOG 18:26:35.443] [KSPCF/DragCubeGeneration] Creating drag cubes for part 'mk2.1m.AdapterLong'
[LOG 18:26:35.448] PartLoader: Compiling Part 'Squad/Parts/FuelTank/mk2Adapters/standard/mk2SpacePlaneAdapter'
[LOG 18:26:35.451] PartLoader: Part 'Squad/Parts/FuelTank/mk2Adapters/standard/mk2SpacePlaneAdapter' has no database record. Creating.
[LOG 18:26:35.451] [DragCubeSystem]: Drag cubes not found or cannot be read for part Part. Generating New drag cubes.
[LOG 18:26:35.451] [KSPCF/DragCubeGeneration] Creating drag cubes for part 'mk2SpacePlaneAdapter'
[LOG 18:26:35.456] PartLoader: Compiling Part 'Squad/Parts/FuelTank/mk2FuselageLong/LFO_long/mk2FuselageLongLFO'
[LOG 18:26:35.459] PartLoader: Part 'Squad/Parts/FuelTank/mk2FuselageLong/LFO_long/mk2FuselageLongLFO' has no database record. Creating.
[LOG 18:26:35.459] [DragCubeSystem]: Drag cubes not found or cannot be read for part Part. Generating New drag cubes.
[LOG 18:26:35.459] [KSPCF/DragCubeGeneration] Creating drag cubes for part 'mk2FuselageLongLFO'
[LOG 18:26:35.465] PartLoader: Compiling Part 'Squad/Parts/FuelTank/mk2FuselageLong/L_long/mk2Fuselage'
[LOG 18:26:35.468] PartLoader: Part 'Squad/Parts/FuelTank/mk2FuselageLong/L_long/mk2Fuselage' has no database record. Creating.
[LOG 18:26:35.468] [DragCubeSystem]: Drag cubes not found or cannot be read for part Part. Generating New drag cubes.
[LOG 18:26:35.468] [KSPCF/DragCubeGeneration] Creating drag cubes for part 'mk2Fuselage'
[LOG 18:26:35.473] PartLoader: Compiling Part 'Squad/Parts/FuelTank/mk2FuselageShort/LFO_short/mk2FuselageShortLFO'
[LOG 18:26:35.477] PartLoader: Part 'Squad/Parts/FuelTank/mk2FuselageShort/LFO_short/mk2FuselageShortLFO' has no database record. Creating.
[LOG 18:26:35.477] [DragCubeSystem]: Drag cubes not found or cannot be read for part Part. Generating New drag cubes.
[LOG 18:26:35.477] [KSPCF/DragCubeGeneration] Creating drag cubes for part 'mk2FuselageShortLFO'
[LOG 18:26:35.482] PartLoader: Compiling Part 'Squad/Parts/FuelTank/mk2FuselageShort/L_short/mk2FuselageShortLiquid'
[LOG 18:26:35.484] PartLoader: Part 'Squad/Parts/FuelTank/mk2FuselageShort/L_short/mk2FuselageShortLiquid' has no database record. Creating.
[LOG 18:26:35.485] [DragCubeSystem]: Drag cubes not found or cannot be read for part Part. Generating New drag cubes.
[LOG 18:26:35.485] [KSPCF/DragCubeGeneration] Creating drag cubes for part 'mk2FuselageShortLiquid'
[LOG 18:26:35.489] PartLoader: Compiling Part 'Squad/Parts/FuelTank/mk2FuselageShort/Mono_short/mk2FuselageShortMono'
[LOG 18:26:35.491] PartLoader: Part 'Squad/Parts/FuelTank/mk2FuselageShort/Mono_short/mk2FuselageShortMono' has no database record. Creating.
[LOG 18:26:35.492] [DragCubeSystem]: Drag cubes not found or cannot be read for part Part. Generating New drag cubes.
[LOG 18:26:35.492] [KSPCF/DragCubeGeneration] Creating drag cubes for part 'mk2FuselageShortMono'
[LOG 18:26:35.496] PartLoader: Compiling Part 'Squad/Parts/FuelTank/mk3Fuselage/CREW/mk3CrewCabin'
[LOG 18:26:35.501] PartLoader: Part 'Squad/Parts/FuelTank/mk3Fuselage/CREW/mk3CrewCabin' has no database record. Creating.
[LOG 18:26:35.501] [DragCubeSystem]: Drag cubes not found or cannot be read for part Part. Generating New drag cubes.
[LOG 18:26:35.501] [KSPCF/DragCubeGeneration] Creating drag cubes for part 'mk3CrewCabin'
[LOG 18:26:35.506] PartLoader: Compiling Part 'Squad/Parts/FuelTank/mk3Fuselage/LFO_100/mk3FuselageLFO_100'
[LOG 18:26:35.508] PartLoader: Part 'Squad/Parts/FuelTank/mk3Fuselage/LFO_100/mk3FuselageLFO_100' has no database record. Creating.
[LOG 18:26:35.508] [DragCubeSystem]: Drag cubes not found or cannot be read for part Part. Generating New drag cubes.
[LOG 18:26:35.508] [KSPCF/DragCubeGeneration] Creating drag cubes for part 'mk3FuselageLFO.100'
[LOG 18:26:35.512] PartLoader: Compiling Part 'Squad/Parts/FuelTank/mk3Fuselage/LFO_25/mk3FuselageLFO_25'
[LOG 18:26:35.515] PartLoader: Part 'Squad/Parts/FuelTank/mk3Fuselage/LFO_25/mk3FuselageLFO_25' has no database record. Creating.
[LOG 18:26:35.515] [DragCubeSystem]: Drag cubes not found or cannot be read for part Part. Generating New drag cubes.
[LOG 18:26:35.515] [KSPCF/DragCubeGeneration] Creating drag cubes for part 'mk3FuselageLFO.25'
[LOG 18:26:35.519] PartLoader: Compiling Part 'Squad/Parts/FuelTank/mk3Fuselage/LFO_50/mk3FuselageLFO_50'
[LOG 18:26:35.521] PartLoader: Part 'Squad/Parts/FuelTank/mk3Fuselage/LFO_50/mk3FuselageLFO_50' has no database record. Creating.
[LOG 18:26:35.521] [DragCubeSystem]: Drag cubes not found or cannot be read for part Part. Generating New drag cubes.
[LOG 18:26:35.521] [KSPCF/DragCubeGeneration] Creating drag cubes for part 'mk3FuselageLFO.50'
[LOG 18:26:35.525] PartLoader: Compiling Part 'Squad/Parts/FuelTank/mk3Fuselage/LF_100/mk3FuselageLF_100'
[LOG 18:26:35.527] PartLoader: Part 'Squad/Parts/FuelTank/mk3Fuselage/LF_100/mk3FuselageLF_100' has no database record. Creating.
[LOG 18:26:35.527] [DragCubeSystem]: Drag cubes not found or cannot be read for part Part. Generating New drag cubes.
[LOG 18:26:35.527] [KSPCF/DragCubeGeneration] Creating drag cubes for part 'mk3FuselageLF.100'
[LOG 18:26:35.531] PartLoader: Compiling Part 'Squad/Parts/FuelTank/mk3Fuselage/LF_25/mk3FuselageLF_25'
[LOG 18:26:35.534] PartLoader: Part 'Squad/Parts/FuelTank/mk3Fuselage/LF_25/mk3FuselageLF_25' has no database record. Creating.
[LOG 18:26:35.534] [DragCubeSystem]: Drag cubes not found or cannot be read for part Part. Generating New drag cubes.
[LOG 18:26:35.535] [KSPCF/DragCubeGeneration] Creating drag cubes for part 'mk3FuselageLF.25'
[LOG 18:26:35.539] PartLoader: Compiling Part 'Squad/Parts/FuelTank/mk3Fuselage/LF_50/mk3FuselageLF_50'
[LOG 18:26:35.541] PartLoader: Part 'Squad/Parts/FuelTank/mk3Fuselage/LF_50/mk3FuselageLF_50' has no database record. Creating.
[LOG 18:26:35.541] [DragCubeSystem]: Drag cubes not found or cannot be read for part Part. Generating New drag cubes.
[LOG 18:26:35.541] [KSPCF/DragCubeGeneration] Creating drag cubes for part 'mk3FuselageLF.50'
[LOG 18:26:35.546] PartLoader: Compiling Part 'Squad/Parts/FuelTank/mk3Fuselage/MONO/mk3FuselageMONO'
[LOG 18:26:35.548] PartLoader: Part 'Squad/Parts/FuelTank/mk3Fuselage/MONO/mk3FuselageMONO' has no database record. Creating.
[LOG 18:26:35.548] [DragCubeSystem]: Drag cubes not found or cannot be read for part Part. Generating New drag cubes.
[LOG 18:26:35.548] [KSPCF/DragCubeGeneration] Creating drag cubes for part 'mk3FuselageMONO'
[LOG 18:26:35.553] PartLoader: Compiling Part 'Squad/Parts/FuelTank/RCSFuelTankR1/RCSFuelTankR1/RCSTank1-2'
[LOG 18:26:35.555] PartLoader: Part 'Squad/Parts/FuelTank/RCSFuelTankR1/RCSFuelTankR1/RCSTank1-2' has no database record. Creating.
[LOG 18:26:35.555] [DragCubeSystem]: Drag cubes not found or cannot be read for part Part. Generating New drag cubes.
[LOG 18:26:35.555] [KSPCF/DragCubeGeneration] Creating drag cubes for part 'RCSTank1-2'
[LOG 18:26:35.560] PartLoader: Compiling Part 'Squad/Parts/FuelTank/RCSFuelTankR10/RCSFuelTankR10/rcsTankMini'
[LOG 18:26:35.562] PartLoader: Part 'Squad/Parts/FuelTank/RCSFuelTankR10/RCSFuelTankR10/rcsTankMini' has no database record. Creating.
[LOG 18:26:35.562] [DragCubeSystem]: Drag cubes not found or cannot be read for part Part. Generating New drag cubes.
[LOG 18:26:35.562] [KSPCF/DragCubeGeneration] Creating drag cubes for part 'rcsTankMini'
[LOG 18:26:35.566] PartLoader: Compiling Part 'Squad/Parts/FuelTank/RCSFuelTankR25/RCSFuelTankR25/RCSFuelTank'
[LOG 18:26:35.570] PartLoader: Part 'Squad/Parts/FuelTank/RCSFuelTankR25/RCSFuelTankR25/RCSFuelTank' has no database record. Creating.
[LOG 18:26:35.570] [DragCubeSystem]: Drag cubes not found or cannot be read for part Part. Generating New drag cubes.
[LOG 18:26:35.570] [KSPCF/DragCubeGeneration] Creating drag cubes for part 'RCSFuelTank'
[LOG 18:26:35.573] PartLoader: Compiling Part 'Squad/Parts/FuelTank/RCSTankRadial/radialRCSTank/radialRCSTank'
[LOG 18:26:35.576] PartLoader: Part 'Squad/Parts/FuelTank/RCSTankRadial/radialRCSTank/radialRCSTank' has no database record. Creating.
[LOG 18:26:35.577] [DragCubeSystem]: Drag cubes not found or cannot be read for part Part. Generating New drag cubes.
[LOG 18:26:35.577] [KSPCF/DragCubeGeneration] Creating drag cubes for part 'radialRCSTank'
[LOG 18:26:35.581] PartLoader: Compiling Part 'Squad/Parts/FuelTank/RCStankRadialLong/RCSTankRadialLong/rcsTankRadialLong'
[LOG 18:26:35.583] PartLoader: Part 'Squad/Parts/FuelTank/RCStankRadialLong/RCSTankRadialLong/rcsTankRadialLong' has no database record. Creating.
[LOG 18:26:35.583] [DragCubeSystem]: Drag cubes not found or cannot be read for part Part. Generating New drag cubes.
[LOG 18:26:35.584] [KSPCF/DragCubeGeneration] Creating drag cubes for part 'rcsTankRadialLong'
[LOG 18:26:35.587] PartLoader: Compiling Part 'Squad/Parts/FuelTank/RockomaxTanks/Rockomax16/Rockomax16_BW'
[LOG 18:26:35.590] PartLoader: Part 'Squad/Parts/FuelTank/RockomaxTanks/Rockomax16/Rockomax16_BW' has no database record. Creating.
[LOG 18:26:35.590] [DragCubeSystem]: Drag cubes not found or cannot be read for part Part. Generating New drag cubes.
[LOG 18:26:35.590] [KSPCF/DragCubeGeneration] Creating drag cubes for part 'Rockomax16.BW'
[LOG 18:26:35.594] PartLoader: Compiling Part 'Squad/Parts/FuelTank/RockomaxTanks/Rockomax32/Rockomax32_BW'
[LOG 18:26:35.597] PartLoader: Part 'Squad/Parts/FuelTank/RockomaxTanks/Rockomax32/Rockomax32_BW' has no database record. Creating.
[LOG 18:26:35.597] [DragCubeSystem]: Drag cubes not found or cannot be read for part Part. Generating New drag cubes.
[LOG 18:26:35.597] [KSPCF/DragCubeGeneration] Creating drag cubes for part 'Rockomax32.BW'
[LOG 18:26:35.613] PartLoader: Compiling Part 'Squad/Parts/FuelTank/RockomaxTanks/Rockomax64/Rockomax64_BW'
[LOG 18:26:35.615] PartLoader: Part 'Squad/Parts/FuelTank/RockomaxTanks/Rockomax64/Rockomax64_BW' has no database record. Creating.
[LOG 18:26:35.615] [DragCubeSystem]: Drag cubes not found or cannot be read for part Part. Generating New drag cubes.
[LOG 18:26:35.615] [KSPCF/DragCubeGeneration] Creating drag cubes for part 'Rockomax64.BW'
[LOG 18:26:35.625] PartLoader: Compiling Part 'Squad/Parts/FuelTank/RockomaxTanks/Rockomax8/Rockomax8BW'
[LOG 18:26:35.628] PartLoader: Part 'Squad/Parts/FuelTank/RockomaxTanks/Rockomax8/Rockomax8BW' has no database record. Creating.
[LOG 18:26:35.628] [DragCubeSystem]: Drag cubes not found or cannot be read for part Part. Generating New drag cubes.
[LOG 18:26:35.628] [KSPCF/DragCubeGeneration] Creating drag cubes for part 'Rockomax8BW'
[LOG 18:26:35.639] PartLoader: Compiling Part 'Squad/Parts/FuelTank/Size1_Tanks/fuelTankT100/fuelTankSmallFlat'
[LOG 18:26:35.643] PartLoader: Part 'Squad/Parts/FuelTank/Size1_Tanks/fuelTankT100/fuelTankSmallFlat' has no database record. Creating.
[LOG 18:26:35.643] [DragCubeSystem]: Drag cubes not found or cannot be read for part Part. Generating New drag cubes.
[LOG 18:26:35.643] [KSPCF/DragCubeGeneration] Creating drag cubes for part 'fuelTankSmallFlat'
[LOG 18:26:35.647] PartLoader: Compiling Part 'Squad/Parts/FuelTank/Size1_Tanks/fuelTankT200/fuelTankSmall'
[LOG 18:26:35.650] PartLoader: Part 'Squad/Parts/FuelTank/Size1_Tanks/fuelTankT200/fuelTankSmall' has no database record. Creating.
[LOG 18:26:35.651] [DragCubeSystem]: Drag cubes not found or cannot be read for part Part. Generating New drag cubes.
[LOG 18:26:35.651] [KSPCF/DragCubeGeneration] Creating drag cubes for part 'fuelTankSmall'
[LOG 18:26:35.655] PartLoader: Compiling Part 'Squad/Parts/FuelTank/Size1_Tanks/fuelTankT400/fuelTank'
[LOG 18:26:35.658] PartLoader: Part 'Squad/Parts/FuelTank/Size1_Tanks/fuelTankT400/fuelTank' has no database record. Creating.
[LOG 18:26:35.658] [DragCubeSystem]: Drag cubes not found or cannot be read for part Part. Generating New drag cubes.
[LOG 18:26:35.658] [KSPCF/DragCubeGeneration] Creating drag cubes for part 'fuelTank'
[LOG 18:26:35.662] PartLoader: Compiling Part 'Squad/Parts/FuelTank/Size1_Tanks/fuelTankT800/fuelTank_long'
[LOG 18:26:35.665] PartLoader: Part 'Squad/Parts/FuelTank/Size1_Tanks/fuelTankT800/fuelTank_long' has no database record. Creating.
[LOG 18:26:35.665] [DragCubeSystem]: Drag cubes not found or cannot be read for part Part. Generating New drag cubes.
[LOG 18:26:35.665] [KSPCF/DragCubeGeneration] Creating drag cubes for part 'fuelTank.long'
[LOG 18:26:35.670] PartLoader: Compiling Part 'Squad/Parts/FuelTank/Size3Tanks/large/Size3LargeTank'
[LOG 18:26:35.674] PartLoader: Part 'Squad/Parts/FuelTank/Size3Tanks/large/Size3LargeTank' has no database record. Creating.
[LOG 18:26:35.674] [DragCubeSystem]: Drag cubes not found or cannot be read for part Part. Generating New drag cubes.
[LOG 18:26:35.674] [KSPCF/DragCubeGeneration] Creating drag cubes for part 'Size3LargeTank'
[LOG 18:26:35.678] PartLoader: Compiling Part 'Squad/Parts/FuelTank/Size3Tanks/medium/Size3MediumTank'
[LOG 18:26:35.681] PartLoader: Part 'Squad/Parts/FuelTank/Size3Tanks/medium/Size3MediumTank' has no database record. Creating.
[LOG 18:26:35.681] [DragCubeSystem]: Drag cubes not found or cannot be read for part Part. Generating New drag cubes.
[LOG 18:26:35.681] [KSPCF/DragCubeGeneration] Creating drag cubes for part 'Size3MediumTank'
[LOG 18:26:35.685] PartLoader: Compiling Part 'Squad/Parts/FuelTank/Size3Tanks/small/Size3SmallTank'
[LOG 18:26:35.688] PartLoader: Part 'Squad/Parts/FuelTank/Size3Tanks/small/Size3SmallTank' has no database record. Creating.
[LOG 18:26:35.688] [DragCubeSystem]: Drag cubes not found or cannot be read for part Part. Generating New drag cubes.
[LOG 18:26:35.688] [KSPCF/DragCubeGeneration] Creating drag cubes for part 'Size3SmallTank'
[LOG 18:26:35.692] PartLoader: Compiling Part 'Squad/Parts/FuelTank/xenonTank/xenonTank/xenonTank'
[LOG 18:26:35.694] PartLoader: Part 'Squad/Parts/FuelTank/xenonTank/xenonTank/xenonTank' has no database record. Creating.
[LOG 18:26:35.694] [DragCubeSystem]: Drag cubes not found or cannot be read for part Part. Generating New drag cubes.
[LOG 18:26:35.694] [KSPCF/DragCubeGeneration] Creating drag cubes for part 'xenonTank'
[LOG 18:26:35.698] PartLoader: Compiling Part 'Squad/Parts/FuelTank/xenonTankLarge/xenonTankLarge/xenonTankLarge'
[LOG 18:26:35.700] PartLoader: Part 'Squad/Parts/FuelTank/xenonTankLarge/xenonTankLarge/xenonTankLarge' has no database record. Creating.
[LOG 18:26:35.700] [DragCubeSystem]: Drag cubes not found or cannot be read for part Part. Generating New drag cubes.
[LOG 18:26:35.701] [KSPCF/DragCubeGeneration] Creating drag cubes for part 'xenonTankLarge'
[LOG 18:26:35.705] PartLoader: Compiling Part 'Squad/Parts/FuelTank/xenonTankRadial/xenonTankRadial/xenonTankRadial'
[LOG 18:26:35.709] PartLoader: Part 'Squad/Parts/FuelTank/xenonTankRadial/xenonTankRadial/xenonTankRadial' has no database record. Creating.
[LOG 18:26:35.709] [DragCubeSystem]: Drag cubes not found or cannot be read for part Part. Generating New drag cubes.
[LOG 18:26:35.709] [KSPCF/DragCubeGeneration] Creating drag cubes for part 'xenonTankRadial'
[LOG 18:26:35.714] PartLoader: Compiling Part 'Squad/Parts/Misc/AsteroidDay/CamSat/InfraredTelescope'
[LOG 18:26:35.720] PartLoader: Part 'Squad/Parts/Misc/AsteroidDay/CamSat/InfraredTelescope' has no database record. Creating.
[LOG 18:26:35.720] [DragCubeSystem]: Drag cubes not found or cannot be read for part Part. Generating New drag cubes.
[LOG 18:26:35.720] [KSPCF/DragCubeGeneration] Creating drag cubes for part 'InfraredTelescope'
[LOG 18:26:35.724] PartLoader: Compiling Part 'Squad/Parts/Misc/AsteroidDay/HECS2/HECS2_ProbeCore'
[LOG 18:26:35.730] PartLoader: Part 'Squad/Parts/Misc/AsteroidDay/HECS2/HECS2_ProbeCore' has no database record. Creating.
[LOG 18:26:35.730] [DragCubeSystem]: Drag cubes not found or cannot be read for part Part. Generating New drag cubes.
[LOG 18:26:35.730] [KSPCF/DragCubeGeneration] Creating drag cubes for part 'HECS2.ProbeCore'
[LOG 18:26:35.734] PartLoader: Compiling Part 'Squad/Parts/Misc/AsteroidDay/HighGainAntenna/HighGainAntenna'
[LOG 18:26:35.743] PartLoader: Part 'Squad/Parts/Misc/AsteroidDay/HighGainAntenna/HighGainAntenna' has no database record. Creating.
[LOG 18:26:35.743] [DragCubeSystem]: Drag cubes not found or cannot be read for part Part. Generating New drag cubes.
[LOG 18:26:35.743] [KSPCF/DragCubeGeneration] Creating drag cubes for part 'HighGainAntenna'
[LOG 18:26:35.755] PartLoader: Compiling Part 'Squad/Parts/Misc/AsteroidDay/LgRadialSolar/LgRadialSolarPanel'
[LOG 18:26:35.758] PartLoader: Part 'Squad/Parts/Misc/AsteroidDay/LgRadialSolar/LgRadialSolarPanel' has no database record. Creating.
[LOG 18:26:35.758] [DragCubeSystem]: Drag cubes not found or cannot be read for part Part. Generating New drag cubes.
[LOG 18:26:35.758] [KSPCF/DragCubeGeneration] Creating drag cubes for part 'LgRadialSolarPanel'
[LOG 18:26:35.765] PartLoader: Compiling Part 'Squad/Parts/Misc/PotatoComet/part/PotatoComet'
[LOG 18:26:35.782] PartLoader: Part 'Squad/Parts/Misc/PotatoComet/part/PotatoComet' has no database record. Creating.
[LOG 18:26:35.782] PartLoader: Compiling Part 'Squad/Parts/Misc/PotatoRoid/part/PotatoRoid'
[LOG 18:26:35.792] PartLoader: Part 'Squad/Parts/Misc/PotatoRoid/part/PotatoRoid' has no database record. Creating.
[LOG 18:26:35.792] PartLoader: Compiling Part 'Squad/Parts/Prebuilt/flag/flag'
[LOG 18:26:35.794] PartLoader: Compiling Part 'Squad/Parts/Prebuilt/kerbalEVA/kerbalEVA'
[LOG 18:26:35.815] PartLoader: Compiling Part 'Squad/Parts/Prebuilt/kerbalEVAfemale/kerbalEVAfemale'
[LOG 18:26:35.824] PartLoader: Compiling Part 'Squad/Parts/Prebuilt/kerbalEVASlimSuit/kerbalEVASlimSuit'
[LOG 18:26:35.831] PartLoader: Compiling Part 'Squad/Parts/Prebuilt/kerbalEVASlimSuitFemale/kerbalEVASlimSuitFemale'
[LOG 18:26:35.836] PartLoader: Compiling Part 'Squad/Parts/Resources/FuelCell/FuelCell/FuelCell'
[LOG 18:26:35.846] PartLoader: Part 'Squad/Parts/Resources/FuelCell/FuelCell/FuelCell' has no database record. Creating.
[LOG 18:26:35.846] [DragCubeSystem]: Drag cubes not found or cannot be read for part Part. Generating New drag cubes.
[LOG 18:26:35.846] [KSPCF/DragCubeGeneration] Creating drag cubes for part 'FuelCell'
[LOG 18:26:35.852] PartLoader: Compiling Part 'Squad/Parts/Resources/FuelCell/FuelCellArray/FuelCellArray'
[LOG 18:26:35.856] PartLoader: Part 'Squad/Parts/Resources/FuelCell/FuelCellArray/FuelCellArray' has no database record. Creating.
[LOG 18:26:35.856] [DragCubeSystem]: Drag cubes not found or cannot be read for part Part. Generating New drag cubes.
[LOG 18:26:35.856] [KSPCF/DragCubeGeneration] Creating drag cubes for part 'FuelCellArray'
[LOG 18:26:35.862] PartLoader: Compiling Part 'Squad/Parts/Resources/ISRU/ISRU/ISRU'
[LOG 18:26:35.875] PartLoader: Part 'Squad/Parts/Resources/ISRU/ISRU/ISRU' has no database record. Creating.
[LOG 18:26:35.875] [DragCubeSystem]: Drag cubes not found or cannot be read for part Part. Generating New drag cubes.
[LOG 18:26:35.875] [KSPCF/DragCubeGeneration] Creating drag cubes for part 'ISRU'
[LOG 18:26:35.889] PartLoader: Compiling Part 'Squad/Parts/Resources/LargeTank/LargeTank/LargeTank'
[LOG 18:26:35.894] PartLoader: Part 'Squad/Parts/Resources/LargeTank/LargeTank/LargeTank' has no database record. Creating.
[LOG 18:26:35.894] [DragCubeSystem]: Drag cubes not found or cannot be read for part Part. Generating New drag cubes.
[LOG 18:26:35.894] [KSPCF/DragCubeGeneration] Creating drag cubes for part 'LargeTank'
[LOG 18:26:35.899] PartLoader: Compiling Part 'Squad/Parts/Resources/MiniDrill/MiniDrill/MiniDrill'
[LOG 18:26:35.916] PartLoader: Part 'Squad/Parts/Resources/MiniDrill/MiniDrill/MiniDrill' has no database record. Creating.
[LOG 18:26:35.916] [DragCubeSystem]: Drag cubes not found or cannot be read for part Part. Generating New drag cubes.
[LOG 18:26:35.916] [KSPCF/DragCubeGeneration] Creating drag cubes for part 'MiniDrill'
[LOG 18:26:35.939] PartLoader: Compiling Part 'Squad/Parts/Resources/MiniISRU/MiniISRU/MiniISRU'
[LOG 18:26:35.944] PartLoader: Part 'Squad/Parts/Resources/MiniISRU/MiniISRU/MiniISRU' has no database record. Creating.
[LOG 18:26:35.944] [DragCubeSystem]: Drag cubes not found or cannot be read for part Part. Generating New drag cubes.
[LOG 18:26:35.944] [KSPCF/DragCubeGeneration] Creating drag cubes for part 'MiniISRU'
[LOG 18:26:35.949] PartLoader: Compiling Part 'Squad/Parts/Resources/OrbitalScanner/OrbitalScanner/OrbitalScanner'
[LOG 18:26:35.960] PartLoader: Part 'Squad/Parts/Resources/OrbitalScanner/OrbitalScanner/OrbitalScanner' has no database record. Creating.
[LOG 18:26:35.960] [DragCubeSystem]: Drag cubes not found or cannot be read for part Part. Generating New drag cubes.
[LOG 18:26:35.960] [KSPCF/DragCubeGeneration] Creating drag cubes for part 'OrbitalScanner'
[LOG 18:26:35.971] PartLoader: Compiling Part 'Squad/Parts/Resources/RadialDrill/RadialDrill/RadialDrill'
[LOG 18:26:35.979] PartLoader: Part 'Squad/Parts/Resources/RadialDrill/RadialDrill/RadialDrill' has no database record. Creating.
[LOG 18:26:35.979] [DragCubeSystem]: Drag cubes not found or cannot be read for part Part. Generating New drag cubes.
[LOG 18:26:35.979] [KSPCF/DragCubeGeneration] Creating drag cubes for part 'RadialDrill'
[LOG 18:26:36.002] PartLoader: Compiling Part 'Squad/Parts/Resources/RadialTank/RadialTank/RadialOreTank'
[LOG 18:26:36.005] PartLoader: Part 'Squad/Parts/Resources/RadialTank/RadialTank/RadialOreTank' has no database record. Creating.
[LOG 18:26:36.005] [DragCubeSystem]: Drag cubes not found or cannot be read for part Part. Generating New drag cubes.
[LOG 18:26:36.005] [KSPCF/DragCubeGeneration] Creating drag cubes for part 'RadialOreTank'
[LOG 18:26:36.009] PartLoader: Compiling Part 'Squad/Parts/Resources/SmallTank/SmallTank/SmallTank'
[LOG 18:26:36.012] PartLoader: Part 'Squad/Parts/Resources/SmallTank/SmallTank/SmallTank' has no database record. Creating.
[LOG 18:26:36.012] [DragCubeSystem]: Drag cubes not found or cannot be read for part Part. Generating New drag cubes.
[LOG 18:26:36.012] [KSPCF/DragCubeGeneration] Creating drag cubes for part 'SmallTank'
[LOG 18:26:36.016] PartLoader: Compiling Part 'Squad/Parts/Resources/SurfaceScanner/SurfaceScanner/SurfaceScanner'
[LOG 18:26:36.028] PartLoader: Part 'Squad/Parts/Resources/SurfaceScanner/SurfaceScanner/SurfaceScanner' has no database record. Creating.
[LOG 18:26:36.029] [DragCubeSystem]: Drag cubes not found or cannot be read for part Part. Generating New drag cubes.
[LOG 18:26:36.029] [KSPCF/DragCubeGeneration] Creating drag cubes for part 'SurfaceScanner'
[LOG 18:26:36.034] PartLoader: Compiling Part 'Squad/Parts/Resources/SurveyScanner/SurveyScanner/SurveyScanner'
[LOG 18:26:36.043] PartLoader: Part 'Squad/Parts/Resources/SurveyScanner/SurveyScanner/SurveyScanner' has no database record. Creating.
[LOG 18:26:36.043] [DragCubeSystem]: Drag cubes not found or cannot be read for part Part. Generating New drag cubes.
[LOG 18:26:36.043] [KSPCF/DragCubeGeneration] Creating drag cubes for part 'SurveyScanner'
[LOG 18:26:36.056] PartLoader: Compiling Part 'Squad/Parts/Science/AtmosphereSensor/sensorAtmosphere/sensorAtmosphere'
[LOG 18:26:36.059] PartLoader: Part 'Squad/Parts/Science/AtmosphereSensor/sensorAtmosphere/sensorAtmosphere' has no database record. Creating.
[LOG 18:26:36.059] [DragCubeSystem]: Drag cubes not found or cannot be read for part Part. Generating New drag cubes.
[LOG 18:26:36.059] [KSPCF/DragCubeGeneration] Creating drag cubes for part 'sensorAtmosphere'
[LOG 18:26:36.064] PartLoader: Compiling Part 'Squad/Parts/Science/GooExperiment/gooExperiment/GooExperiment'
[LOG 18:26:36.069] PartLoader: Part 'Squad/Parts/Science/GooExperiment/gooExperiment/GooExperiment' has no database record. Creating.
[LOG 18:26:36.069] [DragCubeSystem]: Drag cubes not found or cannot be read for part Part. Generating New drag cubes.
[LOG 18:26:36.069] [KSPCF/DragCubeGeneration] Creating drag cubes for part 'GooExperiment'
[LOG 18:26:36.081] PartLoader: Compiling Part 'Squad/Parts/Science/LargeCrewedLab/largeCrewedLab/Large_Crewed_Lab'
[LOG 18:26:36.100] PartLoader: Part 'Squad/Parts/Science/LargeCrewedLab/largeCrewedLab/Large_Crewed_Lab' has no database record. Creating.
[LOG 18:26:36.100] [DragCubeSystem]: Drag cubes not found or cannot be read for part Part. Generating New drag cubes.
[LOG 18:26:36.100] [KSPCF/DragCubeGeneration] Creating drag cubes for part 'Large.Crewed.Lab'
[LOG 18:26:36.105] PartLoader: Compiling Part 'Squad/Parts/Science/Magnetometer/Magnetometer/Magnetometer'
[LOG 18:26:36.114] PartLoader: Part 'Squad/Parts/Science/Magnetometer/Magnetometer/Magnetometer' has no database record. Creating.
[LOG 18:26:36.114] [DragCubeSystem]: Drag cubes not found or cannot be read for part Part. Generating New drag cubes.
[LOG 18:26:36.115] [KSPCF/DragCubeGeneration] Creating drag cubes for part 'Magnetometer'
[LOG 18:26:36.135] PartLoader: Compiling Part 'Squad/Parts/Science/MaterialBay/materialBay/science_module'
[LOG 18:26:36.140] PartLoader: Part 'Squad/Parts/Science/MaterialBay/materialBay/science_module' has no database record. Creating.
[LOG 18:26:36.140] [DragCubeSystem]: Drag cubes not found or cannot be read for part Part. Generating New drag cubes.
[LOG 18:26:36.141] [KSPCF/DragCubeGeneration] Creating drag cubes for part 'science.module'
[LOG 18:26:36.161] PartLoader: Compiling Part 'Squad/Parts/Science/ScienceBox/ScienceBox/ScienceBox'
[LOG 18:26:36.165] PartLoader: Part 'Squad/Parts/Science/ScienceBox/ScienceBox/ScienceBox' has no database record. Creating.
[LOG 18:26:36.165] [DragCubeSystem]: Drag cubes not found or cannot be read for part Part. Generating New drag cubes.
[LOG 18:26:36.165] [KSPCF/DragCubeGeneration] Creating drag cubes for part 'ScienceBox'
[LOG 18:26:36.170] PartLoader: Compiling Part 'Squad/Parts/Science/sensorAccelerometer/sensorAccelerometer/sensorAccelerometer'
[LOG 18:26:36.178] PartLoader: Part 'Squad/Parts/Science/sensorAccelerometer/sensorAccelerometer/sensorAccelerometer' has no database record. Creating.
[LOG 18:26:36.178] [DragCubeSystem]: Drag cubes not found or cannot be read for part Part. Generating New drag cubes.
[LOG 18:26:36.178] [KSPCF/DragCubeGeneration] Creating drag cubes for part 'sensorAccelerometer'
[LOG 18:26:36.182] PartLoader: Compiling Part 'Squad/Parts/Science/sensorBarometer/sensorBarometer/sensorBarometer'
[LOG 18:26:36.196] PartLoader: Part 'Squad/Parts/Science/sensorBarometer/sensorBarometer/sensorBarometer' has no database record. Creating.
[LOG 18:26:36.197] [DragCubeSystem]: Drag cubes not found or cannot be read for part Part. Generating New drag cubes.
[LOG 18:26:36.197] [KSPCF/DragCubeGeneration] Creating drag cubes for part 'sensorBarometer'
[LOG 18:26:36.201] PartLoader: Compiling Part 'Squad/Parts/Science/sensorGravimeter/sensorGravimeter/sensorGravimeter'
[LOG 18:26:36.204] PartLoader: Part 'Squad/Parts/Science/sensorGravimeter/sensorGravimeter/sensorGravimeter' has no database record. Creating.
[LOG 18:26:36.204] [DragCubeSystem]: Drag cubes not found or cannot be read for part Part. Generating New drag cubes.
[LOG 18:26:36.204] [KSPCF/DragCubeGeneration] Creating drag cubes for part 'sensorGravimeter'
[LOG 18:26:36.209] PartLoader: Compiling Part 'Squad/Parts/Science/sensorThermometer/sensorThermometer/sensorThermometer'
[LOG 18:26:36.212] PartLoader: Part 'Squad/Parts/Science/sensorThermometer/sensorThermometer/sensorThermometer' has no database record. Creating.
[LOG 18:26:36.212] [DragCubeSystem]: Drag cubes not found or cannot be read for part Part. Generating New drag cubes.
[LOG 18:26:36.212] [KSPCF/DragCubeGeneration] Creating drag cubes for part 'sensorThermometer'
[LOG 18:26:36.216] PartLoader: Compiling Part 'Squad/Parts/Structural/FLAdapters/adapterSmallMiniShort/adapterSmallMiniShort'
[LOG 18:26:36.219] PartLoader: Part 'Squad/Parts/Structural/FLAdapters/adapterSmallMiniShort/adapterSmallMiniShort' has no database record. Creating.
[LOG 18:26:36.220] [DragCubeSystem]: Drag cubes not found or cannot be read for part Part. Generating New drag cubes.
[LOG 18:26:36.220] [KSPCF/DragCubeGeneration] Creating drag cubes for part 'adapterSmallMiniShort'
[LOG 18:26:36.225] PartLoader: Compiling Part 'Squad/Parts/Structural/FLAdapters/adapterSmallMiniTall/adapterSmallMiniTall'
[LOG 18:26:36.228] PartLoader: Part 'Squad/Parts/Structural/FLAdapters/adapterSmallMiniTall/adapterSmallMiniTall' has no database record. Creating.
[LOG 18:26:36.228] [DragCubeSystem]: Drag cubes not found or cannot be read for part Part. Generating New drag cubes.
[LOG 18:26:36.228] [KSPCF/DragCubeGeneration] Creating drag cubes for part 'adapterSmallMiniTall'
[LOG 18:26:36.232] PartLoader: Compiling Part 'Squad/Parts/Structural/mk1Parts/engineBodyRadial/radialEngineBody'
[LOG 18:26:36.235] PartLoader: Part 'Squad/Parts/Structural/mk1Parts/engineBodyRadial/radialEngineBody' has no database record. Creating.
[LOG 18:26:36.235] [DragCubeSystem]: Drag cubes not found or cannot be read for part Part. Generating New drag cubes.
[LOG 18:26:36.235] [KSPCF/DragCubeGeneration] Creating drag cubes for part 'radialEngineBody'
[LOG 18:26:36.239] PartLoader: Compiling Part 'Squad/Parts/Structural/mk1Parts/engineNacelle/nacelleBody'
[LOG 18:26:36.243] PartLoader: Part 'Squad/Parts/Structural/mk1Parts/engineNacelle/nacelleBody' has no database record. Creating.
[LOG 18:26:36.243] [DragCubeSystem]: Drag cubes not found or cannot be read for part Part. Generating New drag cubes.
[LOG 18:26:36.243] [KSPCF/DragCubeGeneration] Creating drag cubes for part 'nacelleBody'
[LOG 18:26:36.247] PartLoader: Compiling Part 'Squad/Parts/Structural/mk1Parts/mk1Fuselage/MK1Fuselage'
[LOG 18:26:36.249] PartLoader: Part 'Squad/Parts/Structural/mk1Parts/mk1Fuselage/MK1Fuselage' has no database record. Creating.
[LOG 18:26:36.250] [DragCubeSystem]: Drag cubes not found or cannot be read for part Part. Generating New drag cubes.
[LOG 18:26:36.250] [KSPCF/DragCubeGeneration] Creating drag cubes for part 'MK1Fuselage'
[LOG 18:26:36.254] PartLoader: Compiling Part 'Squad/Parts/Structural/mk1Parts/mk1FuselageIntake/MK1IntakeFuselage'
[LOG 18:26:36.258] PartLoader: Part 'Squad/Parts/Structural/mk1Parts/mk1FuselageIntake/MK1IntakeFuselage' has no database record. Creating.
[LOG 18:26:36.258] [DragCubeSystem]: Drag cubes not found or cannot be read for part Part. Generating New drag cubes.
[LOG 18:26:36.258] [KSPCF/DragCubeGeneration] Creating drag cubes for part 'MK1IntakeFuselage'
[LOG 18:26:36.263] PartLoader: Compiling Part 'Squad/Parts/Structural/mk1Parts/mk1Structural/Mk1FuselageStructural'
[LOG 18:26:36.266] PartLoader: Part 'Squad/Parts/Structural/mk1Parts/mk1Structural/Mk1FuselageStructural' has no database record. Creating.
[LOG 18:26:36.266] PartLoader: Compiling Part 'Squad/Parts/Structural/Size3To2Adapter_v2/Size2to3_v2/Size3To2Adapter_v2'
[LOG 18:26:36.268] PartLoader: Part 'Squad/Parts/Structural/Size3To2Adapter_v2/Size2to3_v2/Size3To2Adapter_v2' has no database record. Creating.
[LOG 18:26:36.268] PartLoader: Compiling Part 'Squad/Parts/Structural/stackAdapters/adapterLargeSmallBi/adapterLargeSmallBi'
[LOG 18:26:36.272] PartLoader: Part 'Squad/Parts/Structural/stackAdapters/adapterLargeSmallBi/adapterLargeSmallBi' has no database record. Creating.
[LOG 18:26:36.272] [DragCubeSystem]: Drag cubes not found or cannot be read for part Part. Generating New drag cubes.
[LOG 18:26:36.272] [KSPCF/DragCubeGeneration] Creating drag cubes for part 'adapterLargeSmallBi'
[LOG 18:26:36.276] PartLoader: Compiling Part 'Squad/Parts/Structural/stackAdapters/adapterLargeSmallQuad/adapterLargeSmallQuad'
[LOG 18:26:36.279] PartLoader: Part 'Squad/Parts/Structural/stackAdapters/adapterLargeSmallQuad/adapterLargeSmallQuad' has no database record. Creating.
[LOG 18:26:36.279] [DragCubeSystem]: Drag cubes not found or cannot be read for part Part. Generating New drag cubes.
[LOG 18:26:36.279] [KSPCF/DragCubeGeneration] Creating drag cubes for part 'adapterLargeSmallQuad'
[LOG 18:26:36.284] PartLoader: Compiling Part 'Squad/Parts/Structural/stackAdapters/adapterLargeSmallTri/adapterLargeSmallTri'
[LOG 18:26:36.287] PartLoader: Part 'Squad/Parts/Structural/stackAdapters/adapterLargeSmallTri/adapterLargeSmallTri' has no database record. Creating.
[LOG 18:26:36.287] [DragCubeSystem]: Drag cubes not found or cannot be read for part Part. Generating New drag cubes.
[LOG 18:26:36.287] [KSPCF/DragCubeGeneration] Creating drag cubes for part 'adapterLargeSmallTri'
[LOG 18:26:36.292] PartLoader: Compiling Part 'Squad/Parts/Structural/stationHub/stationHub/stationHub'
[LOG 18:26:36.296] PartLoader: Part 'Squad/Parts/Structural/stationHub/stationHub/stationHub' has no database record. Creating.
[LOG 18:26:36.296] [DragCubeSystem]: Drag cubes not found or cannot be read for part Part. Generating New drag cubes.
[LOG 18:26:36.296] [KSPCF/DragCubeGeneration] Creating drag cubes for part 'stationHub'
[LOG 18:26:36.300] PartLoader: Compiling Part 'Squad/Parts/Structural/structuralIBeam200/structuralIBeam200/structuralIBeam2'
[LOG 18:26:36.303] PartLoader: Part 'Squad/Parts/Structural/structuralIBeam200/structuralIBeam200/structuralIBeam2' has no database record. Creating.
[LOG 18:26:36.303] [DragCubeSystem]: Drag cubes not found or cannot be read for part Part. Generating New drag cubes.
[LOG 18:26:36.303] [KSPCF/DragCubeGeneration] Creating drag cubes for part 'structuralIBeam2'
[LOG 18:26:36.307] PartLoader: Compiling Part 'Squad/Parts/Structural/structuralIBeam200Pocket/structuralIBeam200Pocket/structuralIBeam3'
[LOG 18:26:36.311] PartLoader: Part 'Squad/Parts/Structural/structuralIBeam200Pocket/structuralIBeam200Pocket/structuralIBeam3' has no database record. Creating.
[LOG 18:26:36.311] [DragCubeSystem]: Drag cubes not found or cannot be read for part Part. Generating New drag cubes.
[LOG 18:26:36.311] [KSPCF/DragCubeGeneration] Creating drag cubes for part 'structuralIBeam3'
[LOG 18:26:36.315] PartLoader: Compiling Part 'Squad/Parts/Structural/structuralIBeam650/structuralIBeam650/structuralIBeam1'
[LOG 18:26:36.317] PartLoader: Part 'Squad/Parts/Structural/structuralIBeam650/structuralIBeam650/structuralIBeam1' has no database record. Creating.
[LOG 18:26:36.317] [DragCubeSystem]: Drag cubes not found or cannot be read for part Part. Generating New drag cubes.
[LOG 18:26:36.318] [KSPCF/DragCubeGeneration] Creating drag cubes for part 'structuralIBeam1'
[LOG 18:26:36.321] PartLoader: Compiling Part 'Squad/Parts/Structural/structuralMicronode/structuralMicronode/structuralMiniNode'
[LOG 18:26:36.324] PartLoader: Part 'Squad/Parts/Structural/structuralMicronode/structuralMicronode/structuralMiniNode' has no database record. Creating.
[LOG 18:26:36.324] [DragCubeSystem]: Drag cubes not found or cannot be read for part Part. Generating New drag cubes.
[LOG 18:26:36.325] [KSPCF/DragCubeGeneration] Creating drag cubes for part 'structuralMiniNode'
[LOG 18:26:36.329] PartLoader: Compiling Part 'Squad/Parts/Structural/structuralPanel1x1/structuralPanel1x1/structuralPanel1'
[LOG 18:26:36.332] PartLoader: Part 'Squad/Parts/Structural/structuralPanel1x1/structuralPanel1x1/structuralPanel1' has no database record. Creating.
[LOG 18:26:36.332] [DragCubeSystem]: Drag cubes not found or cannot be read for part Part. Generating New drag cubes.
[LOG 18:26:36.332] [KSPCF/DragCubeGeneration] Creating drag cubes for part 'structuralPanel1'
[LOG 18:26:36.336] PartLoader: Compiling Part 'Squad/Parts/Structural/structuralPanel2x2/structuralPanel2x2/structuralPanel2'
[LOG 18:26:36.339] PartLoader: Part 'Squad/Parts/Structural/structuralPanel2x2/structuralPanel2x2/structuralPanel2' has no database record. Creating.
[LOG 18:26:36.339] [DragCubeSystem]: Drag cubes not found or cannot be read for part Part. Generating New drag cubes.
[LOG 18:26:36.339] [KSPCF/DragCubeGeneration] Creating drag cubes for part 'structuralPanel2'
[LOG 18:26:36.342] PartLoader: Compiling Part 'Squad/Parts/Structural/structuralPylons/smallHardpoint/smallHardpoint'
[LOG 18:26:36.346] PartLoader: Part 'Squad/Parts/Structural/structuralPylons/smallHardpoint/smallHardpoint' has no database record. Creating.
[LOG 18:26:36.347] [DragCubeSystem]: Drag cubes not found or cannot be read for part Part. Generating New drag cubes.
[LOG 18:26:36.347] [KSPCF/DragCubeGeneration] Creating drag cubes for part 'smallHardpoint'
[LOG 18:26:36.350] PartLoader: Compiling Part 'Squad/Parts/Structural/structuralPylons/structuralPylon/structuralPylon'
[LOG 18:26:36.354] PartLoader: Part 'Squad/Parts/Structural/structuralPylons/structuralPylon/structuralPylon' has no database record. Creating.
[LOG 18:26:36.354] [DragCubeSystem]: Drag cubes not found or cannot be read for part Part. Generating New drag cubes.
[LOG 18:26:36.354] [KSPCF/DragCubeGeneration] Creating drag cubes for part 'structuralPylon'
[LOG 18:26:36.359] PartLoader: Compiling Part 'Squad/Parts/Structural/strutCubicOcto/strutCubicOcto/strutCube'
[LOG 18:26:36.362] PartLoader: Part 'Squad/Parts/Structural/strutCubicOcto/strutCubicOcto/strutCube' has no database record. Creating.
[LOG 18:26:36.362] [DragCubeSystem]: Drag cubes not found or cannot be read for part Part. Generating New drag cubes.
[LOG 18:26:36.362] [KSPCF/DragCubeGeneration] Creating drag cubes for part 'strutCube'
[LOG 18:26:36.366] PartLoader: Compiling Part 'Squad/Parts/Structural/strutOcto/strutOcto/strutOcto'
[LOG 18:26:36.368] PartLoader: Part 'Squad/Parts/Structural/strutOcto/strutOcto/strutOcto' has no database record. Creating.
[LOG 18:26:36.368] [DragCubeSystem]: Drag cubes not found or cannot be read for part Part. Generating New drag cubes.
[LOG 18:26:36.368] [KSPCF/DragCubeGeneration] Creating drag cubes for part 'strutOcto'
[LOG 18:26:36.372] PartLoader: Compiling Part 'Squad/Parts/Structural/trussGirderAdapter/trussGirderAdapter/trussAdapter'
[LOG 18:26:36.375] PartLoader: Part 'Squad/Parts/Structural/trussGirderAdapter/trussGirderAdapter/trussAdapter' has no database record. Creating.
[LOG 18:26:36.375] [DragCubeSystem]: Drag cubes not found or cannot be read for part Part. Generating New drag cubes.
[LOG 18:26:36.375] [KSPCF/DragCubeGeneration] Creating drag cubes for part 'trussAdapter'
[LOG 18:26:36.379] PartLoader: Compiling Part 'Squad/Parts/Structural/trussGirderL/trussGirderL/trussPiece1x'
[LOG 18:26:36.382] PartLoader: Part 'Squad/Parts/Structural/trussGirderL/trussGirderL/trussPiece1x' has no database record. Creating.
[LOG 18:26:36.382] [DragCubeSystem]: Drag cubes not found or cannot be read for part Part. Generating New drag cubes.
[LOG 18:26:36.382] [KSPCF/DragCubeGeneration] Creating drag cubes for part 'trussPiece1x'
[LOG 18:26:36.386] PartLoader: Compiling Part 'Squad/Parts/Structural/trussGirderXL/trussGirderXL/trussPiece3x'
[LOG 18:26:36.388] PartLoader: Part 'Squad/Parts/Structural/trussGirderXL/trussGirderXL/trussPiece3x' has no database record. Creating.
[LOG 18:26:36.388] [DragCubeSystem]: Drag cubes not found or cannot be read for part Part. Generating New drag cubes.
[LOG 18:26:36.388] [KSPCF/DragCubeGeneration] Creating drag cubes for part 'trussPiece3x'
[LOG 18:26:36.392] PartLoader: Compiling Part 'Squad/Parts/Thermal/FoldingRadiators/foldingRadLarge/foldingRadLarge'
[LOG 18:26:36.409] PartLoader: Part 'Squad/Parts/Thermal/FoldingRadiators/foldingRadLarge/foldingRadLarge' has no database record. Creating.
[LOG 18:26:36.411] PartLoader: Compiling Part 'Squad/Parts/Thermal/FoldingRadiators/foldingRadMed/foldingRadMed'
[LOG 18:26:36.417] PartLoader: Part 'Squad/Parts/Thermal/FoldingRadiators/foldingRadMed/foldingRadMed' has no database record. Creating.
[LOG 18:26:36.418] PartLoader: Compiling Part 'Squad/Parts/Thermal/FoldingRadiators/foldingRadSmall/foldingRadSmall'
[LOG 18:26:36.422] PartLoader: Part 'Squad/Parts/Thermal/FoldingRadiators/foldingRadSmall/foldingRadSmall' has no database record. Creating.
[LOG 18:26:36.423] PartLoader: Compiling Part 'Squad/Parts/Thermal/RadiatorPanels/radPanelEdge/radPanelEdge'
[LOG 18:26:36.427] PartLoader: Part 'Squad/Parts/Thermal/RadiatorPanels/radPanelEdge/radPanelEdge' has no database record. Creating.
[LOG 18:26:36.427] [DragCubeSystem]: Drag cubes not found or cannot be read for part Part. Generating New drag cubes.
[LOG 18:26:36.427] [KSPCF/DragCubeGeneration] Creating drag cubes for part 'radPanelEdge'
[LOG 18:26:36.431] PartLoader: Compiling Part 'Squad/Parts/Thermal/RadiatorPanels/radPanelLg/radPanelLg'
[LOG 18:26:36.434] PartLoader: Part 'Squad/Parts/Thermal/RadiatorPanels/radPanelLg/radPanelLg' has no database record. Creating.
[LOG 18:26:36.434] [DragCubeSystem]: Drag cubes not found or cannot be read for part Part. Generating New drag cubes.
[LOG 18:26:36.434] [KSPCF/DragCubeGeneration] Creating drag cubes for part 'radPanelLg'
[LOG 18:26:36.438] PartLoader: Compiling Part 'Squad/Parts/Thermal/RadiatorPanels/radPanelSm/radPanelSm'
[LOG 18:26:36.442] PartLoader: Part 'Squad/Parts/Thermal/RadiatorPanels/radPanelSm/radPanelSm' has no database record. Creating.
[LOG 18:26:36.442] [DragCubeSystem]: Drag cubes not found or cannot be read for part Part. Generating New drag cubes.
[LOG 18:26:36.442] [KSPCF/DragCubeGeneration] Creating drag cubes for part 'radPanelSm'
[LOG 18:26:36.446] PartLoader: Compiling Part 'Squad/Parts/Utility/commDish88-88/commDish88-88/commDish'
[LOG 18:26:36.451] PartLoader: Part 'Squad/Parts/Utility/commDish88-88/commDish88-88/commDish' has no database record. Creating.
[LOG 18:26:36.451] [DragCubeSystem]: Drag cubes not found or cannot be read for part Part. Generating New drag cubes.
[LOG 18:26:36.451] [KSPCF/DragCubeGeneration] Creating drag cubes for part 'commDish'
[LOG 18:26:36.468] PartLoader: Compiling Part 'Squad/Parts/Utility/commsAntennaDTS-M1/commsAntennaDTS-M1/mediumDishAntenna'
[LOG 18:26:36.472] PartLoader: Part 'Squad/Parts/Utility/commsAntennaDTS-M1/commsAntennaDTS-M1/mediumDishAntenna' has no database record. Creating.
[LOG 18:26:36.472] [DragCubeSystem]: Drag cubes not found or cannot be read for part Part. Generating New drag cubes.
[LOG 18:26:36.472] [KSPCF/DragCubeGeneration] Creating drag cubes for part 'mediumDishAntenna'
[LOG 18:26:36.485] PartLoader: Compiling Part 'Squad/Parts/Utility/commsDish16/commsAntenna16/longAntenna'
[LOG 18:26:36.489] PartLoader: Part 'Squad/Parts/Utility/commsDish16/commsAntenna16/longAntenna' has no database record. Creating.
[LOG 18:26:36.489] [DragCubeSystem]: Drag cubes not found or cannot be read for part Part. Generating New drag cubes.
[LOG 18:26:36.489] [KSPCF/DragCubeGeneration] Creating drag cubes for part 'longAntenna'
[LOG 18:26:36.501] PartLoader: Compiling Part 'Squad/Parts/Utility/decouplerRadialHDM/decouplerRadialHDM/radialDecoupler1-2'
[LOG 18:26:36.508] PartLoader: Part 'Squad/Parts/Utility/decouplerRadialHDM/decouplerRadialHDM/radialDecoupler1-2' has no database record. Creating.
[LOG 18:26:36.508] [DragCubeSystem]: Drag cubes not found or cannot be read for part Part. Generating New drag cubes.
[LOG 18:26:36.508] [KSPCF/DragCubeGeneration] Creating drag cubes for part 'radialDecoupler1-2'
[LOG 18:26:36.513] PartLoader: Compiling Part 'Squad/Parts/Utility/decouplerRadialTT-38K/decouplerRadialTT-38K/radialDecoupler'
[LOG 18:26:36.517] PartLoader: Part 'Squad/Parts/Utility/decouplerRadialTT-38K/decouplerRadialTT-38K/radialDecoupler' has no database record. Creating.
[LOG 18:26:36.517] [DragCubeSystem]: Drag cubes not found or cannot be read for part Part. Generating New drag cubes.
[LOG 18:26:36.517] [KSPCF/DragCubeGeneration] Creating drag cubes for part 'radialDecoupler'
[LOG 18:26:36.522] PartLoader: Compiling Part 'Squad/Parts/Utility/decouplerRadialTT-70/decouplerRadialTT-70/radialDecoupler2'
[LOG 18:26:36.526] PartLoader: Part 'Squad/Parts/Utility/decouplerRadialTT-70/decouplerRadialTT-70/radialDecoupler2' has no database record. Creating.
[LOG 18:26:36.526] [DragCubeSystem]: Drag cubes not found or cannot be read for part Part. Generating New drag cubes.
[LOG 18:26:36.526] [KSPCF/DragCubeGeneration] Creating drag cubes for part 'radialDecoupler2'
[LOG 18:26:36.532] PartLoader: Compiling Part 'Squad/Parts/Utility/DirectAntennas/C16S/SurfAntenna'
[LOG 18:26:36.537] PartLoader: Part 'Squad/Parts/Utility/DirectAntennas/C16S/SurfAntenna' has no database record. Creating.
[LOG 18:26:36.537] [DragCubeSystem]: Drag cubes not found or cannot be read for part Part. Generating New drag cubes.
[LOG 18:26:36.537] [KSPCF/DragCubeGeneration] Creating drag cubes for part 'SurfAntenna'
[LOG 18:26:36.542] PartLoader: Compiling Part 'Squad/Parts/Utility/DirectAntennas/HG-5/HighGainAntenna5'
[LOG 18:26:36.546] PartLoader: Part 'Squad/Parts/Utility/DirectAntennas/HG-5/HighGainAntenna5' has no database record. Creating.
[LOG 18:26:36.546] [DragCubeSystem]: Drag cubes not found or cannot be read for part Part. Generating New drag cubes.
[LOG 18:26:36.546] [KSPCF/DragCubeGeneration] Creating drag cubes for part 'HighGainAntenna5'
[LOG 18:26:36.559] PartLoader: Compiling Part 'Squad/Parts/Utility/DirectAntennas/HG-5_v2/HighGainAntenna5_v2'
[LOG 18:26:36.563] PartLoader: Part 'Squad/Parts/Utility/DirectAntennas/HG-5_v2/HighGainAntenna5_v2' has no database record. Creating.
[LOG 18:26:36.563] [DragCubeSystem]: Drag cubes not found or cannot be read for part Part. Generating New drag cubes.
[LOG 18:26:36.563] [KSPCF/DragCubeGeneration] Creating drag cubes for part 'HighGainAntenna5.v2'
[LOG 18:26:36.576] PartLoader: Compiling Part 'Squad/Parts/Utility/dockingPort/dockingPort/dockingPort2'
[LOG 18:26:36.586] PartLoader: Part 'Squad/Parts/Utility/dockingPort/dockingPort/dockingPort2' has no database record. Creating.
[LOG 18:26:36.586] [DragCubeSystem]: Drag cubes not found or cannot be read for part Part. Generating New drag cubes.
[LOG 18:26:36.586] [KSPCF/DragCubeGeneration] Creating drag cubes for part 'dockingPort2'
[LOG 18:26:36.592] PartLoader: Compiling Part 'Squad/Parts/Utility/dockingPortInline/dockingPortInline/dockingPortLateral'
[LOG 18:26:36.597] PartLoader: Part 'Squad/Parts/Utility/dockingPortInline/dockingPortInline/dockingPortLateral' has no database record. Creating.
[LOG 18:26:36.597] [DragCubeSystem]: Drag cubes not found or cannot be read for part Part. Generating New drag cubes.
[LOG 18:26:36.597] [KSPCF/DragCubeGeneration] Creating drag cubes for part 'dockingPortLateral'
[LOG 18:26:36.610] PartLoader: Compiling Part 'Squad/Parts/Utility/dockingPortJr/dockingPortJr/dockingPort3'
[LOG 18:26:36.614] PartLoader: Part 'Squad/Parts/Utility/dockingPortJr/dockingPortJr/dockingPort3' has no database record. Creating.
[LOG 18:26:36.614] [DragCubeSystem]: Drag cubes not found or cannot be read for part Part. Generating New drag cubes.
[LOG 18:26:36.614] [KSPCF/DragCubeGeneration] Creating drag cubes for part 'dockingPort3'
[LOG 18:26:36.618] PartLoader: Compiling Part 'Squad/Parts/Utility/dockingPortShielded/dockingPortShielded/dockingPort1'
[LOG 18:26:36.624] PartLoader: Part 'Squad/Parts/Utility/dockingPortShielded/dockingPortShielded/dockingPort1' has no database record. Creating.
[LOG 18:26:36.624] [DragCubeSystem]: Drag cubes not found or cannot be read for part Part. Generating New drag cubes.
[LOG 18:26:36.624] [KSPCF/DragCubeGeneration] Creating drag cubes for part 'dockingPort1'
[LOG 18:26:36.636] PartLoader: Compiling Part 'Squad/Parts/Utility/dockingPortSr/dockingPortSr/dockingPortLarge'
[LOG 18:26:36.641] PartLoader: Part 'Squad/Parts/Utility/dockingPortSr/dockingPortSr/dockingPortLarge' has no database record. Creating.
[LOG 18:26:36.641] [DragCubeSystem]: Drag cubes not found or cannot be read for part Part. Generating New drag cubes.
[LOG 18:26:36.641] [KSPCF/DragCubeGeneration] Creating drag cubes for part 'dockingPortLarge'
[LOG 18:26:36.646] PartLoader: Compiling Part 'Squad/Parts/Utility/Fireworks/fireworksLauncherBig/fireworksLauncherBig'
[LOG 18:26:36.659] PartLoader: Part 'Squad/Parts/Utility/Fireworks/fireworksLauncherBig/fireworksLauncherBig' has no database record. Creating.
[LOG 18:26:36.659] [DragCubeSystem]: Drag cubes not found or cannot be read for part Part. Generating New drag cubes.
[LOG 18:26:36.659] [KSPCF/DragCubeGeneration] Creating drag cubes for part 'fireworksLauncherBig'
[LOG 18:26:36.663] PartLoader: Compiling Part 'Squad/Parts/Utility/Fireworks/fireworksLauncherSmall/fireworksLauncherSmall'
[LOG 18:26:36.671] PartLoader: Part 'Squad/Parts/Utility/Fireworks/fireworksLauncherSmall/fireworksLauncherSmall' has no database record. Creating.
[LOG 18:26:36.671] [DragCubeSystem]: Drag cubes not found or cannot be read for part Part. Generating New drag cubes.
[LOG 18:26:36.671] [KSPCF/DragCubeGeneration] Creating drag cubes for part 'fireworksLauncherSmall'
[LOG 18:26:36.676] PartLoader: Compiling Part 'Squad/Parts/Utility/flags/flagFlat/flagFlat/flagPartFlat'
[LOG 18:26:36.685] PartLoader: Part 'Squad/Parts/Utility/flags/flagFlat/flagFlat/flagPartFlat' has no database record. Creating.
[LOG 18:26:36.685] [DragCubeSystem]: Drag cubes not found or cannot be read for part Part. Generating New drag cubes.
[LOG 18:26:36.685] [KSPCF/DragCubeGeneration] Creating drag cubes for part 'flagPartFlat'
[LOG 18:26:36.689] PartLoader: Compiling Part 'Squad/Parts/Utility/flags/flagSize0/flagSize0/flagPartSize0'
[LOG 18:26:36.694] PartLoader: Part 'Squad/Parts/Utility/flags/flagSize0/flagSize0/flagPartSize0' has no database record. Creating.
[LOG 18:26:36.694] [DragCubeSystem]: Drag cubes not found or cannot be read for part Part. Generating New drag cubes.
[LOG 18:26:36.694] [KSPCF/DragCubeGeneration] Creating drag cubes for part 'flagPartSize0'
[LOG 18:26:36.699] PartLoader: Compiling Part 'Squad/Parts/Utility/flags/flagSize1/flagSize1/flagPartSize1'
[LOG 18:26:36.707] PartLoader: Part 'Squad/Parts/Utility/flags/flagSize1/flagSize1/flagPartSize1' has no database record. Creating.
[LOG 18:26:36.707] [DragCubeSystem]: Drag cubes not found or cannot be read for part Part. Generating New drag cubes.
[LOG 18:26:36.707] [KSPCF/DragCubeGeneration] Creating drag cubes for part 'flagPartSize1'
[LOG 18:26:36.712] PartLoader: Compiling Part 'Squad/Parts/Utility/flags/flagSize2/flagSize2/flagPartSize2'
[LOG 18:26:36.717] PartLoader: Part 'Squad/Parts/Utility/flags/flagSize2/flagSize2/flagPartSize2' has no database record. Creating.
[LOG 18:26:36.717] [DragCubeSystem]: Drag cubes not found or cannot be read for part Part. Generating New drag cubes.
[LOG 18:26:36.717] [KSPCF/DragCubeGeneration] Creating drag cubes for part 'flagPartSize2'
[LOG 18:26:36.721] PartLoader: Compiling Part 'Squad/Parts/Utility/flags/flagSize3/flagSize3/flagPartSize3'
[LOG 18:26:36.726] PartLoader: Part 'Squad/Parts/Utility/flags/flagSize3/flagSize3/flagPartSize3' has no database record. Creating.
[LOG 18:26:36.726] [DragCubeSystem]: Drag cubes not found or cannot be read for part Part. Generating New drag cubes.
[LOG 18:26:36.726] [KSPCF/DragCubeGeneration] Creating drag cubes for part 'flagPartSize3'
[LOG 18:26:36.731] PartLoader: Compiling Part 'Squad/Parts/Utility/GrapplingDevice/part/GrapplingDevice'
[LOG 18:26:36.744] PartLoader: Part 'Squad/Parts/Utility/GrapplingDevice/part/GrapplingDevice' has no database record. Creating.
[LOG 18:26:36.744] [DragCubeSystem]: Drag cubes not found or cannot be read for part Part. Generating New drag cubes.
[LOG 18:26:36.744] [KSPCF/DragCubeGeneration] Creating drag cubes for part 'GrapplingDevice'
[LOG 18:26:36.761] PartLoader: Compiling Part 'Squad/Parts/Utility/ladderRadial/ladderRadial/ladder1'
[LOG 18:26:36.764] PartLoader: Part 'Squad/Parts/Utility/ladderRadial/ladderRadial/ladder1' has no database record. Creating.
[LOG 18:26:36.764] [DragCubeSystem]: Drag cubes not found or cannot be read for part Part. Generating New drag cubes.
[LOG 18:26:36.764] [KSPCF/DragCubeGeneration] Creating drag cubes for part 'ladder1'
[LOG 18:26:36.768] PartLoader: Compiling Part 'Squad/Parts/Utility/ladderTelescopic/ladderTelescopic/telescopicLadder'
[LOG 18:26:36.774] PartLoader: Part 'Squad/Parts/Utility/ladderTelescopic/ladderTelescopic/telescopicLadder' has no database record. Creating.
[LOG 18:26:36.774] [DragCubeSystem]: Drag cubes not found or cannot be read for part Part. Generating New drag cubes.
[LOG 18:26:36.774] [KSPCF/DragCubeGeneration] Creating drag cubes for part 'telescopicLadder'
[LOG 18:26:36.785] PartLoader: Compiling Part 'Squad/Parts/Utility/ladderTelescopicBay/ladderTelescopicBay/telescopicLadderBay'
[LOG 18:26:36.798] PartLoader: Part 'Squad/Parts/Utility/ladderTelescopicBay/ladderTelescopicBay/telescopicLadderBay' has no database record. Creating.
[LOG 18:26:36.798] [DragCubeSystem]: Drag cubes not found or cannot be read for part Part. Generating New drag cubes.
[LOG 18:26:36.798] [KSPCF/DragCubeGeneration] Creating drag cubes for part 'telescopicLadderBay'
[LOG 18:26:36.811] PartLoader: Compiling Part 'Squad/Parts/Utility/landingLegLT-1/landingLegLT-1/landingLeg1'
[LOG 18:26:36.843] PartLoader: Part 'Squad/Parts/Utility/landingLegLT-1/landingLegLT-1/landingLeg1' has no database record. Creating.
[LOG 18:26:36.843] [DragCubeSystem]: Drag cubes not found or cannot be read for part Part. Generating New drag cubes.
[LOG 18:26:36.843] [KSPCF/DragCubeGeneration] Creating drag cubes for part 'landingLeg1'
[LOG 18:26:36.856] PartLoader: Compiling Part 'Squad/Parts/Utility/landingLegLT-2/landingLegLT-2/landingLeg1-2'
[LOG 18:26:36.862] PartLoader: Part 'Squad/Parts/Utility/landingLegLT-2/landingLegLT-2/landingLeg1-2' has no database record. Creating.
[LOG 18:26:36.862] [DragCubeSystem]: Drag cubes not found or cannot be read for part Part. Generating New drag cubes.
[LOG 18:26:36.862] [KSPCF/DragCubeGeneration] Creating drag cubes for part 'landingLeg1-2'
[LOG 18:26:36.873] PartLoader: Compiling Part 'Squad/Parts/Utility/landingLegLT-5/landingLegLT-5/miniLandingLeg'
[LOG 18:26:36.880] PartLoader: Part 'Squad/Parts/Utility/landingLegLT-5/landingLegLT-5/miniLandingLeg' has no database record. Creating.
[LOG 18:26:36.880] [DragCubeSystem]: Drag cubes not found or cannot be read for part Part. Generating New drag cubes.
[LOG 18:26:36.880] [KSPCF/DragCubeGeneration] Creating drag cubes for part 'miniLandingLeg'
[LOG 18:26:36.891] PartLoader: Compiling Part 'Squad/Parts/Utility/launchClamp1/launchClamp1/launchClamp1'
[LOG 18:26:36.898] PartLoader: Part 'Squad/Parts/Utility/launchClamp1/launchClamp1/launchClamp1' has no database record. Creating.
[LOG 18:26:36.898] [DragCubeSystem]: Drag cubes not found or cannot be read for part Part. Generating New drag cubes.
[LOG 18:26:36.898] [KSPCF/DragCubeGeneration] Creating drag cubes for part 'launchClamp1'
[LOG 18:26:36.902] PartLoader: Compiling Part 'Squad/Parts/Utility/launchEscapeSystem/part/LaunchEscapeSystem'
[LOG 18:26:36.908] PartLoader: Part 'Squad/Parts/Utility/launchEscapeSystem/part/LaunchEscapeSystem' has no database record. Creating.
[LOG 18:26:36.908] [DragCubeSystem]: Drag cubes not found or cannot be read for part Part. Generating New drag cubes.
[LOG 18:26:36.908] [KSPCF/DragCubeGeneration] Creating drag cubes for part 'LaunchEscapeSystem'
[LOG 18:26:36.913] PartLoader: Compiling Part 'Squad/Parts/Utility/Lights/domeLight1/domeLight1'
[LOG 18:26:36.917] PartLoader: Part 'Squad/Parts/Utility/Lights/domeLight1/domeLight1' has no database record. Creating.
[LOG 18:26:36.917] [DragCubeSystem]: Drag cubes not found or cannot be read for part Part. Generating New drag cubes.
[LOG 18:26:36.917] [KSPCF/DragCubeGeneration] Creating drag cubes for part 'domeLight1'
[LOG 18:26:36.923] PartLoader: Compiling Part 'Squad/Parts/Utility/Lights/groundLight1/groundLight1'
[LOG 18:26:36.927] PartLoader: Part 'Squad/Parts/Utility/Lights/groundLight1/groundLight1' has no database record. Creating.
[LOG 18:26:36.927] [DragCubeSystem]: Drag cubes not found or cannot be read for part Part. Generating New drag cubes.
[LOG 18:26:36.927] [KSPCF/DragCubeGeneration] Creating drag cubes for part 'groundLight1'
[LOG 18:26:36.932] PartLoader: Compiling Part 'Squad/Parts/Utility/Lights/groundLight2/groundLight2'
[LOG 18:26:36.936] PartLoader: Part 'Squad/Parts/Utility/Lights/groundLight2/groundLight2' has no database record. Creating.
[LOG 18:26:36.936] [DragCubeSystem]: Drag cubes not found or cannot be read for part Part. Generating New drag cubes.
[LOG 18:26:36.937] [KSPCF/DragCubeGeneration] Creating drag cubes for part 'groundLight2'
[LOG 18:26:36.941] PartLoader: Compiling Part 'Squad/Parts/Utility/Lights/navLight1/navLight1'
[LOG 18:26:36.945] PartLoader: Part 'Squad/Parts/Utility/Lights/navLight1/navLight1' has no database record. Creating.
[LOG 18:26:36.945] [DragCubeSystem]: Drag cubes not found or cannot be read for part Part. Generating New drag cubes.
[LOG 18:26:36.945] [KSPCF/DragCubeGeneration] Creating drag cubes for part 'navLight1'
[LOG 18:26:36.949] PartLoader: Compiling Part 'Squad/Parts/Utility/Lights/spotLight1/spotLight3'
[LOG 18:26:36.957] PartLoader: Part 'Squad/Parts/Utility/Lights/spotLight1/spotLight3' has no database record. Creating.
[LOG 18:26:36.957] [DragCubeSystem]: Drag cubes not found or cannot be read for part Part. Generating New drag cubes.
[LOG 18:26:36.957] [KSPCF/DragCubeGeneration] Creating drag cubes for part 'spotLight3'
[LOG 18:26:36.961] PartLoader: Compiling Part 'Squad/Parts/Utility/Lights/stripLight1/stripLight1'
[LOG 18:26:36.965] PartLoader: Part 'Squad/Parts/Utility/Lights/stripLight1/stripLight1' has no database record. Creating.
[LOG 18:26:36.965] [DragCubeSystem]: Drag cubes not found or cannot be read for part Part. Generating New drag cubes.
[LOG 18:26:36.965] [KSPCF/DragCubeGeneration] Creating drag cubes for part 'stripLight1'
[LOG 18:26:36.970] PartLoader: Compiling Part 'Squad/Parts/Utility/linearVernorRCS/linearRCS/linearRcs'
[LOG 18:26:36.977] PartLoader: Part 'Squad/Parts/Utility/linearVernorRCS/linearRCS/linearRcs' has no database record. Creating.
[LOG 18:26:36.977] [DragCubeSystem]: Drag cubes not found or cannot be read for part Part. Generating New drag cubes.
[LOG 18:26:36.977] [KSPCF/DragCubeGeneration] Creating drag cubes for part 'linearRcs'
[LOG 18:26:36.981] PartLoader: Compiling Part 'Squad/Parts/Utility/linearVernorRCS/vernorEngine/vernierEngine'
[LOG 18:26:36.986] PartLoader: Part 'Squad/Parts/Utility/linearVernorRCS/vernorEngine/vernierEngine' has no database record. Creating.
[LOG 18:26:36.986] [DragCubeSystem]: Drag cubes not found or cannot be read for part Part. Generating New drag cubes.
[LOG 18:26:36.986] [KSPCF/DragCubeGeneration] Creating drag cubes for part 'vernierEngine'
[LOG 18:26:36.991] PartLoader: Compiling Part 'Squad/Parts/Utility/mk2CargoBay/BayL/mk2CargoBayL'
[LOG 18:26:36.996] PartLoader: Part 'Squad/Parts/Utility/mk2CargoBay/BayL/mk2CargoBayL' has no database record. Creating.
[LOG 18:26:36.996] PartLoader: Compiling Part 'Squad/Parts/Utility/mk2CargoBay/BayS/mk2CargoBayS'
[LOG 18:26:37.000] PartLoader: Part 'Squad/Parts/Utility/mk2CargoBay/BayS/mk2CargoBayS' has no database record. Creating.
[LOG 18:26:37.000] PartLoader: Compiling Part 'Squad/Parts/Utility/mk2CrewCabin/mk2CrewCabin/mk2CrewCabin'
[WRN 18:26:37.002] [Part]: Cannot have ModuleCargoPart and ModuleInventoryPart on same Part [mk2CrewCabin'. Removed ModuleCargoPart
[LOG 18:26:37.004] PartLoader: Part 'Squad/Parts/Utility/mk2CrewCabin/mk2CrewCabin/mk2CrewCabin' has no database record. Creating.
[LOG 18:26:37.004] [DragCubeSystem]: Drag cubes not found or cannot be read for part Part. Generating New drag cubes.
[LOG 18:26:37.004] [KSPCF/DragCubeGeneration] Creating drag cubes for part 'mk2CrewCabin'
[LOG 18:26:37.009] PartLoader: Compiling Part 'Squad/Parts/Utility/mk2DockingPort/mk2DockingPort/mk2DockingPort'
[LOG 18:26:37.015] PartLoader: Part 'Squad/Parts/Utility/mk2DockingPort/mk2DockingPort/mk2DockingPort' has no database record. Creating.
[LOG 18:26:37.015] PartLoader: Compiling Part 'Squad/Parts/Utility/mk3CargoBay/long/mk3CargoBayL'
[LOG 18:26:37.018] PartLoader: Part 'Squad/Parts/Utility/mk3CargoBay/long/mk3CargoBayL' has no database record. Creating.
[LOG 18:26:37.018] PartLoader: Compiling Part 'Squad/Parts/Utility/mk3CargoBay/medium/mk3CargoBayM'
[LOG 18:26:37.022] PartLoader: Part 'Squad/Parts/Utility/mk3CargoBay/medium/mk3CargoBayM' has no database record. Creating.
[LOG 18:26:37.022] PartLoader: Compiling Part 'Squad/Parts/Utility/mk3CargoBay/ramp/mk3CargoRamp'
[LOG 18:26:37.025] PartLoader: Part 'Squad/Parts/Utility/mk3CargoBay/ramp/mk3CargoRamp' has no database record. Creating.
[LOG 18:26:37.026] PartLoader: Compiling Part 'Squad/Parts/Utility/mk3CargoBay/short/mk3CargoBayS'
[LOG 18:26:37.028] PartLoader: Part 'Squad/Parts/Utility/mk3CargoBay/short/mk3CargoBayS' has no database record. Creating.
[LOG 18:26:37.028] PartLoader: Compiling Part 'Squad/Parts/Utility/parachuteMk1/parachuteMk1/parachuteSingle'
[LOG 18:26:37.038] PartLoader: Part 'Squad/Parts/Utility/parachuteMk1/parachuteMk1/parachuteSingle' has no database record. Creating.
[LOG 18:26:37.038] [DragCubeSystem]: Drag cubes not found or cannot be read for part Part. Generating New drag cubes.
[LOG 18:26:37.038] [KSPCF/DragCubeGeneration] Creating drag cubes for part 'parachuteSingle'
[LOG 18:26:37.056] PartLoader: Compiling Part 'Squad/Parts/Utility/parachuteMk12-R/parachuteMk12-R/radialDrogue'
[LOG 18:26:37.061] PartLoader: Part 'Squad/Parts/Utility/parachuteMk12-R/parachuteMk12-R/radialDrogue' has no database record. Creating.
[LOG 18:26:37.061] [DragCubeSystem]: Drag cubes not found or cannot be read for part Part. Generating New drag cubes.
[LOG 18:26:37.061] [KSPCF/DragCubeGeneration] Creating drag cubes for part 'radialDrogue'
[LOG 18:26:37.077] PartLoader: Compiling Part 'Squad/Parts/Utility/parachuteMk16-XL/parachuteMk16-XL/parachuteLarge'
[LOG 18:26:37.081] PartLoader: Part 'Squad/Parts/Utility/parachuteMk16-XL/parachuteMk16-XL/parachuteLarge' has no database record. Creating.
[LOG 18:26:37.081] [DragCubeSystem]: Drag cubes not found or cannot be read for part Part. Generating New drag cubes.
[LOG 18:26:37.081] [KSPCF/DragCubeGeneration] Creating drag cubes for part 'parachuteLarge'
[LOG 18:26:37.098] PartLoader: Compiling Part 'Squad/Parts/Utility/parachuteMk2-R/parachuteMk2-R/parachuteRadial'
[LOG 18:26:37.102] PartLoader: Part 'Squad/Parts/Utility/parachuteMk2-R/parachuteMk2-R/parachuteRadial' has no database record. Creating.
[LOG 18:26:37.102] [DragCubeSystem]: Drag cubes not found or cannot be read for part Part. Generating New drag cubes.
[LOG 18:26:37.102] [KSPCF/DragCubeGeneration] Creating drag cubes for part 'parachuteRadial'
[LOG 18:26:37.117] PartLoader: Compiling Part 'Squad/Parts/Utility/parachuteMk25/parachuteMk25/parachuteDrogue'
[LOG 18:26:37.121] PartLoader: Part 'Squad/Parts/Utility/parachuteMk25/parachuteMk25/parachuteDrogue' has no database record. Creating.
[LOG 18:26:37.121] [DragCubeSystem]: Drag cubes not found or cannot be read for part Part. Generating New drag cubes.
[LOG 18:26:37.121] [KSPCF/DragCubeGeneration] Creating drag cubes for part 'parachuteDrogue'
[LOG 18:26:37.137] PartLoader: Compiling Part 'Squad/Parts/Utility/radialAttachmentPoint/radialAttachmentPoint/stackPoint1'
[LOG 18:26:37.139] PartLoader: Part 'Squad/Parts/Utility/radialAttachmentPoint/radialAttachmentPoint/stackPoint1' has no database record. Creating.
[LOG 18:26:37.139] [DragCubeSystem]: Drag cubes not found or cannot be read for part Part. Generating New drag cubes.
[LOG 18:26:37.139] [KSPCF/DragCubeGeneration] Creating drag cubes for part 'stackPoint1'
[LOG 18:26:37.144] PartLoader: Compiling Part 'Squad/Parts/Utility/rcsBlockRV-105_v2/rcsBlockRV-105/RCSBlock_v2'
[LOG 18:26:37.150] PartLoader: Part 'Squad/Parts/Utility/rcsBlockRV-105_v2/rcsBlockRV-105/RCSBlock_v2' has no database record. Creating.
[LOG 18:26:37.150] [DragCubeSystem]: Drag cubes not found or cannot be read for part Part. Generating New drag cubes.
[LOG 18:26:37.150] [KSPCF/DragCubeGeneration] Creating drag cubes for part 'RCSBlock.v2'
[LOG 18:26:37.176] PartLoader: Compiling Part 'Squad/Parts/Utility/rcsBlockRV-105_v2/RCSblock_01_small/RCSblock_01_small'
[LOG 18:26:37.182] PartLoader: Part 'Squad/Parts/Utility/rcsBlockRV-105_v2/RCSblock_01_small/RCSblock_01_small' has no database record. Creating.
[LOG 18:26:37.182] [DragCubeSystem]: Drag cubes not found or cannot be read for part Part. Generating New drag cubes.
[LOG 18:26:37.182] [KSPCF/DragCubeGeneration] Creating drag cubes for part 'RCSblock.01.small'
[LOG 18:26:37.210] PartLoader: Compiling Part 'Squad/Parts/Utility/rcsSmallLinear/RCSLinearSmall/RCSLinearSmall'
[LOG 18:26:37.216] PartLoader: Part 'Squad/Parts/Utility/rcsSmallLinear/RCSLinearSmall/RCSLinearSmall' has no database record. Creating.
[LOG 18:26:37.216] [DragCubeSystem]: Drag cubes not found or cannot be read for part Part. Generating New drag cubes.
[LOG 18:26:37.216] [KSPCF/DragCubeGeneration] Creating drag cubes for part 'RCSLinearSmall'
[LOG 18:26:37.228] PartLoader: Compiling Part 'Squad/Parts/Utility/RelayAntennas/RA-100/RelayAntenna100'
[LOG 18:26:37.231] PartLoader: Part 'Squad/Parts/Utility/RelayAntennas/RA-100/RelayAntenna100' has no database record. Creating.
[LOG 18:26:37.231] [DragCubeSystem]: Drag cubes not found or cannot be read for part Part. Generating New drag cubes.
[LOG 18:26:37.231] [KSPCF/DragCubeGeneration] Creating drag cubes for part 'RelayAntenna100'
[LOG 18:26:37.237] PartLoader: Compiling Part 'Squad/Parts/Utility/RelayAntennas/RA-5/RelayAntenna5'
[LOG 18:26:37.242] PartLoader: Part 'Squad/Parts/Utility/RelayAntennas/RA-5/RelayAntenna5' has no database record. Creating.
[LOG 18:26:37.242] [DragCubeSystem]: Drag cubes not found or cannot be read for part Part. Generating New drag cubes.
[LOG 18:26:37.242] [KSPCF/DragCubeGeneration] Creating drag cubes for part 'RelayAntenna5'
[LOG 18:26:37.247] PartLoader: Compiling Part 'Squad/Parts/Utility/RelayAntennas/RA-50/RelayAntenna50'
[LOG 18:26:37.250] PartLoader: Part 'Squad/Parts/Utility/RelayAntennas/RA-50/RelayAntenna50' has no database record. Creating.
[LOG 18:26:37.250] [DragCubeSystem]: Drag cubes not found or cannot be read for part Part. Generating New drag cubes.
[LOG 18:26:37.250] [KSPCF/DragCubeGeneration] Creating drag cubes for part 'RelayAntenna50'
[LOG 18:26:37.255] PartLoader: Compiling Part 'Squad/Parts/Utility/rockomaxAdapters/largeAdapter/largeAdapter'
[LOG 18:26:37.259] PartLoader: Part 'Squad/Parts/Utility/rockomaxAdapters/largeAdapter/largeAdapter' has no database record. Creating.
[LOG 18:26:37.259] [DragCubeSystem]: Drag cubes not found or cannot be read for part Part. Generating New drag cubes.
[LOG 18:26:37.259] [KSPCF/DragCubeGeneration] Creating drag cubes for part 'largeAdapter'
[LOG 18:26:37.264] PartLoader: Compiling Part 'Squad/Parts/Utility/rockomaxAdapters/largeAdapterShort/largeAdapter2'
[LOG 18:26:37.267] PartLoader: Part 'Squad/Parts/Utility/rockomaxAdapters/largeAdapterShort/largeAdapter2' has no database record. Creating.
[LOG 18:26:37.267] [DragCubeSystem]: Drag cubes not found or cannot be read for part Part. Generating New drag cubes.
[LOG 18:26:37.267] [KSPCF/DragCubeGeneration] Creating drag cubes for part 'largeAdapter2'
[LOG 18:26:37.271] PartLoader: Compiling Part 'Squad/Parts/Utility/ServiceBay_v2/ServiceBay_125_v2/ServiceBay_125_v2'
[LOG 18:26:37.275] PartLoader: Part 'Squad/Parts/Utility/ServiceBay_v2/ServiceBay_125_v2/ServiceBay_125_v2' has no database record. Creating.
[LOG 18:26:37.275] [DragCubeSystem]: Drag cubes not found or cannot be read for part Part. Generating New drag cubes.
[LOG 18:26:37.275] [KSPCF/DragCubeGeneration] Creating drag cubes for part 'ServiceBay.125.v2'
[LOG 18:26:37.287] PartLoader: Compiling Part 'Squad/Parts/Utility/ServiceBay_v2/ServiceBay_250_v2/ServiceBay_250_v2'
[LOG 18:26:37.291] PartLoader: Part 'Squad/Parts/Utility/ServiceBay_v2/ServiceBay_250_v2/ServiceBay_250_v2' has no database record. Creating.
[LOG 18:26:37.291] [DragCubeSystem]: Drag cubes not found or cannot be read for part Part. Generating New drag cubes.
[LOG 18:26:37.291] [KSPCF/DragCubeGeneration] Creating drag cubes for part 'ServiceBay.250.v2'
[LOG 18:26:37.303] PartLoader: Compiling Part 'Squad/Parts/Utility/smallClaw/smallClaw/smallClaw'
[LOG 18:26:37.311] PartLoader: Part 'Squad/Parts/Utility/smallClaw/smallClaw/smallClaw' has no database record. Creating.
[LOG 18:26:37.311] [DragCubeSystem]: Drag cubes not found or cannot be read for part Part. Generating New drag cubes.
[LOG 18:26:37.311] [KSPCF/DragCubeGeneration] Creating drag cubes for part 'smallClaw'
[LOG 18:26:37.327] PartLoader: Compiling Part 'Squad/Parts/Utility/spotLightMk1/spotLightMk1/spotLight1'
[LOG 18:26:37.331] PartLoader: Part 'Squad/Parts/Utility/spotLightMk1/spotLightMk1/spotLight1' has no database record. Creating.
[LOG 18:26:37.331] [DragCubeSystem]: Drag cubes not found or cannot be read for part Part. Generating New drag cubes.
[LOG 18:26:37.331] [KSPCF/DragCubeGeneration] Creating drag cubes for part 'spotLight1'
[LOG 18:26:37.335] PartLoader: Compiling Part 'Squad/Parts/Utility/spotLightMk1_v2/spotLightMk1_v2/spotLight1_v2'
[LOG 18:26:37.339] PartLoader: Part 'Squad/Parts/Utility/spotLightMk1_v2/spotLightMk1_v2/spotLight1_v2' has no database record. Creating.
[LOG 18:26:37.340] [DragCubeSystem]: Drag cubes not found or cannot be read for part Part. Generating New drag cubes.
[LOG 18:26:37.340] [KSPCF/DragCubeGeneration] Creating drag cubes for part 'spotLight1.v2'
[LOG 18:26:37.344] PartLoader: Compiling Part 'Squad/Parts/Utility/spotLightMk2/spotLightMk2/spotLight2'
[LOG 18:26:37.348] PartLoader: Part 'Squad/Parts/Utility/spotLightMk2/spotLightMk2/spotLight2' has no database record. Creating.
[LOG 18:26:37.348] [DragCubeSystem]: Drag cubes not found or cannot be read for part Part. Generating New drag cubes.
[LOG 18:26:37.348] [KSPCF/DragCubeGeneration] Creating drag cubes for part 'spotLight2'
[LOG 18:26:37.352] PartLoader: Compiling Part 'Squad/Parts/Utility/spotLightMk2_v2/spotLightMk2_v2/spotLight2_v2'
[LOG 18:26:37.358] PartLoader: Part 'Squad/Parts/Utility/spotLightMk2_v2/spotLightMk2_v2/spotLight2_v2' has no database record. Creating.
[LOG 18:26:37.358] [DragCubeSystem]: Drag cubes not found or cannot be read for part Part. Generating New drag cubes.
[LOG 18:26:37.358] [KSPCF/DragCubeGeneration] Creating drag cubes for part 'spotLight2.v2'
[LOG 18:26:37.362] PartLoader: Compiling Part 'Squad/Parts/Utility/stackCouplers/stackBiCoupler_v2/stackBiCoupler_v2'
[LOG 18:26:37.365] PartLoader: Part 'Squad/Parts/Utility/stackCouplers/stackBiCoupler_v2/stackBiCoupler_v2' has no database record. Creating.
[LOG 18:26:37.365] [DragCubeSystem]: Drag cubes not found or cannot be read for part Part. Generating New drag cubes.
[LOG 18:26:37.365] [KSPCF/DragCubeGeneration] Creating drag cubes for part 'stackBiCoupler.v2'
[LOG 18:26:37.369] PartLoader: Compiling Part 'Squad/Parts/Utility/stackCouplers/stackQuadCoupler/stackQuadCoupler'
[LOG 18:26:37.372] PartLoader: Part 'Squad/Parts/Utility/stackCouplers/stackQuadCoupler/stackQuadCoupler' has no database record. Creating.
[LOG 18:26:37.372] [DragCubeSystem]: Drag cubes not found or cannot be read for part Part. Generating New drag cubes.
[LOG 18:26:37.372] [KSPCF/DragCubeGeneration] Creating drag cubes for part 'stackQuadCoupler'
[LOG 18:26:37.376] PartLoader: Compiling Part 'Squad/Parts/Utility/stackCouplers/stackTriCoupler_v2/stackTriCoupler_v2'
[LOG 18:26:37.380] PartLoader: Part 'Squad/Parts/Utility/stackCouplers/stackTriCoupler_v2/stackTriCoupler_v2' has no database record. Creating.
[LOG 18:26:37.380] [DragCubeSystem]: Drag cubes not found or cannot be read for part Part. Generating New drag cubes.
[LOG 18:26:37.380] [KSPCF/DragCubeGeneration] Creating drag cubes for part 'stackTriCoupler.v2'
[LOG 18:26:37.384] PartLoader: Compiling Part 'Squad/Parts/Wheel/LandingGear/GearExtraLarge/GearLarge'
[LOG 18:26:37.403] PartLoader: Part 'Squad/Parts/Wheel/LandingGear/GearExtraLarge/GearLarge' has no database record. Creating.
[LOG 18:26:37.404] [DragCubeSystem]: Drag cubes not found or cannot be read for part Part. Generating New drag cubes.
[LOG 18:26:37.404] [KSPCF/DragCubeGeneration] Creating drag cubes for part 'GearLarge'
[LOG 18:26:37.426] PartLoader: Compiling Part 'Squad/Parts/Wheel/LandingGear/GearFixed/GearFixed'
[LOG 18:26:37.432] PartLoader: Part 'Squad/Parts/Wheel/LandingGear/GearFixed/GearFixed' has no database record. Creating.
[LOG 18:26:37.432] [DragCubeSystem]: Drag cubes not found or cannot be read for part Part. Generating New drag cubes.
[LOG 18:26:37.432] [KSPCF/DragCubeGeneration] Creating drag cubes for part 'GearFixed'
[LOG 18:26:37.437] PartLoader: Compiling Part 'Squad/Parts/Wheel/LandingGear/GearFree/GearFree'
[LOG 18:26:37.448] PartLoader: Part 'Squad/Parts/Wheel/LandingGear/GearFree/GearFree' has no database record. Creating.
[LOG 18:26:37.448] [DragCubeSystem]: Drag cubes not found or cannot be read for part Part. Generating New drag cubes.
[LOG 18:26:37.448] [KSPCF/DragCubeGeneration] Creating drag cubes for part 'GearFree'
[LOG 18:26:37.457] PartLoader: Compiling Part 'Squad/Parts/Wheel/LandingGear/GearLarge/GearMedium'
[LOG 18:26:37.476] PartLoader: Part 'Squad/Parts/Wheel/LandingGear/GearLarge/GearMedium' has no database record. Creating.
[LOG 18:26:37.476] [DragCubeSystem]: Drag cubes not found or cannot be read for part Part. Generating New drag cubes.
[LOG 18:26:37.476] [KSPCF/DragCubeGeneration] Creating drag cubes for part 'GearMedium'
[LOG 18:26:37.503] PartLoader: Compiling Part 'Squad/Parts/Wheel/LandingGear/GearMedium/GearSmall'
[LOG 18:26:37.519] PartLoader: Part 'Squad/Parts/Wheel/LandingGear/GearMedium/GearSmall' has no database record. Creating.
[LOG 18:26:37.519] [DragCubeSystem]: Drag cubes not found or cannot be read for part Part. Generating New drag cubes.
[LOG 18:26:37.519] [KSPCF/DragCubeGeneration] Creating drag cubes for part 'GearSmall'
[LOG 18:26:37.540] PartLoader: Compiling Part 'Squad/Parts/Wheel/LandingGear/GearSmall/SmallGearBay'
[LOG 18:26:37.552] PartLoader: Part 'Squad/Parts/Wheel/LandingGear/GearSmall/SmallGearBay' has no database record. Creating.
[LOG 18:26:37.552] [DragCubeSystem]: Drag cubes not found or cannot be read for part Part. Generating New drag cubes.
[LOG 18:26:37.552] [KSPCF/DragCubeGeneration] Creating drag cubes for part 'SmallGearBay'
[LOG 18:26:37.566] PartLoader: Compiling Part 'Squad/Parts/Wheel/roverWheelM1/roverWheelM1/roverWheel1'
[LOG 18:26:37.577] PartLoader: Part 'Squad/Parts/Wheel/roverWheelM1/roverWheelM1/roverWheel1' has no database record. Creating.
[LOG 18:26:37.577] [DragCubeSystem]: Drag cubes not found or cannot be read for part Part. Generating New drag cubes.
[LOG 18:26:37.577] [KSPCF/DragCubeGeneration] Creating drag cubes for part 'roverWheel1'
[LOG 18:26:37.584] PartLoader: Compiling Part 'Squad/Parts/Wheel/roverWheelS2/roverWheelS2/roverWheel2'
[LOG 18:26:37.590] PartLoader: Part 'Squad/Parts/Wheel/roverWheelS2/roverWheelS2/roverWheel2' has no database record. Creating.
[LOG 18:26:37.591] [DragCubeSystem]: Drag cubes not found or cannot be read for part Part. Generating New drag cubes.
[LOG 18:26:37.591] [KSPCF/DragCubeGeneration] Creating drag cubes for part 'roverWheel2'
[LOG 18:26:37.596] PartLoader: Compiling Part 'Squad/Parts/Wheel/roverWheelTR-2L/roverWheelTR-2L/wheelMed'
[LOG 18:26:37.602] PartLoader: Part 'Squad/Parts/Wheel/roverWheelTR-2L/roverWheelTR-2L/wheelMed' has no database record. Creating.
[LOG 18:26:37.602] [DragCubeSystem]: Drag cubes not found or cannot be read for part Part. Generating New drag cubes.
[LOG 18:26:37.603] [KSPCF/DragCubeGeneration] Creating drag cubes for part 'wheelMed'
[LOG 18:26:37.607] PartLoader: Compiling Part 'Squad/Parts/Wheel/roverWheelXL3/roverWheelXL3/roverWheel3'
[LOG 18:26:37.616] PartLoader: Part 'Squad/Parts/Wheel/roverWheelXL3/roverWheelXL3/roverWheel3' has no database record. Creating.
[LOG 18:26:37.616] [DragCubeSystem]: Drag cubes not found or cannot be read for part Part. Generating New drag cubes.
[LOG 18:26:37.616] [KSPCF/DragCubeGeneration] Creating drag cubes for part 'roverWheel3'
[LOG 18:26:37.621] PartLoader: Compiling Part 'SquadExpansion/MakingHistory/Parts/Aero/protectiveRocketNoseMk16/rocketNoseCone_size4/rocketNoseConeSize4'
[LOG 18:26:37.623] PartLoader: Part 'SquadExpansion/MakingHistory/Parts/Aero/protectiveRocketNoseMk16/rocketNoseCone_size4/rocketNoseConeSize4' has no database record. Creating.
[LOG 18:26:37.623] [DragCubeSystem]: Drag cubes not found or cannot be read for part Part. Generating New drag cubes.
[LOG 18:26:37.623] [KSPCF/DragCubeGeneration] Creating drag cubes for part 'rocketNoseConeSize4'
[LOG 18:26:37.627] PartLoader: Compiling Part 'SquadExpansion/MakingHistory/Parts/Aero/protectiveRocketNoseMk5A/Size_1_5_Cone/Size_1_5_Cone'
[LOG 18:26:37.631] PartLoader: Part 'SquadExpansion/MakingHistory/Parts/Aero/protectiveRocketNoseMk5A/Size_1_5_Cone/Size_1_5_Cone' has no database record. Creating.
[LOG 18:26:37.632] [DragCubeSystem]: Drag cubes not found or cannot be read for part Part. Generating New drag cubes.
[LOG 18:26:37.632] [KSPCF/DragCubeGeneration] Creating drag cubes for part 'Size.1.5.Cone'
[LOG 18:26:37.635] PartLoader: Compiling Part 'SquadExpansion/MakingHistory/Parts/Coupling/Decoupler_1p5/Decoupler_1p5'
[LOG 18:26:37.640] PartLoader: Part 'SquadExpansion/MakingHistory/Parts/Coupling/Decoupler_1p5/Decoupler_1p5' has no database record. Creating.
[LOG 18:26:37.641] PartLoader: Compiling Part 'SquadExpansion/MakingHistory/Parts/Coupling/Decoupler_4/Decoupler_4'
[LOG 18:26:37.645] PartLoader: Part 'SquadExpansion/MakingHistory/Parts/Coupling/Decoupler_4/Decoupler_4' has no database record. Creating.
[LOG 18:26:37.645] PartLoader: Compiling Part 'SquadExpansion/MakingHistory/Parts/Coupling/EnginePlate_1p5/EnginePlate1p5'
[LOG 18:26:37.655] PartLoader: Part 'SquadExpansion/MakingHistory/Parts/Coupling/EnginePlate_1p5/EnginePlate1p5' has no database record. Creating.
[LOG 18:26:37.655] [DragCubeSystem]: Drag cubes not found or cannot be read for part Part. Generating New drag cubes.
[LOG 18:26:37.655] [KSPCF/DragCubeGeneration] Part 'EnginePlate1p5' has defined a procedural drag cube setup
[LOG 18:26:37.655] PartLoader: Compiling Part 'SquadExpansion/MakingHistory/Parts/Coupling/EnginePlate_2/EnginePlate2'
[LOG 18:26:37.661] PartLoader: Part 'SquadExpansion/MakingHistory/Parts/Coupling/EnginePlate_2/EnginePlate2' has no database record. Creating.
[LOG 18:26:37.661] [DragCubeSystem]: Drag cubes not found or cannot be read for part Part. Generating New drag cubes.
[LOG 18:26:37.661] [KSPCF/DragCubeGeneration] Part 'EnginePlate2' has defined a procedural drag cube setup
[LOG 18:26:37.661] PartLoader: Compiling Part 'SquadExpansion/MakingHistory/Parts/Coupling/EnginePlate_3/EnginePlate3'
[LOG 18:26:37.668] PartLoader: Part 'SquadExpansion/MakingHistory/Parts/Coupling/EnginePlate_3/EnginePlate3' has no database record. Creating.
[LOG 18:26:37.668] [DragCubeSystem]: Drag cubes not found or cannot be read for part Part. Generating New drag cubes.
[LOG 18:26:37.668] [KSPCF/DragCubeGeneration] Part 'EnginePlate3' has defined a procedural drag cube setup
[LOG 18:26:37.668] PartLoader: Compiling Part 'SquadExpansion/MakingHistory/Parts/Coupling/EnginePlate_4/EnginePlate4'
[LOG 18:26:37.674] PartLoader: Part 'SquadExpansion/MakingHistory/Parts/Coupling/EnginePlate_4/EnginePlate4' has no database record. Creating.
[LOG 18:26:37.674] [DragCubeSystem]: Drag cubes not found or cannot be read for part Part. Generating New drag cubes.
[LOG 18:26:37.674] [KSPCF/DragCubeGeneration] Part 'EnginePlate4' has defined a procedural drag cube setup
[LOG 18:26:37.675] PartLoader: Compiling Part 'SquadExpansion/MakingHistory/Parts/Coupling/EnginePlate_5/EnginePlate5'
[LOG 18:26:37.680] PartLoader: Part 'SquadExpansion/MakingHistory/Parts/Coupling/EnginePlate_5/EnginePlate5' has no database record. Creating.
[LOG 18:26:37.680] [DragCubeSystem]: Drag cubes not found or cannot be read for part Part. Generating New drag cubes.
[LOG 18:26:37.680] [KSPCF/DragCubeGeneration] Part 'EnginePlate5' has defined a procedural drag cube setup
[LOG 18:26:37.681] PartLoader: Compiling Part 'SquadExpansion/MakingHistory/Parts/Coupling/InflatableAirlock/InflatableAirlock'
[LOG 18:26:37.685] PartLoader: Part 'SquadExpansion/MakingHistory/Parts/Coupling/InflatableAirlock/InflatableAirlock' has no database record. Creating.
[LOG 18:26:37.685] [DragCubeSystem]: Drag cubes not found or cannot be read for part Part. Generating New drag cubes.
[LOG 18:26:37.685] [KSPCF/DragCubeGeneration] Creating drag cubes for part 'InflatableAirlock'
[LOG 18:26:37.696] PartLoader: Compiling Part 'SquadExpansion/MakingHistory/Parts/Coupling/Separator_1p5/Separator_1p5'
[LOG 18:26:37.701] PartLoader: Part 'SquadExpansion/MakingHistory/Parts/Coupling/Separator_1p5/Separator_1p5' has no database record. Creating.
[LOG 18:26:37.701] PartLoader: Compiling Part 'SquadExpansion/MakingHistory/Parts/Coupling/Separator_4/Separator_4'
[LOG 18:26:37.705] PartLoader: Part 'SquadExpansion/MakingHistory/Parts/Coupling/Separator_4/Separator_4' has no database record. Creating.
[LOG 18:26:37.706] PartLoader: Compiling Part 'SquadExpansion/MakingHistory/Parts/Coupling/Size1p5_Strut_Decoupler/Size1p5_Strut_Decoupler'
[LOG 18:26:37.710] PartLoader: Part 'SquadExpansion/MakingHistory/Parts/Coupling/Size1p5_Strut_Decoupler/Size1p5_Strut_Decoupler' has no database record. Creating.
[LOG 18:26:37.710] PartLoader: Compiling Part 'SquadExpansion/MakingHistory/Parts/Engine/LiquidEngineKE-1/LiquidEngineKE-1'
[LOG 18:26:37.719] PartLoader: Part 'SquadExpansion/MakingHistory/Parts/Engine/LiquidEngineKE-1/LiquidEngineKE-1' has no database record. Creating.
[LOG 18:26:37.719] [DragCubeSystem]: Drag cubes not found or cannot be read for part Part. Generating New drag cubes.
[LOG 18:26:37.719] [KSPCF/DragCubeGeneration] Creating drag cubes for part 'LiquidEngineKE-1'
[LOG 18:26:37.747] PartLoader: Compiling Part 'SquadExpansion/MakingHistory/Parts/Engine/LiquidEngineLV-T91/LiquidEngineLV-T91'
[LOG 18:26:37.754] PartLoader: Part 'SquadExpansion/MakingHistory/Parts/Engine/LiquidEngineLV-T91/LiquidEngineLV-T91' has no database record. Creating.
[LOG 18:26:37.755] [DragCubeSystem]: Drag cubes not found or cannot be read for part Part. Generating New drag cubes.
[LOG 18:26:37.755] [KSPCF/DragCubeGeneration] Creating drag cubes for part 'LiquidEngineLV-T91'
[LOG 18:26:37.776] PartLoader: Compiling Part 'SquadExpansion/MakingHistory/Parts/Engine/LiquidEngineLV-TX87/LiquidEngineLV-TX87'
[LOG 18:26:37.784] PartLoader: Part 'SquadExpansion/MakingHistory/Parts/Engine/LiquidEngineLV-TX87/LiquidEngineLV-TX87' has no database record. Creating.
[LOG 18:26:37.784] [DragCubeSystem]: Drag cubes not found or cannot be read for part Part. Generating New drag cubes.
[LOG 18:26:37.784] [KSPCF/DragCubeGeneration] Creating drag cubes for part 'LiquidEngineLV-TX87'
[LOG 18:26:37.808] PartLoader: Compiling Part 'SquadExpansion/MakingHistory/Parts/Engine/LiquidEngineRE-I2/LiquidEngineRE-I2'
[LOG 18:26:37.817] PartLoader: Part 'SquadExpansion/MakingHistory/Parts/Engine/LiquidEngineRE-I2/LiquidEngineRE-I2' has no database record. Creating.
[LOG 18:26:37.817] [DragCubeSystem]: Drag cubes not found or cannot be read for part Part. Generating New drag cubes.
[LOG 18:26:37.817] [KSPCF/DragCubeGeneration] Creating drag cubes for part 'LiquidEngineRE-I2'
[LOG 18:26:37.840] PartLoader: Compiling Part 'SquadExpansion/MakingHistory/Parts/Engine/LiquidEngineRE-J10/LiquidEngineRE-J10'
[LOG 18:26:37.848] PartLoader: Part 'SquadExpansion/MakingHistory/Parts/Engine/LiquidEngineRE-J10/LiquidEngineRE-J10' has no database record. Creating.
[LOG 18:26:37.848] [DragCubeSystem]: Drag cubes not found or cannot be read for part Part. Generating New drag cubes.
[LOG 18:26:37.848] [KSPCF/DragCubeGeneration] Creating drag cubes for part 'LiquidEngineRE-J10'
[LOG 18:26:37.870] PartLoader: Compiling Part 'SquadExpansion/MakingHistory/Parts/Engine/LiquidEngineRK-7/LiquidEngineRK-7'
[LOG 18:26:37.877] PartLoader: Part 'SquadExpansion/MakingHistory/Parts/Engine/LiquidEngineRK-7/LiquidEngineRK-7' has no database record. Creating.
[LOG 18:26:37.877] [DragCubeSystem]: Drag cubes not found or cannot be read for part Part. Generating New drag cubes.
[LOG 18:26:37.877] [KSPCF/DragCubeGeneration] Creating drag cubes for part 'LiquidEngineRK-7'
[LOG 18:26:37.907] PartLoader: Compiling Part 'SquadExpansion/MakingHistory/Parts/Engine/LiquidEngineRV-1/LiquidEngineRV-1'
[LOG 18:26:37.913] PartLoader: Part 'SquadExpansion/MakingHistory/Parts/Engine/LiquidEngineRV-1/LiquidEngineRV-1' has no database record. Creating.
[LOG 18:26:37.914] [DragCubeSystem]: Drag cubes not found or cannot be read for part Part. Generating New drag cubes.
[LOG 18:26:37.914] [KSPCF/DragCubeGeneration] Creating drag cubes for part 'LiquidEngineRV-1'
[LOG 18:26:37.919] PartLoader: Compiling Part 'SquadExpansion/MakingHistory/Parts/Engine/solidBoosterTHK/solidBoosterTHK/Pollux'
[LOG 18:26:37.924] PartLoader: Part 'SquadExpansion/MakingHistory/Parts/Engine/solidBoosterTHK/solidBoosterTHK/Pollux' has no database record. Creating.
[LOG 18:26:37.924] [DragCubeSystem]: Drag cubes not found or cannot be read for part Part. Generating New drag cubes.
[LOG 18:26:37.924] [KSPCF/DragCubeGeneration] Creating drag cubes for part 'Pollux'
[LOG 18:26:37.930] PartLoader: Compiling Part 'SquadExpansion/MakingHistory/Parts/FuelTank/MonoPropMini/monopropMiniSphere'
[LOG 18:26:37.933] PartLoader: Part 'SquadExpansion/MakingHistory/Parts/FuelTank/MonoPropMini/monopropMiniSphere' has no database record. Creating.
[LOG 18:26:37.933] [DragCubeSystem]: Drag cubes not found or cannot be read for part Part. Generating New drag cubes.
[LOG 18:26:37.933] [KSPCF/DragCubeGeneration] Creating drag cubes for part 'monopropMiniSphere'
[LOG 18:26:37.939] PartLoader: Compiling Part 'SquadExpansion/MakingHistory/Parts/FuelTank/Size1p5_Monoprop/Size1p5_Monoprop'
[LOG 18:26:37.942] PartLoader: Part 'SquadExpansion/MakingHistory/Parts/FuelTank/Size1p5_Monoprop/Size1p5_Monoprop' has no database record. Creating.
[LOG 18:26:37.942] [DragCubeSystem]: Drag cubes not found or cannot be read for part Part. Generating New drag cubes.
[LOG 18:26:37.942] [KSPCF/DragCubeGeneration] Creating drag cubes for part 'Size1p5.Monoprop'
[LOG 18:26:37.947] PartLoader: Compiling Part 'SquadExpansion/MakingHistory/Parts/FuelTank/Size1p5_Size0_Adapter_01/Size1p5_Size0_Adapter_01'
[LOG 18:26:37.950] PartLoader: Part 'SquadExpansion/MakingHistory/Parts/FuelTank/Size1p5_Size0_Adapter_01/Size1p5_Size0_Adapter_01' has no database record. Creating.
[LOG 18:26:37.950] [DragCubeSystem]: Drag cubes not found or cannot be read for part Part. Generating New drag cubes.
[LOG 18:26:37.950] [KSPCF/DragCubeGeneration] Creating drag cubes for part 'Size1p5.Size0.Adapter.01'
[LOG 18:26:37.955] PartLoader: Compiling Part 'SquadExpansion/MakingHistory/Parts/FuelTank/Size1p5_Size1_Adapter_01/Size1p5_Size1_Adapter_01'
[LOG 18:26:37.958] PartLoader: Part 'SquadExpansion/MakingHistory/Parts/FuelTank/Size1p5_Size1_Adapter_01/Size1p5_Size1_Adapter_01' has no database record. Creating.
[LOG 18:26:37.958] [DragCubeSystem]: Drag cubes not found or cannot be read for part Part. Generating New drag cubes.
[LOG 18:26:37.958] [KSPCF/DragCubeGeneration] Creating drag cubes for part 'Size1p5.Size1.Adapter.01'
[LOG 18:26:37.963] PartLoader: Compiling Part 'SquadExpansion/MakingHistory/Parts/FuelTank/Size1p5_Size1_Adapter_02/Size1p5_Size1_Adapter_02'
[LOG 18:26:37.965] PartLoader: Part 'SquadExpansion/MakingHistory/Parts/FuelTank/Size1p5_Size1_Adapter_02/Size1p5_Size1_Adapter_02' has no database record. Creating.
[LOG 18:26:37.966] [DragCubeSystem]: Drag cubes not found or cannot be read for part Part. Generating New drag cubes.
[LOG 18:26:37.966] [KSPCF/DragCubeGeneration] Creating drag cubes for part 'Size1p5.Size1.Adapter.02'
[LOG 18:26:37.971] PartLoader: Compiling Part 'SquadExpansion/MakingHistory/Parts/FuelTank/Size1p5_Size2_Adapter_01/Size1p5_Size2_Adapter_01'
[LOG 18:26:37.974] PartLoader: Part 'SquadExpansion/MakingHistory/Parts/FuelTank/Size1p5_Size2_Adapter_01/Size1p5_Size2_Adapter_01' has no database record. Creating.
[LOG 18:26:37.974] [DragCubeSystem]: Drag cubes not found or cannot be read for part Part. Generating New drag cubes.
[LOG 18:26:37.974] [KSPCF/DragCubeGeneration] Creating drag cubes for part 'Size1p5.Size2.Adapter.01'
[LOG 18:26:37.980] PartLoader: Compiling Part 'SquadExpansion/MakingHistory/Parts/FuelTank/Size1p5_Tank_01/Size1p5_Tank_01'
[LOG 18:26:37.983] PartLoader: Part 'SquadExpansion/MakingHistory/Parts/FuelTank/Size1p5_Tank_01/Size1p5_Tank_01' has no database record. Creating.
[LOG 18:26:37.983] [DragCubeSystem]: Drag cubes not found or cannot be read for part Part. Generating New drag cubes.
[LOG 18:26:37.983] [KSPCF/DragCubeGeneration] Creating drag cubes for part 'Size1p5.Tank.01'
[LOG 18:26:37.988] PartLoader: Compiling Part 'SquadExpansion/MakingHistory/Parts/FuelTank/Size1p5_Tank_02/Size1p5_Tank_02'
[LOG 18:26:37.991] PartLoader: Part 'SquadExpansion/MakingHistory/Parts/FuelTank/Size1p5_Tank_02/Size1p5_Tank_02' has no database record. Creating.
[LOG 18:26:37.991] [DragCubeSystem]: Drag cubes not found or cannot be read for part Part. Generating New drag cubes.
[LOG 18:26:37.991] [KSPCF/DragCubeGeneration] Creating drag cubes for part 'Size1p5.Tank.02'
[LOG 18:26:37.996] PartLoader: Compiling Part 'SquadExpansion/MakingHistory/Parts/FuelTank/Size1p5_Tank_03/Size1p5_Tank_03'
[LOG 18:26:37.999] PartLoader: Part 'SquadExpansion/MakingHistory/Parts/FuelTank/Size1p5_Tank_03/Size1p5_Tank_03' has no database record. Creating.
[LOG 18:26:37.999] [DragCubeSystem]: Drag cubes not found or cannot be read for part Part. Generating New drag cubes.
[LOG 18:26:37.999] [KSPCF/DragCubeGeneration] Creating drag cubes for part 'Size1p5.Tank.03'
[LOG 18:26:38.004] PartLoader: Compiling Part 'SquadExpansion/MakingHistory/Parts/FuelTank/Size1p5_Tank_04/Size1p5_Tank_04'
[LOG 18:26:38.008] PartLoader: Part 'SquadExpansion/MakingHistory/Parts/FuelTank/Size1p5_Tank_04/Size1p5_Tank_04' has no database record. Creating.
[LOG 18:26:38.008] [DragCubeSystem]: Drag cubes not found or cannot be read for part Part. Generating New drag cubes.
[LOG 18:26:38.008] [KSPCF/DragCubeGeneration] Creating drag cubes for part 'Size1p5.Tank.04'
[LOG 18:26:38.013] PartLoader: Compiling Part 'SquadExpansion/MakingHistory/Parts/FuelTank/Size1p5_Tank_05/Size1p5_Tank_05'
[LOG 18:26:38.018] PartLoader: Part 'SquadExpansion/MakingHistory/Parts/FuelTank/Size1p5_Tank_05/Size1p5_Tank_05' has no database record. Creating.
[LOG 18:26:38.018] [DragCubeSystem]: Drag cubes not found or cannot be read for part Part. Generating New drag cubes.
[LOG 18:26:38.018] [KSPCF/DragCubeGeneration] Creating drag cubes for part 'Size1p5.Tank.05'
[LOG 18:26:38.023] PartLoader: Compiling Part 'SquadExpansion/MakingHistory/Parts/FuelTank/Size3_Size4_Adapter_01/Size3_Size4_Adapter_01'
[LOG 18:26:38.025] PartLoader: Part 'SquadExpansion/MakingHistory/Parts/FuelTank/Size3_Size4_Adapter_01/Size3_Size4_Adapter_01' has no database record. Creating.
[LOG 18:26:38.025] [DragCubeSystem]: Drag cubes not found or cannot be read for part Part. Generating New drag cubes.
[LOG 18:26:38.025] [KSPCF/DragCubeGeneration] Creating drag cubes for part 'Size3.Size4.Adapter.01'
[LOG 18:26:38.031] PartLoader: Compiling Part 'SquadExpansion/MakingHistory/Parts/FuelTank/Size4_EngineAdapter_01/Size4_EngineAdapter_01'
[LOG 18:26:38.033] PartLoader: Part 'SquadExpansion/MakingHistory/Parts/FuelTank/Size4_EngineAdapter_01/Size4_EngineAdapter_01' has no database record. Creating.
[LOG 18:26:38.033] [DragCubeSystem]: Drag cubes not found or cannot be read for part Part. Generating New drag cubes.
[LOG 18:26:38.033] [KSPCF/DragCubeGeneration] Creating drag cubes for part 'Size4.EngineAdapter.01'
[LOG 18:26:38.039] PartLoader: Compiling Part 'SquadExpansion/MakingHistory/Parts/FuelTank/Size4_Tank_01/Size4_Tank_01'
[LOG 18:26:38.043] PartLoader: Part 'SquadExpansion/MakingHistory/Parts/FuelTank/Size4_Tank_01/Size4_Tank_01' has no database record. Creating.
[LOG 18:26:38.043] [DragCubeSystem]: Drag cubes not found or cannot be read for part Part. Generating New drag cubes.
[LOG 18:26:38.043] [KSPCF/DragCubeGeneration] Creating drag cubes for part 'Size4.Tank.01'
[LOG 18:26:38.047] PartLoader: Compiling Part 'SquadExpansion/MakingHistory/Parts/FuelTank/Size4_Tank_02/Size4_Tank_02'
[LOG 18:26:38.050] PartLoader: Part 'SquadExpansion/MakingHistory/Parts/FuelTank/Size4_Tank_02/Size4_Tank_02' has no database record. Creating.
[LOG 18:26:38.050] [DragCubeSystem]: Drag cubes not found or cannot be read for part Part. Generating New drag cubes.
[LOG 18:26:38.050] [KSPCF/DragCubeGeneration] Creating drag cubes for part 'Size4.Tank.02'
[LOG 18:26:38.056] PartLoader: Compiling Part 'SquadExpansion/MakingHistory/Parts/FuelTank/Size4_Tank_03/Size4_Tank_03'
[LOG 18:26:38.059] PartLoader: Part 'SquadExpansion/MakingHistory/Parts/FuelTank/Size4_Tank_03/Size4_Tank_03' has no database record. Creating.
[LOG 18:26:38.059] [DragCubeSystem]: Drag cubes not found or cannot be read for part Part. Generating New drag cubes.
[LOG 18:26:38.059] [KSPCF/DragCubeGeneration] Creating drag cubes for part 'Size4.Tank.03'
[LOG 18:26:38.063] PartLoader: Compiling Part 'SquadExpansion/MakingHistory/Parts/FuelTank/Size4_Tank_04/Size4_Tank_04'
[LOG 18:26:38.066] PartLoader: Part 'SquadExpansion/MakingHistory/Parts/FuelTank/Size4_Tank_04/Size4_Tank_04' has no database record. Creating.
[LOG 18:26:38.066] [DragCubeSystem]: Drag cubes not found or cannot be read for part Part. Generating New drag cubes.
[LOG 18:26:38.066] [KSPCF/DragCubeGeneration] Creating drag cubes for part 'Size4.Tank.04'
[LOG 18:26:38.071] PartLoader: Compiling Part 'SquadExpansion/MakingHistory/Parts/Ground/RoverWheel/roverWheelM1-F'
[LOG 18:26:38.085] PartLoader: Part 'SquadExpansion/MakingHistory/Parts/Ground/RoverWheel/roverWheelM1-F' has no database record. Creating.
[LOG 18:26:38.085] [DragCubeSystem]: Drag cubes not found or cannot be read for part Part. Generating New drag cubes.
[LOG 18:26:38.085] [KSPCF/DragCubeGeneration] Creating drag cubes for part 'roverWheelM1-F'
[LOG 18:26:38.099] PartLoader: Compiling Part 'SquadExpansion/MakingHistory/Parts/Payload/fairingSize1p5/fairingSize1p5'
[LOG 18:26:38.108] PartLoader: Part 'SquadExpansion/MakingHistory/Parts/Payload/fairingSize1p5/fairingSize1p5' has no database record. Creating.
[LOG 18:26:38.108] [DragCubeSystem]: Drag cubes not found or cannot be read for part Part. Generating New drag cubes.
[LOG 18:26:38.109] [KSPCF/DragCubeGeneration] Creating drag cubes for part 'fairingSize1p5'
[LOG 18:26:38.113] PartLoader: Compiling Part 'SquadExpansion/MakingHistory/Parts/Payload/fairingSize4/fairingSize4'
[LOG 18:26:38.128] PartLoader: Part 'SquadExpansion/MakingHistory/Parts/Payload/fairingSize4/fairingSize4' has no database record. Creating.
[LOG 18:26:38.128] [DragCubeSystem]: Drag cubes not found or cannot be read for part Part. Generating New drag cubes.
[LOG 18:26:38.128] [KSPCF/DragCubeGeneration] Creating drag cubes for part 'fairingSize4'
[LOG 18:26:38.133] PartLoader: Compiling Part 'SquadExpansion/MakingHistory/Parts/Payload/Size1to0ServiceModule/Size1to0ServiceModule'
[LOG 18:26:38.141] PartLoader: Part 'SquadExpansion/MakingHistory/Parts/Payload/Size1to0ServiceModule/Size1to0ServiceModule' has no database record. Creating.
[LOG 18:26:38.141] [DragCubeSystem]: Drag cubes not found or cannot be read for part Part. Generating New drag cubes.
[LOG 18:26:38.141] [KSPCF/DragCubeGeneration] Part 'Size1to0ServiceModule' has defined a procedural drag cube setup
[LOG 18:26:38.142] PartLoader: Compiling Part 'SquadExpansion/MakingHistory/Parts/Payload/SM18/ServiceModule18'
[LOG 18:26:38.148] PartLoader: Part 'SquadExpansion/MakingHistory/Parts/Payload/SM18/ServiceModule18' has no database record. Creating.
[LOG 18:26:38.148] [DragCubeSystem]: Drag cubes not found or cannot be read for part Part. Generating New drag cubes.
[LOG 18:26:38.148] [KSPCF/DragCubeGeneration] Part 'ServiceModule18' has defined a procedural drag cube setup
[LOG 18:26:38.148] PartLoader: Compiling Part 'SquadExpansion/MakingHistory/Parts/Payload/SM25/ServiceModule25'
[LOG 18:26:38.153] PartLoader: Part 'SquadExpansion/MakingHistory/Parts/Payload/SM25/ServiceModule25' has no database record. Creating.
[LOG 18:26:38.153] [DragCubeSystem]: Drag cubes not found or cannot be read for part Part. Generating New drag cubes.
[LOG 18:26:38.153] [KSPCF/DragCubeGeneration] Part 'ServiceModule25' has defined a procedural drag cube setup
[LOG 18:26:38.154] PartLoader: Compiling Part 'SquadExpansion/MakingHistory/Parts/Pods/KV1Pod/kv1Pod'
[WRN 18:26:38.157] [Part]: Cannot have ModuleCargoPart and ModuleInventoryPart on same Part [kv1Pod'. Removed ModuleCargoPart
[LOG 18:26:38.161] PartLoader: Part 'SquadExpansion/MakingHistory/Parts/Pods/KV1Pod/kv1Pod' has no database record. Creating.
[LOG 18:26:38.163] PartLoader: Compiling Part 'SquadExpansion/MakingHistory/Parts/Pods/KV2Pod/kv2Pod'
[WRN 18:26:38.166] [Part]: Cannot have ModuleCargoPart and ModuleInventoryPart on same Part [kv2Pod'. Removed ModuleCargoPart
[LOG 18:26:38.170] PartLoader: Part 'SquadExpansion/MakingHistory/Parts/Pods/KV2Pod/kv2Pod' has no database record. Creating.
[LOG 18:26:38.172] PartLoader: Compiling Part 'SquadExpansion/MakingHistory/Parts/Pods/KV3Pod/kv3Pod'
[WRN 18:26:38.175] [Part]: Cannot have ModuleCargoPart and ModuleInventoryPart on same Part [kv3Pod'. Removed ModuleCargoPart
[LOG 18:26:38.179] PartLoader: Part 'SquadExpansion/MakingHistory/Parts/Pods/KV3Pod/kv3Pod' has no database record. Creating.
[LOG 18:26:38.180] PartLoader: Compiling Part 'SquadExpansion/MakingHistory/Parts/Pods/Mk2Pod/Mk2Pod'
[WRN 18:26:38.183] [Part]: Cannot have ModuleCargoPart and ModuleInventoryPart on same Part [Mk2Pod'. Removed ModuleCargoPart
[LOG 18:26:38.188] PartLoader: Part 'SquadExpansion/MakingHistory/Parts/Pods/Mk2Pod/Mk2Pod' has no database record. Creating.
[LOG 18:26:38.188] [DragCubeSystem]: Drag cubes not found or cannot be read for part Part. Generating New drag cubes.
[LOG 18:26:38.188] [KSPCF/DragCubeGeneration] Creating drag cubes for part 'Mk2Pod'
[LOG 18:26:38.193] PartLoader: Compiling Part 'SquadExpansion/MakingHistory/Parts/Pods/Size1_5_Lander/MEMLander'
[WRN 18:26:38.198] [Part]: Cannot add ModuleCargoPart as this Part 'MEMLander' already has a ModuleInventoryPart PartModule and they are mutually exclusive.
[LOG 18:26:38.202] PartLoader: Part 'SquadExpansion/MakingHistory/Parts/Pods/Size1_5_Lander/MEMLander' has no database record. Creating.
[LOG 18:26:38.202] [DragCubeSystem]: Drag cubes not found or cannot be read for part Part. Generating New drag cubes.
[LOG 18:26:38.202] [KSPCF/DragCubeGeneration] Creating drag cubes for part 'MEMLander'
[LOG 18:26:38.208] PartLoader: Compiling Part 'SquadExpansion/MakingHistory/Parts/Prebuilt/kerbalEVAfemaleVintage/kerbalEVAfemaleVintage'
[LOG 18:26:38.214] PartLoader: Compiling Part 'SquadExpansion/MakingHistory/Parts/Prebuilt/kerbalEVAVintage/kerbalEVAVintage'
[LOG 18:26:38.220] PartLoader: Compiling Part 'SquadExpansion/MakingHistory/Parts/Structural/EquiTriangle0/EquiTriangle0'
[LOG 18:26:38.227] PartLoader: Part 'SquadExpansion/MakingHistory/Parts/Structural/EquiTriangle0/EquiTriangle0' has no database record. Creating.
[LOG 18:26:38.227] [DragCubeSystem]: Drag cubes not found or cannot be read for part Part. Generating New drag cubes.
[LOG 18:26:38.227] [KSPCF/DragCubeGeneration] Creating drag cubes for part 'EquiTriangle0'
[LOG 18:26:38.231] PartLoader: Compiling Part 'SquadExpansion/MakingHistory/Parts/Structural/EquiTriangle1/EquiTriangle1'
[LOG 18:26:38.234] PartLoader: Part 'SquadExpansion/MakingHistory/Parts/Structural/EquiTriangle1/EquiTriangle1' has no database record. Creating.
[LOG 18:26:38.234] [DragCubeSystem]: Drag cubes not found or cannot be read for part Part. Generating New drag cubes.
[LOG 18:26:38.234] [KSPCF/DragCubeGeneration] Creating drag cubes for part 'EquiTriangle1'
[LOG 18:26:38.238] PartLoader: Compiling Part 'SquadExpansion/MakingHistory/Parts/Structural/EquiTriangle1p5/EquiTriangle1p5'
[LOG 18:26:38.241] PartLoader: Part 'SquadExpansion/MakingHistory/Parts/Structural/EquiTriangle1p5/EquiTriangle1p5' has no database record. Creating.
[LOG 18:26:38.242] [DragCubeSystem]: Drag cubes not found or cannot be read for part Part. Generating New drag cubes.
[LOG 18:26:38.242] [KSPCF/DragCubeGeneration] Creating drag cubes for part 'EquiTriangle1p5'
[LOG 18:26:38.246] PartLoader: Compiling Part 'SquadExpansion/MakingHistory/Parts/Structural/EquiTriangle2/EquiTriangle2'
[LOG 18:26:38.249] PartLoader: Part 'SquadExpansion/MakingHistory/Parts/Structural/EquiTriangle2/EquiTriangle2' has no database record. Creating.
[LOG 18:26:38.249] [DragCubeSystem]: Drag cubes not found or cannot be read for part Part. Generating New drag cubes.
[LOG 18:26:38.249] [KSPCF/DragCubeGeneration] Creating drag cubes for part 'EquiTriangle2'
[LOG 18:26:38.253] PartLoader: Compiling Part 'SquadExpansion/MakingHistory/Parts/Structural/Panel0/Panel0'
[LOG 18:26:38.256] PartLoader: Part 'SquadExpansion/MakingHistory/Parts/Structural/Panel0/Panel0' has no database record. Creating.
[LOG 18:26:38.256] [DragCubeSystem]: Drag cubes not found or cannot be read for part Part. Generating New drag cubes.
[LOG 18:26:38.256] [KSPCF/DragCubeGeneration] Creating drag cubes for part 'Panel0'
[LOG 18:26:38.262] PartLoader: Compiling Part 'SquadExpansion/MakingHistory/Parts/Structural/Panel1/Panel1'
[LOG 18:26:38.267] PartLoader: Part 'SquadExpansion/MakingHistory/Parts/Structural/Panel1/Panel1' has no database record. Creating.
[LOG 18:26:38.267] [DragCubeSystem]: Drag cubes not found or cannot be read for part Part. Generating New drag cubes.
[LOG 18:26:38.267] [KSPCF/DragCubeGeneration] Creating drag cubes for part 'Panel1'
[LOG 18:26:38.271] PartLoader: Compiling Part 'SquadExpansion/MakingHistory/Parts/Structural/Panel1p5/Panel1p5'
[LOG 18:26:38.275] PartLoader: Part 'SquadExpansion/MakingHistory/Parts/Structural/Panel1p5/Panel1p5' has no database record. Creating.
[LOG 18:26:38.275] [DragCubeSystem]: Drag cubes not found or cannot be read for part Part. Generating New drag cubes.
[LOG 18:26:38.275] [KSPCF/DragCubeGeneration] Creating drag cubes for part 'Panel1p5'
[LOG 18:26:38.279] PartLoader: Compiling Part 'SquadExpansion/MakingHistory/Parts/Structural/Panel2/Panel2'
[LOG 18:26:38.282] PartLoader: Part 'SquadExpansion/MakingHistory/Parts/Structural/Panel2/Panel2' has no database record. Creating.
[LOG 18:26:38.282] [DragCubeSystem]: Drag cubes not found or cannot be read for part Part. Generating New drag cubes.
[LOG 18:26:38.282] [KSPCF/DragCubeGeneration] Creating drag cubes for part 'Panel2'
[LOG 18:26:38.286] PartLoader: Compiling Part 'SquadExpansion/MakingHistory/Parts/Structural/Triangle0/Triangle0'
[LOG 18:26:38.289] PartLoader: Part 'SquadExpansion/MakingHistory/Parts/Structural/Triangle0/Triangle0' has no database record. Creating.
[LOG 18:26:38.289] [DragCubeSystem]: Drag cubes not found or cannot be read for part Part. Generating New drag cubes.
[LOG 18:26:38.289] [KSPCF/DragCubeGeneration] Creating drag cubes for part 'Triangle0'
[LOG 18:26:38.293] PartLoader: Compiling Part 'SquadExpansion/MakingHistory/Parts/Structural/Triangle1/Triangle1'
[LOG 18:26:38.298] PartLoader: Part 'SquadExpansion/MakingHistory/Parts/Structural/Triangle1/Triangle1' has no database record. Creating.
[LOG 18:26:38.298] [DragCubeSystem]: Drag cubes not found or cannot be read for part Part. Generating New drag cubes.
[LOG 18:26:38.298] [KSPCF/DragCubeGeneration] Creating drag cubes for part 'Triangle1'
[LOG 18:26:38.301] PartLoader: Compiling Part 'SquadExpansion/MakingHistory/Parts/Structural/Triangle1p5/Triangle1p5'
[LOG 18:26:38.305] PartLoader: Part 'SquadExpansion/MakingHistory/Parts/Structural/Triangle1p5/Triangle1p5' has no database record. Creating.
[LOG 18:26:38.305] [DragCubeSystem]: Drag cubes not found or cannot be read for part Part. Generating New drag cubes.
[LOG 18:26:38.305] [KSPCF/DragCubeGeneration] Creating drag cubes for part 'Triangle1p5'
[LOG 18:26:38.309] PartLoader: Compiling Part 'SquadExpansion/MakingHistory/Parts/Structural/Triangle2/Triangle2'
[LOG 18:26:38.312] PartLoader: Part 'SquadExpansion/MakingHistory/Parts/Structural/Triangle2/Triangle2' has no database record. Creating.
[LOG 18:26:38.312] [DragCubeSystem]: Drag cubes not found or cannot be read for part Part. Generating New drag cubes.
[LOG 18:26:38.312] [KSPCF/DragCubeGeneration] Creating drag cubes for part 'Triangle2'
[LOG 18:26:38.316] PartLoader: Compiling Part 'SquadExpansion/MakingHistory/Parts/Structural/Tube1/Tube1'
[LOG 18:26:38.320] PartLoader: Part 'SquadExpansion/MakingHistory/Parts/Structural/Tube1/Tube1' has no database record. Creating.
[LOG 18:26:38.320] PartLoader: Compiling Part 'SquadExpansion/MakingHistory/Parts/Structural/Tube1p5/Tube1p5'
[LOG 18:26:38.326] PartLoader: Part 'SquadExpansion/MakingHistory/Parts/Structural/Tube1p5/Tube1p5' has no database record. Creating.
[LOG 18:26:38.327] PartLoader: Compiling Part 'SquadExpansion/MakingHistory/Parts/Structural/Tube2/Tube2'
[LOG 18:26:38.332] PartLoader: Part 'SquadExpansion/MakingHistory/Parts/Structural/Tube2/Tube2' has no database record. Creating.
[LOG 18:26:38.332] PartLoader: Compiling Part 'SquadExpansion/MakingHistory/Parts/Structural/Tube3/Tube3'
[LOG 18:26:38.337] PartLoader: Part 'SquadExpansion/MakingHistory/Parts/Structural/Tube3/Tube3' has no database record. Creating.
[LOG 18:26:38.337] PartLoader: Compiling Part 'SquadExpansion/MakingHistory/Parts/Structural/Tube4/Tube4'
[LOG 18:26:38.341] PartLoader: Part 'SquadExpansion/MakingHistory/Parts/Structural/Tube4/Tube4' has no database record. Creating.
[LOG 18:26:38.341] PartLoader: Compiling Part 'SquadExpansion/MakingHistory/Parts/Thermal/HeatShield1p5/HeatShield1p5'
[LOG 18:26:38.347] PartLoader: Part 'SquadExpansion/MakingHistory/Parts/Thermal/HeatShield1p5/HeatShield1p5' has no database record. Creating.
[LOG 18:26:38.347] [DragCubeSystem]: Drag cubes not found or cannot be read for part Part. Generating New drag cubes.
[LOG 18:26:38.347] [KSPCF/DragCubeGeneration] Creating drag cubes for part 'HeatShield1p5'
[LOG 18:26:38.359] PartLoader: Compiling Part 'SquadExpansion/MakingHistory/Parts/Utility/flags/flagSize1p5/flagSize1p5/flagPartSize1p5'
[LOG 18:26:38.363] PartLoader: Part 'SquadExpansion/MakingHistory/Parts/Utility/flags/flagSize1p5/flagSize1p5/flagPartSize1p5' has no database record. Creating.
[LOG 18:26:38.363] [DragCubeSystem]: Drag cubes not found or cannot be read for part Part. Generating New drag cubes.
[LOG 18:26:38.363] [KSPCF/DragCubeGeneration] Creating drag cubes for part 'flagPartSize1p5'
[LOG 18:26:38.368] PartLoader: Compiling Part 'SquadExpansion/MakingHistory/Parts/Utility/flags/flagSize4/flagSize4/flagPartSize4'
[LOG 18:26:38.372] PartLoader: Part 'SquadExpansion/MakingHistory/Parts/Utility/flags/flagSize4/flagSize4/flagPartSize4' has no database record. Creating.
[LOG 18:26:38.373] [DragCubeSystem]: Drag cubes not found or cannot be read for part Part. Generating New drag cubes.
[LOG 18:26:38.373] [KSPCF/DragCubeGeneration] Creating drag cubes for part 'flagPartSize4'
[LOG 18:26:38.376] PartLoader: Compiling Part 'SquadExpansion/Serenity/Parts/Aero/FanShroud_01/FanShroud_01'
[LOG 18:26:38.380] PartLoader: Part 'SquadExpansion/Serenity/Parts/Aero/FanShroud_01/FanShroud_01' has no database record. Creating.
[LOG 18:26:38.380] [DragCubeSystem]: Drag cubes not found or cannot be read for part Part. Generating New drag cubes.
[LOG 18:26:38.380] [KSPCF/DragCubeGeneration] Creating drag cubes for part 'FanShroud.01'
[LOG 18:26:38.385] PartLoader: Compiling Part 'SquadExpansion/Serenity/Parts/Aero/FanShroud_02/FanShroud_02'
[LOG 18:26:38.389] PartLoader: Part 'SquadExpansion/Serenity/Parts/Aero/FanShroud_02/FanShroud_02' has no database record. Creating.
[LOG 18:26:38.389] [DragCubeSystem]: Drag cubes not found or cannot be read for part Part. Generating New drag cubes.
[LOG 18:26:38.389] [KSPCF/DragCubeGeneration] Creating drag cubes for part 'FanShroud.02'
[LOG 18:26:38.393] PartLoader: Compiling Part 'SquadExpansion/Serenity/Parts/Aero/FanShroud_03/FanShroud_03'
[LOG 18:26:38.396] PartLoader: Part 'SquadExpansion/Serenity/Parts/Aero/FanShroud_03/FanShroud_03' has no database record. Creating.
[LOG 18:26:38.396] [DragCubeSystem]: Drag cubes not found or cannot be read for part Part. Generating New drag cubes.
[LOG 18:26:38.396] [KSPCF/DragCubeGeneration] Creating drag cubes for part 'FanShroud.03'
[LOG 18:26:38.400] PartLoader: Compiling Part 'SquadExpansion/Serenity/Parts/Aero/noseconeTiny/noseconeTiny'
[LOG 18:26:38.404] PartLoader: Part 'SquadExpansion/Serenity/Parts/Aero/noseconeTiny/noseconeTiny' has no database record. Creating.
[LOG 18:26:38.404] [DragCubeSystem]: Drag cubes not found or cannot be read for part Part. Generating New drag cubes.
[LOG 18:26:38.404] [KSPCF/DragCubeGeneration] Creating drag cubes for part 'noseconeTiny'
[LOG 18:26:38.408] PartLoader: Compiling Part 'SquadExpansion/Serenity/Parts/Aero/noseconeVS/noseconeVS'
[LOG 18:26:38.411] PartLoader: Part 'SquadExpansion/Serenity/Parts/Aero/noseconeVS/noseconeVS' has no database record. Creating.
[LOG 18:26:38.411] [DragCubeSystem]: Drag cubes not found or cannot be read for part Part. Generating New drag cubes.
[LOG 18:26:38.411] [KSPCF/DragCubeGeneration] Creating drag cubes for part 'noseconeVS'
[LOG 18:26:38.415] PartLoader: Compiling Part 'SquadExpansion/Serenity/Parts/DeployedScience/centralStation/DeployedCentralStation'
[LOG 18:26:38.426] PartLoader: Part 'SquadExpansion/Serenity/Parts/DeployedScience/centralStation/DeployedCentralStation' has no database record. Creating.
[LOG 18:26:38.426] [DragCubeSystem]: Drag cubes not found or cannot be read for part Part. Generating New drag cubes.
[LOG 18:26:38.426] [KSPCF/DragCubeGeneration] Creating drag cubes for part 'DeployedCentralStation'
[LOG 18:26:38.449] PartLoader: Compiling Part 'SquadExpansion/Serenity/Parts/DeployedScience/gooObservation/DeployedGoExOb'
[LOG 18:26:38.458] PartLoader: Part 'SquadExpansion/Serenity/Parts/DeployedScience/gooObservation/DeployedGoExOb' has no database record. Creating.
[LOG 18:26:38.458] [DragCubeSystem]: Drag cubes not found or cannot be read for part Part. Generating New drag cubes.
[LOG 18:26:38.458] [KSPCF/DragCubeGeneration] Creating drag cubes for part 'DeployedGoExOb'
[LOG 18:26:38.480] PartLoader: Compiling Part 'SquadExpansion/Serenity/Parts/DeployedScience/ionCollector/DeployedIONExp'
[LOG 18:26:38.486] PartLoader: Part 'SquadExpansion/Serenity/Parts/DeployedScience/ionCollector/DeployedIONExp' has no database record. Creating.
[LOG 18:26:38.486] [DragCubeSystem]: Drag cubes not found or cannot be read for part Part. Generating New drag cubes.
[LOG 18:26:38.486] [KSPCF/DragCubeGeneration] Creating drag cubes for part 'DeployedIONExp'
[LOG 18:26:38.499] PartLoader: Compiling Part 'SquadExpansion/Serenity/Parts/DeployedScience/rtg/DeployedRTG'
[LOG 18:26:38.506] PartLoader: Part 'SquadExpansion/Serenity/Parts/DeployedScience/rtg/DeployedRTG' has no database record. Creating.
[LOG 18:26:38.506] [DragCubeSystem]: Drag cubes not found or cannot be read for part Part. Generating New drag cubes.
[LOG 18:26:38.507] [KSPCF/DragCubeGeneration] Creating drag cubes for part 'DeployedRTG'
[LOG 18:26:38.520] PartLoader: Compiling Part 'SquadExpansion/Serenity/Parts/DeployedScience/satDish/DeployedSatDish'
[LOG 18:26:38.528] PartLoader: Part 'SquadExpansion/Serenity/Parts/DeployedScience/satDish/DeployedSatDish' has no database record. Creating.
[LOG 18:26:38.528] [DragCubeSystem]: Drag cubes not found or cannot be read for part Part. Generating New drag cubes.
[LOG 18:26:38.528] [KSPCF/DragCubeGeneration] Creating drag cubes for part 'DeployedSatDish'
[LOG 18:26:38.543] PartLoader: Compiling Part 'SquadExpansion/Serenity/Parts/DeployedScience/seismicSensor/DeployedSeismicSensor'
[LOG 18:26:38.549] PartLoader: Part 'SquadExpansion/Serenity/Parts/DeployedScience/seismicSensor/DeployedSeismicSensor' has no database record. Creating.
[LOG 18:26:38.550] [DragCubeSystem]: Drag cubes not found or cannot be read for part Part. Generating New drag cubes.
[LOG 18:26:38.550] [KSPCF/DragCubeGeneration] Creating drag cubes for part 'DeployedSeismicSensor'
[LOG 18:26:38.563] PartLoader: Compiling Part 'SquadExpansion/Serenity/Parts/DeployedScience/solarPanel/DeployedSolarPanel'
[LOG 18:26:38.567] PartLoader: Part 'SquadExpansion/Serenity/Parts/DeployedScience/solarPanel/DeployedSolarPanel' has no database record. Creating.
[LOG 18:26:38.567] [DragCubeSystem]: Drag cubes not found or cannot be read for part Part. Generating New drag cubes.
[LOG 18:26:38.567] [KSPCF/DragCubeGeneration] Creating drag cubes for part 'DeployedSolarPanel'
[LOG 18:26:38.581] PartLoader: Compiling Part 'SquadExpansion/Serenity/Parts/DeployedScience/weatherStation/DeployedWeatherStn'
[LOG 18:26:38.586] PartLoader: Part 'SquadExpansion/Serenity/Parts/DeployedScience/weatherStation/DeployedWeatherStn' has no database record. Creating.
[LOG 18:26:38.586] [DragCubeSystem]: Drag cubes not found or cannot be read for part Part. Generating New drag cubes.
[LOG 18:26:38.586] [KSPCF/DragCubeGeneration] Creating drag cubes for part 'DeployedWeatherStn'
[LOG 18:26:38.607] PartLoader: Compiling Part 'SquadExpansion/Serenity/Parts/Prebuilt/kerbalEVA/kerbalEVA'
[LOG 18:26:38.609] PartLoader: Compiling Part 'SquadExpansion/Serenity/Parts/Prebuilt/kerbalEVAfemale/kerbalEVAfemale'
[LOG 18:26:38.610] PartLoader: Compiling Part 'SquadExpansion/Serenity/Parts/Prebuilt/kerbalEVAfemaleFuture/kerbalEVAfemaleFuture'
[LOG 18:26:38.617] PartLoader: Compiling Part 'SquadExpansion/Serenity/Parts/Prebuilt/kerbalEVAfemaleVintage/kerbalEVAfemaleVintage'
[LOG 18:26:38.619] PartLoader: Compiling Part 'SquadExpansion/Serenity/Parts/Prebuilt/kerbalEVAFuture/kerbalEVAFuture'
[LOG 18:26:38.626] PartLoader: Compiling Part 'SquadExpansion/Serenity/Parts/Prebuilt/kerbalEVASlimSuit/kerbalEVASlimSuit'
[LOG 18:26:38.627] PartLoader: Compiling Part 'SquadExpansion/Serenity/Parts/Prebuilt/kerbalEVASlimSuitFemale/kerbalEVASlimSuitFemale'
[LOG 18:26:38.629] PartLoader: Compiling Part 'SquadExpansion/Serenity/Parts/Prebuilt/kerbalEVAVintage/kerbalEVAVintage'
[LOG 18:26:38.631] PartLoader: Compiling Part 'SquadExpansion/Serenity/Parts/Propellers/largeFanBlade/largeFanBlade'
[LOG 18:26:38.636] PartLoader: Part 'SquadExpansion/Serenity/Parts/Propellers/largeFanBlade/largeFanBlade' has no database record. Creating.
[LOG 18:26:38.636] [DragCubeSystem]: Drag cubes not found or cannot be read for part Part. Generating New drag cubes.
[LOG 18:26:38.636] [KSPCF/DragCubeGeneration] Creating drag cubes for part 'largeFanBlade'
[LOG 18:26:38.652] PartLoader: Compiling Part 'SquadExpansion/Serenity/Parts/Propellers/largeHeliBlade/largeHeliBlade'
[LOG 18:26:38.659] PartLoader: Part 'SquadExpansion/Serenity/Parts/Propellers/largeHeliBlade/largeHeliBlade' has no database record. Creating.
[LOG 18:26:38.659] [DragCubeSystem]: Drag cubes not found or cannot be read for part Part. Generating New drag cubes.
[LOG 18:26:38.659] [KSPCF/DragCubeGeneration] Creating drag cubes for part 'largeHeliBlade'
[LOG 18:26:38.673] PartLoader: Compiling Part 'SquadExpansion/Serenity/Parts/Propellers/largePropeller/largePropeller'
[LOG 18:26:38.678] PartLoader: Part 'SquadExpansion/Serenity/Parts/Propellers/largePropeller/largePropeller' has no database record. Creating.
[LOG 18:26:38.678] [DragCubeSystem]: Drag cubes not found or cannot be read for part Part. Generating New drag cubes.
[LOG 18:26:38.678] [KSPCF/DragCubeGeneration] Creating drag cubes for part 'largePropeller'
[LOG 18:26:38.692] PartLoader: Compiling Part 'SquadExpansion/Serenity/Parts/Propellers/mediumFanBlade/mediumFanBlade'
[LOG 18:26:38.700] PartLoader: Part 'SquadExpansion/Serenity/Parts/Propellers/mediumFanBlade/mediumFanBlade' has no database record. Creating.
[LOG 18:26:38.700] [DragCubeSystem]: Drag cubes not found or cannot be read for part Part. Generating New drag cubes.
[LOG 18:26:38.700] [KSPCF/DragCubeGeneration] Creating drag cubes for part 'mediumFanBlade'
[LOG 18:26:38.722] PartLoader: Compiling Part 'SquadExpansion/Serenity/Parts/Propellers/mediumHeliBlade/mediumHeliBlade'
[LOG 18:26:38.728] PartLoader: Part 'SquadExpansion/Serenity/Parts/Propellers/mediumHeliBlade/mediumHeliBlade' has no database record. Creating.
[LOG 18:26:38.728] [DragCubeSystem]: Drag cubes not found or cannot be read for part Part. Generating New drag cubes.
[LOG 18:26:38.728] [KSPCF/DragCubeGeneration] Creating drag cubes for part 'mediumHeliBlade'
[LOG 18:26:38.752] PartLoader: Compiling Part 'SquadExpansion/Serenity/Parts/Propellers/mediumPropeller/mediumPropeller'
[LOG 18:26:38.758] PartLoader: Part 'SquadExpansion/Serenity/Parts/Propellers/mediumPropeller/mediumPropeller' has no database record. Creating.
[LOG 18:26:38.758] [DragCubeSystem]: Drag cubes not found or cannot be read for part Part. Generating New drag cubes.
[LOG 18:26:38.758] [KSPCF/DragCubeGeneration] Creating drag cubes for part 'mediumPropeller'
[LOG 18:26:38.783] PartLoader: Compiling Part 'SquadExpansion/Serenity/Parts/Propellers/smallFanBlade/smallFanBlade'
[LOG 18:26:38.787] PartLoader: Part 'SquadExpansion/Serenity/Parts/Propellers/smallFanBlade/smallFanBlade' has no database record. Creating.
[LOG 18:26:38.787] [DragCubeSystem]: Drag cubes not found or cannot be read for part Part. Generating New drag cubes.
[LOG 18:26:38.787] [KSPCF/DragCubeGeneration] Creating drag cubes for part 'smallFanBlade'
[LOG 18:26:38.803] PartLoader: Compiling Part 'SquadExpansion/Serenity/Parts/Propellers/smallHeliBlade/smallHeliBlade'
[LOG 18:26:38.808] PartLoader: Part 'SquadExpansion/Serenity/Parts/Propellers/smallHeliBlade/smallHeliBlade' has no database record. Creating.
[LOG 18:26:38.808] [DragCubeSystem]: Drag cubes not found or cannot be read for part Part. Generating New drag cubes.
[LOG 18:26:38.808] [KSPCF/DragCubeGeneration] Creating drag cubes for part 'smallHeliBlade'
[LOG 18:26:38.823] PartLoader: Compiling Part 'SquadExpansion/Serenity/Parts/Propellers/smallPropeller/smallPropeller'
[LOG 18:26:38.828] PartLoader: Part 'SquadExpansion/Serenity/Parts/Propellers/smallPropeller/smallPropeller' has no database record. Creating.
[LOG 18:26:38.828] [DragCubeSystem]: Drag cubes not found or cannot be read for part Part. Generating New drag cubes.
[LOG 18:26:38.828] [KSPCF/DragCubeGeneration] Creating drag cubes for part 'smallPropeller'
[LOG 18:26:38.842] PartLoader: Compiling Part 'SquadExpansion/Serenity/Parts/Robotics/hinge_01/hinge_01'
[LOG 18:26:38.858] PartLoader: Part 'SquadExpansion/Serenity/Parts/Robotics/hinge_01/hinge_01' has no database record. Creating.
[LOG 18:26:38.858] [DragCubeSystem]: Drag cubes not found or cannot be read for part Part. Generating New drag cubes.
[LOG 18:26:38.858] [KSPCF/DragCubeGeneration] Creating drag cubes for part 'hinge.01'
[LOG 18:26:38.863] PartLoader: Compiling Part 'SquadExpansion/Serenity/Parts/Robotics/hinge_01_s/hinge_01_s'
[LOG 18:26:38.869] PartLoader: Part 'SquadExpansion/Serenity/Parts/Robotics/hinge_01_s/hinge_01_s' has no database record. Creating.
[LOG 18:26:38.869] [DragCubeSystem]: Drag cubes not found or cannot be read for part Part. Generating New drag cubes.
[LOG 18:26:38.870] [KSPCF/DragCubeGeneration] Creating drag cubes for part 'hinge.01.s'
[LOG 18:26:38.875] PartLoader: Compiling Part 'SquadExpansion/Serenity/Parts/Robotics/hinge_03/hinge_03'
[LOG 18:26:38.881] PartLoader: Part 'SquadExpansion/Serenity/Parts/Robotics/hinge_03/hinge_03' has no database record. Creating.
[LOG 18:26:38.882] PartLoader: Compiling Part 'SquadExpansion/Serenity/Parts/Robotics/hinge_03_s/hinge_03_s'
[LOG 18:26:38.888] PartLoader: Part 'SquadExpansion/Serenity/Parts/Robotics/hinge_03_s/hinge_03_s' has no database record. Creating.
[LOG 18:26:38.888] PartLoader: Compiling Part 'SquadExpansion/Serenity/Parts/Robotics/hinge_04/hinge_04'
[LOG 18:26:38.896] PartLoader: Part 'SquadExpansion/Serenity/Parts/Robotics/hinge_04/hinge_04' has no database record. Creating.
[LOG 18:26:38.897] PartLoader: Compiling Part 'SquadExpansion/Serenity/Parts/Robotics/piston_01/piston_01'
[LOG 18:26:38.910] PartLoader: Part 'SquadExpansion/Serenity/Parts/Robotics/piston_01/piston_01' has no database record. Creating.
[LOG 18:26:38.911] PartLoader: Compiling Part 'SquadExpansion/Serenity/Parts/Robotics/piston_02/piston_02'
[LOG 18:26:38.916] PartLoader: Part 'SquadExpansion/Serenity/Parts/Robotics/piston_02/piston_02' has no database record. Creating.
[LOG 18:26:38.917] PartLoader: Compiling Part 'SquadExpansion/Serenity/Parts/Robotics/piston_03/piston_03'
[LOG 18:26:38.922] PartLoader: Part 'SquadExpansion/Serenity/Parts/Robotics/piston_03/piston_03' has no database record. Creating.
[LOG 18:26:38.923] PartLoader: Compiling Part 'SquadExpansion/Serenity/Parts/Robotics/piston_04/piston_04'
[LOG 18:26:38.929] PartLoader: Part 'SquadExpansion/Serenity/Parts/Robotics/piston_04/piston_04' has no database record. Creating.
[LOG 18:26:38.929] PartLoader: Compiling Part 'SquadExpansion/Serenity/Parts/Robotics/RotorEngine_02/RotorEngine_02'
[LOG 18:26:38.942] PartLoader: Part 'SquadExpansion/Serenity/Parts/Robotics/RotorEngine_02/RotorEngine_02' has no database record. Creating.
[LOG 18:26:38.942] [DragCubeSystem]: Drag cubes not found or cannot be read for part Part. Generating New drag cubes.
[LOG 18:26:38.942] [KSPCF/DragCubeGeneration] Creating drag cubes for part 'RotorEngine.02'
[LOG 18:26:38.948] PartLoader: Compiling Part 'SquadExpansion/Serenity/Parts/Robotics/RotorEngine_03/RotorEngine_03'
[LOG 18:26:38.953] PartLoader: Part 'SquadExpansion/Serenity/Parts/Robotics/RotorEngine_03/RotorEngine_03' has no database record. Creating.
[LOG 18:26:38.953] [DragCubeSystem]: Drag cubes not found or cannot be read for part Part. Generating New drag cubes.
[LOG 18:26:38.953] [KSPCF/DragCubeGeneration] Creating drag cubes for part 'RotorEngine.03'
[LOG 18:26:38.958] PartLoader: Compiling Part 'SquadExpansion/Serenity/Parts/Robotics/rotor_01/rotor_01'
[LOG 18:26:38.964] PartLoader: Part 'SquadExpansion/Serenity/Parts/Robotics/rotor_01/rotor_01' has no database record. Creating.
[LOG 18:26:38.965] [DragCubeSystem]: Drag cubes not found or cannot be read for part Part. Generating New drag cubes.
[LOG 18:26:38.965] [KSPCF/DragCubeGeneration] Creating drag cubes for part 'rotor.01'
[LOG 18:26:38.969] PartLoader: Compiling Part 'SquadExpansion/Serenity/Parts/Robotics/rotor_01s/rotor_01s'
[LOG 18:26:38.977] PartLoader: Part 'SquadExpansion/Serenity/Parts/Robotics/rotor_01s/rotor_01s' has no database record. Creating.
[LOG 18:26:38.977] [DragCubeSystem]: Drag cubes not found or cannot be read for part Part. Generating New drag cubes.
[LOG 18:26:38.977] [KSPCF/DragCubeGeneration] Creating drag cubes for part 'rotor.01s'
[LOG 18:26:38.982] PartLoader: Compiling Part 'SquadExpansion/Serenity/Parts/Robotics/rotor_02/rotor_02'
[LOG 18:26:38.988] PartLoader: Part 'SquadExpansion/Serenity/Parts/Robotics/rotor_02/rotor_02' has no database record. Creating.
[LOG 18:26:38.988] [DragCubeSystem]: Drag cubes not found or cannot be read for part Part. Generating New drag cubes.
[LOG 18:26:38.988] [KSPCF/DragCubeGeneration] Creating drag cubes for part 'rotor.02'
[LOG 18:26:38.993] PartLoader: Compiling Part 'SquadExpansion/Serenity/Parts/Robotics/rotor_02s/rotor_02s'
[LOG 18:26:38.999] PartLoader: Part 'SquadExpansion/Serenity/Parts/Robotics/rotor_02s/rotor_02s' has no database record. Creating.
[LOG 18:26:38.999] [DragCubeSystem]: Drag cubes not found or cannot be read for part Part. Generating New drag cubes.
[LOG 18:26:38.999] [KSPCF/DragCubeGeneration] Creating drag cubes for part 'rotor.02s'
[LOG 18:26:39.004] PartLoader: Compiling Part 'SquadExpansion/Serenity/Parts/Robotics/rotor_03/rotor_03'
[LOG 18:26:39.011] PartLoader: Part 'SquadExpansion/Serenity/Parts/Robotics/rotor_03/rotor_03' has no database record. Creating.
[LOG 18:26:39.011] [DragCubeSystem]: Drag cubes not found or cannot be read for part Part. Generating New drag cubes.
[LOG 18:26:39.011] [KSPCF/DragCubeGeneration] Creating drag cubes for part 'rotor.03'
[LOG 18:26:39.016] PartLoader: Compiling Part 'SquadExpansion/Serenity/Parts/Robotics/rotor_03s/rotor_03s'
[LOG 18:26:39.022] PartLoader: Part 'SquadExpansion/Serenity/Parts/Robotics/rotor_03s/rotor_03s' has no database record. Creating.
[LOG 18:26:39.022] [DragCubeSystem]: Drag cubes not found or cannot be read for part Part. Generating New drag cubes.
[LOG 18:26:39.022] [KSPCF/DragCubeGeneration] Creating drag cubes for part 'rotor.03s'
[LOG 18:26:39.027] PartLoader: Compiling Part 'SquadExpansion/Serenity/Parts/Robotics/rotoServo_00/rotoServo_00'
[LOG 18:26:39.038] PartLoader: Part 'SquadExpansion/Serenity/Parts/Robotics/rotoServo_00/rotoServo_00' has no database record. Creating.
[LOG 18:26:39.038] [DragCubeSystem]: Drag cubes not found or cannot be read for part Part. Generating New drag cubes.
[LOG 18:26:39.038] [KSPCF/DragCubeGeneration] Creating drag cubes for part 'rotoServo.00'
[LOG 18:26:39.043] PartLoader: Compiling Part 'SquadExpansion/Serenity/Parts/Robotics/rotoServo_02/rotoServo_02'
[LOG 18:26:39.050] PartLoader: Part 'SquadExpansion/Serenity/Parts/Robotics/rotoServo_02/rotoServo_02' has no database record. Creating.
[LOG 18:26:39.050] [DragCubeSystem]: Drag cubes not found or cannot be read for part Part. Generating New drag cubes.
[LOG 18:26:39.050] [KSPCF/DragCubeGeneration] Creating drag cubes for part 'rotoServo.02'
[LOG 18:26:39.055] PartLoader: Compiling Part 'SquadExpansion/Serenity/Parts/Robotics/rotoServo_03/rotoServo_03'
[LOG 18:26:39.061] PartLoader: Part 'SquadExpansion/Serenity/Parts/Robotics/rotoServo_03/rotoServo_03' has no database record. Creating.
[LOG 18:26:39.061] [DragCubeSystem]: Drag cubes not found or cannot be read for part Part. Generating New drag cubes.
[LOG 18:26:39.061] [KSPCF/DragCubeGeneration] Creating drag cubes for part 'rotoServo.03'
[LOG 18:26:39.066] PartLoader: Compiling Part 'SquadExpansion/Serenity/Parts/Robotics/rotoServo_04/rotoServo_04'
[LOG 18:26:39.073] PartLoader: Part 'SquadExpansion/Serenity/Parts/Robotics/rotoServo_04/rotoServo_04' has no database record. Creating.
[LOG 18:26:39.073] [DragCubeSystem]: Drag cubes not found or cannot be read for part Part. Generating New drag cubes.
[LOG 18:26:39.073] [KSPCF/DragCubeGeneration] Creating drag cubes for part 'rotoServo.04'
[LOG 18:26:39.077] PartLoader: Compiling Part 'SquadExpansion/Serenity/Parts/Robotics/Controllers/KAL1000/controller1000'
[LOG 18:26:39.089] PartLoader: Part 'SquadExpansion/Serenity/Parts/Robotics/Controllers/KAL1000/controller1000' has no database record. Creating.
[LOG 18:26:39.089] [DragCubeSystem]: Drag cubes not found or cannot be read for part Part. Generating New drag cubes.
[LOG 18:26:39.089] [KSPCF/DragCubeGeneration] Creating drag cubes for part 'controller1000'
[LOG 18:26:39.094] PartLoader: Compiling Part 'SquadExpansion/Serenity/Parts/Science/RobotArmScanner/RobotArmScanner_S1/RobotArmScanner_S1'
[LOG 18:26:39.106] PartLoader: Part 'SquadExpansion/Serenity/Parts/Science/RobotArmScanner/RobotArmScanner_S1/RobotArmScanner_S1' has no database record. Creating.
[LOG 18:26:39.106] [DragCubeSystem]: Drag cubes not found or cannot be read for part Part. Generating New drag cubes.
[LOG 18:26:39.106] [KSPCF/DragCubeGeneration] Creating drag cubes for part 'RobotArmScanner.S1'
[LOG 18:26:39.123] PartLoader: Compiling Part 'SquadExpansion/Serenity/Parts/Science/RobotArmScanner/RobotArmScanner_S2/RobotArmScanner_S2'
[LOG 18:26:39.131] PartLoader: Part 'SquadExpansion/Serenity/Parts/Science/RobotArmScanner/RobotArmScanner_S2/RobotArmScanner_S2' has no database record. Creating.
[LOG 18:26:39.131] [DragCubeSystem]: Drag cubes not found or cannot be read for part Part. Generating New drag cubes.
[LOG 18:26:39.131] [KSPCF/DragCubeGeneration] Creating drag cubes for part 'RobotArmScanner.S2'
[LOG 18:26:39.149] PartLoader: Compiling Part 'SquadExpansion/Serenity/Parts/Science/RobotArmScanner/RobotArmScanner_S3/RobotArmScanner_S3'
[LOG 18:26:39.156] PartLoader: Part 'SquadExpansion/Serenity/Parts/Science/RobotArmScanner/RobotArmScanner_S3/RobotArmScanner_S3' has no database record. Creating.
[LOG 18:26:39.156] [DragCubeSystem]: Drag cubes not found or cannot be read for part Part. Generating New drag cubes.
[LOG 18:26:39.156] [KSPCF/DragCubeGeneration] Creating drag cubes for part 'RobotArmScanner.S3'
[LOG 18:26:39.173] PartLoader: Compiling Part 'SquadExpansion/Serenity/Parts/Structural/gripPads/lGripPad/lGripPad'
[LOG 18:26:39.181] PartLoader: Part 'SquadExpansion/Serenity/Parts/Structural/gripPads/lGripPad/lGripPad' has no database record. Creating.
[LOG 18:26:39.181] [DragCubeSystem]: Drag cubes not found or cannot be read for part Part. Generating New drag cubes.
[LOG 18:26:39.181] [KSPCF/DragCubeGeneration] Creating drag cubes for part 'lGripPad'
[LOG 18:26:39.190] PartLoader: Compiling Part 'SquadExpansion/Serenity/Parts/Structural/gripPads/lGripStrip/lGripStrip'
[LOG 18:26:39.194] PartLoader: Part 'SquadExpansion/Serenity/Parts/Structural/gripPads/lGripStrip/lGripStrip' has no database record. Creating.
[LOG 18:26:39.194] [DragCubeSystem]: Drag cubes not found or cannot be read for part Part. Generating New drag cubes.
[LOG 18:26:39.194] [KSPCF/DragCubeGeneration] Creating drag cubes for part 'lGripStrip'
[LOG 18:26:39.197] PartLoader: Compiling Part 'SquadExpansion/Serenity/Parts/Structural/gripPads/mGripPad/mGripPad'
[LOG 18:26:39.200] PartLoader: Part 'SquadExpansion/Serenity/Parts/Structural/gripPads/mGripPad/mGripPad' has no database record. Creating.
[LOG 18:26:39.201] [DragCubeSystem]: Drag cubes not found or cannot be read for part Part. Generating New drag cubes.
[LOG 18:26:39.201] [KSPCF/DragCubeGeneration] Creating drag cubes for part 'mGripPad'
[LOG 18:26:39.210] PartLoader: Compiling Part 'SquadExpansion/Serenity/Parts/Structural/gripPads/sGripPad/sGripPad'
[LOG 18:26:39.213] PartLoader: Part 'SquadExpansion/Serenity/Parts/Structural/gripPads/sGripPad/sGripPad' has no database record. Creating.
[LOG 18:26:39.213] [DragCubeSystem]: Drag cubes not found or cannot be read for part Part. Generating New drag cubes.
[LOG 18:26:39.213] [KSPCF/DragCubeGeneration] Creating drag cubes for part 'sGripPad'
[LOG 18:26:39.223] PartLoader: Compiling Part 'SquadExpansion/Serenity/Parts/Structural/gripPads/sGripStrip/sGripStrip'
[LOG 18:26:39.229] PartLoader: Part 'SquadExpansion/Serenity/Parts/Structural/gripPads/sGripStrip/sGripStrip' has no database record. Creating.
[LOG 18:26:39.229] [DragCubeSystem]: Drag cubes not found or cannot be read for part Part. Generating New drag cubes.
[LOG 18:26:39.229] [KSPCF/DragCubeGeneration] Creating drag cubes for part 'sGripStrip'
[LOG 18:26:39.269] PartLoader: Compiling Internal Prop 'Squad/Props/AltimeterThreeHands/prop/AltimeterThreeHands'
[LOG 18:26:39.273] PartLoader: Compiling Internal Prop 'Squad/Props/AtmosphereDepth/prop/AtmosphereDepth'
[LOG 18:26:39.276] PartLoader: Compiling Internal Prop 'Squad/Props/AxisIndicator/pitchConfig/AxisIndicatorPitch'
[LOG 18:26:39.280] PartLoader: Compiling Internal Prop 'Squad/Props/AxisIndicator/rollConfig/AxisIndicatorRoll'
[LOG 18:26:39.282] PartLoader: Compiling Internal Prop 'Squad/Props/AxisIndicator/yawConfig/AxisIndicatorYaw'
[LOG 18:26:39.284] PartLoader: Compiling Internal Prop 'Squad/Props/buttonsGeneric/circularButton/genericCircularButton'
[LOG 18:26:39.285] PartLoader: Compiling Internal Prop 'Squad/Props/buttonsGeneric/clusterButtons/genericClusterButtons'
[LOG 18:26:39.285] PartLoader: Compiling Internal Prop 'Squad/Props/buttonsGeneric/clusterButtons2/genericClusterButtons2'
[LOG 18:26:39.286] PartLoader: Compiling Internal Prop 'Squad/Props/buttonsGeneric/clusterKnob/genericClusterKnobs'
[LOG 18:26:39.287] PartLoader: Compiling Internal Prop 'Squad/Props/buttonsGeneric/clusterKnob2/genericClusterKnobs2'
[LOG 18:26:39.287] PartLoader: Compiling Internal Prop 'Squad/Props/buttonsGeneric/clusterMixed/genericClusterMixed'
[LOG 18:26:39.288] PartLoader: Compiling Internal Prop 'Squad/Props/buttonsGeneric/clusterSwitches01/genericClusterSwitches01'
[LOG 18:26:39.288] PartLoader: Compiling Internal Prop 'Squad/Props/buttonsGeneric/clusterSwitches02/genericClusterSwitches02'
[LOG 18:26:39.289] PartLoader: Compiling Internal Prop 'Squad/Props/buttonsGeneric/clusterSwitches03/genericClusterSwitches03'
[LOG 18:26:39.289] PartLoader: Compiling Internal Prop 'Squad/Props/buttonsGeneric/clusterSwitches04/genericClusterSwitches04'
[LOG 18:26:39.290] PartLoader: Compiling Internal Prop 'Squad/Props/buttonsGeneric/clusterSwitches05/genericClusterSwitches05'
[LOG 18:26:39.290] PartLoader: Compiling Internal Prop 'Squad/Props/buttonsGeneric/clusterSwitches06/genericClusterSwitches06'
[LOG 18:26:39.291] PartLoader: Compiling Internal Prop 'Squad/Props/buttonsGeneric/clusterSwitches07/genericClusterSwitches07'
[LOG 18:26:39.291] PartLoader: Compiling Internal Prop 'Squad/Props/buttonsGeneric/directionalKnob/genericDirectionalKnob'
[LOG 18:26:39.292] PartLoader: Compiling Internal Prop 'Squad/Props/buttonsGeneric/directionalKnob2/genericDirectionalKnob2'
[LOG 18:26:39.293] PartLoader: Compiling Internal Prop 'Squad/Props/buttonsGeneric/pullSwitch/genericPullSwitch'
[LOG 18:26:39.293] PartLoader: Compiling Internal Prop 'Squad/Props/buttonsGeneric/squareButton/genericSquareButton'
[LOG 18:26:39.294] PartLoader: Compiling Internal Prop 'Squad/Props/buttonsGeneric/standingSwitch/genericStandingSwitch'
[LOG 18:26:39.294] PartLoader: Compiling Internal Prop 'Squad/Props/buttonsGeneric/switch/genericSwitch'
[LOG 18:26:39.295] PartLoader: Compiling Internal Prop 'Squad/Props/buttonsGeneric/switchWithGuards/genericSwitchWithGuards'
[LOG 18:26:39.295] PartLoader: Compiling Internal Prop 'Squad/Props/ButtonSquare/prop/ButtonSquare'
[LOG 18:26:39.297] PartLoader: Compiling Internal Prop 'Squad/Props/circularButton/prop/circularButton'
[LOG 18:26:39.298] PartLoader: Compiling Internal Prop 'Squad/Props/Compass/prop/Compass'
[LOG 18:26:39.299] PartLoader: Compiling Internal Prop 'Squad/Props/directionalKnob/prop/directionalKnob'
[LOG 18:26:39.300] PartLoader: Compiling Internal Prop 'Squad/Props/directionalKnob2/prop/directionalKnob2'
[LOG 18:26:39.300] PartLoader: Compiling Internal Prop 'Squad/Props/IndicatorPanel/prop/IndicatorPanel'
[LOG 18:26:39.303] PartLoader: Compiling Internal Prop 'Squad/Props/IVANavBall/prop/NavBall'
[LOG 18:26:39.306] PartLoader: Compiling Internal Prop 'Squad/Props/IVANavBallNoBase/prop/NavBallNoBase'
[LOG 18:26:39.307] PartLoader: Compiling Internal Prop 'Squad/Props/ledPanelSpeed/prop/ledPanelSpeed'
[LOG 18:26:39.309] PartLoader: Compiling Internal Prop 'Squad/Props/Monitor/DockingMode/MonitorDockingMode'
[LOG 18:26:39.309] PartLoader: Compiling Internal Prop 'Squad/Props/NavBall/prop/NavBall'
[LOG 18:26:39.310] PartLoader: Compiling Internal Prop 'Squad/Props/PropsGeneric/Button_DockingMode/Button_DockingMode'
[LOG 18:26:39.310] PartLoader: Compiling Internal Prop 'Squad/Props/PropsGeneric/CargoBagA/CargoBagA'
[LOG 18:26:39.311] PartLoader: Compiling Internal Prop 'Squad/Props/PropsGeneric/CargoBagB/CargoBagB'
[LOG 18:26:39.311] PartLoader: Compiling Internal Prop 'Squad/Props/PropsGeneric/CargoBagC/CargoBagC'
[LOG 18:26:39.312] PartLoader: Compiling Internal Prop 'Squad/Props/PropsGeneric/Hatch_Plane/Hatch_Plane'
[LOG 18:26:39.312] PartLoader: Compiling Internal Prop 'Squad/Props/PropsGeneric/Hatch_Plane_Curve90/Hatch_Plane_Curve90'
[LOG 18:26:39.313] PartLoader: Compiling Internal Prop 'Squad/Props/PropsGeneric/Hatch_Plane_Frame/Hatch_Plane_Frame'
[LOG 18:26:39.314] PartLoader: Compiling Internal Prop 'Squad/Props/PropsGeneric/Seat_Passenger/Seat_Passenger'
[LOG 18:26:39.314] PartLoader: Compiling Internal Prop 'Squad/Props/PropsGeneric/Seat_Pilot/Seat_Pilot'
[LOG 18:26:39.315] PartLoader: Compiling Internal Prop 'Squad/Props/PropsGeneric/Seat_Pilot_Helmet/Seat_Pilot_Helmet'
[LOG 18:26:39.315] PartLoader: Compiling Internal Prop 'Squad/Props/PropsGeneric/SideStick/SideStick'
[LOG 18:26:39.316] PartLoader: Compiling Internal Prop 'Squad/Props/pullSwitch/prop/pullSwitch'
[LOG 18:26:39.316] PartLoader: Compiling Internal Prop 'Squad/Props/radarAltitude/prop/RadarAltimeter'
[LOG 18:26:39.318] PartLoader: Compiling Internal Prop 'Squad/Props/squareButton/prop/squareButton'
[LOG 18:26:39.318] PartLoader: Compiling Internal Prop 'Squad/Props/standingSwitch/prop/standingSwitch'
[LOG 18:26:39.319] PartLoader: Compiling Internal Prop 'Squad/Props/switch/prop/switch'
[LOG 18:26:39.320] PartLoader: Compiling Internal Prop 'Squad/Props/switchGuard/prop/switchGuard'
[LOG 18:26:39.320] PartLoader: Compiling Internal Prop 'Squad/Props/switchWithGuards/prop/switchWithGuards'
[LOG 18:26:39.321] PartLoader: Compiling Internal Prop 'Squad/Props/throttle/prop/throttle'
[LOG 18:26:39.322] PartLoader: Compiling Internal Prop 'Squad/Props/VSI/prop/VSI'
[LOG 18:26:39.324] PartLoader: Compiling Internal Space 'Squad/Spaces/crewCabinInternals/internal/crewCabinInternals'
[LOG 18:26:39.331] PartLoader: Compiling Internal Space 'Squad/Spaces/cupolaInternal/internal/cupolaInternal'
[LOG 18:26:39.348] PartLoader: Compiling Internal Space 'Squad/Spaces/GenericSpace1/internal/GenericSpace1'
[LOG 18:26:39.350] PartLoader: Compiling Internal Space 'Squad/Spaces/GenericSpace3/internal/GenericSpace3'
[LOG 18:26:39.352] PartLoader: Compiling Internal Space 'Squad/Spaces/landerCabinInternals/internal/landerCabinInternals'
[LOG 18:26:39.354] PartLoader: Compiling Internal Space 'Squad/Spaces/landerCabinSmallInternal/internal/landerCabinSmallInternal'
[LOG 18:26:39.357] PartLoader: Compiling Internal Space 'Squad/Spaces/LargeCrewedLabInternals/internal/Mobile_Processing_Lab_Int'
[LOG 18:26:39.360] PartLoader: Compiling Internal Space 'Squad/Spaces/Mk1-3/internal/Mk1-3'
[LOG 18:26:39.369] PartLoader: Compiling Internal Space 'Squad/Spaces/mk1CabinInternal/internal/mk1CabinInternal'
[LOG 18:26:39.374] PartLoader: Compiling Internal Space 'Squad/Spaces/mk1CockpitInternal/internal/mk1CockpitInternal'
[LOG 18:26:39.383] PartLoader: Compiling Internal Space 'Squad/Spaces/mk1InlineInternal/internal/mk1InlineInternal'
[LOG 18:26:39.388] PartLoader: Compiling Internal Space 'Squad/Spaces/mk1PodCockpit/internal/mk1PodCockpit'
[LOG 18:26:39.391] PartLoader: Compiling Internal Space 'Squad/Spaces/mk1pod_IVA/mk1pod_Internal/mk1pod_IVA'
[LOG 18:26:39.398] PartLoader: Compiling Internal Space 'Squad/Spaces/mk2CockpitStandardInternal/internal/mk2CockpitStandardInternals'
[LOG 18:26:39.408] PartLoader: Compiling Internal Space 'Squad/Spaces/Mk2CrewCabinInternal/internal_MK2_CrewCab/MK2_CrewCab_Int'
[LOG 18:26:39.413] PartLoader: Compiling Internal Space 'Squad/Spaces/mk2InlineInternal/internal/mk2InlineInternal'
[LOG 18:26:39.424] PartLoader: Compiling Internal Space 'Squad/Spaces/mk2LanderCanInternal/internal/mk2LanderCanInternal'
[LOG 18:26:39.432] PartLoader: Compiling Internal Space 'Squad/Spaces/MK3CockpitInternal/internal_MK3/MK3_Cockpit_Int'
[LOG 18:26:39.444] PartLoader: Compiling Internal Space 'Squad/Spaces/MK3_CrewCab_Int/internal_MK3_CrewCab/MK3_CrewCab_Int'
[LOG 18:26:39.447] InternalSeat: Cannot find portraitCamera of name 'Camera_Left003'
[LOG 18:26:39.454] PartLoader: Compiling Internal Space 'Squad/Spaces/Placeholder/internal/Placeholder'
[LOG 18:26:39.466] PartLoader: Compiling Internal Space 'Squad/Spaces/PodCockpit/internal/PodCockpit'
[LOG 18:26:39.474] PartLoader: Compiling Internal Space 'SquadExpansion/MakingHistory/Spaces/KVPods/Airlock_Internal/Airlock_IVA'
[LOG 18:26:39.475] PartLoader: Compiling Internal Space 'SquadExpansion/MakingHistory/Spaces/KVPods/KV1_Internal/KV1_IVA'
[LOG 18:26:39.479] PartLoader: Compiling Internal Space 'SquadExpansion/MakingHistory/Spaces/KVPods/KV2_Internal/KV2_IVA'
[LOG 18:26:39.484] PartLoader: Compiling Internal Space 'SquadExpansion/MakingHistory/Spaces/KVPods/KV3_Internal/KV3_IVA'
[LOG 18:26:39.489] PartLoader: Compiling Internal Space 'SquadExpansion/MakingHistory/Spaces/MEM/MEM_IVA/MEM_IVA'
[LOG 18:26:39.497] PartLoader: Compiling Internal Space 'SquadExpansion/MakingHistory/Spaces/Mk2Pod/Mk2Pod_Internal/MK2POD_IVA'
[LOG 18:26:40.498] Assets:
[LOG 18:26:40.498] anim_missionsapp_idle.anim
[LOG 18:26:40.499] anim_missionsapp_idle_warning.anim
[LOG 18:26:40.499] anim_missionsapp_warning.anim
[LOG 18:26:40.499] anim_missionssapp.anim
[LOG 18:26:40.499] animcontroller_missionsappmaster.controller
[LOG 18:26:40.499] app_bg.tif
[LOG 18:26:40.499] app_bottom_gray.tif
[LOG 18:26:40.499] app_divider_pulldown_body.tif
[LOG 18:26:40.499] app_divider_pulldown_footer.tif
[LOG 18:26:40.499] app_divider_pulldown_header.tif
[LOG 18:26:40.499] app_divider_pulldown_header_over.tif
[LOG 18:26:40.499] app_header_gray.tif
[LOG 18:26:40.500] app_missions_icon_active.tif
[LOG 18:26:40.500] app_missions_icon_complete.tif
[LOG 18:26:40.500] app_missions_icon_failed.tif
[LOG 18:26:40.500] app_missions_icon_inactive.tif
[LOG 18:26:40.500] spritesheet_missionsapp.tif
[LOG 18:26:40.500] spritesheet_missionsappwarning.tif
[LOG 18:26:40.500] missionbriefingdialog.prefab
[LOG 18:26:40.500] missionbriefingtag.prefab
[LOG 18:26:40.500] awardwidget.prefab
[LOG 18:26:40.500] missionenddialog.prefab
[LOG 18:26:40.500] missionitemwidget.prefab
[LOG 18:26:40.500] missionplaybutton.prefab
[LOG 18:26:40.500] missionplaydialog.prefab
[LOG 18:26:40.500] missionsteamitemwidget.prefab
[LOG 18:26:40.500] missionvalidationdialog.prefab
[LOG 18:26:40.500] validationentry.prefab
[LOG 18:26:40.500] comettoken.fbx
[LOG 18:26:40.500] comettoken.jpg
[LOG 18:26:40.500] placementegizmo_comet.mat
[LOG 18:26:40.500] placementegizmo_comet_tail.mat
[LOG 18:26:40.500] femalevintagepreview.prefab
[LOG 18:26:40.501] malevintagepreview.prefab
[LOG 18:26:40.501] checkpointentrywidget.prefab
[LOG 18:26:40.501] crewmanagementdialog.prefab
[LOG 18:26:40.501] listitem_vesseltitle.prefab
[LOG 18:26:40.501] missionbrowser.prefab
[LOG 18:26:40.501] missioncheckpointbrowser.prefab
[LOG 18:26:40.501] missioncrewlistitem.prefab
[LOG 18:26:40.501] missionentrywidget.prefab
[LOG 18:26:40.501] missiontemplateentrywidget.prefab
[LOG 18:26:40.501] partcategorizerbutton.prefab
[LOG 18:26:40.501] partselectorbrowser.prefab
[LOG 18:26:40.501] partselectorentry.prefab
[LOG 18:26:40.501] gaputil_vesselframe.prefab
[LOG 18:26:40.501] meguiconnector.prefab
[LOG 18:26:40.501] meguinode.prefab
[LOG 18:26:40.501] meguinodecategorybutton.prefab
[LOG 18:26:40.501] meguinodeicon.prefab
[LOG 18:26:40.501] meguinodeicongroup.prefab
[LOG 18:26:40.501] meguiscrollviewitem.prefab
[LOG 18:26:40.501] meiconloaderbasicnode.prefab
[LOG 18:26:40.502] meiconloadergap.prefab
[LOG 18:26:40.502] meiconloadernodecategorizer.prefab
[LOG 18:26:40.502] menodecanvas.prefab
[LOG 18:26:40.502] missioneditorscreen.prefab
[LOG 18:26:40.502] nodelisttooltip.prefab
[LOG 18:26:40.502] nodelisttooltipextinfolistspacer.prefab
[LOG 18:26:40.502] orbitgizmo.prefab
[LOG 18:26:40.502] biomeshighlight.shader
[LOG 18:26:40.502] projector-surfacegizmo.shader
[LOG 18:26:40.502] scaledplanetbiomeshighlight.shader
[LOG 18:26:40.502] sprites-alwaysover.shader
[LOG 18:26:40.502] ui-unlit-infinite.shader
[LOG 18:26:40.502] ui-unlit-solid.shader
[LOG 18:26:40.502] assetgraph_connectionpoint_inputmark.png
[LOG 18:26:40.502] assetgraph_inputbg.png
[LOG 18:26:40.502] boldly.png
[LOG 18:26:40.502] carpool.png
[LOG 18:26:40.502] frugal.png
[LOG 18:26:40.502] homesick.png
[LOG 18:26:40.502] keys.png
[LOG 18:26:40.502] saint.png
[LOG 18:26:40.503] sinner.png
[LOG 18:26:40.503] thespot.png
[LOG 18:26:40.503] timekeeper.png
[LOG 18:26:40.503] helmetbronze.png
[LOG 18:26:40.503] helmetgold.png
[LOG 18:26:40.503] helmetsilver.png
[LOG 18:26:40.503] action-part-resource-drain.png
[LOG 18:26:40.503] change-part-resource-levels.png
[LOG 18:26:40.503] create-asteroid.png
[LOG 18:26:40.503] create-kerbal.png
[LOG 18:26:40.503] create-vessel.png
[LOG 18:26:40.503] crew-assignment.png
[LOG 18:26:40.503] dialog-message.png
[LOG 18:26:40.503] display-message.png
[LOG 18:26:40.503] fail-part.png
[LOG 18:26:40.503] fly-through.png
[LOG 18:26:40.503] funds-recovery.png
[LOG 18:26:40.503] generic-node.png
[LOG 18:26:40.503] go-to.png
[LOG 18:26:40.503] kerbal-boarded.png
[LOG 18:26:40.503] kerbal-recovery.png
[LOG 18:26:40.504] kerbal-rescue.png
[LOG 18:26:40.504] launch-site.png
[LOG 18:26:40.504] leave-soi.png
[LOG 18:26:40.504] orbit.png
[LOG 18:26:40.504] part-explode.png
[LOG 18:26:40.504] plant-flag.png
[LOG 18:26:40.504] reach-soi.png
[LOG 18:26:40.504] repair-part.png
[LOG 18:26:40.504] resource-amount.png
[LOG 18:26:40.504] resource-recovery.png
[LOG 18:26:40.504] science-experiment.png
[LOG 18:26:40.504] score.png
[LOG 18:26:40.504] take-tourist.png
[LOG 18:26:40.504] test-altitude.png
[LOG 18:26:40.504] test-eva.png
[LOG 18:26:40.504] test-grapple.png
[LOG 18:26:40.504] time-of-flight.png
[LOG 18:26:40.504] time-of-mission.png
[LOG 18:26:40.504] time-since-node.png
[LOG 18:26:40.504] vessel-crashed.png
[LOG 18:26:40.504] vessel-crew-count.png
[LOG 18:26:40.504] vessel-explode.png
[LOG 18:26:40.504] vessel-flying.png
[LOG 18:26:40.504] vessel-landed.png
[LOG 18:26:40.504] vessel-mass.png
[LOG 18:26:40.504] vessel-splashed.png
[LOG 18:26:40.504] vessel-stage-activated.png
[LOG 18:26:40.504] vessel-stage.png
[LOG 18:26:40.505] arrange-graph.png
[LOG 18:26:40.505] builderbuttons_briefing.png
[LOG 18:26:40.505] builderbuttons_reset.png
[LOG 18:26:40.505] builderbuttons_trackingstation.png
[LOG 18:26:40.505] frame-graph.png
[LOG 18:26:40.505] lock.png
[LOG 18:26:40.505] maximize.png
[LOG 18:26:40.505] minimize.png
[LOG 18:26:40.505] pin.png
[LOG 18:26:40.505] pin_down.png
[LOG 18:26:40.505] redo.png
[LOG 18:26:40.505] reset.png
[LOG 18:26:40.505] tracking-station.png
[LOG 18:26:40.505] undo.png
[LOG 18:26:40.505] visible-in-gap.png
[LOG 18:26:40.505] location.png
[LOG 18:26:40.505] logic.png
[LOG 18:26:40.505] science.png
[LOG 18:26:40.505] utility.png
[LOG 18:26:40.505] vessel.png
[LOG 18:26:40.505] eye.png
[LOG 18:26:40.505] iconmb.png
[LOG 18:26:40.505] me_btn_generic_normal.tif
[LOG 18:26:40.505] me_button_generic_normal.tif
[LOG 18:26:40.505] nodecat_bg.png
[LOG 18:26:40.505] nodecat_divider.tif
[LOG 18:26:40.505] nodecat_divider_bottom.tif
[LOG 18:26:40.505] pholderwarningicon.png
[LOG 18:26:40.505] reseticon.png
[LOG 18:26:40.505] validityindicator.controller
[LOG 18:26:40.506] validtyinidicatorpulse.anim
[LOG 18:26:40.506] broadorbittoggle button.png
[LOG 18:26:40.506] maneuvertoggle button.png
[LOG 18:26:40.506] orbitalgizmoicons.png
[LOG 18:26:40.506] reset orbit button.png
[LOG 18:26:40.506] nodelabel.prefab
[LOG 18:26:40.506] kerbaleva_female_exp.prefab
[LOG 18:26:40.506] kerbaleva_rd_exp.prefab
[LOG 18:26:40.506] missioneditorevabody.mat
[LOG 18:26:40.506] missioneditorevabodyalternate.mat
[LOG 18:26:40.506] missioneditorevabodybrown.mat
[LOG 18:26:40.506] missioneditorevaeyeballs.mat
[LOG 18:26:40.506] missioneditorevaeyes.mat
[LOG 18:26:40.506] missioneditorevahead.mat
[LOG 18:26:40.506] missioneditorevahelmet.mat
[LOG 18:26:40.506] missioneditorevahelmetred.mat
[LOG 18:26:40.506] missioneditorevajetpack.mat
[LOG 18:26:40.506] missioneditorevalight.mat
[LOG 18:26:40.506] kbevafemalevintage.prefab
[LOG 18:26:40.506] kbevavintage.prefab
[LOG 18:26:40.506] evalight.fbx
[LOG 18:26:40.506] kbeva@new.fbx
[LOG 18:26:40.506] kbeva@newfem.fbx
[LOG 18:26:40.507] mevahelmetlight.fbx
[LOG 18:26:40.507] evajetpackscondary.dds
[LOG 18:26:40.507] evajetpacksecondary_n.dds
[LOG 18:26:40.507] evalight.png
[LOG 18:26:40.507] kerbalmainnrm.dds
[LOG 18:26:40.507] me_suit_difuse_blue.dds
[LOG 18:26:40.507] me_suit_difuse_low_polybrown.dds
[LOG 18:26:40.507] me_suit_difuse_orange.dds
[LOG 18:26:40.507] kerbalfemalevintage.prefab
[LOG 18:26:40.507] kerbalmalevintage.prefab
[LOG 18:26:40.507] evahelmet.mat
[LOG 18:26:40.507] evatexture.mat
[LOG 18:26:40.507] kerbalgirl_06_basecolor.mat
[LOG 18:26:40.507] kerbalhead.mat
[LOG 18:26:40.507] lambert6.mat
[LOG 18:26:40.507] mat_eyeballs.mat
[LOG 18:26:40.507] mat_eyes01.mat
[LOG 18:26:40.508] material #4.mat
[LOG 18:26:40.508] mesh_female_kerbalastronaut01_kerbalgirl_export_15_lambert20.mat
[LOG 18:26:40.508] mesh_female_kerbalastronaut01_kerbalgirl_export_15_lambert21.mat
[LOG 18:26:40.508] kbfemale_iva_mecanim.fbx
[LOG 18:26:40.508] kbiva_mecanim.fbx
[LOG 18:26:40.508] kerbalicon_eva_female_vintage.tif
[LOG 18:26:40.508] kerbalicon_eva_vintage.tif
[LOG 18:26:40.508] kerbalicon_suit_female_vintage.tif
[LOG 18:26:40.508] kerbalicon_suit_orange_female_vintage.tif
[LOG 18:26:40.508] kerbalicon_suit_orange_vintage.tif
[LOG 18:26:40.508] kerbalicon_suit_vintage.tif
[LOG 18:26:40.508] gap_celestialbody_camerasetup.prefab
[LOG 18:26:40.508] gap_celestialbody_collisionsphere.prefab
[LOG 18:26:40.508] gap_celestialbody_surfacegizmo_area.prefab
[LOG 18:26:40.508] gap_celestialbody_surfacegizmo_basic.prefab
[LOG 18:26:40.508] gap_celestialbody_surfacegizmo_icon.prefab
[LOG 18:26:40.509] gap_celestialbody_surfacegizmo_vessel.prefab
[LOG 18:26:40.509] gap_celestialbody_surfacegizmo_volume.prefab
[LOG 18:26:40.509] gap_proceduralasteroid.prefab
[LOG 18:26:40.509] gap_proceduralcomet.prefab
[LOG 18:26:40.509] gapbuttonprefab.prefab
[LOG 18:26:40.509] gapkerbal_femaleveteran.prefab
[LOG 18:26:40.509] gapkerbal_femaleveteran_vintage.prefab
[LOG 18:26:40.509] gapkerbal_male_slimsuit.prefab
[LOG 18:26:40.509] gapkerbal_maleveteran.prefab
[LOG 18:26:40.509] gapkerbal_maleveteran_vintage.prefab
[LOG 18:26:40.509] gapscrollablesidebarbutton.prefab
[LOG 18:26:40.509] gapsidebarbutton.prefab
[LOG 18:26:40.509] gaptoggleprefab.prefab
[LOG 18:26:40.509] gaputil_biselector.prefab
[LOG 18:26:40.509] gaputil_celestialbody.prefab
[LOG 18:26:40.509] vesseldisplay_camerasetup.prefab
[LOG 18:26:40.509] desert_airfield.prefab
[LOG 18:26:40.509] desert_groundobjects.prefab
[LOG 18:26:40.509] desert_launch_site.prefab
[LOG 18:26:40.509] larkes.prefab
[LOG 18:26:40.509] floor bottom.mat
[LOG 18:26:40.510] floor top.mat
[LOG 18:26:40.510] legs.mat
[LOG 18:26:40.510] ramp.mat
[LOG 18:26:40.510] stairs grid lights pivot.mat
[LOG 18:26:40.510] supports 1.mat
[LOG 18:26:40.510] supports 2.mat
[LOG 18:26:40.510] tunnels.mat
[LOG 18:26:40.510] floor bottom.dds
[LOG 18:26:40.510] floor top.dds
[LOG 18:26:40.510] floor top_normal.dds
[LOG 18:26:40.510] legs.dds
[LOG 18:26:40.510] ramp.dds
[LOG 18:26:40.510] stairs grid lights pivot.dds
[LOG 18:26:40.510] supports 1.dds
[LOG 18:26:40.510] supports 2.dds
[LOG 18:26:40.510] tunnels.dds
[LOG 18:26:40.510] diffuse.mat
[LOG 18:26:40.510] floor bottom_base_color.mat
[LOG 18:26:40.510] floor top_base_color.mat
[LOG 18:26:40.511] legs_base_color.mat
[LOG 18:26:40.511] ramp_base_color.mat
[LOG 18:26:40.511] stairs grid lights pivot_base_colormodpsd.mat
[LOG 18:26:40.511] stairs_grid_lights_pivot_base_color.mat
[LOG 18:26:40.511] supports 1_base_color.mat
[LOG 18:26:40.511] supports 2_base_color.mat
[LOG 18:26:40.511] tunnels_base_color.mat
[LOG 18:26:40.511] mobilelaunchpad_19.fbx
[LOG 18:26:40.511] pontoons.fbx
[LOG 18:26:40.511] pontoons_diffuse.dds
[LOG 18:26:40.511] ramp_normal.png
[LOG 18:26:40.511] 1001_base_color.mat
[LOG 18:26:40.511] desert groundtransition.mat
[LOG 18:26:40.511] desert groundtransition_highquality.mat
[LOG 18:26:40.511] desert groundtransition_lowquality.mat
[LOG 18:26:40.511] desert groundtransition_mediumquality.mat
[LOG 18:26:40.511] desert groundtransition_ultraquality.mat
[LOG 18:26:40.511] desert runway sand.mat
[LOG 18:26:40.512] desert runway stone.mat
[LOG 18:26:40.512] mobilelaunchpad.prefab
[LOG 18:26:40.512] woomerang_groundobjects.prefab
[LOG 18:26:40.512] woomerang_launch_site.prefab
[LOG 18:26:40.513] Scenes:
[LOG 18:26:40.513] kspMissionEditor.unity
[LOG 18:26:49.684] Assets:
[LOG 18:26:49.684] appanim_missionsapp.prefab
[LOG 18:26:49.684] cascading_body_missionheader.prefab
[LOG 18:26:49.684] cascading_body_missioninfo.prefab
[LOG 18:26:49.684] cascading_body_missionobjective.prefab
[LOG 18:26:49.684] cascading_body_missionsvesselheader.prefab
[LOG 18:26:49.684] cascading_body_missionsvesselitem.prefab
[LOG 18:26:49.684] cascading_body_settingsbutton.prefab
[LOG 18:26:49.684] cascading_body_settingstoggle.prefab
[LOG 18:26:49.684] missionsapp.prefab
[LOG 18:26:49.684] axislimitline.prefab
[LOG 18:26:49.684] controlleraction.prefab
[LOG 18:26:49.684] controlleraxis.prefab
[LOG 18:26:49.684] controllerwindow.prefab
[LOG 18:26:49.684] curvepanelpoint.prefab
[LOG 18:26:49.684] curvepanelpointaction.prefab
[LOG 18:26:49.684] axis_align_ends.png
[LOG 18:26:49.685] axis_clamp_values.png
[LOG 18:26:49.685] axis_copy.png
[LOG 18:26:49.685] axis_flip_horizontal.png
[LOG 18:26:49.685] axis_flip_vertical.png
[LOG 18:26:49.685] axis_move_down-trackrow.png
[LOG 18:26:49.685] axis_move_down.png
[LOG 18:26:49.685] axis_move_up-trackrow.png
[LOG 18:26:49.685] axis_move_up.png
[LOG 18:26:49.685] axis_paste.png
[LOG 18:26:49.685] axis_preset_flat.png
[LOG 18:26:49.685] axis_preset_sawtooth.png
[LOG 18:26:49.685] axis_preset_sine.png
[LOG 18:26:49.685] axis_preset_square.png
[LOG 18:26:49.685] axis_preset_triangle.png
[LOG 18:26:49.685] axis_select_all.png
[LOG 18:26:49.685] background_squared_inset.png
[LOG 18:26:49.685] close.png
[LOG 18:26:49.685] direction_forward.png
[LOG 18:26:49.685] direction_reverse.png
[LOG 18:26:49.685] edit.png
[LOG 18:26:49.686] fieldlimitline.png
[LOG 18:26:49.686] keyframe_add.png
[LOG 18:26:49.686] keyframe_clamp_value.png
[LOG 18:26:49.686] keyframe_delete.png
[LOG 18:26:49.686] keyframe_linear.png
[LOG 18:26:49.686] keyframe_smooth.png
[LOG 18:26:49.686] keyframe_step_backward.png
[LOG 18:26:49.686] keyframe_step_forward.png
[LOG 18:26:49.686] line.png
[LOG 18:26:49.686] line_dashed.png
[LOG 18:26:49.686] loop_pingpong.png
[LOG 18:26:49.686] loop_playonce.png
[LOG 18:26:49.686] loop_repeat.png
[LOG 18:26:49.686] node.png
[LOG 18:26:49.686] node_circle.png
[LOG 18:26:49.686] node_square.png
[LOG 18:26:49.686] pause.png
[LOG 18:26:49.686] play.png
[LOG 18:26:49.686] pointer.png
[LOG 18:26:49.686] remove-axis.png
[LOG 18:26:49.686] remove_key.png
[LOG 18:26:49.686] resize_icon.png
[LOG 18:26:49.687] sequence_resize_button_states.png
[LOG 18:26:49.687] sequence_resize_maintain.png
[LOG 18:26:49.687] sequence_resize_scale.png
[LOG 18:26:49.687] sequence_speed.png
[LOG 18:26:49.687] tracking_editor_button_states.png
[LOG 18:26:49.687] femalefuturepreview.prefab
[LOG 18:26:49.687] malefuturepreview.prefab
[LOG 18:26:49.687] kbfemale@controlpanel_a.fbx
[LOG 18:26:49.687] kbfemale@controlpanel_b.fbx
[LOG 18:26:49.687] kbfemale@controlpanel_c.fbx
[LOG 18:26:49.687] kbfemale@rocksample.fbx
[LOG 18:26:49.687] hammerfemale.fbx
[LOG 18:26:49.687] hammermale.fbx
[LOG 18:26:49.687] kbeva@controlpanel_a.fbx
[LOG 18:26:49.687] kbeva@controlpanel_b.fbx
[LOG 18:26:49.687] kbeva@controlpanel_c.fbx
[LOG 18:26:49.687] kbeva@rocksample.fbx
[LOG 18:26:49.687] kerbaleva_female_future.prefab
[LOG 18:26:49.687] kerbaleva_rd_future.prefab
[LOG 18:26:49.687] futureevabody.mat
[LOG 18:26:49.687] futureevabodyalternate.mat
[LOG 18:26:49.688] futureevajetpack.mat
[LOG 18:26:49.688] futureevalight.mat
[LOG 18:26:49.688] futurehelmet.mat
[LOG 18:26:49.688] kbevafemalefuture.prefab
[LOG 18:26:49.688] kbevafuture.prefab
[LOG 18:26:49.688] kbeva@new.fbx
[LOG 18:26:49.688] kbeva@newfem.fbx
[LOG 18:26:49.688] mevahelmetlight.fbx
[LOG 18:26:49.688] serenityfemaleeva.fbx
[LOG 18:26:49.688] serenityflares.fbx
[LOG 18:26:49.688] serenitymaleeva.fbx
[LOG 18:26:49.688] evajetpacknrm.dds
[LOG 18:26:49.688] futuresuit_diffuse_orange.dds
[LOG 18:26:49.688] futuresuit_diffuse_whiteblue.dds
[LOG 18:26:49.688] futuresuit_diffuse_whiteorange.dds
[LOG 18:26:49.688] futuresuit_emissive.dds
[LOG 18:26:49.688] futuresuit_evalight.png
[LOG 18:26:49.688] futuresuitmainnrm.dds
[LOG 18:26:49.688] ksp_ig_jetpack_diffuse.jpg
[LOG 18:26:49.688] kerbalfemalefuture.prefab
[LOG 18:26:49.688] kerbalmalefuture.prefab
[LOG 18:26:49.688] futuresuit_diffuse.mat
[LOG 18:26:49.689] serenityfemaleiva.fbx
[LOG 18:26:49.689] serenitymaleiva.fbx
[LOG 18:26:49.689] kerbalicon_eva_female_future.tif
[LOG 18:26:49.689] kerbalicon_eva_future.tif
[LOG 18:26:49.689] kerbalicon_suit_female_future.tif
[LOG 18:26:49.689] kerbalicon_suit_future.tif
[LOG 18:26:49.689] kerbalicon_suit_orange_female_future.tif
[LOG 18:26:49.689] kerbalicon_suit_orange_future.tif
[LOG 18:26:49.689] bottom_emissor.mat
[LOG 18:26:49.689] burst_emissor.mat
[LOG 18:26:49.689] burstprojectiles_emissor.mat
[LOG 18:26:49.689] constantburst_emissor.mat
[LOG 18:26:49.689] snowflakes_emissor.mat
[LOG 18:26:49.689] vapor_emissor.mat
[LOG 18:26:49.689] base_0.mat
[LOG 18:26:49.689] base_1.mat
[LOG 18:26:49.689] base_2.mat
[LOG 18:26:49.689] base_3_1.mat
[LOG 18:26:49.689] base_3_2.mat
[LOG 18:26:49.689] vapor.mat
[LOG 18:26:49.689] burst.png
[LOG 18:26:49.690] cloud2.png
[LOG 18:26:49.690] v1.png
[LOG 18:26:49.690] v2.png
[LOG 18:26:49.690] v3.png
[LOG 18:26:49.690] v5.png
[LOG 18:26:49.690] gapkerbal_female_future.prefab
[LOG 18:26:49.690] gapkerbal_male_future.prefab
[LOG 18:26:49.690] hammerfemale.prefab
[LOG 18:26:49.690] hammermale.prefab
[LOG 18:26:49.690] bopgravelpile.prefab
[LOG 18:26:49.690] bopgravelpile.fbx
[LOG 18:26:49.690] bop_gravel pile_d.mat
[LOG 18:26:49.690] lambert1.mat
[LOG 18:26:49.690] bop_gravel pile_d.png
[LOG 18:26:49.690] bop_gravel pile_d.tga
[LOG 18:26:49.690] bop_gravel pile_n.png
[LOG 18:26:49.690] bop_gravel pile_s.png
[LOG 18:26:49.690] drescrater.prefab
[LOG 18:26:49.690] dresmeteorite.prefab
[LOG 18:26:49.690] drescrater.fbx
[LOG 18:26:49.690] dresmeteorite.fbx
[LOG 18:26:49.690] dres_crater_d.mat
[LOG 18:26:49.691] dres_meteorite_d.mat
[LOG 18:26:49.691] lambert1.mat
[LOG 18:26:49.691] dres_crater_d.tga
[LOG 18:26:49.691] dres_crater_n.png
[LOG 18:26:49.691] dres_meteorite_d.tga
[LOG 18:26:49.691] dres_meteorite_n.png
[LOG 18:26:49.691] dunablueberries.prefab
[LOG 18:26:49.691] dunadune.prefab
[LOG 18:26:49.691] dunameteorite.prefab
[LOG 18:26:49.691] dunastone.prefab
[LOG 18:26:49.691] dunaasteroid.fbx
[LOG 18:26:49.691] dunablueberries.fbx
[LOG 18:26:49.691] dunadune.fbx
[LOG 18:26:49.691] dunastone.fbx
[LOG 18:26:49.691] duna_asteroid_d.mat
[LOG 18:26:49.691] duna_dune_d.mat
[LOG 18:26:49.691] duna_stone_d.mat
[LOG 18:26:49.691] dune_blueberries_d.mat
[LOG 18:26:49.691] lambert1.mat
[LOG 18:26:49.691] duna_asteroid_d.tga
[LOG 18:26:49.691] duna_asteroid_n.png
[LOG 18:26:49.692] duna_dune_d.tga
[LOG 18:26:49.692] duna_dune_n.tga
[LOG 18:26:49.692] duna_stone_d.tga
[LOG 18:26:49.692] duna_stone_n.png
[LOG 18:26:49.692] dune_blueberries_d.tga
[LOG 18:26:49.692] dune_blueberries_n.png
[LOG 18:26:49.692] eelooberg.prefab
[LOG 18:26:49.692] eeloobrownboulder.prefab
[LOG 18:26:49.692] eelooicechunk.prefab
[LOG 18:26:49.692] eelooberg.fbx
[LOG 18:26:49.692] eelooboulder.fbx
[LOG 18:26:49.692] eelooicechunk.fbx
[LOG 18:26:49.692] eeloo_alien_glacier_d.mat
[LOG 18:26:49.692] eeloo_brown_ boulder_d.mat
[LOG 18:26:49.692] eeloo_ice chunk_d.mat
[LOG 18:26:49.692] lambert1.mat
[LOG 18:26:49.692] eeloo_alien_glacier_d.tga
[LOG 18:26:49.692] eeloo_alien_glacier_e.tga
[LOG 18:26:49.692] eeloo_alien_glacier_n.png
[LOG 18:26:49.692] eeloo_brown_ boulder_d.tga
[LOG 18:26:49.692] eeloo_brown_ boulder_n.png
[LOG 18:26:49.693] eeloo_ice chunk_d.tga
[LOG 18:26:49.693] eeloo_ice chunk_e.tga
[LOG 18:26:49.693] eeloo_ice chunk_n.png
[LOG 18:26:49.693] eeloo_ice chunk_s.tga
[LOG 18:26:49.693] evebasaltformation.prefab
[LOG 18:26:49.693] evepancakedome.prefab
[LOG 18:26:49.693] evevolcanicrock.prefab
[LOG 18:26:49.693] evebasaltformation.fbx
[LOG 18:26:49.693] evepancakeformation.fbx
[LOG 18:26:49.693] evevolcanicrock.fbx
[LOG 18:26:49.693] eve basalt formation_d.mat
[LOG 18:26:49.693] eve pancake formation_d.mat
[LOG 18:26:49.693] eve volcanic rock_d.mat
[LOG 18:26:49.693] lambert1.mat
[LOG 18:26:49.693] eve basalt formation_d.tga
[LOG 18:26:49.693] eve basalt formation_n.tga
[LOG 18:26:49.693] eve pancake formation_d.tga
[LOG 18:26:49.693] eve pancake formation_e.png
[LOG 18:26:49.693] eve pancake formation_n.png
[LOG 18:26:49.693] eve volcanic rock_d.tga
[LOG 18:26:49.693] eve volcanic rock_n.png
[LOG 18:26:49.693] gillyridgeline.fbx
[LOG 18:26:49.693] gilly ridegeline_d.mat
[LOG 18:26:49.693] lambert1.mat
[LOG 18:26:49.693] gillyridgeline.prefab
[LOG 18:26:49.693] gilly ridegeline_d.tga
[LOG 18:26:49.693] gilly ridegeline_n.png
[LOG 18:26:49.693] dunaejecta.prefab
[LOG 18:26:49.693] ikedunaejecta.fbx
[LOG 18:26:49.693] ike_duna_ejecta_mat.mat
[LOG 18:26:49.693] ike duna ejecta_d.tga
[LOG 18:26:49.693] ike duna ejecta_n.png
[LOG 18:26:49.694] kerbinbaobabtree.fbx
[LOG 18:26:49.694] kerbinquartz.fbx
[LOG 18:26:49.694] baobaptree.mat
[LOG 18:26:49.694] kerbin_baobab_tree_d.mat
[LOG 18:26:49.694] kerbin_boabob_tree_d.mat
[LOG 18:26:49.694] kerbin_giant_quartz_d.mat
[LOG 18:26:49.694] lambert1.mat
[LOG 18:26:49.694] lambert2.mat
[LOG 18:26:49.694] kerbinbaobabtree.prefab
[LOG 18:26:49.694] kerbinquartz.prefab
[LOG 18:26:49.694] kerbin_baobab_tree_alpha.png
[LOG 18:26:49.694] kerbin_baobab_tree_d.tga
[LOG 18:26:49.694] kerbin_baobab_tree_n.png
[LOG 18:26:49.694] kerbin_giant_quartz_d.tga
[LOG 18:26:49.694] kerbin_giant_quartz_e.tga
[LOG 18:26:49.694] kerbin_giant_quartz_n.tga
[LOG 18:26:49.694] kerbin_giant_quartz_s.tga
[LOG 18:26:49.694] laytheboulder.fbx
[LOG 18:26:49.694] laythegeyser.fbx
[LOG 18:26:49.694] laythestone.fbx
[LOG 18:26:49.694] lambert1.mat
[LOG 18:26:49.695] laythe_boulder_d.mat
[LOG 18:26:49.695] laythe_geyser_d.mat
[LOG 18:26:49.695] laythe_stone_d.mat
[LOG 18:26:49.695] laytheboulder.prefab
[LOG 18:26:49.695] laythegeyser.prefab
[LOG 18:26:49.695] laythestone.prefab
[LOG 18:26:49.695] laythe_boulder_d.tga
[LOG 18:26:49.695] laythe_boulder_n.png
[LOG 18:26:49.695] laythe_geyser_d.tga
[LOG 18:26:49.695] laythe_geyser_n.png
[LOG 18:26:49.695] laythe_stone_d.tga
[LOG 18:26:49.695] laythe_stone_n.png
[LOG 18:26:49.695] greensandstone.fbx
[LOG 18:26:49.695] lambert1.mat
[LOG 18:26:49.695] minmus_green_sandstone_d.mat
[LOG 18:26:49.695] minmus_olivine_formation_d.mat
[LOG 18:26:49.695] minmusolivineformation.fbx
[LOG 18:26:49.695] minmus_greensandstone.prefab
[LOG 18:26:49.695] minmus_olivineformation.prefab
[LOG 18:26:49.695] minmus_green_sandstone_d.tga
[LOG 18:26:49.695] minmus_green_sandstone_n.png
[LOG 18:26:49.696] minmus_olivine_formation_d.tga
[LOG 18:26:49.696] minmus_olivine_formation_n.png
[LOG 18:26:49.696] lambert1.mat
[LOG 18:26:49.696] moho wrinkleridge_d.mat
[LOG 18:26:49.696] moho_stone_d.mat
[LOG 18:26:49.696] mohostone.fbx
[LOG 18:26:49.696] mohowrinkleridge.fbx
[LOG 18:26:49.696] mohostone.prefab
[LOG 18:26:49.696] mohowrinkleridge.prefab
[LOG 18:26:49.696] moho wrinkleridge_d.tga
[LOG 18:26:49.696] moho wrinkleridge_e.png
[LOG 18:26:49.696] moho wrinkleridge_n.png
[LOG 18:26:49.696] moho_stone_d.tga
[LOG 18:26:49.696] moho_stone_n.png
[LOG 18:26:49.696] lambert1.mat
[LOG 18:26:49.696] mun_crater_d.mat
[LOG 18:26:49.696] mun_large_crater_d.mat
[LOG 18:26:49.696] mun_stone_d.mat
[LOG 18:26:49.696] muncrater.fbx
[LOG 18:26:49.696] munlargecrater.fbx
[LOG 18:26:49.696] munstone.fbx
[LOG 18:26:49.697] muncrater.prefab
[LOG 18:26:49.697] munlargecrater.prefab
[LOG 18:26:49.697] munstone.prefab
[LOG 18:26:49.697] mun_crater_d.tga
[LOG 18:26:49.697] mun_crater_n.png
[LOG 18:26:49.697] mun_large_crater_d.tga
[LOG 18:26:49.697] mun_large_crater_n.png
[LOG 18:26:49.697] mun_stone_d.tga
[LOG 18:26:49.697] mun_stone_n.png
[LOG 18:26:49.697] lambert1.mat
[LOG 18:26:49.697] pol_yellowstone_d.mat
[LOG 18:26:49.697] polyellowstone.fbx
[LOG 18:26:49.697] pol_yellowstones.prefab
[LOG 18:26:49.697] pol_yellowstone_d.png
[LOG 18:26:49.697] pol_yellowstone_n.png
[LOG 18:26:49.697] lambert1.mat
[LOG 18:26:49.697] tylo_checkerboard_d.mat
[LOG 18:26:49.697] tylo_dark boulder_d.mat
[LOG 18:26:49.697] tylo_light_d.mat
[LOG 18:26:49.697] tyloboulder.fbx
[LOG 18:26:49.697] tylocheckerboard.fbx
[LOG 18:26:49.698] tylolightstone.fbx
[LOG 18:26:49.698] tylo_ checkerboard_n.png
[LOG 18:26:49.698] tylo_checkerboard_d.png
[LOG 18:26:49.698] tylo_dark boulder_d.tga
[LOG 18:26:49.698] tylo_dark boulder_n.png
[LOG 18:26:49.698] tylo_light_d.tga
[LOG 18:26:49.698] tylo_light_n.png
[LOG 18:26:49.698] tylocheckerboard.prefab
[LOG 18:26:49.698] tylodarkboulder.prefab
[LOG 18:26:49.698] tylolightstone.prefab
[LOG 18:26:49.698] cryovolcano_d.mat
[LOG 18:26:49.698] lambert1.mat
[LOG 18:26:49.698] vallicechunk_d.mat
[LOG 18:26:49.698] vallstone_d.mat
[LOG 18:26:49.698] vall_cryovolcano.fbx
[LOG 18:26:49.698] vall_icechunk.fbx
[LOG 18:26:49.698] vall_stone.fbx
[LOG 18:26:49.698] cryovolcano_d.tga
[LOG 18:26:49.698] cryovolcano_e.png
[LOG 18:26:49.698] cryovolcano_n.jpg
[LOG 18:26:49.699] cryovolcano_s.jpg
[LOG 18:26:49.699] vallicechunk_d.jpg
[LOG 18:26:49.699] vallicechunk_e.jpg
[LOG 18:26:49.699] vallicechunk_n.jpg
[LOG 18:26:49.699] vallicechunk_s.jpg
[LOG 18:26:49.699] vallstone_d.jpg
[LOG 18:26:49.699] vallstone_e.jpg
[LOG 18:26:49.699] vallstone_n.jpg
[LOG 18:26:49.699] vallstone_s.jpg
[LOG 18:26:49.699] vallcryovolcano.prefab
[LOG 18:26:49.699] vallicechunk.prefab
[LOG 18:26:49.699] vallstone.prefab
[LOG 18:26:49.699] vfx_spark.mat
[LOG 18:26:49.699] vfx_welding_flare.mat
[LOG 18:26:49.699] cometdustmaterial.mat
[LOG 18:26:49.699] cometgeysermat.mat
[LOG 18:26:49.712] GetTypesOfModulesImplementingInterface2: Found 69 types with IPartModuleAdjuster interface in 8 assemblies.
[LOG 18:26:49.720] GetSubclassesOfParentClass: Found 0 types with ModuleActiveRadiator parent in 8 assemblies.
[LOG 18:26:49.729] GetSubclassesOfParentClass: Found 0 types with ModuleAlternator parent in 8 assemblies.
[LOG 18:26:49.737] GetSubclassesOfParentClass: Found 1 types with ModuleControlSurface parent in 8 assemblies.
[LOG 18:26:49.745] GetSubclassesOfParentClass: Found 0 types with ModuleDataTransmitter parent in 8 assemblies.
[LOG 18:26:49.751] GetSubclassesOfParentClass: Found 0 types with ModuleDeployableSolarPanel parent in 8 assemblies.
[LOG 18:26:49.757] GetSubclassesOfParentClass: Found 1 types with ModuleEngines parent in 8 assemblies.
[LOG 18:26:49.763] GetSubclassesOfParentClass: Found 0 types with ModuleGenerator parent in 8 assemblies.
[LOG 18:26:49.769] GetSubclassesOfParentClass: Found 0 types with ModuleGimbal parent in 8 assemblies.
[LOG 18:26:49.775] GetSubclassesOfParentClass: Found 2 types with ModuleLiftingSurface parent in 8 assemblies.
[LOG 18:26:49.781] GetSubclassesOfParentClass: Found 0 types with ModuleLight parent in 8 assemblies.
[LOG 18:26:49.787] GetSubclassesOfParentClass: Found 0 types with ModuleReactionWheel parent in 8 assemblies.
[LOG 18:26:49.792] GetSubclassesOfParentClass: Found 0 types with ModuleSAS parent in 8 assemblies.
[LOG 18:26:49.798] GetSubclassesOfParentClass: Found 0 types with ModuleWheelBrakes parent in 8 assemblies.
[LOG 18:26:49.804] GetSubclassesOfParentClass: Found 1 types with ModuleWheelMotor parent in 8 assemblies.
[LOG 18:26:49.805] GetSubclassesOfParentClass: Using cached results for ModuleActiveRadiator
[LOG 18:26:49.810] GetSubclassesOfParentClass: Found 0 types with ModuleAnchoredDecoupler parent in 8 assemblies.
[LOG 18:26:49.816] GetSubclassesOfParentClass: Found 0 types with ModuleCargoBay parent in 8 assemblies.
[LOG 18:26:49.816] GetSubclassesOfParentClass: Using cached results for ModuleControlSurface
[LOG 18:26:49.817] GetSubclassesOfParentClass: Using cached results for ModuleDataTransmitter
[LOG 18:26:49.822] GetSubclassesOfParentClass: Found 0 types with ModuleDecouple parent in 8 assemblies.
[LOG 18:26:49.828] GetSubclassesOfParentClass: Found 4 types with ModuleDeployablePart parent in 8 assemblies.
[LOG 18:26:49.835] GetSubclassesOfParentClass: Found 0 types with ModuleDockingNode parent in 8 assemblies.
[LOG 18:26:49.835] GetSubclassesOfParentClass: Using cached results for ModuleEngines
[LOG 18:26:49.842] GetSubclassesOfParentClass: Found 0 types with CModuleFuelLine parent in 8 assemblies.
[LOG 18:26:49.848] GetSubclassesOfParentClass: Found 0 types with ModuleGPS parent in 8 assemblies.
[LOG 18:26:49.853] GetSubclassesOfParentClass: Found 0 types with ModuleGrappleNode parent in 8 assemblies.
[LOG 18:26:49.854] GetSubclassesOfParentClass: Using cached results for ModuleGrappleNode
[LOG 18:26:49.860] GetSubclassesOfParentClass: Found 0 types with ModuleKerbNetAccess parent in 8 assemblies.
[LOG 18:26:49.860] GetSubclassesOfParentClass: Using cached results for ModuleLight
[LOG 18:26:49.860] GetSubclassesOfParentClass: Using cached results for ModuleLight
[LOG 18:26:49.867] GetSubclassesOfParentClass: Found 0 types with ModuleProbeControlPoint parent in 8 assemblies.
[LOG 18:26:49.873] GetSubclassesOfParentClass: Found 1 types with ModuleRCS parent in 8 assemblies.
[LOG 18:26:49.873] GetSubclassesOfParentClass: Using cached results for ModuleRCS
[LOG 18:26:49.873] GetSubclassesOfParentClass: Using cached results for ModuleReactionWheel
[LOG 18:26:49.873] GetSubclassesOfParentClass: Using cached results for ModuleReactionWheel
[LOG 18:26:49.880] GetSubclassesOfParentClass: Found 0 types with ModuleResourceIntake parent in 8 assemblies.
[LOG 18:26:49.886] GetSubclassesOfParentClass: Found 0 types with ModuleScienceExperiment parent in 8 assemblies.
[LOG 18:26:49.893] GetSubclassesOfParentClass: Found 0 types with ModuleToggleCrossfeed parent in 8 assemblies.
[LOG 18:26:49.899] GetSubclassesOfParentClass: Found 0 types with ModuleWheelDeployment parent in 8 assemblies.
[LOG 18:26:49.936] ExpansionsLoader: Expansions loaded in 10.353s
[LOG 18:26:49.936] Loading Systems: Elapsed time is 27.1176s
[LOG 18:26:53.260] [AddonLoader]: Instantiating addon 'KSPCFFastLoaderPSystemSetup' from assembly 'KSPCommunityFixes'
[LOG 18:26:53.577] [Agent]: Found 19 agent mentality types
[LOG 18:26:53.579] [AgentList]: 31 agents parsed and loaded.
[LOG 18:26:53.615] [UIMasterController]: HideUI
[LOG 18:26:53.701] [CelestialBody]: Kerbin's solar day length is 1d, 0h, 0m long. sidereal day length is 5h, 59m, 9s long
[LOG 18:26:59.497] [UIMasterController]: HideUI
[LOG 18:26:59.504] [HighLogic]: =========================== Scene Change : From LOADING to MAINMENU =====================
[LOG 18:27:00.086] [AddonLoader]: Instantiating addon 'ContractDefs' from assembly 'KSP'
[LOG 18:27:00.114] [AddonLoader]: Instantiating addon 'KSPCFFastLoaderReport' from assembly 'KSPCommunityFixes'
[LOG 18:27:00.142] [UIMasterController]: ShowUI
[LOG 18:27:00.406] [GameParameters]: Loaded custom parameter class CommNetParams.
[LOG 18:27:00.407] [GameParameters]: Loaded custom parameter class MissionParamsGeneral.
[LOG 18:27:00.407] [GameParameters]: Loaded custom parameter class MissionParamsFacilities.
[LOG 18:27:00.407] [GameParameters]: Loaded custom parameter class MissionParamsExtras.
[LOG 18:27:00.407] [GameParameters]: Loaded custom parameter class AdvancedParams.
[LOG 18:27:00.428] [ReflectionUtil]: Found 40 types with UpgradeModule attribute in 8 assemblies.
[LOG 18:27:00.446] [KSPCF:FastLoader] Intel(R) Core(TM) i7-4790K CPU @ 4.00GHz | 32687 MB | NVIDIA GeForce GTX 1060 6GB (6029 MB)
Total loading time to main menu : 41.256s
- Configs and assemblies loaded in 5.597s
- Configs reload done in 1.116s
- Configs translated in 0.016s
- 2353 assets loaded in 3.446s :
  - 86 audio assets (79.689 MiB) in 0.468s, 170.273 MiB/s
  - 1640 texture assets (1.293 GiB) in 2.386s, 555.142 MiB/s
  - 626 model assets (64.41 MiB) in 0.590s, 109.256 MiB/s
- Asset bundles loaded in 0.498s
- GameDatabase (configs, resources, traits, upgrades...) loaded in 0.065s
- Built-in parts copied in 0.027s
- Part and internal configs extracted in 0.001s
- 483 parts and 1927 modules compiled in 6.870s
  - 4.0 modules/part, 14.224 ms/part, 3.565 ms/module
  - PartIcon compilation : 1.093s
- 27 internal spaces and 56 props compiled in 0.236s
- 2 DLC (Making History, Breaking Ground) loaded in 10.389s
- Planetary system loaded in 7.601s
[LOG 18:27:00.446] Texture queries : 1725, slow path : 1 (0.06 %)
[LOG 18:27:00.451] [ModuleManager] Total loading Time = 35.914s
[LOG 18:27:00.488] [ScenarioTypes]: List Created 23 scenario types loaded from 8 loaded assemblies.
[LOG 18:27:00.502] [ApplicationLauncher] Awake False
[LOG 18:27:00.502] [ApplicationLauncher] SpawnSimpleLayout: VerticalTopDown
[LOG 18:27:00.516] ScaleModList: listSize 41 maxListSize 0
[LOG 18:27:00.519] [UiApp] Awake: 
[LOG 18:27:00.520] [ApplicationLauncher] OnSceneLoadedGUIReady: scene MAINMENU ShouldBeVisible() True ShouldBeOnTop() True iIsPositionedAtTop True
[LOG 18:27:00.522] ScaleModList: listSize 41 maxListSize 663
[LOG 18:27:00.542] [UIApp] Adding  to Application Launcher
[LOG 18:27:00.543] ScaleModList: listSize 41 maxListSize 654
[LOG 18:27:00.544] [ApplicationLauncher] SetHidden: 
[LOG 18:27:00.544] ScaleModList: listSize 41 maxListSize 695
[LOG 18:27:00.549] [MessageSystem] OnAppInitialized
[LOG 18:27:00.549] [MessageSystem] Reposition 0.0385239 29090
[LOG 18:27:07.844] [KSPUpgradePipeline]: claude (1.12.5) is up to date.
[LOG 18:27:07.855] [ExperienceSystem]: Found 0 trait types
[LOG 18:27:07.862] [ExperienceSystem]: Found 20 effect types
[LOG 18:27:07.894] [ScenarioTypes]: List Created 23 scenario types loaded from 8 loaded assemblies.
[LOG 18:27:07.913] Game State Saved to saves/claude/persistent
[LOG 18:27:07.922] [MessageSystem] Load Messages
[LOG 18:27:07.925] [UIMasterController]: HideUI
[LOG 18:27:07.927] [HighLogic]: =========================== Scene Change : From MAINMENU to SPACECENTER =====================
[LOG 18:27:08.352] [AddonLoader]: Instantiating addon 'CustomConfigsManager' from assembly 'ModuleManager'
[LOG 18:27:11.432] [UIMasterController]: ShowUI
[LOG 18:27:11.727] [SceneLoadSpeedBoost] Save loaded from disk in 1ms
[LOG 18:27:11.739] GetSubclassesOfParentClass: Found 7 types with AlarmTypeBase parent in 8 assemblies.
[LOG 18:27:11.747] Loading Depletion Nodes
[LOG 18:27:11.747] DepNodeCount:  0
[LOG 18:27:11.748] Loading Biome Nodes
[LOG 18:27:11.748] BiomeNodeCount:  0
[LOG 18:27:11.748] Loading Planet Nodes
[LOG 18:27:11.748] PlanetNodeCount:  0
[LOG 18:27:11.762] [ScenarioDestructibles]: Loading... 0 objects registered
[LOG 18:27:11.846] [AsteroidSpawner]: New object found near Kerbin: Ast. LQS-640!
[LOG 18:27:11.883] [UiApp] Awake: KSPedia
[LOG 18:27:11.883] [UiApp] Awake: Missions App
[LOG 18:27:11.883] [UiApp] Awake: AlarmClock
[LOG 18:27:11.885] [GenericAppFrame] Reposition 0 31617
[LOG 18:27:11.886] [ApplicationLauncher] OnSceneLoadedGUIReady: scene SPACECENTER ShouldBeVisible() True ShouldBeOnTop() False iIsPositionedAtTop True
[LOG 18:27:11.886] [ApplicationLauncher] SpawnSimpleLayout: HorizontalRightLeft
[LOG 18:27:11.888] [ApplicationLauncher] SetVisible: 
[LOG 18:27:11.889] ScaleModList: listSize 41 maxListSize 1148
[LOG 18:27:11.890] ScaleModList: listSize 41 maxListSize 1139
[LOG 18:27:11.939] [UIApp] OnDestroy: Contracts
[LOG 18:27:11.945] [MessageSystem] Reposition 0.02 31618
[LOG 18:27:11.945] [GenericAppFrame] Reposition 0.02 31618
[LOG 18:27:11.945] [GenericAppFrame] Reposition 0.02 31618
[LOG 18:27:12.080] [UIApp] Adding AlarmClock to Application Launcher
[LOG 18:27:12.081] ScaleModList: listSize 41 maxListSize 1098
[LOG 18:27:12.081] [UIApp] Adding Missions App to Application Launcher
[LOG 18:27:12.082] ScaleModList: listSize 41 maxListSize 1057
[LOG 18:27:12.109] [GenericAppFrame] Reposition 0.0982118 31624
[LOG 18:27:12.113] [MissionsApp] OnAppStarted(): id: -383690
[LOG 18:27:12.113] MissionsApp does not execute in this game mode, destroying this instance
[LOG 18:27:12.113] [UIApp] OnDestroy: Missions App
[LOG 18:27:12.114] ScaleModList: listSize 41 maxListSize 1057
[LOG 18:27:12.124] [UIApp] Adding KSPedia to Application Launcher
[LOG 18:27:12.124] ScaleModList: listSize 41 maxListSize 1057
[LOG 18:27:56.994] [AsteroidSpawner]: No new objects this time. (Odds are 1:2)
[LOG 18:27:58.877] Game Paused!
[LOG 18:27:58.878] [UIMasterController]: ShowUI
[LOG 18:28:03.038] [KSPUpgradePipeline]: claude (1.12.5) is up to date.
[LOG 18:28:03.047] [ScenarioTypes]: List Created 23 scenario types loaded from 8 loaded assemblies.
[LOG 18:28:03.047] [MessageSystem] Load Messages
[LOG 18:28:03.051] [UIMasterController]: HideUI
[LOG 18:28:03.060] [HighLogic]: =========================== Scene Change : From SPACECENTER to FLIGHT =====================
[LOG 18:28:03.064] Game Unpaused!
[LOG 18:28:03.383] [UIApp] OnDestroy: KSPedia
[LOG 18:28:03.383] ScaleModList: listSize 41 maxListSize 1057
[LOG 18:28:03.383] [UIApp] OnDestroy: AlarmClock
[LOG 18:28:03.384] ScaleModList: listSize 41 maxListSize 1057
[LOG 18:28:03.388] [KSPCF:MemoryLeaks] Removed a onPlanetariumTargetChange callback owned by a destroyed Assembly-CSharp:CommNetVessel instance
[LOG 18:28:03.398] [KSPCF:MemoryLeaks] Leaving scene "SpaceCenter", cleaned 5 memory leaks in 0.013s. GameEvents callbacks : 475. Allocated memory : 793.16 MiB (managed heap), 2.196 GiB (unmanaged)
[LOG 18:28:03.409] UICanvasPrefabSpawner FlightUI spawning Flight
[LOG 18:28:03.442] UICanvasPrefabSpawner FlightUI spawning VesselLabels
[LOG 18:28:03.443] [UiApp] Awake: ResourceDisplay
[LOG 18:28:03.526] [AddonLoader]: Instantiating addon 'AeroGUI' from assembly 'KSP'
[LOG 18:28:03.540] [PlanetariumCamera]: Focus: Kerbin
[LOG 18:28:03.541] [UIMasterController]: HideUI
[LOG 18:28:03.834] [UIMasterController]: HideUI
[LOG 18:28:03.835] ------------------- initializing flight mode... ------------------
[LOG 18:28:03.836] GetSubclassesOfParentClass: Using cached results for AlarmTypeBase
[LOG 18:28:03.837] Loading Depletion Nodes
[LOG 18:28:03.837] DepNodeCount:  0
[LOG 18:28:03.837] Loading Biome Nodes
[LOG 18:28:03.837] BiomeNodeCount:  0
[LOG 18:28:03.837] Loading Planet Nodes
[LOG 18:28:03.837] PlanetNodeCount:  0
[LOG 18:28:03.839] [ScenarioDestructibles]: Loading... 0 objects registered
[LOG 18:28:03.865] Target vessel index: 1  vessel count: 3
[LOG 18:28:03.866] [FLIGHT GLOBALS]: Switching To Vessel Vaisseau sans nom ---------------------- 
[LOG 18:28:03.867] setting new dominant body: Mun
FlightGlobals.mainBody: Mun
[LOG 18:28:03.869] Reference Frame: Rotating
[WRN 18:28:03.879] [Part]: Cannot have ModuleCargoPart and ModuleInventoryPart on same Part [Vaisseau sans nom (unloaded)'. Removed ModuleCargoPart
[LOG 18:28:03.901] Camera Mode: AUTO
[LOG 18:28:07.288] all systems started
[LOG 18:28:07.289] [UIMasterController]: ShowUI
[LOG 18:28:07.413] [AsteroidSpawner]: No new objects this time. (Odds are 1:2)
[LOG 18:28:07.535] [UiApp] Awake: CurrencyWidgetsApp
[LOG 18:28:07.535] [UiApp] Awake: ResourceDisplay
[LOG 18:28:07.535] [UiApp] Awake: KSPedia
[LOG 18:28:07.535] [UiApp] Awake: Missions App
[LOG 18:28:07.536] [UiApp] Awake: DeltaVApp
[LOG 18:28:07.536] [UiApp] Awake: ActionGroupsApp
[LOG 18:28:07.536] [UiApp] Awake: Construction
[LOG 18:28:07.536] [UiApp] Awake: Cargo
[LOG 18:28:07.536] [UiApp] Awake: AlarmClock
[LOG 18:28:07.536] [UiApp] Awake: ManeuverTool
[LOG 18:28:07.536] [ApplicationLauncher] OnSceneLoadedGUIReady: scene FLIGHT ShouldBeVisible() True ShouldBeOnTop() True iIsPositionedAtTop False
[LOG 18:28:07.536] [ApplicationLauncher] SpawnSimpleLayout: VerticalTopDown
[LOG 18:28:07.539] ScaleModList: listSize 41 maxListSize 502
[LOG 18:28:07.540] [KnowledgeBase] OnAppLauncherReady 42401
[LOG 18:28:07.552] [UIApp] OnDestroy: Contracts
[LOG 18:28:07.632] [FlightIntegrator]: Reloaded drag cube for zeroed cube root part mk1pod.v2 (Vaisseau sans nom) on vessel Vaisseau sans nom
[LOG 18:28:07.645] [MessageSystem] Reposition 0.02 42402
[LOG 18:28:07.645] [GenericAppFrame] Reposition 0.02 42402
[LOG 18:28:07.645] [GenericAppFrame] Reposition 0.02 42402
[LOG 18:28:07.739] [PlanetariumCamera]: Focus: Vaisseau sans nom
[LOG 18:28:07.764] [UIApp] Adding ResourceDisplay to Application Launcher
[LOG 18:28:07.766] ScaleModList: listSize 41 maxListSize 453
[LOG 18:28:07.766] [UIApp] Adding ResourceDisplay to Application Launcher
[LOG 18:28:07.766] ScaleModList: listSize 41 maxListSize 412
[LOG 18:28:07.775] [ResourceDisplay] OnAppStarted(): id: -418838
[LOG 18:28:07.776] [GenericAppFrame] Reposition 0.1367695 42406
[LOG 18:28:07.776] [ResourceDisplay] OnAppStarted(): id: 264296
[LOG 18:28:07.776] ResourceDisplay already exist, destroying this instance
[LOG 18:28:07.776] [UIApp] OnDestroy: ResourceDisplay
[LOG 18:28:07.777] ScaleModList: listSize 41 maxListSize 412
[LOG 18:28:07.791] [UIApp] Adding AlarmClock to Application Launcher
[LOG 18:28:07.792] ScaleModList: listSize 41 maxListSize 412
[LOG 18:28:07.792] [UIApp] Adding ActionGroupsApp to Application Launcher
[LOG 18:28:07.793] ScaleModList: listSize 41 maxListSize 371
[LOG 18:28:07.794] [UIApp] Adding Missions App to Application Launcher
[LOG 18:28:07.794] ScaleModList: listSize 41 maxListSize 330
[LOG 18:28:07.795] CURRENCY WIDGET False False False
[LOG 18:28:07.796] [UIApp] OnDestroy: CurrencyWidgetsApp
[LOG 18:28:07.818] [GenericAppFrame] Reposition 0.1657569 42408
[LOG 18:28:07.821] [ActionGroupsApp] OnAppStarted(): id: -418862
[LOG 18:28:07.822] [GenericAppFrame] Reposition 0.1657569 42408
[LOG 18:28:07.822] [UIApp] Adding DeltaVApp to Application Launcher
[LOG 18:28:07.824] ScaleModList: listSize 41 maxListSize 289
[LOG 18:28:07.824] [MissionsApp] OnAppStarted(): id: -418850
[LOG 18:28:07.824] MissionsApp does not execute in this game mode, destroying this instance
[LOG 18:28:07.824] [UIApp] OnDestroy: Missions App
[LOG 18:28:07.824] ScaleModList: listSize 41 maxListSize 289
[LOG 18:28:07.836] [GenericAppFrame] Reposition 0.195299 42409
[LOG 18:28:07.848] [UIApp] Adding Cargo to Application Launcher
[LOG 18:28:07.849] ScaleModList: listSize 41 maxListSize 289
[LOG 18:28:07.849] [UIApp] Adding Construction to Application Launcher
[LOG 18:28:07.850] ScaleModList: listSize 41 maxListSize 248
[LOG 18:28:07.851] [UIApp] Adding KSPedia to Application Launcher
[LOG 18:28:07.851] ScaleModList: listSize 41 maxListSize 207
[WRN 18:28:07.883] HighlightingSystem : Framebuffer depth data is not available and can't be used to occlude highlighting. Highlighting occluders enabled.
[LOG 18:28:07.897] [UIApp] Adding ManeuverTool to Application Launcher
[LOG 18:28:07.898] ScaleModList: listSize 41 maxListSize 166
[LOG 18:28:07.899] [ApplicationLauncher] SetHidden: 
[LOG 18:28:07.900] ScaleModList: listSize 41 maxListSize 207
[LOG 18:28:07.920] [GenericAppFrame] Reposition 0.2674226 42412
[LOG 18:28:07.929] [ManeuverTool]: Found 1 transfer types
[LOG 18:28:07.991] Flight State Captured
[LOG 18:28:07.995] Saving Achievements Tree...
[LOG 18:28:07.995] Saving Achievements Tree...
[LOG 18:28:07.995] Saving Achievements Tree...
[LOG 18:28:07.998] [MessageSystem] Save Messages
[LOG 18:28:08.010] Game State Saved as persistent
[LOG 18:28:08.655] Unpacking Vaisseau sans nom
[LOG 18:28:08.667] [UIMasterController]: ShowUI
[LOG 18:28:22.826] [Comet Manager]:Generated Comet Type:short
[LOG 18:28:22.831] [CometSpawner]: New object found near Kerbin
[LOG 18:28:22.915] [CometManager]: Generated Dust Tail Color: #0 = RGBA(0.991, 0.943, 0.743, 0.031)
[LOG 18:28:22.915] [CometManager]: Generated Ion Tail Color: #2 = RGBA(0.107, 0.139, 0.906, 0.451)
[LOG 18:28:37.885] [AsteroidSpawner]: New object found near Kerbin: Ast. GPG-676!
[LOG 18:28:52.919] [AsteroidSpawner]: No new objects this time. (Odds are 1:2)
[LOG 18:29:07.945] [AsteroidSpawner]: No new objects this time. (Odds are 1:2)
[LOG 18:29:23.004] [AsteroidSpawner]: New object found near Kerbin: Ast. JQN-185!
[LOG 18:29:50.543] Game Paused!
[LOG 18:29:50.544] [UIMasterController]: ShowUI
[LOG 18:29:51.336] Flight State Captured
[LOG 18:29:51.337] Saving Achievements Tree...
[LOG 18:29:51.337] Saving Achievements Tree...
[LOG 18:29:51.337] Saving Achievements Tree...
[LOG 18:29:51.337] [MessageSystem] Save Messages
[LOG 18:29:51.352] Game State Saved to saves/claude/persistent
[LOG 18:29:51.363] [UIMasterController]: HideUI
[LOG 18:29:51.374] [HighLogic]: =========================== Scene Change : From FLIGHT to MAINMENU =====================
[LOG 18:29:51.839] KbApp.OnDestroy Planet Info
[LOG 18:29:51.839] [UIApp] OnDestroy: ResourceDisplay
[LOG 18:29:51.839] ScaleModList: listSize 41 maxListSize 207
[LOG 18:29:51.840] [UIApp] OnDestroy: Cargo
[LOG 18:29:51.840] ScaleModList: listSize 41 maxListSize 207
[LOG 18:29:51.841] [UIApp] OnDestroy: DeltaVApp
[LOG 18:29:51.841] ScaleModList: listSize 41 maxListSize 207
[LOG 18:29:51.841] KbApp.OnDestroy Unowned Info
[LOG 18:29:51.841] KbApp.OnDestroy Vessel Crew
[LOG 18:29:51.841] KbApp.OnDestroy NullName
[LOG 18:29:51.841] KbApp.OnDestroy Planet Resources
[LOG 18:29:51.843] [UIApp] OnDestroy: ManeuverTool
[LOG 18:29:51.843] ScaleModList: listSize 41 maxListSize 207
[LOG 18:29:51.843] [UIApp] OnDestroy: Construction
[LOG 18:29:51.843] ScaleModList: listSize 41 maxListSize 207
[LOG 18:29:51.846] [UIApp] OnDestroy: KSPedia
[LOG 18:29:51.846] ScaleModList: listSize 41 maxListSize 207
[LOG 18:29:51.846] KbApp.OnDestroy Vessel Info
[LOG 18:29:51.848] KbApp.OnDestroy Planet Parameters
[LOG 18:29:51.851] [UIApp] OnDestroy: AlarmClock
[LOG 18:29:51.851] ScaleModList: listSize 41 maxListSize 207
[LOG 18:29:51.851] [UIApp] OnDestroy: ActionGroupsApp
[LOG 18:29:51.851] ScaleModList: listSize 41 maxListSize 207
[LOG 18:29:51.853] [KSPCF:MemoryLeaks] Removed a OnMapExited callback owned by a destroyed Assembly-CSharp:NavBallToggle instance
[LOG 18:29:51.854] [KSPCF:MemoryLeaks] Removed a OnGameSettingsApplied callback owned by a destroyed Assembly-CSharp:VesselAutopilotUI instance
[LOG 18:29:51.854] [KSPCF:MemoryLeaks] Removed a onPartActionUICreate callback owned by a destroyed Assembly-CSharp:ModuleInventoryPart instance
[LOG 18:29:51.854] [KSPCF:MemoryLeaks] Removed a onModuleInventoryChanged callback owned by a destroyed Assembly-CSharp:ModuleInventoryPart instance
[LOG 18:29:51.855] [KSPCF:MemoryLeaks] Removed a OnDestructibleLoaded callback owned by a destroyed Assembly-CSharp:RunwayCollisionHandler instance
[LOG 18:29:51.855] [KSPCF:MemoryLeaks] Removed a OnClick callback owned by a destroyed Assembly-CSharp:EVAConstructionModeEditor instance
[LOG 18:29:51.855] [KSPCF:MemoryLeaks] Removed a TimingManager.Instance.timing5.onLateUpdate callback owned by a destroyed Assembly-CSharp:MapView instance
[LOG 18:29:51.856] [KSPCF:MemoryLeaks] Leaving scene "Flight", cleaned 23 memory leaks in 0.003s. GameEvents callbacks : 868. Allocated memory : 826.188 MiB (managed heap), 2.186 GiB (unmanaged)
[LOG 18:29:51.989] [UIMasterController]: ShowUI
[LOG 18:29:52.307] [ScenarioTypes]: List Created 23 scenario types loaded from 8 loaded assemblies.
[LOG 18:29:52.312] [ApplicationLauncher] OnSceneLoadedGUIReady: scene MAINMENU ShouldBeVisible() True ShouldBeOnTop() True iIsPositionedAtTop True
[LOG 18:29:52.313] [ApplicationLauncher] SetHidden: 
[LOG 18:29:52.313] ScaleModList: listSize 41 maxListSize 535
[LOG 18:29:52.314] ScaleModList: listSize 41 maxListSize 535
[LOG 18:29:52.318] [MessageSystem] Reposition 0.02 53132
[LOG 18:29:52.318] [GenericAppFrame] Reposition 0.02 53132
[LOG 18:29:52.318] [GenericAppFrame] Reposition 0.02 53132
