[LOG 18:23:36.906] ******* Log Initiated for Kerbal Space Program - 1.12.5.3190 (WindowsPlayer x64) fr-fr *******
Kerbal Space Program - 1.12.5.3190 (WindowsPlayer x64) fr-fr


OS: Windows 10  (10.0.0) 64bit
CPU: Intel(R) Core(TM) i7-4790K CPU @ 4.00GHz (8)
RAM: 32687
GPU: NVIDIA GeForce GTX 1060 6GB (6029MB)
SM: 50 (Direct3D 11.0 [level 11.1])
RT Formats: ARGB32, Depth, ARGBHalf, Shadowmap, RGB565, ARGB4444, ARGB1555, Default, ARGB2101010, DefaultHDR, ARGB64, ARGBFloat, RGFloat, RGHalf, RFloat, RHalf, R8, ARGBInt, RGInt, RInt, BGRA32, RGB111110Float, RG32, RGBAUShort, RG16, BGRA10101010_XR, BGR101010_XR, R16


Log started: Sun, Oct 04, 2026 18:23:36


[LOG 18:23:36.927] ActionCanvas MASK: 3458764513820540928
[LOG 18:23:36.927] AppCanvas MASK: 3458764513820540928
[LOG 18:23:36.929] MainCanvas MASK: 3458764513820540928
[LOG 18:23:38.377] Load(Assembly): /ModuleManager.4.2.3
[LOG 18:23:38.378] AssemblyLoader: Loading assembly at D:\ksp-dev\GameData\ModuleManager.4.2.3.dll
[LOG 18:23:38.401] AssemblyLoader: KSPAssembly 'ModuleManager' V2.5.0
[LOG 18:23:38.401] Load(Assembly): 000_Harmony/0Harmony
[LOG 18:23:38.401] AssemblyLoader: Loading assembly at D:\ksp-dev\GameData\000_Harmony\0Harmony.dll
[LOG 18:23:38.404] Load(Assembly): 000_Harmony/HarmonyInstallChecker
[LOG 18:23:38.404] AssemblyLoader: Loading assembly at D:\ksp-dev\GameData\000_Harmony\HarmonyInstallChecker.dll
[LOG 18:23:38.405] AssemblyLoader: KSPAssembly 'HarmonyKSP' V1.0.0
[LOG 18:23:38.405] Load(Assembly): KsmUI/Plugins/KsmUI
[LOG 18:23:38.405] AssemblyLoader: Loading assembly at D:\ksp-dev\GameData\KsmUI\Plugins\KsmUI.dll
[LOG 18:23:38.407] Load(Assembly): KSPCommunityFixes/Plugins/0_MultipleModuleInPartAPI
[LOG 18:23:38.407] AssemblyLoader: Loading assembly at D:\ksp-dev\GameData\KSPCommunityFixes\Plugins\0_MultipleModuleInPartAPI.dll
[LOG 18:23:38.408] AssemblyLoader: KSPAssembly 'MultipleModulePartAPI' V1.0.0
[LOG 18:23:38.408] Load(Assembly): KSPCommunityFixes/Plugins/KSPCommunityFixes
[LOG 18:23:38.408] AssemblyLoader: Loading assembly at D:\ksp-dev\GameData\KSPCommunityFixes\Plugins\KSPCommunityFixes.dll
[LOG 18:23:38.418] AssemblyLoader: KSPAssembly 'KSPCommunityFixes' V1.41.1
[LOG 18:23:38.419] AssemblyLoader: KSPAssemblyDependency 'HarmonyKSP' V1.0.0
[LOG 18:23:38.419] AssemblyLoader: KSPAssemblyDependency 'ModuleManager' V1.0.0
[LOG 18:23:38.419] AssemblyLoader: KSPAssemblyDependency 'MultipleModulePartAPI' V1.0.0
[LOG 18:23:38.419] Load(Assembly): KSPMCPServer/KSPMCPServer
[LOG 18:23:38.419] AssemblyLoader: Loading assembly at D:\ksp-dev\GameData\KSPMCPServer\KSPMCPServer.dll
[LOG 18:23:38.421] Load(Assembly): KSPProfiler/Plugins/KSPProfiler
[LOG 18:23:38.421] AssemblyLoader: Loading assembly at D:\ksp-dev\GameData\KSPProfiler\Plugins\KSPProfiler.dll
[LOG 18:23:38.424] AssemblyLoader: Loading assemblies
[LOG 18:23:38.521] VesselModules: Found VesselModule of type AxisGroupsModule with order 999
[LOG 18:23:38.565] VesselModules: Found VesselModule of type CometVessel with order 999
[LOG 18:23:38.567] VesselModules: Found VesselModule of type SuspensionLoadBalancer with order 999
[LOG 18:23:38.569] VesselModules: Found VesselModule of type FlightIntegrator with order 0
[LOG 18:23:38.571] VesselModules: Found VesselModule of type CommNetVessel with order 999
[LOG 18:23:38.576] VesselModules: Found 5 VesselModule types
[LOG 18:23:38.585] 
************************************************************************

Environment Info
Win32NT 7FFFFFFFFFFFFFFF  Args: KSP_x64.exe 

Mod DLLs found:
Stock assembly: Assembly-CSharp v0.0.0.0
ModuleManager v4.2.3.0
0Harmony v2.2.1.0
HarmonyInstallChecker v2.2.1.0
KsmUI v1.0.0.0
0_MultipleModuleInPartAPI v1.0.0.0 / v1.0.0+7969fdc50bf4e350193abe5ba2e89533b12ca02f
KSPCommunityFixes v1.41.0.0 / v1.41.1+7969fdc50bf4e350193abe5ba2e89533b12ca02f / v1.41.1.0
KSPMCPServer v0.0.0.0
KSPProfiler v1.0.0.0

Folders and files in GameData:
000_Harmony
KsmUI
KSPCommunityFixes
KSPMCPServer
KSPProfiler
Stock folder: Squad

Stock folder: SquadExpansion

ModuleManager.4.2.3.dll
ModuleManager.ConfigCache
ModuleManager.ConfigSHA
ModuleManager.Physics
ModuleManager.TechTree

************************************************************************

[LOG 18:23:38.606] [AddonLoader]: Instantiating addon 'ModuleManager' from assembly 'ModuleManager'
[LOG 18:23:38.618] [ModuleManager] Adding post patch to the loading screen 4
[LOG 18:23:38.620] [ModuleManager] Patching started on a new thread, all output will be directed to D:\ksp-dev\Logs\ModuleManager\ModuleManager.log
[LOG 18:23:38.623] [AddonLoader]: Instantiating addon 'HarmonyInstallChecker' from assembly 'HarmonyKSP'
[LOG 18:23:38.624] [AddonLoader]: Instantiating addon 'KsmUIBootstrapper' from assembly 'KsmUI'
[LOG 18:23:38.625] [AddonLoader]: Instantiating addon 'KSPCommunityFixes' from assembly 'KSPCommunityFixes'
[LOG 18:23:38.626] [AddonLoader]: Instantiating addon 'NoIVA' from assembly 'KSPCommunityFixes'
[LOG 18:23:38.627] [AddonLoader]: Instantiating addon 'ConfigNodePerf' from assembly 'KSPCommunityFixes'
[LOG 18:23:38.868] [AddonLoader]: Instantiating addon 'KSPCFFastLoader' from assembly 'KSPCommunityFixes'
[LOG 18:23:38.870] [KSPCF] Injecting FastLoader...
[LOG 18:23:38.895] [KSPCommunityFixes] Patch GameDatabasePerf applied.
[LOG 18:23:38.993] [AddonLoader]: Instantiating addon 'ReflectionTypeLoadExceptionHandler' from assembly 'KSPCommunityFixes'
[LOG 18:23:38.996] [AddonLoader]: Instantiating addon 'KSPMCPServerMod' from assembly 'KSPMCPServer'
[LOG 18:23:39.154] [KSP-MCPServer] Tool profiler_open from KSPProfiler (KSPProfiler.McpTools.Open)
[LOG 18:23:39.154] [KSP-MCPServer] Tool profiler_start_capture from KSPProfiler (KSPProfiler.McpTools.StartCapture)
[LOG 18:23:39.154] [KSP-MCPServer] Tool profiler_stop_capture from KSPProfiler (KSPProfiler.McpTools.StopCapture)
[LOG 18:23:39.154] [KSP-MCPServer] Tool profiler_export from KSPProfiler (KSPProfiler.McpTools.Export)
[LOG 18:23:39.154] [KSP-MCPServer] Tool profiler_state from KSPProfiler (KSPProfiler.McpTools.State)
[LOG 18:23:39.168] [KSP-MCPServer] Listening on http://127.0.0.1:8770/mcp/ with 35 tools
[LOG 18:23:39.168] [AddonLoader]: Instantiating addon 'KSPProfilerAddon' from assembly 'KSPProfiler'
[LOG 18:23:40.522] [KSPCF] Taking over stock loader. An exception will follow, this is intended.
[EXC 18:23:40.526] Exception: Terminating stock loader coroutine, this is intended and not an error
	KSPCommunityFixes.Performance.KSPCFFastLoader.GameDatabase_SetupMainLoaders_Prefix () (at <62bb7f5420994f409a34377c091e8538>:0)
	(wrapper dynamic-method) GameDatabase.GameDatabase.SetupMainLoaders_Patch1(GameDatabase)
	GameDatabase+<LoadObjects>d__90.MoveNext () (at <4b449f2841f84227adfaad3149c8fdba>:0)
	UnityEngine.SetupCoroutine.InvokeMoveNext (System.Collections.IEnumerator enumerator, System.IntPtr returnValueAddress) (at <12e76cd50cc64cf19e759e981cb725af>:0)
	UnityEngine.DebugLogHandler:LogException(Exception, Object)
	ModuleManager.UnityLogHandle.InterceptLogHandler:LogException(Exception, Object)
	UnityEngine.MonoBehaviour:StartCoroutine(IEnumerator)
	<CreateDatabase>d__71:MoveNext()
	UnityEngine.MonoBehaviour:StartCoroutine(IEnumerator)
	GameDatabase:StartLoad()
	<LoadSystems>d__11:MoveNext()
	UnityEngine.MonoBehaviour:StartCoroutine(IEnumerator)
	LoadingScreen:Start()
[LOG 18:23:40.717] Preloading Asset Bundle Definitions
[LOG 18:23:41.057] Load Audio: Squad/Alarms/Sounds/Chirps
[LOG 18:23:41.066] Load Audio: Squad/Alarms/Sounds/Classic
[LOG 18:23:41.067] Load Audio: Squad/Alarms/Sounds/ClockTower
[LOG 18:23:41.067] Load Audio: Squad/Alarms/Sounds/ComputerGlass1
[LOG 18:23:41.067] Load Audio: Squad/Alarms/Sounds/ComputerGlass2
[LOG 18:23:41.067] Load Audio: Squad/Alarms/Sounds/ComputerShort
[LOG 18:23:41.067] Load Audio: Squad/Alarms/Sounds/ComputerTriad
[LOG 18:23:41.067] Load Audio: Squad/Alarms/Sounds/DoorBell
[LOG 18:23:41.068] Load Audio: Squad/Alarms/Sounds/Glass
[LOG 18:23:41.068] Load Audio: Squad/Alarms/Sounds/Klaxon
[LOG 18:23:41.068] Load Audio: Squad/Alarms/Sounds/Mobile
[LOG 18:23:41.068] Load Audio: Squad/Alarms/Sounds/Morning
[LOG 18:23:41.068] Load Audio: Squad/Alarms/Sounds/OldClock
[LOG 18:23:41.069] Load Audio: Squad/Alarms/Sounds/OldHorn
[LOG 18:23:41.069] Load Audio: Squad/Alarms/Sounds/Ripple
[LOG 18:23:41.069] Load Audio: Squad/Sounds/editorLoop01
[LOG 18:23:41.069] Load Audio: Squad/Sounds/elev_loop
[LOG 18:23:41.069] Load Audio: Squad/Sounds/elev_start
[LOG 18:23:41.069] Load Audio: Squad/Sounds/elev_stop
[LOG 18:23:41.070] Load Audio: Squad/Sounds/fireworks_explosion_2
[LOG 18:23:41.070] Load Audio: Squad/Sounds/fireworks_explosion_3
[LOG 18:23:41.070] Load Audio: Squad/Sounds/fireworks_explosion_4
[LOG 18:23:41.070] Load Audio: Squad/Sounds/fireworks_launch_boom
[LOG 18:23:41.070] Load Audio: Squad/Sounds/fireworks_only_crackle_crackle_1
[LOG 18:23:41.071] Load Audio: Squad/Sounds/fireworks_only_crackle_dragon_1
[LOG 18:23:41.608] Load Audio: Squad/Sounds/fireworks_only_crackle_palm_1
[LOG 18:23:41.608] Load Audio: Squad/Sounds/fireworks_whistle
[LOG 18:23:41.609] Load Audio: Squad/Sounds/ksp1_banana_V2_01
[LOG 18:23:41.609] Load Audio: Squad/Sounds/ksp1_banana_V2_04
[LOG 18:23:41.609] Load Audio: Squad/Sounds/ksp1_banana_V2_05
[LOG 18:23:41.609] Load Audio: Squad/Sounds/ksp1_golf_swing_normal
[LOG 18:23:41.609] Load Audio: Squad/Sounds/ksp1_ground_anchor_v2_1
[LOG 18:23:41.609] Load Audio: Squad/Sounds/ksp1_strunts_disconnect_v3_pitched2
[LOG 18:23:41.610] Load Audio: Squad/Sounds/repairKit_repair1
[LOG 18:23:41.610] Load Audio: Squad/Sounds/repairKit_repair2
[LOG 18:23:41.610] Load Audio: Squad/Sounds/sound_ambience_nature
[LOG 18:23:41.610] Load Audio: Squad/Sounds/sound_click_flick
[LOG 18:23:41.610] Load Audio: Squad/Sounds/sound_click_latch
[LOG 18:23:41.610] Load Audio: Squad/Sounds/sound_click_sharp
[LOG 18:23:41.610] Load Audio: Squad/Sounds/sound_click_tick
[LOG 18:23:41.611] Load Audio: Squad/Sounds/sound_click_tock
[LOG 18:23:41.611] Load Audio: Squad/Sounds/sound_decoupler_fire
[LOG 18:23:41.611] Load Audio: Squad/Sounds/sound_delete_bin
[LOG 18:23:41.611] Load Audio: Squad/Sounds/sound_explosion_debris1
[LOG 18:23:41.611] Load Audio: Squad/Sounds/sound_explosion_debris2
[LOG 18:23:41.611] Load Audio: Squad/Sounds/sound_explosion_large
[LOG 18:23:41.612] Load Audio: Squad/Sounds/sound_rocket_mini
[LOG 18:23:41.612] Load Audio: Squad/Sounds/sound_rocket_spurts
[LOG 18:23:41.612] Load Audio: Squad/Sounds/sound_servomotor
[LOG 18:23:41.612] Load Audio: Squad/Sounds/sound_tab_extend
[LOG 18:23:41.621] Load Audio: Squad/Sounds/sound_tab_retreat
[LOG 18:23:41.621] Load Audio: SquadExpansion/Serenity/Sounds/robo_arm_large_end
[LOG 18:23:41.621] Load Audio: SquadExpansion/Serenity/Sounds/robo_arm_large_motor_00
[LOG 18:23:41.621] Load Audio: SquadExpansion/Serenity/Sounds/robo_arm_large_scan
[LOG 18:23:41.622] Load Audio: SquadExpansion/Serenity/Sounds/robo_arm_large_start
[LOG 18:23:41.622] Load Audio: SquadExpansion/Serenity/Sounds/robo_arm_medium_end
[LOG 18:23:41.622] Load Audio: SquadExpansion/Serenity/Sounds/robo_arm_medium_motor_00
[LOG 18:23:41.622] Load Audio: SquadExpansion/Serenity/Sounds/robo_arm_medium_scan
[LOG 18:23:41.622] Load Audio: SquadExpansion/Serenity/Sounds/robo_arm_medium_start
[LOG 18:23:41.622] Load Audio: SquadExpansion/Serenity/Sounds/robo_arm_small_end
[LOG 18:23:41.622] Load Audio: SquadExpansion/Serenity/Sounds/robo_arm_small_motor_00
[LOG 18:23:41.623] Load Audio: SquadExpansion/Serenity/Sounds/robo_arm_small_scan
[LOG 18:23:41.623] Load Audio: SquadExpansion/Serenity/Sounds/robo_arm_small_start
[LOG 18:23:41.623] Load Audio: SquadExpansion/Serenity/Sounds/sfx_cryoVolcano_burst
[LOG 18:23:41.623] Load Audio: SquadExpansion/Serenity/Sounds/sfx_cryoVolcano_idle
[LOG 18:23:41.623] Load Audio: SquadExpansion/Serenity/Sounds/sfx_deployable_booster_antena_end
[LOG 18:23:41.624] Load Audio: SquadExpansion/Serenity/Sounds/sfx_deployable_booster_antena_start
[LOG 18:23:41.624] Load Audio: SquadExpansion/Serenity/Sounds/sfx_deployable_central_station_end
[LOG 18:23:41.624] Load Audio: SquadExpansion/Serenity/Sounds/sfx_deployable_central_station_loop
[LOG 18:23:41.624] Load Audio: SquadExpansion/Serenity/Sounds/sfx_deployable_central_station_start
[LOG 18:23:41.624] Load Audio: SquadExpansion/Serenity/Sounds/sfx_deployable_detector_end
[LOG 18:23:41.625] Load Audio: SquadExpansion/Serenity/Sounds/sfx_deployable_detector_start
[LOG 18:23:41.625] Load Audio: SquadExpansion/Serenity/Sounds/sfx_deployable_GoObEd_end
[LOG 18:23:41.625] Load Audio: SquadExpansion/Serenity/Sounds/sfx_deployable_GoObEd_loop
[LOG 18:23:41.625] Load Audio: SquadExpansion/Serenity/Sounds/sfx_deployable_GoObEd_start
[LOG 18:23:41.668] Load Audio: SquadExpansion/Serenity/Sounds/sfx_deployable_rtg_end
[LOG 18:23:41.668] Load Audio: SquadExpansion/Serenity/Sounds/sfx_deployable_rtg_start
[LOG 18:23:41.668] Load Audio: SquadExpansion/Serenity/Sounds/sfx_deployable_seismometer_end
[LOG 18:23:41.668] Load Audio: SquadExpansion/Serenity/Sounds/sfx_deployable_seismometer_start
[LOG 18:23:41.668] Load Audio: SquadExpansion/Serenity/Sounds/sfx_deployable_solar_panel_end
[LOG 18:23:41.668] Load Audio: SquadExpansion/Serenity/Sounds/sfx_deployable_solar_panel_start
[LOG 18:23:41.669] Load Audio: SquadExpansion/Serenity/Sounds/sfx_deployable_weather_station_end
[LOG 18:23:41.669] Load Audio: SquadExpansion/Serenity/Sounds/sfx_deployable_weather_station_loop
[LOG 18:23:41.669] Load Audio: SquadExpansion/Serenity/Sounds/sfx_deployable_weather_station_start
[LOG 18:23:41.669] Load Audio: SquadExpansion/Serenity/Sounds/sfx_geyser_burst
[LOG 18:23:41.669] Load Audio: SquadExpansion/Serenity/Sounds/sfx_geyser_idle
[LOG 18:23:41.695] Load PNG texture: KsmUI/Icons/arrows-down-32
[LOG 18:23:41.701] [KSPCF] PNG texture 'KsmUI/Icons/arrows-down-32' was converted to DXT5 and has been cached for future reloads
[LOG 18:23:41.702] Load PNG texture: KsmUI/Icons/arrows-left-32
[LOG 18:23:41.703] [KSPCF] PNG texture 'KsmUI/Icons/arrows-left-32' was converted to DXT5 and has been cached for future reloads
[LOG 18:23:41.703] Load PNG texture: KsmUI/Icons/arrows-right-32
[LOG 18:23:41.704] [KSPCF] PNG texture 'KsmUI/Icons/arrows-right-32' was converted to DXT5 and has been cached for future reloads
[LOG 18:23:41.704] Load PNG texture: KsmUI/Icons/arrows-up-32
[LOG 18:23:41.705] [KSPCF] PNG texture 'KsmUI/Icons/arrows-up-32' was converted to DXT5 and has been cached for future reloads
[LOG 18:23:41.705] Load PNG texture: KsmUI/Icons/background-64-5
[LOG 18:23:41.706] [KSPCF] PNG texture 'KsmUI/Icons/background-64-5' was converted to DXT5 and has been cached for future reloads
[LOG 18:23:41.706] Load PNG texture: KsmUI/Icons/btn-black-64-5
[LOG 18:23:41.707] [KSPCF] PNG texture 'KsmUI/Icons/btn-black-64-5' was converted to DXT5 and has been cached for future reloads
[LOG 18:23:41.707] Load PNG texture: KsmUI/Icons/btn-black-disabled-64-5
[LOG 18:23:41.708] [KSPCF] PNG texture 'KsmUI/Icons/btn-black-disabled-64-5' was converted to DXT5 and has been cached for future reloads
[LOG 18:23:41.708] Load PNG texture: KsmUI/Icons/btn-black-highlight-64-5
[LOG 18:23:41.710] [KSPCF] PNG texture 'KsmUI/Icons/btn-black-highlight-64-5' was converted to DXT5 and has been cached for future reloads
[LOG 18:23:41.710] Load PNG texture: KsmUI/Icons/checkmark-20
[LOG 18:23:41.711] [KSPCF] PNG texture 'KsmUI/Icons/checkmark-20' was converted to DXT5 and has been cached for future reloads
[LOG 18:23:41.711] Load PNG texture: KsmUI/Icons/ColorPicker
[LOG 18:23:41.722] [KSPCF] PNG texture 'KsmUI/Icons/ColorPicker' was converted to DXT5 and has been cached for future reloads
[LOG 18:23:41.722] Load PNG texture: KsmUI/Icons/i8-header-close-32
[LOG 18:23:41.723] [KSPCF] PNG texture 'KsmUI/Icons/i8-header-close-32' was converted to DXT5 and has been cached for future reloads
[LOG 18:23:41.723] Load PNG texture: KsmUI/Icons/i8-header-newWindow-32
[LOG 18:23:41.723] [KSPCF] PNG texture 'KsmUI/Icons/i8-header-newWindow-32' was converted to DXT5 and has been cached for future reloads
[LOG 18:23:41.725] Load PNG texture: KsmUI/Icons/i8-rnd-32
[LOG 18:23:41.726] [KSPCF] PNG texture 'KsmUI/Icons/i8-rnd-32' was converted to DXT5 and has been cached for future reloads
[LOG 18:23:41.726] Load PNG texture: KsmUI/Icons/info-32
[LOG 18:23:41.728] [KSPCF] PNG texture 'KsmUI/Icons/info-32' was converted to DXT5 and has been cached for future reloads
[LOG 18:23:41.728] Load PNG texture: KsmUI/Icons/Selector
[LOG 18:23:41.729] [KSPCF] PNG texture 'KsmUI/Icons/Selector' was converted to DXT5 and has been cached for future reloads
[LOG 18:23:41.729] Load DDS texture: KSPCommunityFixes/MMPatches/StockTweaks/Icons/Clamp-O-Tron
[LOG 18:23:41.736] Load TRUECOLOR texture: KSPCommunityFixes/MMPatches/StockTweaks/Icons/Clamp-O-Tron_scaled
[LOG 18:23:41.737] Load DDS texture: KSPCommunityFixes/MMPatches/StockTweaks/Icons/FreeFallParachutes
[LOG 18:23:41.737] Load TRUECOLOR texture: KSPCommunityFixes/MMPatches/StockTweaks/Icons/FreeFallParachutes_scaled
[LOG 18:23:41.738] Load DDS texture: KSPCommunityFixes/MMPatches/StockTweaks/Icons/LightYearTireCompany
[LOG 18:23:41.738] Load TRUECOLOR texture: KSPCommunityFixes/MMPatches/StockTweaks/Icons/LightYearTireCompany_scaled
[LOG 18:23:41.739] Load DDS texture: KSPCommunityFixes/MMPatches/StockTweaks/Icons/StratusCorporation
[LOG 18:23:41.739] Load TRUECOLOR texture: KSPCommunityFixes/MMPatches/StockTweaks/Icons/StratusCorporation_scaled
[LOG 18:23:41.739] Load PNG texture: KSPProfiler/Icons/appIcon
[WRN 18:23:41.740] Texture isn't eligible for DXT compression, width and height must be multiples of 4
[LOG 18:23:41.740] Load DDS texture: Squad/Agencies/C7AerospaceDivision
[LOG 18:23:41.740] Load TRUECOLOR texture: Squad/Agencies/C7AerospaceDivision_scaled
[LOG 18:23:41.741] Load DDS texture: Squad/Agencies/DinkelsteinKermansConstructionEmporium
[LOG 18:23:41.741] Load TRUECOLOR texture: Squad/Agencies/DinkelsteinKermansConstructionEmporium_scaled
[LOG 18:23:41.741] Load DDS texture: Squad/Agencies/ExperimentalEngineering
[LOG 18:23:41.742] Load TRUECOLOR texture: Squad/Agencies/ExperimentalEngineering_scaled
[LOG 18:23:41.742] Load DDS texture: Squad/Agencies/FlooydResearchLab
[LOG 18:23:41.742] Load TRUECOLOR texture: Squad/Agencies/FlooydResearchLab_scaled
[LOG 18:23:41.742] Load DDS texture: Squad/Agencies/GoliathNationalProducts
[LOG 18:23:41.743] Load TRUECOLOR texture: Squad/Agencies/GoliathNationalProducts_scaled
[LOG 18:23:41.743] Load DDS texture: Squad/Agencies/IntegratedIntegrals
[LOG 18:23:41.743] Load TRUECOLOR texture: Squad/Agencies/IntegratedIntegrals_scaled
[LOG 18:23:41.743] Load DDS texture: Squad/Agencies/IonicSymphonicProtonicElectronics
[LOG 18:23:41.744] Load TRUECOLOR texture: Squad/Agencies/IonicSymphonicProtonicElectronics_scaled
[LOG 18:23:41.744] Load DDS texture: Squad/Agencies/JebsJunkyard
[LOG 18:23:41.744] Load TRUECOLOR texture: Squad/Agencies/JebsJunkyard_scaled
[LOG 18:23:41.745] Load DDS texture: Squad/Agencies/KerbalMotion
[LOG 18:23:41.745] Load TRUECOLOR texture: Squad/Agencies/KerbalMotion_scaled
[LOG 18:23:41.745] Load DDS texture: Squad/Agencies/KerbinWorldFirstRecordKeepingSociety
[LOG 18:23:41.745] Load TRUECOLOR texture: Squad/Agencies/KerbinWorldFirstRecordKeepingSociety_scaled
[LOG 18:23:41.746] Load DDS texture: Squad/Agencies/Kerbodyne
[LOG 18:23:41.746] Load TRUECOLOR texture: Squad/Agencies/Kerbodyne_scaled
[LOG 18:23:41.746] Load DDS texture: Squad/Agencies/Kerlington
[LOG 18:23:41.746] Load TRUECOLOR texture: Squad/Agencies/Kerlington_scaled
[LOG 18:23:41.747] Load DDS texture: Squad/Agencies/MaxoConstructionToys
[LOG 18:23:41.747] Load TRUECOLOR texture: Squad/Agencies/MaxoConstructionToys_scaled
[LOG 18:23:41.748] Load DDS texture: Squad/Agencies/MovingPartsExpertsGroup
[LOG 18:23:41.748] Load TRUECOLOR texture: Squad/Agencies/MovingPartsExpertsGroup_scaled
[LOG 18:23:41.748] Load DDS texture: Squad/Agencies/OMBDemolition
[LOG 18:23:41.748] Load TRUECOLOR texture: Squad/Agencies/OMBDemolition_scaled
[LOG 18:23:41.750] Load DDS texture: Squad/Agencies/PeriapsisCo
[LOG 18:23:41.750] Load TRUECOLOR texture: Squad/Agencies/PeriapsisCo_scaled
[LOG 18:23:41.750] Load DDS texture: Squad/Agencies/Probodobodyne
[LOG 18:23:41.750] Load TRUECOLOR texture: Squad/Agencies/Probodobodyne_scaled
[LOG 18:23:41.750] Load DDS texture: Squad/Agencies/R&D
[LOG 18:23:41.751] Load TRUECOLOR texture: Squad/Agencies/R&D_scaled
[LOG 18:23:41.751] Load DDS texture: Squad/Agencies/ReactionSystemsLtd
[LOG 18:23:41.752] Load TRUECOLOR texture: Squad/Agencies/ReactionSystemsLtd_scaled
[LOG 18:23:41.752] Load DDS texture: Squad/Agencies/Rockomax
[LOG 18:23:41.753] Load TRUECOLOR texture: Squad/Agencies/Rockomax_scaled
[LOG 18:23:41.753] Load DDS texture: Squad/Agencies/Rokea
[LOG 18:23:41.753] Load TRUECOLOR texture: Squad/Agencies/Rokea_scaled
[LOG 18:23:41.754] Load DDS texture: Squad/Agencies/SeansCannery
[LOG 18:23:41.754] Load TRUECOLOR texture: Squad/Agencies/SeansCannery_scaled
[LOG 18:23:41.755] Load DDS texture: Squad/Agencies/SteadlerEngineeringCorps
[LOG 18:23:41.755] Load TRUECOLOR texture: Squad/Agencies/SteadlerEngineeringCorps_scaled
[LOG 18:23:41.771] Load DDS texture: Squad/Agencies/StrutCo
[LOG 18:23:41.772] Load TRUECOLOR texture: Squad/Agencies/StrutCo_scaled
[LOG 18:23:41.772] Load DDS texture: Squad/Agencies/Vac-Co
[LOG 18:23:41.772] Load TRUECOLOR texture: Squad/Agencies/Vac-Co_scaled
[LOG 18:23:41.773] Load DDS texture: Squad/Agencies/WinterOwl
[LOG 18:23:41.774] Load TRUECOLOR texture: Squad/Agencies/WinterOwl_scaled
[LOG 18:23:41.774] Load DDS texture: Squad/Agencies/ZaltonicElectronics
[LOG 18:23:41.774] Load TRUECOLOR texture: Squad/Agencies/ZaltonicElectronics_scaled
[LOG 18:23:41.774] Load Cached PNG Texture: Squad/Alarms/Icons/ap
[LOG 18:23:41.775] Load Cached PNG Texture: Squad/Alarms/Icons/default
[LOG 18:23:41.775] Load Cached PNG Texture: Squad/Alarms/Icons/maneuver
[LOG 18:23:41.775] Load Cached PNG Texture: Squad/Alarms/Icons/pe
[LOG 18:23:41.775] Load Cached PNG Texture: Squad/Alarms/Icons/raw
[LOG 18:23:41.775] Load Cached PNG Texture: Squad/Alarms/Icons/soi
[LOG 18:23:41.775] Load Cached PNG Texture: Squad/Alarms/Icons/xfer
[LOG 18:23:41.775] Load DDS texture: Squad/Contracts/Icons/balloon
[LOG 18:23:41.776] Load DDS texture: Squad/Contracts/Icons/custom
[LOG 18:23:41.776] Load DDS texture: Squad/Contracts/Icons/default
[LOG 18:23:41.776] Load DDS texture: Squad/Contracts/Icons/dish
[LOG 18:23:41.776] Load DDS texture: Squad/Contracts/Icons/eva
[LOG 18:23:41.776] Load DDS texture: Squad/Contracts/Icons/gravity
[LOG 18:23:41.776] Load Cached PNG Texture: Squad/Contracts/Icons/ksc
[LOG 18:23:41.776] Load DDS texture: Squad/Contracts/Icons/launchsite
[LOG 18:23:41.776] Load DDS texture: Squad/Contracts/Icons/marker
[LOG 18:23:41.776] Load DDS texture: Squad/Contracts/Icons/pressure
[LOG 18:23:41.776] Load DDS texture: Squad/Contracts/Icons/report
[LOG 18:23:41.776] Load DDS texture: Squad/Contracts/Icons/runway
[LOG 18:23:41.776] Load DDS texture: Squad/Contracts/Icons/sample
[LOG 18:23:41.776] Load DDS texture: Squad/Contracts/Icons/seismic
[LOG 18:23:41.776] Load DDS texture: Squad/Contracts/Icons/thermometer
[LOG 18:23:41.776] Load DDS texture: Squad/Contracts/Icons/vessel
[LOG 18:23:41.776] Load Cached PNG Texture: Squad/Flags/09
[LOG 18:23:41.776] Load Cached PNG Texture: Squad/Flags/blorbs
[LOG 18:23:41.777] Load Cached PNG Texture: Squad/Flags/bullseye
[LOG 18:23:41.777] Load Cached PNG Texture: Squad/Flags/capsule
[LOG 18:23:41.777] Load Cached PNG Texture: Squad/Flags/circles
[LOG 18:23:41.777] Load Cached PNG Texture: Squad/Flags/default
[LOG 18:23:41.780] Load Cached PNG Texture: Squad/Flags/hexagon
[LOG 18:23:41.780] Load Cached PNG Texture: Squad/Flags/hexagonCircles
[LOG 18:23:41.781] Load Cached PNG Texture: Squad/Flags/kerbal1
[LOG 18:23:41.781] Load Cached PNG Texture: Squad/Flags/kerbal2
[LOG 18:23:41.781] Load Cached PNG Texture: Squad/Flags/kerbin
[LOG 18:23:41.781] Load Cached PNG Texture: Squad/Flags/kerbinmunflag
[LOG 18:23:41.782] Load Cached PNG Texture: Squad/Flags/line
[LOG 18:23:41.782] Load Cached PNG Texture: Squad/Flags/minimalistic
[LOG 18:23:41.782] Load Cached PNG Texture: Squad/Flags/orbit
[LOG 18:23:41.782] Load Cached PNG Texture: Squad/Flags/orbs
[LOG 18:23:41.783] Load Cached PNG Texture: Squad/Flags/retro
[LOG 18:23:41.783] Load Cached PNG Texture: Squad/Flags/rings
[LOG 18:23:41.783] Load Cached PNG Texture: Squad/Flags/rocketScience
[LOG 18:23:41.783] Load Cached PNG Texture: Squad/Flags/satellite
[LOG 18:23:41.784] Load Cached PNG Texture: Squad/Flags/Sentinel_Flag
[LOG 18:23:41.788] Load Cached PNG Texture: Squad/Flags/spheres
[LOG 18:23:41.788] Load Cached PNG Texture: Squad/Flags/squadLogo
[LOG 18:23:41.788] Load Cached PNG Texture: Squad/Flags/squadLogo2
[LOG 18:23:41.788] Load Cached PNG Texture: Squad/Flags/stripes
[LOG 18:23:41.789] Load Cached PNG Texture: Squad/Flags/trees
[LOG 18:23:41.789] Load Cached PNG Texture: Squad/Flags/trippy
[LOG 18:23:41.789] Load Cached PNG Texture: Squad/FlagsAgency/esa_dark_blue
[LOG 18:23:41.789] Load Cached PNG Texture: Squad/FlagsAgency/NASA
[LOG 18:23:41.789] Load Cached PNG Texture: Squad/FlagsAgency/uk_space_agency
[LOG 18:23:41.789] Load Cached PNG Texture: Squad/FlagsOrganization/B612_Foundation_flag
[LOG 18:23:41.789] Load Cached PNG Texture: Squad/FlagsOrganization/electron
[LOG 18:23:41.790] Load Cached PNG Texture: Squad/FlagsOrganization/ESA_Arianespace
[LOG 18:23:41.790] Load Cached PNG Texture: Squad/FlagsOrganization/rocketlab
[LOG 18:23:41.790] Load DDS texture: Squad/FX/DiamondBlue
[LOG 18:23:41.790] Load DDS texture: Squad/FX/FlameBlueOrange
[LOG 18:23:41.790] Load DDS texture: Squad/FX/FlamePurple
[LOG 18:23:41.790] Load DDS texture: Squad/FX/FlameRed
[LOG 18:23:41.790] Load DDS texture: Squad/FX/FlameRedOrange
[LOG 18:23:41.790] Load DDS texture: Squad/FX/Monoprop
[LOG 18:23:41.790] Load DDS texture: Squad/FX/plasma2
[LOG 18:23:41.790] Load DDS texture: Squad/FX/rocketplume2
[LOG 18:23:41.790] Load DDS texture: Squad/FX/shockDiamond2
[LOG 18:23:41.791] Load DDS texture: Squad/FX/smokepuff1
[LOG 18:23:41.791] Load DDS texture: Squad/Interiors/Administration/AdminBuilding_Lvl1
[LOG 18:23:41.795] Load DDS texture: Squad/Interiors/Administration/AdminBuilding_Lvl2
[LOG 18:23:41.799] Load DDS texture: Squad/Interiors/Administration/AdminBuilding_Lvl3
[LOG 18:23:41.811] Load DDS texture: Squad/MenuProps/MunOrBust
[LOG 18:23:41.812] Load Cached PNG Texture: Squad/Missions/Banners/Fail/default
[LOG 18:23:41.813] Load PNG texture: Squad/Missions/Banners/Menu/default
[WRN 18:23:41.816] Texture isn't eligible for DXT compression, width and height must be multiples of 4
[LOG 18:23:41.816] Load Cached PNG Texture: Squad/Missions/Banners/Success/default
[LOG 18:23:41.816] Load PNG texture: Squad/Missions/ESA-BepiColombo/Banners/Fail/ESA_MB_Fail_01
[WRN 18:23:41.820] Texture isn't eligible for DXT compression, width and height must be multiples of 4
[LOG 18:23:41.820] Load PNG texture: Squad/Missions/ESA-BepiColombo/Banners/Menu/ESA_MB_Select_01
[WRN 18:23:41.825] Texture isn't eligible for DXT compression, width and height must be multiples of 4
[LOG 18:23:41.825] Load PNG texture: Squad/Missions/ESA-BepiColombo/Banners/Success/ESA_MB_Success_01
[WRN 18:23:41.829] Texture isn't eligible for DXT compression, width and height must be multiples of 4
[LOG 18:23:41.829] Load PNG texture: Squad/Missions/ESA-BepiColombo-Short/Banners/Fail/ESA_MB_Fail_01
[WRN 18:23:41.833] Texture isn't eligible for DXT compression, width and height must be multiples of 4
[LOG 18:23:41.833] Load PNG texture: Squad/Missions/ESA-BepiColombo-Short/Banners/Menu/ESA_MB_Select_01
[WRN 18:23:41.838] Texture isn't eligible for DXT compression, width and height must be multiples of 4
[LOG 18:23:41.838] Load PNG texture: Squad/Missions/ESA-BepiColombo-Short/Banners/Success/ESA_MB_Success_01
[WRN 18:23:41.850] Texture isn't eligible for DXT compression, width and height must be multiples of 4
[LOG 18:23:41.852] Load PNG texture: Squad/Missions/ESA-Rosetta/Banners/Fail/ESA_MB_Fail_02
[WRN 18:23:41.858] Texture isn't eligible for DXT compression, width and height must be multiples of 4
[LOG 18:23:41.858] Load PNG texture: Squad/Missions/ESA-Rosetta/Banners/Menu/ESA_MB_Select_02
[WRN 18:23:41.862] Texture isn't eligible for DXT compression, width and height must be multiples of 4
[LOG 18:23:41.862] Load PNG texture: Squad/Missions/ESA-Rosetta/Banners/Success/ESA_MB_Success_02
[WRN 18:23:41.869] Texture isn't eligible for DXT compression, width and height must be multiples of 4
[LOG 18:23:41.869] Load Cached PNG Texture: Squad/PartList/SimpleIcons/ablator
[LOG 18:23:41.870] Load Cached PNG Texture: Squad/PartList/SimpleIcons/active_radiator
[LOG 18:23:41.870] Load Cached PNG Texture: Squad/PartList/SimpleIcons/asteroid_drill
[LOG 18:23:41.870] Load Cached PNG Texture: Squad/PartList/SimpleIcons/cargo_part
[LOG 18:23:41.870] Load Cached PNG Texture: Squad/PartList/SimpleIcons/comet_drill
[LOG 18:23:41.870] Load Cached PNG Texture: Squad/PartList/SimpleIcons/core_heat
[LOG 18:23:41.870] Load Cached PNG Texture: Squad/PartList/SimpleIcons/cs_main
[LOG 18:23:41.870] Load Cached PNG Texture: Squad/PartList/SimpleIcons/cs_mk2
[LOG 18:23:41.870] Load Cached PNG Texture: Squad/PartList/SimpleIcons/cs_mk3
[LOG 18:23:41.870] Load Cached PNG Texture: Squad/PartList/SimpleIcons/cs_size0
[LOG 18:23:41.870] Load Cached PNG Texture: Squad/PartList/SimpleIcons/cs_size1
[LOG 18:23:41.870] Load Cached PNG Texture: Squad/PartList/SimpleIcons/cs_size1p5
[LOG 18:23:41.871] Load Cached PNG Texture: Squad/PartList/SimpleIcons/cs_size2
[LOG 18:23:41.871] Load Cached PNG Texture: Squad/PartList/SimpleIcons/cs_size3
[LOG 18:23:41.871] Load Cached PNG Texture: Squad/PartList/SimpleIcons/cs_size4
[LOG 18:23:41.871] Load Cached PNG Texture: Squad/PartList/SimpleIcons/cs_surface
[LOG 18:23:41.871] Load Cached PNG Texture: Squad/PartList/SimpleIcons/custom_built_fairing
[LOG 18:23:41.871] Load Cached PNG Texture: Squad/PartList/SimpleIcons/deployable_antenna
[LOG 18:23:41.871] Load Cached PNG Texture: Squad/PartList/SimpleIcons/deployable_comms_part
[LOG 18:23:41.871] Load Cached PNG Texture: Squad/PartList/SimpleIcons/deployable_ground_part
[LOG 18:23:41.871] Load Cached PNG Texture: Squad/PartList/SimpleIcons/deployable_part
[LOG 18:23:41.871] Load Cached PNG Texture: Squad/PartList/SimpleIcons/deployable_radiator
[LOG 18:23:41.871] Load Cached PNG Texture: Squad/PartList/SimpleIcons/deployed_science_control_unit
[LOG 18:23:41.871] Load Cached PNG Texture: Squad/PartList/SimpleIcons/deployed_science_experiment
[LOG 18:23:41.871] Load Cached PNG Texture: Squad/PartList/SimpleIcons/deployed_science_part
[LOG 18:23:41.872] Load Cached PNG Texture: Squad/PartList/SimpleIcons/enviro_sensor
[LOG 18:23:41.872] Load Cached PNG Texture: Squad/PartList/SimpleIcons/experience_management
[LOG 18:23:41.872] Load Cached PNG Texture: Squad/PartList/SimpleIcons/fuels_monopropellant
[LOG 18:23:41.872] Load Cached PNG Texture: Squad/PartList/SimpleIcons/fuels_ore
[LOG 18:23:41.872] Load Cached PNG Texture: Squad/PartList/SimpleIcons/fuels_oxidizer
[LOG 18:23:41.872] Load Cached PNG Texture: Squad/PartList/SimpleIcons/fuels_solidfuel
[LOG 18:23:41.872] Load Cached PNG Texture: Squad/PartList/SimpleIcons/fuels_xenongas
[LOG 18:23:41.872] Load Cached PNG Texture: Squad/PartList/SimpleIcons/inventory_part
[LOG 18:23:41.872] Load Cached PNG Texture: Squad/PartList/SimpleIcons/kerbnet_access
[LOG 18:23:41.873] Load Cached PNG Texture: Squad/PartList/SimpleIcons/number1
[LOG 18:23:41.873] Load Cached PNG Texture: Squad/PartList/SimpleIcons/number2
[LOG 18:23:41.873] Load Cached PNG Texture: Squad/PartList/SimpleIcons/number3
[LOG 18:23:41.873] Load Cached PNG Texture: Squad/PartList/SimpleIcons/number4
[LOG 18:23:41.873] Load Cached PNG Texture: Squad/PartList/SimpleIcons/number5
[LOG 18:23:41.873] Load Cached PNG Texture: Squad/PartList/SimpleIcons/number6
[LOG 18:23:41.873] Load Cached PNG Texture: Squad/PartList/SimpleIcons/number7
[LOG 18:23:41.873] Load Cached PNG Texture: Squad/PartList/SimpleIcons/number8
[LOG 18:23:41.874] Load Cached PNG Texture: Squad/PartList/SimpleIcons/number9
[LOG 18:23:41.874] Load Cached PNG Texture: Squad/PartList/SimpleIcons/probe_control_unit
[LOG 18:23:41.874] Load Cached PNG Texture: Squad/PartList/SimpleIcons/R&D_node_icon_advaerodynamics
[LOG 18:23:41.874] Load Cached PNG Texture: Squad/PartList/SimpleIcons/R&D_node_icon_advancedmotors
[LOG 18:23:41.874] Load Cached PNG Texture: Squad/PartList/SimpleIcons/R&D_node_icon_advconstruction
[LOG 18:23:41.874] Load Cached PNG Texture: Squad/PartList/SimpleIcons/R&D_node_icon_advelectrics
[LOG 18:23:41.874] Load Cached PNG Texture: Squad/PartList/SimpleIcons/R&D_node_icon_advexploration
[LOG 18:23:41.875] Load Cached PNG Texture: Squad/PartList/SimpleIcons/R&D_node_icon_advflightcontrol
[LOG 18:23:41.875] Load Cached PNG Texture: Squad/PartList/SimpleIcons/R&D_node_icon_advlanding
[LOG 18:23:41.875] Load Cached PNG Texture: Squad/PartList/SimpleIcons/R&D_node_icon_advmetalworks
[LOG 18:23:41.875] Load Cached PNG Texture: Squad/PartList/SimpleIcons/R&D_node_icon_advrocketry
[LOG 18:23:41.875] Load Cached PNG Texture: Squad/PartList/SimpleIcons/R&D_node_icon_advsciencetech
[LOG 18:23:41.875] Load Cached PNG Texture: Squad/PartList/SimpleIcons/R&D_node_icon_advunmanned
[LOG 18:23:41.875] Load Cached PNG Texture: Squad/PartList/SimpleIcons/R&D_node_icon_aerodynamicsystems
[LOG 18:23:41.875] Load Cached PNG Texture: Squad/PartList/SimpleIcons/R&D_node_icon_aerospacetech
[LOG 18:23:41.876] Load Cached PNG Texture: Squad/PartList/SimpleIcons/R&D_node_icon_automation
[LOG 18:23:41.876] Load Cached PNG Texture: Squad/PartList/SimpleIcons/R&D_node_icon_basicprobes
[LOG 18:23:41.876] Load Cached PNG Texture: Squad/PartList/SimpleIcons/R&D_node_icon_basicrocketry
[LOG 18:23:41.876] Load Cached PNG Texture: Squad/PartList/SimpleIcons/R&D_node_icon_composites
[LOG 18:23:41.876] Load Cached PNG Texture: Squad/PartList/SimpleIcons/R&D_node_icon_electrics
[LOG 18:23:41.876] Load Cached PNG Texture: Squad/PartList/SimpleIcons/R&D_node_icon_electronics
[LOG 18:23:41.876] Load Cached PNG Texture: Squad/PartList/SimpleIcons/R&D_node_icon_evatech
[LOG 18:23:41.877] Load Cached PNG Texture: Squad/PartList/SimpleIcons/R&D_node_icon_experimentalaerodynamics
[LOG 18:23:41.877] Load Cached PNG Texture: Squad/PartList/SimpleIcons/R&D_node_icon_experimentalelectrics
[LOG 18:23:41.877] Load Cached PNG Texture: Squad/PartList/SimpleIcons/R&D_node_icon_experimentalmotors
[LOG 18:23:41.877] Load Cached PNG Texture: Squad/PartList/SimpleIcons/R&D_node_icon_experimentalrocketry
[LOG 18:23:41.877] Load Cached PNG Texture: Squad/PartList/SimpleIcons/R&D_node_icon_experimentalscience
[LOG 18:23:41.877] Load Cached PNG Texture: Squad/PartList/SimpleIcons/R&D_node_icon_fieldscience
[LOG 18:23:41.877] Load Cached PNG Texture: Squad/PartList/SimpleIcons/R&D_node_icon_flightcontrol
[LOG 18:23:41.877] Load Cached PNG Texture: Squad/PartList/SimpleIcons/R&D_node_icon_fuelsystems
[LOG 18:23:41.877] Load Cached PNG Texture: Squad/PartList/SimpleIcons/R&D_node_icon_generalconstruction
[LOG 18:23:41.878] Load Cached PNG Texture: Squad/PartList/SimpleIcons/R&D_node_icon_generalrocketry
[LOG 18:23:41.878] Load Cached PNG Texture: Squad/PartList/SimpleIcons/R&D_node_icon_generic
[LOG 18:23:41.878] Load Cached PNG Texture: Squad/PartList/SimpleIcons/R&D_node_icon_heavierrocketry
[LOG 18:23:41.878] Load Cached PNG Texture: Squad/PartList/SimpleIcons/R&D_node_icon_heavyaerodynamics
[LOG 18:23:41.878] Load Cached PNG Texture: Squad/PartList/SimpleIcons/R&D_node_icon_heavyrocketry
[LOG 18:23:41.878] Load Cached PNG Texture: Squad/PartList/SimpleIcons/R&D_node_icon_highaltitudeflight
[LOG 18:23:41.879] Load Cached PNG Texture: Squad/PartList/SimpleIcons/R&D_node_icon_highaltitudepropulsion
[LOG 18:23:41.879] Load Cached PNG Texture: Squad/PartList/SimpleIcons/R&D_node_icon_hypersonicflight
[LOG 18:23:41.879] Load Cached PNG Texture: Squad/PartList/SimpleIcons/R&D_node_icon_ionpropulsion
[LOG 18:23:41.879] Load Cached PNG Texture: Squad/PartList/SimpleIcons/R&D_node_icon_landing
[LOG 18:23:41.879] Load Cached PNG Texture: Squad/PartList/SimpleIcons/R&D_node_icon_largecontrol
[LOG 18:23:41.879] Load Cached PNG Texture: Squad/PartList/SimpleIcons/R&D_node_icon_largeelectrics
[LOG 18:23:41.879] Load Cached PNG Texture: Squad/PartList/SimpleIcons/R&D_node_icon_largeprobes
[LOG 18:23:41.880] Load Cached PNG Texture: Squad/PartList/SimpleIcons/R&D_node_icon_metamaterials
[LOG 18:23:41.880] Load Cached PNG Texture: Squad/PartList/SimpleIcons/R&D_node_icon_nanolathing
[LOG 18:23:41.880] Load Cached PNG Texture: Squad/PartList/SimpleIcons/R&D_node_icon_nuclearpropulsion
[LOG 18:23:41.880] Load Cached PNG Texture: Squad/PartList/SimpleIcons/R&D_node_icon_precisionengineering
[LOG 18:23:41.880] Load Cached PNG Texture: Squad/PartList/SimpleIcons/R&D_node_icon_robotics
[LOG 18:23:41.880] Load Cached PNG Texture: Squad/PartList/SimpleIcons/R&D_node_icon_sciencetech
[LOG 18:23:41.880] Load Cached PNG Texture: Squad/PartList/SimpleIcons/R&D_node_icon_specializedconstruction
[LOG 18:23:41.880] Load Cached PNG Texture: Squad/PartList/SimpleIcons/R&D_node_icon_specializedcontrol
[LOG 18:23:41.881] Load Cached PNG Texture: Squad/PartList/SimpleIcons/R&D_node_icon_specializedelectrics
[LOG 18:23:41.881] Load Cached PNG Texture: Squad/PartList/SimpleIcons/R&D_node_icon_stability
[LOG 18:23:41.881] Load Cached PNG Texture: Squad/PartList/SimpleIcons/R&D_node_icon_start
[LOG 18:23:41.881] Load Cached PNG Texture: Squad/PartList/SimpleIcons/R&D_node_icon_supersonicflight
[LOG 18:23:41.881] Load Cached PNG Texture: Squad/PartList/SimpleIcons/R&D_node_icon_survivability
[LOG 18:23:41.881] Load Cached PNG Texture: Squad/PartList/SimpleIcons/R&D_node_icon_unmannedtech
[LOG 18:23:41.881] Load Cached PNG Texture: Squad/PartList/SimpleIcons/R&D_node_icon_veryheavyrocketry
[LOG 18:23:41.881] Load Cached PNG Texture: Squad/PartList/SimpleIcons/rcsfx
[LOG 18:23:41.882] Load Cached PNG Texture: Squad/PartList/SimpleIcons/RDicon_aerospaceTech2
[LOG 18:23:41.882] Load Cached PNG Texture: Squad/PartList/SimpleIcons/RDicon_commandmodules
[LOG 18:23:41.882] Load Cached PNG Texture: Squad/PartList/SimpleIcons/RDicon_fuelSystems-advanced
[LOG 18:23:41.882] Load Cached PNG Texture: Squad/PartList/SimpleIcons/RDicon_fuelSystems-highPerformance
[LOG 18:23:41.882] Load Cached PNG Texture: Squad/PartList/SimpleIcons/RDicon_largeVolumeContainment
[LOG 18:23:41.882] Load Cached PNG Texture: Squad/PartList/SimpleIcons/RDicon_miniaturization
[LOG 18:23:41.882] Load Cached PNG Texture: Squad/PartList/SimpleIcons/RDicon_propulsion-precision
[LOG 18:23:41.882] Load Cached PNG Texture: Squad/PartList/SimpleIcons/RDicon_propulsionSystems
[LOG 18:23:41.882] Load Cached PNG Texture: Squad/PartList/SimpleIcons/RDicon_telescope
[LOG 18:23:41.882] Load Cached PNG Texture: Squad/PartList/SimpleIcons/robotic_controller
[LOG 18:23:41.882] Load Cached PNG Texture: Squad/PartList/SimpleIcons/robotic_rotation_servo
[LOG 18:23:41.882] Load Cached PNG Texture: Squad/PartList/SimpleIcons/robotic_servo_hinge
[LOG 18:23:41.883] Load Cached PNG Texture: Squad/PartList/SimpleIcons/robotic_servo_piston
[LOG 18:23:41.883] Load Cached PNG Texture: Squad/PartList/SimpleIcons/robotic_servo_rotor
[LOG 18:23:41.884] Load Cached PNG Texture: Squad/PartList/SimpleIcons/scanner_arm
[LOG 18:23:41.884] Load Cached PNG Texture: Squad/PartList/SimpleIcons/variant
[LOG 18:23:41.884] Load Cached PNG Texture: Squad/Parts/@thumbs/adapterSmallMiniShort_icon0
[LOG 18:23:41.884] Load Cached PNG Texture: Squad/Parts/@thumbs/adapterSmallMiniShort_icon1
[LOG 18:23:41.884] Load Cached PNG Texture: Squad/Parts/@thumbs/adapterSmallMiniTall_icon0
[LOG 18:23:41.885] Load Cached PNG Texture: Squad/Parts/@thumbs/adapterSmallMiniTall_icon1
[LOG 18:23:41.885] Load Cached PNG Texture: Squad/Parts/@thumbs/AdvancedCanard_icon
[LOG 18:23:41.885] Load Cached PNG Texture: Squad/Parts/@thumbs/advSasModule_icon
[LOG 18:23:41.886] Load Cached PNG Texture: Squad/Parts/@thumbs/airbrake1_icon
[LOG 18:23:41.886] Load Cached PNG Texture: Squad/Parts/@thumbs/airScoop_icon
[LOG 18:23:41.886] Load Cached PNG Texture: Squad/Parts/@thumbs/avionicsNoseCone_icon
[LOG 18:23:41.887] Load Cached PNG Texture: Squad/Parts/@thumbs/basicFin_icon
[LOG 18:23:41.887] Load Cached PNG Texture: Squad/Parts/@thumbs/batteryBankMini_icon
[LOG 18:23:41.887] Load Cached PNG Texture: Squad/Parts/@thumbs/batteryBank_icon
[LOG 18:23:41.888] Load Cached PNG Texture: Squad/Parts/@thumbs/batteryPack_icon
[LOG 18:23:41.888] Load Cached PNG Texture: Squad/Parts/@thumbs/cargoContainer_icon
[LOG 18:23:41.888] Load Cached PNG Texture: Squad/Parts/@thumbs/CargoStorageUnit_icon
[LOG 18:23:41.888] Load Cached PNG Texture: Squad/Parts/@thumbs/CircularIntake_icon
[LOG 18:23:41.889] Load Cached PNG Texture: Squad/Parts/@thumbs/commDish_icon
[LOG 18:23:41.889] Load Cached PNG Texture: Squad/Parts/@thumbs/Decoupler.0_icon0
[LOG 18:23:41.889] Load Cached PNG Texture: Squad/Parts/@thumbs/Decoupler.0_icon1
[LOG 18:23:41.889] Load Cached PNG Texture: Squad/Parts/@thumbs/Decoupler.1_icon0
[LOG 18:23:41.890] Load Cached PNG Texture: Squad/Parts/@thumbs/Decoupler.1_icon1
[LOG 18:23:41.890] Load Cached PNG Texture: Squad/Parts/@thumbs/dockingPort1_icon
[LOG 18:23:41.890] Load Cached PNG Texture: Squad/Parts/@thumbs/dockingPort2_icon
[LOG 18:23:41.890] Load Cached PNG Texture: Squad/Parts/@thumbs/dockingPort3_icon
[LOG 18:23:41.891] Load Cached PNG Texture: Squad/Parts/@thumbs/domeLight1_icon0
[LOG 18:23:41.891] Load Cached PNG Texture: Squad/Parts/@thumbs/domeLight1_icon1
[LOG 18:23:41.891] Load Cached PNG Texture: Squad/Parts/@thumbs/elevon2_icon
[LOG 18:23:41.891] Load Cached PNG Texture: Squad/Parts/@thumbs/elevon3_icon
[LOG 18:23:41.892] Load Cached PNG Texture: Squad/Parts/@thumbs/elevon5_icon
[LOG 18:23:41.892] Load Cached PNG Texture: Squad/Parts/@thumbs/evaChute_icon
[LOG 18:23:41.892] Load Cached PNG Texture: Squad/Parts/@thumbs/evaCylinder_icon
[LOG 18:23:41.892] Load Cached PNG Texture: Squad/Parts/@thumbs/evaJetpack_icon
[LOG 18:23:41.893] Load Cached PNG Texture: Squad/Parts/@thumbs/evaRepairKit_icon
[LOG 18:23:41.893] Load Cached PNG Texture: Squad/Parts/@thumbs/evaScienceKit_icon
[LOG 18:23:41.893] Load Cached PNG Texture: Squad/Parts/@thumbs/externalTankCapsule_icon0
[LOG 18:23:41.893] Load Cached PNG Texture: Squad/Parts/@thumbs/externalTankCapsule_icon1
[LOG 18:23:41.894] Load Cached PNG Texture: Squad/Parts/@thumbs/externalTankRound_icon0
[LOG 18:23:41.894] Load Cached PNG Texture: Squad/Parts/@thumbs/externalTankRound_icon1
[LOG 18:23:41.894] Load Cached PNG Texture: Squad/Parts/@thumbs/externalTankToroid_icon0
[LOG 18:23:41.895] Load Cached PNG Texture: Squad/Parts/@thumbs/externalTankToroid_icon1
[LOG 18:23:41.895] Load Cached PNG Texture: Squad/Parts/@thumbs/fireworksLauncherBig_icon
[LOG 18:23:41.895] Load Cached PNG Texture: Squad/Parts/@thumbs/fireworksLauncherSmall_icon
[LOG 18:23:41.896] Load Cached PNG Texture: Squad/Parts/@thumbs/foldingRadMed_icon
[LOG 18:23:41.896] Load Cached PNG Texture: Squad/Parts/@thumbs/foldingRadSmall_icon
[LOG 18:23:41.896] Load Cached PNG Texture: Squad/Parts/@thumbs/FuelCellArray_icon
[LOG 18:23:41.896] Load Cached PNG Texture: Squad/Parts/@thumbs/FuelCell_icon
[LOG 18:23:41.897] Load Cached PNG Texture: Squad/Parts/@thumbs/fuelTank.long_icon0
[LOG 18:23:41.897] Load Cached PNG Texture: Squad/Parts/@thumbs/fuelTankSmallFlat_icon0
[LOG 18:23:41.897] Load Cached PNG Texture: Squad/Parts/@thumbs/fuelTankSmallFlat_icon1
[LOG 18:23:41.897] Load Cached PNG Texture: Squad/Parts/@thumbs/fuelTankSmallFlat_icon2
[LOG 18:23:41.897] Load Cached PNG Texture: Squad/Parts/@thumbs/fuelTankSmallFlat_icon3
[LOG 18:23:41.898] Load Cached PNG Texture: Squad/Parts/@thumbs/fuelTankSmall_icon0
[LOG 18:23:41.898] Load Cached PNG Texture: Squad/Parts/@thumbs/fuelTankSmall_icon1
[LOG 18:23:41.898] Load Cached PNG Texture: Squad/Parts/@thumbs/fuelTankSmall_icon2
[LOG 18:23:41.899] Load Cached PNG Texture: Squad/Parts/@thumbs/fuelTankSmall_icon3
[LOG 18:23:41.899] Load Cached PNG Texture: Squad/Parts/@thumbs/fuelTank_icon0
[LOG 18:23:41.899] Load Cached PNG Texture: Squad/Parts/@thumbs/GearFixed_icon
[LOG 18:23:41.899] Load Cached PNG Texture: Squad/Parts/@thumbs/GearFree_icon
[LOG 18:23:41.899] Load Cached PNG Texture: Squad/Parts/@thumbs/GearSmall_icon
[LOG 18:23:41.899] Load Cached PNG Texture: Squad/Parts/@thumbs/GooExperiment_icon
[LOG 18:23:41.900] Load Cached PNG Texture: Squad/Parts/@thumbs/groundAnchor_icon
[LOG 18:23:41.900] Load Cached PNG Texture: Squad/Parts/@thumbs/groundLight1_icon
[LOG 18:23:41.900] Load Cached PNG Texture: Squad/Parts/@thumbs/groundLight2_icon
[LOG 18:23:41.901] Load Cached PNG Texture: Squad/Parts/@thumbs/HeatShield0_icon
[LOG 18:23:41.901] Load Cached PNG Texture: Squad/Parts/@thumbs/HeatShield1_icon
[LOG 18:23:41.901] Load Cached PNG Texture: Squad/Parts/@thumbs/HECS2.ProbeCore_icon
[LOG 18:23:41.901] Load Cached PNG Texture: Squad/Parts/@thumbs/HighGainAntenna5.v2_icon
[LOG 18:23:41.901] Load Cached PNG Texture: Squad/Parts/@thumbs/HighGainAntenna5_icon
[LOG 18:23:41.902] Load Cached PNG Texture: Squad/Parts/@thumbs/HighGainAntenna_icon
[LOG 18:23:41.902] Load Cached PNG Texture: Squad/Parts/@thumbs/IntakeRadialLong_icon
[LOG 18:23:41.902] Load Cached PNG Texture: Squad/Parts/@thumbs/ionEngine_icon
[LOG 18:23:41.902] Load Cached PNG Texture: Squad/Parts/@thumbs/ksp.r.largeBatteryPack_icon
[LOG 18:23:41.903] Load Cached PNG Texture: Squad/Parts/@thumbs/ladder1_icon
[LOG 18:23:41.903] Load Cached PNG Texture: Squad/Parts/@thumbs/landingLeg1-2_icon
[LOG 18:23:41.903] Load Cached PNG Texture: Squad/Parts/@thumbs/landingLeg1_icon
[LOG 18:23:41.903] Load Cached PNG Texture: Squad/Parts/@thumbs/LgRadialSolarPanel_icon
[LOG 18:23:41.904] Load Cached PNG Texture: Squad/Parts/@thumbs/linearRcs_icon
[LOG 18:23:41.904] Load Cached PNG Texture: Squad/Parts/@thumbs/liquidEngine2.v2_icon0
[LOG 18:23:41.904] Load Cached PNG Texture: Squad/Parts/@thumbs/liquidEngine3.v2_icon0
[LOG 18:23:41.904] Load Cached PNG Texture: Squad/Parts/@thumbs/liquidEngine3.v2_icon1
[LOG 18:23:41.905] Load Cached PNG Texture: Squad/Parts/@thumbs/liquidEngine3.v2_icon2
[LOG 18:23:41.905] Load Cached PNG Texture: Squad/Parts/@thumbs/liquidEngineMini.v2_icon0
[LOG 18:23:41.905] Load Cached PNG Texture: Squad/Parts/@thumbs/liquidEngineMini.v2_icon1
[LOG 18:23:41.906] Load Cached PNG Texture: Squad/Parts/@thumbs/liquidEngineMini.v2_icon2
[LOG 18:23:41.906] Load Cached PNG Texture: Squad/Parts/@thumbs/longAntenna_icon
[LOG 18:23:41.906] Load Cached PNG Texture: Squad/Parts/@thumbs/Magnetometer_icon
[LOG 18:23:41.906] Load Cached PNG Texture: Squad/Parts/@thumbs/mediumDishAntenna_icon
[LOG 18:23:41.906] Load Cached PNG Texture: Squad/Parts/@thumbs/microEngine.v2_icon0
[LOG 18:23:41.906] Load Cached PNG Texture: Squad/Parts/@thumbs/microEngine.v2_icon1
[LOG 18:23:41.907] Load Cached PNG Texture: Squad/Parts/@thumbs/MiniDrill_icon
[LOG 18:23:41.907] Load Cached PNG Texture: Squad/Parts/@thumbs/miniFuelTank_icon
[LOG 18:23:41.907] Load Cached PNG Texture: Squad/Parts/@thumbs/miniFuselage_icon
[LOG 18:23:41.907] Load Cached PNG Texture: Squad/Parts/@thumbs/miniIntake_icon
[LOG 18:23:41.908] Load Cached PNG Texture: Squad/Parts/@thumbs/miniJetEngine_icon
[LOG 18:23:41.908] Load Cached PNG Texture: Squad/Parts/@thumbs/miniLandingLeg_icon
[LOG 18:23:41.908] Load Cached PNG Texture: Squad/Parts/@thumbs/Mite_icon
[LOG 18:23:41.908] Load Cached PNG Texture: Squad/Parts/@thumbs/mk1pod.v2_icon0
[LOG 18:23:41.908] Load Cached PNG Texture: Squad/Parts/@thumbs/mk2DroneCore_icon
[LOG 18:23:41.908] Load Cached PNG Texture: Squad/Parts/@thumbs/mk2LanderCabin.v2_icon1
[LOG 18:23:41.908] Load Cached PNG Texture: Squad/Parts/@thumbs/MpoProbe_icon
[LOG 18:23:41.909] Load Cached PNG Texture: Squad/Parts/@thumbs/navLight1_icon0
[LOG 18:23:41.909] Load Cached PNG Texture: Squad/Parts/@thumbs/navLight1_icon1
[LOG 18:23:41.910] Load Cached PNG Texture: Squad/Parts/@thumbs/noseCone_icon0
[LOG 18:23:41.912] Load Cached PNG Texture: Squad/Parts/@thumbs/noseCone_icon1
[LOG 18:23:41.915] Load Cached PNG Texture: Squad/Parts/@thumbs/noseCone_icon2
[LOG 18:23:41.916] Load Cached PNG Texture: Squad/Parts/@thumbs/omsEngine_icon
[LOG 18:23:41.920] Load Cached PNG Texture: Squad/Parts/@thumbs/OrbitalScanner_icon
[LOG 18:23:41.921] Load Cached PNG Texture: Squad/Parts/@thumbs/parachuteDrogue_icon
[LOG 18:23:41.922] Load Cached PNG Texture: Squad/Parts/@thumbs/parachuteLarge_icon
[LOG 18:23:41.922] Load Cached PNG Texture: Squad/Parts/@thumbs/parachuteRadial_icon
[LOG 18:23:41.922] Load Cached PNG Texture: Squad/Parts/@thumbs/parachuteSingle_icon
[LOG 18:23:41.923] Load Cached PNG Texture: Squad/Parts/@thumbs/probeCoreCube_icon
[LOG 18:23:41.923] Load Cached PNG Texture: Squad/Parts/@thumbs/probeCoreHex.v2_icon
[LOG 18:23:41.928] Load Cached PNG Texture: Squad/Parts/@thumbs/probeCoreOcto.v2_icon
[LOG 18:23:41.929] Load Cached PNG Texture: Squad/Parts/@thumbs/probeCoreOcto2.v2_icon
[LOG 18:23:41.929] Load Cached PNG Texture: Squad/Parts/@thumbs/probeCoreSphere.v2_icon
[LOG 18:23:41.935] Load Cached PNG Texture: Squad/Parts/@thumbs/probeStackLarge_icon
[LOG 18:23:41.935] Load Cached PNG Texture: Squad/Parts/@thumbs/probeStackSmall_icon
[LOG 18:23:41.940] Load Cached PNG Texture: Squad/Parts/@thumbs/R8winglet_icon
[LOG 18:23:41.940] Load Cached PNG Texture: Squad/Parts/@thumbs/radialDecoupler1-2_icon
[LOG 18:23:41.945] Load Cached PNG Texture: Squad/Parts/@thumbs/radialDecoupler2_icon
[LOG 18:23:41.946] Load Cached PNG Texture: Squad/Parts/@thumbs/radialDecoupler_icon
[LOG 18:23:41.946] Load Cached PNG Texture: Squad/Parts/@thumbs/radialDrogue_icon
[LOG 18:23:41.950] Load Cached PNG Texture: Squad/Parts/@thumbs/radialEngineMini.v2_icon0
[LOG 18:23:41.954] Load Cached PNG Texture: Squad/Parts/@thumbs/radialEngineMini.v2_icon1
[LOG 18:23:41.954] Load Cached PNG Texture: Squad/Parts/@thumbs/radialLiquidEngine1-2_icon
[LOG 18:23:41.955] Load Cached PNG Texture: Squad/Parts/@thumbs/RadialOreTank_icon
[LOG 18:23:41.955] Load Cached PNG Texture: Squad/Parts/@thumbs/radialRCSTank_icon
[LOG 18:23:41.956] Load Cached PNG Texture: Squad/Parts/@thumbs/radPanelEdge_icon
[LOG 18:23:41.960] Load Cached PNG Texture: Squad/Parts/@thumbs/radPanelLg_icon
[LOG 18:23:41.960] Load Cached PNG Texture: Squad/Parts/@thumbs/radPanelSm_icon
[LOG 18:23:41.965] Load Cached PNG Texture: Squad/Parts/@thumbs/RCSblock.01.small_icon0
[LOG 18:23:41.965] Load Cached PNG Texture: Squad/Parts/@thumbs/RCSblock.01.small_icon1
[LOG 18:23:41.968] Load Cached PNG Texture: Squad/Parts/@thumbs/RCSblock.01.small_icon2
[LOG 18:23:41.968] Load Cached PNG Texture: Squad/Parts/@thumbs/RCSblock.01.small_icon3
[LOG 18:23:41.968] Load Cached PNG Texture: Squad/Parts/@thumbs/RCSblock.01.small_icon4
[LOG 18:23:41.971] Load Cached PNG Texture: Squad/Parts/@thumbs/RCSBlock.v2_icon
[LOG 18:23:41.972] Load Cached PNG Texture: Squad/Parts/@thumbs/RCSBlock.v2_icon0
[LOG 18:23:41.972] Load Cached PNG Texture: Squad/Parts/@thumbs/RCSBlock.v2_icon1
[LOG 18:23:41.972] Load Cached PNG Texture: Squad/Parts/@thumbs/RCSBlock.v2_icon2
[LOG 18:23:41.973] Load Cached PNG Texture: Squad/Parts/@thumbs/RCSBlock.v2_icon3
[LOG 18:23:41.973] Load Cached PNG Texture: Squad/Parts/@thumbs/RCSBlock.v2_icon4
[LOG 18:23:41.975] Load Cached PNG Texture: Squad/Parts/@thumbs/RCSFuelTank_icon
[LOG 18:23:41.975] Load Cached PNG Texture: Squad/Parts/@thumbs/RCSLinearSmall_icon
[LOG 18:23:41.975] Load Cached PNG Texture: Squad/Parts/@thumbs/rcsTankMini_icon
[LOG 18:23:41.976] Load Cached PNG Texture: Squad/Parts/@thumbs/RelayAntenna5_icon
[LOG 18:23:41.978] Load Cached PNG Texture: Squad/Parts/@thumbs/ReleaseValve_icon
[LOG 18:23:41.978] Load Cached PNG Texture: Squad/Parts/@thumbs/roverBody.v2_icon0
[LOG 18:23:41.981] Load Cached PNG Texture: Squad/Parts/@thumbs/roverBody.v2_icon1
[LOG 18:23:41.982] Load Cached PNG Texture: Squad/Parts/@thumbs/roverBody.v2_icon2
[LOG 18:23:41.982] Load Cached PNG Texture: Squad/Parts/@thumbs/roverWheel1_icon
[LOG 18:23:41.982] Load Cached PNG Texture: Squad/Parts/@thumbs/roverWheel2_icon
[LOG 18:23:41.985] Load Cached PNG Texture: Squad/Parts/@thumbs/rtg_icon
[LOG 18:23:41.985] Load Cached PNG Texture: Squad/Parts/@thumbs/sasModule_icon
[LOG 18:23:41.990] Load Cached PNG Texture: Squad/Parts/@thumbs/science.module_icon
[LOG 18:23:41.991] Load Cached PNG Texture: Squad/Parts/@thumbs/ScienceBox_icon
[LOG 18:23:41.991] Load Cached PNG Texture: Squad/Parts/@thumbs/seatExternalCmd_icon
[LOG 18:23:41.991] Load Cached PNG Texture: Squad/Parts/@thumbs/sensorAccelerometer_icon
[LOG 18:23:41.992] Load Cached PNG Texture: Squad/Parts/@thumbs/sensorAtmosphere_icon
[LOG 18:23:41.992] Load Cached PNG Texture: Squad/Parts/@thumbs/sensorBarometer_icon
[LOG 18:23:41.993] Load Cached PNG Texture: Squad/Parts/@thumbs/sensorGravimeter_icon
[LOG 18:23:41.998] Load Cached PNG Texture: Squad/Parts/@thumbs/sensorThermometer_icon
[LOG 18:23:42.003] Load Cached PNG Texture: Squad/Parts/@thumbs/Separator.0_icon0
[LOG 18:23:42.006] Load Cached PNG Texture: Squad/Parts/@thumbs/Separator.0_icon1
[LOG 18:23:42.006] Load Cached PNG Texture: Squad/Parts/@thumbs/Separator.1_icon0
[LOG 18:23:42.007] Load Cached PNG Texture: Squad/Parts/@thumbs/Separator.1_icon1
[LOG 18:23:42.007] Load Cached PNG Texture: Squad/Parts/@thumbs/sepMotor1_icon
[LOG 18:23:42.008] Load Cached PNG Texture: Squad/Parts/@thumbs/ServiceBay.125.v2_icon
[LOG 18:23:42.017] Load Cached PNG Texture: Squad/Parts/@thumbs/shockConeIntake_icon
[LOG 18:23:42.018] Load Cached PNG Texture: Squad/Parts/@thumbs/Shrimp_icon
[LOG 18:23:42.019] Load Cached PNG Texture: Squad/Parts/@thumbs/smallCargoContainer_icon
[LOG 18:23:42.024] Load Cached PNG Texture: Squad/Parts/@thumbs/smallClaw_icon0
[LOG 18:23:42.031] Load Cached PNG Texture: Squad/Parts/@thumbs/smallClaw_icon1
[LOG 18:23:42.031] Load Cached PNG Texture: Squad/Parts/@thumbs/smallCtrlSrf_icon
[LOG 18:23:42.032] Load Cached PNG Texture: Squad/Parts/@thumbs/SmallGearBay_icon
[LOG 18:23:42.032] Load Cached PNG Texture: Squad/Parts/@thumbs/smallHardpoint_icon
[LOG 18:23:42.032] Load Cached PNG Texture: Squad/Parts/@thumbs/smallRadialEngine.v2_icon0
[LOG 18:23:42.033] Load Cached PNG Texture: Squad/Parts/@thumbs/smallRadialEngine.v2_icon1
[LOG 18:23:42.033] Load Cached PNG Texture: Squad/Parts/@thumbs/solarPanelOX10C_icon
[LOG 18:23:42.034] Load Cached PNG Texture: Squad/Parts/@thumbs/solarPanelOX10L_icon
[LOG 18:23:42.034] Load Cached PNG Texture: Squad/Parts/@thumbs/solarPanels1_icon
[LOG 18:23:42.035] Load Cached PNG Texture: Squad/Parts/@thumbs/solarPanels2_icon
[LOG 18:23:42.035] Load Cached PNG Texture: Squad/Parts/@thumbs/solarPanels3_icon
[LOG 18:23:42.035] Load Cached PNG Texture: Squad/Parts/@thumbs/solarPanels4_icon
[LOG 18:23:42.041] Load Cached PNG Texture: Squad/Parts/@thumbs/solarPanels5_icon
[LOG 18:23:42.041] Load Cached PNG Texture: Squad/Parts/@thumbs/solarPanelSP10C_icon
[LOG 18:23:42.041] Load Cached PNG Texture: Squad/Parts/@thumbs/solarPanelSP10L_icon
[LOG 18:23:42.050] Load Cached PNG Texture: Squad/Parts/@thumbs/solidBooster.sm.v2_icon0
[LOG 18:23:42.050] Load Cached PNG Texture: Squad/Parts/@thumbs/solidBooster.v2_icon0
[LOG 18:23:42.051] Load Cached PNG Texture: Squad/Parts/@thumbs/spotLight1_icon
[LOG 18:23:42.055] Load Cached PNG Texture: Squad/Parts/@thumbs/spotLight2_icon
[LOG 18:23:42.055] Load Cached PNG Texture: Squad/Parts/@thumbs/spotLight3_icon0
[LOG 18:23:42.056] Load Cached PNG Texture: Squad/Parts/@thumbs/spotLight3_icon1
[LOG 18:23:42.058] Load Cached PNG Texture: Squad/Parts/@thumbs/stackPoint1_icon
[LOG 18:23:42.059] Load Cached PNG Texture: Squad/Parts/@thumbs/StandardCtrlSrf_icon
[LOG 18:23:42.059] Load Cached PNG Texture: Squad/Parts/@thumbs/standardNoseCone_icon
[LOG 18:23:42.059] Load Cached PNG Texture: Squad/Parts/@thumbs/stripLight1_icon0
[LOG 18:23:42.059] Load Cached PNG Texture: Squad/Parts/@thumbs/stripLight1_icon1
[LOG 18:23:42.064] Load Cached PNG Texture: Squad/Parts/@thumbs/structuralIBeam1_icon
[LOG 18:23:42.064] Load Cached PNG Texture: Squad/Parts/@thumbs/structuralIBeam3_icon
[LOG 18:23:42.068] Load Cached PNG Texture: Squad/Parts/@thumbs/structuralMiniNode_icon
[LOG 18:23:42.068] Load Cached PNG Texture: Squad/Parts/@thumbs/structuralPanel1_icon
[LOG 18:23:42.068] Load Cached PNG Texture: Squad/Parts/@thumbs/structuralPanel2_icon
[LOG 18:23:42.069] Load Cached PNG Texture: Squad/Parts/@thumbs/structuralWing4_icon
[LOG 18:23:42.069] Load Cached PNG Texture: Squad/Parts/@thumbs/strutCube_icon
[LOG 18:23:42.070] Load Cached PNG Texture: Squad/Parts/@thumbs/strutOcto_icon
[LOG 18:23:42.070] Load Cached PNG Texture: Squad/Parts/@thumbs/SurfaceScanner_icon
[LOG 18:23:42.071] Load Cached PNG Texture: Squad/Parts/@thumbs/SurfAntenna_icon
[LOG 18:23:42.071] Load Cached PNG Texture: Squad/Parts/@thumbs/telescopicLadderBay_icon
[LOG 18:23:42.072] Load Cached PNG Texture: Squad/Parts/@thumbs/telescopicLadder_icon
[LOG 18:23:42.072] Load Cached PNG Texture: Squad/Parts/@thumbs/toroidalAerospike_icon
[LOG 18:23:42.073] Load Cached PNG Texture: Squad/Parts/@thumbs/trussAdapter_icon
[LOG 18:23:42.073] Load Cached PNG Texture: Squad/Parts/@thumbs/trussPiece1x_icon
[LOG 18:23:42.074] Load Cached PNG Texture: Squad/Parts/@thumbs/trussPiece3x_icon
[LOG 18:23:42.074] Load Cached PNG Texture: Squad/Parts/@thumbs/vernierEngine_icon
[LOG 18:23:42.075] Load Cached PNG Texture: Squad/Parts/@thumbs/wheelMed_icon
[LOG 18:23:42.075] Load Cached PNG Texture: Squad/Parts/@thumbs/wingConnector4_icon
[LOG 18:23:42.078] Load Cached PNG Texture: Squad/Parts/@thumbs/wingConnector5_icon
[LOG 18:23:42.078] Load Cached PNG Texture: Squad/Parts/@thumbs/winglet3_icon
[LOG 18:23:42.078] Load Cached PNG Texture: Squad/Parts/@thumbs/winglet_icon
[LOG 18:23:42.079] Load Cached PNG Texture: Squad/Parts/@thumbs/wingShuttleElevon1_icon
[LOG 18:23:42.079] Load Cached PNG Texture: Squad/Parts/@thumbs/xenonTankLarge_icon
[LOG 18:23:42.080] Load Cached PNG Texture: Squad/Parts/@thumbs/xenonTankRadial_icon
[LOG 18:23:42.080] Load Cached PNG Texture: Squad/Parts/@thumbs/xenonTank_icon
[LOG 18:23:42.080] Load DDS texture: Squad/Parts/Aero/aerodynamicNoseCone/Rockomax_Adapters_diffuse
[LOG 18:23:42.080] Load DDS texture: Squad/Parts/Aero/aerodynamicNoseCone/Rockomax_Adapters_normal
[LOG 18:23:42.081] Load DDS texture: Squad/Parts/Aero/airbrake/airbrake
[LOG 18:23:42.081] Load DDS texture: Squad/Parts/Aero/airIntakeRadialXM-G50/RadialIntake
[LOG 18:23:42.083] Load DDS texture: Squad/Parts/Aero/airlinerWings/AirlinerWings
[LOG 18:23:42.089] Load DDS texture: Squad/Parts/Aero/airplaneFins/AirplaneFins
[LOG 18:23:42.098] Load DDS texture: Squad/Parts/Aero/basicFin/BasicFin
[LOG 18:23:42.099] Load DDS texture: Squad/Parts/Aero/circularIntake/CircluarIntakes
[LOG 18:23:42.099] Load DDS texture: Squad/Parts/Aero/circularIntake/CircluarIntakes_Heat
[LOG 18:23:42.105] Load DDS texture: Squad/Parts/Aero/cones/Assets/Cones
[LOG 18:23:42.105] Load DDS texture: Squad/Parts/Aero/cones/Assets/ConesDiffuse
[LOG 18:23:42.105] Load DDS texture: Squad/Parts/Aero/cones/Assets/ConesDiffuse_Orange
[LOG 18:23:42.107] Load DDS texture: Squad/Parts/Aero/cones/Assets/ConesDiffuse_White
[LOG 18:23:42.108] Load DDS texture: Squad/Parts/Aero/cones/Assets/ConesHeat
[LOG 18:23:42.110] Load DDS texture: Squad/Parts/Aero/cones/Assets/ConesHeat_Orange
[LOG 18:23:42.111] Load DDS texture: Squad/Parts/Aero/cones/Assets/ConesHeat_White
[LOG 18:23:42.113] Load DDS texture: Squad/Parts/Aero/cones/Assets/Cones_Heat
[LOG 18:23:42.113] Load Cached PNG Texture: Squad/Parts/Aero/cones/Assets/rocketNoseCones_O
[LOG 18:23:42.119] Load Cached PNG Texture: Squad/Parts/Aero/cones/Assets/rocketNoseCones_O_Normal
[LOG 18:23:42.120] Load DDS texture: Squad/Parts/Aero/cones/Assets/rocketNoseCones_W
[LOG 18:23:42.128] Load DDS texture: Squad/Parts/Aero/cones/Assets/Rockomax_Adapters_diffuse
[LOG 18:23:42.128] Load DDS texture: Squad/Parts/Aero/cones/Assets/Rockomax_Adapters_normal
[LOG 18:23:42.128] Load DDS texture: Squad/Parts/Aero/fairings/AutoTruss
[LOG 18:23:42.129] Load DDS texture: Squad/Parts/Aero/fairings/FairingBase
[LOG 18:23:42.129] Load DDS texture: Squad/Parts/Aero/fairings/FairingBaseNormals
[LOG 18:23:42.129] Load DDS texture: Squad/Parts/Aero/fairings/FairingBaseNormals_bw
[LOG 18:23:42.130] Load DDS texture: Squad/Parts/Aero/fairings/FairingBaseNormals_goldSilver
[LOG 18:23:42.130] Load DDS texture: Squad/Parts/Aero/fairings/FairingBaseNormals_orange
[LOG 18:23:42.130] Load Cached PNG Texture: Squad/Parts/Aero/fairings/FairingBase_black
[LOG 18:23:42.132] Load DDS texture: Squad/Parts/Aero/fairings/FairingBase_bw
[LOG 18:23:42.138] Load DDS texture: Squad/Parts/Aero/fairings/FairingBase_goldDiffuse
[LOG 18:23:42.138] Load DDS texture: Squad/Parts/Aero/fairings/FairingBase_goldSpecular
[LOG 18:23:42.139] Load DDS texture: Squad/Parts/Aero/fairings/FairingBase_orange
[LOG 18:23:42.139] Load DDS texture: Squad/Parts/Aero/fairings/FairingBase_silverDiffuse
[LOG 18:23:42.140] Load DDS texture: Squad/Parts/Aero/fairings/FairingBase_silverSpecular
[LOG 18:23:42.140] Load DDS texture: Squad/Parts/Aero/fairings/fairingsCap
[LOG 18:23:42.141] Load DDS texture: Squad/Parts/Aero/fairings/FairingsMat_silverSpecular
[LOG 18:23:42.143] Load DDS texture: Squad/Parts/Aero/fairings/fairings_diff
[LOG 18:23:42.145] Load DDS texture: Squad/Parts/Aero/fairings/fairings_diff_grey
[LOG 18:23:42.147] Load DDS texture: Squad/Parts/Aero/fairings/fairings_diff_orange
[LOG 18:23:42.149] Load DDS texture: Squad/Parts/Aero/fairings/fairings_grey_normals
[LOG 18:23:42.150] Load DDS texture: Squad/Parts/Aero/fairings/fairings_normals
[LOG 18:23:42.152] Load DDS texture: Squad/Parts/Aero/fairings/fairings_normals_silver
[LOG 18:23:42.184] Load DDS texture: Squad/Parts/Aero/fairings/fairings_orange_normals
[LOG 18:23:42.195] Load DDS texture: Squad/Parts/Aero/fairings/fairings_silverDiffuse
[LOG 18:23:42.197] Load DDS texture: Squad/Parts/Aero/HeatShield/Fairing
[LOG 18:23:42.197] Load DDS texture: Squad/Parts/Aero/HeatShield/heatshield
[LOG 18:23:42.197] Load DDS texture: Squad/Parts/Aero/InflatableHeatShield/HeatShield
[LOG 18:23:42.198] Load DDS texture: Squad/Parts/Aero/InflatableHeatShield/HeatShieldFairing
[LOG 18:23:42.198] Load DDS texture: Squad/Parts/Aero/InflatableHeatShield/HeatShield_NRM
[LOG 18:23:42.200] Load DDS texture: Squad/Parts/Aero/intakeRadialLong/Radial_long
[LOG 18:23:42.200] Load DDS texture: Squad/Parts/Aero/miniIntake/SmallIntake
[LOG 18:23:42.200] Load DDS texture: Squad/Parts/Aero/ramAirIntake/RampIntake
[LOG 18:23:42.200] Load DDS texture: Squad/Parts/Aero/ramAirIntake/RampIntake_Heat
[LOG 18:23:42.201] Load DDS texture: Squad/Parts/Aero/shuttleWings/ShuttleWings
[LOG 18:23:42.210] Load DDS texture: Squad/Parts/Aero/wingletAV-R8/model000
[LOG 18:23:42.215] Load DDS texture: Squad/Parts/Aero/wingletAV-R8/model001
[LOG 18:23:42.218] Load DDS texture: Squad/Parts/Aero/wingletAV-T1/model000
[LOG 18:23:42.218] Load DDS texture: Squad/Parts/Aero/wingletAV-T1/model001
[LOG 18:23:42.218] Load DDS texture: Squad/Parts/Aero/wingletDeltaDeluxe/model000
[LOG 18:23:42.219] Load DDS texture: Squad/Parts/Aero/wings/Wings
[LOG 18:23:42.220] Load DDS texture: Squad/Parts/Cargo/CargoContainers/cargoContainer_diff
[LOG 18:23:42.221] Load DDS texture: Squad/Parts/Cargo/CargoContainers/smallCargoContainer_diffuse
[LOG 18:23:42.221] Load DDS texture: Squad/Parts/Cargo/CargoContainers/smallCargoContainer_nrm
[LOG 18:23:42.221] Load DDS texture: Squad/Parts/Cargo/CargoContainers/smallCargoContainer_specular
[LOG 18:23:42.222] Load DDS texture: Squad/Parts/Cargo/Cylinder/EVAcylinder_diffuse
[LOG 18:23:42.222] Load DDS texture: Squad/Parts/Cargo/Cylinder/EVAcylinder_nrm
[LOG 18:23:42.223] Load DDS texture: Squad/Parts/Cargo/GroundAnchor/groundAnchor_diffuse
[LOG 18:23:42.223] Load DDS texture: Squad/Parts/Cargo/GroundAnchor/groundAnchor_nrm
[LOG 18:23:42.223] Load DDS texture: Squad/Parts/Cargo/Jetpack/EVAjetpack
[LOG 18:23:42.226] Load DDS texture: Squad/Parts/Cargo/Jetpack/EVAjetpackEmmisive
[LOG 18:23:42.226] Load DDS texture: Squad/Parts/Cargo/Jetpack/EVAjetpackNRM
[LOG 18:23:42.227] Load DDS texture: Squad/Parts/Cargo/Parachute/backpack_Diff
[LOG 18:23:42.234] Load DDS texture: Squad/Parts/Cargo/Parachute/backpack_NM
[LOG 18:23:42.246] Load DDS texture: Squad/Parts/Cargo/RepairKit/RepairKit_Diffuse
[LOG 18:23:42.247] Load DDS texture: Squad/Parts/Cargo/RepairKit/RepairKit_Normal
[LOG 18:23:42.249] Load DDS texture: Squad/Parts/Cargo/ScienceKit/ExperimentKit_Material_Diffuse
[LOG 18:23:42.251] Load DDS texture: Squad/Parts/Cargo/ScienceKit/ExperimentKit_Material_Emissive
[LOG 18:23:42.252] Load DDS texture: Squad/Parts/Cargo/ScienceKit/ExperimentKit_Material_Normal
[LOG 18:23:42.253] Load DDS texture: Squad/Parts/Cargo/StorageUnits/Assets/Cargo_Material_Diffuse
[LOG 18:23:42.259] Load DDS texture: Squad/Parts/Cargo/StorageUnits/Assets/Cargo_Material_Normal
[LOG 18:23:42.266] Load DDS texture: Squad/Parts/Command/advancedSasModuleLarge/model000
[LOG 18:23:42.267] Load DDS texture: Squad/Parts/Command/advancedSasModuleLarge/model001
[LOG 18:23:42.268] Load DDS texture: Squad/Parts/Command/cupola/cupola_Emissive
[LOG 18:23:42.268] Load DDS texture: Squad/Parts/Command/cupola/ksp_l_cupola_diff
[LOG 18:23:42.269] Load DDS texture: Squad/Parts/Command/cupola/ksp_l_cupola_normal
[LOG 18:23:42.276] Load DDS texture: Squad/Parts/Command/cupola/window
[LOG 18:23:42.276] Load DDS texture: Squad/Parts/Command/externalCommandSeat/model000
[LOG 18:23:42.277] Load DDS texture: Squad/Parts/Command/hitchhikerStorageContainer/cabin
[LOG 18:23:42.280] Load DDS texture: Squad/Parts/Command/hitchhikerStorageContainer/cabin_Illum
[LOG 18:23:42.280] Load DDS texture: Squad/Parts/Command/hitchhikerStorageContainer/cabin_n
[LOG 18:23:42.286] Load DDS texture: Squad/Parts/Command/hitchhikerStorageContainer/window
[LOG 18:23:42.286] Load DDS texture: Squad/Parts/Command/inlineAdvancedStabilizer/model000
[LOG 18:23:42.287] Load DDS texture: Squad/Parts/Command/inlineAdvancedStabilizer/model001
[LOG 18:23:42.287] Load DDS texture: Squad/Parts/Command/inlineReactionWheel/model000
[LOG 18:23:42.287] Load DDS texture: Squad/Parts/Command/inlineReactionWheel/model001
[LOG 18:23:42.287] Load DDS texture: Squad/Parts/Command/inlineReactionWheel/model002
[LOG 18:23:42.287] Load DDS texture: Squad/Parts/Command/Mk1-2Pod/mk 1-2 external shell Variant-Hatch
[LOG 18:23:42.288] Load DDS texture: Squad/Parts/Command/Mk1-3Pod/M1-3 Pod
[LOG 18:23:42.289] Load DDS texture: Squad/Parts/Command/Mk1-3Pod/M1-3 Pod_GLOW
[LOG 18:23:42.289] Load DDS texture: Squad/Parts/Command/mk1Cockpits/GLOW
[LOG 18:23:42.291] Load DDS texture: Squad/Parts/Command/mk1Cockpits/Mk1Cockpit
[LOG 18:23:42.292] Load DDS texture: Squad/Parts/Command/mk1LanderCan/ksp_s_landerCan_diff
[LOG 18:23:42.292] Load DDS texture: Squad/Parts/Command/mk1LanderCan/ksp_s_landerCan_normal
[LOG 18:23:42.293] Load DDS texture: Squad/Parts/Command/mk1LanderCan/ksp_s_landerCan_psd_illum
[LOG 18:23:42.293] Load DDS texture: Squad/Parts/Command/mk1pod/outer shell
[LOG 18:23:42.293] Load DDS texture: Squad/Parts/Command/mk1pod_v2/Mk1_v2
[LOG 18:23:42.295] Load DDS texture: Squad/Parts/Command/mk1pod_v2/Mk1_v2_GLOW
[LOG 18:23:42.299] Load DDS texture: Squad/Parts/Command/mk1pod_v2/Mk1_v2_GW
[LOG 18:23:42.300] Load DDS texture: Squad/Parts/Command/mk1pod_v2/Mk1_v2_N
[LOG 18:23:42.301] Load DDS texture: Squad/Parts/Command/mk1pod_v2/Mk1_v2_W
[LOG 18:23:42.306] Load DDS texture: Squad/Parts/Command/mk1pod_v2/Mk1_v2_W_N
[LOG 18:23:42.307] Load DDS texture: Squad/Parts/Command/mk2CockpitInline/Cockpit_inline_A
[LOG 18:23:42.308] Load DDS texture: Squad/Parts/Command/mk2CockpitInline/Cockpit_inline_Emissive
[LOG 18:23:42.309] Load DDS texture: Squad/Parts/Command/mk2CockpitInline/Cockpit_inline_normal
[LOG 18:23:42.310] Load DDS texture: Squad/Parts/Command/mk2CockpitStandard/Cockpit
[LOG 18:23:42.313] Load DDS texture: Squad/Parts/Command/mk2CockpitStandard/Cockpit_Lum
[LOG 18:23:42.313] Load DDS texture: Squad/Parts/Command/mk2CockpitStandard/Cockpit_NRM
[LOG 18:23:42.317] Load DDS texture: Squad/Parts/Command/mk2DroneCore/mk2Dronecore
[LOG 18:23:42.317] Load DDS texture: Squad/Parts/Command/mk2LanderCan/Illum
[LOG 18:23:42.321] Load DDS texture: Squad/Parts/Command/mk2LanderCan/ladder
[LOG 18:23:42.322] Load DDS texture: Squad/Parts/Command/mk2LanderCan/outershell
[LOG 18:23:42.322] Load DDS texture: Squad/Parts/Command/mk2LanderCan/outershell_n
[LOG 18:23:42.323] Load DDS texture: Squad/Parts/Command/mk2LanderCan/window
[LOG 18:23:42.324] Load DDS texture: Squad/Parts/Command/mk2LanderCan_v2/Mk2Can
[LOG 18:23:42.334] Load DDS texture: Squad/Parts/Command/mk2LanderCan_v2/Mk2Can_glow
[LOG 18:23:42.344] Load DDS texture: Squad/Parts/Command/mk3CockpitShuttle/Mk3CockpitShuttle
[LOG 18:23:42.345] Load DDS texture: Squad/Parts/Command/mk3CockpitShuttle/Mk3CockpitShuttle_LUM
[LOG 18:23:42.345] Load DDS texture: Squad/Parts/Command/MpoProbe/MpoProbe_diffuse
[LOG 18:23:42.346] Load DDS texture: Squad/Parts/Command/MpoProbe/MpoProbe_nrm
[LOG 18:23:42.353] Load DDS texture: Squad/Parts/Command/MpoProbe/MpoProbe_specular
[LOG 18:23:42.354] Load DDS texture: Squad/Parts/Command/MtmStage/mtmStage_diffuse
[LOG 18:23:42.355] Load DDS texture: Squad/Parts/Command/MtmStage/mtmStage_nrm
[LOG 18:23:42.357] Load DDS texture: Squad/Parts/Command/MtmStage/mtmStage_specular
[LOG 18:23:42.358] Load DDS texture: Squad/Parts/Command/probeCoreCube/QBE_New_diffuse
[LOG 18:23:42.359] Load Cached PNG Texture: Squad/Parts/Command/probeCoreCube/QBE_New_NRM
[LOG 18:23:42.360] Load DDS texture: Squad/Parts/Command/probeCoreCube/QBE_New_specular
[LOG 18:23:42.361] Load DDS texture: Squad/Parts/Command/probeCoreHex/ksp_m_hexProbe_diff
[LOG 18:23:42.365] Load DDS texture: Squad/Parts/Command/probeCoreHex/ksp_m_hexProbe_normal
[LOG 18:23:42.365] Load DDS texture: Squad/Parts/Command/probeCoreHex_v2/hecsDiffuse
[LOG 18:23:42.366] Load DDS texture: Squad/Parts/Command/probeCoreHex_v2/hecsNormal
[LOG 18:23:42.366] Load DDS texture: Squad/Parts/Command/probeCoreOcto2_v2/octoDiffuse
[LOG 18:23:42.366] Load DDS texture: Squad/Parts/Command/probeCoreOcto2_v2/octoNormal
[LOG 18:23:42.367] Load DDS texture: Squad/Parts/Command/probeCoreOcto2_v2/octoSpecular
[LOG 18:23:42.367] Load DDS texture: Squad/Parts/Command/probeCoreOcto_v2/octoDiffuse
[LOG 18:23:42.367] Load DDS texture: Squad/Parts/Command/probeCoreOcto_v2/octoNormal
[LOG 18:23:42.368] Load DDS texture: Squad/Parts/Command/probeCoreOcto_v2/octoSpecular
[LOG 18:23:42.368] Load DDS texture: Squad/Parts/Command/probeRoverBody/model000
[LOG 18:23:42.368] Load DDS texture: Squad/Parts/Command/probeRoverBody/model001
[LOG 18:23:42.369] Load DDS texture: Squad/Parts/Command/probeRoverBody_v2/probeRoverBody_v2_gold_diffuse
[LOG 18:23:42.370] Load Cached PNG Texture: Squad/Parts/Command/probeRoverBody_v2/probeRoverBody_v2_gold_NRM
[LOG 18:23:42.371] Load DDS texture: Squad/Parts/Command/probeRoverBody_v2/probeRoverBody_v2_gold_specular
[LOG 18:23:42.373] Load DDS texture: Squad/Parts/Command/probeRoverBody_v2/probeRoverBody_v2_silver_diffuse
[LOG 18:23:42.374] Load Cached PNG Texture: Squad/Parts/Command/probeRoverBody_v2/probeRoverBody_v2_silver_NRM
[LOG 18:23:42.380] Load DDS texture: Squad/Parts/Command/probeRoverBody_v2/probeRoverBody_v2_silver_specular
[LOG 18:23:42.381] Load DDS texture: Squad/Parts/Command/probeRoverBody_v2/QBE_New_diffuse
[LOG 18:23:42.381] Load DDS texture: Squad/Parts/Command/probeRoverBody_v2/QBE_New_NRM
[LOG 18:23:42.381] Load DDS texture: Squad/Parts/Command/probeRoverBody_v2/QBE_New_specular
[LOG 18:23:42.382] Load DDS texture: Squad/Parts/Command/probeStackLarge/model000
[LOG 18:23:42.382] Load DDS texture: Squad/Parts/Command/probeStackLarge/model001
[LOG 18:23:42.384] Load DDS texture: Squad/Parts/Command/probeStackSmall/model000
[LOG 18:23:42.386] Load DDS texture: Squad/Parts/Command/probeStackSmall/model001
[LOG 18:23:42.387] Load DDS texture: Squad/Parts/Command/probeStackSphere_v2/probeStackSphere_diffuse
[LOG 18:23:42.388] Load DDS texture: Squad/Parts/Command/probeStackSphere_v2/probeStackSphere_normal
[LOG 18:23:42.389] Load DDS texture: Squad/Parts/Command/probeStackSphere_v2/probeStackSphere_specular
[LOG 18:23:42.390] Load Cached PNG Texture: Squad/Parts/CompoundParts/@thumbs/fuelLine_icon0
[LOG 18:23:42.391] Load Cached PNG Texture: Squad/Parts/CompoundParts/@thumbs/fuelLine_icon1
[LOG 18:23:42.391] Load Cached PNG Texture: Squad/Parts/CompoundParts/@thumbs/strutConnector_icon0
[LOG 18:23:42.391] Load Cached PNG Texture: Squad/Parts/CompoundParts/@thumbs/strutConnector_icon1
[LOG 18:23:42.391] Load DDS texture: Squad/Parts/CompoundParts/FuelLine/FTX-2 External Fuel Duct
[LOG 18:23:42.392] Load DDS texture: Squad/Parts/CompoundParts/FuelLine/FTX-2 External Fuel Duct_ESA
[LOG 18:23:42.392] Load DDS texture: Squad/Parts/CompoundParts/strutConnector/EAS-4 Strut Connector
[LOG 18:23:42.392] Load DDS texture: Squad/Parts/CompoundParts/strutConnector/EAS-4 Strut Connector_white
[LOG 18:23:42.393] Load DDS texture: Squad/Parts/Coupling/Assets/Decouplers
[LOG 18:23:42.395] Load DDS texture: Squad/Parts/Coupling/Assets/Decouplers_N
[LOG 18:23:42.399] Load DDS texture: Squad/Parts/Coupling/Assets/Decouplers_whiteYellow
[LOG 18:23:42.402] Load DDS texture: Squad/Parts/Coupling/Assets/Decouplers_whiteYellow_N
[LOG 18:23:42.409] Load DDS texture: Squad/Parts/Electrical/10CSolarPanels/assets/circularSolarPanel_diffuse
[LOG 18:23:42.415] Load DDS texture: Squad/Parts/Electrical/10CSolarPanels/assets/circularSolarPanel_nrm
[LOG 18:23:42.416] Load DDS texture: Squad/Parts/Electrical/10LSolarPanels/assets/retractableSolarPanel_diffuse
[LOG 18:23:42.417] Load DDS texture: Squad/Parts/Electrical/10LSolarPanels/assets/retractableSolarPanel_nrm
[LOG 18:23:42.419] Load DDS texture: Squad/Parts/Electrical/1x6ShroudSolarPanels/model000
[LOG 18:23:42.420] Load DDS texture: Squad/Parts/Electrical/1x6ShroudSolarPanels/model001
[LOG 18:23:42.420] Load DDS texture: Squad/Parts/Electrical/1x6ShroudSolarPanels/model002
[LOG 18:23:42.420] Load DDS texture: Squad/Parts/Electrical/1x6SolarPanels/model000
[LOG 18:23:42.420] Load DDS texture: Squad/Parts/Electrical/1x6SolarPanels/model001
[LOG 18:23:42.420] Load DDS texture: Squad/Parts/Electrical/1x6SolarPanels/model002
[LOG 18:23:42.420] Load DDS texture: Squad/Parts/Electrical/3x2ShroudSolarPanels/model000
[LOG 18:23:42.421] Load DDS texture: Squad/Parts/Electrical/3x2ShroudSolarPanels/model001
[LOG 18:23:42.421] Load DDS texture: Squad/Parts/Electrical/3x2ShroudSolarPanels/model002
[LOG 18:23:42.421] Load DDS texture: Squad/Parts/Electrical/3x2SolarPanels/model000
[LOG 18:23:42.421] Load DDS texture: Squad/Parts/Electrical/3x2SolarPanels/model001
[LOG 18:23:42.421] Load DDS texture: Squad/Parts/Electrical/3x2SolarPanels/model002
[LOG 18:23:42.421] Load DDS texture: Squad/Parts/Electrical/gigantorXlSolarArray/panel
[LOG 18:23:42.422] Load DDS texture: Squad/Parts/Electrical/radialFlatSolarPanel/model000
[LOG 18:23:42.422] Load DDS texture: Squad/Parts/Electrical/RTG/model000
[LOG 18:23:42.422] Load DDS texture: Squad/Parts/Electrical/z-100Battery/model000
[LOG 18:23:42.422] Load DDS texture: Squad/Parts/Electrical/z-1kBattery/model000
[LOG 18:23:42.422] Load DDS texture: Squad/Parts/Electrical/z-1kBattery/model001
[LOG 18:23:42.422] Load DDS texture: Squad/Parts/Electrical/z-200Battery/ksp_m_batteryPack_diff
[LOG 18:23:42.422] Load DDS texture: Squad/Parts/Electrical/z-400Battery/model000
[LOG 18:23:42.422] Load DDS texture: Squad/Parts/Electrical/z-4kBattery/ksp_l_batteryPack_diff
[LOG 18:23:42.423] Load DDS texture: Squad/Parts/Electrical/z-4kBattery/ksp_l_batteryPack_normal
[LOG 18:23:42.423] Load DDS texture: Squad/Parts/Engine/ionEngine/model000
[LOG 18:23:42.423] Load DDS texture: Squad/Parts/Engine/jetEngines/Jet Engines
[LOG 18:23:42.425] Load DDS texture: Squad/Parts/Engine/jetEngines/Jet_Heat
[LOG 18:23:42.425] Load DDS texture: Squad/Parts/Engine/liquidEngine24-77/engine
[LOG 18:23:42.426] Load DDS texture: Squad/Parts/Engine/liquidEngine24-77_v2/Twitch
[LOG 18:23:42.427] Load DDS texture: Squad/Parts/Engine/liquidEngine24-77_v2/Twitch_G
[LOG 18:23:42.427] Load DDS texture: Squad/Parts/Engine/liquidEngine24-77_v2/Twitch_GLOW
[LOG 18:23:42.427] Load DDS texture: Squad/Parts/Engine/liquidEngine48-7S/ksp_m_liquidEngine_diff
[LOG 18:23:42.428] Load DDS texture: Squad/Parts/Engine/liquidEngine48-7S_v2/Spark
[LOG 18:23:42.428] Load DDS texture: Squad/Parts/Engine/liquidEngine48-7S_v2/Spark_Glow
[LOG 18:23:42.428] Load DDS texture: Squad/Parts/Engine/liquidEngineAerospike/Aerospike
[LOG 18:23:42.428] Load DDS texture: Squad/Parts/Engine/liquidEngineAerospike/Aerospike_Heat
[LOG 18:23:42.428] Load DDS texture: Squad/Parts/Engine/liquidEngineLV-1_v2/Assets/Ant_and_Spider_diffuse
[LOG 18:23:42.428] Load DDS texture: Squad/Parts/Engine/liquidEngineLV-1_v2/Assets/Ant_and_Spider_emissive
[LOG 18:23:42.429] Load DDS texture: Squad/Parts/Engine/liquidEngineLV-1_v2/Assets/Ant_and_Spider_normal
[LOG 18:23:42.433] Load DDS texture: Squad/Parts/Engine/liquidEngineLV-1_v2/Assets/Ant_and_Spider_specular
[LOG 18:23:42.434] Load DDS texture: Squad/Parts/Engine/liquidEngineLV-909_v2/Terrier
[LOG 18:23:42.448] Load DDS texture: Squad/Parts/Engine/liquidEngineLV-909_v2/TerrierFairing
[LOG 18:23:42.449] Load DDS texture: Squad/Parts/Engine/liquidEngineLV-909_v2/Terrier_glow
[LOG 18:23:42.450] Load DDS texture: Squad/Parts/Engine/liquidEngineLV-N/model000
[LOG 18:23:42.450] Load DDS texture: Squad/Parts/Engine/liquidEngineLV-N/model001
[LOG 18:23:42.451] Load DDS texture: Squad/Parts/Engine/liquidEngineLV-N/model002
[LOG 18:23:42.451] Load DDS texture: Squad/Parts/Engine/liquidEngineLV-N/model003
[LOG 18:23:42.451] Load DDS texture: Squad/Parts/Engine/liquidEngineLV-T30/model000
[LOG 18:23:42.451] Load DDS texture: Squad/Parts/Engine/liquidEngineLV-T30/model001
[LOG 18:23:42.453] Load DDS texture: Squad/Parts/Engine/liquidEngineLV-T30/model002
[LOG 18:23:42.453] Load DDS texture: Squad/Parts/Engine/liquidEngineLV-T30_v2/Engine_Emissive
[LOG 18:23:42.459] Load DDS texture: Squad/Parts/Engine/liquidEngineLV-T30_v2/Engine_Normal
[LOG 18:23:42.466] Load DDS texture: Squad/Parts/Engine/liquidEngineLV-T30_v2/Fairing
[LOG 18:23:42.467] Load DDS texture: Squad/Parts/Engine/liquidEngineLV-T30_v2/Reliant_v2-shroud_Diffuse
[LOG 18:23:42.474] Load DDS texture: Squad/Parts/Engine/liquidEngineLV-T30_v2/Reliant_v2_Diffuse
[LOG 18:23:42.488] Load DDS texture: Squad/Parts/Engine/liquidEngineLV-T45/model000
[LOG 18:23:42.489] Load DDS texture: Squad/Parts/Engine/liquidEngineLV-T45/model001
[LOG 18:23:42.489] Load DDS texture: Squad/Parts/Engine/liquidEngineLV-T45/model002
[LOG 18:23:42.489] Load DDS texture: Squad/Parts/Engine/liquidEngineLV-T45/model003
[LOG 18:23:42.490] Load DDS texture: Squad/Parts/Engine/liquidEngineLV-T45_v2/Engine_Emissive
[LOG 18:23:42.499] Load DDS texture: Squad/Parts/Engine/liquidEngineLV-T45_v2/Fairing
[LOG 18:23:42.500] Load DDS texture: Squad/Parts/Engine/liquidEngineLV-T45_v2/Swivel_v2_Diffuse
[LOG 18:23:42.507] Load DDS texture: Squad/Parts/Engine/liquidEngineLV-T45_v2/Swivel_v2_Normal
[LOG 18:23:42.513] Load DDS texture: Squad/Parts/Engine/liquidEngineMainsail_v2/mainsail_diffuse
[LOG 18:23:42.522] Load DDS texture: Squad/Parts/Engine/liquidEngineMainsail_v2/mainsail_emissive
[LOG 18:23:42.523] Load DDS texture: Squad/Parts/Engine/liquidEngineMainsail_v2/mainsail_nrm
[LOG 18:23:42.532] Load DDS texture: Squad/Parts/Engine/liquidEngineMainsail_v2/mainsail_specular
[LOG 18:23:42.543] Load DDS texture: Squad/Parts/Engine/liquidEngineMainsail_v2/Shroud
[LOG 18:23:42.546] Load DDS texture: Squad/Parts/Engine/liquidEngineMk55/Thud
[LOG 18:23:42.547] Load DDS texture: Squad/Parts/Engine/liquidEngineMk55/Thud_Heat
[LOG 18:23:42.547] Load DDS texture: Squad/Parts/Engine/liquidEnginePoodle_v2/poodle
[LOG 18:23:42.548] Load DDS texture: Squad/Parts/Engine/liquidEnginePoodle_v2/PoodleShroud
[LOG 18:23:42.549] Load DDS texture: Squad/Parts/Engine/liquidEnginePoodle_v2/poodle_Glow
[LOG 18:23:42.557] Load DDS texture: Squad/Parts/Engine/liquidEnginePoodle_v2/Poodle_SingleBell_Poodle_Diffuse
[LOG 18:23:42.558] Load DDS texture: Squad/Parts/Engine/liquidEnginePoodle_v2/Poodle_SingleBell_Poodle_Emissive
[LOG 18:23:42.560] Load DDS texture: Squad/Parts/Engine/liquidEnginePoodle_v2/Poodle_SingleBell_Poodle_Normal
[LOG 18:23:42.561] Load DDS texture: Squad/Parts/Engine/liquidEngineSkipper_v2/Shroud
[LOG 18:23:42.562] Load DDS texture: Squad/Parts/Engine/liquidEngineSkipper_v2/skipper_v2_diffuse
[LOG 18:23:42.572] Load DDS texture: Squad/Parts/Engine/liquidEngineSkipper_v2/skipper_v2_emissive
[LOG 18:23:42.581] Load DDS texture: Squad/Parts/Engine/liquidEngineSkipper_v2/skipper_v2_normal
[LOG 18:23:42.594] Load DDS texture: Squad/Parts/Engine/liquidEngineSSME/SSME
[LOG 18:23:42.594] Load DDS texture: Squad/Parts/Engine/liquidEngineSSME/SSME_GLOW
[LOG 18:23:42.594] Load DDS texture: Squad/Parts/Engine/liquidEngineSSME/SSME_NRM
[LOG 18:23:42.594] Load DDS texture: Squad/Parts/Engine/MassiveSRB/solid_booster_cm
[LOG 18:23:42.595] Load DDS texture: Squad/Parts/Engine/MassiveSRB/solid_booster_cm_esa
[LOG 18:23:42.598] Load DDS texture: Squad/Parts/Engine/MassiveSRB/solid_booster_em
[LOG 18:23:42.599] Load DDS texture: Squad/Parts/Engine/MassiveSRB/solid_booster_nm
[LOG 18:23:42.601] Load DDS texture: Squad/Parts/Engine/miniJet/SmallJet
[LOG 18:23:42.601] Load DDS texture: Squad/Parts/Engine/OMSEngine/Puff_diffuse
[LOG 18:23:42.601] Load DDS texture: Squad/Parts/Engine/OMSEngine/Puff_emissive
[LOG 18:23:42.602] Load DDS texture: Squad/Parts/Engine/OMSEngine/Puff_normal
[LOG 18:23:42.602] Load DDS texture: Squad/Parts/Engine/OMSEngine/Puff_specular
[LOG 18:23:42.602] Load DDS texture: Squad/Parts/Engine/rapierEngine/rapierDiffuse
[LOG 18:23:42.602] Load DDS texture: Squad/Parts/Engine/rapierEngine/rapieremit
[LOG 18:23:42.628] Load DDS texture: Squad/Parts/Engine/Size1_SRBs/SRB_O
[LOG 18:23:42.634] Load DDS texture: Squad/Parts/Engine/Size1_SRBs/SRB_W
[LOG 18:23:42.634] Load DDS texture: Squad/Parts/Engine/Size1_SRBs/SRB_Y
[LOG 18:23:42.635] Load DDS texture: Squad/Parts/Engine/Size2LFB/Size2LFBEmissive
[LOG 18:23:42.635] Load DDS texture: Squad/Parts/Engine/Size2LFB/twin_nozzle_booster_cm
[LOG 18:23:42.637] Load DDS texture: Squad/Parts/Engine/Size2LFB/twin_nozzle_booster_nm
[LOG 18:23:42.638] Load DDS texture: Squad/Parts/Engine/Size2LFB_v2/Size2LFBEmissive
[LOG 18:23:42.638] Load DDS texture: Squad/Parts/Engine/Size2LFB_v2/twin_nozzle_booster_cm
[LOG 18:23:42.639] Load DDS texture: Squad/Parts/Engine/Size2LFB_v2/twin_nozzle_booster_nm
[LOG 18:23:42.641] Load DDS texture: Squad/Parts/Engine/Size3AdvancedEngine/decoupler_and_adaptor_cm
[LOG 18:23:42.642] Load DDS texture: Squad/Parts/Engine/Size3AdvancedEngine/Size3AdvancedEngineDiffuse
[LOG 18:23:42.644] Load DDS texture: Squad/Parts/Engine/Size3AdvancedEngine/Size3AdvancedEngineEmissive
[LOG 18:23:42.644] Load DDS texture: Squad/Parts/Engine/Size3AdvancedEngine/Size3AdvancedEngineNormal
[LOG 18:23:42.645] Load DDS texture: Squad/Parts/Engine/Size3EngineCluster/ClusterEngineEmit
[LOG 18:23:42.645] Load DDS texture: Squad/Parts/Engine/Size3EngineCluster/four_nozzle_engine_cm
[LOG 18:23:42.646] Load DDS texture: Squad/Parts/Engine/Size3EngineCluster/four_nozzle_engine_nm
[LOG 18:23:42.648] Load DDS texture: Squad/Parts/Engine/solidBoosterBACC/model000
[LOG 18:23:42.651] Load DDS texture: Squad/Parts/Engine/solidBoosterBACC/model001
[LOG 18:23:42.655] Load DDS texture: Squad/Parts/Engine/solidBoosterBACC/model002
[LOG 18:23:42.656] Load DDS texture: Squad/Parts/Engine/solidBoosterRT-5/RT5
[LOG 18:23:42.657] Load DDS texture: Squad/Parts/Engine/solidBoosterS2-17/solidBoosterS2-17_diffuse
[LOG 18:23:42.674] Load DDS texture: Squad/Parts/Engine/solidBoosterS2-17/solidBoosterS2-17_emissive
[LOG 18:23:42.691] Load DDS texture: Squad/Parts/Engine/solidBoosterS2-17/solidBoosterS2-17_normal
[LOG 18:23:42.705] Load DDS texture: Squad/Parts/Engine/solidBoosterS2-33/solidBoosterS2-33_diffuse
[LOG 18:23:42.742] Load DDS texture: Squad/Parts/Engine/solidBoosterS2-33/solidBoosterS2-33_emissive
[LOG 18:23:42.808] Load DDS texture: Squad/Parts/Engine/solidBoosterS2-33/solidBoosterS2-33_normal
[LOG 18:23:42.861] Load DDS texture: Squad/Parts/Engine/solidBoosterSep/model000
[LOG 18:23:42.861] Load DDS texture: Squad/Parts/Engine/solidBoosterSep/motor
[LOG 18:23:42.862] Load DDS texture: Squad/Parts/Engine/SolidBoostersF/Assets/SolidBoosterF3S0_diffuse
[LOG 18:23:42.862] Load DDS texture: Squad/Parts/Engine/SolidBoostersF/Assets/SolidBoosterF3S0_emissive
[LOG 18:23:42.862] Load DDS texture: Squad/Parts/Engine/SolidBoostersF/Assets/SolidBoosterF3S0_normal
[LOG 18:23:42.863] Load DDS texture: Squad/Parts/FuelTank/adapterTanks/Mk3Adapters
[LOG 18:23:42.881] Load DDS texture: Squad/Parts/FuelTank/drainTankFTE-1/fuelValve_diffuse
[LOG 18:23:42.882] Load DDS texture: Squad/Parts/FuelTank/drainTankFTE-1/fuelValve_nrm
[LOG 18:23:42.882] Load DDS texture: Squad/Parts/FuelTank/FoilTanks/RadialTanks
[LOG 18:23:42.882] Load DDS texture: Squad/Parts/FuelTank/FoilTanks/RadialTanksGold_specular
[LOG 18:23:42.884] Load DDS texture: Squad/Parts/FuelTank/FoilTanks/RadialTanksSilver_specular
[LOG 18:23:42.885] Load DDS texture: Squad/Parts/FuelTank/FoilTanks/RadialTanks_N
[LOG 18:23:42.889] Load DDS texture: Squad/Parts/FuelTank/FoilTanks/RadialTanks_silver
[LOG 18:23:42.889] Load DDS texture: Squad/Parts/FuelTank/fuelTankOscarB/model000
[LOG 18:23:42.889] Load DDS texture: Squad/Parts/FuelTank/fuelTankOscarB/model001
[LOG 18:23:42.889] Load DDS texture: Squad/Parts/FuelTank/fuelTankOscarB/tank
[LOG 18:23:42.890] Load DDS texture: Squad/Parts/FuelTank/fuelTankOscarB/tank_n
[LOG 18:23:42.890] Load DDS texture: Squad/Parts/FuelTank/miniFuselage/Fuselage
[LOG 18:23:42.890] Load DDS texture: Squad/Parts/FuelTank/mk2Adapters/mk2adapters1m
[LOG 18:23:42.890] Load DDS texture: Squad/Parts/FuelTank/mk2FuselageLong/mk2Fuselage
[LOG 18:23:42.892] Load DDS texture: Squad/Parts/FuelTank/mk2FuselageShort/mk2FuselageShort
[LOG 18:23:42.893] Load DDS texture: Squad/Parts/FuelTank/mk3Fuselage/Mk3Fuselage
[LOG 18:23:42.896] Load DDS texture: Squad/Parts/FuelTank/mk3Fuselage/Mk3Fuselage_LUM
[LOG 18:23:42.897] Load DDS texture: Squad/Parts/FuelTank/RCSFuelTankR1/RCSFuelTankR1_01
[LOG 18:23:42.897] Load DDS texture: Squad/Parts/FuelTank/RCSFuelTankR1/RCSFuelTankR1_02
[LOG 18:23:42.897] Load DDS texture: Squad/Parts/FuelTank/RCSFuelTankR1/RCSFuelTankR1_N
[LOG 18:23:42.898] Load DDS texture: Squad/Parts/FuelTank/RCSFuelTankR10/ksp_m_rcsTank_diff
[LOG 18:23:42.898] Load DDS texture: Squad/Parts/FuelTank/RCSFuelTankR10/ksp_m_rcsTank_normal
[LOG 18:23:42.899] Load DDS texture: Squad/Parts/FuelTank/RCSFuelTankR25/FL-R25 RCS Fuel Tank_D
[LOG 18:23:42.899] Load DDS texture: Squad/Parts/FuelTank/RCSFuelTankR25/FL-R25 RCS Fuel Tank_N
[LOG 18:23:42.899] Load DDS texture: Squad/Parts/FuelTank/RCSTankRadial/model000
[LOG 18:23:42.899] Load DDS texture: Squad/Parts/FuelTank/RCStankRadialLong/ksp_r_rcsCylTank_diff
[LOG 18:23:42.899] Load DDS texture: Squad/Parts/FuelTank/RockomaxTanks/Assets/rockomax_16 [AlbedoM] BW
[LOG 18:23:42.905] Load DDS texture: Squad/Parts/FuelTank/RockomaxTanks/Assets/rockomax_16 [AlbedoM] ESA
[LOG 18:23:42.913] Load DDS texture: Squad/Parts/FuelTank/RockomaxTanks/Assets/rockomax_16 [AlbedoM] O
[LOG 18:23:42.919] Load DDS texture: Squad/Parts/FuelTank/RockomaxTanks/Assets/rockomax_16 [Normal] BW
[LOG 18:23:42.925] Load DDS texture: Squad/Parts/FuelTank/RockomaxTanks/Assets/rockomax_16 [Normal]ESA
[LOG 18:23:42.931] Load DDS texture: Squad/Parts/FuelTank/RockomaxTanks/Assets/rockomax_16 [Normal]O
[LOG 18:23:42.937] Load DDS texture: Squad/Parts/FuelTank/RockomaxTanks/Assets/rockomax_32 [AlbedoM] ESA
[LOG 18:23:42.939] Load DDS texture: Squad/Parts/FuelTank/RockomaxTanks/Assets/rockomax_32 [Normal]ESA
[LOG 18:23:42.940] Load DDS texture: Squad/Parts/FuelTank/Size1_Tanks/125Tanks_BW
[LOG 18:23:42.943] Load DDS texture: Squad/Parts/FuelTank/Size1_Tanks/125Tanks_D
[LOG 18:23:42.948] Load DDS texture: Squad/Parts/FuelTank/Size1_Tanks/125Tanks_N
[LOG 18:23:42.951] Load DDS texture: Squad/Parts/FuelTank/Size1_Tanks/125Tanks_O
[LOG 18:23:42.954] Load DDS texture: Squad/Parts/FuelTank/Size1_Tanks/125Tanks_W
[LOG 18:23:42.957] Load DDS texture: Squad/Parts/FuelTank/Size3Tanks/fueltTanks_cm
[LOG 18:23:42.958] Load Cached PNG Texture: Squad/Parts/FuelTank/Size3Tanks/Size3Tanks
[LOG 18:23:42.959] Load Cached PNG Texture: Squad/Parts/FuelTank/Size3Tanks/Size3Tanks_Norm
[LOG 18:23:42.960] Load Cached PNG Texture: Squad/Parts/FuelTank/Size3Tanks/Size3Tanks_Orange
[LOG 18:23:42.961] Load Cached PNG Texture: Squad/Parts/FuelTank/Size3Tanks/Size3Tanks_Orange_Norm
[LOG 18:23:42.961] Load DDS texture: Squad/Parts/FuelTank/xenonTank/model000
[LOG 18:23:42.963] Load DDS texture: Squad/Parts/FuelTank/xenonTank/model001
[LOG 18:23:42.963] Load DDS texture: Squad/Parts/FuelTank/xenonTankLarge/tank
[LOG 18:23:42.963] Load DDS texture: Squad/Parts/FuelTank/xenonTankRadial/ksp_r_xenonTank_diff
[LOG 18:23:42.966] Load DDS texture: Squad/Parts/Misc/AsteroidDay/CamSat
[LOG 18:23:42.966] Load DDS texture: Squad/Parts/Misc/AsteroidDay/CamSat_glow
[LOG 18:23:42.966] Load DDS texture: Squad/Parts/Misc/AsteroidDay/CamSat_N_NRM
[LOG 18:23:42.967] Load DDS texture: Squad/Parts/Misc/AsteroidDay/default
[LOG 18:23:42.967] Load DDS texture: Squad/Parts/Misc/AsteroidDay/hecsDiffuse
[LOG 18:23:42.968] Load DDS texture: Squad/Parts/Misc/AsteroidDay/hecsNormal
[LOG 18:23:42.968] Load DDS texture: Squad/Parts/Misc/AsteroidDay/hecsSpecular
[LOG 18:23:42.968] Load DDS texture: Squad/Parts/Misc/AsteroidDay/JumboHexProbe
[LOG 18:23:42.968] Load DDS texture: Squad/Parts/Misc/AsteroidDay/JumboHexProbe_NORM_NRM
[LOG 18:23:42.968] Load DDS texture: Squad/Parts/Resources/FuelCell/FCLamp
[LOG 18:23:42.968] Load DDS texture: Squad/Parts/Resources/FuelCell/FuelCellRack
[LOG 18:23:42.968] Load DDS texture: Squad/Parts/Resources/FuelCell/fuellcell
[LOG 18:23:42.968] Load DDS texture: Squad/Parts/Resources/ISRU/Processor_Large
[LOG 18:23:42.968] Load DDS texture: Squad/Parts/Resources/LargeTank/ksp_l_resourceContainer_diff
[LOG 18:23:42.969] Load DDS texture: Squad/Parts/Resources/LargeTank/ksp_l_resourceContainer_norm
[LOG 18:23:42.970] Load DDS texture: Squad/Parts/Resources/MiniDrill/DustParticle
[LOG 18:23:42.970] Load DDS texture: Squad/Parts/Resources/MiniDrill/ksp_r_rockProbe_diff
[LOG 18:23:42.972] Load DDS texture: Squad/Parts/Resources/MiniDrill/RockParticle
[LOG 18:23:42.972] Load DDS texture: Squad/Parts/Resources/MiniISRU/ksp_s_processorSmall_diff
[LOG 18:23:42.972] Load DDS texture: Squad/Parts/Resources/OrbitalScanner/detector
[LOG 18:23:42.972] Load DDS texture: Squad/Parts/Resources/RadialDrill/DustParticle
[LOG 18:23:42.972] Load DDS texture: Squad/Parts/Resources/RadialDrill/RockParticle
[LOG 18:23:42.972] Load DDS texture: Squad/Parts/Resources/RadialDrill/TriBitDrill
[LOG 18:23:42.972] Load DDS texture: Squad/Parts/Resources/RadialTank/ksp_r_resourceContainer_psd_2
[LOG 18:23:42.973] Load DDS texture: Squad/Parts/Resources/SmallTank/ksp_s_resourceContainer_diff
[LOG 18:23:42.973] Load DDS texture: Squad/Parts/Resources/SmallTank/ksp_s_resourceContainer_normal
[LOG 18:23:42.974] Load DDS texture: Squad/Parts/Resources/SurfaceScanner/ksp_r_samplerAir_diff
[LOG 18:23:42.975] Load DDS texture: Squad/Parts/Resources/SurveyScanner/dish
[LOG 18:23:42.976] Load DDS texture: Squad/Parts/Resources/SurveyScanner/dish_n
[LOG 18:23:42.977] Load DDS texture: Squad/Parts/Science/AtmosphereSensor/ksp_r_hydroscoop_diff
[LOG 18:23:42.977] Load DDS texture: Squad/Parts/Science/GooExperiment/GooExperiment
[LOG 18:23:42.978] Load DDS texture: Squad/Parts/Science/LargeCrewedLab/Large_Crewed_Lab
[LOG 18:23:42.981] Load DDS texture: Squad/Parts/Science/LargeCrewedLab/Large_Crewed_Lab_glow
[LOG 18:23:42.985] Load DDS texture: Squad/Parts/Science/LargeCrewedLab/window
[LOG 18:23:42.985] Load DDS texture: Squad/Parts/Science/Magnetometer/Magnetometer_diffuse
[LOG 18:23:42.986] Load DDS texture: Squad/Parts/Science/Magnetometer/Magnetometer_nrm
[LOG 18:23:42.986] Load DDS texture: Squad/Parts/Science/MaterialBay/science_module_small
[LOG 18:23:42.986] Load DDS texture: Squad/Parts/Science/MaterialBay/science_module_small_emit
[LOG 18:23:42.987] Load DDS texture: Squad/Parts/Science/MaterialBay/science_module_small_nrm
[LOG 18:23:42.987] Load DDS texture: Squad/Parts/Science/MaterialBay/wires
[LOG 18:23:42.987] Load DDS texture: Squad/Parts/Science/ScienceBox/Container
[LOG 18:23:42.987] Load DDS texture: Squad/Parts/Science/sensorAccelerometer/model000
[LOG 18:23:42.988] Load DDS texture: Squad/Parts/Science/sensorBarometer/model000
[LOG 18:23:42.988] Load DDS texture: Squad/Parts/Science/sensorGravimeter/model000
[LOG 18:23:42.988] Load DDS texture: Squad/Parts/Science/sensorThermometer/model000
[LOG 18:23:42.988] Load DDS texture: Squad/Parts/Structural/FLAdapters/Assets/FLA-Adapters_diffuse
[LOG 18:23:42.990] Load DDS texture: Squad/Parts/Structural/FLAdapters/Assets/FLA-Adapters_diffuse_O
[LOG 18:23:42.992] Load DDS texture: Squad/Parts/Structural/FLAdapters/Assets/FLA-Adapters_normal
[LOG 18:23:42.994] Load DDS texture: Squad/Parts/Structural/FLAdapters/Assets/FLA-Adapters_normal_O
[LOG 18:23:42.995] Load DDS texture: Squad/Parts/Structural/mk1Parts/Mk1Structural
[LOG 18:23:42.997] Load DDS texture: Squad/Parts/Structural/mk1Parts/Mk1StructuralHeat
[LOG 18:23:42.998] Load Cached PNG Texture: Squad/Parts/Structural/mk1Parts/@thumbs/MK1Fuselage_icon
[LOG 18:23:42.999] Load DDS texture: Squad/Parts/Structural/Size3To2Adapter_v2/Size2to3_BW_Diffuse
[LOG 18:23:43.007] Load DDS texture: Squad/Parts/Structural/Size3To2Adapter_v2/Size2to3_DUMMY_NRM
[LOG 18:23:43.008] Load DDS texture: Squad/Parts/Structural/Size3To2Adapter_v2/Size2to3_O_Diffuse
[LOG 18:23:43.019] Load DDS texture: Squad/Parts/Structural/Size3To2Adapter_v2/Size2to3_W_Diffuse
[LOG 18:23:43.027] Load DDS texture: Squad/Parts/Structural/Size3To2Adapter_v2/Size2to3_W_NRM
[LOG 18:23:43.033] Load DDS texture: Squad/Parts/Structural/stackAdapters/Assets/stackAdapters_diffuse
[LOG 18:23:43.036] Load DDS texture: Squad/Parts/Structural/stackAdapters/Assets/stackAdapters_diffuse_Dark
[LOG 18:23:43.037] Load DDS texture: Squad/Parts/Structural/stackAdapters/Assets/stackAdapters_diffuse_Orange
[LOG 18:23:43.038] Load DDS texture: Squad/Parts/Structural/stackAdapters/Assets/stackAdapters_normal
[LOG 18:23:43.040] Load DDS texture: Squad/Parts/Structural/stackAdapters/Assets/stackAdapters_normal_Orange
[LOG 18:23:43.041] Load DDS texture: Squad/Parts/Structural/stationHub/model000
[LOG 18:23:43.042] Load DDS texture: Squad/Parts/Structural/stationHub/model001
[LOG 18:23:43.043] Load DDS texture: Squad/Parts/Structural/structuralIBeam200/model000
[LOG 18:23:43.043] Load DDS texture: Squad/Parts/Structural/structuralIBeam200Pocket/model000
[LOG 18:23:43.043] Load DDS texture: Squad/Parts/Structural/structuralIBeam650/model000
[LOG 18:23:43.043] Load DDS texture: Squad/Parts/Structural/structuralMicronode/model000
[LOG 18:23:43.043] Load DDS texture: Squad/Parts/Structural/structuralPanel1x1/model000
[LOG 18:23:43.044] Load DDS texture: Squad/Parts/Structural/structuralPanel1x1/model001
[LOG 18:23:43.044] Load DDS texture: Squad/Parts/Structural/structuralPanel2x2/model000
[LOG 18:23:43.044] Load DDS texture: Squad/Parts/Structural/structuralPanel2x2/model001
[LOG 18:23:43.044] Load DDS texture: Squad/Parts/Structural/structuralPylons/Pylons
[LOG 18:23:43.044] Load DDS texture: Squad/Parts/Structural/strutCubicOcto/cubestrut
[LOG 18:23:43.044] Load DDS texture: Squad/Parts/Structural/strutOcto/model000
[LOG 18:23:43.045] Load DDS texture: Squad/Parts/Structural/trussGirderAdapter/model000
[LOG 18:23:43.045] Load DDS texture: Squad/Parts/Structural/trussGirderAdapter/model001
[LOG 18:23:43.045] Load DDS texture: Squad/Parts/Structural/trussGirderL/model000
[LOG 18:23:43.045] Load DDS texture: Squad/Parts/Structural/trussGirderXL/model000
[LOG 18:23:43.045] Load DDS texture: Squad/Parts/Thermal/FoldingRadiators/radiator
[LOG 18:23:43.046] Load DDS texture: Squad/Parts/Thermal/FoldingRadiators/radiator_N_NRM
[LOG 18:23:43.048] Load DDS texture: Squad/Parts/Thermal/RadiatorPanels/radPanel
[LOG 18:23:43.050] Load DDS texture: Squad/Parts/Thermal/RadiatorPanels/radPanel_N_NRM
[LOG 18:23:43.051] Load DDS texture: Squad/Parts/Utility/commDish88-88/comm_dish_array
[LOG 18:23:43.051] Load DDS texture: Squad/Parts/Utility/commDish88-88/comm_dish_v2_diff
[LOG 18:23:43.051] Load DDS texture: Squad/Parts/Utility/commDish88-88/model000
[LOG 18:23:43.051] Load DDS texture: Squad/Parts/Utility/commsAntennaDTS-M1/mediumDishAntenna
[LOG 18:23:43.052] Load DDS texture: Squad/Parts/Utility/commsAntennaDTS-M1/mediumDishAntenna_Emit
[LOG 18:23:43.052] Load DDS texture: Squad/Parts/Utility/commsDish16/model000
[LOG 18:23:43.052] Load DDS texture: Squad/Parts/Utility/decouplerRadialHDM/model000
[LOG 18:23:43.053] Load DDS texture: Squad/Parts/Utility/decouplerRadialTT-38K/model000
[LOG 18:23:43.053] Load DDS texture: Squad/Parts/Utility/decouplerRadialTT-38K/model001
[LOG 18:23:43.053] Load DDS texture: Squad/Parts/Utility/decouplerRadialTT-70/model000
[LOG 18:23:43.053] Load DDS texture: Squad/Parts/Utility/DirectAntennas/MiniAntenna
[LOG 18:23:43.053] Load DDS texture: Squad/Parts/Utility/dockingPort/Arrow Pointer
[LOG 18:23:43.053] Load DDS texture: Squad/Parts/Utility/dockingPort/DockingPorts_Clampotron_Diffuse
[LOG 18:23:43.058] Load DDS texture: Squad/Parts/Utility/dockingPort/DockingPorts_Clampotron_Emissive
[LOG 18:23:43.060] Load DDS texture: Squad/Parts/Utility/dockingPort/DockingPorts_Clampotron_Normal
[LOG 18:23:43.067] Load DDS texture: Squad/Parts/Utility/dockingPortInline/Arrow Pointer
[LOG 18:23:43.068] Load DDS texture: Squad/Parts/Utility/dockingPortInline/ClampotronLinear_ClampotronLinear_Diffuse
[LOG 18:23:43.073] Load DDS texture: Squad/Parts/Utility/dockingPortInline/ClampotronLinear_ClampotronLinear_Emissive
[LOG 18:23:43.075] Load DDS texture: Squad/Parts/Utility/dockingPortInline/ClampotronLinear_ClampotronLinear_Normal
[LOG 18:23:43.086] Load DDS texture: Squad/Parts/Utility/dockingPortInline/DockingPorts_Clampotron_Diffuse
[LOG 18:23:43.094] Load DDS texture: Squad/Parts/Utility/dockingPortInline/DockingPorts_Clampotron_Emissive
[LOG 18:23:43.096] Load DDS texture: Squad/Parts/Utility/dockingPortInline/DockingPorts_Clampotron_Normal
[LOG 18:23:43.101] Load DDS texture: Squad/Parts/Utility/dockingPortJr/Arrow Pointer
[LOG 18:23:43.102] Load DDS texture: Squad/Parts/Utility/dockingPortJr/DockingPorts_ClampotronJR_Diffuse
[LOG 18:23:43.103] Load DDS texture: Squad/Parts/Utility/dockingPortJr/DockingPorts_ClampotronJR_Normal
[LOG 18:23:43.106] Load DDS texture: Squad/Parts/Utility/dockingPortJr/model000
[LOG 18:23:43.106] Load DDS texture: Squad/Parts/Utility/dockingPortShielded/Arrow Pointer
[LOG 18:23:43.106] Load DDS texture: Squad/Parts/Utility/dockingPortShielded/Clamp-O-Tron Shielded Docking Port_ClampotronShielded_Diffuse
[LOG 18:23:43.113] Load DDS texture: Squad/Parts/Utility/dockingPortShielded/Clamp-O-Tron Shielded Docking Port_ClampotronShielded_Normal
[LOG 18:23:43.120] Load DDS texture: Squad/Parts/Utility/dockingPortShielded/DockingPorts_Clampotron_Diffuse
[LOG 18:23:43.127] Load DDS texture: Squad/Parts/Utility/dockingPortShielded/DockingPorts_Clampotron_Emissive
[LOG 18:23:43.128] Load DDS texture: Squad/Parts/Utility/dockingPortShielded/DockingPorts_Clampotron_Normal
[LOG 18:23:43.134] Load DDS texture: Squad/Parts/Utility/dockingPortSr/Arrow Pointer
[LOG 18:23:43.135] Load DDS texture: Squad/Parts/Utility/dockingPortSr/ClampotronSr_ClampotronSr_Diffuse
[LOG 18:23:43.141] Load DDS texture: Squad/Parts/Utility/dockingPortSr/ClampotronSr_ClampotronSr_Diffuse_gray
[LOG 18:23:43.146] Load DDS texture: Squad/Parts/Utility/dockingPortSr/ClampotronSr_ClampotronSr_Emissive
[LOG 18:23:43.149] Load DDS texture: Squad/Parts/Utility/dockingPortSr/ClampotronSr_ClampotronSr_Normal
[LOG 18:23:43.156] Load Cached PNG Texture: Squad/Parts/Utility/Fireworks/Assets/fireworks_launcher_big 1
[LOG 18:23:43.161] Load Cached PNG Texture: Squad/Parts/Utility/Fireworks/Assets/fireworks_launcher_big
[LOG 18:23:43.166] Load Cached PNG Texture: Squad/Parts/Utility/flags/backgroundTextures/dark_background
[LOG 18:23:43.166] Load Cached PNG Texture: Squad/Parts/Utility/flags/backgroundTextures/orange_background
[LOG 18:23:43.167] Load Cached PNG Texture: Squad/Parts/Utility/flags/backgroundTextures/white_background
[LOG 18:23:43.167] Load DDS texture: Squad/Parts/Utility/GrapplingDevice/grabberDiffuse
[LOG 18:23:43.168] Load DDS texture: Squad/Parts/Utility/GrapplingDevice/grabberDiffuse_dark
[LOG 18:23:43.169] Load DDS texture: Squad/Parts/Utility/GrapplingDevice/grabberNRM
[LOG 18:23:43.170] Load DDS texture: Squad/Parts/Utility/GrapplingDevice/window
[LOG 18:23:43.170] Load DDS texture: Squad/Parts/Utility/ladderRadial/model000
[LOG 18:23:43.171] Load DDS texture: Squad/Parts/Utility/ladderTelescopic/model000
[LOG 18:23:43.171] Load DDS texture: Squad/Parts/Utility/ladderTelescopic/model001
[LOG 18:23:43.172] Load DDS texture: Squad/Parts/Utility/ladderTelescopic/model002
[LOG 18:23:43.173] Load DDS texture: Squad/Parts/Utility/ladderTelescopicBay/model000
[LOG 18:23:43.174] Load DDS texture: Squad/Parts/Utility/ladderTelescopicBay/model001
[LOG 18:23:43.176] Load DDS texture: Squad/Parts/Utility/landingLegLT-1/ksp_r_landingStrut_diff
[LOG 18:23:43.176] Load DDS texture: Squad/Parts/Utility/landingLegLT-2/landingLeg
[LOG 18:23:43.176] Load DDS texture: Squad/Parts/Utility/landingLegLT-5/leg
[LOG 18:23:43.176] Load DDS texture: Squad/Parts/Utility/landingLegLT-5/model000
[LOG 18:23:43.177] Load DDS texture: Squad/Parts/Utility/launchClamp1/model000
[LOG 18:23:43.177] Load DDS texture: Squad/Parts/Utility/launchClamp1/model001
[LOG 18:23:43.177] Load DDS texture: Squad/Parts/Utility/launchEscapeSystem/LES_Diffuse
[LOG 18:23:43.178] Load DDS texture: Squad/Parts/Utility/Lights/Assets/Lights_Attacheable_Lights_Diffuse
[LOG 18:23:43.178] Load DDS texture: Squad/Parts/Utility/Lights/Assets/Lights_Attacheable_Lights_Diffuse_white
[LOG 18:23:43.178] Load DDS texture: Squad/Parts/Utility/Lights/Assets/Lights_Attacheable_Lights_Emissive
[LOG 18:23:43.179] Load DDS texture: Squad/Parts/Utility/Lights/Assets/Lights_Attacheable_Lights_Normal
[LOG 18:23:43.179] Load DDS texture: Squad/Parts/Utility/Lights/Assets/Lights_Rectangle_Light_Diffuse
[LOG 18:23:43.185] Load DDS texture: Squad/Parts/Utility/Lights/Assets/Lights_Rectangle_Light_Diffuse_white
[LOG 18:23:43.194] Load DDS texture: Squad/Parts/Utility/Lights/Assets/Lights_Rectangle_Light_Emissive
[LOG 18:23:43.199] Load DDS texture: Squad/Parts/Utility/Lights/Assets/Lights_Rectangle_Light_Normal
[LOG 18:23:43.206] Load DDS texture: Squad/Parts/Utility/Lights/Assets/Lights_Worklights_Diffuse
[LOG 18:23:43.209] Load DDS texture: Squad/Parts/Utility/Lights/Assets/Lights_Worklights_Emissive
[LOG 18:23:43.210] Load DDS texture: Squad/Parts/Utility/Lights/Assets/Lights_Worklights_Normal
[LOG 18:23:43.211] Load DDS texture: Squad/Parts/Utility/Lights/Assets/Spotlight_Attacheable_Lights_Diffuse
[LOG 18:23:43.212] Load DDS texture: Squad/Parts/Utility/Lights/Assets/Spotlight_Attacheable_Lights_Diffuse_white
[LOG 18:23:43.212] Load DDS texture: Squad/Parts/Utility/Lights/Assets/Spotlight_Attacheable_Lights_Emissive
[LOG 18:23:43.212] Load DDS texture: Squad/Parts/Utility/Lights/Assets/Spotlight_Attacheable_Lights_Normal
[LOG 18:23:43.212] Load DDS texture: Squad/Parts/Utility/linearVernorRCS/Assets/linear_vernor_diffuse
[LOG 18:23:43.213] Load DDS texture: Squad/Parts/Utility/linearVernorRCS/Assets/linear_vernor_emissive
[LOG 18:23:43.213] Load DDS texture: Squad/Parts/Utility/linearVernorRCS/Assets/linear_vernor_normalDummy
[LOG 18:23:43.213] Load DDS texture: Squad/Parts/Utility/linearVernorRCS/Assets/linear_vernor_specular
[LOG 18:23:43.213] Load DDS texture: Squad/Parts/Utility/mk2CargoBay/mk2CargoBay
[LOG 18:23:43.214] Load DDS texture: Squad/Parts/Utility/mk2CrewCabin/mk2CrewCabin
[LOG 18:23:43.215] Load DDS texture: Squad/Parts/Utility/mk2CrewCabin/mk2CrewCabin_LUM
[LOG 18:23:43.215] Load DDS texture: Squad/Parts/Utility/mk2DockingPort/Arrow Pointer
[LOG 18:23:43.215] Load DDS texture: Squad/Parts/Utility/mk2DockingPort/Mk2Clampotron_Caps_Diffuse
[LOG 18:23:43.215] Load DDS texture: Squad/Parts/Utility/mk2DockingPort/Mk2Clampotron_Caps_Emmisive
[LOG 18:23:43.215] Load DDS texture: Squad/Parts/Utility/mk2DockingPort/Mk2Clampotron_Caps_Normal
[LOG 18:23:43.216] Load DDS texture: Squad/Parts/Utility/mk2DockingPort/Mk2Clampotron_Mk2Clampotron_Diffuse
[LOG 18:23:43.223] Load DDS texture: Squad/Parts/Utility/mk2DockingPort/Mk2Clampotron_Mk2Clampotron_Emissive
[LOG 18:23:43.227] Load DDS texture: Squad/Parts/Utility/mk2DockingPort/Mk2Clampotron_Mk2Clampotron_Normal
[LOG 18:23:43.234] Load DDS texture: Squad/Parts/Utility/mk2DockingPort/mk2DockingPort
[LOG 18:23:43.236] Load DDS texture: Squad/Parts/Utility/mk3CargoBay/Mk3CargoBay
[LOG 18:23:43.238] Load DDS texture: Squad/Parts/Utility/parachuteMk1/model000
[LOG 18:23:43.239] Load DDS texture: Squad/Parts/Utility/parachuteMk1/model001
[LOG 18:23:43.239] Load DDS texture: Squad/Parts/Utility/parachuteMk12-R/model000
[LOG 18:23:43.239] Load DDS texture: Squad/Parts/Utility/parachuteMk12-R/model001
[LOG 18:23:43.240] Load DDS texture: Squad/Parts/Utility/parachuteMk16-XL/model000
[LOG 18:23:43.240] Load DDS texture: Squad/Parts/Utility/parachuteMk16-XL/model001
[LOG 18:23:43.240] Load DDS texture: Squad/Parts/Utility/parachuteMk2-R/model000
[LOG 18:23:43.240] Load DDS texture: Squad/Parts/Utility/parachuteMk2-R/model001
[LOG 18:23:43.240] Load DDS texture: Squad/Parts/Utility/parachuteMk25/model000
[LOG 18:23:43.240] Load DDS texture: Squad/Parts/Utility/parachuteMk25/model001
[LOG 18:23:43.240] Load DDS texture: Squad/Parts/Utility/radialAttachmentPoint/model000
[LOG 18:23:43.241] Load DDS texture: Squad/Parts/Utility/radialAttachmentPoint/model001
[LOG 18:23:43.241] Load DDS texture: Squad/Parts/Utility/rcsBlockRV-105_v2/rcsBlock_diffuse
[LOG 18:23:43.241] Load DDS texture: Squad/Parts/Utility/rcsBlockRV-105_v2/rcsThrusterBlock_normal
[LOG 18:23:43.241] Load DDS texture: Squad/Parts/Utility/rcsBlockRV-105_v2/rcsThruster_emissive
[LOG 18:23:43.243] Load DDS texture: Squad/Parts/Utility/rcsBlockRV-105_v2/rcsThruster_specular
[LOG 18:23:43.243] Load DDS texture: Squad/Parts/Utility/rcsBlockRV-105_v2/RCS_Block_Diffuse
[LOG 18:23:43.243] Load DDS texture: Squad/Parts/Utility/rcsBlockRV-105_v2/RCS_Block_Emissive
[LOG 18:23:43.243] Load DDS texture: Squad/Parts/Utility/rcsBlockRV-105_v2/RCS_Block_Normal
[LOG 18:23:43.243] Load DDS texture: Squad/Parts/Utility/rcsBlockRV-105_v2/RCS_Block_Specular
[LOG 18:23:43.243] Load DDS texture: Squad/Parts/Utility/rcsSmallLinear/Assets/RCS_Linear_Base_Diffuse
[LOG 18:23:43.243] Load DDS texture: Squad/Parts/Utility/rcsSmallLinear/Assets/RCS_Linear_Diffuse
[LOG 18:23:43.244] Load DDS texture: Squad/Parts/Utility/rcsSmallLinear/Assets/RCS_Linear_Emissive
[LOG 18:23:43.244] Load DDS texture: Squad/Parts/Utility/rcsSmallLinear/Assets/RCS_Linear_Normal
[LOG 18:23:43.244] Load DDS texture: Squad/Parts/Utility/rcsSmallLinear/Assets/RCS_Linear_Specular
[LOG 18:23:43.244] Load DDS texture: Squad/Parts/Utility/RelayAntennas/DishAntenna
[LOG 18:23:43.244] Load DDS texture: Squad/Parts/Utility/RelayAntennas/MiniAntenna
[LOG 18:23:43.247] Load DDS texture: Squad/Parts/Utility/rockomaxAdapters/Assets/Rockomax_Adapters_diffuse
[LOG 18:23:43.248] Load DDS texture: Squad/Parts/Utility/rockomaxAdapters/Assets/Rockomax_Adapters_diffuse_O
[LOG 18:23:43.249] Load DDS texture: Squad/Parts/Utility/rockomaxAdapters/Assets/Rockomax_Adapters_diffuse_W
[LOG 18:23:43.251] Load DDS texture: Squad/Parts/Utility/rockomaxAdapters/Assets/Rockomax_Adapters_normal
[LOG 18:23:43.252] Load DDS texture: Squad/Parts/Utility/rockomaxAdapters/Assets/Rockomax_Adapters_normal_O
[LOG 18:23:43.254] Load DDS texture: Squad/Parts/Utility/ServiceBay/ServiceBay
[LOG 18:23:43.255] Load Cached PNG Texture: Squad/Parts/Utility/ServiceBay_v2/Assets/Scratch
[LOG 18:23:43.255] Load Cached PNG Texture: Squad/Parts/Utility/ServiceBay_v2/Assets/ServiceBay_bump
[LOG 18:23:43.257] Load Cached PNG Texture: Squad/Parts/Utility/ServiceBay_v2/Assets/ServiceBay_v2
[LOG 18:23:43.257] Load DDS texture: Squad/Parts/Utility/smallClaw/grabberSmallDiffuse
[LOG 18:23:43.257] Load DDS texture: Squad/Parts/Utility/smallClaw/grabberSmallDiffuseDark
[LOG 18:23:43.258] Load DDS texture: Squad/Parts/Utility/smallClaw/grabberSmallNRM
[LOG 18:23:43.258] Load DDS texture: Squad/Parts/Utility/smallClaw/window
[LOG 18:23:43.258] Load DDS texture: Squad/Parts/Utility/spotLightMk1/light1
[LOG 18:23:43.258] Load DDS texture: Squad/Parts/Utility/spotLightMk1/light1_em
[LOG 18:23:43.258] Load DDS texture: Squad/Parts/Utility/spotLightMk1_v2/spotLightMk1_Diffuse
[LOG 18:23:43.258] Load DDS texture: Squad/Parts/Utility/spotLightMk1_v2/spotLightMk1_Diffuse_white
[LOG 18:23:43.259] Load DDS texture: Squad/Parts/Utility/spotLightMk1_v2/spotLightMk1_Emissive
[LOG 18:23:43.259] Load DDS texture: Squad/Parts/Utility/spotLightMk1_v2/spotLightMk1_Normal
[LOG 18:23:43.259] Load DDS texture: Squad/Parts/Utility/spotLightMk2/light2
[LOG 18:23:43.259] Load DDS texture: Squad/Parts/Utility/spotLightMk2/light2_em
[LOG 18:23:43.259] Load DDS texture: Squad/Parts/Utility/spotLightMk2_v2/spotLightMk2_Diffuse
[LOG 18:23:43.261] Load DDS texture: Squad/Parts/Utility/spotLightMk2_v2/spotLightMk2_Diffuse_white
[LOG 18:23:43.261] Load DDS texture: Squad/Parts/Utility/spotLightMk2_v2/spotLightMk2_Emissive
[LOG 18:23:43.261] Load DDS texture: Squad/Parts/Utility/spotLightMk2_v2/spotLightMk2_Normal
[LOG 18:23:43.261] Load DDS texture: Squad/Parts/Utility/stackCouplers/Assets/stackCouplersDiffuse
[LOG 18:23:43.263] Load DDS texture: Squad/Parts/Utility/stackCouplers/Assets/stackCouplersDiffuse_Dark
[LOG 18:23:43.265] Load DDS texture: Squad/Parts/Utility/stackCouplers/Assets/stackCouplersDiffuse_Orange
[LOG 18:23:43.267] Load DDS texture: Squad/Parts/Utility/stackCouplers/Assets/stackCouplers_NRM
[LOG 18:23:43.268] Load DDS texture: Squad/Parts/Utility/stackCouplers/Assets/stackCouplers_Orange_NRM
[LOG 18:23:43.270] Load DDS texture: Squad/Parts/Wheel/LandingGear/Flare
[LOG 18:23:43.270] Load DDS texture: Squad/Parts/Wheel/LandingGear/LandingGear
[LOG 18:23:43.271] Load DDS texture: Squad/Parts/Wheel/LandingGear/LandingGear_Emissive
[LOG 18:23:43.271] Load DDS texture: Squad/Parts/Wheel/roverWheelM1/model000
[LOG 18:23:43.271] Load DDS texture: Squad/Parts/Wheel/roverWheelM1/roverwheel1
[LOG 18:23:43.272] Load DDS texture: Squad/Parts/Wheel/roverWheelS2/model000
[LOG 18:23:43.272] Load DDS texture: Squad/Parts/Wheel/roverWheelS2/model001
[LOG 18:23:43.272] Load DDS texture: Squad/Parts/Wheel/roverWheelS2/roverwheel2
[LOG 18:23:43.272] Load DDS texture: Squad/Parts/Wheel/roverWheelS2/roverwheel2_n
[LOG 18:23:43.273] Load DDS texture: Squad/Parts/Wheel/roverWheelTR-2L/ksp_r_medWheel_diff
[LOG 18:23:43.274] Load DDS texture: Squad/Parts/Wheel/roverWheelTR-2L/ksp_r_medWheel_normal
[LOG 18:23:43.275] Load DDS texture: Squad/Parts/Wheel/roverWheelTR-2L/ksp_r_medWheel_wheel_diff
[LOG 18:23:43.276] Load DDS texture: Squad/Parts/Wheel/roverWheelTR-2L/ksp_r_medWheel_wheel_normal
[LOG 18:23:43.278] Load DDS texture: Squad/Parts/Wheel/roverWheelXL3/mount
[LOG 18:23:43.280] Load DDS texture: Squad/Parts/Wheel/roverWheelXL3/mount_n
[LOG 18:23:43.280] Load DDS texture: Squad/Parts/Wheel/roverWheelXL3/wheel
[LOG 18:23:43.280] Load DDS texture: Squad/Parts/Wheel/roverWheelXL3/wheel_n
[LOG 18:23:43.281] Load DDS texture: Squad/Props/AltimeterThreeHands/model000
[LOG 18:23:43.281] Load DDS texture: Squad/Props/AltimeterThreeHands/model001
[LOG 18:23:43.281] Load DDS texture: Squad/Props/AtmosphereDepth/model000
[LOG 18:23:43.282] Load DDS texture: Squad/Props/AtmosphereDepth/model001
[LOG 18:23:43.282] Load DDS texture: Squad/Props/AxisIndicator/model000
[LOG 18:23:43.282] Load DDS texture: Squad/Props/buttonsGeneric/ButtonsAndSwitches
[LOG 18:23:43.282] Load DDS texture: Squad/Props/ButtonSquare/model000
[LOG 18:23:43.283] Load DDS texture: Squad/Props/circularButton/model000
[LOG 18:23:43.283] Load DDS texture: Squad/Props/Compass/model000
[LOG 18:23:43.283] Load DDS texture: Squad/Props/directionalKnob/model000
[LOG 18:23:43.283] Load DDS texture: Squad/Props/directionalKnob2/model000
[LOG 18:23:43.284] Load DDS texture: Squad/Props/IndicatorPanel/model000
[LOG 18:23:43.284] Load DDS texture: Squad/Props/IndicatorPanel/model001
[LOG 18:23:43.284] Load DDS texture: Squad/Props/IVANavBall/Arrows8dir
[LOG 18:23:43.285] Load DDS texture: Squad/Props/IVANavBall/IVANavBall
[LOG 18:23:43.285] Load DDS texture: Squad/Props/IVANavBall/IVANavBall_Glow
[LOG 18:23:43.285] Load DDS texture: Squad/Props/IVANavBall/ManeuverNode_vectors
[LOG 18:23:43.285] Load DDS texture: Squad/Props/IVANavBall/navball2
[LOG 18:23:43.285] Load DDS texture: Squad/Props/IVANavBall/navBall_DV_IVA
[LOG 18:23:43.285] Load DDS texture: Squad/Props/IVANavBall/navBall_vectors_IVA
[LOG 18:23:43.285] Load Cached PNG Texture: Squad/Props/IVANavBallNoBase/Arrows8dir
[LOG 18:23:43.285] Load Cached PNG Texture: Squad/Props/IVANavBallNoBase/IVANavBall
[LOG 18:23:43.286] Load Cached PNG Texture: Squad/Props/IVANavBallNoBase/ManeuverNode_vectors
[LOG 18:23:43.286] Load Cached PNG Texture: Squad/Props/IVANavBallNoBase/navball2
[LOG 18:23:43.286] Load Cached PNG Texture: Squad/Props/IVANavBallNoBase/navBall_DV_IVA
[LOG 18:23:43.286] Load Cached PNG Texture: Squad/Props/IVANavBallNoBase/navBall_vectors_IVA
[LOG 18:23:43.286] Load DDS texture: Squad/Props/ledPanelSpeed/circularButton
[LOG 18:23:43.286] Load DDS texture: Squad/Props/ledPanelSpeed/ledPanel
[LOG 18:23:43.286] Load DDS texture: Squad/Props/Monitor/Emissives
[LOG 18:23:43.286] Load DDS texture: Squad/Props/Monitor/Emissives_glow
[LOG 18:23:43.287] Load DDS texture: Squad/Props/Monitor/Monitor
[LOG 18:23:43.287] Load DDS texture: Squad/Props/NavBall/GaugeGee
[LOG 18:23:43.287] Load DDS texture: Squad/Props/NavBall/GaugeThrottle
[LOG 18:23:43.287] Load DDS texture: Squad/Props/NavBall/model000
[LOG 18:23:43.287] Load DDS texture: Squad/Props/NavBall/model001
[LOG 18:23:43.289] Load DDS texture: Squad/Props/NavBall/model002
[LOG 18:23:43.289] Load DDS texture: Squad/Props/NavBall/model003
[LOG 18:23:43.289] Load DDS texture: Squad/Props/PropsGeneric/propsGeneric
[LOG 18:23:43.290] Load DDS texture: Squad/Props/pullSwitch/model000
[LOG 18:23:43.291] Load DDS texture: Squad/Props/pullSwitch/model001
[LOG 18:23:43.291] Load DDS texture: Squad/Props/radarAltitude/model000
[LOG 18:23:43.291] Load DDS texture: Squad/Props/squareButton/model000
[LOG 18:23:43.291] Load DDS texture: Squad/Props/standingSwitch/model000
[LOG 18:23:43.292] Load DDS texture: Squad/Props/standingSwitch/model001
[LOG 18:23:43.292] Load DDS texture: Squad/Props/switch/model000
[LOG 18:23:43.292] Load DDS texture: Squad/Props/switchGuard/model000
[LOG 18:23:43.292] Load DDS texture: Squad/Props/switchWithGuards/model000
[LOG 18:23:43.292] Load DDS texture: Squad/Props/switchWithGuards/model001
[LOG 18:23:43.292] Load DDS texture: Squad/Props/switchWithGuards/model002
[LOG 18:23:43.292] Load DDS texture: Squad/Props/throttle/model000
[LOG 18:23:43.293] Load DDS texture: Squad/Props/throttle/model001
[LOG 18:23:43.295] Load DDS texture: Squad/Props/VSI/model000
[LOG 18:23:43.295] Load DDS texture: Squad/Spaces/crewCabinInternals/model000
[LOG 18:23:43.295] Load DDS texture: Squad/Spaces/crewCabinInternals/model001
[LOG 18:23:43.300] Load DDS texture: Squad/Spaces/crewCabinInternals/model002
[LOG 18:23:43.300] Load DDS texture: Squad/Spaces/crewCabinInternals/model003
[LOG 18:23:43.300] Load DDS texture: Squad/Spaces/crewCabinInternals/model004
[LOG 18:23:43.300] Load DDS texture: Squad/Spaces/crewCabinInternals/model005
[LOG 18:23:43.302] Load DDS texture: Squad/Spaces/cupolaInternal/ksp_l_cupola_internal_diff
[LOG 18:23:43.307] Load DDS texture: Squad/Spaces/cupolaInternal/ksp_l_cupola_internal_normal
[LOG 18:23:43.315] Load DDS texture: Squad/Spaces/cupolaInternal/ksp_l_cupola_internal_windows_alpha
[LOG 18:23:43.318] Load DDS texture: Squad/Spaces/cupolaInternal/pilot Seat
[LOG 18:23:43.318] Load DDS texture: Squad/Spaces/GenericSpace1/model000
[LOG 18:23:43.319] Load DDS texture: Squad/Spaces/GenericSpace1/model001
[LOG 18:23:43.321] Load DDS texture: Squad/Spaces/GenericSpace1/model002
[LOG 18:23:43.324] Load DDS texture: Squad/Spaces/GenericSpace1/model003
[LOG 18:23:43.326] Load DDS texture: Squad/Spaces/GenericSpace1/model004
[LOG 18:23:43.329] Load DDS texture: Squad/Spaces/GenericSpace1/model005
[LOG 18:23:43.330] Load DDS texture: Squad/Spaces/GenericSpace3/model000
[LOG 18:23:43.331] Load DDS texture: Squad/Spaces/GenericSpace3/model001
[LOG 18:23:43.331] Load DDS texture: Squad/Spaces/GenericSpace3/model002
[LOG 18:23:43.333] Load DDS texture: Squad/Spaces/GenericSpace3/model003
[LOG 18:23:43.333] Load DDS texture: Squad/Spaces/GenericSpace3/model004
[LOG 18:23:43.335] Load DDS texture: Squad/Spaces/GenericSpace3/model005
[LOG 18:23:43.336] Load DDS texture: Squad/Spaces/GenericSpace3/model006
[LOG 18:23:43.336] Load DDS texture: Squad/Spaces/GenericSpace3/model007
[LOG 18:23:43.337] Load DDS texture: Squad/Spaces/landerCabinInternals/model000
[LOG 18:23:43.338] Load DDS texture: Squad/Spaces/landerCabinInternals/model001
[LOG 18:23:43.339] Load DDS texture: Squad/Spaces/landerCabinInternals/model002
[LOG 18:23:43.341] Load DDS texture: Squad/Spaces/landerCabinInternals/model003
[LOG 18:23:43.348] Load DDS texture: Squad/Spaces/landerCabinInternals/model004
[LOG 18:23:43.350] Load DDS texture: Squad/Spaces/landerCabinInternals/model005
[LOG 18:23:43.350] Load DDS texture: Squad/Spaces/landerCabinInternals/model006
[LOG 18:23:43.351] Load DDS texture: Squad/Spaces/landerCabinInternals/model007
[LOG 18:23:43.351] Load DDS texture: Squad/Spaces/landerCabinSmallInternal/ksp_s_landerCan_internal_diff
[LOG 18:23:43.356] Load DDS texture: Squad/Spaces/landerCabinSmallInternal/ksp_s_landerCan_internal_normal
[LOG 18:23:43.365] Load DDS texture: Squad/Spaces/landerCabinSmallInternal/ksp_s_landerCan_internal_window_alpha
[LOG 18:23:43.365] Load DDS texture: Squad/Spaces/landerCabinSmallInternal/pilot Seat
[LOG 18:23:43.366] Load DDS texture: Squad/Spaces/LargeCrewedLabInternals/Glass
[LOG 18:23:43.367] Load DDS texture: Squad/Spaces/LargeCrewedLabInternals/MPL_Int
[LOG 18:23:43.371] Load DDS texture: Squad/Spaces/LargeCrewedLabInternals/MPL_Int_n_NRM
[LOG 18:23:43.371] Load DDS texture: Squad/Spaces/Mk1-3/Mk1_3_IvaProps_Diffuse
[LOG 18:23:43.376] Load DDS texture: Squad/Spaces/Mk1-3/Mk1_3_IvaProps_Normal
[LOG 18:23:43.380] Load DDS texture: Squad/Spaces/Mk1-3/Mk1_3_IvaShell_Diffuse
[LOG 18:23:43.385] Load DDS texture: Squad/Spaces/Mk1-3/Mk1_3_IvaShell_Emissive
[LOG 18:23:43.390] Load DDS texture: Squad/Spaces/Mk1-3/Mk1_3_IvaShell_Normal
[LOG 18:23:43.395] Load DDS texture: Squad/Spaces/Mk1-3/pilot Seat
[LOG 18:23:43.398] Load DDS texture: Squad/Spaces/mk1CabinInternal/Cabin_Lightmap
[LOG 18:23:43.398] Load DDS texture: Squad/Spaces/mk1CabinInternal/CockpitGeneric
[LOG 18:23:43.398] Load DDS texture: Squad/Spaces/mk1CabinInternal/CockpitGeneric_NRM
[LOG 18:23:43.398] Load DDS texture: Squad/Spaces/mk1CockpitInternal/CockpitGeneric
[LOG 18:23:43.398] Load DDS texture: Squad/Spaces/mk1CockpitInternal/CockpitGeneric_NRM
[LOG 18:23:43.398] Load DDS texture: Squad/Spaces/mk1CockpitInternal/IVAMAP
[LOG 18:23:43.398] Load DDS texture: Squad/Spaces/mk1CockpitInternal/Windows
[LOG 18:23:43.399] Load DDS texture: Squad/Spaces/mk1InlineInternal/Canopy
[LOG 18:23:43.399] Load DDS texture: Squad/Spaces/mk1InlineInternal/CockpitGeneric
[LOG 18:23:43.399] Load DDS texture: Squad/Spaces/mk1InlineInternal/CockpitGeneric_NRM
[LOG 18:23:43.399] Load DDS texture: Squad/Spaces/mk1InlineInternal/Mk1Inline_Lightmap
[LOG 18:23:43.399] Load DDS texture: Squad/Spaces/mk1PodCockpit/model000
[LOG 18:23:43.401] Load DDS texture: Squad/Spaces/mk1PodCockpit/model001
[LOG 18:23:43.402] Load DDS texture: Squad/Spaces/mk1PodCockpit/model002
[LOG 18:23:43.403] Load DDS texture: Squad/Spaces/mk1PodCockpit/model003
[LOG 18:23:43.404] Load DDS texture: Squad/Spaces/mk1PodCockpit/model004
[LOG 18:23:43.408] Load DDS texture: Squad/Spaces/mk1PodCockpit/model005
[LOG 18:23:43.408] Load DDS texture: Squad/Spaces/mk1PodCockpit/model006
[LOG 18:23:43.409] Load DDS texture: Squad/Spaces/mk1PodCockpit/model007
[LOG 18:23:43.409] Load DDS texture: Squad/Spaces/mk1pod_IVA/mk1pod_iva_props_diffuse
[LOG 18:23:43.417] Load DDS texture: Squad/Spaces/mk1pod_IVA/mk1pod_iva_props_emissive
[LOG 18:23:43.419] Load DDS texture: Squad/Spaces/mk1pod_IVA/mk1pod_iva_props_normal
[LOG 18:23:43.425] Load DDS texture: Squad/Spaces/mk1pod_IVA/mk1pod_iva_shell_diffuse
[LOG 18:23:43.434] Load DDS texture: Squad/Spaces/mk1pod_IVA/mk1pod_iva_shell_normal
[LOG 18:23:43.439] Load MBM texture: Squad/Spaces/mk1pod_IVA/pilot Seat
[LOG 18:23:43.487] Load DDS texture: Squad/Spaces/mk2CockpitStandardInternal/CargoBagA
[LOG 18:23:43.487] Load DDS texture: Squad/Spaces/mk2CockpitStandardInternal/Mk2StandardIVA
[LOG 18:23:43.488] Load DDS texture: Squad/Spaces/mk2CockpitStandardInternal/Pilotseat
[LOG 18:23:43.488] Load DDS texture: Squad/Spaces/mk2CockpitStandardInternal/Windows
[LOG 18:23:43.488] Load DDS texture: Squad/Spaces/Mk2CrewCabinInternal/CargoBagA
[LOG 18:23:43.489] Load DDS texture: Squad/Spaces/Mk2CrewCabinInternal/Glass
[LOG 18:23:43.489] Load DDS texture: Squad/Spaces/Mk2CrewCabinInternal/Mk2StandardIVA
[LOG 18:23:43.489] Load DDS texture: Squad/Spaces/Mk2CrewCabinInternal/Pilotseat
[LOG 18:23:43.489] Load DDS texture: Squad/Spaces/mk2InlineInternal/CockpitGeneric
[LOG 18:23:43.490] Load DDS texture: Squad/Spaces/mk2InlineInternal/CockpitGeneric_NRM
[LOG 18:23:43.491] Load DDS texture: Squad/Spaces/mk2InlineInternal/Mk2InlineLightmap
[LOG 18:23:43.492] Load DDS texture: Squad/Spaces/mk2InlineInternal/propsGeneric
[LOG 18:23:43.492] Load DDS texture: Squad/Spaces/mk2LanderCanInternal/mk2LanderCan_props_diffuse
[LOG 18:23:43.498] Load DDS texture: Squad/Spaces/mk2LanderCanInternal/mk2LanderCan_props_normal
[LOG 18:23:43.505] Load DDS texture: Squad/Spaces/mk2LanderCanInternal/mk2LanderCan_shell_diffuse
[LOG 18:23:43.514] Load DDS texture: Squad/Spaces/mk2LanderCanInternal/mk2LanderCan_shell_normal
[LOG 18:23:43.528] Load MBM texture: Squad/Spaces/mk2LanderCanInternal/pilot Seat
[LOG 18:23:43.572] Load DDS texture: Squad/Spaces/MK3CockpitInternal/Glass
[LOG 18:23:43.573] Load DDS texture: Squad/Spaces/MK3CockpitInternal/Mk2StandardIVA
[LOG 18:23:43.573] Load DDS texture: Squad/Spaces/MK3_CrewCab_Int/Glass
[LOG 18:23:43.573] Load DDS texture: Squad/Spaces/MK3_CrewCab_Int/GlassMK3CC
[LOG 18:23:43.574] Load DDS texture: Squad/Spaces/MK3_CrewCab_Int/Mk2StandardIVA
[LOG 18:23:43.574] Load DDS texture: Squad/Spaces/MK3_CrewCab_Int/MK3_CrewCab_Int
[LOG 18:23:43.575] Load DDS texture: Squad/Spaces/MK3_CrewCab_Int/MK3_CrewCab_Int_n
[LOG 18:23:43.576] Load DDS texture: Squad/Spaces/MK3_CrewCab_Int/Pilotseat
[LOG 18:23:43.576] Load DDS texture: Squad/Spaces/Placeholder/PlaceholderIVA
[LOG 18:23:43.576] Load DDS texture: Squad/Spaces/PodCockpit/model000
[LOG 18:23:43.582] Load DDS texture: Squad/Spaces/PodCockpit/model001
[LOG 18:23:43.583] Load DDS texture: Squad/Spaces/PodCockpit/model002
[LOG 18:23:43.583] Load DDS texture: Squad/Spaces/PodCockpit/model003
[LOG 18:23:43.584] Load DDS texture: Squad/Spaces/PodCockpit/model004
[LOG 18:23:43.585] Load DDS texture: Squad/Spaces/PodCockpit/model005
[LOG 18:23:43.586] Load DDS texture: Squad/Spaces/PodCockpit/model006
[LOG 18:23:43.587] Load DDS texture: Squad/Spaces/PodCockpit/model007
[LOG 18:23:43.588] Load DDS texture: Squad/Spaces/sharedAssets/CockpitGeneric
[LOG 18:23:43.588] Load DDS texture: Squad/Spaces/sharedAssets/CockpitGeneric_NRM
[LOG 18:23:43.590] Load Cached PNG Texture: Squad/Strategies/Icons/AggressiveNegotiations
[LOG 18:23:43.590] Load Cached PNG Texture: Squad/Strategies/Icons/AppreciationCampaign
[LOG 18:23:43.590] Load Cached PNG Texture: Squad/Strategies/Icons/BailOutGrant
[LOG 18:23:43.590] Load Cached PNG Texture: Squad/Strategies/Icons/FundraisingCampaign
[LOG 18:23:43.590] Load Cached PNG Texture: Squad/Strategies/Icons/LeadershipInitiative
[LOG 18:23:43.591] Load Cached PNG Texture: Squad/Strategies/Icons/OpenSourceTechProgram
[LOG 18:23:43.591] Load Cached PNG Texture: Squad/Strategies/Icons/OutsourcedResearch
[LOG 18:23:43.591] Load Cached PNG Texture: Squad/Strategies/Icons/PatentsLicensing
[LOG 18:23:43.591] Load Cached PNG Texture: Squad/Strategies/Icons/RecoveryTransponderFitting
[LOG 18:23:43.591] Load Cached PNG Texture: Squad/Strategies/Icons/ResearchRightsSellOut
[LOG 18:23:43.591] Load Cached PNG Texture: Squad/Strategies/Icons/UnpaidResearchProgram
[LOG 18:23:43.591] Load Cached PNG Texture: Squad/Tutorials/ChuteColors
[LOG 18:23:43.591] Load DDS texture: Squad/Tutorials/EditorCoM
[LOG 18:23:43.591] Load Cached PNG Texture: Squad/Tutorials/EditorSnap
[LOG 18:23:43.591] Load Cached PNG Texture: Squad/Tutorials/EditorSnap4x
[LOG 18:23:43.591] Load Cached PNG Texture: Squad/Tutorials/EditorSymm
[LOG 18:23:43.591] Load Cached PNG Texture: Squad/Tutorials/StagingStack
[LOG 18:23:43.592] Load PNG texture: Squad/Tutorials/YPRDiagram
[WRN 18:23:43.593] Texture isn't eligible for DXT compression, width and height must be multiples of 4
[LOG 18:23:43.593] Load Cached PNG Texture: SquadExpansion/MakingHistory/Banners/Fail/default
[LOG 18:23:43.593] Load Cached PNG Texture: SquadExpansion/MakingHistory/Banners/Fail/fail01
[LOG 18:23:43.593] Load Cached PNG Texture: SquadExpansion/MakingHistory/Banners/Fail/fail02
[LOG 18:23:43.593] Load PNG texture: SquadExpansion/MakingHistory/Banners/Menu/default
[WRN 18:23:43.597] Texture isn't eligible for DXT compression, width and height must be multiples of 4
[LOG 18:23:43.597] Load PNG texture: SquadExpansion/MakingHistory/Banners/Menu/MBanner_01
[WRN 18:23:43.601] Texture isn't eligible for DXT compression, width and height must be multiples of 4
[LOG 18:23:43.602] Load PNG texture: SquadExpansion/MakingHistory/Banners/Menu/MBanner_02
[WRN 18:23:43.607] Texture isn't eligible for DXT compression, width and height must be multiples of 4
[LOG 18:23:43.607] Load PNG texture: SquadExpansion/MakingHistory/Banners/Menu/MBanner_03
[WRN 18:23:43.611] Texture isn't eligible for DXT compression, width and height must be multiples of 4
[LOG 18:23:43.611] Load Cached PNG Texture: SquadExpansion/MakingHistory/Banners/Success/default
[LOG 18:23:43.611] Load Cached PNG Texture: SquadExpansion/MakingHistory/Banners/Success/success01
[LOG 18:23:43.611] Load Cached PNG Texture: SquadExpansion/MakingHistory/Banners/Success/success02
[LOG 18:23:43.611] Load Cached PNG Texture: SquadExpansion/MakingHistory/Missions/Acapello 13/Banners/Fail/fail01
[LOG 18:23:43.611] Load PNG texture: SquadExpansion/MakingHistory/Missions/Acapello 13/Banners/Menu/Mun
[WRN 18:23:43.614] Texture isn't eligible for DXT compression, width and height must be multiples of 4
[LOG 18:23:43.614] Load Cached PNG Texture: SquadExpansion/MakingHistory/Missions/Acapello 13/Banners/Success/success01
[LOG 18:23:43.615] Load Cached PNG Texture: SquadExpansion/MakingHistory/Missions/Acapello 15/Banners/Fail/default
[LOG 18:23:43.615] Load Cached PNG Texture: SquadExpansion/MakingHistory/Missions/Acapello 15/Banners/Fail/fail02
[LOG 18:23:43.615] Load PNG texture: SquadExpansion/MakingHistory/Missions/Acapello 15/Banners/Menu/default
[WRN 18:23:43.618] Texture isn't eligible for DXT compression, width and height must be multiples of 4
[LOG 18:23:43.618] Load Cached PNG Texture: SquadExpansion/MakingHistory/Missions/Acapello 15/Banners/Success/default
[LOG 18:23:43.618] Load Cached PNG Texture: SquadExpansion/MakingHistory/Missions/Blue Mun/Banners/Fail/fail01
[LOG 18:23:43.618] Load PNG texture: SquadExpansion/MakingHistory/Missions/Blue Mun/Banners/Menu/default
[WRN 18:23:43.621] Texture isn't eligible for DXT compression, width and height must be multiples of 4
[LOG 18:23:43.621] Load Cached PNG Texture: SquadExpansion/MakingHistory/Missions/Blue Mun/Banners/Success/success02
[LOG 18:23:43.621] Load Cached PNG Texture: SquadExpansion/MakingHistory/Missions/Dawn of the Space Age/Banners/Fail/default
[LOG 18:23:43.621] Load PNG texture: SquadExpansion/MakingHistory/Missions/Dawn of the Space Age/Banners/Menu/default
[WRN 18:23:43.623] Texture isn't eligible for DXT compression, width and height must be multiples of 4
[LOG 18:23:43.624] Load Cached PNG Texture: SquadExpansion/MakingHistory/Missions/Dawn of the Space Age/Banners/Success/default
[LOG 18:23:43.624] Load Cached PNG Texture: SquadExpansion/MakingHistory/Missions/Meet Me in Zero G/Banners/Fail/default
[LOG 18:23:43.624] Load Cached PNG Texture: SquadExpansion/MakingHistory/Missions/Meet Me in Zero G/Banners/Fail/fail01
[LOG 18:23:43.624] Load PNG texture: SquadExpansion/MakingHistory/Missions/Meet Me in Zero G/Banners/Menu/default
[WRN 18:23:43.627] Texture isn't eligible for DXT compression, width and height must be multiples of 4
[LOG 18:23:43.627] Load Cached PNG Texture: SquadExpansion/MakingHistory/Missions/Meet Me in Zero G/Banners/Success/default
[LOG 18:23:43.627] Load Cached PNG Texture: SquadExpansion/MakingHistory/Missions/Meet Me in Zero G/Banners/Success/success02
[LOG 18:23:43.627] Load Cached PNG Texture: SquadExpansion/MakingHistory/Missions/Munar 1/Banners/Fail/default
[LOG 18:23:43.627] Load Cached PNG Texture: SquadExpansion/MakingHistory/Missions/Munar 1/Banners/Fail/fail02
[LOG 18:23:43.627] Load PNG texture: SquadExpansion/MakingHistory/Missions/Munar 1/Banners/Menu/default
[WRN 18:23:43.630] Texture isn't eligible for DXT compression, width and height must be multiples of 4
[LOG 18:23:43.630] Load Cached PNG Texture: SquadExpansion/MakingHistory/Missions/Munar 1/Banners/Success/default
[LOG 18:23:43.630] Load Cached PNG Texture: SquadExpansion/MakingHistory/Missions/Munar 1/Banners/Success/success01
[LOG 18:23:43.630] Load Cached PNG Texture: SquadExpansion/MakingHistory/Missions/Sally-Hut 1/Banners/Fail/default
[LOG 18:23:43.630] Load Cached PNG Texture: SquadExpansion/MakingHistory/Missions/Sally-Hut 1/Banners/Fail/fail01
[LOG 18:23:43.630] Load Cached PNG Texture: SquadExpansion/MakingHistory/Missions/Sally-Hut 1/Banners/Menu/bannerSatellite
[LOG 18:23:43.630] Load Cached PNG Texture: SquadExpansion/MakingHistory/Missions/Sally-Hut 1/Banners/Success/default
[LOG 18:23:43.630] Load Cached PNG Texture: SquadExpansion/MakingHistory/Missions/Sally-Hut 1/Banners/Success/success02
[LOG 18:23:43.631] Load Cached PNG Texture: SquadExpansion/MakingHistory/Missions/To the Mun Via Minmus/Banners/Fail/fail02
[LOG 18:23:43.631] Load PNG texture: SquadExpansion/MakingHistory/Missions/To the Mun Via Minmus/Banners/Menu/MissionBannerKerbin
[WRN 18:23:43.633] Texture isn't eligible for DXT compression, width and height must be multiples of 4
[LOG 18:23:43.636] Load Cached PNG Texture: SquadExpansion/MakingHistory/Missions/To the Mun Via Minmus/Banners/Success/success01
[LOG 18:23:43.637] Load Cached PNG Texture: SquadExpansion/MakingHistory/Missions/Trouble in the Void/Banners/Fail/fail01
[LOG 18:23:43.637] Load PNG texture: SquadExpansion/MakingHistory/Missions/Trouble in the Void/Banners/Menu/default
[WRN 18:23:43.639] Texture isn't eligible for DXT compression, width and height must be multiples of 4
[LOG 18:23:43.639] Load Cached PNG Texture: SquadExpansion/MakingHistory/Missions/Trouble in the Void/Banners/Success/success02
[LOG 18:23:43.639] Load Cached PNG Texture: SquadExpansion/MakingHistory/Missions/Ziggy Kerman and the Spiders from Duna/Banners/Fail/fail02
[LOG 18:23:43.639] Load Cached PNG Texture: SquadExpansion/MakingHistory/Missions/Ziggy Kerman and the Spiders from Duna/Banners/Menu/bannerSatellite
[LOG 18:23:43.639] Load Cached PNG Texture: SquadExpansion/MakingHistory/Missions/Ziggy Kerman and the Spiders from Duna/Banners/Success/success01
[LOG 18:23:43.640] Load Cached PNG Texture: SquadExpansion/MakingHistory/Parts/@thumbs/Decoupler.1p5_icon0
[LOG 18:23:43.640] Load Cached PNG Texture: SquadExpansion/MakingHistory/Parts/@thumbs/Decoupler.1p5_icon1
[LOG 18:23:43.640] Load Cached PNG Texture: SquadExpansion/MakingHistory/Parts/@thumbs/EquiTriangle0_icon0
[LOG 18:23:43.640] Load Cached PNG Texture: SquadExpansion/MakingHistory/Parts/@thumbs/EquiTriangle0_icon1
[LOG 18:23:43.640] Load Cached PNG Texture: SquadExpansion/MakingHistory/Parts/@thumbs/EquiTriangle0_icon2
[LOG 18:23:43.640] Load Cached PNG Texture: SquadExpansion/MakingHistory/Parts/@thumbs/EquiTriangle0_icon3
[LOG 18:23:43.640] Load Cached PNG Texture: SquadExpansion/MakingHistory/Parts/@thumbs/EquiTriangle1p5_icon0
[LOG 18:23:43.640] Load Cached PNG Texture: SquadExpansion/MakingHistory/Parts/@thumbs/EquiTriangle1p5_icon1
[LOG 18:23:43.640] Load Cached PNG Texture: SquadExpansion/MakingHistory/Parts/@thumbs/EquiTriangle1p5_icon2
[LOG 18:23:43.640] Load Cached PNG Texture: SquadExpansion/MakingHistory/Parts/@thumbs/EquiTriangle1p5_icon3
[LOG 18:23:43.640] Load Cached PNG Texture: SquadExpansion/MakingHistory/Parts/@thumbs/EquiTriangle1_icon0
[LOG 18:23:43.640] Load Cached PNG Texture: SquadExpansion/MakingHistory/Parts/@thumbs/EquiTriangle1_icon1
[LOG 18:23:43.640] Load Cached PNG Texture: SquadExpansion/MakingHistory/Parts/@thumbs/EquiTriangle1_icon2
[LOG 18:23:43.640] Load Cached PNG Texture: SquadExpansion/MakingHistory/Parts/@thumbs/EquiTriangle1_icon3
[LOG 18:23:43.641] Load Cached PNG Texture: SquadExpansion/MakingHistory/Parts/@thumbs/EquiTriangle2_icon0
[LOG 18:23:43.641] Load Cached PNG Texture: SquadExpansion/MakingHistory/Parts/@thumbs/EquiTriangle2_icon1
[LOG 18:23:43.641] Load Cached PNG Texture: SquadExpansion/MakingHistory/Parts/@thumbs/EquiTriangle2_icon2
[LOG 18:23:43.641] Load Cached PNG Texture: SquadExpansion/MakingHistory/Parts/@thumbs/EquiTriangle2_icon3
[LOG 18:23:43.641] Load Cached PNG Texture: SquadExpansion/MakingHistory/Parts/@thumbs/HeatShield1p5_icon
[LOG 18:23:43.641] Load Cached PNG Texture: SquadExpansion/MakingHistory/Parts/@thumbs/InflatableAirlock_icon
[LOG 18:23:43.641] Load Cached PNG Texture: SquadExpansion/MakingHistory/Parts/@thumbs/LiquidEngineRV-1_icon
[LOG 18:23:43.641] Load Cached PNG Texture: SquadExpansion/MakingHistory/Parts/@thumbs/monopropMiniSphere_icon
[LOG 18:23:43.641] Load Cached PNG Texture: SquadExpansion/MakingHistory/Parts/@thumbs/Panel0_icon0
[LOG 18:23:43.641] Load Cached PNG Texture: SquadExpansion/MakingHistory/Parts/@thumbs/Panel0_icon1
[LOG 18:23:43.641] Load Cached PNG Texture: SquadExpansion/MakingHistory/Parts/@thumbs/Panel0_icon2
[LOG 18:23:43.641] Load Cached PNG Texture: SquadExpansion/MakingHistory/Parts/@thumbs/Panel0_icon3
[LOG 18:23:43.641] Load Cached PNG Texture: SquadExpansion/MakingHistory/Parts/@thumbs/Panel1p5_icon0
[LOG 18:23:43.641] Load Cached PNG Texture: SquadExpansion/MakingHistory/Parts/@thumbs/Panel1p5_icon1
[LOG 18:23:43.641] Load Cached PNG Texture: SquadExpansion/MakingHistory/Parts/@thumbs/Panel1p5_icon2
[LOG 18:23:43.642] Load Cached PNG Texture: SquadExpansion/MakingHistory/Parts/@thumbs/Panel1p5_icon3
[LOG 18:23:43.642] Load Cached PNG Texture: SquadExpansion/MakingHistory/Parts/@thumbs/Panel1_icon0
[LOG 18:23:43.642] Load Cached PNG Texture: SquadExpansion/MakingHistory/Parts/@thumbs/Panel1_icon1
[LOG 18:23:43.642] Load Cached PNG Texture: SquadExpansion/MakingHistory/Parts/@thumbs/Panel1_icon2
[LOG 18:23:43.642] Load Cached PNG Texture: SquadExpansion/MakingHistory/Parts/@thumbs/Panel1_icon3
[LOG 18:23:43.642] Load Cached PNG Texture: SquadExpansion/MakingHistory/Parts/@thumbs/roverWheelM1-F_icon0
[LOG 18:23:43.642] Load Cached PNG Texture: SquadExpansion/MakingHistory/Parts/@thumbs/roverWheelM1-F_icon1
[LOG 18:23:43.642] Load Cached PNG Texture: SquadExpansion/MakingHistory/Parts/@thumbs/Separator.1p5_icon0
[LOG 18:23:43.645] Load Cached PNG Texture: SquadExpansion/MakingHistory/Parts/@thumbs/Separator.1p5_icon1
[LOG 18:23:43.645] Load Cached PNG Texture: SquadExpansion/MakingHistory/Parts/@thumbs/Size1p5.Strut.Decoupler_icon0
[LOG 18:23:43.645] Load Cached PNG Texture: SquadExpansion/MakingHistory/Parts/@thumbs/Size1p5.Strut.Decoupler_icon1
[LOG 18:23:43.645] Load Cached PNG Texture: SquadExpansion/MakingHistory/Parts/@thumbs/Size1to0ServiceModule_icon
[LOG 18:23:43.645] Load Cached PNG Texture: SquadExpansion/MakingHistory/Parts/@thumbs/Triangle0_icon0
[LOG 18:23:43.645] Load Cached PNG Texture: SquadExpansion/MakingHistory/Parts/@thumbs/Triangle0_icon1
[LOG 18:23:43.645] Load Cached PNG Texture: SquadExpansion/MakingHistory/Parts/@thumbs/Triangle0_icon2
[LOG 18:23:43.645] Load Cached PNG Texture: SquadExpansion/MakingHistory/Parts/@thumbs/Triangle0_icon3
[LOG 18:23:43.646] Load Cached PNG Texture: SquadExpansion/MakingHistory/Parts/@thumbs/Triangle1p5_icon0
[LOG 18:23:43.646] Load Cached PNG Texture: SquadExpansion/MakingHistory/Parts/@thumbs/Triangle1p5_icon1
[LOG 18:23:43.646] Load Cached PNG Texture: SquadExpansion/MakingHistory/Parts/@thumbs/Triangle1p5_icon2
[LOG 18:23:43.646] Load Cached PNG Texture: SquadExpansion/MakingHistory/Parts/@thumbs/Triangle1p5_icon3
[LOG 18:23:43.646] Load Cached PNG Texture: SquadExpansion/MakingHistory/Parts/@thumbs/Triangle1_icon0
[LOG 18:23:43.646] Load Cached PNG Texture: SquadExpansion/MakingHistory/Parts/@thumbs/Triangle1_icon1
[LOG 18:23:43.646] Load Cached PNG Texture: SquadExpansion/MakingHistory/Parts/@thumbs/Triangle1_icon2
[LOG 18:23:43.646] Load Cached PNG Texture: SquadExpansion/MakingHistory/Parts/@thumbs/Triangle1_icon3
[LOG 18:23:43.646] Load Cached PNG Texture: SquadExpansion/MakingHistory/Parts/@thumbs/Triangle2_icon0
[LOG 18:23:43.646] Load Cached PNG Texture: SquadExpansion/MakingHistory/Parts/@thumbs/Triangle2_icon1
[LOG 18:23:43.646] Load Cached PNG Texture: SquadExpansion/MakingHistory/Parts/@thumbs/Triangle2_icon2
[LOG 18:23:43.647] Load Cached PNG Texture: SquadExpansion/MakingHistory/Parts/@thumbs/Triangle2_icon3
[LOG 18:23:43.647] Load Cached PNG Texture: SquadExpansion/MakingHistory/Parts/@thumbs/Tube1_icon0
[LOG 18:23:43.647] Load Cached PNG Texture: SquadExpansion/MakingHistory/Parts/@thumbs/Tube1_icon1
[LOG 18:23:43.647] Load Cached PNG Texture: SquadExpansion/MakingHistory/Parts/@thumbs/Tube1_icon2
[LOG 18:23:43.647] Load Cached PNG Texture: SquadExpansion/MakingHistory/Parts/@thumbs/Tube1_icon3
[LOG 18:23:43.647] Load Cached PNG Texture: SquadExpansion/MakingHistory/Parts/@thumbs/Tube1_icon4
[LOG 18:23:43.647] Load Cached PNG Texture: SquadExpansion/MakingHistory/Parts/Aero/protectiveRocketNoseMk5A/s1p5_cone
[LOG 18:23:43.648] Load Cached PNG Texture: SquadExpansion/MakingHistory/Parts/Aero/protectiveRocketNoseMk5A/s1p5_cone_Orange
[LOG 18:23:43.649] Load DDS texture: SquadExpansion/MakingHistory/Parts/Coupling/Assets/airlock
[LOG 18:23:43.649] Load DDS texture: SquadExpansion/MakingHistory/Parts/Coupling/Assets/airlock_N
[LOG 18:23:43.650] Load DDS texture: SquadExpansion/MakingHistory/Parts/Coupling/Assets/EnginePlate
[LOG 18:23:43.650] Load DDS texture: SquadExpansion/MakingHistory/Parts/Coupling/Assets/Size1_5_Decoupler_grey
[LOG 18:23:43.650] Load DDS texture: SquadExpansion/MakingHistory/Parts/Coupling/Assets/Size1_5_Decoupler_orange
[LOG 18:23:43.650] Load DDS texture: SquadExpansion/MakingHistory/Parts/Engine/Assets/KE-1
[LOG 18:23:43.652] Load DDS texture: SquadExpansion/MakingHistory/Parts/Engine/Assets/KE-1_BASE
[LOG 18:23:43.653] Load DDS texture: SquadExpansion/MakingHistory/Parts/Engine/Assets/LV-T87
[LOG 18:23:43.654] Load DDS texture: SquadExpansion/MakingHistory/Parts/Engine/Assets/LV-T91
[LOG 18:23:43.655] Load DDS texture: SquadExpansion/MakingHistory/Parts/Engine/Assets/RE-I2
[LOG 18:23:43.658] Load DDS texture: SquadExpansion/MakingHistory/Parts/Engine/Assets/RE-J10
[LOG 18:23:43.659] Load DDS texture: SquadExpansion/MakingHistory/Parts/Engine/Assets/RE-J10_N
[LOG 18:23:43.660] Load DDS texture: SquadExpansion/MakingHistory/Parts/Engine/Assets/RK-7
[LOG 18:23:43.662] Load DDS texture: SquadExpansion/MakingHistory/Parts/Engine/Assets/RK-7_N
[LOG 18:23:43.663] Load DDS texture: SquadExpansion/MakingHistory/Parts/Engine/solidBoosterTHK/SolidBoosterS2-17_emissive
[LOG 18:23:43.668] Load DDS texture: SquadExpansion/MakingHistory/Parts/Engine/solidBoosterTHK/solidBoosterTHK_diffuse
[LOG 18:23:43.676] Load DDS texture: SquadExpansion/MakingHistory/Parts/FuelTank/Assets/Size1p5_02
[LOG 18:23:43.677] Load DDS texture: SquadExpansion/MakingHistory/Parts/FuelTank/Assets/Size1p5_02_ALT01
[LOG 18:23:43.678] Load DDS texture: SquadExpansion/MakingHistory/Parts/FuelTank/Assets/Size1p5_02_ALT02
[LOG 18:23:43.680] Load DDS texture: SquadExpansion/MakingHistory/Parts/FuelTank/Assets/Size1p5_02_ALT02_normal
[LOG 18:23:43.680] Load DDS texture: SquadExpansion/MakingHistory/Parts/FuelTank/Assets/Size1p5_mono
[LOG 18:23:43.682] Load DDS texture: SquadExpansion/MakingHistory/Parts/FuelTank/Assets/Size1p5_mono_2
[LOG 18:23:43.683] Load DDS texture: SquadExpansion/MakingHistory/Parts/FuelTank/Assets/Size1p5_mono_N
[LOG 18:23:43.684] Load DDS texture: SquadExpansion/MakingHistory/Parts/FuelTank/Assets/Size1_5_TankAdapters
[LOG 18:23:43.686] Load DDS texture: SquadExpansion/MakingHistory/Parts/FuelTank/Assets/Size1_5_TankAdapters_ALT01
[LOG 18:23:43.686] Load DDS texture: SquadExpansion/MakingHistory/Parts/FuelTank/Assets/Size1_5_TankAdapters_ALT02
[LOG 18:23:43.688] Load DDS texture: SquadExpansion/MakingHistory/Parts/FuelTank/Assets/Size1_5_TankAdapters_ALT02nm
[LOG 18:23:43.690] Load DDS texture: SquadExpansion/MakingHistory/Parts/FuelTank/Assets/Size1_5_TankAdapters_N
[LOG 18:23:43.691] Load DDS texture: SquadExpansion/MakingHistory/Parts/FuelTank/Assets/Size1_5_Tanks
[LOG 18:23:43.693] Load DDS texture: SquadExpansion/MakingHistory/Parts/FuelTank/Assets/Size1_5_Tanks_ALT02
[LOG 18:23:43.694] Load DDS texture: SquadExpansion/MakingHistory/Parts/FuelTank/Assets/Size1_5_Tanks_ALT02_nm
[LOG 18:23:43.695] Load DDS texture: SquadExpansion/MakingHistory/Parts/FuelTank/Assets/Size1_5_Tanks_grey
[LOG 18:23:43.696] Load DDS texture: SquadExpansion/MakingHistory/Parts/FuelTank/Assets/Size4_Tanks
[LOG 18:23:43.702] Load DDS texture: SquadExpansion/MakingHistory/Parts/FuelTank/Assets/Size4_Tanks_N
[LOG 18:23:43.707] Load DDS texture: SquadExpansion/MakingHistory/Parts/Ground/Assets/RoverWheel
[LOG 18:23:43.710] Load DDS texture: SquadExpansion/MakingHistory/Parts/Ground/Assets/RoverWheelG
[LOG 18:23:43.710] Load DDS texture: SquadExpansion/MakingHistory/Parts/Payload/Assets/Size1to0ServiceBay
[LOG 18:23:43.710] Load DDS texture: SquadExpansion/MakingHistory/Parts/Payload/Assets/Size1to0ServiceBay_n
[LOG 18:23:43.712] Load DDS texture: SquadExpansion/MakingHistory/Parts/Payload/Assets/SM18_diffuse
[LOG 18:23:43.718] Load Cached PNG Texture: SquadExpansion/MakingHistory/Parts/Payload/Assets/SM18_NRM
[LOG 18:23:43.725] Load DDS texture: SquadExpansion/MakingHistory/Parts/Payload/Assets/SM18_specular
[LOG 18:23:43.731] Load DDS texture: SquadExpansion/MakingHistory/Parts/Payload/Assets/SM25_diffuse
[LOG 18:23:43.732] Load DDS texture: SquadExpansion/MakingHistory/Parts/Payload/Assets/SM25_normals
[LOG 18:23:43.734] Load DDS texture: SquadExpansion/MakingHistory/Parts/Pods/Assets/KV1
[LOG 18:23:43.735] Load DDS texture: SquadExpansion/MakingHistory/Parts/Pods/Assets/KV1_GLOW
[LOG 18:23:43.735] Load DDS texture: SquadExpansion/MakingHistory/Parts/Pods/Assets/KV2
[LOG 18:23:43.736] Load DDS texture: SquadExpansion/MakingHistory/Parts/Pods/Assets/KV3
[LOG 18:23:43.739] Load DDS texture: SquadExpansion/MakingHistory/Parts/Pods/Assets/Mk2Pod
[LOG 18:23:43.740] Load DDS texture: SquadExpansion/MakingHistory/Parts/Pods/Assets/Mk2Pod_GLOW
[LOG 18:23:43.741] Load DDS texture: SquadExpansion/MakingHistory/Parts/Pods/Assets/Mk2Pod_n
[LOG 18:23:43.743] Load DDS texture: SquadExpansion/MakingHistory/Parts/Pods/Assets/Size1_5_Lander
[LOG 18:23:43.747] Load DDS texture: SquadExpansion/MakingHistory/Parts/Pods/Assets/Size1_5_Lander_GLOW
[LOG 18:23:43.747] Load DDS texture: SquadExpansion/MakingHistory/Parts/SharedAssets/Shrouds
[LOG 18:23:43.749] Load DDS texture: SquadExpansion/MakingHistory/Parts/SharedAssets/Shrouds_N
[LOG 18:23:43.749] Load DDS texture: SquadExpansion/MakingHistory/Parts/Structural/Assets/NormalMap
[LOG 18:23:43.753] Load DDS texture: SquadExpansion/MakingHistory/Parts/Structural/Assets/Panels
[LOG 18:23:43.755] Load DDS texture: SquadExpansion/MakingHistory/Parts/Structural/Assets/Panels_Dark_D
[LOG 18:23:43.757] Load DDS texture: SquadExpansion/MakingHistory/Parts/Structural/Assets/Panels_Gold_D
[LOG 18:23:43.759] Load Cached PNG Texture: SquadExpansion/MakingHistory/Parts/Structural/Assets/Panels_Gold_NRM
[LOG 18:23:43.761] Load DDS texture: SquadExpansion/MakingHistory/Parts/Structural/Assets/Panels_Gold_S
[LOG 18:23:43.763] Load DDS texture: SquadExpansion/MakingHistory/Parts/Structural/Assets/Panels_Silver_D
[LOG 18:23:43.766] Load DDS texture: SquadExpansion/MakingHistory/Parts/Structural/Assets/Panels_Silver_S
[LOG 18:23:43.768] Load Cached PNG Texture: SquadExpansion/MakingHistory/Ships/@thumbs/VAB/Acapello
[LOG 18:23:43.768] Load Cached PNG Texture: SquadExpansion/MakingHistory/Ships/@thumbs/VAB/Beta Centaurus
[LOG 18:23:43.769] Load Cached PNG Texture: SquadExpansion/MakingHistory/Ships/@thumbs/VAB/Goliath II HLV
[LOG 18:23:43.769] Load Cached PNG Texture: SquadExpansion/MakingHistory/Ships/@thumbs/VAB/Muna 1
[LOG 18:23:43.771] Load Cached PNG Texture: SquadExpansion/MakingHistory/Ships/@thumbs/VAB/Sally-Hut 1
[LOG 18:23:43.771] Load Cached PNG Texture: SquadExpansion/MakingHistory/Ships/@thumbs/VAB/SWM-94 Communications Satellite
[LOG 18:23:43.771] Load Cached PNG Texture: SquadExpansion/MakingHistory/Ships/@thumbs/VAB/Valshkod 2
[LOG 18:23:43.771] Load DDS texture: SquadExpansion/MakingHistory/Spaces/KVPods/airlock
[LOG 18:23:43.771] Load DDS texture: SquadExpansion/MakingHistory/Spaces/KVPods/airlock_N
[LOG 18:23:43.771] Load DDS texture: SquadExpansion/MakingHistory/Spaces/KVPods/KV1_Props_Diffuse
[LOG 18:23:43.782] Load DDS texture: SquadExpansion/MakingHistory/Spaces/KVPods/KV1_Props_Normal
[LOG 18:23:43.788] Load DDS texture: SquadExpansion/MakingHistory/Spaces/KVPods/KV1_Shell_Diffuse
[LOG 18:23:43.794] Load DDS texture: SquadExpansion/MakingHistory/Spaces/KVPods/KV1_Shell_Emissive
[LOG 18:23:43.796] Load DDS texture: SquadExpansion/MakingHistory/Spaces/KVPods/KV1_Shell_Normal
[LOG 18:23:43.807] Load DDS texture: SquadExpansion/MakingHistory/Spaces/KVPods/KV1_Vzor_Diffuse
[LOG 18:23:43.808] Load DDS texture: SquadExpansion/MakingHistory/Spaces/KVPods/KV2_Props_Diffuse
[LOG 18:23:43.813] Load DDS texture: SquadExpansion/MakingHistory/Spaces/KVPods/KV2_Props_Emissive
[LOG 18:23:43.819] Load DDS texture: SquadExpansion/MakingHistory/Spaces/KVPods/KV2_Props_Normal
[LOG 18:23:43.826] Load DDS texture: SquadExpansion/MakingHistory/Spaces/KVPods/KV2_Shell_Diffuse
[LOG 18:23:43.832] Load DDS texture: SquadExpansion/MakingHistory/Spaces/KVPods/KV2_Shell_Normal
[LOG 18:23:43.838] Load DDS texture: SquadExpansion/MakingHistory/Spaces/KVPods/KV3_Props_Diffuse
[LOG 18:23:43.843] Load DDS texture: SquadExpansion/MakingHistory/Spaces/KVPods/KV3_Props_Normal
[LOG 18:23:43.849] Load DDS texture: SquadExpansion/MakingHistory/Spaces/KVPods/KV3_Shell_Diffuse
[LOG 18:23:43.853] Load DDS texture: SquadExpansion/MakingHistory/Spaces/KVPods/KV3_Shell_Normal
[LOG 18:23:43.858] Load DDS texture: SquadExpansion/MakingHistory/Spaces/KVPods/motor
[LOG 18:23:43.859] Load DDS texture: SquadExpansion/MakingHistory/Spaces/KVPods/pilot Seat
[LOG 18:23:43.860] Load DDS texture: SquadExpansion/MakingHistory/Spaces/MEM/PANELS_AO
[LOG 18:23:43.864] Load DDS texture: SquadExpansion/MakingHistory/Spaces/MEM/PANELS_EMISSIVE
[LOG 18:23:43.869] Load DDS texture: SquadExpansion/MakingHistory/Spaces/MEM/PANELS_NORMAL
[LOG 18:23:43.873] Load DDS texture: SquadExpansion/MakingHistory/Spaces/MEM/pilot Seat
[LOG 18:23:43.874] Load DDS texture: SquadExpansion/MakingHistory/Spaces/MEM/propsGeneric
[LOG 18:23:43.875] Load DDS texture: SquadExpansion/MakingHistory/Spaces/MEM/PROPS_AO
[LOG 18:23:43.879] Load DDS texture: SquadExpansion/MakingHistory/Spaces/MEM/PROPS_EMISSIVE
[LOG 18:23:43.879] Load DDS texture: SquadExpansion/MakingHistory/Spaces/MEM/PROPS_NORMAL
[LOG 18:23:43.891] Load DDS texture: SquadExpansion/MakingHistory/Spaces/Mk2Pod/DIfuse_controlboard
[LOG 18:23:43.897] Load DDS texture: SquadExpansion/MakingHistory/Spaces/Mk2Pod/Normal_controlbard
[LOG 18:23:43.904] Load DDS texture: SquadExpansion/MakingHistory/Spaces/Mk2Pod/Outershell_Base_Color
[LOG 18:23:43.911] Load DDS texture: SquadExpansion/MakingHistory/Spaces/Mk2Pod/Outershell_Normal
[LOG 18:23:43.943] Load DDS texture: SquadExpansion/MakingHistory/Spaces/Mk2Pod/pilot Seat
[LOG 18:23:43.944] Load Cached PNG Texture: SquadExpansion/Serenity/Parts/@thumbs/controller1000_icon
[LOG 18:23:43.944] Load Cached PNG Texture: SquadExpansion/Serenity/Parts/@thumbs/DeployedCentralStation_icon
[LOG 18:23:43.944] Load Cached PNG Texture: SquadExpansion/Serenity/Parts/@thumbs/DeployedGoExOb_icon
[LOG 18:23:43.944] Load Cached PNG Texture: SquadExpansion/Serenity/Parts/@thumbs/DeployedIONExp_icon
[LOG 18:23:43.944] Load Cached PNG Texture: SquadExpansion/Serenity/Parts/@thumbs/DeployedRTG_icon
[LOG 18:23:43.944] Load Cached PNG Texture: SquadExpansion/Serenity/Parts/@thumbs/DeployedSatDish_icon
[LOG 18:23:43.944] Load Cached PNG Texture: SquadExpansion/Serenity/Parts/@thumbs/DeployedSeismicSensor_icon
[LOG 18:23:43.944] Load Cached PNG Texture: SquadExpansion/Serenity/Parts/@thumbs/DeployedSolarPanel_icon
[LOG 18:23:43.944] Load Cached PNG Texture: SquadExpansion/Serenity/Parts/@thumbs/DeployedWeatherStn_icon
[LOG 18:23:43.944] Load Cached PNG Texture: SquadExpansion/Serenity/Parts/@thumbs/FanShroud.01_icon0
[LOG 18:23:43.945] Load Cached PNG Texture: SquadExpansion/Serenity/Parts/@thumbs/FanShroud.01_icon1
[LOG 18:23:43.945] Load Cached PNG Texture: SquadExpansion/Serenity/Parts/@thumbs/FanShroud.02_icon0
[LOG 18:23:43.945] Load Cached PNG Texture: SquadExpansion/Serenity/Parts/@thumbs/FanShroud.02_icon1
[LOG 18:23:43.945] Load Cached PNG Texture: SquadExpansion/Serenity/Parts/@thumbs/hinge.01.s_icon0
[LOG 18:23:43.945] Load Cached PNG Texture: SquadExpansion/Serenity/Parts/@thumbs/hinge.01.s_icon1
[LOG 18:23:43.945] Load Cached PNG Texture: SquadExpansion/Serenity/Parts/@thumbs/hinge.01_icon0
[LOG 18:23:43.945] Load Cached PNG Texture: SquadExpansion/Serenity/Parts/@thumbs/hinge.01_icon1
[LOG 18:23:43.945] Load Cached PNG Texture: SquadExpansion/Serenity/Parts/@thumbs/hinge.03.s_icon0
[LOG 18:23:43.945] Load Cached PNG Texture: SquadExpansion/Serenity/Parts/@thumbs/hinge.03.s_icon1
[LOG 18:23:43.945] Load Cached PNG Texture: SquadExpansion/Serenity/Parts/@thumbs/hinge.03_icon0
[LOG 18:23:43.945] Load Cached PNG Texture: SquadExpansion/Serenity/Parts/@thumbs/hinge.03_icon1
[LOG 18:23:43.945] Load Cached PNG Texture: SquadExpansion/Serenity/Parts/@thumbs/largeFanBlade_icon0
[LOG 18:23:43.946] Load Cached PNG Texture: SquadExpansion/Serenity/Parts/@thumbs/largeFanBlade_icon1
[LOG 18:23:43.946] Load Cached PNG Texture: SquadExpansion/Serenity/Parts/@thumbs/largePropeller_icon0
[LOG 18:23:43.946] Load Cached PNG Texture: SquadExpansion/Serenity/Parts/@thumbs/largePropeller_icon1
[LOG 18:23:43.946] Load Cached PNG Texture: SquadExpansion/Serenity/Parts/@thumbs/lGripPad_icon0
[LOG 18:23:43.946] Load Cached PNG Texture: SquadExpansion/Serenity/Parts/@thumbs/lGripPad_icon1
[LOG 18:23:43.946] Load Cached PNG Texture: SquadExpansion/Serenity/Parts/@thumbs/lGripStrip_icon
[LOG 18:23:43.946] Load Cached PNG Texture: SquadExpansion/Serenity/Parts/@thumbs/mediumFanBlade_icon0
[LOG 18:23:43.946] Load Cached PNG Texture: SquadExpansion/Serenity/Parts/@thumbs/mediumFanBlade_icon1
[LOG 18:23:43.946] Load Cached PNG Texture: SquadExpansion/Serenity/Parts/@thumbs/mediumPropeller_icon0
[LOG 18:23:43.946] Load Cached PNG Texture: SquadExpansion/Serenity/Parts/@thumbs/mediumPropeller_icon1
[LOG 18:23:43.946] Load Cached PNG Texture: SquadExpansion/Serenity/Parts/@thumbs/mGripPad_icon0
[LOG 18:23:43.946] Load Cached PNG Texture: SquadExpansion/Serenity/Parts/@thumbs/mGripPad_icon1
[LOG 18:23:43.947] Load Cached PNG Texture: SquadExpansion/Serenity/Parts/@thumbs/noseconeTiny_icon
[LOG 18:23:43.947] Load Cached PNG Texture: SquadExpansion/Serenity/Parts/@thumbs/noseconeVS_icon
[LOG 18:23:43.947] Load Cached PNG Texture: SquadExpansion/Serenity/Parts/@thumbs/piston.01_icon0
[LOG 18:23:43.947] Load Cached PNG Texture: SquadExpansion/Serenity/Parts/@thumbs/piston.01_icon1
[LOG 18:23:43.947] Load Cached PNG Texture: SquadExpansion/Serenity/Parts/@thumbs/piston.02_icon0
[LOG 18:23:43.947] Load Cached PNG Texture: SquadExpansion/Serenity/Parts/@thumbs/piston.02_icon1
[LOG 18:23:43.947] Load Cached PNG Texture: SquadExpansion/Serenity/Parts/@thumbs/piston.03_icon0
[LOG 18:23:43.947] Load Cached PNG Texture: SquadExpansion/Serenity/Parts/@thumbs/piston.03_icon1
[LOG 18:23:43.947] Load Cached PNG Texture: SquadExpansion/Serenity/Parts/@thumbs/piston.04_icon0
[LOG 18:23:43.947] Load Cached PNG Texture: SquadExpansion/Serenity/Parts/@thumbs/piston.04_icon1
[LOG 18:23:43.947] Load Cached PNG Texture: SquadExpansion/Serenity/Parts/@thumbs/RobotArmScanner.S1_icon
[LOG 18:23:43.947] Load Cached PNG Texture: SquadExpansion/Serenity/Parts/@thumbs/RobotArmScanner.S2_icon
[LOG 18:23:43.947] Load Cached PNG Texture: SquadExpansion/Serenity/Parts/@thumbs/RobotArmScanner.S3_icon
[LOG 18:23:43.948] Load Cached PNG Texture: SquadExpansion/Serenity/Parts/@thumbs/rotor.01s_icon0
[LOG 18:23:43.948] Load Cached PNG Texture: SquadExpansion/Serenity/Parts/@thumbs/rotor.01s_icon1
[LOG 18:23:43.948] Load Cached PNG Texture: SquadExpansion/Serenity/Parts/@thumbs/rotor.01_icon0
[LOG 18:23:43.948] Load Cached PNG Texture: SquadExpansion/Serenity/Parts/@thumbs/rotor.01_icon1
[LOG 18:23:43.948] Load Cached PNG Texture: SquadExpansion/Serenity/Parts/@thumbs/rotor.02s_icon0
[LOG 18:23:43.948] Load Cached PNG Texture: SquadExpansion/Serenity/Parts/@thumbs/rotor.02s_icon1
[LOG 18:23:43.948] Load Cached PNG Texture: SquadExpansion/Serenity/Parts/@thumbs/rotor.02_icon0
[LOG 18:23:43.948] Load Cached PNG Texture: SquadExpansion/Serenity/Parts/@thumbs/rotor.02_icon1
[LOG 18:23:43.948] Load Cached PNG Texture: SquadExpansion/Serenity/Parts/@thumbs/RotorEngine.02_icon
[LOG 18:23:43.948] Load Cached PNG Texture: SquadExpansion/Serenity/Parts/@thumbs/rotoServo.00_icon0
[LOG 18:23:43.948] Load Cached PNG Texture: SquadExpansion/Serenity/Parts/@thumbs/rotoServo.00_icon1
[LOG 18:23:43.948] Load Cached PNG Texture: SquadExpansion/Serenity/Parts/@thumbs/rotoServo.02_icon0
[LOG 18:23:43.949] Load Cached PNG Texture: SquadExpansion/Serenity/Parts/@thumbs/rotoServo.02_icon1
[LOG 18:23:43.949] Load Cached PNG Texture: SquadExpansion/Serenity/Parts/@thumbs/rotoServo.03_icon0
[LOG 18:23:43.949] Load Cached PNG Texture: SquadExpansion/Serenity/Parts/@thumbs/rotoServo.03_icon1
[LOG 18:23:43.949] Load Cached PNG Texture: SquadExpansion/Serenity/Parts/@thumbs/sGripPad_icon0
[LOG 18:23:43.949] Load Cached PNG Texture: SquadExpansion/Serenity/Parts/@thumbs/sGripPad_icon1
[LOG 18:23:43.949] Load Cached PNG Texture: SquadExpansion/Serenity/Parts/@thumbs/sGripStrip_icon
[LOG 18:23:43.949] Load Cached PNG Texture: SquadExpansion/Serenity/Parts/@thumbs/smallFanBlade_icon0
[LOG 18:23:43.949] Load Cached PNG Texture: SquadExpansion/Serenity/Parts/@thumbs/smallFanBlade_icon1
[LOG 18:23:43.949] Load Cached PNG Texture: SquadExpansion/Serenity/Parts/@thumbs/smallHeliBlade_icon0
[LOG 18:23:43.949] Load Cached PNG Texture: SquadExpansion/Serenity/Parts/@thumbs/smallHeliBlade_icon1
[LOG 18:23:43.949] Load Cached PNG Texture: SquadExpansion/Serenity/Parts/@thumbs/smallPropeller_icon0
[LOG 18:23:43.950] Load Cached PNG Texture: SquadExpansion/Serenity/Parts/@thumbs/smallPropeller_icon1
[LOG 18:23:43.950] Load DDS texture: SquadExpansion/Serenity/Parts/Aero/Assets/copterBlades_diffuse
[LOG 18:23:43.950] Load DDS texture: SquadExpansion/Serenity/Parts/Aero/Assets/shroudsDiffuse_color
[LOG 18:23:43.950] Load DDS texture: SquadExpansion/Serenity/Parts/Aero/Assets/shroudsDiffuse_plain
[LOG 18:23:43.950] Load Cached PNG Texture: SquadExpansion/Serenity/Parts/DeployedScience/MockupTexture
[LOG 18:23:43.950] Load DDS texture: SquadExpansion/Serenity/Parts/DeployedScience/Assets/centralStation_diffuse
[LOG 18:23:43.952] Load DDS texture: SquadExpansion/Serenity/Parts/DeployedScience/Assets/centralStation_emissive
[LOG 18:23:43.972] Load DDS texture: SquadExpansion/Serenity/Parts/DeployedScience/Assets/GenericParts_diffuse
[LOG 18:23:43.982] Load DDS texture: SquadExpansion/Serenity/Parts/DeployedScience/Assets/GenericParts_emissive
[LOG 18:23:43.984] Load DDS texture: SquadExpansion/Serenity/Parts/DeployedScience/Assets/GenericParts_normal
[LOG 18:23:43.985] Load DDS texture: SquadExpansion/Serenity/Parts/DeployedScience/Assets/goex_diffuse
[LOG 18:23:43.988] Load DDS texture: SquadExpansion/Serenity/Parts/DeployedScience/Assets/goex_specMapped
[LOG 18:23:43.991] Load DDS texture: SquadExpansion/Serenity/Parts/DeployedScience/Assets/Grid
[LOG 18:23:43.992] Load DDS texture: SquadExpansion/Serenity/Parts/DeployedScience/Assets/IonExperiment_diffuse
[LOG 18:23:43.992] Load DDS texture: SquadExpansion/Serenity/Parts/DeployedScience/Assets/RTGCask_diffuse
[LOG 18:23:43.993] Load DDS texture: SquadExpansion/Serenity/Parts/DeployedScience/Assets/satDish_diffuse
[LOG 18:23:43.994] Load Cached PNG Texture: SquadExpansion/Serenity/Parts/DeployedScience/Assets/Scratch
[LOG 18:23:43.995] Load DDS texture: SquadExpansion/Serenity/Parts/DeployedScience/Assets/Screen2
[LOG 18:23:43.995] Load DDS texture: SquadExpansion/Serenity/Parts/DeployedScience/Assets/Screen3
[LOG 18:23:43.995] Load DDS texture: SquadExpansion/Serenity/Parts/DeployedScience/Assets/ScreenReadout
[LOG 18:23:43.996] Load DDS texture: SquadExpansion/Serenity/Parts/DeployedScience/Assets/seismicSensor_diffuse
[LOG 18:23:43.996] Load DDS texture: SquadExpansion/Serenity/Parts/DeployedScience/Assets/seismicSensor_nrm
[LOG 18:23:43.997] Load DDS texture: SquadExpansion/Serenity/Parts/DeployedScience/Assets/seismicSensor_specularMapped
[LOG 18:23:43.998] Load DDS texture: SquadExpansion/Serenity/Parts/DeployedScience/Assets/SolarGraph
[LOG 18:23:43.998] Load DDS texture: SquadExpansion/Serenity/Parts/DeployedScience/Assets/solarPanel_diffuse
[LOG 18:23:43.999] Load DDS texture: SquadExpansion/Serenity/Parts/DeployedScience/Assets/Waveleght3
[LOG 18:23:43.999] Load DDS texture: SquadExpansion/Serenity/Parts/DeployedScience/Assets/Wavelenght
[LOG 18:23:43.999] Load DDS texture: SquadExpansion/Serenity/Parts/DeployedScience/Assets/Wavelenght2
[LOG 18:23:43.999] Load DDS texture: SquadExpansion/Serenity/Parts/DeployedScience/Assets/wavelenght4
[LOG 18:23:44.000] Load DDS texture: SquadExpansion/Serenity/Parts/DeployedScience/Assets/wavelenght5
[LOG 18:23:44.000] Load DDS texture: SquadExpansion/Serenity/Parts/DeployedScience/Assets/WeatherStation [Normal]
[LOG 18:23:44.027] Load DDS texture: SquadExpansion/Serenity/Parts/DeployedScience/Assets/Weather_Station_diffuse
[LOG 18:23:44.035] Load DDS texture: SquadExpansion/Serenity/Parts/DeployedScience/Assets/Weather_Station_normal
[LOG 18:23:44.041] Load DDS texture: SquadExpansion/Serenity/Parts/Propellers/Assets/blade_diffuse
[LOG 18:23:44.043] Load DDS texture: SquadExpansion/Serenity/Parts/Propellers/Assets/copterBlades_diffuse
[LOG 18:23:44.043] Load DDS texture: SquadExpansion/Serenity/Parts/Propellers/Assets/fan_diffuse
[LOG 18:23:44.043] Load DDS texture: SquadExpansion/Serenity/Parts/Robotics/Assets/hinges-03-s_diffuse_Color
[LOG 18:23:44.043] Load DDS texture: SquadExpansion/Serenity/Parts/Robotics/Assets/hinges-03_diffuse_color
[LOG 18:23:44.044] Load DDS texture: SquadExpansion/Serenity/Parts/Robotics/Assets/hinges-03_diffuse_plain
[LOG 18:23:44.045] Load DDS texture: SquadExpansion/Serenity/Parts/Robotics/Assets/hinges_diffuse
[LOG 18:23:44.045] Load DDS texture: SquadExpansion/Serenity/Parts/Robotics/Assets/Hinge_diffuse_G-00_Color
[LOG 18:23:44.046] Load DDS texture: SquadExpansion/Serenity/Parts/Robotics/Assets/Hinge_diffuse_G-11_Color
[LOG 18:23:44.046] Load DDS texture: SquadExpansion/Serenity/Parts/Robotics/Assets/Hinge_diffuse_G-11_plain
[LOG 18:23:44.046] Load DDS texture: SquadExpansion/Serenity/Parts/Robotics/Assets/Hinge_normal
[LOG 18:23:44.046] Load DDS texture: SquadExpansion/Serenity/Parts/Robotics/Assets/RotorEngine_02_diffuse
[LOG 18:23:44.046] Load DDS texture: SquadExpansion/Serenity/Parts/Robotics/Assets/RotorEngine_03_diffuse
[LOG 18:23:44.047] Load DDS texture: SquadExpansion/Serenity/Parts/Robotics/Assets/RotorEngine_03_normal
[LOG 18:23:44.048] Load DDS texture: SquadExpansion/Serenity/Parts/Robotics/Assets/Rotor_01_diffuse_color
[LOG 18:23:44.048] Load DDS texture: SquadExpansion/Serenity/Parts/Robotics/Assets/Rotor_01_diffuse_plain
[LOG 18:23:44.049] Load DDS texture: SquadExpansion/Serenity/Parts/Robotics/Assets/Rotor_01_normal
[LOG 18:23:44.049] Load DDS texture: SquadExpansion/Serenity/Parts/Robotics/Assets/Rotor_01_specular_D
[LOG 18:23:44.050] Load DDS texture: SquadExpansion/Serenity/Parts/Robotics/Assets/Rotor_02_diffuse_color
[LOG 18:23:44.050] Load DDS texture: SquadExpansion/Serenity/Parts/Robotics/Assets/Rotor_03_diffuse_color
[LOG 18:23:44.052] Load DDS texture: SquadExpansion/Serenity/Parts/Robotics/Assets/Rotor_03_diffuse_plain
[LOG 18:23:44.052] Load DDS texture: SquadExpansion/Serenity/Parts/Robotics/Assets/Rotor_03_normal
[LOG 18:23:44.053] Load DDS texture: SquadExpansion/Serenity/Parts/Robotics/Assets/rotoServos_diffuse_color
[LOG 18:23:44.054] Load DDS texture: SquadExpansion/Serenity/Parts/Robotics/Assets/rotoServos_diffuse_plain
[LOG 18:23:44.055] Load DDS texture: SquadExpansion/Serenity/Parts/Robotics/Assets/rotoServos_nrm
[LOG 18:23:44.055] Load DDS texture: SquadExpansion/Serenity/Parts/Robotics/Controllers/roboController_diffuse
[LOG 18:23:44.056] Load DDS texture: SquadExpansion/Serenity/Parts/Robotics/Controllers/roboController_emissive
[LOG 18:23:44.056] Load Cached PNG Texture: SquadExpansion/Serenity/Parts/Science/RobotArmScanner/Assets/DrillBits
[LOG 18:23:44.056] Load DDS texture: SquadExpansion/Serenity/Parts/Science/RobotArmScanner/Assets/DustParticle
[WRN 18:23:44.056] Duplicate PNG texture 'SquadExpansion/Serenity/Parts/Science/RobotArmScanner/Assets/DustParticle' with extension 'png' won't be loaded
[LOG 18:23:44.056] Load DDS texture: SquadExpansion/Serenity/Parts/Science/RobotArmScanner/Assets/GenericParts_diffuse
[LOG 18:23:44.063] Load DDS texture: SquadExpansion/Serenity/Parts/Science/RobotArmScanner/Assets/GenericParts_normal
[LOG 18:23:44.069] Load DDS texture: SquadExpansion/Serenity/Parts/Science/RobotArmScanner/Assets/ROCArm3_diffuse
[LOG 18:23:44.075] Load DDS texture: SquadExpansion/Serenity/Parts/Science/RobotArmScanner/Assets/ROCArm3_normal
[LOG 18:23:44.081] Load DDS texture: SquadExpansion/Serenity/Parts/Science/RobotArmScanner/Assets/ROCArm_2_diffuse
[LOG 18:23:44.082] Load DDS texture: SquadExpansion/Serenity/Parts/Science/RobotArmScanner/Assets/ROCArm_2_normal
[LOG 18:23:44.085] Load Cached PNG Texture: SquadExpansion/Serenity/Parts/Science/RobotArmScanner/Assets/Scratch
[LOG 18:23:44.086] Load DDS texture: SquadExpansion/Serenity/Parts/Science/RobotArmScanner/Assets/SmallArm_diffuse
[LOG 18:23:44.086] Load DDS texture: SquadExpansion/Serenity/Parts/Science/RobotArmScanner/Assets/SmallArm_normal
[LOG 18:23:44.087] Load DDS texture: SquadExpansion/Serenity/Parts/Structural/gripPads/Assets/gripPads_diffuse
[LOG 18:23:44.088] Load DDS texture: SquadExpansion/Serenity/Parts/Structural/gripPads/Assets/gripPads_nrm
[LOG 18:23:44.089] Load Cached PNG Texture: SquadExpansion/Serenity/Ships/@thumbs/SPH/Arrow-E
[LOG 18:23:44.089] Load Cached PNG Texture: SquadExpansion/Serenity/Ships/@thumbs/SPH/Butterfly Rover
[LOG 18:23:44.089] Load Cached PNG Texture: SquadExpansion/Serenity/Ships/@thumbs/SPH/Jeb_s Quadtaxi
[LOG 18:23:44.090] Load Cached PNG Texture: SquadExpansion/Serenity/Ships/@thumbs/SPH/Kerbodyne Rotodyne
[LOG 18:23:44.090] Load Cached PNG Texture: SquadExpansion/Serenity/Ships/@thumbs/SPH/Seahawk
[LOG 18:23:44.090] Load Cached PNG Texture: SquadExpansion/Serenity/Ships/@thumbs/SPH/Val-Thopter
[LOG 18:23:44.095] Load MU model: Squad/FX/afterburner_flame
[LOG 18:23:44.103] Load MU model: Squad/FX/afterburner_shock
[LOG 18:23:44.104] Load MU model: Squad/FX/diamondBlue
[LOG 18:23:44.104] Load MU model: Squad/FX/exhaustFlames_blue
[LOG 18:23:44.223] Load MU model: Squad/FX/hydroLOXFlame
[LOG 18:23:44.224] Load MU model: Squad/FX/IonPlume
[LOG 18:23:44.225] Load MU model: Squad/FX/ks1_Exhaust
[LOG 18:23:44.225] Load MU model: Squad/FX/ks25_Exhaust
[LOG 18:23:44.225] Load MU model: Squad/FX/ksX_Exhaust
[LOG 18:23:44.226] Load MU model: Squad/FX/LES_Thruster
[LOG 18:23:44.226] Load MU model: Squad/FX/Monoprop_big
[LOG 18:23:44.226] Load MU model: Squad/FX/Monoprop_medium
[LOG 18:23:44.227] Load MU model: Squad/FX/Monoprop_small
[LOG 18:23:44.227] Load MU model: Squad/FX/shockExhaust_blue
[LOG 18:23:44.227] Load MU model: Squad/FX/shockExhaust_blue_small
[LOG 18:23:44.228] Load MU model: Squad/FX/shockExhaust_red_small
[LOG 18:23:44.228] Load MU model: Squad/FX/SRB_Large
[LOG 18:23:44.228] Load MU model: Squad/FX/SRB_LargeSparks
[LOG 18:23:44.229] Load MU model: Squad/Parts/Aero/aerodynamicNoseCone/aerodynamicNoseCone
[LOG 18:23:44.232] Load MU model: Squad/Parts/Aero/airbrake/Airbrake
[LOG 18:23:44.233] Load MU model: Squad/Parts/Aero/airIntakeRadialXM-G50/RadialIntake
[LOG 18:23:44.234] Load MU model: Squad/Parts/Aero/airlinerWings/ControlSurface
[LOG 18:23:44.234] Load MU model: Squad/Parts/Aero/airlinerWings/MainWing
[LOG 18:23:44.235] Load MU model: Squad/Parts/Aero/airlinerWings/TailFin
[LOG 18:23:44.237] Load MU model: Squad/Parts/Aero/airplaneFins/AdvCanard
[LOG 18:23:44.237] Load MU model: Squad/Parts/Aero/airplaneFins/Canard
[LOG 18:23:44.237] Load MU model: Squad/Parts/Aero/airplaneFins/Swept
[LOG 18:23:44.238] Load MU model: Squad/Parts/Aero/airplaneFins/TailFin
[LOG 18:23:44.238] Load MU model: Squad/Parts/Aero/basicFin/basicFin
[LOG 18:23:44.238] Load MU model: Squad/Parts/Aero/circularIntake/CircularIntake
[LOG 18:23:44.240] Load MU model: Squad/Parts/Aero/circularIntake/ConeIntake
[LOG 18:23:44.240] Load MU model: Squad/Parts/Aero/cones/Assets/AvioCone
[LOG 18:23:44.241] Load MU model: Squad/Parts/Aero/cones/Assets/ConeA
[LOG 18:23:44.241] Load MU model: Squad/Parts/Aero/cones/Assets/ConeB
[LOG 18:23:44.241] Load MU model: Squad/Parts/Aero/cones/Assets/NCS
[LOG 18:23:44.242] Load MU model: Squad/Parts/Aero/cones/Assets/orangeNoseCone
[LOG 18:23:44.242] Load MU model: Squad/Parts/Aero/cones/Assets/rocketNoseCone
[LOG 18:23:44.242] Load MU model: Squad/Parts/Aero/cones/Assets/rocketNoseCone_v2
[LOG 18:23:44.243] Load MU model: Squad/Parts/Aero/cones/Assets/rocketNoseCone_v3
[LOG 18:23:44.243] Load MU model: Squad/Parts/Aero/cones/Assets/TailA
[LOG 18:23:44.244] Load MU model: Squad/Parts/Aero/cones/Assets/TailB
[LOG 18:23:44.244] Load MU model: Squad/Parts/Aero/cones/Assets/TinyCone
[LOG 18:23:44.244] Load MU model: Squad/Parts/Aero/fairings/AutoTruss
[LOG 18:23:44.245] Load MU model: Squad/Parts/Aero/fairings/fairingSize1
[LOG 18:23:44.245] Load MU model: Squad/Parts/Aero/fairings/fairingSize2
[LOG 18:23:44.245] Load MU model: Squad/Parts/Aero/fairings/fairingSize3
[LOG 18:23:44.246] Load MU model: Squad/Parts/Aero/HeatShield/HeatShield0
[LOG 18:23:44.246] Load MU model: Squad/Parts/Aero/HeatShield/HeatShield1
[LOG 18:23:44.246] Load MU model: Squad/Parts/Aero/HeatShield/HeatShield2
[LOG 18:23:44.247] Load MU model: Squad/Parts/Aero/HeatShield/HeatShield3
[LOG 18:23:44.247] Load MU model: Squad/Parts/Aero/InflatableHeatShield/HeatShield
[LOG 18:23:44.250] Load MU model: Squad/Parts/Aero/intakeRadialLong/IntakeRadial
[LOG 18:23:44.251] Load MU model: Squad/Parts/Aero/miniIntake/SmallIntake
[LOG 18:23:44.251] Load MU model: Squad/Parts/Aero/ramAirIntake/RampIntake
[LOG 18:23:44.252] Load MU model: Squad/Parts/Aero/shuttleWings/ShuttleDeltaWing
[LOG 18:23:44.252] Load MU model: Squad/Parts/Aero/shuttleWings/ShuttleElevonA
[LOG 18:23:44.252] Load MU model: Squad/Parts/Aero/shuttleWings/ShuttleElevonB
[LOG 18:23:44.252] Load MU model: Squad/Parts/Aero/shuttleWings/ShuttleRudder
[LOG 18:23:44.253] Load MU model: Squad/Parts/Aero/shuttleWings/ShuttleStrake
[LOG 18:23:44.253] Load MU model: Squad/Parts/Aero/wingletAV-R8/model
[LOG 18:23:44.253] Load MU model: Squad/Parts/Aero/wingletAV-T1/model
[LOG 18:23:44.253] Load MU model: Squad/Parts/Aero/wingletDeltaDeluxe/model
[LOG 18:23:44.254] Load MU model: Squad/Parts/Aero/wings/connector1
[LOG 18:23:44.254] Load MU model: Squad/Parts/Aero/wings/connector2
[LOG 18:23:44.254] Load MU model: Squad/Parts/Aero/wings/connector3
[LOG 18:23:44.254] Load MU model: Squad/Parts/Aero/wings/connector4
[LOG 18:23:44.254] Load MU model: Squad/Parts/Aero/wings/connector5
[LOG 18:23:44.255] Load MU model: Squad/Parts/Aero/wings/delta
[LOG 18:23:44.255] Load MU model: Squad/Parts/Aero/wings/delta_small
[LOG 18:23:44.255] Load MU model: Squad/Parts/Aero/wings/elevon1
[LOG 18:23:44.255] Load MU model: Squad/Parts/Aero/wings/elevon2
[LOG 18:23:44.255] Load MU model: Squad/Parts/Aero/wings/elevon3
[LOG 18:23:44.255] Load MU model: Squad/Parts/Aero/wings/elevon4
[LOG 18:23:44.255] Load MU model: Squad/Parts/Aero/wings/elevon5
[LOG 18:23:44.257] Load MU model: Squad/Parts/Aero/wings/strake
[LOG 18:23:44.257] Load MU model: Squad/Parts/Aero/wings/structural1
[LOG 18:23:44.257] Load MU model: Squad/Parts/Aero/wings/structural2
[LOG 18:23:44.257] Load MU model: Squad/Parts/Aero/wings/structural3
[LOG 18:23:44.258] Load MU model: Squad/Parts/Aero/wings/structural4
[LOG 18:23:44.258] Load MU model: Squad/Parts/Aero/wings/swept1
[LOG 18:23:44.258] Load MU model: Squad/Parts/Aero/wings/swept2
[LOG 18:23:44.259] Load MU model: Squad/Parts/Cargo/CargoContainers/cargoContainer
[LOG 18:23:44.259] Load MU model: Squad/Parts/Cargo/CargoContainers/smallCargoContainer
[LOG 18:23:44.259] Load MU model: Squad/Parts/Cargo/Cylinder/EVAcylinder
[LOG 18:23:44.259] Load MU model: Squad/Parts/Cargo/GroundAnchor/groundAnchor
[LOG 18:23:44.261] Load MU model: Squad/Parts/Cargo/Jetpack/Jetpack
[LOG 18:23:44.262] Load MU model: Squad/Parts/Cargo/Parachute/Parachute
[LOG 18:23:44.262] Load MU model: Squad/Parts/Cargo/RepairKit/RepairKit
[LOG 18:23:44.284] Load MU model: Squad/Parts/Cargo/ScienceKit/ExperimentKit
[LOG 18:23:44.285] Load MU model: Squad/Parts/Cargo/StorageUnits/Assets/CargoStorageUnit
[LOG 18:23:44.285] Load MU model: Squad/Parts/Cargo/StorageUnits/Assets/ConformalStorageUnit
[LOG 18:23:44.286] Load MU model: Squad/Parts/Command/advancedSasModuleLarge/model
[LOG 18:23:44.286] Load MU model: Squad/Parts/Command/cupola/model
[LOG 18:23:44.287] Load MU model: Squad/Parts/Command/externalCommandSeat/model
[LOG 18:23:44.287] Load MU model: Squad/Parts/Command/hitchhikerStorageContainer/model
[LOG 18:23:44.288] Load MU model: Squad/Parts/Command/inlineAdvancedStabilizer/model
[LOG 18:23:44.288] Load MU model: Squad/Parts/Command/inlineReactionWheel/model
[LOG 18:23:44.288] Load MU model: Squad/Parts/Command/Mk1-3Pod/Mk1-3
[LOG 18:23:44.289] Load MU model: Squad/Parts/Command/mk1Cockpits/Cabin
[LOG 18:23:44.291] Load MU model: Squad/Parts/Command/mk1Cockpits/CockpitInline
[LOG 18:23:44.292] Load MU model: Squad/Parts/Command/mk1Cockpits/CockpitStandard
[LOG 18:23:44.312] Load MU model: Squad/Parts/Command/mk1LanderCan/model
[LOG 18:23:44.313] Load MU model: Squad/Parts/Command/mk1pod_v2/Mk1Pod_v2
[LOG 18:23:44.313] Load MU model: Squad/Parts/Command/mk2CockpitInline/model
[LOG 18:23:44.314] Load MU model: Squad/Parts/Command/mk2CockpitStandard/model
[LOG 18:23:44.314] Load MU model: Squad/Parts/Command/mk2DroneCore/model
[LOG 18:23:44.314] Load MU model: Squad/Parts/Command/mk2LanderCan/model
[LOG 18:23:44.315] Load MU model: Squad/Parts/Command/mk2LanderCan_v2/mk2LanderCan
[LOG 18:23:44.316] Load MU model: Squad/Parts/Command/mk3CockpitShuttle/model
[LOG 18:23:44.316] Load MU model: Squad/Parts/Command/MpoProbe/MpoProbe
[LOG 18:23:44.317] Load MU model: Squad/Parts/Command/MtmStage/MTM_Stage
[LOG 18:23:44.317] Load MU model: Squad/Parts/Command/probeCoreCube/probeCoreCube
[LOG 18:23:44.318] Load MU model: Squad/Parts/Command/probeCoreHex/model
[LOG 18:23:44.318] Load MU model: Squad/Parts/Command/probeCoreHex_v2/model
[LOG 18:23:44.318] Load MU model: Squad/Parts/Command/probeCoreOcto2_v2/probeCoreOcto2_v2
[LOG 18:23:44.318] Load MU model: Squad/Parts/Command/probeCoreOcto_v2/probeCoreOcto_v2
[LOG 18:23:44.319] Load MU model: Squad/Parts/Command/probeRoverBody/model
[LOG 18:23:44.319] Load MU model: Squad/Parts/Command/probeRoverBody_v2/probeRoverBody_v2
[LOG 18:23:44.319] Load MU model: Squad/Parts/Command/probeStackLarge/model
[LOG 18:23:44.319] Load MU model: Squad/Parts/Command/probeStackSmall/model
[LOG 18:23:44.319] Load MU model: Squad/Parts/Command/probeStackSphere_v2/probeStackSphere_v2
[LOG 18:23:44.320] Load MU model: Squad/Parts/CompoundParts/FuelLine/model
[LOG 18:23:44.320] Load MU model: Squad/Parts/CompoundParts/strutConnector/model
[LOG 18:23:44.320] Load MU model: Squad/Parts/Coupling/Assets/Decoupler_0
[LOG 18:23:44.321] Load MU model: Squad/Parts/Coupling/Assets/Decoupler_1
[LOG 18:23:44.321] Load MU model: Squad/Parts/Coupling/Assets/Decoupler_1p5
[LOG 18:23:44.321] Load MU model: Squad/Parts/Coupling/Assets/Decoupler_2
[LOG 18:23:44.322] Load MU model: Squad/Parts/Coupling/Assets/Decoupler_3
[LOG 18:23:44.322] Load MU model: Squad/Parts/Coupling/Assets/Decoupler_4
[LOG 18:23:44.322] Load MU model: Squad/Parts/Coupling/Assets/Separator_0
[LOG 18:23:44.323] Load MU model: Squad/Parts/Coupling/Assets/Separator_1
[LOG 18:23:44.324] Load MU model: Squad/Parts/Coupling/Assets/Separator_1p5
[LOG 18:23:44.324] Load MU model: Squad/Parts/Coupling/Assets/Separator_2
[LOG 18:23:44.325] Load MU model: Squad/Parts/Coupling/Assets/Separator_3
[LOG 18:23:44.325] Load MU model: Squad/Parts/Coupling/Assets/Separator_4
[LOG 18:23:44.326] Load MU model: Squad/Parts/Electrical/10CSolarPanels/assets/OX-10C
[LOG 18:23:44.327] Load MU model: Squad/Parts/Electrical/10CSolarPanels/assets/SP-10C
[LOG 18:23:44.329] Load MU model: Squad/Parts/Electrical/10LSolarPanels/assets/OX-10L
[LOG 18:23:44.330] Load MU model: Squad/Parts/Electrical/10LSolarPanels/assets/SP-10L
[LOG 18:23:44.332] Load MU model: Squad/Parts/Electrical/1x6ShroudSolarPanels/model
[LOG 18:23:44.333] Load MU model: Squad/Parts/Electrical/1x6SolarPanels/model
[LOG 18:23:44.333] Load MU model: Squad/Parts/Electrical/3x2ShroudSolarPanels/model
[LOG 18:23:44.334] Load MU model: Squad/Parts/Electrical/3x2SolarPanels/model
[LOG 18:23:44.335] Load MU model: Squad/Parts/Electrical/gigantorXlSolarArray/model
[LOG 18:23:44.335] Load MU model: Squad/Parts/Electrical/radialFlatSolarPanel/model
[LOG 18:23:44.335] Load MU model: Squad/Parts/Electrical/RTG/model
[LOG 18:23:44.335] Load MU model: Squad/Parts/Electrical/z-100Battery/model
[LOG 18:23:44.336] Load MU model: Squad/Parts/Electrical/z-1kBattery/model
[LOG 18:23:44.336] Load MU model: Squad/Parts/Electrical/z-200Battery/model
[LOG 18:23:44.336] Load MU model: Squad/Parts/Electrical/z-400Battery/model
[LOG 18:23:44.336] Load MU model: Squad/Parts/Electrical/z-4kBattery/model
[LOG 18:23:44.336] Load MU model: Squad/Parts/Engine/ionEngine/model
[LOG 18:23:44.337] Load MU model: Squad/Parts/Engine/jetEngines/turbineInside
[LOG 18:23:44.337] Load MU model: Squad/Parts/Engine/jetEngines/turboFanSize1
[LOG 18:23:44.337] Load MU model: Squad/Parts/Engine/jetEngines/turboFanSize2
[LOG 18:23:44.338] Load MU model: Squad/Parts/Engine/jetEngines/turboJet
[LOG 18:23:44.339] Load MU model: Squad/Parts/Engine/jetEngines/turboRamJet
[LOG 18:23:44.340] Load MU model: Squad/Parts/Engine/liquidEngine24-77/model
[LOG 18:23:44.340] Load MU model: Squad/Parts/Engine/liquidEngine24-77_v2/Twitch_v2
[LOG 18:23:44.340] Load MU model: Squad/Parts/Engine/liquidEngine48-7S_v2/SparkV2
[LOG 18:23:44.342] Load MU model: Squad/Parts/Engine/liquidEngineAerospike/AeroSpike
[LOG 18:23:44.342] Load MU model: Squad/Parts/Engine/liquidEngineLV-1_v2/Assets/Ant
[LOG 18:23:44.342] Load MU model: Squad/Parts/Engine/liquidEngineLV-1_v2/Assets/Spider
[LOG 18:23:44.343] Load MU model: Squad/Parts/Engine/liquidEngineLV-909_v2/TerrierV2
[LOG 18:23:44.344] Load MU model: Squad/Parts/Engine/liquidEngineLV-N/model
[LOG 18:23:44.345] Load MU model: Squad/Parts/Engine/liquidEngineLV-T30/model
[LOG 18:23:44.345] Load MU model: Squad/Parts/Engine/liquidEngineLV-T30_v2/Reliant_v2
[LOG 18:23:44.347] Load MU model: Squad/Parts/Engine/liquidEngineLV-T45/model
[LOG 18:23:44.347] Load MU model: Squad/Parts/Engine/liquidEngineLV-T45_v2/Swivel_v2
[LOG 18:23:44.349] Load MU model: Squad/Parts/Engine/liquidEngineMainsail_v2/liquidEngineMainsail_v2
[LOG 18:23:44.350] Load MU model: Squad/Parts/Engine/liquidEngineMk55/Thud
[LOG 18:23:44.351] Load MU model: Squad/Parts/Engine/liquidEnginePoodle_v2/LqdEnginePoodle_v2
[LOG 18:23:44.354] Load MU model: Squad/Parts/Engine/liquidEngineSkipper_v2/skipper_v2
[LOG 18:23:44.355] Load MU model: Squad/Parts/Engine/liquidEngineSSME/SSME
[LOG 18:23:44.356] Load MU model: Squad/Parts/Engine/MassiveSRB/MassiveSRB
[LOG 18:23:44.356] Load MU model: Squad/Parts/Engine/miniJet/SmallJet
[LOG 18:23:44.357] Load MU model: Squad/Parts/Engine/OMSEngine/Puff_v2
[LOG 18:23:44.358] Load MU model: Squad/Parts/Engine/rapierEngine/rapier
[LOG 18:23:44.360] Load MU model: Squad/Parts/Engine/Size1_SRBs/SRB10
[LOG 18:23:44.360] Load MU model: Squad/Parts/Engine/Size1_SRBs/SRB5
[LOG 18:23:44.361] Load MU model: Squad/Parts/Engine/Size2LFB/Size2LFB
[LOG 18:23:44.362] Load MU model: Squad/Parts/Engine/Size2LFB_v2/Size2LFB_v2
[LOG 18:23:44.363] Load MU model: Squad/Parts/Engine/Size3AdvancedEngine/Size3AdvancedEngine
[LOG 18:23:44.364] Load MU model: Squad/Parts/Engine/Size3EngineCluster/Size3EngineCluster
[LOG 18:23:44.365] Load MU model: Squad/Parts/Engine/solidBoosterBACC/model
[LOG 18:23:44.366] Load MU model: Squad/Parts/Engine/solidBoosterS2-17/solidBoosterS2-17
[LOG 18:23:44.367] Load MU model: Squad/Parts/Engine/solidBoosterS2-33/solidBoosterS2-33
[LOG 18:23:44.367] Load MU model: Squad/Parts/Engine/solidBoosterSep/model
[LOG 18:23:44.368] Load MU model: Squad/Parts/Engine/SolidBoostersF/Assets/SolidBoosterF3S0
[LOG 18:23:44.368] Load MU model: Squad/Parts/Engine/SolidBoostersF/Assets/SolidBoosterFM1
[LOG 18:23:44.368] Load MU model: Squad/Parts/FuelTank/adapterTanks/Mk3-Mk2
[LOG 18:23:44.369] Load MU model: Squad/Parts/FuelTank/adapterTanks/Mk3-Size2
[LOG 18:23:44.369] Load MU model: Squad/Parts/FuelTank/adapterTanks/Mk3-Size2Slant
[LOG 18:23:44.369] Load MU model: Squad/Parts/FuelTank/adapterTanks/ShuttleAdapter
[LOG 18:23:44.370] Load MU model: Squad/Parts/FuelTank/adapterTanks/Size2-Mk2
[LOG 18:23:44.370] Load MU model: Squad/Parts/FuelTank/adapterTanks/Size2-Size1
[LOG 18:23:44.370] Load MU model: Squad/Parts/FuelTank/adapterTanks/Size2-Size1Slant
[LOG 18:23:44.370] Load MU model: Squad/Parts/FuelTank/adapterTanks/Size3-Mk3
[LOG 18:23:44.371] Load MU model: Squad/Parts/FuelTank/drainTankFTE-1/fuelValve
[LOG 18:23:44.371] Load MU model: Squad/Parts/FuelTank/FoilTanks/RadialTank_Capsule
[LOG 18:23:44.371] Load MU model: Squad/Parts/FuelTank/FoilTanks/RadialTank_Round
[LOG 18:23:44.371] Load MU model: Squad/Parts/FuelTank/FoilTanks/ToroidTank
[LOG 18:23:44.372] Load MU model: Squad/Parts/FuelTank/fuelTankOscarB/model
[LOG 18:23:44.372] Load MU model: Squad/Parts/FuelTank/miniFuselage/Fuselage
[LOG 18:23:44.372] Load MU model: Squad/Parts/FuelTank/mk2Adapters/bicoupler
[LOG 18:23:44.373] Load MU model: Squad/Parts/FuelTank/mk2Adapters/long
[LOG 18:23:44.373] Load MU model: Squad/Parts/FuelTank/mk2Adapters/standard
[LOG 18:23:44.373] Load MU model: Squad/Parts/FuelTank/mk2FuselageLong/FuselageLongLFO
[LOG 18:23:44.374] Load MU model: Squad/Parts/FuelTank/mk2FuselageLong/FuselageLongLiquid
[LOG 18:23:44.374] Load MU model: Squad/Parts/FuelTank/mk2FuselageShort/FuselageShortLFO
[LOG 18:23:44.374] Load MU model: Squad/Parts/FuelTank/mk2FuselageShort/FuselageShortLiquid
[LOG 18:23:44.374] Load MU model: Squad/Parts/FuelTank/mk2FuselageShort/FuselageShortMono
[LOG 18:23:44.375] Load MU model: Squad/Parts/FuelTank/mk3Fuselage/CREW
[LOG 18:23:44.375] Load MU model: Squad/Parts/FuelTank/mk3Fuselage/LFO_100
[LOG 18:23:44.375] Load MU model: Squad/Parts/FuelTank/mk3Fuselage/LFO_25
[LOG 18:23:44.375] Load MU model: Squad/Parts/FuelTank/mk3Fuselage/LFO_50
[LOG 18:23:44.376] Load MU model: Squad/Parts/FuelTank/mk3Fuselage/LF_100
[LOG 18:23:44.376] Load MU model: Squad/Parts/FuelTank/mk3Fuselage/LF_25
[LOG 18:23:44.376] Load MU model: Squad/Parts/FuelTank/mk3Fuselage/LF_50
[LOG 18:23:44.376] Load MU model: Squad/Parts/FuelTank/mk3Fuselage/MONO
[LOG 18:23:44.376] Load MU model: Squad/Parts/FuelTank/RCSFuelTankR1/RCSFuelTankR1_01
[LOG 18:23:44.377] Load MU model: Squad/Parts/FuelTank/RCSFuelTankR10/model
[LOG 18:23:44.377] Load MU model: Squad/Parts/FuelTank/RCSFuelTankR25/RCSFuelTankR25
[LOG 18:23:44.378] Load MU model: Squad/Parts/FuelTank/RCSTankRadial/model
[LOG 18:23:44.378] Load MU model: Squad/Parts/FuelTank/RCStankRadialLong/model
[LOG 18:23:44.378] Load MU model: Squad/Parts/FuelTank/RockomaxTanks/Assets/Rockomax16
[LOG 18:23:44.378] Load MU model: Squad/Parts/FuelTank/RockomaxTanks/Assets/Rockomax32
[LOG 18:23:44.379] Load MU model: Squad/Parts/FuelTank/RockomaxTanks/Assets/Rockomax64
[LOG 18:23:44.379] Load MU model: Squad/Parts/FuelTank/RockomaxTanks/Assets/Rockomax8
[LOG 18:23:44.379] Load MU model: Squad/Parts/FuelTank/Size1_Tanks/Size1Tank_01
[LOG 18:23:44.380] Load MU model: Squad/Parts/FuelTank/Size1_Tanks/Size1Tank_02
[LOG 18:23:44.380] Load MU model: Squad/Parts/FuelTank/Size1_Tanks/Size1Tank_03
[LOG 18:23:44.380] Load MU model: Squad/Parts/FuelTank/Size1_Tanks/Size1Tank_04
[LOG 18:23:44.381] Load MU model: Squad/Parts/FuelTank/Size3Tanks/Size3LargeTank
[LOG 18:23:44.381] Load MU model: Squad/Parts/FuelTank/Size3Tanks/Size3MediumTank
[LOG 18:23:44.381] Load MU model: Squad/Parts/FuelTank/Size3Tanks/Size3SmallTank
[LOG 18:23:44.381] Load MU model: Squad/Parts/FuelTank/xenonTank/model
[LOG 18:23:44.382] Load MU model: Squad/Parts/FuelTank/xenonTankLarge/model
[LOG 18:23:44.382] Load MU model: Squad/Parts/FuelTank/xenonTankRadial/model
[LOG 18:23:44.382] Load MU model: Squad/Parts/Misc/AsteroidDay/CamSat
[LOG 18:23:44.383] Load MU model: Squad/Parts/Misc/AsteroidDay/HECS2
[LOG 18:23:44.383] Load MU model: Squad/Parts/Misc/AsteroidDay/HighGainAntenna
[LOG 18:23:44.384] Load MU model: Squad/Parts/Misc/AsteroidDay/LgRadialSolar
[LOG 18:23:44.384] Load MU model: Squad/Parts/Misc/PotatoComet/Cube
[LOG 18:23:44.384] Load MU model: Squad/Parts/Misc/PotatoRoid/Cube
[LOG 18:23:44.384] Load MU model: Squad/Parts/Resources/FuelCell/FuelCell
[LOG 18:23:44.385] Load MU model: Squad/Parts/Resources/FuelCell/FuelCellArray
[LOG 18:23:44.385] Load MU model: Squad/Parts/Resources/ISRU/ISRU
[LOG 18:23:44.386] Load MU model: Squad/Parts/Resources/LargeTank/LargeTank
[LOG 18:23:44.386] Load MU model: Squad/Parts/Resources/MiniDrill/MiniDrill
[LOG 18:23:44.388] Load MU model: Squad/Parts/Resources/MiniISRU/MiniISRU
[LOG 18:23:44.388] Load MU model: Squad/Parts/Resources/OrbitalScanner/OrbitalScanner
[LOG 18:23:44.389] Load MU model: Squad/Parts/Resources/RadialDrill/TriBitDrill
[LOG 18:23:44.392] Load MU model: Squad/Parts/Resources/RadialTank/RadialOreTank
[LOG 18:23:44.393] Load MU model: Squad/Parts/Resources/SmallTank/SmallTank
[LOG 18:23:44.393] Load MU model: Squad/Parts/Resources/SurfaceScanner/SurfaceScanner
[LOG 18:23:44.393] Load MU model: Squad/Parts/Resources/SurveyScanner/SurveyScanner
[LOG 18:23:44.394] Load MU model: Squad/Parts/Science/AtmosphereSensor/model
[LOG 18:23:44.394] Load MU model: Squad/Parts/Science/GooExperiment/GooExperiment
[LOG 18:23:44.394] Load MU model: Squad/Parts/Science/LargeCrewedLab/large_crewed_lab
[LOG 18:23:44.395] Load MU model: Squad/Parts/Science/Magnetometer/Magnetometer
[LOG 18:23:44.400] Load MU model: Squad/Parts/Science/MaterialBay/science_module_small
[LOG 18:23:44.401] Load MU model: Squad/Parts/Science/ScienceBox/ScienceBox
[LOG 18:23:44.401] Load MU model: Squad/Parts/Science/sensorAccelerometer/model
[LOG 18:23:44.401] Load MU model: Squad/Parts/Science/sensorBarometer/model
[LOG 18:23:44.401] Load MU model: Squad/Parts/Science/sensorGravimeter/model
[LOG 18:23:44.401] Load MU model: Squad/Parts/Science/sensorThermometer/model
[LOG 18:23:44.401] Load MU model: Squad/Parts/Structural/FLAdapters/Assets/adapterSmallMiniShort_v2
[LOG 18:23:44.402] Load MU model: Squad/Parts/Structural/FLAdapters/Assets/adapterSmallMiniTall_v2
[LOG 18:23:44.402] Load MU model: Squad/Parts/Structural/mk1Parts/Fuselage
[LOG 18:23:44.402] Load MU model: Squad/Parts/Structural/mk1Parts/IntakeFuselage
[LOG 18:23:44.403] Load MU model: Squad/Parts/Structural/mk1Parts/Nacelle1
[LOG 18:23:44.403] Load MU model: Squad/Parts/Structural/mk1Parts/Nacelle2
[LOG 18:23:44.403] Load MU model: Squad/Parts/Structural/mk1Parts/Structural
[LOG 18:23:44.403] Load MU model: Squad/Parts/Structural/mk1Parts/StructuralHollow
[LOG 18:23:44.404] Load MU model: Squad/Parts/Structural/Size3To2Adapter_v2/Size2to3_v2
[LOG 18:23:44.404] Load MU model: Squad/Parts/Structural/stackAdapters/Assets/adapterLargeSmallBi
[LOG 18:23:44.405] Load MU model: Squad/Parts/Structural/stackAdapters/Assets/adapterLargeSmallQuad
[LOG 18:23:44.405] Load MU model: Squad/Parts/Structural/stackAdapters/Assets/adapterLargeSmallTri
[LOG 18:23:44.405] Load MU model: Squad/Parts/Structural/stationHub/model
[LOG 18:23:44.406] Load MU model: Squad/Parts/Structural/structuralIBeam200/model
[LOG 18:23:44.406] Load MU model: Squad/Parts/Structural/structuralIBeam200Pocket/model
[LOG 18:23:44.406] Load MU model: Squad/Parts/Structural/structuralIBeam650/model
[LOG 18:23:44.406] Load MU model: Squad/Parts/Structural/structuralMicronode/model
[LOG 18:23:44.406] Load MU model: Squad/Parts/Structural/structuralPanel1x1/model
[LOG 18:23:44.407] Load MU model: Squad/Parts/Structural/structuralPanel2x2/model
[LOG 18:23:44.407] Load MU model: Squad/Parts/Structural/structuralPylons/PylonBig
[LOG 18:23:44.407] Load MU model: Squad/Parts/Structural/structuralPylons/PylonSmall
[LOG 18:23:44.407] Load MU model: Squad/Parts/Structural/strutCubicOcto/model
[LOG 18:23:44.407] Load MU model: Squad/Parts/Structural/strutOcto/model
[LOG 18:23:44.407] Load MU model: Squad/Parts/Structural/trussGirderAdapter/model
[LOG 18:23:44.408] Load MU model: Squad/Parts/Structural/trussGirderL/model
[LOG 18:23:44.408] Load MU model: Squad/Parts/Structural/trussGirderXL/model
[LOG 18:23:44.408] Load MU model: Squad/Parts/Thermal/FoldingRadiators/foldingRadLarge
[LOG 18:23:44.413] Load MU model: Squad/Parts/Thermal/FoldingRadiators/foldingRadMed
[LOG 18:23:44.416] Load MU model: Squad/Parts/Thermal/FoldingRadiators/foldingRadSmall
[LOG 18:23:44.418] Load MU model: Squad/Parts/Thermal/RadiatorPanels/radPanelEdge
[LOG 18:23:44.419] Load MU model: Squad/Parts/Thermal/RadiatorPanels/radPanelLg
[LOG 18:23:44.419] Load MU model: Squad/Parts/Thermal/RadiatorPanels/radPanelSm
[LOG 18:23:44.419] Load MU model: Squad/Parts/Utility/commDish88-88/model
[LOG 18:23:44.426] Load MU model: Squad/Parts/Utility/commsAntennaDTS-M1/mediumDishAntenna
[LOG 18:23:44.428] Load MU model: Squad/Parts/Utility/commsDish16/model
[LOG 18:23:44.429] Load MU model: Squad/Parts/Utility/decouplerRadialHDM/model
[LOG 18:23:44.429] Load MU model: Squad/Parts/Utility/decouplerRadialTT-38K/model
[LOG 18:23:44.429] Load MU model: Squad/Parts/Utility/decouplerRadialTT-70/model
[LOG 18:23:44.429] Load MU model: Squad/Parts/Utility/DirectAntennas/HGAntenna
[LOG 18:23:44.430] Load MU model: Squad/Parts/Utility/DirectAntennas/HGAntenna_v2
[LOG 18:23:44.431] Load MU model: Squad/Parts/Utility/DirectAntennas/SurfAntenna
[LOG 18:23:44.431] Load MU model: Squad/Parts/Utility/dockingPort/dockingPort
[LOG 18:23:44.432] Load MU model: Squad/Parts/Utility/dockingPortInline/dockingPortInline
[LOG 18:23:44.433] Load MU model: Squad/Parts/Utility/dockingPortJr/dockingPortJr
[LOG 18:23:44.433] Load MU model: Squad/Parts/Utility/dockingPortShielded/dockingPortShielded
[LOG 18:23:44.434] Load MU model: Squad/Parts/Utility/dockingPortSr/dockingPortSr
[LOG 18:23:44.435] Load MU model: Squad/Parts/Utility/Fireworks/Assets/fireworksLauncherBig
[LOG 18:23:44.435] Load MU model: Squad/Parts/Utility/Fireworks/Assets/fireworksLauncherSmall
[LOG 18:23:44.436] Load MU model: Squad/Parts/Utility/flags/flagFlat/flagFlatMeshes
[LOG 18:23:44.439] Load MU model: Squad/Parts/Utility/flags/flagSize0/flagSize0Meshes
[LOG 18:23:44.441] Load MU model: Squad/Parts/Utility/flags/flagSize1/flagSize1Meshes
[LOG 18:23:44.442] Load MU model: Squad/Parts/Utility/flags/flagSize2/flagSize2Meshes
[LOG 18:23:44.444] Load MU model: Squad/Parts/Utility/flags/flagSize3/flagSize3Meshes
[LOG 18:23:44.445] Load MU model: Squad/Parts/Utility/GrapplingDevice/GrapplingArm
[LOG 18:23:44.450] Load MU model: Squad/Parts/Utility/ladderRadial/model
[LOG 18:23:44.450] Load MU model: Squad/Parts/Utility/ladderTelescopic/model
[LOG 18:23:44.451] Load MU model: Squad/Parts/Utility/ladderTelescopicBay/model
[LOG 18:23:44.453] Load MU model: Squad/Parts/Utility/landingLegLT-1/model
[LOG 18:23:44.454] Load MU model: Squad/Parts/Utility/landingLegLT-2/model
[LOG 18:23:44.454] Load MU model: Squad/Parts/Utility/landingLegLT-5/model
[WRN 18:23:44.456] WheelCollider requires an attached Rigidbody to function.
[WRN 18:23:44.456] WheelCollider requires an attached Rigidbody to function.
[LOG 18:23:44.457] Load MU model: Squad/Parts/Utility/launchClamp1/model
[LOG 18:23:44.457] Load MU model: Squad/Parts/Utility/launchEscapeSystem/LaunchEscapeSystem
[LOG 18:23:44.458] Load MU model: Squad/Parts/Utility/Lights/Assets/light_02
[LOG 18:23:44.458] Load MU model: Squad/Parts/Utility/Lights/Assets/light_03
[LOG 18:23:44.460] Load MU model: Squad/Parts/Utility/Lights/Assets/light_04
[LOG 18:23:44.460] Load MU model: Squad/Parts/Utility/Lights/Assets/light_07
[LOG 18:23:44.461] Load MU model: Squad/Parts/Utility/Lights/Assets/light_08
[LOG 18:23:44.461] Load MU model: Squad/Parts/Utility/Lights/Assets/light_12
[LOG 18:23:44.462] Load MU model: Squad/Parts/Utility/linearVernorRCS/Assets/linearRCS
[LOG 18:23:44.462] Load MU model: Squad/Parts/Utility/linearVernorRCS/Assets/vernorEngine
[LOG 18:23:44.463] Load MU model: Squad/Parts/Utility/mk2CargoBay/BayLarge
[LOG 18:23:44.463] Load MU model: Squad/Parts/Utility/mk2CargoBay/BaySmall
[LOG 18:23:44.464] Load MU model: Squad/Parts/Utility/mk2CrewCabin/model
[LOG 18:23:44.464] Load MU model: Squad/Parts/Utility/mk2DockingPort/mk2Dockingport
[LOG 18:23:44.465] Load MU model: Squad/Parts/Utility/mk3CargoBay/long
[LOG 18:23:44.466] Load MU model: Squad/Parts/Utility/mk3CargoBay/medium
[LOG 18:23:44.467] Load MU model: Squad/Parts/Utility/mk3CargoBay/ramp
[LOG 18:23:44.468] Load MU model: Squad/Parts/Utility/mk3CargoBay/short
[LOG 18:23:44.469] Load MU model: Squad/Parts/Utility/parachuteMk1/model
[LOG 18:23:44.469] Load MU model: Squad/Parts/Utility/parachuteMk12-R/model
[LOG 18:23:44.469] Load MU model: Squad/Parts/Utility/parachuteMk16-XL/model
[LOG 18:23:44.470] Load MU model: Squad/Parts/Utility/parachuteMk2-R/model
[LOG 18:23:44.470] Load MU model: Squad/Parts/Utility/parachuteMk25/model
[LOG 18:23:44.470] Load MU model: Squad/Parts/Utility/radialAttachmentPoint/model
[LOG 18:23:44.471] Load MU model: Squad/Parts/Utility/rcsBlockRV-105_v2/rcsBlock105
[LOG 18:23:44.472] Load MU model: Squad/Parts/Utility/rcsSmallLinear/Assets/RCSLinearSmall
[LOG 18:23:44.472] Load MU model: Squad/Parts/Utility/RelayAntennas/HGAntenna
[LOG 18:23:44.474] Load MU model: Squad/Parts/Utility/RelayAntennas/RA-100
[LOG 18:23:44.474] Load MU model: Squad/Parts/Utility/RelayAntennas/RA-5
[LOG 18:23:44.474] Load MU model: Squad/Parts/Utility/RelayAntennas/RA-50
[LOG 18:23:44.475] Load MU model: Squad/Parts/Utility/rockomaxAdapters/Assets/brandAdapter
[LOG 18:23:44.475] Load MU model: Squad/Parts/Utility/rockomaxAdapters/Assets/brandAdapter02
[LOG 18:23:44.475] Load MU model: Squad/Parts/Utility/ServiceBay_v2/Assets/ServiceBay_125_v2
[LOG 18:23:44.477] Load MU model: Squad/Parts/Utility/ServiceBay_v2/Assets/ServiceBay_250_v2
[LOG 18:23:44.478] Load MU model: Squad/Parts/Utility/smallClaw/smallClaw
[LOG 18:23:44.482] Load MU model: Squad/Parts/Utility/spotLightMk1/model
[LOG 18:23:44.483] Load MU model: Squad/Parts/Utility/spotLightMk1_v2/model
[LOG 18:23:44.483] Load MU model: Squad/Parts/Utility/spotLightMk2/model
[LOG 18:23:44.483] Load MU model: Squad/Parts/Utility/spotLightMk2_v2/model
[LOG 18:23:44.484] Load MU model: Squad/Parts/Utility/stackCouplers/Assets/stackBiCoupler_v2
[LOG 18:23:44.484] Load MU model: Squad/Parts/Utility/stackCouplers/Assets/stackQuadCoupler
[LOG 18:23:44.484] Load MU model: Squad/Parts/Utility/stackCouplers/Assets/stackTriCoupler_v2
[LOG 18:23:44.484] Load MU model: Squad/Parts/Wheel/LandingGear/GearExtraLarge
[WRN 18:23:44.486] WheelCollider requires an attached Rigidbody to function.
[WRN 18:23:44.486] WheelCollider requires an attached Rigidbody to function.
[LOG 18:23:44.487] Load MU model: Squad/Parts/Wheel/LandingGear/GearFixed
[WRN 18:23:44.487] WheelCollider requires an attached Rigidbody to function.
[WRN 18:23:44.487] WheelCollider requires an attached Rigidbody to function.
[LOG 18:23:44.487] Load MU model: Squad/Parts/Wheel/LandingGear/GearFree
[WRN 18:23:44.488] WheelCollider requires an attached Rigidbody to function.
[WRN 18:23:44.488] WheelCollider requires an attached Rigidbody to function.
[LOG 18:23:44.488] Load MU model: Squad/Parts/Wheel/LandingGear/GearLarge
[WRN 18:23:44.488] WheelCollider requires an attached Rigidbody to function.
[WRN 18:23:44.488] WheelCollider requires an attached Rigidbody to function.
[LOG 18:23:44.489] Load MU model: Squad/Parts/Wheel/LandingGear/GearMedium
[WRN 18:23:44.490] WheelCollider requires an attached Rigidbody to function.
[WRN 18:23:44.490] WheelCollider requires an attached Rigidbody to function.
[LOG 18:23:44.490] Load MU model: Squad/Parts/Wheel/LandingGear/GearSmall
[WRN 18:23:44.490] WheelCollider requires an attached Rigidbody to function.
[WRN 18:23:44.490] WheelCollider requires an attached Rigidbody to function.
[LOG 18:23:44.490] Load MU model: Squad/Parts/Wheel/roverWheelM1/model
[WRN 18:23:44.491] WheelCollider requires an attached Rigidbody to function.
[WRN 18:23:44.491] WheelCollider requires an attached Rigidbody to function.
[LOG 18:23:44.491] Load MU model: Squad/Parts/Wheel/roverWheelS2/model
[WRN 18:23:44.491] WheelCollider requires an attached Rigidbody to function.
[WRN 18:23:44.491] WheelCollider requires an attached Rigidbody to function.
[LOG 18:23:44.492] Load MU model: Squad/Parts/Wheel/roverWheelTR-2L/model
[WRN 18:23:44.492] WheelCollider requires an attached Rigidbody to function.
[WRN 18:23:44.492] WheelCollider requires an attached Rigidbody to function.
[LOG 18:23:44.494] Load MU model: Squad/Parts/Wheel/roverWheelXL3/model
[WRN 18:23:44.495] WheelCollider requires an attached Rigidbody to function.
[WRN 18:23:44.496] WheelCollider requires an attached Rigidbody to function.
[LOG 18:23:44.496] Load MU model: Squad/Props/AltimeterThreeHands/model
[LOG 18:23:44.496] Load MU model: Squad/Props/AtmosphereDepth/model
[LOG 18:23:44.496] Load MU model: Squad/Props/AxisIndicator/model
[LOG 18:23:44.496] Load MU model: Squad/Props/buttonsGeneric/circularButton
[LOG 18:23:44.496] Load MU model: Squad/Props/buttonsGeneric/clusterButtons
[LOG 18:23:44.497] Load MU model: Squad/Props/buttonsGeneric/clusterButtons2
[LOG 18:23:44.497] Load MU model: Squad/Props/buttonsGeneric/clusterKnob
[LOG 18:23:44.497] Load MU model: Squad/Props/buttonsGeneric/clusterKnob2
[LOG 18:23:44.497] Load MU model: Squad/Props/buttonsGeneric/clusterMixed
[LOG 18:23:44.497] Load MU model: Squad/Props/buttonsGeneric/clusterSwitches01
[LOG 18:23:44.498] Load MU model: Squad/Props/buttonsGeneric/clusterSwitches02
[LOG 18:23:44.498] Load MU model: Squad/Props/buttonsGeneric/clusterSwitches03
[LOG 18:23:44.499] Load MU model: Squad/Props/buttonsGeneric/clusterSwitches04
[LOG 18:23:44.499] Load MU model: Squad/Props/buttonsGeneric/clusterSwitches05
[LOG 18:23:44.499] Load MU model: Squad/Props/buttonsGeneric/clusterSwitches06
[LOG 18:23:44.499] Load MU model: Squad/Props/buttonsGeneric/clusterSwitches07
[LOG 18:23:44.500] Load MU model: Squad/Props/buttonsGeneric/directionalKnob
[LOG 18:23:44.500] Load MU model: Squad/Props/buttonsGeneric/directionalKnob2
[LOG 18:23:44.500] Load MU model: Squad/Props/buttonsGeneric/pullSwitch
[LOG 18:23:44.500] Load MU model: Squad/Props/buttonsGeneric/squareButton
[LOG 18:23:44.500] Load MU model: Squad/Props/buttonsGeneric/standingSwitch
[LOG 18:23:44.500] Load MU model: Squad/Props/buttonsGeneric/switch
[LOG 18:23:44.501] Load MU model: Squad/Props/buttonsGeneric/switchWithGuards
[LOG 18:23:44.501] Load MU model: Squad/Props/ButtonSquare/model
[LOG 18:23:44.501] Load MU model: Squad/Props/circularButton/model
[LOG 18:23:44.501] Load MU model: Squad/Props/Compass/model
[LOG 18:23:44.501] Load MU model: Squad/Props/directionalKnob/model
[LOG 18:23:44.501] Load MU model: Squad/Props/directionalKnob2/model
[LOG 18:23:44.501] Load MU model: Squad/Props/IndicatorPanel/model
[LOG 18:23:44.502] Load MU model: Squad/Props/IVANavBall/model
[LOG 18:23:44.502] Load MU model: Squad/Props/IVANavBallNoBase/model
[LOG 18:23:44.503] Load MU model: Squad/Props/ledPanelSpeed/model
[LOG 18:23:44.503] Load MU model: Squad/Props/Monitor/MonitorDockingMode
[LOG 18:23:44.503] Load MU model: Squad/Props/NavBall/model
[LOG 18:23:44.504] Load MU model: Squad/Props/PropsGeneric/Button_DockingMode
[LOG 18:23:44.504] Load MU model: Squad/Props/PropsGeneric/CargoBagA
[LOG 18:23:44.507] Load MU model: Squad/Props/PropsGeneric/CargoBagB
[LOG 18:23:44.507] Load MU model: Squad/Props/PropsGeneric/CargoBagC
[LOG 18:23:44.507] Load MU model: Squad/Props/PropsGeneric/Hatch_Plane
[LOG 18:23:44.507] Load MU model: Squad/Props/PropsGeneric/Hatch_Plane_Curve90
[LOG 18:23:44.508] Load MU model: Squad/Props/PropsGeneric/Hatch_Plane_Frame
[LOG 18:23:44.508] Load MU model: Squad/Props/PropsGeneric/Seat_Passenger
[LOG 18:23:44.508] Load MU model: Squad/Props/PropsGeneric/Seat_Pilot
[LOG 18:23:44.508] Load MU model: Squad/Props/PropsGeneric/Seat_Pilot_Helmet
[LOG 18:23:44.508] Load MU model: Squad/Props/PropsGeneric/SideStick
[LOG 18:23:44.508] Load MU model: Squad/Props/pullSwitch/model
[LOG 18:23:44.508] Load MU model: Squad/Props/radarAltitude/model
[LOG 18:23:44.509] Load MU model: Squad/Props/squareButton/model
[LOG 18:23:44.509] Load MU model: Squad/Props/standingSwitch/model
[LOG 18:23:44.509] Load MU model: Squad/Props/switch/model
[LOG 18:23:44.509] Load MU model: Squad/Props/switchGuard/model
[LOG 18:23:44.509] Load MU model: Squad/Props/switchWithGuards/model
[LOG 18:23:44.509] Load MU model: Squad/Props/throttle/model
[LOG 18:23:44.510] Load MU model: Squad/Props/VSI/model
[LOG 18:23:44.510] Load MU model: Squad/Spaces/crewCabinInternals/model
[LOG 18:23:44.512] Load MU model: Squad/Spaces/cupolaInternal/model
[LOG 18:23:44.513] Load MU model: Squad/Spaces/GenericSpace1/model
[LOG 18:23:44.514] Load MU model: Squad/Spaces/GenericSpace3/model
[LOG 18:23:44.516] Load MU model: Squad/Spaces/landerCabinInternals/model
[LOG 18:23:44.518] Load MU model: Squad/Spaces/landerCabinSmallInternal/model
[LOG 18:23:44.519] Load MU model: Squad/Spaces/LargeCrewedLabInternals/Large_Crewed_lab_Int
[LOG 18:23:44.521] Load MU model: Squad/Spaces/Mk1-3/model
[LOG 18:23:44.524] Load MU model: Squad/Spaces/mk1CabinInternal/mk1cabin
[LOG 18:23:44.527] Load MU model: Squad/Spaces/mk1CockpitInternal/Mk1StandardIVA
[LOG 18:23:44.530] Load MU model: Squad/Spaces/mk1InlineInternal/Mk1InlineIVA
[LOG 18:23:44.530] Load MU model: Squad/Spaces/mk1PodCockpit/model
[LOG 18:23:44.532] Load MU model: Squad/Spaces/mk1pod_IVA/mk1pod_IVA
[LOG 18:23:44.533] Load MU model: Squad/Spaces/mk2CockpitStandardInternal/model
[LOG 18:23:44.534] Load MU model: Squad/Spaces/Mk2CrewCabinInternal/MK2_CrewCab_Int
[LOG 18:23:44.535] Load MU model: Squad/Spaces/mk2InlineInternal/mk2InlineIVA
[LOG 18:23:44.537] Load MU model: Squad/Spaces/mk2LanderCanInternal/mk2LanderCanInternal
[LOG 18:23:44.539] Load MU model: Squad/Spaces/MK3CockpitInternal/MK3_Cockpit_Int
[LOG 18:23:44.540] Load MU model: Squad/Spaces/MK3_CrewCab_Int/MK3_CrewCab_Int
[LOG 18:23:44.544] Load MU model: Squad/Spaces/OverlayMasks/CupolaMask
[LOG 18:23:44.544] Load MU model: Squad/Spaces/OverlayMasks/HitchhikerBorder
[LOG 18:23:44.545] Load MU model: Squad/Spaces/OverlayMasks/HitchhikerMask
[LOG 18:23:44.545] Load MU model: Squad/Spaces/OverlayMasks/LargeLabBorder
[LOG 18:23:44.545] Load MU model: Squad/Spaces/OverlayMasks/LargeLabMask
[LOG 18:23:44.545] Load MU model: Squad/Spaces/OverlayMasks/Mk1CabinBorder
[LOG 18:23:44.545] Load MU model: Squad/Spaces/OverlayMasks/Mk1CabinMask
[LOG 18:23:44.546] Load MU model: Squad/Spaces/OverlayMasks/Mk1InlineMask
[LOG 18:23:44.546] Load MU model: Squad/Spaces/OverlayMasks/Mk1InlineMask2
[LOG 18:23:44.546] Load MU model: Squad/Spaces/OverlayMasks/Mk1StandardBorder2
[LOG 18:23:44.546] Load MU model: Squad/Spaces/OverlayMasks/Mk1StandardBorder3
[LOG 18:23:44.546] Load MU model: Squad/Spaces/OverlayMasks/Mk1StandardMask
[LOG 18:23:44.546] Load MU model: Squad/Spaces/OverlayMasks/Mk1StandardMask2
[LOG 18:23:44.546] Load MU model: Squad/Spaces/OverlayMasks/Mk1StandardMask3
[LOG 18:23:44.546] Load MU model: Squad/Spaces/OverlayMasks/Mk2CabinBorder
[LOG 18:23:44.546] Load MU model: Squad/Spaces/OverlayMasks/Mk2CabinMask
[LOG 18:23:44.546] Load MU model: Squad/Spaces/OverlayMasks/Mk2InlineBorder
[LOG 18:23:44.547] Load MU model: Squad/Spaces/OverlayMasks/Mk2InlineMask
[LOG 18:23:44.547] Load MU model: Squad/Spaces/OverlayMasks/Mk2StandardBorder
[LOG 18:23:44.547] Load MU model: Squad/Spaces/OverlayMasks/Mk2StandardMask
[LOG 18:23:44.547] Load MU model: Squad/Spaces/OverlayMasks/Mk3CabinBorder
[LOG 18:23:44.547] Load MU model: Squad/Spaces/OverlayMasks/Mk3CabinMask
[LOG 18:23:44.547] Load MU model: Squad/Spaces/OverlayMasks/Mk3CabinMask2
[LOG 18:23:44.547] Load MU model: Squad/Spaces/OverlayMasks/Mk3ShuttleBorder
[LOG 18:23:44.547] Load MU model: Squad/Spaces/OverlayMasks/Mk3ShuttleMask
[LOG 18:23:44.547] Load MU model: Squad/Spaces/OverlayMasks/Size1LanderBorder
[LOG 18:23:44.548] Load MU model: Squad/Spaces/OverlayMasks/Size1LanderMask
[LOG 18:23:44.548] Load MU model: Squad/Spaces/OverlayMasks/Size1PodBorder
[LOG 18:23:44.548] Load MU model: Squad/Spaces/OverlayMasks/Size1PodMask
[LOG 18:23:44.548] Load MU model: Squad/Spaces/OverlayMasks/Size2LanderBorder
[LOG 18:23:44.548] Load MU model: Squad/Spaces/OverlayMasks/Size2LanderMask
[LOG 18:23:44.548] Load MU model: Squad/Spaces/OverlayMasks/Size2PodBorder
[LOG 18:23:44.548] Load MU model: Squad/Spaces/OverlayMasks/Size2PodMask
[LOG 18:23:44.548] Load MU model: Squad/Spaces/Placeholder/PlaceholderIVA
[LOG 18:23:44.549] Load MU model: Squad/Spaces/PodCockpit/model
[LOG 18:23:44.551] Load MU model: SquadExpansion/MakingHistory/Parts/Aero/protectiveRocketNoseMk5A/Size_1_5_Cone
[LOG 18:23:44.552] Load MU model: SquadExpansion/MakingHistory/Parts/Coupling/Assets/EnginePlate
[LOG 18:23:44.553] Load MU model: SquadExpansion/MakingHistory/Parts/Coupling/Assets/InflatableAirlock
[LOG 18:23:44.553] Load MU model: SquadExpansion/MakingHistory/Parts/Coupling/Assets/Size1_5_Decoupler
[LOG 18:23:44.553] Load MU model: SquadExpansion/MakingHistory/Parts/Engine/Assets/KE-1
[LOG 18:23:44.558] Load MU model: SquadExpansion/MakingHistory/Parts/Engine/Assets/LV-T87
[LOG 18:23:44.559] Load MU model: SquadExpansion/MakingHistory/Parts/Engine/Assets/LV-T91
[LOG 18:23:44.561] Load MU model: SquadExpansion/MakingHistory/Parts/Engine/Assets/RE-I2
[LOG 18:23:44.563] Load MU model: SquadExpansion/MakingHistory/Parts/Engine/Assets/RE-J10
[LOG 18:23:44.564] Load MU model: SquadExpansion/MakingHistory/Parts/Engine/Assets/RK-7
[LOG 18:23:44.566] Load MU model: SquadExpansion/MakingHistory/Parts/Engine/Assets/RV-1
[LOG 18:23:44.566] Load MU model: SquadExpansion/MakingHistory/Parts/Engine/solidBoosterTHK/solidBoosterTHK
[LOG 18:23:44.567] Load MU model: SquadExpansion/MakingHistory/Parts/FuelTank/Assets/MiniMonoTank
[LOG 18:23:44.567] Load MU model: SquadExpansion/MakingHistory/Parts/FuelTank/Assets/Size1_5_Size0_Adapter_01
[LOG 18:23:44.567] Load MU model: SquadExpansion/MakingHistory/Parts/FuelTank/Assets/Size1_5_Size1_Adapter_01
[LOG 18:23:44.567] Load MU model: SquadExpansion/MakingHistory/Parts/FuelTank/Assets/Size1_5_Size1_Adapter_02
[LOG 18:23:44.568] Load MU model: SquadExpansion/MakingHistory/Parts/FuelTank/Assets/Size1_5_Size2_Adapter_01
[LOG 18:23:44.568] Load MU model: SquadExpansion/MakingHistory/Parts/FuelTank/Assets/Size1_5_Tank_01
[LOG 18:23:44.568] Load MU model: SquadExpansion/MakingHistory/Parts/FuelTank/Assets/Size1_5_Tank_02
[LOG 18:23:44.569] Load MU model: SquadExpansion/MakingHistory/Parts/FuelTank/Assets/Size1_5_Tank_03
[LOG 18:23:44.569] Load MU model: SquadExpansion/MakingHistory/Parts/FuelTank/Assets/Size1_5_Tank_04
[LOG 18:23:44.569] Load MU model: SquadExpansion/MakingHistory/Parts/FuelTank/Assets/Size1_5_Tank_05
[LOG 18:23:44.570] Load MU model: SquadExpansion/MakingHistory/Parts/FuelTank/Assets/Size3_Size4_Adapter_01
[LOG 18:23:44.570] Load MU model: SquadExpansion/MakingHistory/Parts/FuelTank/Assets/Size4_EngineAdapter_01
[LOG 18:23:44.570] Load MU model: SquadExpansion/MakingHistory/Parts/FuelTank/Assets/Size4_Tank_01
[LOG 18:23:44.571] Load MU model: SquadExpansion/MakingHistory/Parts/FuelTank/Assets/Size4_Tank_02
[LOG 18:23:44.571] Load MU model: SquadExpansion/MakingHistory/Parts/FuelTank/Assets/Size4_Tank_03
[LOG 18:23:44.571] Load MU model: SquadExpansion/MakingHistory/Parts/FuelTank/Assets/Size4_Tank_04
[LOG 18:23:44.572] Load MU model: SquadExpansion/MakingHistory/Parts/FuelTank/Assets/Size_1p5_Monoprop
[LOG 18:23:44.572] Load MU model: SquadExpansion/MakingHistory/Parts/Ground/Assets/RoverWheel
[WRN 18:23:44.573] WheelCollider requires an attached Rigidbody to function.
[WRN 18:23:44.573] WheelCollider requires an attached Rigidbody to function.
[LOG 18:23:44.573] Load MU model: SquadExpansion/MakingHistory/Parts/Payload/Assets/ServiceModule18
[LOG 18:23:44.574] Load MU model: SquadExpansion/MakingHistory/Parts/Payload/Assets/ServiceModule25
[LOG 18:23:44.575] Load MU model: SquadExpansion/MakingHistory/Parts/Payload/Assets/Size1to0ServiceModule
[LOG 18:23:44.576] Load MU model: SquadExpansion/MakingHistory/Parts/Pods/Assets/Mk2Pod
[LOG 18:23:44.576] Load MU model: SquadExpansion/MakingHistory/Parts/Pods/Assets/RoundPod
[LOG 18:23:44.577] Load MU model: SquadExpansion/MakingHistory/Parts/Pods/Assets/Size1_5_Lander
[LOG 18:23:44.578] Load MU model: SquadExpansion/MakingHistory/Parts/SharedAssets/Shroud1p5x0
[LOG 18:23:44.578] Load MU model: SquadExpansion/MakingHistory/Parts/SharedAssets/Shroud1p5x1
[LOG 18:23:44.578] Load MU model: SquadExpansion/MakingHistory/Parts/SharedAssets/Shroud1p5x2
[LOG 18:23:44.578] Load MU model: SquadExpansion/MakingHistory/Parts/SharedAssets/Shroud1p5x3
[LOG 18:23:44.578] Load MU model: SquadExpansion/MakingHistory/Parts/SharedAssets/Shroud1p5x4
[LOG 18:23:44.578] Load MU model: SquadExpansion/MakingHistory/Parts/SharedAssets/Shroud1x0
[LOG 18:23:44.578] Load MU model: SquadExpansion/MakingHistory/Parts/SharedAssets/Shroud1x1
[LOG 18:23:44.578] Load MU model: SquadExpansion/MakingHistory/Parts/SharedAssets/Shroud1x2
[LOG 18:23:44.579] Load MU model: SquadExpansion/MakingHistory/Parts/SharedAssets/Shroud1x3
[LOG 18:23:44.579] Load MU model: SquadExpansion/MakingHistory/Parts/SharedAssets/Shroud1x4
[LOG 18:23:44.579] Load MU model: SquadExpansion/MakingHistory/Parts/SharedAssets/Shroud2x0
[LOG 18:23:44.579] Load MU model: SquadExpansion/MakingHistory/Parts/SharedAssets/Shroud2x1
[LOG 18:23:44.579] Load MU model: SquadExpansion/MakingHistory/Parts/SharedAssets/Shroud2x2
[LOG 18:23:44.579] Load MU model: SquadExpansion/MakingHistory/Parts/SharedAssets/Shroud2x3
[LOG 18:23:44.579] Load MU model: SquadExpansion/MakingHistory/Parts/SharedAssets/Shroud2x4
[LOG 18:23:44.579] Load MU model: SquadExpansion/MakingHistory/Parts/SharedAssets/Shroud3x0
[LOG 18:23:44.580] Load MU model: SquadExpansion/MakingHistory/Parts/SharedAssets/Shroud3x1
[LOG 18:23:44.580] Load MU model: SquadExpansion/MakingHistory/Parts/SharedAssets/Shroud3x2
[LOG 18:23:44.580] Load MU model: SquadExpansion/MakingHistory/Parts/SharedAssets/Shroud3x3
[LOG 18:23:44.580] Load MU model: SquadExpansion/MakingHistory/Parts/SharedAssets/Shroud3x4
[LOG 18:23:44.580] Load MU model: SquadExpansion/MakingHistory/Parts/SharedAssets/Shroud4x0
[LOG 18:23:44.580] Load MU model: SquadExpansion/MakingHistory/Parts/SharedAssets/Shroud4x1
[LOG 18:23:44.580] Load MU model: SquadExpansion/MakingHistory/Parts/SharedAssets/Shroud4x2
[LOG 18:23:44.580] Load MU model: SquadExpansion/MakingHistory/Parts/SharedAssets/Shroud4x3
[LOG 18:23:44.581] Load MU model: SquadExpansion/MakingHistory/Parts/SharedAssets/Shroud4x4
[LOG 18:23:44.581] Load MU model: SquadExpansion/MakingHistory/Parts/SharedAssets/ShroudCollider0
[LOG 18:23:44.581] Load MU model: SquadExpansion/MakingHistory/Parts/SharedAssets/ShroudCollider1
[LOG 18:23:44.581] Load MU model: SquadExpansion/MakingHistory/Parts/SharedAssets/ShroudCollider1p5
[LOG 18:23:44.582] Load MU model: SquadExpansion/MakingHistory/Parts/SharedAssets/ShroudCollider2
[LOG 18:23:44.582] Load MU model: SquadExpansion/MakingHistory/Parts/SharedAssets/ShroudCollider3
[LOG 18:23:44.582] Load MU model: SquadExpansion/MakingHistory/Parts/SharedAssets/ShroudCollider4
[LOG 18:23:44.582] Load MU model: SquadExpansion/MakingHistory/Parts/Structural/Assets/EquiTriangle0
[LOG 18:23:44.583] Load MU model: SquadExpansion/MakingHistory/Parts/Structural/Assets/EquiTriangle1
[LOG 18:23:44.583] Load MU model: SquadExpansion/MakingHistory/Parts/Structural/Assets/EquiTriangle1p5
[LOG 18:23:44.583] Load MU model: SquadExpansion/MakingHistory/Parts/Structural/Assets/EquiTriangle2
[LOG 18:23:44.583] Load MU model: SquadExpansion/MakingHistory/Parts/Structural/Assets/Panel0
[LOG 18:23:44.583] Load MU model: SquadExpansion/MakingHistory/Parts/Structural/Assets/Panel1
[LOG 18:23:44.583] Load MU model: SquadExpansion/MakingHistory/Parts/Structural/Assets/Panel1p5
[LOG 18:23:44.583] Load MU model: SquadExpansion/MakingHistory/Parts/Structural/Assets/Panel2
[LOG 18:23:44.584] Load MU model: SquadExpansion/MakingHistory/Parts/Structural/Assets/Triangle0
[LOG 18:23:44.584] Load MU model: SquadExpansion/MakingHistory/Parts/Structural/Assets/Triangle1
[LOG 18:23:44.584] Load MU model: SquadExpansion/MakingHistory/Parts/Structural/Assets/Triangle1p5
[LOG 18:23:44.584] Load MU model: SquadExpansion/MakingHistory/Parts/Structural/Assets/Triangle2
[LOG 18:23:44.584] Load MU model: SquadExpansion/MakingHistory/Parts/Utility/flags/flagSize1p5/flagSize1p5Meshes
[LOG 18:23:44.586] Load MU model: SquadExpansion/MakingHistory/Parts/Utility/flags/flagSize4/flagSize4Meshes
[LOG 18:23:44.587] Load MU model: SquadExpansion/MakingHistory/Spaces/KVPods/Airlock_IVA
[LOG 18:23:44.587] Load MU model: SquadExpansion/MakingHistory/Spaces/KVPods/KV1_IVA
[LOG 18:23:44.589] Load MU model: SquadExpansion/MakingHistory/Spaces/KVPods/KV2_IVA
[LOG 18:23:44.591] Load MU model: SquadExpansion/MakingHistory/Spaces/KVPods/KV3_IVA
[LOG 18:23:44.593] Load MU model: SquadExpansion/MakingHistory/Spaces/MEM/MEM_IVA
[LOG 18:23:44.596] Load MU model: SquadExpansion/MakingHistory/Spaces/Mk2Pod/MK2POD_IVA
[LOG 18:23:44.597] Load MU model: SquadExpansion/Serenity/Parts/Aero/Assets/FanShroud_01
[LOG 18:23:44.598] Load MU model: SquadExpansion/Serenity/Parts/Aero/Assets/FanShroud_02
[LOG 18:23:44.599] Load MU model: SquadExpansion/Serenity/Parts/Aero/Assets/FanShroud_03
[LOG 18:23:44.600] Load MU model: SquadExpansion/Serenity/Parts/Aero/Assets/noseconeTiny
[LOG 18:23:44.600] Load MU model: SquadExpansion/Serenity/Parts/Aero/Assets/noseconeVS
[LOG 18:23:44.600] Load MU model: SquadExpansion/Serenity/Parts/DeployedScience/Assets/CentralStation
[LOG 18:23:44.602] Load MU model: SquadExpansion/Serenity/Parts/DeployedScience/Assets/GoExOb
[LOG 18:23:44.605] Load MU model: SquadExpansion/Serenity/Parts/DeployedScience/Assets/IonExperiment
[LOG 18:23:44.606] Load MU model: SquadExpansion/Serenity/Parts/DeployedScience/Assets/RTGCask
[LOG 18:23:44.607] Load MU model: SquadExpansion/Serenity/Parts/DeployedScience/Assets/satDish
[LOG 18:23:44.609] Load MU model: SquadExpansion/Serenity/Parts/DeployedScience/Assets/seismicSensor
[LOG 18:23:44.613] Load MU model: SquadExpansion/Serenity/Parts/DeployedScience/Assets/solarPanel
[LOG 18:23:44.616] Load MU model: SquadExpansion/Serenity/Parts/DeployedScience/Assets/WeatherStation
[LOG 18:23:44.619] Load MU model: SquadExpansion/Serenity/Parts/Propellers/Assets/largeFanBlade
[LOG 18:23:44.620] Load MU model: SquadExpansion/Serenity/Parts/Propellers/Assets/largeHeliBlade
[LOG 18:23:44.620] Load MU model: SquadExpansion/Serenity/Parts/Propellers/Assets/largePropeller
[LOG 18:23:44.620] Load MU model: SquadExpansion/Serenity/Parts/Propellers/Assets/mediumFanBlade
[LOG 18:23:44.620] Load MU model: SquadExpansion/Serenity/Parts/Propellers/Assets/mediumHeliBlade
[LOG 18:23:44.621] Load MU model: SquadExpansion/Serenity/Parts/Propellers/Assets/mediumPropeller
[LOG 18:23:44.621] Load MU model: SquadExpansion/Serenity/Parts/Propellers/Assets/smallFanBlade
[LOG 18:23:44.621] Load MU model: SquadExpansion/Serenity/Parts/Propellers/Assets/smallHeliBlade
[LOG 18:23:44.621] Load MU model: SquadExpansion/Serenity/Parts/Propellers/Assets/smallPropeller
[LOG 18:23:44.621] Load MU model: SquadExpansion/Serenity/Parts/Robotics/Assets/hinge_01
[LOG 18:23:44.622] Load MU model: SquadExpansion/Serenity/Parts/Robotics/Assets/hinge_01_s
[LOG 18:23:44.622] Load MU model: SquadExpansion/Serenity/Parts/Robotics/Assets/hinge_03
[LOG 18:23:44.623] Load MU model: SquadExpansion/Serenity/Parts/Robotics/Assets/hinge_03_s
[LOG 18:23:44.623] Load MU model: SquadExpansion/Serenity/Parts/Robotics/Assets/hinge_04
[LOG 18:23:44.623] Load MU model: SquadExpansion/Serenity/Parts/Robotics/Assets/piston_01
[LOG 18:23:44.624] Load MU model: SquadExpansion/Serenity/Parts/Robotics/Assets/piston_02
[LOG 18:23:44.624] Load MU model: SquadExpansion/Serenity/Parts/Robotics/Assets/piston_03
[LOG 18:23:44.624] Load MU model: SquadExpansion/Serenity/Parts/Robotics/Assets/piston_04
[LOG 18:23:44.625] Load MU model: SquadExpansion/Serenity/Parts/Robotics/Assets/RotorEngine_02
[LOG 18:23:44.625] Load MU model: SquadExpansion/Serenity/Parts/Robotics/Assets/RotorEngine_03
[LOG 18:23:44.626] Load MU model: SquadExpansion/Serenity/Parts/Robotics/Assets/rotor_01
[LOG 18:23:44.627] Load MU model: SquadExpansion/Serenity/Parts/Robotics/Assets/rotor_01s
[LOG 18:23:44.627] Load MU model: SquadExpansion/Serenity/Parts/Robotics/Assets/rotor_02
[LOG 18:23:44.628] Load MU model: SquadExpansion/Serenity/Parts/Robotics/Assets/rotor_02s
[LOG 18:23:44.630] Load MU model: SquadExpansion/Serenity/Parts/Robotics/Assets/rotor_03
[LOG 18:23:44.631] Load MU model: SquadExpansion/Serenity/Parts/Robotics/Assets/rotor_03s
[LOG 18:23:44.632] Load MU model: SquadExpansion/Serenity/Parts/Robotics/Assets/RotoServo_00
[LOG 18:23:44.632] Load MU model: SquadExpansion/Serenity/Parts/Robotics/Assets/RotoServo_02
[LOG 18:23:44.633] Load MU model: SquadExpansion/Serenity/Parts/Robotics/Assets/RotoServo_03
[LOG 18:23:44.633] Load MU model: SquadExpansion/Serenity/Parts/Robotics/Assets/RotoServo_04
[LOG 18:23:44.633] Load MU model: SquadExpansion/Serenity/Parts/Robotics/Controllers/controller1000
[LOG 18:23:44.634] Load MU model: SquadExpansion/Serenity/Parts/Science/RobotArmScanner/Assets/ROCArm_01
[LOG 18:23:44.635] Load MU model: SquadExpansion/Serenity/Parts/Science/RobotArmScanner/Assets/ROCArm_02
[LOG 18:23:44.636] Load MU model: SquadExpansion/Serenity/Parts/Science/RobotArmScanner/Assets/ROCArm_03
[LOG 18:23:44.642] Load MU model: SquadExpansion/Serenity/Parts/Structural/gripPads/Assets/lGripPad
[LOG 18:23:44.643] Load MU model: SquadExpansion/Serenity/Parts/Structural/gripPads/Assets/lGripStrip
[LOG 18:23:44.643] Load MU model: SquadExpansion/Serenity/Parts/Structural/gripPads/Assets/mGripPad
[LOG 18:23:44.643] Load MU model: SquadExpansion/Serenity/Parts/Structural/gripPads/Assets/sGripPad
[LOG 18:23:44.644] Load MU model: SquadExpansion/Serenity/Parts/Structural/gripPads/Assets/sGripStrip
[LOG 18:23:44.644] Loading Asset Bundle Definitions
[LOG 18:23:44.645] AssetLoader: Loading bundle definitions
[LOG 18:23:44.794] AssetLoader: Loaded bundle 'squadcore'
[LOG 18:23:44.795] AssetLoader: Loaded bundle 'squadcorefx'
[LOG 18:23:44.795] AssetLoader: Loaded mod bundle 'kspedia'
[LOG 18:23:44.795] AssetLoader: Loaded mod bundle 'kspedia_actionsets'
[LOG 18:23:44.796] AssetLoader: Loaded mod bundle 'kspedia_aircraft'
[LOG 18:23:44.796] AssetLoader: Loaded mod bundle 'kspedia_aircraftbasics'
[LOG 18:23:44.796] AssetLoader: Loaded mod bundle 'kspedia_aircraftbasicsbalance'
[LOG 18:23:44.797] AssetLoader: Loaded mod bundle 'kspedia_aircraftbasicsbalance2'
[LOG 18:23:44.797] AssetLoader: Loaded mod bundle 'kspedia_aircraftbasicscol'
[LOG 18:23:44.797] AssetLoader: Loaded mod bundle 'kspedia_aircraftbasicscontrol'
[LOG 18:23:44.798] AssetLoader: Loaded mod bundle 'kspedia_aircraftbasicscontrolsurfaces'
[LOG 18:23:44.798] AssetLoader: Loaded mod bundle 'kspedia_aircraftbasicsdrag'
[LOG 18:23:44.798] AssetLoader: Loaded mod bundle 'kspedia_aircraftbasicsengines'
[LOG 18:23:44.798] AssetLoader: Loaded mod bundle 'kspedia_aircraftbasicsforces'
[LOG 18:23:44.799] AssetLoader: Loaded mod bundle 'kspedia_aircraftbasicsintakes'
[LOG 18:23:44.799] AssetLoader: Loaded mod bundle 'kspedia_aircraftbasicslandinggear'
[LOG 18:23:44.799] AssetLoader: Loaded mod bundle 'kspedia_aircraftbasicslift'
[LOG 18:23:44.800] AssetLoader: Loaded mod bundle 'kspedia_axisgroups'
[LOG 18:23:44.800] AssetLoader: Loaded mod bundle 'kspedia_career'
[LOG 18:23:44.800] AssetLoader: Loaded mod bundle 'kspedia_careerbasicscontracts'
[LOG 18:23:44.800] AssetLoader: Loaded mod bundle 'kspedia_careerbasicscrew'
[LOG 18:23:44.801] AssetLoader: Loaded mod bundle 'kspedia_careerbasicscurrencies'
[LOG 18:23:44.801] AssetLoader: Loaded mod bundle 'kspedia_careerbasicsexperience'
[LOG 18:23:44.801] AssetLoader: Loaded mod bundle 'kspedia_careerbasicsfacilities'
[LOG 18:23:44.802] AssetLoader: Loaded mod bundle 'kspedia_careerbasicsstrategies'
[LOG 18:23:44.802] AssetLoader: Loaded mod bundle 'kspedia_careerbasicstechnology'
[LOG 18:23:44.802] AssetLoader: Loaded mod bundle 'kspedia_careerui-ac'
[LOG 18:23:44.802] AssetLoader: Loaded mod bundle 'kspedia_careerui-admin'
[LOG 18:23:44.803] AssetLoader: Loaded mod bundle 'kspedia_careerui-ksc'
[LOG 18:23:44.803] AssetLoader: Loaded mod bundle 'kspedia_careerui-mc'
[LOG 18:23:44.803] AssetLoader: Loaded mod bundle 'kspedia_careerui-sciencearchives'
[LOG 18:23:44.803] AssetLoader: Loaded mod bundle 'kspedia_careerui-techtree'
[LOG 18:23:44.804] AssetLoader: Loaded mod bundle 'kspedia_careerui-ts'
[LOG 18:23:44.804] AssetLoader: Loaded mod bundle 'kspedia_careerui'
[LOG 18:23:44.804] AssetLoader: Loaded mod bundle 'kspedia_cargoapp'
[LOG 18:23:44.805] AssetLoader: Loaded mod bundle 'kspedia_cargomode'
[LOG 18:23:44.805] AssetLoader: Loaded mod bundle 'kspedia_cargosystem-placeableparts'
[LOG 18:23:44.805] AssetLoader: Loaded mod bundle 'kspedia_cargosystem'
[LOG 18:23:44.806] AssetLoader: Loaded mod bundle 'kspedia_chute'
[LOG 18:23:44.806] AssetLoader: Loaded mod bundle 'kspedia_commnet'
[LOG 18:23:44.806] AssetLoader: Loaded mod bundle 'kspedia_commnetbasics'
[LOG 18:23:44.806] AssetLoader: Loaded mod bundle 'kspedia_commnetbuildingeffectivenetworks'
[LOG 18:23:44.807] AssetLoader: Loaded mod bundle 'kspedia_commnetcalculatingrange'
[LOG 18:23:44.807] AssetLoader: Loaded mod bundle 'kspedia_commnetcontrollevels'
[LOG 18:23:44.807] AssetLoader: Loaded mod bundle 'kspedia_commnetcontrollinks'
[LOG 18:23:44.807] AssetLoader: Loaded mod bundle 'kspedia_commnetcontrolpoints'
[LOG 18:23:44.807] AssetLoader: Loaded mod bundle 'kspedia_commnetgui'
[LOG 18:23:44.808] AssetLoader: Loaded mod bundle 'kspedia_commnetgui01'
[LOG 18:23:44.808] AssetLoader: Loaded mod bundle 'kspedia_commnetgui02'
[LOG 18:23:44.808] AssetLoader: Loaded mod bundle 'kspedia_commnetrange'
[LOG 18:23:44.808] AssetLoader: Loaded mod bundle 'kspedia_commnetrelays'
[LOG 18:23:44.809] AssetLoader: Loaded mod bundle 'kspedia_commnetsciencetransmission'
[LOG 18:23:44.809] AssetLoader: Loaded mod bundle 'kspedia_commnetsignalstrength'
[LOG 18:23:44.809] AssetLoader: Loaded mod bundle 'kspedia_commnettransmission'
[LOG 18:23:44.809] AssetLoader: Loaded mod bundle 'kspedia_constructionui-actiongroups'
[LOG 18:23:44.810] AssetLoader: Loaded mod bundle 'kspedia_constructionui-applauncher'
[LOG 18:23:44.810] AssetLoader: Loaded mod bundle 'kspedia_constructionui-crew'
[LOG 18:23:44.810] AssetLoader: Loaded mod bundle 'kspedia_constructionui-engineersreport'
[LOG 18:23:44.811] AssetLoader: Loaded mod bundle 'kspedia_constructionui-gizmos'
[LOG 18:23:44.811] AssetLoader: Loaded mod bundle 'kspedia_constructionui-infos'
[LOG 18:23:44.811] AssetLoader: Loaded mod bundle 'kspedia_constructionui-partdetails'
[LOG 18:23:44.811] AssetLoader: Loaded mod bundle 'kspedia_constructionui-parts'
[LOG 18:23:44.812] AssetLoader: Loaded mod bundle 'kspedia_constructionui-symmetry'
[LOG 18:23:44.812] AssetLoader: Loaded mod bundle 'kspedia_constructionui-vesseldetails'
[LOG 18:23:44.812] AssetLoader: Loaded mod bundle 'kspedia_constructionui'
[LOG 18:23:44.813] AssetLoader: Loaded mod bundle 'kspedia_controls-dockingmode'
[LOG 18:23:44.813] AssetLoader: Loaded mod bundle 'kspedia_controls-editor'
[LOG 18:23:44.813] AssetLoader: Loaded mod bundle 'kspedia_controls-editorgizmos'
[LOG 18:23:44.813] AssetLoader: Loaded mod bundle 'kspedia_controls-eva'
[LOG 18:23:44.814] AssetLoader: Loaded mod bundle 'kspedia_controls-flight'
[LOG 18:23:44.814] AssetLoader: Loaded mod bundle 'kspedia_controls-flightactivities'
[LOG 18:23:44.814] AssetLoader: Loaded mod bundle 'kspedia_controls-flightdirections'
[LOG 18:23:44.815] AssetLoader: Loaded mod bundle 'kspedia_controls-general'
[LOG 18:23:44.815] AssetLoader: Loaded mod bundle 'kspedia_controls-mapandtime'
[LOG 18:23:44.815] AssetLoader: Loaded mod bundle 'kspedia_controls-mouseconstruction'
[LOG 18:23:44.816] AssetLoader: Loaded mod bundle 'kspedia_controls-mouseflight'
[LOG 18:23:44.816] AssetLoader: Loaded mod bundle 'kspedia_controls-rcs'
[LOG 18:23:44.816] AssetLoader: Loaded mod bundle 'kspedia_controls'
[LOG 18:23:44.816] AssetLoader: Loaded mod bundle 'kspedia_eastereggs'
[LOG 18:23:44.817] AssetLoader: Loaded mod bundle 'kspedia_evaconstructionmode'
[LOG 18:23:44.817] AssetLoader: Loaded mod bundle 'kspedia_facilities-ac'
[LOG 18:23:44.817] AssetLoader: Loaded mod bundle 'kspedia_facilities-admin'
[LOG 18:23:44.818] AssetLoader: Loaded mod bundle 'kspedia_facilities-context'
[LOG 18:23:44.818] AssetLoader: Loaded mod bundle 'kspedia_facilities-ksc'
[LOG 18:23:44.818] AssetLoader: Loaded mod bundle 'kspedia_facilities-launchpad'
[LOG 18:23:44.818] AssetLoader: Loaded mod bundle 'kspedia_facilities-mc'
[LOG 18:23:44.819] AssetLoader: Loaded mod bundle 'kspedia_facilities-randd'
[LOG 18:23:44.819] AssetLoader: Loaded mod bundle 'kspedia_facilities-runway'
[LOG 18:23:44.819] AssetLoader: Loaded mod bundle 'kspedia_facilities-sph'
[LOG 18:23:44.819] AssetLoader: Loaded mod bundle 'kspedia_facilities-ts'
[LOG 18:23:44.820] AssetLoader: Loaded mod bundle 'kspedia_facilities-vab'
[LOG 18:23:44.820] AssetLoader: Loaded mod bundle 'kspedia_flightui-altimeter'
[LOG 18:23:44.820] AssetLoader: Loaded mod bundle 'kspedia_flightui-applauncher'
[LOG 18:23:44.820] AssetLoader: Loaded mod bundle 'kspedia_flightui-evaactivities'
[LOG 18:23:44.821] AssetLoader: Loaded mod bundle 'kspedia_flightui-maneuvermodeeditor'
[LOG 18:23:44.821] AssetLoader: Loaded mod bundle 'kspedia_flightui-maneuvermodeeditorcont'
[LOG 18:23:44.821] AssetLoader: Loaded mod bundle 'kspedia_flightui-maneuvermodeorbit'
[LOG 18:23:44.821] AssetLoader: Loaded mod bundle 'kspedia_flightui-maneuvertoolinfo'
[LOG 18:23:44.822] AssetLoader: Loaded mod bundle 'kspedia_flightui-maneuvertoolmain'
[LOG 18:23:44.822] AssetLoader: Loaded mod bundle 'kspedia_flightui-modecontrol'
[LOG 18:23:44.822] AssetLoader: Loaded mod bundle 'kspedia_flightui-navball'
[LOG 18:23:44.823] AssetLoader: Loaded mod bundle 'kspedia_flightui-partrepairs'
[LOG 18:23:44.823] AssetLoader: Loaded mod bundle 'kspedia_flightui-portraits'
[LOG 18:23:44.823] AssetLoader: Loaded mod bundle 'kspedia_flightui-staging'
[LOG 18:23:44.824] AssetLoader: Loaded mod bundle 'kspedia_flightui-timeandaction'
[LOG 18:23:44.824] AssetLoader: Loaded mod bundle 'kspedia_flightui'
[LOG 18:23:44.824] AssetLoader: Loaded mod bundle 'kspedia_heat'
[LOG 18:23:44.824] AssetLoader: Loaded mod bundle 'kspedia_heatactiveradiators'
[LOG 18:23:44.825] AssetLoader: Loaded mod bundle 'kspedia_heatengines'
[LOG 18:23:44.825] AssetLoader: Loaded mod bundle 'kspedia_heatflow'
[LOG 18:23:44.825] AssetLoader: Loaded mod bundle 'kspedia_heatpart'
[LOG 18:23:44.826] AssetLoader: Loaded mod bundle 'kspedia_heatpassiveradiators'
[LOG 18:23:44.826] AssetLoader: Loaded mod bundle 'kspedia_heatshields'
[LOG 18:23:44.826] AssetLoader: Loaded mod bundle 'kspedia_kerbnet'
[LOG 18:23:44.827] AssetLoader: Loaded mod bundle 'kspedia_kerbnetinterface'
[LOG 18:23:44.827] AssetLoader: Loaded mod bundle 'kspedia_kerbnetmodes'
[LOG 18:23:44.827] AssetLoader: Loaded mod bundle 'kspedia_kerbnetwaypoints'
[LOG 18:23:44.827] AssetLoader: Loaded mod bundle 'kspedia_locations'
[LOG 18:23:44.828] AssetLoader: Loaded mod bundle 'kspedia_manual'
[LOG 18:23:44.828] AssetLoader: Loaded mod bundle 'kspedia_mapui-alarmclockcreation'
[LOG 18:23:44.828] AssetLoader: Loaded mod bundle 'kspedia_mapui-alarmclockmain'
[LOG 18:23:44.829] AssetLoader: Loaded mod bundle 'kspedia_mapui-burnindicator'
[LOG 18:23:44.829] AssetLoader: Loaded mod bundle 'kspedia_mapui-dvtoolsflight'
[LOG 18:23:44.829] AssetLoader: Loaded mod bundle 'kspedia_mapui-dvtoolsvab'
[LOG 18:23:44.829] AssetLoader: Loaded mod bundle 'kspedia_mapui-mannodes'
[LOG 18:23:44.830] AssetLoader: Loaded mod bundle 'kspedia_mapui-orbitnodes'
[LOG 18:23:44.830] AssetLoader: Loaded mod bundle 'kspedia_mapui-orbitnodes2'
[LOG 18:23:44.830] AssetLoader: Loaded mod bundle 'kspedia_mapui'
[LOG 18:23:44.831] AssetLoader: Loaded mod bundle 'kspedia_orbitalbasics-atmosphere'
[LOG 18:23:44.831] AssetLoader: Loaded mod bundle 'kspedia_orbitalbasics-gettingbackdown'
[LOG 18:23:44.831] AssetLoader: Loaded mod bundle 'kspedia_orbitalbasics-gettingupthere'
[LOG 18:23:44.831] AssetLoader: Loaded mod bundle 'kspedia_orbitalbasics-gravityturn'
[LOG 18:23:44.832] AssetLoader: Loaded mod bundle 'kspedia_orbitalbasics-orbits'
[LOG 18:23:44.832] AssetLoader: Loaded mod bundle 'kspedia_orbitalbasics-stayingupthere'
[LOG 18:23:44.832] AssetLoader: Loaded mod bundle 'kspedia_orbitalbasics'
[LOG 18:23:44.832] AssetLoader: Loaded mod bundle 'kspedia_orbitaldefinitions-appe'
[LOG 18:23:44.833] AssetLoader: Loaded mod bundle 'kspedia_orbitaldefinitions-dirandinc'
[LOG 18:23:44.833] AssetLoader: Loaded mod bundle 'kspedia_orbitaldefinitions-directions'
[LOG 18:23:44.833] AssetLoader: Loaded mod bundle 'kspedia_orbitaldefinitions-eccentricity'
[LOG 18:23:44.833] AssetLoader: Loaded mod bundle 'kspedia_orbitaldefinitions'
[LOG 18:23:44.834] AssetLoader: Loaded mod bundle 'kspedia_orbitalmaneuvers-adjustinginclination'
[LOG 18:23:44.834] AssetLoader: Loaded mod bundle 'kspedia_orbitalmaneuvers-deltav'
[LOG 18:23:44.834] AssetLoader: Loaded mod bundle 'kspedia_orbitalmaneuvers-efficiency'
[LOG 18:23:44.835] AssetLoader: Loaded mod bundle 'kspedia_orbitalmaneuvers-hohmanntransfer'
[LOG 18:23:44.835] AssetLoader: Loaded mod bundle 'kspedia_orbitalmaneuvers-hohmanntransfer2'
[LOG 18:23:44.835] AssetLoader: Loaded mod bundle 'kspedia_orbitalmaneuvers-orbittypes'
[LOG 18:23:44.835] AssetLoader: Loaded mod bundle 'kspedia_orbitalmaneuvers-radandantirad'
[LOG 18:23:44.836] AssetLoader: Loaded mod bundle 'kspedia_orbitalmaneuvers-shapingup'
[LOG 18:23:44.836] AssetLoader: Loaded mod bundle 'kspedia_orbitalmaneuvers'
[LOG 18:23:44.836] AssetLoader: Loaded mod bundle 'kspedia_planets-dres'
[LOG 18:23:44.836] AssetLoader: Loaded mod bundle 'kspedia_planets-duna'
[LOG 18:23:44.837] AssetLoader: Loaded mod bundle 'kspedia_planets-eeloo'
[LOG 18:23:44.837] AssetLoader: Loaded mod bundle 'kspedia_planets-eve'
[LOG 18:23:44.837] AssetLoader: Loaded mod bundle 'kspedia_planets-jool'
[LOG 18:23:44.837] AssetLoader: Loaded mod bundle 'kspedia_planets-kerbin'
[LOG 18:23:44.838] AssetLoader: Loaded mod bundle 'kspedia_planets-moho'
[LOG 18:23:44.838] AssetLoader: Loaded mod bundle 'kspedia_planets-sun'
[LOG 18:23:44.838] AssetLoader: Loaded mod bundle 'kspedia_planets-system'
[LOG 18:23:44.838] AssetLoader: Loaded mod bundle 'kspedia_resources-asteroidmining'
[LOG 18:23:44.838] AssetLoader: Loaded mod bundle 'kspedia_resources-conversionmanagement'
[LOG 18:23:44.839] AssetLoader: Loaded mod bundle 'kspedia_resources-drilling'
[LOG 18:23:44.839] AssetLoader: Loaded mod bundle 'kspedia_resources-findingit'
[LOG 18:23:44.839] AssetLoader: Loaded mod bundle 'kspedia_resources-findingit2'
[LOG 18:23:44.839] AssetLoader: Loaded mod bundle 'kspedia_resources-storageandconversion'
[LOG 18:23:44.840] AssetLoader: Loaded mod bundle 'kspedia_resources'
[LOG 18:23:44.840] AssetLoader: Loaded mod bundle 'kspedia_rocketry'
[LOG 18:23:44.840] AssetLoader: Loaded mod bundle 'kspedia_rocketryadvanced-fairings'
[LOG 18:23:44.840] AssetLoader: Loaded mod bundle 'kspedia_rocketryadvanced-girders'
[LOG 18:23:44.841] AssetLoader: Loaded mod bundle 'kspedia_rocketryadvanced'
[LOG 18:23:44.841] AssetLoader: Loaded mod bundle 'kspedia_rocketrybasics'
[LOG 18:23:44.841] AssetLoader: Loaded mod bundle 'kspedia_rocketrybasicsaero'
[LOG 18:23:44.842] AssetLoader: Loaded mod bundle 'kspedia_rocketrybasicscentered'
[LOG 18:23:44.842] AssetLoader: Loaded mod bundle 'kspedia_rocketrybasicschutes'
[LOG 18:23:44.842] AssetLoader: Loaded mod bundle 'kspedia_rocketrybasicscontrol'
[LOG 18:23:44.842] AssetLoader: Loaded mod bundle 'kspedia_rocketrybasicsecrecharging'
[LOG 18:23:44.843] AssetLoader: Loaded mod bundle 'kspedia_rocketrybasicsengines'
[LOG 18:23:44.843] AssetLoader: Loaded mod bundle 'kspedia_rocketrybasicsforces'
[LOG 18:23:44.843] AssetLoader: Loaded mod bundle 'kspedia_rocketrybasicshatchesandladders'
[LOG 18:23:44.843] AssetLoader: Loaded mod bundle 'kspedia_rocketrybasicshibernation'
[LOG 18:23:44.844] AssetLoader: Loaded mod bundle 'kspedia_rocketrybasicsresources'
[LOG 18:23:44.844] AssetLoader: Loaded mod bundle 'kspedia_rocketrybasicsservicecontainers'
[LOG 18:23:44.844] AssetLoader: Loaded mod bundle 'kspedia_rocketrybasicsstability'
[LOG 18:23:44.844] AssetLoader: Loaded mod bundle 'kspedia_rocketrybasicsstabilityassist'
[LOG 18:23:44.845] AssetLoader: Loaded mod bundle 'kspedia_rocketrybasicsstaging'
[LOG 18:23:44.845] AssetLoader: Loaded mod bundle 'kspedia_rocketrybasicssymmetry'
[LOG 18:23:44.845] AssetLoader: Loaded mod bundle 'kspedia_science'
[LOG 18:23:44.845] AssetLoader: Loaded mod bundle 'kspedia_sciencedata'
[LOG 18:23:44.846] AssetLoader: Loaded mod bundle 'kspedia_scienceexperiments'
[LOG 18:23:44.846] AssetLoader: Loaded mod bundle 'kspedia_sciencelab'
[LOG 18:23:44.846] AssetLoader: Loaded mod bundle 'kspedia_sciencetransmitted'
[LOG 18:23:44.846] AssetLoader: Loaded mod bundle 'kspedia_spacetravel'
[LOG 18:23:44.847] AssetLoader: Loaded mod bundle 'kspedia_variantswitcher'
[LOG 18:23:44.847] AssetLoader: Loaded mod bundle 'kspfonts'
[LOG 18:23:44.995] AssetLoader: Loaded bundle 'squadcore'
[LOG 18:23:44.995] AssetLoader: Loaded bundle 'squadcorefx'
[LOG 18:23:44.996] AssetLoader: Loaded mod bundle 'kspedia_builder'
[LOG 18:23:44.996] AssetLoader: Loaded mod bundle 'kspedia_buildertoolbar'
[LOG 18:23:44.996] AssetLoader: Loaded mod bundle 'kspedia_canvas'
[LOG 18:23:44.997] AssetLoader: Loaded mod bundle 'kspedia_exportingvalidation'
[LOG 18:23:44.997] AssetLoader: Loaded mod bundle 'kspedia_flight'
[LOG 18:23:44.997] AssetLoader: Loaded mod bundle 'kspedia_flightapp'
[LOG 18:23:44.997] AssetLoader: Loaded mod bundle 'kspedia_gap'
[LOG 18:23:44.998] AssetLoader: Loaded mod bundle 'kspedia_gaptools'
[LOG 18:23:44.998] AssetLoader: Loaded mod bundle 'kspedia_makinghistory'
[LOG 18:23:44.998] AssetLoader: Loaded mod bundle 'kspedia_missionbriefing'
[LOG 18:23:44.998] AssetLoader: Loaded mod bundle 'kspedia_nodedocking'
[LOG 18:23:44.999] AssetLoader: Loaded mod bundle 'kspedia_nodesconnectors'
[LOG 18:23:44.999] AssetLoader: Loaded mod bundle 'kspedia_sap'
[LOG 18:23:44.999] AssetLoader: Loaded mod bundle 'kspedia_sidebar'
[LOG 18:23:45.000] AssetLoader: Loaded mod bundle 'kspedia_testingcheckpoints'
[LOG 18:23:45.000] AssetLoader: Loaded bundle 'makinghistory'
[LOG 18:23:45.000] AssetLoader: Loaded mod bundle 'kspedia_bladecyclic-collective-behaviour'
[LOG 18:23:45.000] AssetLoader: Loaded mod bundle 'kspedia_bladecyclic-collective-controls'
[LOG 18:23:45.001] AssetLoader: Loaded mod bundle 'kspedia_deployedscience-experiments'
[LOG 18:23:45.001] AssetLoader: Loaded mod bundle 'kspedia_deployedscience'
[LOG 18:23:45.001] AssetLoader: Loaded mod bundle 'kspedia_grippads'
[LOG 18:23:45.002] AssetLoader: Loaded mod bundle 'kspedia_layindtracks'
[LOG 18:23:45.002] AssetLoader: Loaded mod bundle 'kspedia_propellers'
[LOG 18:23:45.002] AssetLoader: Loaded mod bundle 'kspedia_propellersaerodynamics'
[LOG 18:23:45.003] AssetLoader: Loaded mod bundle 'kspedia_roboticcontroller'
[LOG 18:23:45.003] AssetLoader: Loaded mod bundle 'kspedia_roboticparts'
[LOG 18:23:45.003] AssetLoader: Loaded mod bundle 'kspedia_surface features-overview'
[LOG 18:23:45.003] AssetLoader: Loaded mod bundle 'kspedia_surface features-roverarmdetails'
[LOG 18:23:45.004] AssetLoader: Loaded mod bundle 'kspedia_trackeditor'
[LOG 18:23:45.004] AssetLoader: Loaded mod bundle 'kspedia_trackeditortoolbar'
[LOG 18:23:45.004] AssetLoader: Loaded mod bundle 'serenity'
[LOG 18:23:45.005] AssetLoader: Finished loading. 226 bundle definitions loaded.
[LOG 18:23:45.006] Compiling Configs:
[LOG 18:23:45.006] Config(PHYSICSGLOBALS) /Physics/PHYSICSGLOBALS
[LOG 18:23:45.006] Config(KSP_COMMUNITY_FIXES) KSPCommunityFixes/Settings/KSP_COMMUNITY_FIXES
[LOG 18:23:45.006] Config(Localization) KSPCommunityFixes/Localization/en-us/Localization
[LOG 18:23:45.006] Config(Localization) KSPCommunityFixes/Localization/fr-fr/Localization
[LOG 18:23:45.006] Config(Localization) KSPCommunityFixes/Localization/ru/Localization
[LOG 18:23:45.006] Config(Localization) KSPCommunityFixes/Localization/zh-cn/Localization
[LOG 18:23:45.006] Config(@PART[*]:HAS[@MODULE[ModuleDockingNodeFixed]]:NEEDS[FixDockingNodes]:FINAL) KSPCommunityFixes/MMPatches/ModSupport/FixDockingNodes/@PART[*]:HAS[@MODULE[ModuleDockingNodeFixed]]:NEEDS[FixDockingNodes]:FINAL
[LOG 18:23:45.006] Config(@PART[*]:HAS[@MODULE[Refunding]]:LAST[999_KSP-Recall]) KSPCommunityFixes/MMPatches/ModSupport/KSPRecall/@PART[*]:HAS[@MODULE[Refunding]]:LAST[999_KSP-Recall]
[LOG 18:23:45.007] Config(@PART[*]:HAS[#hasRefundingOnRecovery[?rue]]:LAST[999_KSP-Recall]) KSPCommunityFixes/MMPatches/ModSupport/KSPRecall/@PART[*]:HAS[#hasRefundingOnRecovery[?rue]]:LAST[999_KSP-Recall]
[LOG 18:23:45.007] Config(@PART[*]:HAS[#hasRefundingOnRecovery]:LAST[999_KSP-Recall]) KSPCommunityFixes/MMPatches/ModSupport/KSPRecall/@PART[*]:HAS[#hasRefundingOnRecovery]:LAST[999_KSP-Recall]
[LOG 18:23:45.007] Config(@KSP-Recall:LAST[999_KSP-Recall]) KSPCommunityFixes/MMPatches/ModSupport/KSPRecall/@KSP-Recall:LAST[999_KSP-Recall]
[LOG 18:23:45.007] Config(@KSP-Recall:HAS[#hasRefundingOnRecovery[?rue]]:LAST[999_KSP-Recall]) KSPCommunityFixes/MMPatches/ModSupport/KSPRecall/@KSP-Recall:HAS[#hasRefundingOnRecovery[?rue]]:LAST[999_KSP-Recall]
[LOG 18:23:45.007] Config(@KSP-Recall:HAS[#hasRefundingOnRecovery]:LAST[999_KSP-Recall]) KSPCommunityFixes/MMPatches/ModSupport/KSPRecall/@KSP-Recall:HAS[#hasRefundingOnRecovery]:LAST[999_KSP-Recall]
[LOG 18:23:45.007] Config(@KSP_COMMUNITY_FIXES:NEEDS[AttachedOnEditor]) KSPCommunityFixes/MMPatches/ModSupport/KSPRecall/@KSP_COMMUNITY_FIXES:NEEDS[AttachedOnEditor]
[LOG 18:23:45.007] Config(@KSP_COMMUNITY_FIXES:NEEDS[UniversalStorage2]) KSPCommunityFixes/MMPatches/ModSupport/UniversalStorage/@KSP_COMMUNITY_FIXES:NEEDS[UniversalStorage2]
[LOG 18:23:45.007] Config(@PART[telescopicLadderBay]:FIRST) KSPCommunityFixes/MMPatches/StockTweaks/LadderToggleableLight/@PART[telescopicLadderBay]:FIRST
[LOG 18:23:45.007] Config(@PART[telescopicLadderBay]:HAS[#LadderToggleableLight[?rue]]:FIRST) KSPCommunityFixes/MMPatches/StockTweaks/LadderToggleableLight/@PART[telescopicLadderBay]:HAS[#LadderToggleableLight[?rue]]:FIRST
[LOG 18:23:45.007] Config(@PART[telescopicLadderBay]:HAS[#LadderToggleableLight]:FIRST) KSPCommunityFixes/MMPatches/StockTweaks/LadderToggleableLight/@PART[telescopicLadderBay]:HAS[#LadderToggleableLight]:FIRST
[LOG 18:23:45.007] Config(@PART[GearSmall]:FIRST) KSPCommunityFixes/MMPatches/StockTweaks/LandingGearLights/@PART[GearSmall]:FIRST
[LOG 18:23:45.007] Config(@PART[SmallGearBay]:FIRST) KSPCommunityFixes/MMPatches/StockTweaks/LandingGearLights/@PART[SmallGearBay]:FIRST
[LOG 18:23:45.007] Config(@PART[sasModule]:FOR[KSPCommunityFixes]) KSPCommunityFixes/MMPatches/StockTweaks/ManufacturerFixes/@PART[sasModule]:FOR[KSPCommunityFixes]
[LOG 18:23:45.007] Config(@PART[xenonTankRadial]:FOR[KSPCommunityFixes]) KSPCommunityFixes/MMPatches/StockTweaks/ManufacturerFixes/@PART[xenonTankRadial]:FOR[KSPCommunityFixes]
[LOG 18:23:45.007] Config(@PART[winglet|fireworksLauncherSmall|fireworksLauncherBig]:FOR[KSPCommunityFixes]) KSPCommunityFixes/MMPatches/StockTweaks/ManufacturerFixes/@PART[winglet|fireworksLauncherSmall|fireworksLauncherBig]:FOR[KSPCommunityFixes]
[LOG 18:23:45.007] Config(@PART[solidBooster_sm_v2|solidBooster_v2]:FOR[KSPCommunityFixes]) KSPCommunityFixes/MMPatches/StockTweaks/ManufacturerFixes/@PART[solidBooster_sm_v2|solidBooster_v2]:FOR[KSPCommunityFixes]
[LOG 18:23:45.007] Config(@PART[ServiceBay_125_v2|ServiceBay_250_v2]:FOR[KSPCommunityFixes]) KSPCommunityFixes/MMPatches/StockTweaks/ManufacturerFixes/@PART[ServiceBay_125_v2|ServiceBay_250_v2]:FOR[KSPCommunityFixes]
[LOG 18:23:45.007] Config(@PART[externalTankCapsule]:FOR[KSPCommunityFixes]) KSPCommunityFixes/MMPatches/StockTweaks/ManufacturerFixes/@PART[externalTankCapsule]:FOR[KSPCommunityFixes]
[LOG 18:23:45.007] Config(@PART[RCSFuelTank|rcsTankMini|RCSTank1-2]:FOR[KSPCommunityFixes]) KSPCommunityFixes/MMPatches/StockTweaks/ManufacturerFixes/@PART[RCSFuelTank|rcsTankMini|RCSTank1-2]:FOR[KSPCommunityFixes]
[LOG 18:23:45.007] Config(@PART[landerCabinSmall]:FOR[KSPCommunityFixes]) KSPCommunityFixes/MMPatches/StockTweaks/ManufacturerFixes/@PART[landerCabinSmall]:FOR[KSPCommunityFixes]
[LOG 18:23:45.007] Config(@PART[dockingPortLateral]:FOR[KSPCommunityFixes]) KSPCommunityFixes/MMPatches/StockTweaks/ManufacturerFixes/@PART[dockingPortLateral]:FOR[KSPCommunityFixes]
[LOG 18:23:45.007] Config(@PART[EnginePlate4]:FOR[KSPCommunityFixes]:NEEDS[SquadExpansion/MakingHistory]) KSPCommunityFixes/MMPatches/StockTweaks/ManufacturerFixes/@PART[EnginePlate4]:FOR[KSPCommunityFixes]:NEEDS[SquadExpansion/MakingHistory]
[LOG 18:23:45.007] Config(@PART[Mk2Pod]:FOR[KSPCommunityFixes]:NEEDS[SquadExpansion/MakingHistory]) KSPCommunityFixes/MMPatches/StockTweaks/ManufacturerFixes/@PART[Mk2Pod]:FOR[KSPCommunityFixes]:NEEDS[SquadExpansion/MakingHistory]
[LOG 18:23:45.007] Config(@PART[evaChute|parachuteSingle|parachuteRadial|radialDrogue|parachuteLarge|parachuteDrogue]:FOR[KSPCommunityFixes]) KSPCommunityFixes/MMPatches/StockTweaks/ManufacturerFixes/@PART[evaChute|parachuteSingle|parachuteRadial|radialDrogue|parachuteLarge|parachuteDrogue]:FOR[KSPCommunityFixes]
[LOG 18:23:45.007] Config(@PART[stackPoint1|dockingPort1|dockingPort2|dockingPort3|dockingPortLarge]:FOR[KSPCommunityFixes]) KSPCommunityFixes/MMPatches/StockTweaks/ManufacturerFixes/@PART[stackPoint1|dockingPort1|dockingPort2|dockingPort3|dockingPortLarge]:FOR[KSPCommunityFixes]
[LOG 18:23:45.007] Config(AGENT) KSPCommunityFixes/MMPatches/StockTweaks/ManufacturerFixes/Clamp-O-Tron
[LOG 18:23:45.007] Config(AGENT) KSPCommunityFixes/MMPatches/StockTweaks/ManufacturerFixes/FreeFall Parachutes
[LOG 18:23:45.007] Config(AGENT) KSPCommunityFixes/MMPatches/StockTweaks/ManufacturerFixes/LightYear Tire Company
[LOG 18:23:45.008] Config(AGENT) KSPCommunityFixes/MMPatches/StockTweaks/ManufacturerFixes/Stratus Corporation
[LOG 18:23:45.008] Config(Localization) KSPCommunityFixes/MMPatches/StockTweaks/ManufacturerFixes/Localization
[LOG 18:23:45.008] Config(AGENT) Squad/Agencies/Agents/C7 Aerospace Division
[LOG 18:23:45.008] Config(AGENT) Squad/Agencies/Agents/Dinkelstein Kerman's Construction Emporium
[LOG 18:23:45.008] Config(AGENT) Squad/Agencies/Agents/Experimental Engineering Group
[LOG 18:23:45.008] Config(AGENT) Squad/Agencies/Agents/FLOOYD Dynamics Research Labs
[LOG 18:23:45.008] Config(AGENT) Squad/Agencies/Agents/Goliath National Products
[LOG 18:23:45.008] Config(AGENT) Squad/Agencies/Agents/Integrated Integrals
[LOG 18:23:45.008] Config(AGENT) Squad/Agencies/Agents/Ionic Symphonic Protonic Electronics
[LOG 18:23:45.008] Config(AGENT) Squad/Agencies/Agents/Jebediah Kerman's Junkyard and Spacecraft Parts Co
[LOG 18:23:45.008] Config(AGENT) Squad/Agencies/Agents/Kerbal Motion LLC
[LOG 18:23:45.008] Config(AGENT) Squad/Agencies/Agents/Kerbin World-Firsts Record-Keeping Society
[LOG 18:23:45.008] Config(AGENT) Squad/Agencies/Agents/Kerbodyne
[LOG 18:23:45.008] Config(AGENT) Squad/Agencies/Agents/Kerlington Model Rockets and Paper Products Inc
[LOG 18:23:45.008] Config(AGENT) Squad/Agencies/Agents/Maxo Construction Toys
[LOG 18:23:45.008] Config(AGENT) Squad/Agencies/Agents/Moving Parts Experts Group
[LOG 18:23:45.008] Config(AGENT) Squad/Agencies/Agents/O.M.B. Demolition Enterprises
[LOG 18:23:45.008] Config(AGENT) Squad/Agencies/Agents/Periapsis Rocket Supplies Co
[LOG 18:23:45.008] Config(AGENT) Squad/Agencies/Agents/Probodobodyne Inc
[LOG 18:23:45.008] Config(AGENT) Squad/Agencies/Agents/Research & Development Department
[LOG 18:23:45.008] Config(AGENT) Squad/Agencies/Agents/Reaction Systems Ltd
[LOG 18:23:45.008] Config(AGENT) Squad/Agencies/Agents/Rockomax Conglomerate
[LOG 18:23:45.008] Config(AGENT) Squad/Agencies/Agents/Rokea Inc
[LOG 18:23:45.008] Config(AGENT) Squad/Agencies/Agents/Sean's Cannery
[LOG 18:23:45.008] Config(AGENT) Squad/Agencies/Agents/STEADLER Engineering Corps
[LOG 18:23:45.008] Config(AGENT) Squad/Agencies/Agents/StrutCo
[LOG 18:23:45.008] Config(AGENT) Squad/Agencies/Agents/Vac-Co Advanced Suction Systems
[LOG 18:23:45.008] Config(AGENT) Squad/Agencies/Agents/WinterOwl Aircraft Emporium
[LOG 18:23:45.008] Config(AGENT) Squad/Agencies/Agents/Zaltonic Electronics
[LOG 18:23:45.008] Config(CONTRACT_CONSTRUCTION_PARTS) Squad/Contracts/constructionContractParts/CONTRACT_CONSTRUCTION_PARTS
[LOG 18:23:45.008] Config(Contracts) Squad/Contracts/Contracts/Contracts
[LOG 18:23:45.009] Config(CONTRACTCRAFT) Squad/Contracts/PrebuiltCraft/prebuiltData/CONTRACTCRAFT
[LOG 18:23:45.009] Config(CONTRACTCRAFT) Squad/Contracts/PrebuiltCraft/OrbitalConstructionContract/orbitalConstructionContractCraft/CONTRACTCRAFT
[LOG 18:23:45.009] Config(CONTRACTCRAFT) Squad/Contracts/PrebuiltCraft/RepairContract/repairContractCraft/CONTRACTCRAFT
[LOG 18:23:45.009] Config(CONTRACTCRAFT) Squad/Contracts/PrebuiltCraft/RoverContract/roverContractCraft/CONTRACTCRAFT
[LOG 18:23:45.009] Config(KEYBOARD_LAYOUT) Squad/Controls/Azerty/#autoLOC_6001233
[LOG 18:23:45.009] Config(PITCH_DOWN) Squad/Controls/Azerty/PITCH_DOWN
[LOG 18:23:45.009] Config(PITCH_UP) Squad/Controls/Azerty/PITCH_UP
[LOG 18:23:45.009] Config(YAW_LEFT) Squad/Controls/Azerty/YAW_LEFT
[LOG 18:23:45.009] Config(YAW_RIGHT) Squad/Controls/Azerty/YAW_RIGHT
[LOG 18:23:45.009] Config(ROLL_LEFT) Squad/Controls/Azerty/ROLL_LEFT
[LOG 18:23:45.009] Config(ROLL_RIGHT) Squad/Controls/Azerty/ROLL_RIGHT
[LOG 18:23:45.009] Config(THROTTLE_UP) Squad/Controls/Azerty/THROTTLE_UP
[LOG 18:23:45.009] Config(THROTTLE_DOWN) Squad/Controls/Azerty/THROTTLE_DOWN
[LOG 18:23:45.009] Config(SAS_HOLD) Squad/Controls/Azerty/SAS_HOLD
[LOG 18:23:45.009] Config(SAS_TOGGLE) Squad/Controls/Azerty/SAS_TOGGLE
[LOG 18:23:45.009] Config(LAUNCH_STAGES) Squad/Controls/Azerty/LAUNCH_STAGES
[LOG 18:23:45.009] Config(Docking_toggleRotLin) Squad/Controls/Azerty/Docking_toggleRotLin
[LOG 18:23:45.009] Config(CAMERA_MODE) Squad/Controls/Azerty/CAMERA_MODE
[LOG 18:23:45.009] Config(CAMERA_NEXT) Squad/Controls/Azerty/CAMERA_NEXT
[LOG 18:23:45.009] Config(PAUSE) Squad/Controls/Azerty/PAUSE
[LOG 18:23:45.009] Config(PRECISION_CTRL) Squad/Controls/Azerty/PRECISION_CTRL
[LOG 18:23:45.009] Config(ZOOM_IN) Squad/Controls/Azerty/ZOOM_IN
[LOG 18:23:45.009] Config(ZOOM_OUT) Squad/Controls/Azerty/ZOOM_OUT
[LOG 18:23:45.009] Config(SCROLL_VIEW_UP) Squad/Controls/Azerty/SCROLL_VIEW_UP
[LOG 18:23:45.009] Config(SCROLL_VIEW_DOWN) Squad/Controls/Azerty/SCROLL_VIEW_DOWN
[LOG 18:23:45.009] Config(SCROLL_ICONS_UP) Squad/Controls/Azerty/SCROLL_ICONS_UP
[LOG 18:23:45.009] Config(SCROLL_ICONS_DOWN) Squad/Controls/Azerty/SCROLL_ICONS_DOWN
[LOG 18:23:45.010] Config(CAMERA_ORBIT_UP) Squad/Controls/Azerty/CAMERA_ORBIT_UP
[LOG 18:23:45.010] Config(CAMERA_ORBIT_DOWN) Squad/Controls/Azerty/CAMERA_ORBIT_DOWN
[LOG 18:23:45.010] Config(CAMERA_ORBIT_LEFT) Squad/Controls/Azerty/CAMERA_ORBIT_LEFT
[LOG 18:23:45.010] Config(CAMERA_ORBIT_RIGHT) Squad/Controls/Azerty/CAMERA_ORBIT_RIGHT
[LOG 18:23:45.010] Config(CAMERA_RESET) Squad/Controls/Azerty/CAMERA_RESET
[LOG 18:23:45.010] Config(CAMERA_MOUSE_TOGGLE) Squad/Controls/Azerty/CAMERA_MOUSE_TOGGLE
[LOG 18:23:45.010] Config(TIME_WARP_INCREASE) Squad/Controls/Azerty/TIME_WARP_INCREASE
[LOG 18:23:45.010] Config(TIME_WARP_DECREASE) Squad/Controls/Azerty/TIME_WARP_DECREASE
[LOG 18:23:45.010] Config(TIME_WARP_STOP) Squad/Controls/Azerty/TIME_WARP_STOP
[LOG 18:23:45.010] Config(MAP_VIEW_TOGGLE) Squad/Controls/Azerty/MAP_VIEW_TOGGLE
[LOG 18:23:45.010] Config(NAVBALL_TOGGLE) Squad/Controls/Azerty/NAVBALL_TOGGLE
[LOG 18:23:45.010] Config(UIMODE_STAGING) Squad/Controls/Azerty/UIMODE_STAGING
[LOG 18:23:45.010] Config(UIMODE_DOCKING) Squad/Controls/Azerty/UIMODE_DOCKING
[LOG 18:23:45.010] Config(TRANSLATE_DOWN) Squad/Controls/Azerty/TRANSLATE_DOWN
[LOG 18:23:45.010] Config(TRANSLATE_UP) Squad/Controls/Azerty/TRANSLATE_UP
[LOG 18:23:45.010] Config(TRANSLATE_LEFT) Squad/Controls/Azerty/TRANSLATE_LEFT
[LOG 18:23:45.010] Config(TRANSLATE_RIGHT) Squad/Controls/Azerty/TRANSLATE_RIGHT
[LOG 18:23:45.010] Config(TRANSLATE_FWD) Squad/Controls/Azerty/TRANSLATE_FWD
[LOG 18:23:45.010] Config(TRANSLATE_BACK) Squad/Controls/Azerty/TRANSLATE_BACK
[LOG 18:23:45.010] Config(RCS_TOGGLE) Squad/Controls/Azerty/RCS_TOGGLE
[LOG 18:23:45.010] Config(FOCUS_NEXT_VESSEL) Squad/Controls/Azerty/FOCUS_NEXT_VESSEL
[LOG 18:23:45.010] Config(FOCUS_PREV_VESSEL) Squad/Controls/Azerty/FOCUS_PREV_VESSEL
[LOG 18:23:45.010] Config(TOGGLE_UI) Squad/Controls/Azerty/TOGGLE_UI
[LOG 18:23:45.010] Config(TOGGLE_STATUS_SCREEN) Squad/Controls/Azerty/TOGGLE_STATUS_SCREEN
[LOG 18:23:45.010] Config(TAKE_SCREENSHOT) Squad/Controls/Azerty/TAKE_SCREENSHOT
[LOG 18:23:45.010] Config(TOGGLE_LABELS) Squad/Controls/Azerty/TOGGLE_LABELS
[LOG 18:23:45.010] Config(TOGGLE_TEMP_GAUGES) Squad/Controls/Azerty/TOGGLE_TEMP_GAUGES
[LOG 18:23:45.010] Config(TOGGLE_TEMP_OVERLAY) Squad/Controls/Azerty/TOGGLE_TEMP_OVERLAY
[LOG 18:23:45.010] Config(TOGGLE_FLIGHT_FORCES) Squad/Controls/Azerty/TOGGLE_FLIGHT_FORCES
[LOG 18:23:45.010] Config(QUICKSAVE) Squad/Controls/Azerty/QUICKSAVE
[LOG 18:23:45.010] Config(QUICKLOAD) Squad/Controls/Azerty/QUICKLOAD
[LOG 18:23:45.010] Config(THROTTLE_CUTOFF) Squad/Controls/Azerty/THROTTLE_CUTOFF
[LOG 18:23:45.011] Config(THROTTLE_FULL) Squad/Controls/Azerty/THROTTLE_FULL
[LOG 18:23:45.011] Config(LANDING_GEAR) Squad/Controls/Azerty/LANDING_GEAR
[LOG 18:23:45.011] Config(HEADLIGHT_TOGGLE) Squad/Controls/Azerty/HEADLIGHT_TOGGLE
[LOG 18:23:45.011] Config(BRAKES) Squad/Controls/Azerty/BRAKES
[LOG 18:23:45.011] Config(TOGGLE_SPACENAV_FLIGHT_CONTROL) Squad/Controls/Azerty/TOGGLE_SPACENAV_FLIGHT_CONTROL
[LOG 18:23:45.011] Config(TOGGLE_SPACENAV_ROLL_LOCK) Squad/Controls/Azerty/TOGGLE_SPACENAV_ROLL_LOCK
[LOG 18:23:45.011] Config(WHEEL_STEER_LEFT) Squad/Controls/Azerty/WHEEL_STEER_LEFT
[LOG 18:23:45.011] Config(WHEEL_STEER_RIGHT) Squad/Controls/Azerty/WHEEL_STEER_RIGHT
[LOG 18:23:45.011] Config(WHEEL_THROTTLE_DOWN) Squad/Controls/Azerty/WHEEL_THROTTLE_DOWN
[LOG 18:23:45.011] Config(WHEEL_THROTTLE_UP) Squad/Controls/Azerty/WHEEL_THROTTLE_UP
[LOG 18:23:45.011] Config(EVA_forward) Squad/Controls/Azerty/EVA_forward
[LOG 18:23:45.011] Config(EVA_back) Squad/Controls/Azerty/EVA_back
[LOG 18:23:45.011] Config(EVA_left) Squad/Controls/Azerty/EVA_left
[LOG 18:23:45.011] Config(EVA_right) Squad/Controls/Azerty/EVA_right
[LOG 18:23:45.011] Config(EVA_yaw_left) Squad/Controls/Azerty/EVA_yaw_left
[LOG 18:23:45.011] Config(EVA_yaw_right) Squad/Controls/Azerty/EVA_yaw_right
[LOG 18:23:45.011] Config(EVA_Pack_forward) Squad/Controls/Azerty/EVA_Pack_forward
[LOG 18:23:45.011] Config(EVA_Pack_back) Squad/Controls/Azerty/EVA_Pack_back
[LOG 18:23:45.011] Config(EVA_Pack_left) Squad/Controls/Azerty/EVA_Pack_left
[LOG 18:23:45.011] Config(EVA_Pack_right) Squad/Controls/Azerty/EVA_Pack_right
[LOG 18:23:45.011] Config(EVA_Pack_up) Squad/Controls/Azerty/EVA_Pack_up
[LOG 18:23:45.011] Config(EVA_Pack_down) Squad/Controls/Azerty/EVA_Pack_down
[LOG 18:23:45.011] Config(EVA_Jump) Squad/Controls/Azerty/EVA_Jump
[LOG 18:23:45.011] Config(EVA_Run) Squad/Controls/Azerty/EVA_Run
[LOG 18:23:45.011] Config(EVA_ToggleMovementMode) Squad/Controls/Azerty/EVA_ToggleMovementMode
[LOG 18:23:45.011] Config(EVA_TogglePack) Squad/Controls/Azerty/EVA_TogglePack
[LOG 18:23:45.011] Config(EVA_Use) Squad/Controls/Azerty/EVA_Use
[LOG 18:23:45.011] Config(EVA_Board) Squad/Controls/Azerty/EVA_Board
[LOG 18:23:45.011] Config(EVA_Orient) Squad/Controls/Azerty/EVA_Orient
[LOG 18:23:45.011] Config(EVA_Lights) Squad/Controls/Azerty/EVA_Lights
[LOG 18:23:45.011] Config(EVA_ChuteDeploy) Squad/Controls/Azerty/EVA_ChuteDeploy
[LOG 18:23:45.012] Config(Editor_pitchUp) Squad/Controls/Azerty/Editor_pitchUp
[LOG 18:23:45.012] Config(Editor_pitchDown) Squad/Controls/Azerty/Editor_pitchDown
[LOG 18:23:45.012] Config(Editor_yawLeft) Squad/Controls/Azerty/Editor_yawLeft
[LOG 18:23:45.012] Config(Editor_yawRight) Squad/Controls/Azerty/Editor_yawRight
[LOG 18:23:45.012] Config(Editor_rollLeft) Squad/Controls/Azerty/Editor_rollLeft
[LOG 18:23:45.012] Config(Editor_rollRight) Squad/Controls/Azerty/Editor_rollRight
[LOG 18:23:45.012] Config(Editor_resetRotation) Squad/Controls/Azerty/Editor_resetRotation
[LOG 18:23:45.012] Config(Editor_modePlace) Squad/Controls/Azerty/Editor_modePlace
[LOG 18:23:45.012] Config(Editor_modeOffset) Squad/Controls/Azerty/Editor_modeOffset
[LOG 18:23:45.012] Config(Editor_modeRotate) Squad/Controls/Azerty/Editor_modeRotate
[LOG 18:23:45.012] Config(Editor_modeRoot) Squad/Controls/Azerty/Editor_modeRoot
[LOG 18:23:45.012] Config(Editor_coordSystem) Squad/Controls/Azerty/Editor_coordSystem
[LOG 18:23:45.012] Config(Editor_toggleSymMethod) Squad/Controls/Azerty/Editor_toggleSymMethod
[LOG 18:23:45.012] Config(Editor_toggleSymMode) Squad/Controls/Azerty/Editor_toggleSymMode
[LOG 18:23:45.012] Config(Editor_toggleAngleSnap) Squad/Controls/Azerty/Editor_toggleAngleSnap
[LOG 18:23:45.012] Config(Editor_fineTweak) Squad/Controls/Azerty/Editor_fineTweak
[LOG 18:23:45.012] Config(Editor_partSearch) Squad/Controls/Azerty/Editor_partSearch
[LOG 18:23:45.012] Config(Editor_zoomScrollModifier) Squad/Controls/Azerty/Editor_zoomScrollModifier
[LOG 18:23:45.012] Config(MODIFIER_KEY) Squad/Controls/Azerty/MODIFIER_KEY
[LOG 18:23:45.012] Config(AbortActionGroup) Squad/Controls/Azerty/AbortActionGroup
[LOG 18:23:45.012] Config(CustomActionGroup1) Squad/Controls/Azerty/CustomActionGroup1
[LOG 18:23:45.012] Config(CustomActionGroup2) Squad/Controls/Azerty/CustomActionGroup2
[LOG 18:23:45.012] Config(CustomActionGroup3) Squad/Controls/Azerty/CustomActionGroup3
[LOG 18:23:45.012] Config(CustomActionGroup4) Squad/Controls/Azerty/CustomActionGroup4
[LOG 18:23:45.012] Config(CustomActionGroup5) Squad/Controls/Azerty/CustomActionGroup5
[LOG 18:23:45.012] Config(CustomActionGroup6) Squad/Controls/Azerty/CustomActionGroup6
[LOG 18:23:45.012] Config(CustomActionGroup7) Squad/Controls/Azerty/CustomActionGroup7
[LOG 18:23:45.012] Config(CustomActionGroup8) Squad/Controls/Azerty/CustomActionGroup8
[LOG 18:23:45.012] Config(CustomActionGroup9) Squad/Controls/Azerty/CustomActionGroup9
[LOG 18:23:45.012] Config(CustomActionGroup10) Squad/Controls/Azerty/CustomActionGroup10
[LOG 18:23:45.013] Config(KEY_MAP) Squad/Controls/Azerty/KEY_MAP
[LOG 18:23:45.013] Config(KEYBOARD_LAYOUT) Squad/Controls/Dvorak/#autoLOC_6001234
[LOG 18:23:45.013] Config(PITCH_DOWN) Squad/Controls/Dvorak/PITCH_DOWN
[LOG 18:23:45.013] Config(PITCH_UP) Squad/Controls/Dvorak/PITCH_UP
[LOG 18:23:45.013] Config(YAW_LEFT) Squad/Controls/Dvorak/YAW_LEFT
[LOG 18:23:45.013] Config(YAW_RIGHT) Squad/Controls/Dvorak/YAW_RIGHT
[LOG 18:23:45.013] Config(ROLL_LEFT) Squad/Controls/Dvorak/ROLL_LEFT
[LOG 18:23:45.013] Config(ROLL_RIGHT) Squad/Controls/Dvorak/ROLL_RIGHT
[LOG 18:23:45.013] Config(THROTTLE_UP) Squad/Controls/Dvorak/THROTTLE_UP
[LOG 18:23:45.013] Config(THROTTLE_DOWN) Squad/Controls/Dvorak/THROTTLE_DOWN
[LOG 18:23:45.013] Config(SAS_HOLD) Squad/Controls/Dvorak/SAS_HOLD
[LOG 18:23:45.013] Config(SAS_TOGGLE) Squad/Controls/Dvorak/SAS_TOGGLE
[LOG 18:23:45.013] Config(LAUNCH_STAGES) Squad/Controls/Dvorak/LAUNCH_STAGES
[LOG 18:23:45.013] Config(Docking_toggleRotLin) Squad/Controls/Dvorak/Docking_toggleRotLin
[LOG 18:23:45.013] Config(CAMERA_MODE) Squad/Controls/Dvorak/CAMERA_MODE
[LOG 18:23:45.013] Config(CAMERA_NEXT) Squad/Controls/Dvorak/CAMERA_NEXT
[LOG 18:23:45.013] Config(PAUSE) Squad/Controls/Dvorak/PAUSE
[LOG 18:23:45.013] Config(PRECISION_CTRL) Squad/Controls/Dvorak/PRECISION_CTRL
[LOG 18:23:45.013] Config(ZOOM_IN) Squad/Controls/Dvorak/ZOOM_IN
[LOG 18:23:45.013] Config(ZOOM_OUT) Squad/Controls/Dvorak/ZOOM_OUT
[LOG 18:23:45.013] Config(SCROLL_VIEW_UP) Squad/Controls/Dvorak/SCROLL_VIEW_UP
[LOG 18:23:45.013] Config(SCROLL_VIEW_DOWN) Squad/Controls/Dvorak/SCROLL_VIEW_DOWN
[LOG 18:23:45.013] Config(SCROLL_ICONS_UP) Squad/Controls/Dvorak/SCROLL_ICONS_UP
[LOG 18:23:45.013] Config(SCROLL_ICONS_DOWN) Squad/Controls/Dvorak/SCROLL_ICONS_DOWN
[LOG 18:23:45.013] Config(CAMERA_ORBIT_UP) Squad/Controls/Dvorak/CAMERA_ORBIT_UP
[LOG 18:23:45.013] Config(CAMERA_ORBIT_DOWN) Squad/Controls/Dvorak/CAMERA_ORBIT_DOWN
[LOG 18:23:45.013] Config(CAMERA_ORBIT_LEFT) Squad/Controls/Dvorak/CAMERA_ORBIT_LEFT
[LOG 18:23:45.013] Config(CAMERA_ORBIT_RIGHT) Squad/Controls/Dvorak/CAMERA_ORBIT_RIGHT
[LOG 18:23:45.013] Config(CAMERA_RESET) Squad/Controls/Dvorak/CAMERA_RESET
[LOG 18:23:45.014] Config(CAMERA_MOUSE_TOGGLE) Squad/Controls/Dvorak/CAMERA_MOUSE_TOGGLE
[LOG 18:23:45.014] Config(TIME_WARP_INCREASE) Squad/Controls/Dvorak/TIME_WARP_INCREASE
[LOG 18:23:45.014] Config(TIME_WARP_DECREASE) Squad/Controls/Dvorak/TIME_WARP_DECREASE
[LOG 18:23:45.014] Config(TIME_WARP_STOP) Squad/Controls/Dvorak/TIME_WARP_STOP
[LOG 18:23:45.014] Config(MAP_VIEW_TOGGLE) Squad/Controls/Dvorak/MAP_VIEW_TOGGLE
[LOG 18:23:45.014] Config(NAVBALL_TOGGLE) Squad/Controls/Dvorak/NAVBALL_TOGGLE
[LOG 18:23:45.014] Config(UIMODE_STAGING) Squad/Controls/Dvorak/UIMODE_STAGING
[LOG 18:23:45.014] Config(UIMODE_DOCKING) Squad/Controls/Dvorak/UIMODE_DOCKING
[LOG 18:23:45.014] Config(TRANSLATE_DOWN) Squad/Controls/Dvorak/TRANSLATE_DOWN
[LOG 18:23:45.014] Config(TRANSLATE_UP) Squad/Controls/Dvorak/TRANSLATE_UP
[LOG 18:23:45.014] Config(TRANSLATE_LEFT) Squad/Controls/Dvorak/TRANSLATE_LEFT
[LOG 18:23:45.014] Config(TRANSLATE_RIGHT) Squad/Controls/Dvorak/TRANSLATE_RIGHT
[LOG 18:23:45.014] Config(TRANSLATE_FWD) Squad/Controls/Dvorak/TRANSLATE_FWD
[LOG 18:23:45.014] Config(TRANSLATE_BACK) Squad/Controls/Dvorak/TRANSLATE_BACK
[LOG 18:23:45.014] Config(RCS_TOGGLE) Squad/Controls/Dvorak/RCS_TOGGLE
[LOG 18:23:45.014] Config(FOCUS_NEXT_VESSEL) Squad/Controls/Dvorak/FOCUS_NEXT_VESSEL
[LOG 18:23:45.014] Config(FOCUS_PREV_VESSEL) Squad/Controls/Dvorak/FOCUS_PREV_VESSEL
[LOG 18:23:45.014] Config(TOGGLE_UI) Squad/Controls/Dvorak/TOGGLE_UI
[LOG 18:23:45.014] Config(TOGGLE_STATUS_SCREEN) Squad/Controls/Dvorak/TOGGLE_STATUS_SCREEN
[LOG 18:23:45.014] Config(TAKE_SCREENSHOT) Squad/Controls/Dvorak/TAKE_SCREENSHOT
[LOG 18:23:45.014] Config(TOGGLE_LABELS) Squad/Controls/Dvorak/TOGGLE_LABELS
[LOG 18:23:45.014] Config(TOGGLE_TEMP_GAUGES) Squad/Controls/Dvorak/TOGGLE_TEMP_GAUGES
[LOG 18:23:45.014] Config(TOGGLE_TEMP_OVERLAY) Squad/Controls/Dvorak/TOGGLE_TEMP_OVERLAY
[LOG 18:23:45.014] Config(TOGGLE_FLIGHT_FORCES) Squad/Controls/Dvorak/TOGGLE_FLIGHT_FORCES
[LOG 18:23:45.014] Config(QUICKSAVE) Squad/Controls/Dvorak/QUICKSAVE
[LOG 18:23:45.014] Config(QUICKLOAD) Squad/Controls/Dvorak/QUICKLOAD
[LOG 18:23:45.014] Config(THROTTLE_CUTOFF) Squad/Controls/Dvorak/THROTTLE_CUTOFF
[LOG 18:23:45.015] Config(THROTTLE_FULL) Squad/Controls/Dvorak/THROTTLE_FULL
[LOG 18:23:45.015] Config(LANDING_GEAR) Squad/Controls/Dvorak/LANDING_GEAR
[LOG 18:23:45.015] Config(HEADLIGHT_TOGGLE) Squad/Controls/Dvorak/HEADLIGHT_TOGGLE
[LOG 18:23:45.015] Config(BRAKES) Squad/Controls/Dvorak/BRAKES
[LOG 18:23:45.015] Config(TOGGLE_SPACENAV_FLIGHT_CONTROL) Squad/Controls/Dvorak/TOGGLE_SPACENAV_FLIGHT_CONTROL
[LOG 18:23:45.015] Config(TOGGLE_SPACENAV_ROLL_LOCK) Squad/Controls/Dvorak/TOGGLE_SPACENAV_ROLL_LOCK
[LOG 18:23:45.015] Config(WHEEL_STEER_LEFT) Squad/Controls/Dvorak/WHEEL_STEER_LEFT
[LOG 18:23:45.015] Config(WHEEL_STEER_RIGHT) Squad/Controls/Dvorak/WHEEL_STEER_RIGHT
[LOG 18:23:45.015] Config(WHEEL_THROTTLE_DOWN) Squad/Controls/Dvorak/WHEEL_THROTTLE_DOWN
[LOG 18:23:45.015] Config(WHEEL_THROTTLE_UP) Squad/Controls/Dvorak/WHEEL_THROTTLE_UP
[LOG 18:23:45.015] Config(EVA_forward) Squad/Controls/Dvorak/EVA_forward
[LOG 18:23:45.015] Config(EVA_back) Squad/Controls/Dvorak/EVA_back
[LOG 18:23:45.015] Config(EVA_left) Squad/Controls/Dvorak/EVA_left
[LOG 18:23:45.015] Config(EVA_right) Squad/Controls/Dvorak/EVA_right
[LOG 18:23:45.015] Config(EVA_yaw_left) Squad/Controls/Dvorak/EVA_yaw_left
[LOG 18:23:45.015] Config(EVA_yaw_right) Squad/Controls/Dvorak/EVA_yaw_right
[LOG 18:23:45.015] Config(EVA_Pack_forward) Squad/Controls/Dvorak/EVA_Pack_forward
[LOG 18:23:45.015] Config(EVA_Pack_back) Squad/Controls/Dvorak/EVA_Pack_back
[LOG 18:23:45.015] Config(EVA_Pack_left) Squad/Controls/Dvorak/EVA_Pack_left
[LOG 18:23:45.015] Config(EVA_Pack_right) Squad/Controls/Dvorak/EVA_Pack_right
[LOG 18:23:45.015] Config(EVA_Pack_up) Squad/Controls/Dvorak/EVA_Pack_up
[LOG 18:23:45.016] Config(EVA_Pack_down) Squad/Controls/Dvorak/EVA_Pack_down
[LOG 18:23:45.016] Config(EVA_Jump) Squad/Controls/Dvorak/EVA_Jump
[LOG 18:23:45.016] Config(EVA_Run) Squad/Controls/Dvorak/EVA_Run
[LOG 18:23:45.016] Config(EVA_ToggleMovementMode) Squad/Controls/Dvorak/EVA_ToggleMovementMode
[LOG 18:23:45.016] Config(EVA_TogglePack) Squad/Controls/Dvorak/EVA_TogglePack
[LOG 18:23:45.016] Config(EVA_Use) Squad/Controls/Dvorak/EVA_Use
[LOG 18:23:45.016] Config(EVA_Board) Squad/Controls/Dvorak/EVA_Board
[LOG 18:23:45.016] Config(EVA_Orient) Squad/Controls/Dvorak/EVA_Orient
[LOG 18:23:45.016] Config(EVA_Lights) Squad/Controls/Dvorak/EVA_Lights
[LOG 18:23:45.016] Config(EVA_ChuteDeploy) Squad/Controls/Dvorak/EVA_ChuteDeploy
[LOG 18:23:45.016] Config(Editor_pitchUp) Squad/Controls/Dvorak/Editor_pitchUp
[LOG 18:23:45.016] Config(Editor_pitchDown) Squad/Controls/Dvorak/Editor_pitchDown
[LOG 18:23:45.016] Config(Editor_yawLeft) Squad/Controls/Dvorak/Editor_yawLeft
[LOG 18:23:45.016] Config(Editor_yawRight) Squad/Controls/Dvorak/Editor_yawRight
[LOG 18:23:45.016] Config(Editor_rollLeft) Squad/Controls/Dvorak/Editor_rollLeft
[LOG 18:23:45.016] Config(Editor_rollRight) Squad/Controls/Dvorak/Editor_rollRight
[LOG 18:23:45.016] Config(Editor_resetRotation) Squad/Controls/Dvorak/Editor_resetRotation
[LOG 18:23:45.016] Config(Editor_modePlace) Squad/Controls/Dvorak/Editor_modePlace
[LOG 18:23:45.016] Config(Editor_modeOffset) Squad/Controls/Dvorak/Editor_modeOffset
[LOG 18:23:45.016] Config(Editor_modeRotate) Squad/Controls/Dvorak/Editor_modeRotate
[LOG 18:23:45.016] Config(Editor_modeRoot) Squad/Controls/Dvorak/Editor_modeRoot
[LOG 18:23:45.016] Config(Editor_coordSystem) Squad/Controls/Dvorak/Editor_coordSystem
[LOG 18:23:45.016] Config(Editor_toggleSymMethod) Squad/Controls/Dvorak/Editor_toggleSymMethod
[LOG 18:23:45.016] Config(Editor_toggleSymMode) Squad/Controls/Dvorak/Editor_toggleSymMode
[LOG 18:23:45.016] Config(Editor_toggleAngleSnap) Squad/Controls/Dvorak/Editor_toggleAngleSnap
[LOG 18:23:45.016] Config(Editor_fineTweak) Squad/Controls/Dvorak/Editor_fineTweak
[LOG 18:23:45.016] Config(Editor_partSearch) Squad/Controls/Dvorak/Editor_partSearch
[LOG 18:23:45.016] Config(Editor_zoomScrollModifier) Squad/Controls/Dvorak/Editor_zoomScrollModifier
[LOG 18:23:45.016] Config(MODIFIER_KEY) Squad/Controls/Dvorak/MODIFIER_KEY
[LOG 18:23:45.016] Config(AbortActionGroup) Squad/Controls/Dvorak/AbortActionGroup
[LOG 18:23:45.016] Config(CustomActionGroup1) Squad/Controls/Dvorak/CustomActionGroup1
[LOG 18:23:45.017] Config(CustomActionGroup2) Squad/Controls/Dvorak/CustomActionGroup2
[LOG 18:23:45.017] Config(CustomActionGroup3) Squad/Controls/Dvorak/CustomActionGroup3
[LOG 18:23:45.017] Config(CustomActionGroup4) Squad/Controls/Dvorak/CustomActionGroup4
[LOG 18:23:45.017] Config(CustomActionGroup5) Squad/Controls/Dvorak/CustomActionGroup5
[LOG 18:23:45.017] Config(CustomActionGroup6) Squad/Controls/Dvorak/CustomActionGroup6
[LOG 18:23:45.017] Config(CustomActionGroup7) Squad/Controls/Dvorak/CustomActionGroup7
[LOG 18:23:45.017] Config(CustomActionGroup8) Squad/Controls/Dvorak/CustomActionGroup8
[LOG 18:23:45.017] Config(CustomActionGroup9) Squad/Controls/Dvorak/CustomActionGroup9
[LOG 18:23:45.017] Config(CustomActionGroup10) Squad/Controls/Dvorak/CustomActionGroup10
[LOG 18:23:45.017] Config(KEY_MAP) Squad/Controls/Dvorak/KEY_MAP
[LOG 18:23:45.017] Config(KEYBOARD_LAYOUT) Squad/Controls/Qwerty/#autoLOC_6001227
[LOG 18:23:45.017] Config(PITCH_DOWN) Squad/Controls/Qwerty/PITCH_DOWN
[LOG 18:23:45.017] Config(PITCH_UP) Squad/Controls/Qwerty/PITCH_UP
[LOG 18:23:45.017] Config(YAW_LEFT) Squad/Controls/Qwerty/YAW_LEFT
[LOG 18:23:45.017] Config(YAW_RIGHT) Squad/Controls/Qwerty/YAW_RIGHT
[LOG 18:23:45.017] Config(ROLL_LEFT) Squad/Controls/Qwerty/ROLL_LEFT
[LOG 18:23:45.017] Config(ROLL_RIGHT) Squad/Controls/Qwerty/ROLL_RIGHT
[LOG 18:23:45.017] Config(THROTTLE_UP) Squad/Controls/Qwerty/THROTTLE_UP
[LOG 18:23:45.017] Config(THROTTLE_DOWN) Squad/Controls/Qwerty/THROTTLE_DOWN
[LOG 18:23:45.017] Config(SAS_HOLD) Squad/Controls/Qwerty/SAS_HOLD
[LOG 18:23:45.017] Config(SAS_TOGGLE) Squad/Controls/Qwerty/SAS_TOGGLE
[LOG 18:23:45.017] Config(LAUNCH_STAGES) Squad/Controls/Qwerty/LAUNCH_STAGES
[LOG 18:23:45.017] Config(Docking_toggleRotLin) Squad/Controls/Qwerty/Docking_toggleRotLin
[LOG 18:23:45.017] Config(CAMERA_MODE) Squad/Controls/Qwerty/CAMERA_MODE
[LOG 18:23:45.017] Config(CAMERA_NEXT) Squad/Controls/Qwerty/CAMERA_NEXT
[LOG 18:23:45.017] Config(PAUSE) Squad/Controls/Qwerty/PAUSE
[LOG 18:23:45.017] Config(PRECISION_CTRL) Squad/Controls/Qwerty/PRECISION_CTRL
[LOG 18:23:45.017] Config(ZOOM_IN) Squad/Controls/Qwerty/ZOOM_IN
[LOG 18:23:45.017] Config(ZOOM_OUT) Squad/Controls/Qwerty/ZOOM_OUT
[LOG 18:23:45.017] Config(SCROLL_VIEW_UP) Squad/Controls/Qwerty/SCROLL_VIEW_UP
[LOG 18:23:45.018] Config(SCROLL_VIEW_DOWN) Squad/Controls/Qwerty/SCROLL_VIEW_DOWN
[LOG 18:23:45.018] Config(SCROLL_ICONS_UP) Squad/Controls/Qwerty/SCROLL_ICONS_UP
[LOG 18:23:45.018] Config(SCROLL_ICONS_DOWN) Squad/Controls/Qwerty/SCROLL_ICONS_DOWN
[LOG 18:23:45.018] Config(CAMERA_ORBIT_UP) Squad/Controls/Qwerty/CAMERA_ORBIT_UP
[LOG 18:23:45.018] Config(CAMERA_ORBIT_DOWN) Squad/Controls/Qwerty/CAMERA_ORBIT_DOWN
[LOG 18:23:45.018] Config(CAMERA_ORBIT_LEFT) Squad/Controls/Qwerty/CAMERA_ORBIT_LEFT
[LOG 18:23:45.018] Config(CAMERA_ORBIT_RIGHT) Squad/Controls/Qwerty/CAMERA_ORBIT_RIGHT
[LOG 18:23:45.018] Config(CAMERA_RESET) Squad/Controls/Qwerty/CAMERA_RESET
[LOG 18:23:45.018] Config(CAMERA_MOUSE_TOGGLE) Squad/Controls/Qwerty/CAMERA_MOUSE_TOGGLE
[LOG 18:23:45.018] Config(TIME_WARP_INCREASE) Squad/Controls/Qwerty/TIME_WARP_INCREASE
[LOG 18:23:45.018] Config(TIME_WARP_DECREASE) Squad/Controls/Qwerty/TIME_WARP_DECREASE
[LOG 18:23:45.018] Config(TIME_WARP_STOP) Squad/Controls/Qwerty/TIME_WARP_STOP
[LOG 18:23:45.018] Config(MAP_VIEW_TOGGLE) Squad/Controls/Qwerty/MAP_VIEW_TOGGLE
[LOG 18:23:45.018] Config(NAVBALL_TOGGLE) Squad/Controls/Qwerty/NAVBALL_TOGGLE
[LOG 18:23:45.018] Config(UIMODE_STAGING) Squad/Controls/Qwerty/UIMODE_STAGING
[LOG 18:23:45.018] Config(UIMODE_DOCKING) Squad/Controls/Qwerty/UIMODE_DOCKING
[LOG 18:23:45.018] Config(TRANSLATE_DOWN) Squad/Controls/Qwerty/TRANSLATE_DOWN
[LOG 18:23:45.018] Config(TRANSLATE_UP) Squad/Controls/Qwerty/TRANSLATE_UP
[LOG 18:23:45.018] Config(TRANSLATE_LEFT) Squad/Controls/Qwerty/TRANSLATE_LEFT
[LOG 18:23:45.018] Config(TRANSLATE_RIGHT) Squad/Controls/Qwerty/TRANSLATE_RIGHT
[LOG 18:23:45.018] Config(TRANSLATE_FWD) Squad/Controls/Qwerty/TRANSLATE_FWD
[LOG 18:23:45.018] Config(TRANSLATE_BACK) Squad/Controls/Qwerty/TRANSLATE_BACK
[LOG 18:23:45.018] Config(RCS_TOGGLE) Squad/Controls/Qwerty/RCS_TOGGLE
[LOG 18:23:45.018] Config(FOCUS_NEXT_VESSEL) Squad/Controls/Qwerty/FOCUS_NEXT_VESSEL
[LOG 18:23:45.018] Config(FOCUS_PREV_VESSEL) Squad/Controls/Qwerty/FOCUS_PREV_VESSEL
[LOG 18:23:45.018] Config(TOGGLE_UI) Squad/Controls/Qwerty/TOGGLE_UI
[LOG 18:23:45.018] Config(TOGGLE_STATUS_SCREEN) Squad/Controls/Qwerty/TOGGLE_STATUS_SCREEN
[LOG 18:23:45.018] Config(TAKE_SCREENSHOT) Squad/Controls/Qwerty/TAKE_SCREENSHOT
[LOG 18:23:45.018] Config(TOGGLE_LABELS) Squad/Controls/Qwerty/TOGGLE_LABELS
[LOG 18:23:45.018] Config(TOGGLE_TEMP_GAUGES) Squad/Controls/Qwerty/TOGGLE_TEMP_GAUGES
[LOG 18:23:45.018] Config(TOGGLE_TEMP_OVERLAY) Squad/Controls/Qwerty/TOGGLE_TEMP_OVERLAY
[LOG 18:23:45.019] Config(TOGGLE_FLIGHT_FORCES) Squad/Controls/Qwerty/TOGGLE_FLIGHT_FORCES
[LOG 18:23:45.019] Config(QUICKSAVE) Squad/Controls/Qwerty/QUICKSAVE
[LOG 18:23:45.019] Config(QUICKLOAD) Squad/Controls/Qwerty/QUICKLOAD
[LOG 18:23:45.019] Config(THROTTLE_CUTOFF) Squad/Controls/Qwerty/THROTTLE_CUTOFF
[LOG 18:23:45.019] Config(THROTTLE_FULL) Squad/Controls/Qwerty/THROTTLE_FULL
[LOG 18:23:45.019] Config(LANDING_GEAR) Squad/Controls/Qwerty/LANDING_GEAR
[LOG 18:23:45.019] Config(HEADLIGHT_TOGGLE) Squad/Controls/Qwerty/HEADLIGHT_TOGGLE
[LOG 18:23:45.019] Config(BRAKES) Squad/Controls/Qwerty/BRAKES
[LOG 18:23:45.019] Config(TOGGLE_SPACENAV_FLIGHT_CONTROL) Squad/Controls/Qwerty/TOGGLE_SPACENAV_FLIGHT_CONTROL
[LOG 18:23:45.019] Config(TOGGLE_SPACENAV_ROLL_LOCK) Squad/Controls/Qwerty/TOGGLE_SPACENAV_ROLL_LOCK
[LOG 18:23:45.019] Config(WHEEL_STEER_LEFT) Squad/Controls/Qwerty/WHEEL_STEER_LEFT
[LOG 18:23:45.019] Config(WHEEL_STEER_RIGHT) Squad/Controls/Qwerty/WHEEL_STEER_RIGHT
[LOG 18:23:45.019] Config(WHEEL_THROTTLE_DOWN) Squad/Controls/Qwerty/WHEEL_THROTTLE_DOWN
[LOG 18:23:45.019] Config(WHEEL_THROTTLE_UP) Squad/Controls/Qwerty/WHEEL_THROTTLE_UP
[LOG 18:23:45.019] Config(EVA_forward) Squad/Controls/Qwerty/EVA_forward
[LOG 18:23:45.019] Config(EVA_back) Squad/Controls/Qwerty/EVA_back
[LOG 18:23:45.019] Config(EVA_left) Squad/Controls/Qwerty/EVA_left
[LOG 18:23:45.019] Config(EVA_right) Squad/Controls/Qwerty/EVA_right
[LOG 18:23:45.019] Config(EVA_yaw_left) Squad/Controls/Qwerty/EVA_yaw_left
[LOG 18:23:45.019] Config(EVA_yaw_right) Squad/Controls/Qwerty/EVA_yaw_right
[LOG 18:23:45.019] Config(EVA_Pack_forward) Squad/Controls/Qwerty/EVA_Pack_forward
[LOG 18:23:45.019] Config(EVA_Pack_back) Squad/Controls/Qwerty/EVA_Pack_back
[LOG 18:23:45.019] Config(EVA_Pack_left) Squad/Controls/Qwerty/EVA_Pack_left
[LOG 18:23:45.019] Config(EVA_Pack_right) Squad/Controls/Qwerty/EVA_Pack_right
[LOG 18:23:45.019] Config(EVA_Pack_up) Squad/Controls/Qwerty/EVA_Pack_up
[LOG 18:23:45.019] Config(EVA_Pack_down) Squad/Controls/Qwerty/EVA_Pack_down
[LOG 18:23:45.019] Config(EVA_Jump) Squad/Controls/Qwerty/EVA_Jump
[LOG 18:23:45.019] Config(EVA_Run) Squad/Controls/Qwerty/EVA_Run
[LOG 18:23:45.019] Config(EVA_ToggleMovementMode) Squad/Controls/Qwerty/EVA_ToggleMovementMode
[LOG 18:23:45.019] Config(EVA_TogglePack) Squad/Controls/Qwerty/EVA_TogglePack
[LOG 18:23:45.020] Config(EVA_Use) Squad/Controls/Qwerty/EVA_Use
[LOG 18:23:45.020] Config(EVA_Board) Squad/Controls/Qwerty/EVA_Board
[LOG 18:23:45.020] Config(EVA_Orient) Squad/Controls/Qwerty/EVA_Orient
[LOG 18:23:45.020] Config(EVA_Lights) Squad/Controls/Qwerty/EVA_Lights
[LOG 18:23:45.020] Config(EVA_ChuteDeploy) Squad/Controls/Qwerty/EVA_ChuteDeploy
[LOG 18:23:45.020] Config(Editor_pitchUp) Squad/Controls/Qwerty/Editor_pitchUp
[LOG 18:23:45.020] Config(Editor_pitchDown) Squad/Controls/Qwerty/Editor_pitchDown
[LOG 18:23:45.020] Config(Editor_yawLeft) Squad/Controls/Qwerty/Editor_yawLeft
[LOG 18:23:45.020] Config(Editor_yawRight) Squad/Controls/Qwerty/Editor_yawRight
[LOG 18:23:45.020] Config(Editor_rollLeft) Squad/Controls/Qwerty/Editor_rollLeft
[LOG 18:23:45.020] Config(Editor_rollRight) Squad/Controls/Qwerty/Editor_rollRight
[LOG 18:23:45.020] Config(Editor_resetRotation) Squad/Controls/Qwerty/Editor_resetRotation
[LOG 18:23:45.020] Config(Editor_modePlace) Squad/Controls/Qwerty/Editor_modePlace
[LOG 18:23:45.020] Config(Editor_modeOffset) Squad/Controls/Qwerty/Editor_modeOffset
[LOG 18:23:45.020] Config(Editor_modeRotate) Squad/Controls/Qwerty/Editor_modeRotate
[LOG 18:23:45.020] Config(Editor_modeRoot) Squad/Controls/Qwerty/Editor_modeRoot
[LOG 18:23:45.020] Config(Editor_coordSystem) Squad/Controls/Qwerty/Editor_coordSystem
[LOG 18:23:45.020] Config(Editor_toggleSymMethod) Squad/Controls/Qwerty/Editor_toggleSymMethod
[LOG 18:23:45.020] Config(Editor_toggleSymMode) Squad/Controls/Qwerty/Editor_toggleSymMode
[LOG 18:23:45.020] Config(Editor_toggleAngleSnap) Squad/Controls/Qwerty/Editor_toggleAngleSnap
[LOG 18:23:45.020] Config(Editor_fineTweak) Squad/Controls/Qwerty/Editor_fineTweak
[LOG 18:23:45.020] Config(Editor_partSearch) Squad/Controls/Qwerty/Editor_partSearch
[LOG 18:23:45.020] Config(Editor_zoomScrollModifier) Squad/Controls/Qwerty/Editor_zoomScrollModifier
[LOG 18:23:45.020] Config(MODIFIER_KEY) Squad/Controls/Qwerty/MODIFIER_KEY
[LOG 18:23:45.020] Config(AbortActionGroup) Squad/Controls/Qwerty/AbortActionGroup
[LOG 18:23:45.020] Config(CustomActionGroup1) Squad/Controls/Qwerty/CustomActionGroup1
[LOG 18:23:45.020] Config(CustomActionGroup2) Squad/Controls/Qwerty/CustomActionGroup2
[LOG 18:23:45.020] Config(CustomActionGroup3) Squad/Controls/Qwerty/CustomActionGroup3
[LOG 18:23:45.020] Config(CustomActionGroup4) Squad/Controls/Qwerty/CustomActionGroup4
[LOG 18:23:45.020] Config(CustomActionGroup5) Squad/Controls/Qwerty/CustomActionGroup5
[LOG 18:23:45.021] Config(CustomActionGroup6) Squad/Controls/Qwerty/CustomActionGroup6
[LOG 18:23:45.021] Config(CustomActionGroup7) Squad/Controls/Qwerty/CustomActionGroup7
[LOG 18:23:45.021] Config(CustomActionGroup8) Squad/Controls/Qwerty/CustomActionGroup8
[LOG 18:23:45.021] Config(CustomActionGroup9) Squad/Controls/Qwerty/CustomActionGroup9
[LOG 18:23:45.021] Config(CustomActionGroup10) Squad/Controls/Qwerty/CustomActionGroup10
[LOG 18:23:45.021] Config(KEY_MAP) Squad/Controls/Qwerty/KEY_MAP
[LOG 18:23:45.021] Config(KEYBOARD_LAYOUT) Squad/Controls/Qwerty_en-GB/#autoLOC_6001228
[LOG 18:23:45.021] Config(KEY_MAP) Squad/Controls/Qwerty_en-GB/KEY_MAP
[LOG 18:23:45.021] Config(KEYBOARD_LAYOUT) Squad/Controls/Qwerty_es-LA/#autoLOC_6001229
[LOG 18:23:45.021] Config(CAMERA_MOUSE_TOGGLE) Squad/Controls/Qwerty_es-LA/CAMERA_MOUSE_TOGGLE
[LOG 18:23:45.021] Config(TIME_WARP_STOP) Squad/Controls/Qwerty_es-LA/TIME_WARP_STOP
[LOG 18:23:45.021] Config(FOCUS_NEXT_VESSEL) Squad/Controls/Qwerty_es-LA/FOCUS_NEXT_VESSEL
[LOG 18:23:45.021] Config(FOCUS_PREV_VESSEL) Squad/Controls/Qwerty_es-LA/FOCUS_PREV_VESSEL
[LOG 18:23:45.021] Config(CAMERA_RESET) Squad/Controls/Qwerty_es-LA/CAMERA_RESET
[LOG 18:23:45.021] Config(Editor_partSearch) Squad/Controls/Qwerty_es-LA/Editor_partSearch
[LOG 18:23:45.021] Config(KEY_MAP) Squad/Controls/Qwerty_es-LA/KEY_MAP
[LOG 18:23:45.021] Config(KEYBOARD_LAYOUT) Squad/Controls/Qwerty_it-IT/#autoLOC_6001230
[LOG 18:23:45.021] Config(FOCUS_NEXT_VESSEL) Squad/Controls/Qwerty_it-IT/FOCUS_NEXT_VESSEL
[LOG 18:23:45.021] Config(FOCUS_PREV_VESSEL) Squad/Controls/Qwerty_it-IT/FOCUS_PREV_VESSEL
[LOG 18:23:45.021] Config(CAMERA_MOUSE_TOGGLE) Squad/Controls/Qwerty_it-IT/CAMERA_MOUSE_TOGGLE
[LOG 18:23:45.021] Config(TIME_WARP_STOP) Squad/Controls/Qwerty_it-IT/TIME_WARP_STOP
[LOG 18:23:45.021] Config(CAMERA_RESET) Squad/Controls/Qwerty_it-IT/CAMERA_RESET
[LOG 18:23:45.021] Config(Editor_partSearch) Squad/Controls/Qwerty_it-IT/Editor_partSearch
[LOG 18:23:45.021] Config(KEY_MAP) Squad/Controls/Qwerty_it-IT/KEY_MAP
[LOG 18:23:45.021] Config(KEYBOARD_LAYOUT) Squad/Controls/Qwerty_ja-JP/#autoLOC_6001231
[LOG 18:23:45.021] Config(FOCUS_NEXT_VESSEL) Squad/Controls/Qwerty_ja-JP/FOCUS_NEXT_VESSEL
[LOG 18:23:45.021] Config(FOCUS_PREV_VESSEL) Squad/Controls/Qwerty_ja-JP/FOCUS_PREV_VESSEL
[LOG 18:23:45.021] Config(PRECISION_CTRL) Squad/Controls/Qwerty_ja-JP/PRECISION_CTRL
[LOG 18:23:45.021] Config(CAMERA_MOUSE_TOGGLE) Squad/Controls/Qwerty_ja-JP/CAMERA_MOUSE_TOGGLE
[LOG 18:23:45.022] Config(Editor_partSearch) Squad/Controls/Qwerty_ja-JP/Editor_partSearch
[LOG 18:23:45.022] Config(CAMERA_RESET) Squad/Controls/Qwerty_ja-JP/CAMERA_RESET
[LOG 18:23:45.022] Config(KEY_MAP) Squad/Controls/Qwerty_ja-JP/KEY_MAP
[LOG 18:23:45.022] Config(KEYBOARD_LAYOUT) Squad/Controls/Qwerty_pt-PT/#autoLOC_6001230
[LOG 18:23:45.022] Config(FOCUS_NEXT_VESSEL) Squad/Controls/Qwerty_pt-PT/FOCUS_NEXT_VESSEL
[LOG 18:23:45.022] Config(FOCUS_PREV_VESSEL) Squad/Controls/Qwerty_pt-PT/FOCUS_PREV_VESSEL
[LOG 18:23:45.022] Config(CAMERA_MOUSE_TOGGLE) Squad/Controls/Qwerty_pt-PT/CAMERA_MOUSE_TOGGLE
[LOG 18:23:45.022] Config(TIME_WARP_STOP) Squad/Controls/Qwerty_pt-PT/TIME_WARP_STOP
[LOG 18:23:45.022] Config(CAMERA_RESET) Squad/Controls/Qwerty_pt-PT/CAMERA_RESET
[LOG 18:23:45.022] Config(Editor_partSearch) Squad/Controls/Qwerty_pt-PT/Editor_partSearch
[LOG 18:23:45.022] Config(KEY_MAP) Squad/Controls/Qwerty_pt-PT/KEY_MAP
[LOG 18:23:45.022] Config(KEYBOARD_LAYOUT) Squad/Controls/Qwertz/#autoLOC_6001232
[LOG 18:23:45.022] Config(PITCH_DOWN) Squad/Controls/Qwertz/PITCH_DOWN
[LOG 18:23:45.022] Config(PITCH_UP) Squad/Controls/Qwertz/PITCH_UP
[LOG 18:23:45.022] Config(YAW_LEFT) Squad/Controls/Qwertz/YAW_LEFT
[LOG 18:23:45.022] Config(YAW_RIGHT) Squad/Controls/Qwertz/YAW_RIGHT
[LOG 18:23:45.022] Config(ROLL_LEFT) Squad/Controls/Qwertz/ROLL_LEFT
[LOG 18:23:45.022] Config(ROLL_RIGHT) Squad/Controls/Qwertz/ROLL_RIGHT
[LOG 18:23:45.022] Config(THROTTLE_UP) Squad/Controls/Qwertz/THROTTLE_UP
[LOG 18:23:45.022] Config(THROTTLE_DOWN) Squad/Controls/Qwertz/THROTTLE_DOWN
[LOG 18:23:45.022] Config(SAS_HOLD) Squad/Controls/Qwertz/SAS_HOLD
[LOG 18:23:45.022] Config(SAS_TOGGLE) Squad/Controls/Qwertz/SAS_TOGGLE
[LOG 18:23:45.022] Config(LAUNCH_STAGES) Squad/Controls/Qwertz/LAUNCH_STAGES
[LOG 18:23:45.022] Config(Docking_toggleRotLin) Squad/Controls/Qwertz/Docking_toggleRotLin
[LOG 18:23:45.022] Config(CAMERA_MODE) Squad/Controls/Qwertz/CAMERA_MODE
[LOG 18:23:45.022] Config(CAMERA_NEXT) Squad/Controls/Qwertz/CAMERA_NEXT
[LOG 18:23:45.022] Config(PAUSE) Squad/Controls/Qwertz/PAUSE
[LOG 18:23:45.022] Config(PRECISION_CTRL) Squad/Controls/Qwertz/PRECISION_CTRL
[LOG 18:23:45.022] Config(ZOOM_IN) Squad/Controls/Qwertz/ZOOM_IN
[LOG 18:23:45.022] Config(ZOOM_OUT) Squad/Controls/Qwertz/ZOOM_OUT
[LOG 18:23:45.023] Config(SCROLL_VIEW_UP) Squad/Controls/Qwertz/SCROLL_VIEW_UP
[LOG 18:23:45.023] Config(SCROLL_VIEW_DOWN) Squad/Controls/Qwertz/SCROLL_VIEW_DOWN
[LOG 18:23:45.023] Config(SCROLL_ICONS_UP) Squad/Controls/Qwertz/SCROLL_ICONS_UP
[LOG 18:23:45.023] Config(SCROLL_ICONS_DOWN) Squad/Controls/Qwertz/SCROLL_ICONS_DOWN
[LOG 18:23:45.023] Config(CAMERA_ORBIT_UP) Squad/Controls/Qwertz/CAMERA_ORBIT_UP
[LOG 18:23:45.023] Config(CAMERA_ORBIT_DOWN) Squad/Controls/Qwertz/CAMERA_ORBIT_DOWN
[LOG 18:23:45.023] Config(CAMERA_ORBIT_LEFT) Squad/Controls/Qwertz/CAMERA_ORBIT_LEFT
[LOG 18:23:45.023] Config(CAMERA_ORBIT_RIGHT) Squad/Controls/Qwertz/CAMERA_ORBIT_RIGHT
[LOG 18:23:45.023] Config(CAMERA_RESET) Squad/Controls/Qwertz/CAMERA_RESET
[LOG 18:23:45.023] Config(CAMERA_MOUSE_TOGGLE) Squad/Controls/Qwertz/CAMERA_MOUSE_TOGGLE
[LOG 18:23:45.023] Config(TIME_WARP_INCREASE) Squad/Controls/Qwertz/TIME_WARP_INCREASE
[LOG 18:23:45.023] Config(TIME_WARP_DECREASE) Squad/Controls/Qwertz/TIME_WARP_DECREASE
[LOG 18:23:45.023] Config(TIME_WARP_STOP) Squad/Controls/Qwertz/TIME_WARP_STOP
[LOG 18:23:45.023] Config(MAP_VIEW_TOGGLE) Squad/Controls/Qwertz/MAP_VIEW_TOGGLE
[LOG 18:23:45.023] Config(NAVBALL_TOGGLE) Squad/Controls/Qwertz/NAVBALL_TOGGLE
[LOG 18:23:45.023] Config(UIMODE_STAGING) Squad/Controls/Qwertz/UIMODE_STAGING
[LOG 18:23:45.023] Config(UIMODE_DOCKING) Squad/Controls/Qwertz/UIMODE_DOCKING
[LOG 18:23:45.023] Config(TRANSLATE_DOWN) Squad/Controls/Qwertz/TRANSLATE_DOWN
[LOG 18:23:45.023] Config(TRANSLATE_UP) Squad/Controls/Qwertz/TRANSLATE_UP
[LOG 18:23:45.023] Config(TRANSLATE_LEFT) Squad/Controls/Qwertz/TRANSLATE_LEFT
[LOG 18:23:45.023] Config(TRANSLATE_RIGHT) Squad/Controls/Qwertz/TRANSLATE_RIGHT
[LOG 18:23:45.023] Config(TRANSLATE_FWD) Squad/Controls/Qwertz/TRANSLATE_FWD
[LOG 18:23:45.023] Config(TRANSLATE_BACK) Squad/Controls/Qwertz/TRANSLATE_BACK
[LOG 18:23:45.023] Config(RCS_TOGGLE) Squad/Controls/Qwertz/RCS_TOGGLE
[LOG 18:23:45.023] Config(FOCUS_NEXT_VESSEL) Squad/Controls/Qwertz/FOCUS_NEXT_VESSEL
[LOG 18:23:45.023] Config(FOCUS_PREV_VESSEL) Squad/Controls/Qwertz/FOCUS_PREV_VESSEL
[LOG 18:23:45.023] Config(TOGGLE_UI) Squad/Controls/Qwertz/TOGGLE_UI
[LOG 18:23:45.023] Config(TOGGLE_STATUS_SCREEN) Squad/Controls/Qwertz/TOGGLE_STATUS_SCREEN
[LOG 18:23:45.023] Config(TAKE_SCREENSHOT) Squad/Controls/Qwertz/TAKE_SCREENSHOT
[LOG 18:23:45.023] Config(TOGGLE_LABELS) Squad/Controls/Qwertz/TOGGLE_LABELS
[LOG 18:23:45.023] Config(TOGGLE_TEMP_GAUGES) Squad/Controls/Qwertz/TOGGLE_TEMP_GAUGES
[LOG 18:23:45.024] Config(TOGGLE_TEMP_OVERLAY) Squad/Controls/Qwertz/TOGGLE_TEMP_OVERLAY
[LOG 18:23:45.024] Config(TOGGLE_FLIGHT_FORCES) Squad/Controls/Qwertz/TOGGLE_FLIGHT_FORCES
[LOG 18:23:45.024] Config(QUICKSAVE) Squad/Controls/Qwertz/QUICKSAVE
[LOG 18:23:45.024] Config(QUICKLOAD) Squad/Controls/Qwertz/QUICKLOAD
[LOG 18:23:45.024] Config(THROTTLE_CUTOFF) Squad/Controls/Qwertz/THROTTLE_CUTOFF
[LOG 18:23:45.024] Config(THROTTLE_FULL) Squad/Controls/Qwertz/THROTTLE_FULL
[LOG 18:23:45.024] Config(LANDING_GEAR) Squad/Controls/Qwertz/LANDING_GEAR
[LOG 18:23:45.024] Config(HEADLIGHT_TOGGLE) Squad/Controls/Qwertz/HEADLIGHT_TOGGLE
[LOG 18:23:45.024] Config(BRAKES) Squad/Controls/Qwertz/BRAKES
[LOG 18:23:45.024] Config(TOGGLE_SPACENAV_FLIGHT_CONTROL) Squad/Controls/Qwertz/TOGGLE_SPACENAV_FLIGHT_CONTROL
[LOG 18:23:45.024] Config(TOGGLE_SPACENAV_ROLL_LOCK) Squad/Controls/Qwertz/TOGGLE_SPACENAV_ROLL_LOCK
[LOG 18:23:45.024] Config(WHEEL_STEER_LEFT) Squad/Controls/Qwertz/WHEEL_STEER_LEFT
[LOG 18:23:45.024] Config(WHEEL_STEER_RIGHT) Squad/Controls/Qwertz/WHEEL_STEER_RIGHT
[LOG 18:23:45.024] Config(WHEEL_THROTTLE_DOWN) Squad/Controls/Qwertz/WHEEL_THROTTLE_DOWN
[LOG 18:23:45.024] Config(WHEEL_THROTTLE_UP) Squad/Controls/Qwertz/WHEEL_THROTTLE_UP
[LOG 18:23:45.024] Config(EVA_forward) Squad/Controls/Qwertz/EVA_forward
[LOG 18:23:45.024] Config(EVA_back) Squad/Controls/Qwertz/EVA_back
[LOG 18:23:45.024] Config(EVA_left) Squad/Controls/Qwertz/EVA_left
[LOG 18:23:45.024] Config(EVA_right) Squad/Controls/Qwertz/EVA_right
[LOG 18:23:45.024] Config(EVA_yaw_left) Squad/Controls/Qwertz/EVA_yaw_left
[LOG 18:23:45.024] Config(EVA_yaw_right) Squad/Controls/Qwertz/EVA_yaw_right
[LOG 18:23:45.024] Config(EVA_Pack_forward) Squad/Controls/Qwertz/EVA_Pack_forward
[LOG 18:23:45.024] Config(EVA_Pack_back) Squad/Controls/Qwertz/EVA_Pack_back
[LOG 18:23:45.024] Config(EVA_Pack_left) Squad/Controls/Qwertz/EVA_Pack_left
[LOG 18:23:45.024] Config(EVA_Pack_right) Squad/Controls/Qwertz/EVA_Pack_right
[LOG 18:23:45.024] Config(EVA_Pack_up) Squad/Controls/Qwertz/EVA_Pack_up
[LOG 18:23:45.024] Config(EVA_Pack_down) Squad/Controls/Qwertz/EVA_Pack_down
[LOG 18:23:45.024] Config(EVA_Jump) Squad/Controls/Qwertz/EVA_Jump
[LOG 18:23:45.024] Config(EVA_Run) Squad/Controls/Qwertz/EVA_Run
[LOG 18:23:45.024] Config(EVA_ToggleMovementMode) Squad/Controls/Qwertz/EVA_ToggleMovementMode
[LOG 18:23:45.025] Config(EVA_TogglePack) Squad/Controls/Qwertz/EVA_TogglePack
[LOG 18:23:45.025] Config(EVA_Use) Squad/Controls/Qwertz/EVA_Use
[LOG 18:23:45.025] Config(EVA_Board) Squad/Controls/Qwertz/EVA_Board
[LOG 18:23:45.025] Config(EVA_Orient) Squad/Controls/Qwertz/EVA_Orient
[LOG 18:23:45.025] Config(EVA_Lights) Squad/Controls/Qwertz/EVA_Lights
[LOG 18:23:45.025] Config(Editor_pitchUp) Squad/Controls/Qwertz/Editor_pitchUp
[LOG 18:23:45.025] Config(Editor_pitchDown) Squad/Controls/Qwertz/Editor_pitchDown
[LOG 18:23:45.025] Config(Editor_yawLeft) Squad/Controls/Qwertz/Editor_yawLeft
[LOG 18:23:45.025] Config(Editor_yawRight) Squad/Controls/Qwertz/Editor_yawRight
[LOG 18:23:45.025] Config(Editor_rollLeft) Squad/Controls/Qwertz/Editor_rollLeft
[LOG 18:23:45.025] Config(Editor_rollRight) Squad/Controls/Qwertz/Editor_rollRight
[LOG 18:23:45.025] Config(Editor_resetRotation) Squad/Controls/Qwertz/Editor_resetRotation
[LOG 18:23:45.025] Config(Editor_modePlace) Squad/Controls/Qwertz/Editor_modePlace
[LOG 18:23:45.025] Config(Editor_modeOffset) Squad/Controls/Qwertz/Editor_modeOffset
[LOG 18:23:45.025] Config(Editor_modeRotate) Squad/Controls/Qwertz/Editor_modeRotate
[LOG 18:23:45.025] Config(Editor_modeRoot) Squad/Controls/Qwertz/Editor_modeRoot
[LOG 18:23:45.025] Config(Editor_coordSystem) Squad/Controls/Qwertz/Editor_coordSystem
[LOG 18:23:45.025] Config(Editor_toggleSymMethod) Squad/Controls/Qwertz/Editor_toggleSymMethod
[LOG 18:23:45.025] Config(Editor_toggleSymMode) Squad/Controls/Qwertz/Editor_toggleSymMode
[LOG 18:23:45.025] Config(Editor_toggleAngleSnap) Squad/Controls/Qwertz/Editor_toggleAngleSnap
[LOG 18:23:45.025] Config(Editor_fineTweak) Squad/Controls/Qwertz/Editor_fineTweak
[LOG 18:23:45.025] Config(Editor_partSearch) Squad/Controls/Qwertz/Editor_partSearch
[LOG 18:23:45.025] Config(Editor_zoomScrollModifier) Squad/Controls/Qwertz/Editor_zoomScrollModifier
[LOG 18:23:45.025] Config(MODIFIER_KEY) Squad/Controls/Qwertz/MODIFIER_KEY
[LOG 18:23:45.025] Config(AbortActionGroup) Squad/Controls/Qwertz/AbortActionGroup
[LOG 18:23:45.025] Config(CustomActionGroup1) Squad/Controls/Qwertz/CustomActionGroup1
[LOG 18:23:45.025] Config(CustomActionGroup2) Squad/Controls/Qwertz/CustomActionGroup2
[LOG 18:23:45.025] Config(CustomActionGroup3) Squad/Controls/Qwertz/CustomActionGroup3
[LOG 18:23:45.025] Config(CustomActionGroup4) Squad/Controls/Qwertz/CustomActionGroup4
[LOG 18:23:45.025] Config(CustomActionGroup5) Squad/Controls/Qwertz/CustomActionGroup5
[LOG 18:23:45.025] Config(CustomActionGroup6) Squad/Controls/Qwertz/CustomActionGroup6
[LOG 18:23:45.026] Config(CustomActionGroup7) Squad/Controls/Qwertz/CustomActionGroup7
[LOG 18:23:45.026] Config(CustomActionGroup8) Squad/Controls/Qwertz/CustomActionGroup8
[LOG 18:23:45.026] Config(CustomActionGroup9) Squad/Controls/Qwertz/CustomActionGroup9
[LOG 18:23:45.026] Config(CustomActionGroup10) Squad/Controls/Qwertz/CustomActionGroup10
[LOG 18:23:45.026] Config(KEY_MAP) Squad/Controls/Qwertz/KEY_MAP
[LOG 18:23:45.026] Config(EXPERIENCE_TRAIT) Squad/Experience/Traits/Pilot
[LOG 18:23:45.026] Config(EXPERIENCE_TRAIT) Squad/Experience/Traits/Engineer
[LOG 18:23:45.026] Config(EXPERIENCE_TRAIT) Squad/Experience/Traits/Scientist
[LOG 18:23:45.026] Config(EXPERIENCE_TRAIT) Squad/Experience/Traits/Tourist
[LOG 18:23:45.026] Config(Localization) Squad/Localization/dictionary/Localization
[LOG 18:23:45.026] Config(MISSIONPACK) Squad/Missions/MissionPacks/squad_ESA
[LOG 18:23:45.026] Config(VARIANTTHEME) Squad/Parts/VariantThemes/White
[LOG 18:23:45.026] Config(VARIANTTHEME) Squad/Parts/VariantThemes/BlackAndWhite
[LOG 18:23:45.026] Config(VARIANTTHEME) Squad/Parts/VariantThemes/GrayAndOrange
[LOG 18:23:45.026] Config(VARIANTTHEME) Squad/Parts/VariantThemes/Dark
[LOG 18:23:45.026] Config(VARIANTTHEME) Squad/Parts/VariantThemes/Gray
[LOG 18:23:45.026] Config(VARIANTTHEME) Squad/Parts/VariantThemes/Orange
[LOG 18:23:45.026] Config(VARIANTTHEME) Squad/Parts/VariantThemes/Gold
[LOG 18:23:45.026] Config(VARIANTTHEME) Squad/Parts/VariantThemes/Bare
[LOG 18:23:45.026] Config(VARIANTTHEME) Squad/Parts/VariantThemes/Shroud
[LOG 18:23:45.026] Config(VARIANTTHEME) Squad/Parts/VariantThemes/GrayAndWhite
[LOG 18:23:45.026] Config(VARIANTTHEME) Squad/Parts/VariantThemes/YellowAndWhite
[LOG 18:23:45.026] Config(VARIANTTHEME) Squad/Parts/VariantThemes/Silver
[LOG 18:23:45.026] Config(VARIANTTHEME) Squad/Parts/VariantThemes/Gray with Stripes
[LOG 18:23:45.027] Config(PART) Squad/Parts/Aero/aerodynamicNoseCone/aerodynamicNoseCone/noseCone
[LOG 18:23:45.027] Config(PART) Squad/Parts/Aero/airbrake/Airbrake/airbrake1
[LOG 18:23:45.027] Config(PART) Squad/Parts/Aero/airIntakeRadialXM-G50/airIntakeRadialXM-G50/airScoop
[LOG 18:23:45.027] Config(PART) Squad/Parts/Aero/airlinerWings/ControlSurface/airlinerCtrlSrf
[LOG 18:23:45.027] Config(PART) Squad/Parts/Aero/airlinerWings/MainWing/airlinerMainWing
[LOG 18:23:45.027] Config(PART) Squad/Parts/Aero/airlinerWings/TailFin/airlinerTailFin
[LOG 18:23:45.027] Config(PART) Squad/Parts/Aero/airplaneFins/advancedCanard/AdvancedCanard
[LOG 18:23:45.027] Config(PART) Squad/Parts/Aero/airplaneFins/standardCanard/CanardController
[LOG 18:23:45.027] Config(PART) Squad/Parts/Aero/airplaneFins/sweptWing/sweptWing
[LOG 18:23:45.027] Config(PART) Squad/Parts/Aero/airplaneFins/tailfin/tailfin
[LOG 18:23:45.027] Config(PART) Squad/Parts/Aero/basicFin/basicFin/basicFin
[LOG 18:23:45.027] Config(PART) Squad/Parts/Aero/circularIntake/circularIntake/CircularIntake
[LOG 18:23:45.027] Config(PART) Squad/Parts/Aero/circularIntake/intakeShockCone/shockConeIntake
[LOG 18:23:45.027] Config(PART) Squad/Parts/Aero/cones/avionicsNoseCone/avionicsNoseCone
[LOG 18:23:45.027] Config(PART) Squad/Parts/Aero/cones/ConeA/pointyNoseConeA
[LOG 18:23:45.027] Config(PART) Squad/Parts/Aero/cones/ConeB/pointyNoseConeB
[LOG 18:23:45.027] Config(PART) Squad/Parts/Aero/cones/noseConeAdapter/noseConeAdapter
[LOG 18:23:45.027] Config(PART) Squad/Parts/Aero/cones/protectiveRocketNoseMk7_v2/rocketNoseCone_v2
[LOG 18:23:45.027] Config(PART) Squad/Parts/Aero/cones/protectiveRocketNoseMk7_v3/rocketNoseCone_v3
[LOG 18:23:45.027] Config(PART) Squad/Parts/Aero/cones/rocketNoseCone_size3/rocketNoseConeSize3
[LOG 18:23:45.027] Config(PART) Squad/Parts/Aero/cones/smallNoseCone/standardNoseCone
[LOG 18:23:45.027] Config(PART) Squad/Parts/Aero/cones/tailConnectorA/airplaneTail
[LOG 18:23:45.027] Config(PART) Squad/Parts/Aero/cones/tailConnectorB/airplaneTailB
[LOG 18:23:45.027] Config(PART) Squad/Parts/Aero/fairings/fairingSize1/fairingSize1
[LOG 18:23:45.027] Config(PART) Squad/Parts/Aero/fairings/fairingSize2/fairingSize2
[LOG 18:23:45.027] Config(PART) Squad/Parts/Aero/fairings/fairingSize3/fairingSize3
[LOG 18:23:45.027] Config(PART) Squad/Parts/Aero/HeatShield/HeatShield0/HeatShield0
[LOG 18:23:45.028] Config(PART) Squad/Parts/Aero/HeatShield/HeatShield1/HeatShield1
[LOG 18:23:45.028] Config(PART) Squad/Parts/Aero/HeatShield/HeatShield2/HeatShield2
[LOG 18:23:45.028] Config(PART) Squad/Parts/Aero/HeatShield/HeatShield3/HeatShield3
[LOG 18:23:45.028] Config(PART) Squad/Parts/Aero/InflatableHeatShield/HeatShield/InflatableHeatShield
[LOG 18:23:45.028] Config(PART) Squad/Parts/Aero/intakeRadialLong/intakeRadialLong/IntakeRadialLong
[LOG 18:23:45.028] Config(PART) Squad/Parts/Aero/miniIntake/SmallIntake/miniIntake
[LOG 18:23:45.028] Config(PART) Squad/Parts/Aero/ramAirIntake/ramAirIntake/ramAirIntake
[LOG 18:23:45.028] Config(PART) Squad/Parts/Aero/shuttleWings/delta/wingShuttleDelta
[LOG 18:23:45.028] Config(PART) Squad/Parts/Aero/shuttleWings/elevon1/wingShuttleElevon1
[LOG 18:23:45.028] Config(PART) Squad/Parts/Aero/shuttleWings/elevon2/wingShuttleElevon2
[LOG 18:23:45.028] Config(PART) Squad/Parts/Aero/shuttleWings/rudder/wingShuttleRudder
[LOG 18:23:45.028] Config(PART) Squad/Parts/Aero/shuttleWings/strake/wingShuttleStrake
[LOG 18:23:45.028] Config(PART) Squad/Parts/Aero/wingletAV-R8/wingletAV-R8/R8winglet
[LOG 18:23:45.028] Config(PART) Squad/Parts/Aero/wingletAV-T1/wingletAV-T1/winglet
[LOG 18:23:45.028] Config(PART) Squad/Parts/Aero/wingletDeltaDeluxe/wingletDeltaDeluxe/winglet3
[LOG 18:23:45.028] Config(PART) Squad/Parts/Aero/wings/connector1/wingConnector
[LOG 18:23:45.028] Config(PART) Squad/Parts/Aero/wings/connector2/wingConnector2
[LOG 18:23:45.028] Config(PART) Squad/Parts/Aero/wings/connector3/wingConnector3
[LOG 18:23:45.028] Config(PART) Squad/Parts/Aero/wings/connector4/wingConnector4
[LOG 18:23:45.028] Config(PART) Squad/Parts/Aero/wings/connector5/wingConnector5
[LOG 18:23:45.028] Config(PART) Squad/Parts/Aero/wings/delta/deltaWing
[LOG 18:23:45.028] Config(PART) Squad/Parts/Aero/wings/delta_small/delta_small
[LOG 18:23:45.028] Config(PART) Squad/Parts/Aero/wings/elevon1/StandardCtrlSrf
[LOG 18:23:45.028] Config(PART) Squad/Parts/Aero/wings/elevon2/elevon2
[LOG 18:23:45.028] Config(PART) Squad/Parts/Aero/wings/elevon3/elevon3
[LOG 18:23:45.028] Config(PART) Squad/Parts/Aero/wings/elevon4/smallCtrlSrf
[LOG 18:23:45.028] Config(PART) Squad/Parts/Aero/wings/elevon5/elevon5
[LOG 18:23:45.028] Config(PART) Squad/Parts/Aero/wings/strake/wingStrake
[LOG 18:23:45.028] Config(PART) Squad/Parts/Aero/wings/structural1/structuralWing
[LOG 18:23:45.029] Config(PART) Squad/Parts/Aero/wings/structural2/structuralWing2
[LOG 18:23:45.029] Config(PART) Squad/Parts/Aero/wings/structural3/structuralWing3
[LOG 18:23:45.029] Config(PART) Squad/Parts/Aero/wings/structural4/structuralWing4
[LOG 18:23:45.029] Config(PART) Squad/Parts/Aero/wings/swept1/sweptWing1
[LOG 18:23:45.029] Config(PART) Squad/Parts/Aero/wings/swept2/sweptWing2
[LOG 18:23:45.029] Config(PART) Squad/Parts/Cargo/CargoContainers/cargoContainer/cargoContainer
[LOG 18:23:45.029] Config(PART) Squad/Parts/Cargo/CargoContainers/smallCargoContainer/smallCargoContainer
[LOG 18:23:45.029] Config(PART) Squad/Parts/Cargo/Cylinder/Cylinder/evaCylinder
[LOG 18:23:45.029] Config(PART) Squad/Parts/Cargo/GroundAnchor/groundAnchor/groundAnchor
[LOG 18:23:45.029] Config(PART) Squad/Parts/Cargo/Jetpack/Jetpack/evaJetpack
[LOG 18:23:45.029] Config(PART) Squad/Parts/Cargo/Parachute/Parachute/evaChute
[LOG 18:23:45.029] Config(PART) Squad/Parts/Cargo/RepairKit/RepairKit/evaRepairKit
[LOG 18:23:45.029] Config(PART) Squad/Parts/Cargo/ScienceKit/evaScienceKit/evaScienceKit
[LOG 18:23:45.029] Config(PART) Squad/Parts/Cargo/StorageUnits/CargoStorageUnit/CargoStorageUnit
[LOG 18:23:45.029] Config(PART) Squad/Parts/Cargo/StorageUnits/ConformalStorageUnit/ConformalStorageUnit
[LOG 18:23:45.029] Config(PART) Squad/Parts/Command/advancedSasModuleLarge/advSasModuleLarge/asasmodule1-2
[LOG 18:23:45.029] Config(PART) Squad/Parts/Command/cupola/cupola/cupola
[LOG 18:23:45.029] Config(PART) Squad/Parts/Command/externalCommandSeat/externalCommandSeat/seatExternalCmd
[LOG 18:23:45.029] Config(PART) Squad/Parts/Command/hitchhikerStorageContainer/hitchikerStorageContainer/crewCabin
[LOG 18:23:45.029] Config(PART) Squad/Parts/Command/inlineAdvancedStabilizer/inlineAdvancedStabilizer/advSasModule
[LOG 18:23:45.029] Config(PART) Squad/Parts/Command/inlineReactionWheel/inlineReactionWheel/sasModule
[LOG 18:23:45.029] Config(PART) Squad/Parts/Command/Mk1-3Pod/mk1-3/mk1-3pod
[LOG 18:23:45.029] Config(PART) Squad/Parts/Command/mk1Cockpits/mk1Cockpit/Mark1Cockpit
[LOG 18:23:45.029] Config(PART) Squad/Parts/Command/mk1Cockpits/mk1CrewCabin/MK1CrewCabin
[LOG 18:23:45.029] Config(PART) Squad/Parts/Command/mk1Cockpits/mk1InlineCockpit/Mark2Cockpit
[LOG 18:23:45.029] Config(PART) Squad/Parts/Command/mk1LanderCan/mk1LanderCan/landerCabinSmall
[LOG 18:23:45.029] Config(PART) Squad/Parts/Command/mk1pod_v2/mk1Pod_v2/mk1pod_v2
[LOG 18:23:45.029] Config(PART) Squad/Parts/Command/mk2CockpitInline/mk2CockpitInline/mk2Cockpit_Inline
[LOG 18:23:45.030] Config(PART) Squad/Parts/Command/mk2CockpitStandard/mk2CockpitStandard/mk2Cockpit_Standard
[LOG 18:23:45.030] Config(PART) Squad/Parts/Command/mk2DroneCore/mk2Dronecore/mk2DroneCore
[LOG 18:23:45.030] Config(PART) Squad/Parts/Command/mk2LanderCan/mk2LanderCan/mk2LanderCabin
[LOG 18:23:45.030] Config(PART) Squad/Parts/Command/mk2LanderCan_v2/mk2LanderCan_v2/mk2LanderCabin_v2
[LOG 18:23:45.030] Config(PART) Squad/Parts/Command/mk3CockpitShuttle/mk3CockpitShuttle/mk3Cockpit_Shuttle
[LOG 18:23:45.030] Config(PART) Squad/Parts/Command/MpoProbe/MpoProbe/MpoProbe
[LOG 18:23:45.030] Config(PART) Squad/Parts/Command/MtmStage/MTM_Stage/MtmStage
[LOG 18:23:45.030] Config(PART) Squad/Parts/Command/probeCoreCube/probeCoreCube/probeCoreCube
[LOG 18:23:45.030] Config(PART) Squad/Parts/Command/probeCoreHex/probeCoreHex/probeCoreHex
[LOG 18:23:45.030] Config(PART) Squad/Parts/Command/probeCoreHex_v2/probeCoreHex_v2/probeCoreHex_v2
[LOG 18:23:45.030] Config(PART) Squad/Parts/Command/probeCoreOcto2_v2/probeCoreOcto2_v2/probeCoreOcto2_v2
[LOG 18:23:45.030] Config(PART) Squad/Parts/Command/probeCoreOcto_v2/probeCoreOcto_v2/probeCoreOcto_v2
[LOG 18:23:45.030] Config(PART) Squad/Parts/Command/probeRoverBody/probeRoverBody/roverBody
[LOG 18:23:45.030] Config(PART) Squad/Parts/Command/probeRoverBody_v2/probeRoverBody_v2/roverBody_v2
[LOG 18:23:45.030] Config(PART) Squad/Parts/Command/probeStackLarge/probeStackLarge/probeStackLarge
[LOG 18:23:45.030] Config(PART) Squad/Parts/Command/probeStackSmall/probeStackSmall/probeStackSmall
[LOG 18:23:45.030] Config(PART) Squad/Parts/Command/probeStackSphere_v2/probeStackSphere_v2/probeCoreSphere_v2
[LOG 18:23:45.030] Config(PART) Squad/Parts/CompoundParts/FuelLine/fuelLine/fuelLine
[LOG 18:23:45.030] Config(PART) Squad/Parts/CompoundParts/strutConnector/strutConnector/strutConnector
[LOG 18:23:45.030] Config(PART) Squad/Parts/Coupling/Decoupler_0/Decoupler_0
[LOG 18:23:45.030] Config(PART) Squad/Parts/Coupling/Decoupler_1/Decoupler_1
[LOG 18:23:45.030] Config(PART) Squad/Parts/Coupling/Decoupler_2/Decoupler_2
[LOG 18:23:45.030] Config(PART) Squad/Parts/Coupling/Decoupler_3/Decoupler_3
[LOG 18:23:45.030] Config(PART) Squad/Parts/Coupling/Separator_0/Separator_0
[LOG 18:23:45.030] Config(PART) Squad/Parts/Coupling/Separator_1/Separator_1
[LOG 18:23:45.031] Config(PART) Squad/Parts/Coupling/Separator_2/Separator_2
[LOG 18:23:45.031] Config(PART) Squad/Parts/Coupling/Separator_3/Separator_3
[LOG 18:23:45.031] Config(PART) Squad/Parts/Electrical/10CSolarPanels/OX-10C/solarPanelOX10C
[LOG 18:23:45.031] Config(PART) Squad/Parts/Electrical/10CSolarPanels/SP-10C/solarPanelSP10C
[LOG 18:23:45.031] Config(PART) Squad/Parts/Electrical/10LSolarPanels/OX-10L/solarPanelOX10L
[LOG 18:23:45.031] Config(PART) Squad/Parts/Electrical/10LSolarPanels/SP-10L/solarPanelSP10L
[LOG 18:23:45.031] Config(PART) Squad/Parts/Electrical/1x6ShroudSolarPanels/1x6ShroudSolarPanels/solarPanels2
[LOG 18:23:45.031] Config(PART) Squad/Parts/Electrical/1x6SolarPanels/1x6SolarPanels/solarPanels4
[LOG 18:23:45.031] Config(PART) Squad/Parts/Electrical/3x2ShroudSolarPanels/3x2ShroudSolarPanels/solarPanels1
[LOG 18:23:45.031] Config(PART) Squad/Parts/Electrical/3x2SolarPanels/3x2SolarPanels/solarPanels3
[LOG 18:23:45.031] Config(PART) Squad/Parts/Electrical/gigantorXlSolarArray/gigantorXlSolarArray/largeSolarPanel
[LOG 18:23:45.031] Config(PART) Squad/Parts/Electrical/radialFlatSolarPanel/radialFlatSolarPanel/solarPanels5
[LOG 18:23:45.031] Config(PART) Squad/Parts/Electrical/RTG/RTG/rtg
[LOG 18:23:45.031] Config(PART) Squad/Parts/Electrical/z-100Battery/z-100Battery/batteryPack
[LOG 18:23:45.031] Config(PART) Squad/Parts/Electrical/z-1kBattery/z-1kBattery/batteryBank
[LOG 18:23:45.031] Config(PART) Squad/Parts/Electrical/z-200Battery/z-200Battery/batteryBankMini
[LOG 18:23:45.031] Config(PART) Squad/Parts/Electrical/z-400Battery/z-400Battery/ksp_r_largeBatteryPack
[LOG 18:23:45.031] Config(PART) Squad/Parts/Electrical/z-4kBattery/z-4kBattery/batteryBankLarge
[LOG 18:23:45.031] Config(PART) Squad/Parts/Engine/ionEngine/ionEngine/ionEngine
[LOG 18:23:45.031] Config(PART) Squad/Parts/Engine/jetEngines/jetEngineAfterburning/turboJet
[LOG 18:23:45.031] Config(PART) Squad/Parts/Engine/jetEngines/jetEngineBasic/JetEngine
[LOG 18:23:45.031] Config(PART) Squad/Parts/Engine/jetEngines/jetEngineBig/turboFanSize2
[LOG 18:23:45.031] Config(PART) Squad/Parts/Engine/jetEngines/jetEngineTurbo/turboFanEngine
[LOG 18:23:45.031] Config(PART) Squad/Parts/Engine/liquidEngine24-77/liquidEngine24-77/smallRadialEngine
[LOG 18:23:45.032] Config(PART) Squad/Parts/Engine/liquidEngine24-77_v2/liquidEngine24-77_v2/smallRadialEngine_v2
[LOG 18:23:45.032] Config(PART) Squad/Parts/Engine/liquidEngine48-7S_v2/liquidEngine48-7S_v2/liquidEngineMini_v2
[LOG 18:23:45.032] Config(PART) Squad/Parts/Engine/liquidEngineAerospike/liquidEngineAerospike/toroidalAerospike
[LOG 18:23:45.032] Config(PART) Squad/Parts/Engine/liquidEngineLV-1_v2/liquidEngineLV-1R _v2/radialEngineMini_v2
[LOG 18:23:45.032] Config(PART) Squad/Parts/Engine/liquidEngineLV-1_v2/liquidEngineLV-1_v2/microEngine_v2
[LOG 18:23:45.032] Config(PART) Squad/Parts/Engine/liquidEngineLV-909_v2/liquidEngineLV-909_v2/liquidEngine3_v2
[LOG 18:23:45.032] Config(PART) Squad/Parts/Engine/liquidEngineLV-N/liquidEngineLV-N/nuclearEngine
[LOG 18:23:45.032] Config(PART) Squad/Parts/Engine/liquidEngineLV-T30/liquidEngineLV-T30/liquidEngine
[LOG 18:23:45.032] Config(PART) Squad/Parts/Engine/liquidEngineLV-T30_v2/liquidEngineLV-T30_v2/liquidEngine_v2
[LOG 18:23:45.032] Config(PART) Squad/Parts/Engine/liquidEngineLV-T45/liquidEngineLV-T45/liquidEngine2
[LOG 18:23:45.032] Config(PART) Squad/Parts/Engine/liquidEngineLV-T45_v2/liquidEngineLV-T45_v2/liquidEngine2_v2
[LOG 18:23:45.032] Config(PART) Squad/Parts/Engine/liquidEngineMainsail_v2/liquidEngineMainsail_v2/liquidEngineMainsail_v2
[LOG 18:23:45.032] Config(PART) Squad/Parts/Engine/liquidEngineMk55/liquidEngineMk55/radialLiquidEngine1-2
[LOG 18:23:45.032] Config(PART) Squad/Parts/Engine/liquidEnginePoodle_v2/liquidEnginePoodle_v2/liquidEngine2-2_v2
[LOG 18:23:45.032] Config(PART) Squad/Parts/Engine/liquidEngineSkipper_v2/skipperLiquidEngine_v2/engineLargeSkipper_v2
[LOG 18:23:45.032] Config(PART) Squad/Parts/Engine/liquidEngineSSME/SSME/SSME
[LOG 18:23:45.032] Config(PART) Squad/Parts/Engine/MassiveSRB/part/MassiveBooster
[LOG 18:23:45.032] Config(PART) Squad/Parts/Engine/miniJet/SmallJetEngine/miniJetEngine
[LOG 18:23:45.032] Config(PART) Squad/Parts/Engine/OMSEngine/omsEngine/omsEngine
[LOG 18:23:45.032] Config(PART) Squad/Parts/Engine/rapierEngine/rapierEngine/RAPIER
[LOG 18:23:45.032] Config(PART) Squad/Parts/Engine/Size1_SRBs/solidBoosterRT-10_v2/solidBooster_v2
[LOG 18:23:45.032] Config(PART) Squad/Parts/Engine/Size1_SRBs/solidBoosterRT-5_v2/solidBooster_sm_v2
[LOG 18:23:45.032] Config(PART) Squad/Parts/Engine/Size2LFB/part/Size2LFB
[LOG 18:23:45.032] Config(PART) Squad/Parts/Engine/Size2LFB_v2/part/Size2LFB_v2
[LOG 18:23:45.033] Config(PART) Squad/Parts/Engine/Size3AdvancedEngine/part/Size3AdvancedEngine
[LOG 18:23:45.033] Config(PART) Squad/Parts/Engine/Size3EngineCluster/part/Size3EngineCluster
[LOG 18:23:45.033] Config(PART) Squad/Parts/Engine/solidBoosterBACC/solidBoosterBACC/solidBooster1-1
[LOG 18:23:45.033] Config(PART) Squad/Parts/Engine/solidBoosterS2-17/solidBoosterS2-17/Thoroughbred
[LOG 18:23:45.033] Config(PART) Squad/Parts/Engine/solidBoosterS2-33/solidBoosterS2-33/Clydesdale
[LOG 18:23:45.033] Config(PART) Squad/Parts/Engine/solidBoosterSep/solidBoosterSep/sepMotor1
[LOG 18:23:45.033] Config(PART) Squad/Parts/Engine/SolidBoostersF/SolidBoosterF3S0/Shrimp
[LOG 18:23:45.033] Config(PART) Squad/Parts/Engine/SolidBoostersF/SolidBoosterFM1/Mite
[LOG 18:23:45.033] Config(PART) Squad/Parts/FuelTank/adapterTanks/Mk3-Mk2/adapterMk3-Mk2
[LOG 18:23:45.033] Config(PART) Squad/Parts/FuelTank/adapterTanks/Mk3-ShuttleAdapter/adapterEngines
[LOG 18:23:45.033] Config(PART) Squad/Parts/FuelTank/adapterTanks/Mk3-Size2/adapterMk3-Size2
[LOG 18:23:45.033] Config(PART) Squad/Parts/FuelTank/adapterTanks/Mk3-Size2Slant/adapterMk3-Size2Slant
[LOG 18:23:45.033] Config(PART) Squad/Parts/FuelTank/adapterTanks/Size2-Mk2/adapterSize2-Mk2
[LOG 18:23:45.033] Config(PART) Squad/Parts/FuelTank/adapterTanks/Size2-Size1/adapterSize2-Size1
[LOG 18:23:45.033] Config(PART) Squad/Parts/FuelTank/adapterTanks/Size2-Size1Slant/adapterSize2-Size1Slant
[LOG 18:23:45.033] Config(PART) Squad/Parts/FuelTank/adapterTanks/Size3-Mk3/adapterSize3-Mk3
[LOG 18:23:45.033] Config(PART) Squad/Parts/FuelTank/drainTankFTE-1/ReleaseValve/ReleaseValve
[LOG 18:23:45.033] Config(PART) Squad/Parts/FuelTank/FoilTanks/RadialTank_Capsule/externalTankCapsule
[LOG 18:23:45.033] Config(PART) Squad/Parts/FuelTank/FoilTanks/RadialTank_Round/externalTankRound
[LOG 18:23:45.033] Config(PART) Squad/Parts/FuelTank/FoilTanks/ToroidTank/externalTankToroid
[LOG 18:23:45.033] Config(PART) Squad/Parts/FuelTank/fuelTankOscarB/fuelTankOscarB/miniFuelTank
[LOG 18:23:45.033] Config(PART) Squad/Parts/FuelTank/miniFuselage/miniFuselage/miniFuselage
[LOG 18:23:45.033] Config(PART) Squad/Parts/FuelTank/mk2Adapters/bicoupler/mk2_1m_Bicoupler
[LOG 18:23:45.033] Config(PART) Squad/Parts/FuelTank/mk2Adapters/long/mk2_1m_AdapterLong
[LOG 18:23:45.033] Config(PART) Squad/Parts/FuelTank/mk2Adapters/standard/mk2SpacePlaneAdapter
[LOG 18:23:45.033] Config(PART) Squad/Parts/FuelTank/mk2FuselageLong/LFO_long/mk2FuselageLongLFO
[LOG 18:23:45.033] Config(PART) Squad/Parts/FuelTank/mk2FuselageLong/L_long/mk2Fuselage
[LOG 18:23:45.033] Config(PART) Squad/Parts/FuelTank/mk2FuselageShort/LFO_short/mk2FuselageShortLFO
[LOG 18:23:45.034] Config(PART) Squad/Parts/FuelTank/mk2FuselageShort/L_short/mk2FuselageShortLiquid
[LOG 18:23:45.034] Config(PART) Squad/Parts/FuelTank/mk2FuselageShort/Mono_short/mk2FuselageShortMono
[LOG 18:23:45.034] Config(PART) Squad/Parts/FuelTank/mk3Fuselage/CREW/mk3CrewCabin
[LOG 18:23:45.034] Config(PART) Squad/Parts/FuelTank/mk3Fuselage/LFO_100/mk3FuselageLFO_100
[LOG 18:23:45.034] Config(PART) Squad/Parts/FuelTank/mk3Fuselage/LFO_25/mk3FuselageLFO_25
[LOG 18:23:45.034] Config(PART) Squad/Parts/FuelTank/mk3Fuselage/LFO_50/mk3FuselageLFO_50
[LOG 18:23:45.034] Config(PART) Squad/Parts/FuelTank/mk3Fuselage/LF_100/mk3FuselageLF_100
[LOG 18:23:45.034] Config(PART) Squad/Parts/FuelTank/mk3Fuselage/LF_25/mk3FuselageLF_25
[LOG 18:23:45.034] Config(PART) Squad/Parts/FuelTank/mk3Fuselage/LF_50/mk3FuselageLF_50
[LOG 18:23:45.034] Config(PART) Squad/Parts/FuelTank/mk3Fuselage/MONO/mk3FuselageMONO
[LOG 18:23:45.034] Config(PART) Squad/Parts/FuelTank/RCSFuelTankR1/RCSFuelTankR1/RCSTank1-2
[LOG 18:23:45.034] Config(PART) Squad/Parts/FuelTank/RCSFuelTankR10/RCSFuelTankR10/rcsTankMini
[LOG 18:23:45.034] Config(PART) Squad/Parts/FuelTank/RCSFuelTankR25/RCSFuelTankR25/RCSFuelTank
[LOG 18:23:45.034] Config(PART) Squad/Parts/FuelTank/RCSTankRadial/radialRCSTank/radialRCSTank
[LOG 18:23:45.034] Config(PART) Squad/Parts/FuelTank/RCStankRadialLong/RCSTankRadialLong/rcsTankRadialLong
[LOG 18:23:45.034] Config(PART) Squad/Parts/FuelTank/RockomaxTanks/Rockomax16/Rockomax16_BW
[LOG 18:23:45.034] Config(PART) Squad/Parts/FuelTank/RockomaxTanks/Rockomax32/Rockomax32_BW
[LOG 18:23:45.034] Config(PART) Squad/Parts/FuelTank/RockomaxTanks/Rockomax64/Rockomax64_BW
[LOG 18:23:45.034] Config(PART) Squad/Parts/FuelTank/RockomaxTanks/Rockomax8/Rockomax8BW
[LOG 18:23:45.034] Config(PART) Squad/Parts/FuelTank/Size1_Tanks/fuelTankT100/fuelTankSmallFlat
[LOG 18:23:45.034] Config(PART) Squad/Parts/FuelTank/Size1_Tanks/fuelTankT200/fuelTankSmall
[LOG 18:23:45.034] Config(PART) Squad/Parts/FuelTank/Size1_Tanks/fuelTankT400/fuelTank
[LOG 18:23:45.034] Config(PART) Squad/Parts/FuelTank/Size1_Tanks/fuelTankT800/fuelTank_long
[LOG 18:23:45.034] Config(PART) Squad/Parts/FuelTank/Size3Tanks/large/Size3LargeTank
[LOG 18:23:45.034] Config(PART) Squad/Parts/FuelTank/Size3Tanks/medium/Size3MediumTank
[LOG 18:23:45.034] Config(PART) Squad/Parts/FuelTank/Size3Tanks/small/Size3SmallTank
[LOG 18:23:45.034] Config(PART) Squad/Parts/FuelTank/xenonTank/xenonTank/xenonTank
[LOG 18:23:45.035] Config(PART) Squad/Parts/FuelTank/xenonTankLarge/xenonTankLarge/xenonTankLarge
[LOG 18:23:45.035] Config(PART) Squad/Parts/FuelTank/xenonTankRadial/xenonTankRadial/xenonTankRadial
[LOG 18:23:45.035] Config(PART) Squad/Parts/Misc/AsteroidDay/CamSat/InfraredTelescope
[LOG 18:23:45.035] Config(PART) Squad/Parts/Misc/AsteroidDay/HECS2/HECS2_ProbeCore
[LOG 18:23:45.035] Config(PART) Squad/Parts/Misc/AsteroidDay/HighGainAntenna/HighGainAntenna
[LOG 18:23:45.035] Config(PART) Squad/Parts/Misc/AsteroidDay/LgRadialSolar/LgRadialSolarPanel
[LOG 18:23:45.035] Config(PART) Squad/Parts/Misc/PotatoComet/part/PotatoComet
[LOG 18:23:45.035] Config(PART) Squad/Parts/Misc/PotatoRoid/part/PotatoRoid
[LOG 18:23:45.035] Config(PART) Squad/Parts/Prebuilt/flag/flag
[LOG 18:23:45.035] Config(PART) Squad/Parts/Prebuilt/kerbalEVA/kerbalEVA
[LOG 18:23:45.035] Config(PART) Squad/Parts/Prebuilt/kerbalEVAfemale/kerbalEVAfemale
[LOG 18:23:45.035] Config(PART) Squad/Parts/Prebuilt/kerbalEVASlimSuit/kerbalEVASlimSuit
[LOG 18:23:45.035] Config(PART) Squad/Parts/Prebuilt/kerbalEVASlimSuitFemale/kerbalEVASlimSuitFemale
[LOG 18:23:45.035] Config(PART) Squad/Parts/Resources/FuelCell/FuelCell/FuelCell
[LOG 18:23:45.035] Config(PART) Squad/Parts/Resources/FuelCell/FuelCellArray/FuelCellArray
[LOG 18:23:45.035] Config(PART) Squad/Parts/Resources/ISRU/ISRU/ISRU
[LOG 18:23:45.035] Config(PART) Squad/Parts/Resources/LargeTank/LargeTank/LargeTank
[LOG 18:23:45.035] Config(PART) Squad/Parts/Resources/MiniDrill/MiniDrill/MiniDrill
[LOG 18:23:45.035] Config(PART) Squad/Parts/Resources/MiniISRU/MiniISRU/MiniISRU
[LOG 18:23:45.035] Config(PART) Squad/Parts/Resources/OrbitalScanner/OrbitalScanner/OrbitalScanner
[LOG 18:23:45.035] Config(PART) Squad/Parts/Resources/RadialDrill/RadialDrill/RadialDrill
[LOG 18:23:45.035] Config(PART) Squad/Parts/Resources/RadialTank/RadialTank/RadialOreTank
[LOG 18:23:45.035] Config(PART) Squad/Parts/Resources/SmallTank/SmallTank/SmallTank
[LOG 18:23:45.035] Config(PART) Squad/Parts/Resources/SurfaceScanner/SurfaceScanner/SurfaceScanner
[LOG 18:23:45.035] Config(PART) Squad/Parts/Resources/SurveyScanner/SurveyScanner/SurveyScanner
[LOG 18:23:45.035] Config(PART) Squad/Parts/Science/AtmosphereSensor/sensorAtmosphere/sensorAtmosphere
[LOG 18:23:45.036] Config(PART) Squad/Parts/Science/GooExperiment/gooExperiment/GooExperiment
[LOG 18:23:45.036] Config(PART) Squad/Parts/Science/LargeCrewedLab/largeCrewedLab/Large_Crewed_Lab
[LOG 18:23:45.036] Config(PART) Squad/Parts/Science/Magnetometer/Magnetometer/Magnetometer
[LOG 18:23:45.036] Config(PART) Squad/Parts/Science/MaterialBay/materialBay/science_module
[LOG 18:23:45.036] Config(PART) Squad/Parts/Science/ScienceBox/ScienceBox/ScienceBox
[LOG 18:23:45.036] Config(PART) Squad/Parts/Science/sensorAccelerometer/sensorAccelerometer/sensorAccelerometer
[LOG 18:23:45.036] Config(PART) Squad/Parts/Science/sensorBarometer/sensorBarometer/sensorBarometer
[LOG 18:23:45.036] Config(PART) Squad/Parts/Science/sensorGravimeter/sensorGravimeter/sensorGravimeter
[LOG 18:23:45.036] Config(PART) Squad/Parts/Science/sensorThermometer/sensorThermometer/sensorThermometer
[LOG 18:23:45.036] Config(PART) Squad/Parts/Structural/FLAdapters/adapterSmallMiniShort/adapterSmallMiniShort
[LOG 18:23:45.036] Config(PART) Squad/Parts/Structural/FLAdapters/adapterSmallMiniTall/adapterSmallMiniTall
[LOG 18:23:45.036] Config(PART) Squad/Parts/Structural/mk1Parts/engineBodyRadial/radialEngineBody
[LOG 18:23:45.036] Config(PART) Squad/Parts/Structural/mk1Parts/engineNacelle/nacelleBody
[LOG 18:23:45.036] Config(PART) Squad/Parts/Structural/mk1Parts/mk1Fuselage/MK1Fuselage
[LOG 18:23:45.036] Config(PART) Squad/Parts/Structural/mk1Parts/mk1FuselageIntake/MK1IntakeFuselage
[LOG 18:23:45.036] Config(PART) Squad/Parts/Structural/mk1Parts/mk1Structural/Mk1FuselageStructural
[LOG 18:23:45.036] Config(PART) Squad/Parts/Structural/Size3To2Adapter_v2/Size2to3_v2/Size3To2Adapter_v2
[LOG 18:23:45.036] Config(PART) Squad/Parts/Structural/stackAdapters/adapterLargeSmallBi/adapterLargeSmallBi
[LOG 18:23:45.036] Config(PART) Squad/Parts/Structural/stackAdapters/adapterLargeSmallQuad/adapterLargeSmallQuad
[LOG 18:23:45.036] Config(PART) Squad/Parts/Structural/stackAdapters/adapterLargeSmallTri/adapterLargeSmallTri
[LOG 18:23:45.036] Config(PART) Squad/Parts/Structural/stationHub/stationHub/stationHub
[LOG 18:23:45.036] Config(PART) Squad/Parts/Structural/structuralIBeam200/structuralIBeam200/structuralIBeam2
[LOG 18:23:45.036] Config(PART) Squad/Parts/Structural/structuralIBeam200Pocket/structuralIBeam200Pocket/structuralIBeam3
[LOG 18:23:45.036] Config(PART) Squad/Parts/Structural/structuralIBeam650/structuralIBeam650/structuralIBeam1
[LOG 18:23:45.036] Config(PART) Squad/Parts/Structural/structuralMicronode/structuralMicronode/structuralMiniNode
[LOG 18:23:45.036] Config(PART) Squad/Parts/Structural/structuralPanel1x1/structuralPanel1x1/structuralPanel1
[LOG 18:23:45.036] Config(PART) Squad/Parts/Structural/structuralPanel2x2/structuralPanel2x2/structuralPanel2
[LOG 18:23:45.036] Config(PART) Squad/Parts/Structural/structuralPylons/smallHardpoint/smallHardpoint
[LOG 18:23:45.037] Config(PART) Squad/Parts/Structural/structuralPylons/structuralPylon/structuralPylon
[LOG 18:23:45.037] Config(PART) Squad/Parts/Structural/strutCubicOcto/strutCubicOcto/strutCube
[LOG 18:23:45.037] Config(PART) Squad/Parts/Structural/strutOcto/strutOcto/strutOcto
[LOG 18:23:45.037] Config(PART) Squad/Parts/Structural/trussGirderAdapter/trussGirderAdapter/trussAdapter
[LOG 18:23:45.037] Config(PART) Squad/Parts/Structural/trussGirderL/trussGirderL/trussPiece1x
[LOG 18:23:45.037] Config(PART) Squad/Parts/Structural/trussGirderXL/trussGirderXL/trussPiece3x
[LOG 18:23:45.037] Config(PART) Squad/Parts/Thermal/FoldingRadiators/foldingRadLarge/foldingRadLarge
[LOG 18:23:45.037] Config(PART) Squad/Parts/Thermal/FoldingRadiators/foldingRadMed/foldingRadMed
[LOG 18:23:45.037] Config(PART) Squad/Parts/Thermal/FoldingRadiators/foldingRadSmall/foldingRadSmall
[LOG 18:23:45.037] Config(PART) Squad/Parts/Thermal/RadiatorPanels/radPanelEdge/radPanelEdge
[LOG 18:23:45.037] Config(PART) Squad/Parts/Thermal/RadiatorPanels/radPanelLg/radPanelLg
[LOG 18:23:45.037] Config(PART) Squad/Parts/Thermal/RadiatorPanels/radPanelSm/radPanelSm
[LOG 18:23:45.037] Config(PART) Squad/Parts/Utility/commDish88-88/commDish88-88/commDish
[LOG 18:23:45.037] Config(PART) Squad/Parts/Utility/commsAntennaDTS-M1/commsAntennaDTS-M1/mediumDishAntenna
[LOG 18:23:45.037] Config(PART) Squad/Parts/Utility/commsDish16/commsAntenna16/longAntenna
[LOG 18:23:45.037] Config(PART) Squad/Parts/Utility/decouplerRadialHDM/decouplerRadialHDM/radialDecoupler1-2
[LOG 18:23:45.037] Config(PART) Squad/Parts/Utility/decouplerRadialTT-38K/decouplerRadialTT-38K/radialDecoupler
[LOG 18:23:45.037] Config(PART) Squad/Parts/Utility/decouplerRadialTT-70/decouplerRadialTT-70/radialDecoupler2
[LOG 18:23:45.037] Config(PART) Squad/Parts/Utility/DirectAntennas/C16S/SurfAntenna
[LOG 18:23:45.037] Config(PART) Squad/Parts/Utility/DirectAntennas/HG-5/HighGainAntenna5
[LOG 18:23:45.037] Config(PART) Squad/Parts/Utility/DirectAntennas/HG-5_v2/HighGainAntenna5_v2
[LOG 18:23:45.037] Config(PART) Squad/Parts/Utility/dockingPort/dockingPort/dockingPort2
[LOG 18:23:45.037] Config(PART) Squad/Parts/Utility/dockingPortInline/dockingPortInline/dockingPortLateral
[LOG 18:23:45.037] Config(PART) Squad/Parts/Utility/dockingPortJr/dockingPortJr/dockingPort3
[LOG 18:23:45.037] Config(PART) Squad/Parts/Utility/dockingPortShielded/dockingPortShielded/dockingPort1
[LOG 18:23:45.037] Config(PART) Squad/Parts/Utility/dockingPortSr/dockingPortSr/dockingPortLarge
[LOG 18:23:45.037] Config(PART) Squad/Parts/Utility/Fireworks/fireworksLauncherBig/fireworksLauncherBig
[LOG 18:23:45.037] Config(PART) Squad/Parts/Utility/Fireworks/fireworksLauncherSmall/fireworksLauncherSmall
[LOG 18:23:45.038] Config(PART) Squad/Parts/Utility/flags/flagFlat/flagFlat/flagPartFlat
[LOG 18:23:45.038] Config(PART) Squad/Parts/Utility/flags/flagSize0/flagSize0/flagPartSize0
[LOG 18:23:45.038] Config(PART) Squad/Parts/Utility/flags/flagSize1/flagSize1/flagPartSize1
[LOG 18:23:45.038] Config(PART) Squad/Parts/Utility/flags/flagSize2/flagSize2/flagPartSize2
[LOG 18:23:45.038] Config(PART) Squad/Parts/Utility/flags/flagSize3/flagSize3/flagPartSize3
[LOG 18:23:45.038] Config(PART) Squad/Parts/Utility/GrapplingDevice/part/GrapplingDevice
[LOG 18:23:45.038] Config(PART) Squad/Parts/Utility/ladderRadial/ladderRadial/ladder1
[LOG 18:23:45.038] Config(PART) Squad/Parts/Utility/ladderTelescopic/ladderTelescopic/telescopicLadder
[LOG 18:23:45.038] Config(PART) Squad/Parts/Utility/ladderTelescopicBay/ladderTelescopicBay/telescopicLadderBay
[LOG 18:23:45.038] Config(PART) Squad/Parts/Utility/landingLegLT-1/landingLegLT-1/landingLeg1
[LOG 18:23:45.038] Config(PART) Squad/Parts/Utility/landingLegLT-2/landingLegLT-2/landingLeg1-2
[LOG 18:23:45.038] Config(PART) Squad/Parts/Utility/landingLegLT-5/landingLegLT-5/miniLandingLeg
[LOG 18:23:45.038] Config(PART) Squad/Parts/Utility/launchClamp1/launchClamp1/launchClamp1
[LOG 18:23:45.038] Config(PART) Squad/Parts/Utility/launchEscapeSystem/part/LaunchEscapeSystem
[LOG 18:23:45.038] Config(PART) Squad/Parts/Utility/Lights/domeLight1/domeLight1
[LOG 18:23:45.038] Config(PART) Squad/Parts/Utility/Lights/groundLight1/groundLight1
[LOG 18:23:45.038] Config(PART) Squad/Parts/Utility/Lights/groundLight2/groundLight2
[LOG 18:23:45.038] Config(PART) Squad/Parts/Utility/Lights/navLight1/navLight1
[LOG 18:23:45.038] Config(PART) Squad/Parts/Utility/Lights/spotLight1/spotLight3
[LOG 18:23:45.038] Config(PART) Squad/Parts/Utility/Lights/stripLight1/stripLight1
[LOG 18:23:45.038] Config(PART) Squad/Parts/Utility/linearVernorRCS/linearRCS/linearRcs
[LOG 18:23:45.038] Config(PART) Squad/Parts/Utility/linearVernorRCS/vernorEngine/vernierEngine
[LOG 18:23:45.038] Config(PART) Squad/Parts/Utility/mk2CargoBay/BayL/mk2CargoBayL
[LOG 18:23:45.038] Config(PART) Squad/Parts/Utility/mk2CargoBay/BayS/mk2CargoBayS
[LOG 18:23:45.038] Config(PART) Squad/Parts/Utility/mk2CrewCabin/mk2CrewCabin/mk2CrewCabin
[LOG 18:23:45.038] Config(PART) Squad/Parts/Utility/mk2DockingPort/mk2DockingPort/mk2DockingPort
[LOG 18:23:45.039] Config(PART) Squad/Parts/Utility/mk3CargoBay/long/mk3CargoBayL
[LOG 18:23:45.039] Config(PART) Squad/Parts/Utility/mk3CargoBay/medium/mk3CargoBayM
[LOG 18:23:45.039] Config(PART) Squad/Parts/Utility/mk3CargoBay/ramp/mk3CargoRamp
[LOG 18:23:45.039] Config(PART) Squad/Parts/Utility/mk3CargoBay/short/mk3CargoBayS
[LOG 18:23:45.039] Config(PART) Squad/Parts/Utility/parachuteMk1/parachuteMk1/parachuteSingle
[LOG 18:23:45.039] Config(PART) Squad/Parts/Utility/parachuteMk12-R/parachuteMk12-R/radialDrogue
[LOG 18:23:45.039] Config(PART) Squad/Parts/Utility/parachuteMk16-XL/parachuteMk16-XL/parachuteLarge
[LOG 18:23:45.039] Config(PART) Squad/Parts/Utility/parachuteMk2-R/parachuteMk2-R/parachuteRadial
[LOG 18:23:45.039] Config(PART) Squad/Parts/Utility/parachuteMk25/parachuteMk25/parachuteDrogue
[LOG 18:23:45.039] Config(PART) Squad/Parts/Utility/radialAttachmentPoint/radialAttachmentPoint/stackPoint1
[LOG 18:23:45.039] Config(PART) Squad/Parts/Utility/rcsBlockRV-105_v2/rcsBlockRV-105/RCSBlock_v2
[LOG 18:23:45.039] Config(PART) Squad/Parts/Utility/rcsBlockRV-105_v2/RCSblock_01_small/RCSblock_01_small
[LOG 18:23:45.039] Config(PART) Squad/Parts/Utility/rcsSmallLinear/RCSLinearSmall/RCSLinearSmall
[LOG 18:23:45.039] Config(PART) Squad/Parts/Utility/RelayAntennas/RA-100/RelayAntenna100
[LOG 18:23:45.039] Config(PART) Squad/Parts/Utility/RelayAntennas/RA-5/RelayAntenna5
[LOG 18:23:45.039] Config(PART) Squad/Parts/Utility/RelayAntennas/RA-50/RelayAntenna50
[LOG 18:23:45.039] Config(PART) Squad/Parts/Utility/rockomaxAdapters/largeAdapter/largeAdapter
[LOG 18:23:45.039] Config(PART) Squad/Parts/Utility/rockomaxAdapters/largeAdapterShort/largeAdapter2
[LOG 18:23:45.039] Config(PART) Squad/Parts/Utility/ServiceBay_v2/ServiceBay_125_v2/ServiceBay_125_v2
[LOG 18:23:45.039] Config(PART) Squad/Parts/Utility/ServiceBay_v2/ServiceBay_250_v2/ServiceBay_250_v2
[LOG 18:23:45.039] Config(PART) Squad/Parts/Utility/smallClaw/smallClaw/smallClaw
[LOG 18:23:45.039] Config(PART) Squad/Parts/Utility/spotLightMk1/spotLightMk1/spotLight1
[LOG 18:23:45.039] Config(PART) Squad/Parts/Utility/spotLightMk1_v2/spotLightMk1_v2/spotLight1_v2
[LOG 18:23:45.039] Config(PART) Squad/Parts/Utility/spotLightMk2/spotLightMk2/spotLight2
[LOG 18:23:45.039] Config(PART) Squad/Parts/Utility/spotLightMk2_v2/spotLightMk2_v2/spotLight2_v2
[LOG 18:23:45.039] Config(PART) Squad/Parts/Utility/stackCouplers/stackBiCoupler_v2/stackBiCoupler_v2
[LOG 18:23:45.039] Config(PART) Squad/Parts/Utility/stackCouplers/stackQuadCoupler/stackQuadCoupler
[LOG 18:23:45.040] Config(PART) Squad/Parts/Utility/stackCouplers/stackTriCoupler_v2/stackTriCoupler_v2
[LOG 18:23:45.040] Config(PART) Squad/Parts/Wheel/LandingGear/GearExtraLarge/GearLarge
[LOG 18:23:45.040] Config(PART) Squad/Parts/Wheel/LandingGear/GearFixed/GearFixed
[LOG 18:23:45.040] Config(PART) Squad/Parts/Wheel/LandingGear/GearFree/GearFree
[LOG 18:23:45.040] Config(PART) Squad/Parts/Wheel/LandingGear/GearLarge/GearMedium
[LOG 18:23:45.040] Config(PART) Squad/Parts/Wheel/LandingGear/GearMedium/GearSmall
[LOG 18:23:45.040] Config(PART) Squad/Parts/Wheel/LandingGear/GearSmall/SmallGearBay
[LOG 18:23:45.040] Config(PART) Squad/Parts/Wheel/roverWheelM1/roverWheelM1/roverWheel1
[LOG 18:23:45.040] Config(PART) Squad/Parts/Wheel/roverWheelS2/roverWheelS2/roverWheel2
[LOG 18:23:45.040] Config(PART) Squad/Parts/Wheel/roverWheelTR-2L/roverWheelTR-2L/wheelMed
[LOG 18:23:45.040] Config(PART) Squad/Parts/Wheel/roverWheelXL3/roverWheelXL3/roverWheel3
[LOG 18:23:45.040] Config(PROP) Squad/Props/AltimeterThreeHands/prop/AltimeterThreeHands
[LOG 18:23:45.040] Config(PROP) Squad/Props/AtmosphereDepth/prop/AtmosphereDepth
[LOG 18:23:45.040] Config(PROP) Squad/Props/AxisIndicator/pitchConfig/AxisIndicatorPitch
[LOG 18:23:45.040] Config(PROP) Squad/Props/AxisIndicator/rollConfig/AxisIndicatorRoll
[LOG 18:23:45.040] Config(PROP) Squad/Props/AxisIndicator/yawConfig/AxisIndicatorYaw
[LOG 18:23:45.040] Config(PROP) Squad/Props/buttonsGeneric/circularButton/genericCircularButton
[LOG 18:23:45.040] Config(PROP) Squad/Props/buttonsGeneric/clusterButtons/genericClusterButtons
[LOG 18:23:45.040] Config(PROP) Squad/Props/buttonsGeneric/clusterButtons2/genericClusterButtons2
[LOG 18:23:45.040] Config(PROP) Squad/Props/buttonsGeneric/clusterKnob/genericClusterKnobs
[LOG 18:23:45.040] Config(PROP) Squad/Props/buttonsGeneric/clusterKnob2/genericClusterKnobs2
[LOG 18:23:45.040] Config(PROP) Squad/Props/buttonsGeneric/clusterMixed/genericClusterMixed
[LOG 18:23:45.040] Config(PROP) Squad/Props/buttonsGeneric/clusterSwitches01/genericClusterSwitches01
[LOG 18:23:45.040] Config(PROP) Squad/Props/buttonsGeneric/clusterSwitches02/genericClusterSwitches02
[LOG 18:23:45.040] Config(PROP) Squad/Props/buttonsGeneric/clusterSwitches03/genericClusterSwitches03
[LOG 18:23:45.040] Config(PROP) Squad/Props/buttonsGeneric/clusterSwitches04/genericClusterSwitches04
[LOG 18:23:45.040] Config(PROP) Squad/Props/buttonsGeneric/clusterSwitches05/genericClusterSwitches05
[LOG 18:23:45.040] Config(PROP) Squad/Props/buttonsGeneric/clusterSwitches06/genericClusterSwitches06
[LOG 18:23:45.041] Config(PROP) Squad/Props/buttonsGeneric/clusterSwitches07/genericClusterSwitches07
[LOG 18:23:45.041] Config(PROP) Squad/Props/buttonsGeneric/directionalKnob/genericDirectionalKnob
[LOG 18:23:45.041] Config(PROP) Squad/Props/buttonsGeneric/directionalKnob2/genericDirectionalKnob2
[LOG 18:23:45.041] Config(PROP) Squad/Props/buttonsGeneric/pullSwitch/genericPullSwitch
[LOG 18:23:45.041] Config(PROP) Squad/Props/buttonsGeneric/squareButton/genericSquareButton
[LOG 18:23:45.041] Config(PROP) Squad/Props/buttonsGeneric/standingSwitch/genericStandingSwitch
[LOG 18:23:45.041] Config(PROP) Squad/Props/buttonsGeneric/switch/genericSwitch
[LOG 18:23:45.041] Config(PROP) Squad/Props/buttonsGeneric/switchWithGuards/genericSwitchWithGuards
[LOG 18:23:45.041] Config(PROP) Squad/Props/ButtonSquare/prop/ButtonSquare
[LOG 18:23:45.041] Config(PROP) Squad/Props/circularButton/prop/circularButton
[LOG 18:23:45.041] Config(PROP) Squad/Props/Compass/prop/Compass
[LOG 18:23:45.041] Config(PROP) Squad/Props/directionalKnob/prop/directionalKnob
[LOG 18:23:45.041] Config(PROP) Squad/Props/directionalKnob2/prop/directionalKnob2
[LOG 18:23:45.041] Config(PROP) Squad/Props/IndicatorPanel/prop/IndicatorPanel
[LOG 18:23:45.041] Config(PROP) Squad/Props/IVANavBall/prop/NavBall
[LOG 18:23:45.041] Config(PROP) Squad/Props/IVANavBallNoBase/prop/NavBallNoBase
[LOG 18:23:45.041] Config(PROP) Squad/Props/ledPanelSpeed/prop/ledPanelSpeed
[LOG 18:23:45.041] Config(PROP) Squad/Props/Monitor/DockingMode/MonitorDockingMode
[LOG 18:23:45.041] Config(PROP) Squad/Props/NavBall/prop/NavBall
[LOG 18:23:45.041] Config(PROP) Squad/Props/PropsGeneric/Button_DockingMode/Button_DockingMode
[LOG 18:23:45.041] Config(PROP) Squad/Props/PropsGeneric/CargoBagA/CargoBagA
[LOG 18:23:45.041] Config(PROP) Squad/Props/PropsGeneric/CargoBagB/CargoBagB
[LOG 18:23:45.041] Config(PROP) Squad/Props/PropsGeneric/CargoBagC/CargoBagC
[LOG 18:23:45.041] Config(PROP) Squad/Props/PropsGeneric/Hatch_Plane/Hatch_Plane
[LOG 18:23:45.041] Config(PROP) Squad/Props/PropsGeneric/Hatch_Plane_Curve90/Hatch_Plane_Curve90
[LOG 18:23:45.041] Config(PROP) Squad/Props/PropsGeneric/Hatch_Plane_Frame/Hatch_Plane_Frame
[LOG 18:23:45.041] Config(PROP) Squad/Props/PropsGeneric/Seat_Passenger/Seat_Passenger
[LOG 18:23:45.041] Config(PROP) Squad/Props/PropsGeneric/Seat_Pilot/Seat_Pilot
[LOG 18:23:45.041] Config(PROP) Squad/Props/PropsGeneric/Seat_Pilot_Helmet/Seat_Pilot_Helmet
[LOG 18:23:45.041] Config(PROP) Squad/Props/PropsGeneric/SideStick/SideStick
[LOG 18:23:45.042] Config(PROP) Squad/Props/pullSwitch/prop/pullSwitch
[LOG 18:23:45.042] Config(PROP) Squad/Props/radarAltitude/prop/RadarAltimeter
[LOG 18:23:45.042] Config(PROP) Squad/Props/squareButton/prop/squareButton
[LOG 18:23:45.042] Config(PROP) Squad/Props/standingSwitch/prop/standingSwitch
[LOG 18:23:45.042] Config(PROP) Squad/Props/switch/prop/switch
[LOG 18:23:45.042] Config(PROP) Squad/Props/switchGuard/prop/switchGuard
[LOG 18:23:45.042] Config(PROP) Squad/Props/switchWithGuards/prop/switchWithGuards
[LOG 18:23:45.042] Config(PROP) Squad/Props/throttle/prop/throttle
[LOG 18:23:45.042] Config(PROP) Squad/Props/VSI/prop/VSI
[LOG 18:23:45.042] Config(SPACEOBJECTS_LIMITS) Squad/Resources/CometDefs/SPACEOBJECTS_LIMITS
[LOG 18:23:45.042] Config(COMET_MANAGER) Squad/Resources/CometDefs/COMET_MANAGER
[LOG 18:23:45.042] Config(COMET_ORBIT_TYPE) Squad/Resources/CometDefs/short
[LOG 18:23:45.042] Config(COMET_ORBIT_TYPE) Squad/Resources/CometDefs/intermediate
[LOG 18:23:45.042] Config(COMET_ORBIT_TYPE) Squad/Resources/CometDefs/long
[LOG 18:23:45.042] Config(COMET_ORBIT_TYPE) Squad/Resources/CometDefs/interstellar
[LOG 18:23:45.042] Config(FIREWORKFX_DEFINITION) Squad/Resources/FireworkFXDefinitions/classicTrail
[LOG 18:23:45.042] Config(FIREWORKFX_DEFINITION) Squad/Resources/FireworkFXDefinitions/whirlyTrail
[LOG 18:23:45.042] Config(FIREWORKFX_DEFINITION) Squad/Resources/FireworkFXDefinitions/strobeTrail
[LOG 18:23:45.042] Config(FIREWORKFX_DEFINITION) Squad/Resources/FireworkFXDefinitions/bareTrail
[LOG 18:23:45.042] Config(FIREWORKFX_DEFINITION) Squad/Resources/FireworkFXDefinitions/classicBurst
[LOG 18:23:45.042] Config(FIREWORKFX_DEFINITION) Squad/Resources/FireworkFXDefinitions/chrysBurst
[LOG 18:23:45.042] Config(FIREWORKFX_DEFINITION) Squad/Resources/FireworkFXDefinitions/palmBurst
[LOG 18:23:45.042] Config(FIREWORKFX_DEFINITION) Squad/Resources/FireworkFXDefinitions/ringBurst
[LOG 18:23:45.042] Config(FIREWORKFX_DEFINITION) Squad/Resources/FireworkFXDefinitions/crosetteBurst
[LOG 18:23:45.042] Config(FIREWORKFX_DEFINITION) Squad/Resources/FireworkFXDefinitions/willowBurst
[LOG 18:23:45.042] Config(FIREWORKFX_DEFINITION) Squad/Resources/FireworkFXDefinitions/crackeBurst
[LOG 18:23:45.042] Config(FIREWORKFX_DEFINITION) Squad/Resources/FireworkFXDefinitions/palmCrackleBurst
[LOG 18:23:45.043] Config(FIREWORKFX_DEFINITION) Squad/Resources/FireworkFXDefinitions/dragonBurst
[LOG 18:23:45.043] Config(GLOBAL_RESOURCE) Squad/Resources/Ore/GLOBAL_RESOURCE
[LOG 18:23:45.043] Config(PLANETARY_RESOURCE) Squad/Resources/Ore/PLANETARY_RESOURCE
[LOG 18:23:45.043] Config(PLANETARY_RESOURCE) Squad/Resources/Ore/PLANETARY_RESOURCE
[LOG 18:23:45.043] Config(RESOURCE_OVERLAY_CONFIGURATION_SOLID) Squad/Resources/Overlay/RESOURCE_OVERLAY_CONFIGURATION_SOLID
[LOG 18:23:45.043] Config(RESOURCE_OVERLAY_CONFIGURATION_LINES) Squad/Resources/Overlay/RESOURCE_OVERLAY_CONFIGURATION_LINES
[LOG 18:23:45.043] Config(RESOURCE_OVERLAY_CONFIGURATION_DOTS) Squad/Resources/Overlay/RESOURCE_OVERLAY_CONFIGURATION_DOTS
[LOG 18:23:45.043] Config(RESOURCE_CONFIGURATION) Squad/Resources/ResourceDefaults/RESOURCE_CONFIGURATION
[LOG 18:23:45.043] Config(RESOURCE_DEFINITION) Squad/Resources/ResourcesGeneric/LiquidFuel
[LOG 18:23:45.043] Config(RESOURCE_DEFINITION) Squad/Resources/ResourcesGeneric/Oxidizer
[LOG 18:23:45.043] Config(RESOURCE_DEFINITION) Squad/Resources/ResourcesGeneric/SolidFuel
[LOG 18:23:45.043] Config(RESOURCE_DEFINITION) Squad/Resources/ResourcesGeneric/MonoPropellant
[LOG 18:23:45.043] Config(RESOURCE_DEFINITION) Squad/Resources/ResourcesGeneric/XenonGas
[LOG 18:23:45.043] Config(RESOURCE_DEFINITION) Squad/Resources/ResourcesGeneric/ElectricCharge
[LOG 18:23:45.043] Config(RESOURCE_DEFINITION) Squad/Resources/ResourcesGeneric/IntakeAir
[LOG 18:23:45.043] Config(RESOURCE_DEFINITION) Squad/Resources/ResourcesGeneric/EVA Propellant
[LOG 18:23:45.043] Config(RESOURCE_DEFINITION) Squad/Resources/ResourcesGeneric/Ore
[LOG 18:23:45.043] Config(RESOURCE_DEFINITION) Squad/Resources/ResourcesGeneric/Ablator
[LOG 18:23:45.043] Config(EXPERIMENT_DEFINITION) Squad/Resources/ScienceDefs/EXPERIMENT_DEFINITION
[LOG 18:23:45.043] Config(EXPERIMENT_DEFINITION) Squad/Resources/ScienceDefs/EXPERIMENT_DEFINITION
[LOG 18:23:45.043] Config(EXPERIMENT_DEFINITION) Squad/Resources/ScienceDefs/EXPERIMENT_DEFINITION
[LOG 18:23:45.043] Config(EXPERIMENT_DEFINITION) Squad/Resources/ScienceDefs/EXPERIMENT_DEFINITION
[LOG 18:23:45.043] Config(EXPERIMENT_DEFINITION) Squad/Resources/ScienceDefs/EXPERIMENT_DEFINITION
[LOG 18:23:45.043] Config(EXPERIMENT_DEFINITION) Squad/Resources/ScienceDefs/EXPERIMENT_DEFINITION
[LOG 18:23:45.043] Config(EXPERIMENT_DEFINITION) Squad/Resources/ScienceDefs/EXPERIMENT_DEFINITION
[LOG 18:23:45.043] Config(EXPERIMENT_DEFINITION) Squad/Resources/ScienceDefs/EXPERIMENT_DEFINITION
[LOG 18:23:45.043] Config(EXPERIMENT_DEFINITION) Squad/Resources/ScienceDefs/EXPERIMENT_DEFINITION
[LOG 18:23:45.043] Config(EXPERIMENT_DEFINITION) Squad/Resources/ScienceDefs/EXPERIMENT_DEFINITION
[LOG 18:23:45.043] Config(EXPERIMENT_DEFINITION) Squad/Resources/ScienceDefs/EXPERIMENT_DEFINITION
[LOG 18:23:45.043] Config(EXPERIMENT_DEFINITION) Squad/Resources/ScienceDefs/EXPERIMENT_DEFINITION
[LOG 18:23:45.044] Config(EXPERIMENT_DEFINITION) Squad/Resources/ScienceDefs/EXPERIMENT_DEFINITION
[LOG 18:23:45.044] Config(EXPERIMENT_DEFINITION) Squad/Resources/ScienceDefs/EXPERIMENT_DEFINITION
[LOG 18:23:45.044] Config(EXPERIMENT_DEFINITION) Squad/Resources/ScienceDefs/EXPERIMENT_DEFINITION
[LOG 18:23:45.044] Config(EXPERIMENT_DEFINITION) Squad/Resources/ScienceDefs/EXPERIMENT_DEFINITION
[LOG 18:23:45.044] Config(EXPERIMENT_DEFINITION) Squad/Resources/ScienceDefs/EXPERIMENT_DEFINITION
[LOG 18:23:45.044] Config(EXPERIMENT_DEFINITION) Squad/Resources/ScienceDefs/EXPERIMENT_DEFINITION
[LOG 18:23:45.044] Config(STORY_DEF) Squad/Resources/StoryDefs/STORY_DEF
[LOG 18:23:45.044] Config(TechTree) Squad/Resources/TechTree/TechTree
[LOG 18:23:45.044] Config(INTERNAL) Squad/Spaces/crewCabinInternals/internal/crewCabinInternals
[LOG 18:23:45.044] Config(INTERNAL) Squad/Spaces/cupolaInternal/internal/cupolaInternal
[LOG 18:23:45.044] Config(INTERNAL) Squad/Spaces/GenericSpace1/internal/GenericSpace1
[LOG 18:23:45.044] Config(INTERNAL) Squad/Spaces/GenericSpace3/internal/GenericSpace3
[LOG 18:23:45.044] Config(INTERNAL) Squad/Spaces/landerCabinInternals/internal/landerCabinInternals
[LOG 18:23:45.044] Config(INTERNAL) Squad/Spaces/landerCabinSmallInternal/internal/landerCabinSmallInternal
[LOG 18:23:45.044] Config(INTERNAL) Squad/Spaces/LargeCrewedLabInternals/internal/Mobile_Processing_Lab_Int
[LOG 18:23:45.044] Config(INTERNAL) Squad/Spaces/Mk1-3/internal/Mk1-3
[LOG 18:23:45.044] Config(INTERNAL) Squad/Spaces/mk1CabinInternal/internal/mk1CabinInternal
[LOG 18:23:45.044] Config(INTERNAL) Squad/Spaces/mk1CockpitInternal/internal/mk1CockpitInternal
[LOG 18:23:45.044] Config(INTERNAL) Squad/Spaces/mk1InlineInternal/internal/mk1InlineInternal
[LOG 18:23:45.044] Config(INTERNAL) Squad/Spaces/mk1PodCockpit/internal/mk1PodCockpit
[LOG 18:23:45.044] Config(INTERNAL) Squad/Spaces/mk1pod_IVA/mk1pod_Internal/mk1pod_IVA
[LOG 18:23:45.044] Config(INTERNAL) Squad/Spaces/mk2CockpitStandardInternal/internal/mk2CockpitStandardInternals
[LOG 18:23:45.044] Config(INTERNAL) Squad/Spaces/Mk2CrewCabinInternal/internal_MK2_CrewCab/MK2_CrewCab_Int
[LOG 18:23:45.045] Config(INTERNAL) Squad/Spaces/mk2InlineInternal/internal/mk2InlineInternal
[LOG 18:23:45.045] Config(INTERNAL) Squad/Spaces/mk2LanderCanInternal/internal/mk2LanderCanInternal
[LOG 18:23:45.045] Config(INTERNAL) Squad/Spaces/MK3CockpitInternal/internal_MK3/MK3_Cockpit_Int
[LOG 18:23:45.045] Config(INTERNAL) Squad/Spaces/MK3_CrewCab_Int/internal_MK3_CrewCab/MK3_CrewCab_Int
[LOG 18:23:45.045] Config(INTERNAL) Squad/Spaces/Placeholder/internal/Placeholder
[LOG 18:23:45.045] Config(INTERNAL) Squad/Spaces/PodCockpit/internal/PodCockpit
[LOG 18:23:45.045] Config(STRATEGY_DEPARTMENT) Squad/Strategies/Departments/Finances
[LOG 18:23:45.045] Config(STRATEGY_DEPARTMENT) Squad/Strategies/Departments/Science
[LOG 18:23:45.045] Config(STRATEGY_DEPARTMENT) Squad/Strategies/Departments/Public Relations
[LOG 18:23:45.045] Config(STRATEGY_DEPARTMENT) Squad/Strategies/Departments/Operations
[LOG 18:23:45.045] Config(STRATEGY) Squad/Strategies/Strategies/AppreciationCampaignCfg
[LOG 18:23:45.045] Config(STRATEGY) Squad/Strategies/Strategies/FundraisingCampaignCfg
[LOG 18:23:45.045] Config(STRATEGY) Squad/Strategies/Strategies/OpenSourceTechProgramCfg
[LOG 18:23:45.045] Config(STRATEGY) Squad/Strategies/Strategies/UnpaidResearchProgramCfg
[LOG 18:23:45.045] Config(STRATEGY) Squad/Strategies/Strategies/OutsourcedResearchCfg
[LOG 18:23:45.045] Config(STRATEGY) Squad/Strategies/Strategies/PatentsLicensingCfg
[LOG 18:23:45.045] Config(STRATEGY) Squad/Strategies/Strategies/AgressiveNegotiations
[LOG 18:23:45.045] Config(STRATEGY) Squad/Strategies/Strategies/RecoveryTransponders
[LOG 18:23:45.045] Config(STRATEGY) Squad/Strategies/Strategies/BailoutGrant
[LOG 18:23:45.045] Config(STRATEGY) Squad/Strategies/Strategies/researchIPsellout
[LOG 18:23:45.045] Config(STRATEGY) Squad/Strategies/Strategies/LeadershipInitiative
[LOG 18:23:45.045] Config(TUTORIAL) Squad/Tutorials/FlightSuborbital/FlightSuborbital
[LOG 18:23:45.045] Config(TUTORIAL) Squad/Tutorials/FromMun/FromMun
[LOG 18:23:45.045] Config(TUTORIAL) Squad/Tutorials/GoForOrbit/GoForOrbit
[LOG 18:23:45.045] Config(MISSIONPACK) SquadExpansion/MakingHistory/Missions/MissionPacks/squad_MakingHistory
[LOG 18:23:45.045] Config(MISSIONPACK) SquadExpansion/MakingHistory/Missions/MissionPacks/squad_MakingHistory_Other
[LOG 18:23:45.045] Config(MISSIONPACK) SquadExpansion/MakingHistory/Missions/MissionPacks/squad_MakingHistory_Tutorial
[LOG 18:23:45.046] Config(MEBASICNODE) SquadExpansion/MakingHistory/Nodes/AccuracyLogic/TestAccuracyLogic
[LOG 18:23:45.046] Config(MEBASICNODE) SquadExpansion/MakingHistory/Nodes/ActionChancePartResourceLevels/ActionPartResourceAmount
[LOG 18:23:45.046] Config(MEBASICNODE) SquadExpansion/MakingHistory/Nodes/ActionExplode/ActionVesselExplode
[LOG 18:23:45.046] Config(MEBASICNODE) SquadExpansion/MakingHistory/Nodes/ActionMissionScore/MissionScore
[LOG 18:23:45.046] Config(MEBASICNODE) SquadExpansion/MakingHistory/Nodes/ActionModifierFunds/ModifyFunds
[LOG 18:23:45.046] Config(MEBASICNODE) SquadExpansion/MakingHistory/Nodes/ActionModifierScore/MissionScore
[LOG 18:23:45.046] Config(MEBASICNODE) SquadExpansion/MakingHistory/Nodes/ActionPartExplode/ActionPartExplode
[LOG 18:23:45.046] Config(MEBASICNODE) SquadExpansion/MakingHistory/Nodes/ActionPartResourceDrain/ActionPartResourceDrain
[LOG 18:23:45.046] Config(MEBASICNODE) SquadExpansion/MakingHistory/Nodes/ActionVesselActionGroup/ActionVesselActionGroup
[LOG 18:23:45.046] Config(MEBASICNODE) SquadExpansion/MakingHistory/Nodes/ActionVesselStage/ActionVesselStage
[LOG 18:23:45.046] Config(MEBASICNODE) SquadExpansion/MakingHistory/Nodes/CreateAsteroid/CreateAsteroid
[LOG 18:23:45.046] Config(MEBASICNODE) SquadExpansion/MakingHistory/Nodes/CreateComet/CreateComet
[LOG 18:23:45.046] Config(MEBASICNODE) SquadExpansion/MakingHistory/Nodes/CreateFlag/CreateFlag
[LOG 18:23:45.046] Config(MEBASICNODE) SquadExpansion/MakingHistory/Nodes/CreateLaunchSite/CreateLaunchSite
[LOG 18:23:45.046] Config(MEBASICNODE) SquadExpansion/MakingHistory/Nodes/CreateVessel/CreateVessel
[LOG 18:23:45.046] Config(MEBASICNODE) SquadExpansion/MakingHistory/Nodes/CrewAssignment/TestCrewAssignment
[LOG 18:23:45.046] Config(MEBASICNODE) SquadExpansion/MakingHistory/Nodes/Destroyed/Crashed
[LOG 18:23:45.046] Config(MEBASICNODE) SquadExpansion/MakingHistory/Nodes/DialogMessage/DialogMessage
[LOG 18:23:45.046] Config(MEBASICNODE) SquadExpansion/MakingHistory/Nodes/Distance/Distance
[LOG 18:23:45.046] Config(MEBASICNODE) SquadExpansion/MakingHistory/Nodes/EmptyFalse/EmptyFalse
[LOG 18:23:45.046] Config(MEBASICNODE) SquadExpansion/MakingHistory/Nodes/EmptyTrue/EmptyTrue
[LOG 18:23:45.046] Config(MEBASICNODE) SquadExpansion/MakingHistory/Nodes/EscapeSOI/SOILeft
[LOG 18:23:45.046] Config(MEBASICNODE) SquadExpansion/MakingHistory/Nodes/EVA/EVA
[LOG 18:23:45.046] Config(MEBASICNODE) SquadExpansion/MakingHistory/Nodes/Flying/Flying
[LOG 18:23:45.046] Config(MEBASICNODE) SquadExpansion/MakingHistory/Nodes/FundsRecovery/FundsRecovery
[LOG 18:23:45.046] Config(MEBASICNODE) SquadExpansion/MakingHistory/Nodes/KerbalBoarded/TestKerbalBoarded
[LOG 18:23:45.046] Config(MEBASICNODE) SquadExpansion/MakingHistory/Nodes/KerbalKilled/EVA
[LOG 18:23:45.047] Config(MEBASICNODE) SquadExpansion/MakingHistory/Nodes/KerbalRecovery/KerbalRecovery
[LOG 18:23:45.047] Config(MEBASICNODE) SquadExpansion/MakingHistory/Nodes/KerbalRescue/KerbalRescue
[LOG 18:23:45.047] Config(MEBASICNODE) SquadExpansion/MakingHistory/Nodes/Landed/Landed
[LOG 18:23:45.047] Config(MEBASICNODE) SquadExpansion/MakingHistory/Nodes/Message/Message
[LOG 18:23:45.047] Config(MEBASICNODE) SquadExpansion/MakingHistory/Nodes/MissionFunds/MissionFunds
[LOG 18:23:45.047] Config(MEBASICNODE) SquadExpansion/MakingHistory/Nodes/MissionScore/MissionScore
[LOG 18:23:45.047] Config(MEBASICNODE) SquadExpansion/MakingHistory/Nodes/Orbit/Orbit
[LOG 18:23:45.047] Config(MEBASICNODE) SquadExpansion/MakingHistory/Nodes/OrbitParams/OrbitParams
[LOG 18:23:45.047] Config(MEBASICNODE) SquadExpansion/MakingHistory/Nodes/PartDocking/TestPartDocking
[LOG 18:23:45.047] Config(MEBASICNODE) SquadExpansion/MakingHistory/Nodes/PartFailure/PartFailure
[LOG 18:23:45.047] Config(MEBASICNODE) SquadExpansion/MakingHistory/Nodes/PartGrapple/TestGrapple
[LOG 18:23:45.047] Config(MEBASICNODE) SquadExpansion/MakingHistory/Nodes/PartRepair/PartRepair
[LOG 18:23:45.047] Config(MEBASICNODE) SquadExpansion/MakingHistory/Nodes/PlaceKerbal/CreateKerbal
[LOG 18:23:45.047] Config(MEBASICNODE) SquadExpansion/MakingHistory/Nodes/PlantFlag/PlantFlag
[LOG 18:23:45.047] Config(MEBASICNODE) SquadExpansion/MakingHistory/Nodes/ReachSOI/ReachSOI
[LOG 18:23:45.047] Config(MEBASICNODE) SquadExpansion/MakingHistory/Nodes/Resource/ResourceAmount
[LOG 18:23:45.047] Config(MEBASICNODE) SquadExpansion/MakingHistory/Nodes/ResourceRecovery/TestResourcesRecovery
[LOG 18:23:45.047] Config(MEBASICNODE) SquadExpansion/MakingHistory/Nodes/ScienceExperiment/ScienceExperiment
[LOG 18:23:45.047] Config(MEBASICNODE) SquadExpansion/MakingHistory/Nodes/SetCamera/SetCamera
[LOG 18:23:45.047] Config(MEBASICNODE) SquadExpansion/MakingHistory/Nodes/SplashDown/SplashDown
[LOG 18:23:45.047] Config(MEBASICNODE) SquadExpansion/MakingHistory/Nodes/StageActivated/TestVesselStageActivated
[LOG 18:23:45.047] Config(MEBASICNODE) SquadExpansion/MakingHistory/Nodes/TakeKerbal/TestTakeKerbal
[LOG 18:23:45.047] Config(MEBASICNODE) SquadExpansion/MakingHistory/Nodes/TestFlyThrough/TestFlyThrough
[LOG 18:23:45.047] Config(MEBASICNODE) SquadExpansion/MakingHistory/Nodes/TestGoTo/TestGoTo
[LOG 18:23:45.047] Config(MEBASICNODE) SquadExpansion/MakingHistory/Nodes/TimeMET/TimeMET
[LOG 18:23:45.048] Config(MEBASICNODE) SquadExpansion/MakingHistory/Nodes/TimeOfMission/TimeOfMission
[LOG 18:23:45.048] Config(MEBASICNODE) SquadExpansion/MakingHistory/Nodes/TimeSinceNode/TestTimeSinceNode
[LOG 18:23:45.048] Config(MEBASICNODE) SquadExpansion/MakingHistory/Nodes/VesselActiveCount/TestVesselActiveCount
[LOG 18:23:45.048] Config(MEBASICNODE) SquadExpansion/MakingHistory/Nodes/VesselAltitudeGoal/VesselAltitudeGoal
[LOG 18:23:45.048] Config(MEBASICNODE) SquadExpansion/MakingHistory/Nodes/VesselCrewCount/VeselCrewCount
[LOG 18:23:45.048] Config(MEBASICNODE) SquadExpansion/MakingHistory/Nodes/VesselMassLogic/VesselMass
[LOG 18:23:45.048] Config(MEBASICNODE) SquadExpansion/MakingHistory/Nodes/VesselPartCount/PartCount
[LOG 18:23:45.048] Config(MEBASICNODE) SquadExpansion/MakingHistory/Nodes/VesselRecovery/TestVesselRecovery
[LOG 18:23:45.048] Config(MEBASICNODE) SquadExpansion/MakingHistory/Nodes/VesselStage/TestVesselStage
[LOG 18:23:45.048] Config(MEBASICNODE) SquadExpansion/MakingHistory/Nodes/VesselVelocity/VesselVelocity
[LOG 18:23:45.048] Config(PART) SquadExpansion/MakingHistory/Parts/Aero/protectiveRocketNoseMk16/rocketNoseCone_size4/rocketNoseConeSize4
[LOG 18:23:45.048] Config(PART) SquadExpansion/MakingHistory/Parts/Aero/protectiveRocketNoseMk5A/Size_1_5_Cone/Size_1_5_Cone
[LOG 18:23:45.048] Config(PART) SquadExpansion/MakingHistory/Parts/Coupling/Decoupler_1p5/Decoupler_1p5
[LOG 18:23:45.048] Config(PART) SquadExpansion/MakingHistory/Parts/Coupling/Decoupler_4/Decoupler_4
[LOG 18:23:45.048] Config(PART) SquadExpansion/MakingHistory/Parts/Coupling/EnginePlate_1p5/EnginePlate1p5
[LOG 18:23:45.048] Config(PART) SquadExpansion/MakingHistory/Parts/Coupling/EnginePlate_2/EnginePlate2
[LOG 18:23:45.048] Config(PART) SquadExpansion/MakingHistory/Parts/Coupling/EnginePlate_3/EnginePlate3
[LOG 18:23:45.048] Config(PART) SquadExpansion/MakingHistory/Parts/Coupling/EnginePlate_4/EnginePlate4
[LOG 18:23:45.048] Config(PART) SquadExpansion/MakingHistory/Parts/Coupling/EnginePlate_5/EnginePlate5
[LOG 18:23:45.048] Config(PART) SquadExpansion/MakingHistory/Parts/Coupling/InflatableAirlock/InflatableAirlock
[LOG 18:23:45.048] Config(PART) SquadExpansion/MakingHistory/Parts/Coupling/Separator_1p5/Separator_1p5
[LOG 18:23:45.048] Config(PART) SquadExpansion/MakingHistory/Parts/Coupling/Separator_4/Separator_4
[LOG 18:23:45.048] Config(PART) SquadExpansion/MakingHistory/Parts/Coupling/Size1p5_Strut_Decoupler/Size1p5_Strut_Decoupler
[LOG 18:23:45.048] Config(PART) SquadExpansion/MakingHistory/Parts/Engine/LiquidEngineKE-1/LiquidEngineKE-1
[LOG 18:23:45.048] Config(PART) SquadExpansion/MakingHistory/Parts/Engine/LiquidEngineLV-T91/LiquidEngineLV-T91
[LOG 18:23:45.049] Config(PART) SquadExpansion/MakingHistory/Parts/Engine/LiquidEngineLV-TX87/LiquidEngineLV-TX87
[LOG 18:23:45.049] Config(PART) SquadExpansion/MakingHistory/Parts/Engine/LiquidEngineRE-I2/LiquidEngineRE-I2
[LOG 18:23:45.049] Config(PART) SquadExpansion/MakingHistory/Parts/Engine/LiquidEngineRE-J10/LiquidEngineRE-J10
[LOG 18:23:45.049] Config(PART) SquadExpansion/MakingHistory/Parts/Engine/LiquidEngineRK-7/LiquidEngineRK-7
[LOG 18:23:45.049] Config(PART) SquadExpansion/MakingHistory/Parts/Engine/LiquidEngineRV-1/LiquidEngineRV-1
[LOG 18:23:45.049] Config(PART) SquadExpansion/MakingHistory/Parts/Engine/solidBoosterTHK/solidBoosterTHK/Pollux
[LOG 18:23:45.049] Config(PART) SquadExpansion/MakingHistory/Parts/FuelTank/MonoPropMini/monopropMiniSphere
[LOG 18:23:45.049] Config(PART) SquadExpansion/MakingHistory/Parts/FuelTank/Size1p5_Monoprop/Size1p5_Monoprop
[LOG 18:23:45.049] Config(PART) SquadExpansion/MakingHistory/Parts/FuelTank/Size1p5_Size0_Adapter_01/Size1p5_Size0_Adapter_01
[LOG 18:23:45.049] Config(PART) SquadExpansion/MakingHistory/Parts/FuelTank/Size1p5_Size1_Adapter_01/Size1p5_Size1_Adapter_01
[LOG 18:23:45.049] Config(PART) SquadExpansion/MakingHistory/Parts/FuelTank/Size1p5_Size1_Adapter_02/Size1p5_Size1_Adapter_02
[LOG 18:23:45.049] Config(PART) SquadExpansion/MakingHistory/Parts/FuelTank/Size1p5_Size2_Adapter_01/Size1p5_Size2_Adapter_01
[LOG 18:23:45.049] Config(PART) SquadExpansion/MakingHistory/Parts/FuelTank/Size1p5_Tank_01/Size1p5_Tank_01
[LOG 18:23:45.049] Config(PART) SquadExpansion/MakingHistory/Parts/FuelTank/Size1p5_Tank_02/Size1p5_Tank_02
[LOG 18:23:45.049] Config(PART) SquadExpansion/MakingHistory/Parts/FuelTank/Size1p5_Tank_03/Size1p5_Tank_03
[LOG 18:23:45.049] Config(PART) SquadExpansion/MakingHistory/Parts/FuelTank/Size1p5_Tank_04/Size1p5_Tank_04
[LOG 18:23:45.049] Config(PART) SquadExpansion/MakingHistory/Parts/FuelTank/Size1p5_Tank_05/Size1p5_Tank_05
[LOG 18:23:45.049] Config(PART) SquadExpansion/MakingHistory/Parts/FuelTank/Size3_Size4_Adapter_01/Size3_Size4_Adapter_01
[LOG 18:23:45.049] Config(PART) SquadExpansion/MakingHistory/Parts/FuelTank/Size4_EngineAdapter_01/Size4_EngineAdapter_01
[LOG 18:23:45.049] Config(PART) SquadExpansion/MakingHistory/Parts/FuelTank/Size4_Tank_01/Size4_Tank_01
[LOG 18:23:45.049] Config(PART) SquadExpansion/MakingHistory/Parts/FuelTank/Size4_Tank_02/Size4_Tank_02
[LOG 18:23:45.049] Config(PART) SquadExpansion/MakingHistory/Parts/FuelTank/Size4_Tank_03/Size4_Tank_03
[LOG 18:23:45.049] Config(PART) SquadExpansion/MakingHistory/Parts/FuelTank/Size4_Tank_04/Size4_Tank_04
[LOG 18:23:45.049] Config(PART) SquadExpansion/MakingHistory/Parts/Ground/RoverWheel/roverWheelM1-F
[LOG 18:23:45.049] Config(PART) SquadExpansion/MakingHistory/Parts/Payload/fairingSize1p5/fairingSize1p5
[LOG 18:23:45.050] Config(PART) SquadExpansion/MakingHistory/Parts/Payload/fairingSize4/fairingSize4
[LOG 18:23:45.050] Config(PART) SquadExpansion/MakingHistory/Parts/Payload/Size1to0ServiceModule/Size1to0ServiceModule
[LOG 18:23:45.050] Config(PART) SquadExpansion/MakingHistory/Parts/Payload/SM18/ServiceModule18
[LOG 18:23:45.050] Config(PART) SquadExpansion/MakingHistory/Parts/Payload/SM25/ServiceModule25
[LOG 18:23:45.050] Config(PART) SquadExpansion/MakingHistory/Parts/Pods/KV1Pod/kv1Pod
[LOG 18:23:45.050] Config(PART) SquadExpansion/MakingHistory/Parts/Pods/KV2Pod/kv2Pod
[LOG 18:23:45.050] Config(PART) SquadExpansion/MakingHistory/Parts/Pods/KV3Pod/kv3Pod
[LOG 18:23:45.050] Config(PART) SquadExpansion/MakingHistory/Parts/Pods/Mk2Pod/Mk2Pod
[LOG 18:23:45.050] Config(PART) SquadExpansion/MakingHistory/Parts/Pods/Size1_5_Lander/MEMLander
[LOG 18:23:45.050] Config(PART) SquadExpansion/MakingHistory/Parts/Prebuilt/kerbalEVAfemaleVintage/kerbalEVAfemaleVintage
[LOG 18:23:45.050] Config(PART) SquadExpansion/MakingHistory/Parts/Prebuilt/kerbalEVAVintage/kerbalEVAVintage
[LOG 18:23:45.050] Config(PART) SquadExpansion/MakingHistory/Parts/Structural/EquiTriangle0/EquiTriangle0
[LOG 18:23:45.050] Config(PART) SquadExpansion/MakingHistory/Parts/Structural/EquiTriangle1/EquiTriangle1
[LOG 18:23:45.050] Config(PART) SquadExpansion/MakingHistory/Parts/Structural/EquiTriangle1p5/EquiTriangle1p5
[LOG 18:23:45.050] Config(PART) SquadExpansion/MakingHistory/Parts/Structural/EquiTriangle2/EquiTriangle2
[LOG 18:23:45.050] Config(PART) SquadExpansion/MakingHistory/Parts/Structural/Panel0/Panel0
[LOG 18:23:45.050] Config(PART) SquadExpansion/MakingHistory/Parts/Structural/Panel1/Panel1
[LOG 18:23:45.050] Config(PART) SquadExpansion/MakingHistory/Parts/Structural/Panel1p5/Panel1p5
[LOG 18:23:45.050] Config(PART) SquadExpansion/MakingHistory/Parts/Structural/Panel2/Panel2
[LOG 18:23:45.050] Config(PART) SquadExpansion/MakingHistory/Parts/Structural/Triangle0/Triangle0
[LOG 18:23:45.050] Config(PART) SquadExpansion/MakingHistory/Parts/Structural/Triangle1/Triangle1
[LOG 18:23:45.050] Config(PART) SquadExpansion/MakingHistory/Parts/Structural/Triangle1p5/Triangle1p5
[LOG 18:23:45.050] Config(PART) SquadExpansion/MakingHistory/Parts/Structural/Triangle2/Triangle2
[LOG 18:23:45.050] Config(PART) SquadExpansion/MakingHistory/Parts/Structural/Tube1/Tube1
[LOG 18:23:45.050] Config(PART) SquadExpansion/MakingHistory/Parts/Structural/Tube1p5/Tube1p5
[LOG 18:23:45.051] Config(PART) SquadExpansion/MakingHistory/Parts/Structural/Tube2/Tube2
[LOG 18:23:45.051] Config(PART) SquadExpansion/MakingHistory/Parts/Structural/Tube3/Tube3
[LOG 18:23:45.051] Config(PART) SquadExpansion/MakingHistory/Parts/Structural/Tube4/Tube4
[LOG 18:23:45.051] Config(PART) SquadExpansion/MakingHistory/Parts/Thermal/HeatShield1p5/HeatShield1p5
[LOG 18:23:45.051] Config(PART) SquadExpansion/MakingHistory/Parts/Utility/flags/flagSize1p5/flagSize1p5/flagPartSize1p5
[LOG 18:23:45.051] Config(PART) SquadExpansion/MakingHistory/Parts/Utility/flags/flagSize4/flagSize4/flagPartSize4
[LOG 18:23:45.051] Config(INTERNAL) SquadExpansion/MakingHistory/Spaces/KVPods/Airlock_Internal/Airlock_IVA
[LOG 18:23:45.051] Config(INTERNAL) SquadExpansion/MakingHistory/Spaces/KVPods/KV1_Internal/KV1_IVA
[LOG 18:23:45.051] Config(INTERNAL) SquadExpansion/MakingHistory/Spaces/KVPods/KV2_Internal/KV2_IVA
[LOG 18:23:45.051] Config(INTERNAL) SquadExpansion/MakingHistory/Spaces/KVPods/KV3_Internal/KV3_IVA
[LOG 18:23:45.051] Config(INTERNAL) SquadExpansion/MakingHistory/Spaces/MEM/MEM_IVA/MEM_IVA
[LOG 18:23:45.051] Config(INTERNAL) SquadExpansion/MakingHistory/Spaces/Mk2Pod/Mk2Pod_Internal/MK2POD_IVA
[LOG 18:23:45.051] Config(Contracts) SquadExpansion/Serenity/Contracts/contracts/Contracts
[LOG 18:23:45.051] Config(EXPERIENCE_TRAIT) SquadExpansion/Serenity/Experience/Traits/Engineer
[LOG 18:23:45.051] Config(EXPERIENCE_TRAIT) SquadExpansion/Serenity/Experience/Traits/Scientist
[LOG 18:23:45.051] Config(Localization) SquadExpansion/Serenity/Localization/dictionary/Localization
[LOG 18:23:45.051] Config(PART) SquadExpansion/Serenity/Parts/Aero/FanShroud_01/FanShroud_01
[LOG 18:23:45.051] Config(PART) SquadExpansion/Serenity/Parts/Aero/FanShroud_02/FanShroud_02
[LOG 18:23:45.051] Config(PART) SquadExpansion/Serenity/Parts/Aero/FanShroud_03/FanShroud_03
[LOG 18:23:45.051] Config(PART) SquadExpansion/Serenity/Parts/Aero/noseconeTiny/noseconeTiny
[LOG 18:23:45.051] Config(PART) SquadExpansion/Serenity/Parts/Aero/noseconeVS/noseconeVS
[LOG 18:23:45.051] Config(PART) SquadExpansion/Serenity/Parts/DeployedScience/centralStation/DeployedCentralStation
[LOG 18:23:45.051] Config(PART) SquadExpansion/Serenity/Parts/DeployedScience/gooObservation/DeployedGoExOb
[LOG 18:23:45.051] Config(PART) SquadExpansion/Serenity/Parts/DeployedScience/ionCollector/DeployedIONExp
[LOG 18:23:45.051] Config(PART) SquadExpansion/Serenity/Parts/DeployedScience/rtg/DeployedRTG
[LOG 18:23:45.051] Config(PART) SquadExpansion/Serenity/Parts/DeployedScience/satDish/DeployedSatDish
[LOG 18:23:45.052] Config(PART) SquadExpansion/Serenity/Parts/DeployedScience/seismicSensor/DeployedSeismicSensor
[LOG 18:23:45.052] Config(PART) SquadExpansion/Serenity/Parts/DeployedScience/solarPanel/DeployedSolarPanel
[LOG 18:23:45.052] Config(PART) SquadExpansion/Serenity/Parts/DeployedScience/weatherStation/DeployedWeatherStn
[LOG 18:23:45.052] Config(PART) SquadExpansion/Serenity/Parts/Prebuilt/kerbalEVA/kerbalEVA
[LOG 18:23:45.052] Config(PART) SquadExpansion/Serenity/Parts/Prebuilt/kerbalEVAfemale/kerbalEVAfemale
[LOG 18:23:45.052] Config(PART) SquadExpansion/Serenity/Parts/Prebuilt/kerbalEVAfemaleFuture/kerbalEVAfemaleFuture
[LOG 18:23:45.052] Config(PART) SquadExpansion/Serenity/Parts/Prebuilt/kerbalEVAfemaleVintage/kerbalEVAfemaleVintage
[LOG 18:23:45.052] Config(PART) SquadExpansion/Serenity/Parts/Prebuilt/kerbalEVAFuture/kerbalEVAFuture
[LOG 18:23:45.052] Config(PART) SquadExpansion/Serenity/Parts/Prebuilt/kerbalEVASlimSuit/kerbalEVASlimSuit
[LOG 18:23:45.052] Config(PART) SquadExpansion/Serenity/Parts/Prebuilt/kerbalEVASlimSuitFemale/kerbalEVASlimSuitFemale
[LOG 18:23:45.052] Config(PART) SquadExpansion/Serenity/Parts/Prebuilt/kerbalEVAVintage/kerbalEVAVintage
[LOG 18:23:45.052] Config(PART) SquadExpansion/Serenity/Parts/Propellers/largeFanBlade/largeFanBlade
[LOG 18:23:45.052] Config(PART) SquadExpansion/Serenity/Parts/Propellers/largeHeliBlade/largeHeliBlade
[LOG 18:23:45.052] Config(PART) SquadExpansion/Serenity/Parts/Propellers/largePropeller/largePropeller
[LOG 18:23:45.052] Config(PART) SquadExpansion/Serenity/Parts/Propellers/mediumFanBlade/mediumFanBlade
[LOG 18:23:45.052] Config(PART) SquadExpansion/Serenity/Parts/Propellers/mediumHeliBlade/mediumHeliBlade
[LOG 18:23:45.052] Config(PART) SquadExpansion/Serenity/Parts/Propellers/mediumPropeller/mediumPropeller
[LOG 18:23:45.052] Config(PART) SquadExpansion/Serenity/Parts/Propellers/smallFanBlade/smallFanBlade
[LOG 18:23:45.052] Config(PART) SquadExpansion/Serenity/Parts/Propellers/smallHeliBlade/smallHeliBlade
[LOG 18:23:45.052] Config(PART) SquadExpansion/Serenity/Parts/Propellers/smallPropeller/smallPropeller
[LOG 18:23:45.052] Config(PART) SquadExpansion/Serenity/Parts/Robotics/hinge_01/hinge_01
[LOG 18:23:45.052] Config(PART) SquadExpansion/Serenity/Parts/Robotics/hinge_01_s/hinge_01_s
[LOG 18:23:45.052] Config(PART) SquadExpansion/Serenity/Parts/Robotics/hinge_03/hinge_03
[LOG 18:23:45.052] Config(PART) SquadExpansion/Serenity/Parts/Robotics/hinge_03_s/hinge_03_s
[LOG 18:23:45.052] Config(PART) SquadExpansion/Serenity/Parts/Robotics/hinge_04/hinge_04
[LOG 18:23:45.052] Config(PART) SquadExpansion/Serenity/Parts/Robotics/piston_01/piston_01
[LOG 18:23:45.052] Config(PART) SquadExpansion/Serenity/Parts/Robotics/piston_02/piston_02
[LOG 18:23:45.053] Config(PART) SquadExpansion/Serenity/Parts/Robotics/piston_03/piston_03
[LOG 18:23:45.053] Config(PART) SquadExpansion/Serenity/Parts/Robotics/piston_04/piston_04
[LOG 18:23:45.053] Config(PART) SquadExpansion/Serenity/Parts/Robotics/RotorEngine_02/RotorEngine_02
[LOG 18:23:45.053] Config(PART) SquadExpansion/Serenity/Parts/Robotics/RotorEngine_03/RotorEngine_03
[LOG 18:23:45.053] Config(PART) SquadExpansion/Serenity/Parts/Robotics/rotor_01/rotor_01
[LOG 18:23:45.053] Config(PART) SquadExpansion/Serenity/Parts/Robotics/rotor_01s/rotor_01s
[LOG 18:23:45.053] Config(PART) SquadExpansion/Serenity/Parts/Robotics/rotor_02/rotor_02
[LOG 18:23:45.053] Config(PART) SquadExpansion/Serenity/Parts/Robotics/rotor_02s/rotor_02s
[LOG 18:23:45.053] Config(PART) SquadExpansion/Serenity/Parts/Robotics/rotor_03/rotor_03
[LOG 18:23:45.053] Config(PART) SquadExpansion/Serenity/Parts/Robotics/rotor_03s/rotor_03s
[LOG 18:23:45.053] Config(PART) SquadExpansion/Serenity/Parts/Robotics/rotoServo_00/rotoServo_00
[LOG 18:23:45.053] Config(PART) SquadExpansion/Serenity/Parts/Robotics/rotoServo_02/rotoServo_02
[LOG 18:23:45.053] Config(PART) SquadExpansion/Serenity/Parts/Robotics/rotoServo_03/rotoServo_03
[LOG 18:23:45.053] Config(PART) SquadExpansion/Serenity/Parts/Robotics/rotoServo_04/rotoServo_04
[LOG 18:23:45.053] Config(PART) SquadExpansion/Serenity/Parts/Robotics/Controllers/KAL1000/controller1000
[LOG 18:23:45.053] Config(PART) SquadExpansion/Serenity/Parts/Science/RobotArmScanner/RobotArmScanner_S1/RobotArmScanner_S1
[LOG 18:23:45.053] Config(PART) SquadExpansion/Serenity/Parts/Science/RobotArmScanner/RobotArmScanner_S2/RobotArmScanner_S2
[LOG 18:23:45.053] Config(PART) SquadExpansion/Serenity/Parts/Science/RobotArmScanner/RobotArmScanner_S3/RobotArmScanner_S3
[LOG 18:23:45.053] Config(PART) SquadExpansion/Serenity/Parts/Structural/gripPads/lGripPad/lGripPad
[LOG 18:23:45.053] Config(PART) SquadExpansion/Serenity/Parts/Structural/gripPads/lGripStrip/lGripStrip
[LOG 18:23:45.053] Config(PART) SquadExpansion/Serenity/Parts/Structural/gripPads/mGripPad/mGripPad
[LOG 18:23:45.053] Config(PART) SquadExpansion/Serenity/Parts/Structural/gripPads/sGripPad/sGripPad
[LOG 18:23:45.053] Config(PART) SquadExpansion/Serenity/Parts/Structural/gripPads/sGripStrip/sGripStrip
[LOG 18:23:45.053] Config(DEPLOYEDSCIENCE) SquadExpansion/Serenity/Resources/DeployedScience/DEPLOYEDSCIENCE
[LOG 18:23:45.054] Config(PHYSICMATERIAL_DEFINITION) SquadExpansion/Serenity/Resources/PhysicsMaterials/MediumGrip
[LOG 18:23:45.054] Config(PHYSICMATERIAL_DEFINITION) SquadExpansion/Serenity/Resources/PhysicsMaterials/HighGrip
[LOG 18:23:45.054] Config(PHYSICMATERIAL_DEFINITION) SquadExpansion/Serenity/Resources/PhysicsMaterials/ExtremeGrip
[LOG 18:23:45.054] Config(PHYSICMATERIAL_DEFINITION) SquadExpansion/Serenity/Resources/PhysicsMaterials/LowGrip
[LOG 18:23:45.054] Config(PHYSICMATERIAL_DEFINITION) SquadExpansion/Serenity/Resources/PhysicsMaterials/Default
[LOG 18:23:45.054] Config(ROC_DEFINITION) SquadExpansion/Serenity/Resources/rocsdef/ROC_DEFINITION
[LOG 18:23:45.054] Config(ROC_DEFINITION) SquadExpansion/Serenity/Resources/rocsdef/ROC_DEFINITION
[LOG 18:23:45.054] Config(ROC_DEFINITION) SquadExpansion/Serenity/Resources/rocsdef/ROC_DEFINITION
[LOG 18:23:45.054] Config(ROC_DEFINITION) SquadExpansion/Serenity/Resources/rocsdef/ROC_DEFINITION
[LOG 18:23:45.054] Config(ROC_DEFINITION) SquadExpansion/Serenity/Resources/rocsdef/ROC_DEFINITION
[LOG 18:23:45.054] Config(ROC_DEFINITION) SquadExpansion/Serenity/Resources/rocsdef/ROC_DEFINITION
[LOG 18:23:45.054] Config(ROC_DEFINITION) SquadExpansion/Serenity/Resources/rocsdef/ROC_DEFINITION
[LOG 18:23:45.054] Config(ROC_DEFINITION) SquadExpansion/Serenity/Resources/rocsdef/ROC_DEFINITION
[LOG 18:23:45.054] Config(ROC_DEFINITION) SquadExpansion/Serenity/Resources/rocsdef/ROC_DEFINITION
[LOG 18:23:45.054] Config(ROC_DEFINITION) SquadExpansion/Serenity/Resources/rocsdef/ROC_DEFINITION
[LOG 18:23:45.054] Config(ROC_DEFINITION) SquadExpansion/Serenity/Resources/rocsdef/ROC_DEFINITION
[LOG 18:23:45.054] Config(ROC_DEFINITION) SquadExpansion/Serenity/Resources/rocsdef/ROC_DEFINITION
[LOG 18:23:45.054] Config(ROC_DEFINITION) SquadExpansion/Serenity/Resources/rocsdef/ROC_DEFINITION
[LOG 18:23:45.054] Config(ROC_DEFINITION) SquadExpansion/Serenity/Resources/rocsdef/ROC_DEFINITION
[LOG 18:23:45.054] Config(ROC_DEFINITION) SquadExpansion/Serenity/Resources/rocsdef/ROC_DEFINITION
[LOG 18:23:45.054] Config(ROC_DEFINITION) SquadExpansion/Serenity/Resources/rocsdef/ROC_DEFINITION
[LOG 18:23:45.054] Config(ROC_DEFINITION) SquadExpansion/Serenity/Resources/rocsdef/ROC_DEFINITION
[LOG 18:23:45.054] Config(ROC_DEFINITION) SquadExpansion/Serenity/Resources/rocsdef/ROC_DEFINITION
[LOG 18:23:45.054] Config(ROC_DEFINITION) SquadExpansion/Serenity/Resources/rocsdef/ROC_DEFINITION
[LOG 18:23:45.054] Config(ROC_DEFINITION) SquadExpansion/Serenity/Resources/rocsdef/ROC_DEFINITION
[LOG 18:23:45.054] Config(ROC_DEFINITION) SquadExpansion/Serenity/Resources/rocsdef/ROC_DEFINITION
[LOG 18:23:45.054] Config(ROC_DEFINITION) SquadExpansion/Serenity/Resources/rocsdef/ROC_DEFINITION
[LOG 18:23:45.054] Config(ROC_DEFINITION) SquadExpansion/Serenity/Resources/rocsdef/ROC_DEFINITION
[LOG 18:23:45.055] Config(ROC_DEFINITION) SquadExpansion/Serenity/Resources/rocsdef/ROC_DEFINITION
[LOG 18:23:45.055] Config(ROC_DEFINITION) SquadExpansion/Serenity/Resources/rocsdef/ROC_DEFINITION
[LOG 18:23:45.055] Config(ROC_DEFINITION) SquadExpansion/Serenity/Resources/rocsdef/ROC_DEFINITION
[LOG 18:23:45.055] Config(ROC_DEFINITION) SquadExpansion/Serenity/Resources/rocsdef/ROC_DEFINITION
[LOG 18:23:45.055] Config(ROC_DEFINITION) SquadExpansion/Serenity/Resources/rocsdef/ROC_DEFINITION
[LOG 18:23:45.055] Config(ROC_DEFINITION) SquadExpansion/Serenity/Resources/rocsdef/ROC_DEFINITION
[LOG 18:23:45.055] Config(ROC_DEFINITION) SquadExpansion/Serenity/Resources/rocsdef/ROC_DEFINITION
[LOG 18:23:45.055] Config(ROC_DEFINITION) SquadExpansion/Serenity/Resources/rocsdef/ROC_DEFINITION
[LOG 18:23:45.055] Config(ROC_DEFINITION) SquadExpansion/Serenity/Resources/rocsdef/ROC_DEFINITION
[LOG 18:23:45.055] Config(ROC_DEFINITION) SquadExpansion/Serenity/Resources/rocsdef/ROC_DEFINITION
[LOG 18:23:45.055] Config(ROC_DEFINITION) SquadExpansion/Serenity/Resources/rocsdef/ROC_DEFINITION
[LOG 18:23:45.055] Config(EXPERIMENT_DEFINITION) SquadExpansion/Serenity/Resources/ScienceDefs/EXPERIMENT_DEFINITION
[LOG 18:23:45.055] Config(EXPERIMENT_DEFINITION) SquadExpansion/Serenity/Resources/ScienceDefs/EXPERIMENT_DEFINITION
[LOG 18:23:45.055] Config(EXPERIMENT_DEFINITION) SquadExpansion/Serenity/Resources/ScienceDefs/EXPERIMENT_DEFINITION
[LOG 18:23:45.055] Config(EXPERIMENT_DEFINITION) SquadExpansion/Serenity/Resources/ScienceDefs/EXPERIMENT_DEFINITION
[LOG 18:23:45.055] Config(EXPERIMENT_DEFINITION) SquadExpansion/Serenity/Resources/ScienceDefs/EXPERIMENT_DEFINITION
[LOG 18:23:45.055] Config(EXPERIMENT_DEFINITION) SquadExpansion/Serenity/Resources/ScienceDefs/EXPERIMENT_DEFINITION
[LOG 18:23:45.055] Config(EXPERIMENT_DEFINITION) SquadExpansion/Serenity/Resources/ScienceDefs/EXPERIMENT_DEFINITION
[LOG 18:23:45.055] Config(EXPERIMENT_DEFINITION) SquadExpansion/Serenity/Resources/ScienceDefs/EXPERIMENT_DEFINITION
[LOG 18:23:45.055] Config(EXPERIMENT_DEFINITION) SquadExpansion/Serenity/Resources/ScienceDefs/EXPERIMENT_DEFINITION
[LOG 18:23:45.055] Config(EXPERIMENT_DEFINITION) SquadExpansion/Serenity/Resources/ScienceDefs/EXPERIMENT_DEFINITION
[LOG 18:23:45.055] Config(EXPERIMENT_DEFINITION) SquadExpansion/Serenity/Resources/ScienceDefs/EXPERIMENT_DEFINITION
[LOG 18:23:45.055] Config(EXPERIMENT_DEFINITION) SquadExpansion/Serenity/Resources/ScienceDefs/EXPERIMENT_DEFINITION
[LOG 18:23:45.055] Config(EXPERIMENT_DEFINITION) SquadExpansion/Serenity/Resources/ScienceDefs/EXPERIMENT_DEFINITION
[LOG 18:23:45.055] Config(EXPERIMENT_DEFINITION) SquadExpansion/Serenity/Resources/ScienceDefs/EXPERIMENT_DEFINITION
[LOG 18:23:45.055] Config(EXPERIMENT_DEFINITION) SquadExpansion/Serenity/Resources/ScienceDefs/EXPERIMENT_DEFINITION
[LOG 18:23:45.055] Config(EXPERIMENT_DEFINITION) SquadExpansion/Serenity/Resources/ScienceDefs/EXPERIMENT_DEFINITION
[LOG 18:23:45.055] Config(EXPERIMENT_DEFINITION) SquadExpansion/Serenity/Resources/ScienceDefs/EXPERIMENT_DEFINITION
[LOG 18:23:45.056] Config(EXPERIMENT_DEFINITION) SquadExpansion/Serenity/Resources/ScienceDefs/EXPERIMENT_DEFINITION
[LOG 18:23:45.056] Config(EXPERIMENT_DEFINITION) SquadExpansion/Serenity/Resources/ScienceDefs/EXPERIMENT_DEFINITION
[LOG 18:23:45.056] Config(EXPERIMENT_DEFINITION) SquadExpansion/Serenity/Resources/ScienceDefs/EXPERIMENT_DEFINITION
[LOG 18:23:45.056] Config(EXPERIMENT_DEFINITION) SquadExpansion/Serenity/Resources/ScienceDefs/EXPERIMENT_DEFINITION
[LOG 18:23:45.056] Config(EXPERIMENT_DEFINITION) SquadExpansion/Serenity/Resources/ScienceDefs/EXPERIMENT_DEFINITION
[LOG 18:23:45.056] Config(EXPERIMENT_DEFINITION) SquadExpansion/Serenity/Resources/ScienceDefs/EXPERIMENT_DEFINITION
[LOG 18:23:45.056] Config(EXPERIMENT_DEFINITION) SquadExpansion/Serenity/Resources/ScienceDefs/EXPERIMENT_DEFINITION
[LOG 18:23:45.056] Config(EXPERIMENT_DEFINITION) SquadExpansion/Serenity/Resources/ScienceDefs/EXPERIMENT_DEFINITION
[LOG 18:23:45.056] Config(EXPERIMENT_DEFINITION) SquadExpansion/Serenity/Resources/ScienceDefs/EXPERIMENT_DEFINITION
[LOG 18:23:45.056] Config(EXPERIMENT_DEFINITION) SquadExpansion/Serenity/Resources/ScienceDefs/EXPERIMENT_DEFINITION
[LOG 18:23:45.056] Config(EXPERIMENT_DEFINITION) SquadExpansion/Serenity/Resources/ScienceDefs/EXPERIMENT_DEFINITION
[LOG 18:23:45.056] Config(EXPERIMENT_DEFINITION) SquadExpansion/Serenity/Resources/ScienceDefs/EXPERIMENT_DEFINITION
[LOG 18:23:45.056] Config(EXPERIMENT_DEFINITION) SquadExpansion/Serenity/Resources/ScienceDefs/EXPERIMENT_DEFINITION
[LOG 18:23:45.056] Config(EXPERIMENT_DEFINITION) SquadExpansion/Serenity/Resources/ScienceDefs/EXPERIMENT_DEFINITION
[LOG 18:23:45.056] Config(EXPERIMENT_DEFINITION) SquadExpansion/Serenity/Resources/ScienceDefs/EXPERIMENT_DEFINITION
[LOG 18:23:45.056] Config(EXPERIMENT_DEFINITION) SquadExpansion/Serenity/Resources/ScienceDefs/EXPERIMENT_DEFINITION
[LOG 18:23:45.056] Config(EXPERIMENT_DEFINITION) SquadExpansion/Serenity/Resources/ScienceDefs/EXPERIMENT_DEFINITION
[LOG 18:23:45.056] Config(EXPERIMENT_DEFINITION) SquadExpansion/Serenity/Resources/ScienceDefs/EXPERIMENT_DEFINITION
[LOG 18:23:45.056] Config(EXPERIMENT_DEFINITION) SquadExpansion/Serenity/Resources/ScienceDefs/EXPERIMENT_DEFINITION
[LOG 18:23:45.056] Config(EXPERIMENT_DEFINITION) SquadExpansion/Serenity/Resources/ScienceDefs/EXPERIMENT_DEFINITION
[LOG 18:23:45.056] Config(EXPERIMENT_DEFINITION) SquadExpansion/Serenity/Resources/ScienceDefs/EXPERIMENT_DEFINITION
[LOG 18:23:45.056] Config(STORY_DEF) SquadExpansion/Serenity/Resources/StoryDefs/STORY_DEF
[LOG 18:23:45.056] Compiling Configs Completed.
[LOG 18:23:45.059] Resource LiquidFuel added to database
[LOG 18:23:45.059] Resource Oxidizer added to database
[LOG 18:23:45.059] Resource SolidFuel added to database
[LOG 18:23:45.059] Resource MonoPropellant added to database
[LOG 18:23:45.059] Resource XenonGas added to database
[LOG 18:23:45.059] Resource ElectricCharge added to database
[LOG 18:23:45.059] Resource IntakeAir added to database
[LOG 18:23:45.059] Resource EVA Propellant added to database
[LOG 18:23:45.060] Resource Ore added to database
[LOG 18:23:45.060] Resource Ablator added to database
[LOG 18:23:45.061] Resource MediumGrip added to database
[LOG 18:23:45.061] Resource HighGrip added to database
[LOG 18:23:45.061] Resource ExtremeGrip added to database
[LOG 18:23:45.061] Resource LowGrip added to database
[LOG 18:23:45.061] Resource Default added to database
[LOG 18:23:45.061] CodeAssetLoader: Compiling all code assets
[LOG 18:23:45.066] ExperienceSystemConfig: Added Effect 'DeployedSciencePowerSkill' to Trait 'Ingénieur'
[LOG 18:23:45.066] ExperienceSystemConfig: Added Effect 'DeployedScienceExpSkill' to Trait 'Scientifique'
[LOG 18:23:45.071] ConfigNode[]
[LOG 18:23:45.071] GameDatabase: Assets loaded in 7.895s
[LOG 18:23:45.073] [ModuleManager] Waited 0.000s for patching to finish
[LOG 18:23:45.073] [ModuleManager] Applying patched game database
[LOG 18:23:45.075] [ModuleManager] Dumping ModuleManager log to main log
[LOG 18:23:45.076] [ModuleManager] 
#### BEGIN MODULEMANAGER LOG ####


[LOG 18:23:38.623] Log started at 2026-10-04 18:23:38.623
[LOG 18:23:41.055] Checking Cache
[LOG 18:23:41.406] SHA generated in 0.347s
[LOG 18:23:41.406]       SHA = B9-94-53-39-E9-C4-2D-46-09-EF-D0-53-11-A5-5A-44-18-22-42-EF-A9-FC-EE-51-B5-AD-D6-91-11-97-88-AA
[LOG 18:23:41.428] Cache SHA = CE-CD-F5-69-43-FB-B1-E3-AB-1C-70-2A-BD-62-0F-18-20-EF-5D-95-BA-55-AB-F4-C3-04-50-69-1D-01-CD-78
[LOG 18:23:41.428] useCache = False
[LOG 18:23:41.429] Pre patch init
[LOG 18:23:41.684] compiling list of loaded mods...
Mod DLLs found:
  Name                                    Assembly Version         Assembly File Version    KSPAssembly Version      SHA256

  Assembly-CSharp                         0.0.0.0                  0.0.0.0                  1.12                     d9e42483f25ee80a9c11d6c1c0a0d29b4ec78c1e08d76c971b71580c9cce51e4
  ModuleManager                           4.2.3.0                  4.2.3.0                  2.5                      95847827ab293b9e82a19b7efb97ffea3e98cc03b181862536ac8eb572e30d7d
  0Harmony                                2.2.1.0                  2.2.1.0                                           19ce60ac3280f72ec1751d36a40cb7e2fece2934df8345969dc7feb83bd633e4
  HarmonyInstallChecker                   2.2.1.0                  2.2.1.0                  1.0                      f11e659e91a52c21c5bda78e52b82a7bdc246bcab6a999733af3c69a11a9dc0e
  KsmUI                                   1.0.0.0                  1.0.0.0                                           8d8b8bac9e1af91522e40f868dc8cd1a6f6aaee29eccde4bd62eea1b98c390c6
  0_MultipleModuleInPartAPI               1.0.0.0                  1.0.0.0                  1.0                      df4a22fb0535de7fa154ca234b50dd7c2fc6be879e4a877d9bad1f87bafafcbf
  KSPCommunityFixes                       1.41.0.0                 1.41.1.0                 1.41                     e08ebbec7ab34f4f7ff56d6e900051bb0d259a4bc092881d7db3ca2f9f2e9a11
  KSPMCPServer                            0.0.0.0                  0.0.0.0                                           c5f47e92b4495ba5922c4e16ad4d9421306a6b0b2e263a91abe194af548dc20d
  KSPProfiler                             1.0.0.0                  1.0.0.0                                           2d65e2b21a3106be10753416d6d39aaf11240f8724fdc2c208dc6b7be8f0e39e
Non-DLL mods added (:FOR[xxx]):
Mods by directory (sub directories of GameData):
  000_Harmony
  Squad
  SquadExpansion
Mods added by assemblies:

[LOG 18:23:41.686] Loading Physics.cfg
[LOG 18:23:41.695] Extracting patches
[LOG 18:23:41.707] Deleting root node in file KSPCommunityFixes/MMPatches/ModSupport/FixDockingNodes node: @PART[*]:HAS[@MODULE[ModuleDockingNodeFixed]]:NEEDS[FixDockingNodes]:FINAL as it can't satisfy its NEEDS
[LOG 18:23:41.709] Deleting root node in file KSPCommunityFixes/MMPatches/ModSupport/KSPRecall node: @KSP_COMMUNITY_FIXES:NEEDS[AttachedOnEditor] as it can't satisfy its NEEDS
[LOG 18:23:41.709] Deleting root node in file KSPCommunityFixes/MMPatches/ModSupport/UniversalStorage node: @KSP_COMMUNITY_FIXES:NEEDS[UniversalStorage2] as it can't satisfy its NEEDS
[LOG 18:23:41.844] Applying patches
[LOG 18:23:41.846] :INSERT (initial) pass
[LOG 18:23:41.929] :FIRST pass
[LOG 18:23:41.932] Applying update KSPCommunityFixes/MMPatches/StockTweaks/LadderToggleableLight/@PART[telescopicLadderBay]:FIRST to Squad/Parts/Utility/ladderTelescopicBay/ladderTelescopicBay.cfg/PART[telescopicLadderBay]
[LOG 18:23:41.939] Applying update KSPCommunityFixes/MMPatches/StockTweaks/LadderToggleableLight/@PART[telescopicLadderBay]:HAS[#LadderToggleableLight[?rue]]:FIRST to Squad/Parts/Utility/ladderTelescopicBay/ladderTelescopicBay.cfg/PART[telescopicLadderBay]
[LOG 18:23:41.940] Applying update KSPCommunityFixes/MMPatches/StockTweaks/LadderToggleableLight/@PART[telescopicLadderBay]:HAS[#LadderToggleableLight]:FIRST to Squad/Parts/Utility/ladderTelescopicBay/ladderTelescopicBay.cfg/PART[telescopicLadderBay]
[LOG 18:23:41.941] Applying update KSPCommunityFixes/MMPatches/StockTweaks/LandingGearLights/@PART[GearSmall]:FIRST to Squad/Parts/Wheel/LandingGear/GearMedium.cfg/PART[GearSmall]
[LOG 18:23:41.942] Applying update KSPCommunityFixes/MMPatches/StockTweaks/LandingGearLights/@PART[SmallGearBay]:FIRST to Squad/Parts/Wheel/LandingGear/GearSmall.cfg/PART[SmallGearBay]
[LOG 18:23:41.943] :LEGACY (default) pass
[LOG 18:23:41.944] :BEFORE[0_MULTIPLEMODULEINPARTAPI] pass
[LOG 18:23:41.944] :FOR[0_MULTIPLEMODULEINPARTAPI] pass
[LOG 18:23:41.944] :AFTER[0_MULTIPLEMODULEINPARTAPI] pass
[LOG 18:23:41.944] :BEFORE[000_HARMONY] pass
[LOG 18:23:41.944] :FOR[000_HARMONY] pass
[LOG 18:23:41.944] :AFTER[000_HARMONY] pass
[LOG 18:23:41.944] :BEFORE[0HARMONY] pass
[LOG 18:23:41.944] :FOR[0HARMONY] pass
[LOG 18:23:41.944] :AFTER[0HARMONY] pass
[LOG 18:23:41.944] :BEFORE[ASSEMBLY-CSHARP] pass
[LOG 18:23:41.944] :FOR[ASSEMBLY-CSHARP] pass
[LOG 18:23:41.944] :AFTER[ASSEMBLY-CSHARP] pass
[LOG 18:23:41.944] :BEFORE[HARMONYINSTALLCHECKER] pass
[LOG 18:23:41.944] :FOR[HARMONYINSTALLCHECKER] pass
[LOG 18:23:41.944] :AFTER[HARMONYINSTALLCHECKER] pass
[LOG 18:23:41.944] :BEFORE[KSMUI] pass
[LOG 18:23:41.944] :FOR[KSMUI] pass
[LOG 18:23:41.944] :AFTER[KSMUI] pass
[LOG 18:23:41.944] :BEFORE[KSPCOMMUNITYFIXES] pass
[LOG 18:23:41.944] :FOR[KSPCOMMUNITYFIXES] pass
[LOG 18:23:41.945] Applying update KSPCommunityFixes/MMPatches/StockTweaks/ManufacturerFixes/@PART[sasModule]:FOR[KSPCommunityFixes] to Squad/Parts/Command/inlineReactionWheel/inlineReactionWheel.cfg/PART[sasModule]
[LOG 18:23:41.945] Applying update KSPCommunityFixes/MMPatches/StockTweaks/ManufacturerFixes/@PART[xenonTankRadial]:FOR[KSPCommunityFixes] to Squad/Parts/FuelTank/xenonTankRadial/xenonTankRadial.cfg/PART[xenonTankRadial]
[LOG 18:23:41.945] Applying update KSPCommunityFixes/MMPatches/StockTweaks/ManufacturerFixes/@PART[winglet|fireworksLauncherSmall|fireworksLauncherBig]:FOR[KSPCommunityFixes] to Squad/Parts/Aero/wingletAV-T1/wingletAV-T1.cfg/PART[winglet]
[LOG 18:23:41.946] Applying update KSPCommunityFixes/MMPatches/StockTweaks/ManufacturerFixes/@PART[winglet|fireworksLauncherSmall|fireworksLauncherBig]:FOR[KSPCommunityFixes] to Squad/Parts/Utility/Fireworks/fireworksLauncherBig.cfg/PART[fireworksLauncherBig]
[LOG 18:23:41.946] Applying update KSPCommunityFixes/MMPatches/StockTweaks/ManufacturerFixes/@PART[winglet|fireworksLauncherSmall|fireworksLauncherBig]:FOR[KSPCommunityFixes] to Squad/Parts/Utility/Fireworks/fireworksLauncherSmall.cfg/PART[fireworksLauncherSmall]
[LOG 18:23:41.947] Applying update KSPCommunityFixes/MMPatches/StockTweaks/ManufacturerFixes/@PART[solidBooster_sm_v2|solidBooster_v2]:FOR[KSPCommunityFixes] to Squad/Parts/Engine/Size1_SRBs/solidBoosterRT-10_v2.cfg/PART[solidBooster_v2]
[LOG 18:23:41.947] Applying update KSPCommunityFixes/MMPatches/StockTweaks/ManufacturerFixes/@PART[solidBooster_sm_v2|solidBooster_v2]:FOR[KSPCommunityFixes] to Squad/Parts/Engine/Size1_SRBs/solidBoosterRT-5_v2.cfg/PART[solidBooster_sm_v2]
[LOG 18:23:41.948] Applying update KSPCommunityFixes/MMPatches/StockTweaks/ManufacturerFixes/@PART[ServiceBay_125_v2|ServiceBay_250_v2]:FOR[KSPCommunityFixes] to Squad/Parts/Utility/ServiceBay_v2/ServiceBay_125_v2.cfg/PART[ServiceBay_125_v2]
[LOG 18:23:41.948] Applying update KSPCommunityFixes/MMPatches/StockTweaks/ManufacturerFixes/@PART[ServiceBay_125_v2|ServiceBay_250_v2]:FOR[KSPCommunityFixes] to Squad/Parts/Utility/ServiceBay_v2/ServiceBay_250_v2.cfg/PART[ServiceBay_250_v2]
[LOG 18:23:41.948] Applying update KSPCommunityFixes/MMPatches/StockTweaks/ManufacturerFixes/@PART[externalTankCapsule]:FOR[KSPCommunityFixes] to Squad/Parts/FuelTank/FoilTanks/RadialTank_Capsule.cfg/PART[externalTankCapsule]
[LOG 18:23:41.949] Applying update KSPCommunityFixes/MMPatches/StockTweaks/ManufacturerFixes/@PART[RCSFuelTank|rcsTankMini|RCSTank1-2]:FOR[KSPCommunityFixes] to Squad/Parts/FuelTank/RCSFuelTankR1/RCSFuelTankR1.cfg/PART[RCSTank1-2]
[LOG 18:23:41.949] Applying update KSPCommunityFixes/MMPatches/StockTweaks/ManufacturerFixes/@PART[RCSFuelTank|rcsTankMini|RCSTank1-2]:FOR[KSPCommunityFixes] to Squad/Parts/FuelTank/RCSFuelTankR10/RCSFuelTankR10.cfg/PART[rcsTankMini]
[LOG 18:23:41.949] Applying update KSPCommunityFixes/MMPatches/StockTweaks/ManufacturerFixes/@PART[RCSFuelTank|rcsTankMini|RCSTank1-2]:FOR[KSPCommunityFixes] to Squad/Parts/FuelTank/RCSFuelTankR25/RCSFuelTankR25.cfg/PART[RCSFuelTank]
[LOG 18:23:41.950] Applying update KSPCommunityFixes/MMPatches/StockTweaks/ManufacturerFixes/@PART[landerCabinSmall]:FOR[KSPCommunityFixes] to Squad/Parts/Command/mk1LanderCan/mk1LanderCan.cfg/PART[landerCabinSmall]
[LOG 18:23:41.950] Applying update KSPCommunityFixes/MMPatches/StockTweaks/ManufacturerFixes/@PART[dockingPortLateral]:FOR[KSPCommunityFixes] to Squad/Parts/Utility/dockingPortInline/dockingPortInline.cfg/PART[dockingPortLateral]
[LOG 18:23:41.951] Applying update KSPCommunityFixes/MMPatches/StockTweaks/ManufacturerFixes/@PART[EnginePlate4]:FOR[KSPCommunityFixes]:NEEDS[SquadExpansion/MakingHistory] to SquadExpansion/MakingHistory/Parts/Coupling/EnginePlate_4.cfg/PART[EnginePlate4]
[LOG 18:23:41.951] Applying update KSPCommunityFixes/MMPatches/StockTweaks/ManufacturerFixes/@PART[Mk2Pod]:FOR[KSPCommunityFixes]:NEEDS[SquadExpansion/MakingHistory] to SquadExpansion/MakingHistory/Parts/Pods/Mk2Pod.cfg/PART[Mk2Pod]
[LOG 18:23:41.952] Applying update KSPCommunityFixes/MMPatches/StockTweaks/ManufacturerFixes/@PART[evaChute|parachuteSingle|parachuteRadial|radialDrogue|parachuteLarge|parachuteDrogue]:FOR[KSPCommunityFixes] to Squad/Parts/Cargo/Parachute/Parachute.cfg/PART[evaChute]
[LOG 18:23:41.952] Applying update KSPCommunityFixes/MMPatches/StockTweaks/ManufacturerFixes/@PART[evaChute|parachuteSingle|parachuteRadial|radialDrogue|parachuteLarge|parachuteDrogue]:FOR[KSPCommunityFixes] to Squad/Parts/Utility/parachuteMk1/parachuteMk1.cfg/PART[parachuteSingle]
[LOG 18:23:41.952] Applying update KSPCommunityFixes/MMPatches/StockTweaks/ManufacturerFixes/@PART[evaChute|parachuteSingle|parachuteRadial|radialDrogue|parachuteLarge|parachuteDrogue]:FOR[KSPCommunityFixes] to Squad/Parts/Utility/parachuteMk12-R/parachuteMk12-R.cfg/PART[radialDrogue]
[LOG 18:23:41.953] Applying update KSPCommunityFixes/MMPatches/StockTweaks/ManufacturerFixes/@PART[evaChute|parachuteSingle|parachuteRadial|radialDrogue|parachuteLarge|parachuteDrogue]:FOR[KSPCommunityFixes] to Squad/Parts/Utility/parachuteMk16-XL/parachuteMk16-XL.cfg/PART[parachuteLarge]
[LOG 18:23:41.953] Applying update KSPCommunityFixes/MMPatches/StockTweaks/ManufacturerFixes/@PART[evaChute|parachuteSingle|parachuteRadial|radialDrogue|parachuteLarge|parachuteDrogue]:FOR[KSPCommunityFixes] to Squad/Parts/Utility/parachuteMk2-R/parachuteMk2-R.cfg/PART[parachuteRadial]
[LOG 18:23:41.953] Applying update KSPCommunityFixes/MMPatches/StockTweaks/ManufacturerFixes/@PART[evaChute|parachuteSingle|parachuteRadial|radialDrogue|parachuteLarge|parachuteDrogue]:FOR[KSPCommunityFixes] to Squad/Parts/Utility/parachuteMk25/parachuteMk25.cfg/PART[parachuteDrogue]
[LOG 18:23:41.955] Applying update KSPCommunityFixes/MMPatches/StockTweaks/ManufacturerFixes/@PART[stackPoint1|dockingPort1|dockingPort2|dockingPort3|dockingPortLarge]:FOR[KSPCommunityFixes] to Squad/Parts/Utility/dockingPort/dockingPort.cfg/PART[dockingPort2]
[LOG 18:23:41.955] Applying update KSPCommunityFixes/MMPatches/StockTweaks/ManufacturerFixes/@PART[stackPoint1|dockingPort1|dockingPort2|dockingPort3|dockingPortLarge]:FOR[KSPCommunityFixes] to Squad/Parts/Utility/dockingPortJr/dockingPortJr.cfg/PART[dockingPort3]
[LOG 18:23:41.955] Applying update KSPCommunityFixes/MMPatches/StockTweaks/ManufacturerFixes/@PART[stackPoint1|dockingPort1|dockingPort2|dockingPort3|dockingPortLarge]:FOR[KSPCommunityFixes] to Squad/Parts/Utility/dockingPortShielded/dockingPortShielded.cfg/PART[dockingPort1]
[LOG 18:23:41.955] Applying update KSPCommunityFixes/MMPatches/StockTweaks/ManufacturerFixes/@PART[stackPoint1|dockingPort1|dockingPort2|dockingPort3|dockingPortLarge]:FOR[KSPCommunityFixes] to Squad/Parts/Utility/dockingPortSr/dockingPortSr.cfg/PART[dockingPortLarge]
[LOG 18:23:41.955] Applying update KSPCommunityFixes/MMPatches/StockTweaks/ManufacturerFixes/@PART[stackPoint1|dockingPort1|dockingPort2|dockingPort3|dockingPortLarge]:FOR[KSPCommunityFixes] to Squad/Parts/Utility/radialAttachmentPoint/radialAttachmentPoint.cfg/PART[stackPoint1]
[LOG 18:23:41.956] :AFTER[KSPCOMMUNITYFIXES] pass
[LOG 18:23:41.956] :BEFORE[KSPMCPSERVER] pass
[LOG 18:23:41.956] :FOR[KSPMCPSERVER] pass
[LOG 18:23:41.956] :AFTER[KSPMCPSERVER] pass
[LOG 18:23:41.956] :BEFORE[KSPPROFILER] pass
[LOG 18:23:41.956] :FOR[KSPPROFILER] pass
[LOG 18:23:41.956] :AFTER[KSPPROFILER] pass
[LOG 18:23:41.956] :BEFORE[MODULEMANAGER] pass
[LOG 18:23:41.956] :FOR[MODULEMANAGER] pass
[LOG 18:23:41.956] :AFTER[MODULEMANAGER] pass
[LOG 18:23:41.956] :BEFORE[SQUAD] pass
[LOG 18:23:41.956] :FOR[SQUAD] pass
[LOG 18:23:41.956] :AFTER[SQUAD] pass
[LOG 18:23:41.956] :BEFORE[SQUADEXPANSION] pass
[LOG 18:23:41.956] :FOR[SQUADEXPANSION] pass
[LOG 18:23:41.956] :AFTER[SQUADEXPANSION] pass
[LOG 18:23:41.958] :LAST[999_KSP-RECALL] pass
[LOG 18:23:41.971] :FINAL pass
[LOG 18:23:41.972] Done patching
[LOG 18:23:41.972] Saving Cache
[LOG 18:23:42.043] Saving cache
[LOG 18:23:42.894] ModuleManager: 33 patches applied

[LOG 18:23:42.894] Ran in 1.838s
[LOG 18:23:42.932] Done!



#### END MODULEMANAGER LOG ####
[LOG 18:23:45.078] [ModuleManager] Running tests...
[LOG 18:23:45.078] [ModuleManager] tests complete.
[LOG 18:23:45.079] [ModuleManager] Reloading resources definitions
[LOG 18:23:45.080] Resource LiquidFuel added to database
[LOG 18:23:45.080] Resource Oxidizer added to database
[LOG 18:23:45.080] Resource SolidFuel added to database
[LOG 18:23:45.080] Resource MonoPropellant added to database
[LOG 18:23:45.080] Resource XenonGas added to database
[LOG 18:23:45.080] Resource ElectricCharge added to database
[LOG 18:23:45.080] Resource IntakeAir added to database
[LOG 18:23:45.080] Resource EVA Propellant added to database
[LOG 18:23:45.080] Resource Ore added to database
[LOG 18:23:45.080] Resource Ablator added to database
[LOG 18:23:45.080] [ModuleManager] Reloading Trait configs
[LOG 18:23:45.081] ExperienceSystemConfig: Added Effect 'DeployedSciencePowerSkill' to Trait 'Ingénieur'
[LOG 18:23:45.081] ExperienceSystemConfig: Added Effect 'DeployedScienceExpSkill' to Trait 'Scientifique'
[LOG 18:23:45.081] [ModuleManager] Reloading Part Upgrades
[LOG 18:23:45.081] [ModuleManager] Setting modded physics as the active one
[LOG 18:23:45.082] PhysicsGlobals: Loading database
[LOG 18:23:45.084] [ModuleManager] Running post patch callbacks
[LOG 18:23:45.095] [KSPCommunityFixes] Patch AutoStrutDrift applied.
[LOG 18:23:45.098] [KSPCommunityFixes] Patch EditorAnimatedPartsShipModified applied.
[LOG 18:23:45.105] [KSPCommunityFixes] Patch DragCubeLoadException applied.
[LOG 18:23:45.110] [KSPCommunityFixes] Patch DoubleCurvePreserveTangents applied.
[LOG 18:23:45.163] [KSPCommunityFixes] Patch DockingPortRotationDriftAndFixes applied.
[LOG 18:23:45.215] [KSPCommunityFixes] Patch DockingPortConserveMomentum applied.
[LOG 18:23:45.221] [KSPCommunityFixes] Patch DebugConsoleDontStealInput applied.
[LOG 18:23:45.226] [KSPCommunityFixes] Patch CorrectDragForFlags applied.
[LOG 18:23:45.227] [KSPCommunityFixes] Patch CometMiningNotRemovingMass applied.
[LOG 18:23:45.234] [KSPCommunityFixes] Patch ChutePhantomSymmetry applied.
[LOG 18:23:45.237] [KSPCommunityFixes] Patch CometSpawnerUniqueFlightId applied.
[LOG 18:23:45.238] [KSPCommunityFixes] Patch AsteroidSpawnerUniqueFlightId applied.
[LOG 18:23:45.240] [KSPCommunityFixes] Patch AsteroidInfiniteMining applied.
[LOG 18:23:45.277] [KSPCommunityFixes] Patch PersistentIConfigNode applied.
[LOG 18:23:45.277] [KSPCommunityFixes] Patch OnSymmetryFieldChanged not applied (not enabled in Settings.cfg)
[LOG 18:23:45.278] [KSPCommunityFixes] Patch ModUpgradePipeline not applied (not enabled in Settings.cfg)
[LOG 18:23:45.278] [KSPCommunityFixes] Patch KSPFieldEnumDesc not applied (not enabled in Settings.cfg)
[LOG 18:23:45.279] [KSPCommunityFixes] Patch EventProfilerMarkers not applied (not enabled in Settings.cfg)
[LOG 18:23:45.280] [KSPCommunityFixes] Patch DockingPortLockedEvents not applied (not enabled in Settings.cfg)
[LOG 18:23:45.283] [KSPCommunityFixes] Patch DepartmentHeadImage applied.
[LOG 18:23:45.300] [KSPCommunityFixes] Patch BaseFieldListUseFieldHost applied.
[LOG 18:23:45.347] [KSPCommunityFixes] Patch ResourceConverterPerf applied.
[LOG 18:23:45.361] [KSPCommunityFixes] Patch ProgressTrackingSpeedBoost applied.
[LOG 18:23:45.370] [KSPCommunityFixes] Patch PQSUpdateNoMemoryAlloc applied.
[LOG 18:23:45.371] [KSPCommunityFixes] Patch PQSOnlyStartOnce not applied (not enabled in Settings.cfg)
[LOG 18:23:45.399] [KSPCommunityFixes] Patch PQSCoroutineLeak applied.
[LOG 18:23:45.433] [KSPCommunityFixes] Patch PartSystemsFastUpdate applied.
[LOG 18:23:45.454] [KSPCommunityFixes] Patch PartParsingPerf applied.
[LOG 18:23:45.458] [KSPCommunityFixes] Patch EnginePlateAirstreamShieldedTopPart applied.
[LOG 18:23:45.467] [KSPCommunityFixes] Patch EVAConstructionMass applied.
[LOG 18:23:45.474] [KSPCommunityFixes] Patch EVAConstructionUninitializedInventory applied.
[LOG 18:23:45.481] [KSPCommunityFixes] Patch EVAKerbalRecovery applied.
[LOG 18:23:45.488] [KSPCommunityFixes] Patch TimeWarpOrbitShift applied.
[LOG 18:23:45.492] [KSPCommunityFixes] Patch TimeWarpBodyCollision applied.
[LOG 18:23:45.512] [KSPCommunityFixes] Patch ThumbnailSpotlight applied.
[LOG 18:23:45.519] [KSPCommunityFixes] Patch SymmetryReferenceOnDelete applied.
[LOG 18:23:45.519] [KSPCommunityFixes] Patch StrategyDuration not applied (not enabled in Settings.cfg)
[LOG 18:23:45.522] [KSPCommunityFixes] Patch StockAlarmDescPreserveLineBreak applied.
[LOG 18:23:45.556] [KSPCommunityFixes] Patch StickySplashedFixer applied.
[LOG 18:23:45.566] [KSPCommunityFixes] Patch ScatterDistribution applied.
[LOG 18:23:45.603] [KSPCommunityFixes] Patch RoboticsDrift applied.
[LOG 18:23:45.606] [KSPCommunityFixes] Patch RestoreMaxPhysicsDT applied.
[LOG 18:23:45.630] [KSPCommunityFixes] Patch RespawnDeadKerbals applied.
[LOG 18:23:45.636] [KSPCommunityFixes] Patch RescaledRoboticParts applied.
[LOG 18:23:45.641] [KSPCommunityFixes] Patch ReRootPreserveSurfaceAttach applied.
[LOG 18:23:45.669] [KSPCommunityFixes] Patch OptimizedModuleRaycasts applied.
[LOG 18:23:45.678] GetSubclassesOfParentClass: Found 1 types with ModuleInventoryPart parent in 9 assemblies.
[LOG 18:23:45.683] [KSPCommunityFixes] Patch RefundingOnRecovery applied.
[LOG 18:23:45.683] [KSPCommunityFixes] Patch PatchedConicEncounterFlickering applied.
[LOG 18:23:45.704] [KSPCommunityFixes] Patch PartListTooltipIconSpin applied.
[LOG 18:23:45.710] [KSPCommunityFixes] Patch PackedPartsRotation applied.
[LOG 18:23:45.742] [KSPCommunityFixes] Patch ModulePartVariantsNodePersistence applied.
[LOG 18:23:45.746] [KSPCommunityFixes] Patch ModuleAnimateGenericCrewModSpawnIVA applied.
[LOG 18:23:45.748] [KSPCommunityFixes] Patch ModuleActiveRadiatorNoParentException applied.
[LOG 18:23:45.751] [KSPCommunityFixes] Patch MapTargetBodyWithEncounter applied.
[LOG 18:23:45.754] [KSPCommunityFixes] Patch LostSoundAfterSceneSwitch applied.
[LOG 18:23:45.763] [KSPCommunityFixes] Patch LadderToggleableLight applied.
[LOG 18:23:45.779] [KSPCommunityFixes] Patch InventoryPartMass applied.
[LOG 18:23:45.786] [KSPCommunityFixes] Patch HarvesterECConsumption applied.
[LOG 18:23:45.787] [KSPCommunityFixes] Patch FixGetUnivseralTime applied.
[LOG 18:23:45.800] [KSPCommunityFixes] Patch ExtendedDeployableParts applied.
[LOG 18:23:45.802] [KSPCommunityFixes] Patch PropellantFlowDescription applied.
[LOG 18:23:45.828] [KSPCommunityFixes] Patch OptimisedVectorLines applied.
[LOG 18:23:45.837] [KSPCommunityFixes] Patch ModuleDockingNodeFindOtherNodesFaster applied.
[LOG 18:23:45.842] [KSPCommunityFixes] Patch ModuleColorChangerOptimization applied.
[LOG 18:23:45.848] [KSPCommunityFixes] Patch AutoSavedCraftNameAtLaunch applied.
[LOG 18:23:45.873] [KSPCommunityFixes] Patch PAWCollapsedInventories applied.
[LOG 18:23:45.877] [KSPCommunityFixes] Patch UIFloatEditNumericInput applied.
[LOG 18:23:45.905] [KSPCommunityFixes] Patch PAWStockGroups applied.
[LOG 18:23:45.917] [KSPCommunityFixes] Patch AltimeterHorizontalPosition applied.
[LOG 18:23:45.926] [KSPCommunityFixes] Patch SceneLoadSpeedBoost applied.
[LOG 18:23:45.973] [KSPCommunityFixes] Patch OnDemandPartBuoyancy applied.
[LOG 18:23:45.975] [KSPCommunityFixes] Patch ForceSyncSceneSwitch applied.
[LOG 18:23:45.975] [KSPCommunityFixes] Patch FewerSaves not applied (not enabled in Settings.cfg)
[LOG 18:23:45.976] [KSPCommunityFixes] Patch WheelInertiaLimit applied.
[LOG 18:23:45.976] [KSPCommunityFixes] Patch StockAlarmCustomFormatterDate isn't applicable to this KSP version.
[LOG 18:23:45.984] [KSPCommunityFixes] Patch ROCValidationOOR applied.
[LOG 18:23:45.989] [KSPCommunityFixes] Patch ZeroCostTechNodes applied.
[LOG 18:23:45.990] [KSPCommunityFixes] Patch ReactionWheelsPotentialTorque applied.
[LOG 18:23:46.000] [KSPCommunityFixes] Patch PAWGroupMemory applied.
[LOG 18:23:46.058] [KSPCommunityFixes] Patch PartStartStability applied.
[LOG 18:23:46.066] [KSPCommunityFixes] Patch PartBoundsIgnoreDisabledTransforms applied.
[LOG 18:23:46.116] [KSPCommunityFixes] Patch ModuleIndexingMismatch applied.
[LOG 18:23:46.122] [KSPCommunityFixes] Patch MapSOCorrectWrapping applied.
[LOG 18:23:46.122] [KSPCommunityFixes] Patch KerbalTooltipMaxSustainedG applied.
[LOG 18:23:46.126] [KSPCommunityFixes] Patch KerbalInventoryPersistence applied.
[LOG 18:23:46.127] [KSPCommunityFixes] Patch FlightSceneLoadKraken not applied (not enabled in Settings.cfg)
[LOG 18:23:46.130] [KSPCommunityFixes] Patch FIUpdateRadiation applied.
[LOG 18:23:46.132] [KSPCommunityFixes] Patch FastAndFixedEnumExtensions applied.
[LOG 18:23:46.177] [KSPCommunityFixes] Patch DeltaVHideWhenDisabled applied.
[LOG 18:23:46.182] [KSPCommunityFixes] Patch BlockMapViewPartClick applied.
[LOG 18:23:46.186] [KSPCommunityFixes] Patch PAWItemsOrder applied.
[LOG 18:23:46.250] [KSPCommunityFixes] Patch BetterEditorUndoRedo applied.
[LOG 18:23:46.263] [KSPCommunityFixes] Patch AutostrutActions applied.
[LOG 18:23:46.263] [KSPCommunityFixes] Patch DisableNewGameIntro not applied (not enabled in Settings.cfg)
[LOG 18:23:46.318] [KSPCommunityFixes] Patch MinorPerfTweaks applied.
[LOG 18:23:46.431] [KSPCommunityFixes] Patch MemoryLeaks applied.
[LOG 18:23:46.441] [KSPCommunityFixes] Patch LowerMinPhysicsDTPerFrame applied.
[LOG 18:23:46.447] [KSPCommunityFixes] Patch LocalizerPerf applied.
[LOG 18:23:46.450] [KSPCommunityFixes] Patch IMGUIOptimization applied.
[LOG 18:23:46.471] [KSPCommunityFixes] Patch FloatingOriginPerf applied.
[LOG 18:23:46.540] [KSPCommunityFixes] Patch FlightIntegratorPerf applied.
[LOG 18:23:46.546] [KSPCommunityFixes] Patch FasterPartFindTransform applied.
[LOG 18:23:46.561] [KSPCommunityFixes] Patch FasterEditorPartList applied.
[LOG 18:23:46.563] [KSPCommunityFixes] Patch ExpansionBundlePreload applied.
[LOG 18:23:46.577] [KSPCommunityFixes] Patch DragCubeGeneration applied.
[LOG 18:23:46.581] [KSPCommunityFixes] Patch DisableMapUpdateInFlight applied.
[LOG 18:23:46.583] [KSPCommunityFixes] Patch DisableHiddenPortraits applied.
[LOG 18:23:46.584] [KSPCommunityFixes] Patch DisableManeuverTool applied.
[LOG 18:23:46.618] [KSPCommunityFixes] Patch CraftBrowserOptimisations applied.
[LOG 18:23:46.622] [KSPCommunityFixes] Patch CommNetThrottling applied.
[LOG 18:23:46.629] [KSPCommunityFixes] Patch FairingMouseOverPersistence applied.
[LOG 18:23:46.650] [KSPCommunityFixes] Patch OptionalMakingHistoryDLCFeatures applied.
[LOG 18:23:46.655] [KSPCommunityFixes] Patch ResourceLockActions applied.
[LOG 18:23:46.670] [KSPCommunityFixes] Patch ShowContractFinishDates applied.
[LOG 18:23:46.681] [KSPCommunityFixes] Patch TargetParentBody applied.
[LOG 18:23:46.702] [KSPCommunityFixes] Patch ToolbarShowHide applied.
[LOG 18:23:46.705] [KSPCommunityFixes] Patch ContractProgressEnumCache applied.
[LOG 18:23:46.718] [KSPCommunityFixes] Patch ActiveRadiatorPerf applied.
[LOG 18:23:46.725] [KSPCommunityFixes] Patch CargoBayPerf applied.
[LOG 18:23:46.736] [KSPCommunityFixes] Patch CollisionEnhancerFastUpdate applied.
[LOG 18:23:46.743] [KSPCommunityFixes] Patch CollisionManagerFastUpdate applied.
[LOG 18:23:46.750] [KSPCommunityFixes] Patch AsteroidAndCometDrillCache applied.
[LOG 18:23:46.765] [KSPCommunityFixes] Patch TweakableWheelsAutostrut applied.
[LOG 18:23:46.800] [KSPCommunityFixes] Patch PatchSettings applied.
[LOG 18:23:46.857] [KSPCommunityFixes] Patch UpgradeBugs applied.
[LOG 18:23:46.857] [KSPCommunityFixes] Patch PartTooltipUpgradesApplyToSubstituteParts not applied (not enabled in Settings.cfg)
[LOG 18:23:46.956] [ModuleManager] Calling ConfigNodePerf.ModuleManagerPostLoad()
[LOG 18:23:46.957] [ModuleManager] Post patch ran in 1.884s
[LOG 18:23:46.982] PartLoader: Creating part database
[LOG 18:23:46.983] PartLoader: Compiling Part 'Squad/Parts/Aero/aerodynamicNoseCone/aerodynamicNoseCone/noseCone'
[LOG 18:23:47.009] EffectList: Created 15 effect types
[LOG 18:23:47.133] PartLoader: Part 'Squad/Parts/Aero/aerodynamicNoseCone/aerodynamicNoseCone/noseCone' has no database record. Creating.
[LOG 18:23:47.133] [DragCubeSystem]: Drag cubes not found or cannot be read for part Part. Generating New drag cubes.
[LOG 18:23:47.154] [KSPCF/DragCubeGeneration] Creating drag cubes for part 'noseCone'
[LOG 18:23:47.188] PartLoader: Compiling Part 'Squad/Parts/Aero/airbrake/Airbrake/airbrake1'
[LOG 18:23:47.220] PartLoader: Part 'Squad/Parts/Aero/airbrake/Airbrake/airbrake1' has no database record. Creating.
[LOG 18:23:47.220] [DragCubeSystem]: Drag cubes not found or cannot be read for part Part. Generating New drag cubes.
[LOG 18:23:47.221] [KSPCF/DragCubeGeneration] Creating drag cubes for part 'airbrake1'
[LOG 18:23:47.262] PartLoader: Compiling Part 'Squad/Parts/Aero/airIntakeRadialXM-G50/airIntakeRadialXM-G50/airScoop'
[LOG 18:23:47.280] PartLoader: Part 'Squad/Parts/Aero/airIntakeRadialXM-G50/airIntakeRadialXM-G50/airScoop' has no database record. Creating.
[LOG 18:23:47.281] [DragCubeSystem]: Drag cubes not found or cannot be read for part Part. Generating New drag cubes.
[LOG 18:23:47.281] [KSPCF/DragCubeGeneration] Creating drag cubes for part 'airScoop'
[LOG 18:23:47.293] PartLoader: Compiling Part 'Squad/Parts/Aero/airlinerWings/ControlSurface/airlinerCtrlSrf'
[LOG 18:23:47.311] PartLoader: Part 'Squad/Parts/Aero/airlinerWings/ControlSurface/airlinerCtrlSrf' has no database record. Creating.
[LOG 18:23:47.311] [DragCubeSystem]: Drag cubes not found or cannot be read for part Part. Generating New drag cubes.
[LOG 18:23:47.311] [KSPCF/DragCubeGeneration] Creating drag cubes for part 'airlinerCtrlSrf'
[LOG 18:23:47.338] PartLoader: Compiling Part 'Squad/Parts/Aero/airlinerWings/MainWing/airlinerMainWing'
[LOG 18:23:47.349] PartLoader: Part 'Squad/Parts/Aero/airlinerWings/MainWing/airlinerMainWing' has no database record. Creating.
[LOG 18:23:47.349] [DragCubeSystem]: Drag cubes not found or cannot be read for part Part. Generating New drag cubes.
[LOG 18:23:47.349] [KSPCF/DragCubeGeneration] Creating drag cubes for part 'airlinerMainWing'
[LOG 18:23:47.354] PartLoader: Compiling Part 'Squad/Parts/Aero/airlinerWings/TailFin/airlinerTailFin'
[LOG 18:23:47.371] PartLoader: Part 'Squad/Parts/Aero/airlinerWings/TailFin/airlinerTailFin' has no database record. Creating.
[LOG 18:23:47.371] [DragCubeSystem]: Drag cubes not found or cannot be read for part Part. Generating New drag cubes.
[LOG 18:23:47.371] [KSPCF/DragCubeGeneration] Creating drag cubes for part 'airlinerTailFin'
[LOG 18:23:47.400] PartLoader: Compiling Part 'Squad/Parts/Aero/airplaneFins/advancedCanard/AdvancedCanard'
[LOG 18:23:47.407] PartLoader: Part 'Squad/Parts/Aero/airplaneFins/advancedCanard/AdvancedCanard' has no database record. Creating.
[LOG 18:23:47.407] [DragCubeSystem]: Drag cubes not found or cannot be read for part Part. Generating New drag cubes.
[LOG 18:23:47.408] [KSPCF/DragCubeGeneration] Creating drag cubes for part 'AdvancedCanard'
[LOG 18:23:47.436] PartLoader: Compiling Part 'Squad/Parts/Aero/airplaneFins/standardCanard/CanardController'
[LOG 18:23:47.443] PartLoader: Part 'Squad/Parts/Aero/airplaneFins/standardCanard/CanardController' has no database record. Creating.
[LOG 18:23:47.443] [DragCubeSystem]: Drag cubes not found or cannot be read for part Part. Generating New drag cubes.
[LOG 18:23:47.443] [KSPCF/DragCubeGeneration] Creating drag cubes for part 'CanardController'
[LOG 18:23:47.477] PartLoader: Compiling Part 'Squad/Parts/Aero/airplaneFins/sweptWing/sweptWing'
[LOG 18:23:47.482] PartLoader: Part 'Squad/Parts/Aero/airplaneFins/sweptWing/sweptWing' has no database record. Creating.
[LOG 18:23:47.482] [DragCubeSystem]: Drag cubes not found or cannot be read for part Part. Generating New drag cubes.
[LOG 18:23:47.482] [KSPCF/DragCubeGeneration] Creating drag cubes for part 'sweptWing'
[LOG 18:23:47.487] PartLoader: Compiling Part 'Squad/Parts/Aero/airplaneFins/tailfin/tailfin'
[LOG 18:23:47.490] PartLoader: Part 'Squad/Parts/Aero/airplaneFins/tailfin/tailfin' has no database record. Creating.
[LOG 18:23:47.490] [DragCubeSystem]: Drag cubes not found or cannot be read for part Part. Generating New drag cubes.
[LOG 18:23:47.491] [KSPCF/DragCubeGeneration] Creating drag cubes for part 'tailfin'
[LOG 18:23:47.509] PartLoader: Compiling Part 'Squad/Parts/Aero/basicFin/basicFin/basicFin'
[LOG 18:23:47.513] PartLoader: Part 'Squad/Parts/Aero/basicFin/basicFin/basicFin' has no database record. Creating.
[LOG 18:23:47.513] [DragCubeSystem]: Drag cubes not found or cannot be read for part Part. Generating New drag cubes.
[LOG 18:23:47.514] [KSPCF/DragCubeGeneration] Creating drag cubes for part 'basicFin'
[LOG 18:23:47.519] PartLoader: Compiling Part 'Squad/Parts/Aero/circularIntake/circularIntake/CircularIntake'
[LOG 18:23:47.529] PartLoader: Part 'Squad/Parts/Aero/circularIntake/circularIntake/CircularIntake' has no database record. Creating.
[LOG 18:23:47.530] PartLoader: Compiling Part 'Squad/Parts/Aero/circularIntake/intakeShockCone/shockConeIntake'
[LOG 18:23:47.535] PartLoader: Part 'Squad/Parts/Aero/circularIntake/intakeShockCone/shockConeIntake' has no database record. Creating.
[LOG 18:23:47.536] PartLoader: Compiling Part 'Squad/Parts/Aero/cones/avionicsNoseCone/avionicsNoseCone'
[LOG 18:23:47.554] PartLoader: Part 'Squad/Parts/Aero/cones/avionicsNoseCone/avionicsNoseCone' has no database record. Creating.
[LOG 18:23:47.554] [DragCubeSystem]: Drag cubes not found or cannot be read for part Part. Generating New drag cubes.
[LOG 18:23:47.554] [KSPCF/DragCubeGeneration] Creating drag cubes for part 'avionicsNoseCone'
[LOG 18:23:47.563] PartLoader: Compiling Part 'Squad/Parts/Aero/cones/ConeA/pointyNoseConeA'
[LOG 18:23:47.569] PartLoader: Part 'Squad/Parts/Aero/cones/ConeA/pointyNoseConeA' has no database record. Creating.
[LOG 18:23:47.569] [DragCubeSystem]: Drag cubes not found or cannot be read for part Part. Generating New drag cubes.
[LOG 18:23:47.569] [KSPCF/DragCubeGeneration] Creating drag cubes for part 'pointyNoseConeA'
[LOG 18:23:47.574] PartLoader: Compiling Part 'Squad/Parts/Aero/cones/ConeB/pointyNoseConeB'
[LOG 18:23:47.579] PartLoader: Part 'Squad/Parts/Aero/cones/ConeB/pointyNoseConeB' has no database record. Creating.
[LOG 18:23:47.579] [DragCubeSystem]: Drag cubes not found or cannot be read for part Part. Generating New drag cubes.
[LOG 18:23:47.580] [KSPCF/DragCubeGeneration] Creating drag cubes for part 'pointyNoseConeB'
[LOG 18:23:47.585] PartLoader: Compiling Part 'Squad/Parts/Aero/cones/noseConeAdapter/noseConeAdapter'
[LOG 18:23:47.591] PartLoader: Part 'Squad/Parts/Aero/cones/noseConeAdapter/noseConeAdapter' has no database record. Creating.
[LOG 18:23:47.591] [DragCubeSystem]: Drag cubes not found or cannot be read for part Part. Generating New drag cubes.
[LOG 18:23:47.591] [KSPCF/DragCubeGeneration] Creating drag cubes for part 'noseConeAdapter'
[LOG 18:23:47.596] PartLoader: Compiling Part 'Squad/Parts/Aero/cones/protectiveRocketNoseMk7_v2/rocketNoseCone_v2'
[LOG 18:23:47.601] PartLoader: Part 'Squad/Parts/Aero/cones/protectiveRocketNoseMk7_v2/rocketNoseCone_v2' has no database record. Creating.
[LOG 18:23:47.601] [DragCubeSystem]: Drag cubes not found or cannot be read for part Part. Generating New drag cubes.
[LOG 18:23:47.601] [KSPCF/DragCubeGeneration] Creating drag cubes for part 'rocketNoseCone.v2'
[LOG 18:23:47.607] PartLoader: Compiling Part 'Squad/Parts/Aero/cones/protectiveRocketNoseMk7_v3/rocketNoseCone_v3'
[LOG 18:23:47.611] PartLoader: Part 'Squad/Parts/Aero/cones/protectiveRocketNoseMk7_v3/rocketNoseCone_v3' has no database record. Creating.
[LOG 18:23:47.611] [DragCubeSystem]: Drag cubes not found or cannot be read for part Part. Generating New drag cubes.
[LOG 18:23:47.612] [KSPCF/DragCubeGeneration] Creating drag cubes for part 'rocketNoseCone.v3'
[LOG 18:23:47.616] PartLoader: Compiling Part 'Squad/Parts/Aero/cones/rocketNoseCone_size3/rocketNoseConeSize3'
[LOG 18:23:47.621] PartLoader: Part 'Squad/Parts/Aero/cones/rocketNoseCone_size3/rocketNoseConeSize3' has no database record. Creating.
[LOG 18:23:47.621] [DragCubeSystem]: Drag cubes not found or cannot be read for part Part. Generating New drag cubes.
[LOG 18:23:47.621] [KSPCF/DragCubeGeneration] Creating drag cubes for part 'rocketNoseConeSize3'
[LOG 18:23:47.627] PartLoader: Compiling Part 'Squad/Parts/Aero/cones/smallNoseCone/standardNoseCone'
[LOG 18:23:47.632] PartLoader: Part 'Squad/Parts/Aero/cones/smallNoseCone/standardNoseCone' has no database record. Creating.
[LOG 18:23:47.632] [DragCubeSystem]: Drag cubes not found or cannot be read for part Part. Generating New drag cubes.
[LOG 18:23:47.632] [KSPCF/DragCubeGeneration] Creating drag cubes for part 'standardNoseCone'
[LOG 18:23:47.637] PartLoader: Compiling Part 'Squad/Parts/Aero/cones/tailConnectorA/airplaneTail'
[LOG 18:23:47.641] PartLoader: Part 'Squad/Parts/Aero/cones/tailConnectorA/airplaneTail' has no database record. Creating.
[LOG 18:23:47.641] [DragCubeSystem]: Drag cubes not found or cannot be read for part Part. Generating New drag cubes.
[LOG 18:23:47.641] [KSPCF/DragCubeGeneration] Creating drag cubes for part 'airplaneTail'
[LOG 18:23:47.646] PartLoader: Compiling Part 'Squad/Parts/Aero/cones/tailConnectorB/airplaneTailB'
[LOG 18:23:47.650] PartLoader: Part 'Squad/Parts/Aero/cones/tailConnectorB/airplaneTailB' has no database record. Creating.
[LOG 18:23:47.650] [DragCubeSystem]: Drag cubes not found or cannot be read for part Part. Generating New drag cubes.
[LOG 18:23:47.650] [KSPCF/DragCubeGeneration] Creating drag cubes for part 'airplaneTailB'
[LOG 18:23:47.654] PartLoader: Compiling Part 'Squad/Parts/Aero/fairings/fairingSize1/fairingSize1'
[LOG 18:23:47.710] PartLoader: Part 'Squad/Parts/Aero/fairings/fairingSize1/fairingSize1' has no database record. Creating.
[LOG 18:23:47.710] [DragCubeSystem]: Drag cubes not found or cannot be read for part Part. Generating New drag cubes.
[LOG 18:23:47.711] [KSPCF/DragCubeGeneration] Creating drag cubes for part 'fairingSize1'
[LOG 18:23:47.717] PartLoader: Compiling Part 'Squad/Parts/Aero/fairings/fairingSize2/fairingSize2'
[LOG 18:23:47.732] PartLoader: Part 'Squad/Parts/Aero/fairings/fairingSize2/fairingSize2' has no database record. Creating.
[LOG 18:23:47.732] [DragCubeSystem]: Drag cubes not found or cannot be read for part Part. Generating New drag cubes.
[LOG 18:23:47.733] [KSPCF/DragCubeGeneration] Creating drag cubes for part 'fairingSize2'
[LOG 18:23:47.738] PartLoader: Compiling Part 'Squad/Parts/Aero/fairings/fairingSize3/fairingSize3'
[LOG 18:23:47.755] PartLoader: Part 'Squad/Parts/Aero/fairings/fairingSize3/fairingSize3' has no database record. Creating.
[LOG 18:23:47.755] [DragCubeSystem]: Drag cubes not found or cannot be read for part Part. Generating New drag cubes.
[LOG 18:23:47.755] [KSPCF/DragCubeGeneration] Creating drag cubes for part 'fairingSize3'
[LOG 18:23:47.761] PartLoader: Compiling Part 'Squad/Parts/Aero/HeatShield/HeatShield0/HeatShield0'
[LOG 18:23:47.785] PartLoader: Part 'Squad/Parts/Aero/HeatShield/HeatShield0/HeatShield0' has no database record. Creating.
[LOG 18:23:47.785] [DragCubeSystem]: Drag cubes not found or cannot be read for part Part. Generating New drag cubes.
[LOG 18:23:47.785] [KSPCF/DragCubeGeneration] Creating drag cubes for part 'HeatShield0'
[LOG 18:23:47.794] PartLoader: Compiling Part 'Squad/Parts/Aero/HeatShield/HeatShield1/HeatShield1'
[LOG 18:23:47.803] PartLoader: Part 'Squad/Parts/Aero/HeatShield/HeatShield1/HeatShield1' has no database record. Creating.
[LOG 18:23:47.803] [DragCubeSystem]: Drag cubes not found or cannot be read for part Part. Generating New drag cubes.
[LOG 18:23:47.803] [KSPCF/DragCubeGeneration] Creating drag cubes for part 'HeatShield1'
[LOG 18:23:47.819] PartLoader: Compiling Part 'Squad/Parts/Aero/HeatShield/HeatShield2/HeatShield2'
[LOG 18:23:47.828] PartLoader: Part 'Squad/Parts/Aero/HeatShield/HeatShield2/HeatShield2' has no database record. Creating.
[LOG 18:23:47.828] [DragCubeSystem]: Drag cubes not found or cannot be read for part Part. Generating New drag cubes.
[LOG 18:23:47.828] [KSPCF/DragCubeGeneration] Creating drag cubes for part 'HeatShield2'
[LOG 18:23:47.843] PartLoader: Compiling Part 'Squad/Parts/Aero/HeatShield/HeatShield3/HeatShield3'
[LOG 18:23:47.851] PartLoader: Part 'Squad/Parts/Aero/HeatShield/HeatShield3/HeatShield3' has no database record. Creating.
[LOG 18:23:47.851] [DragCubeSystem]: Drag cubes not found or cannot be read for part Part. Generating New drag cubes.
[LOG 18:23:47.851] [KSPCF/DragCubeGeneration] Creating drag cubes for part 'HeatShield3'
[LOG 18:23:47.867] PartLoader: Compiling Part 'Squad/Parts/Aero/InflatableHeatShield/HeatShield/InflatableHeatShield'
[LOG 18:23:47.877] PartLoader: Part 'Squad/Parts/Aero/InflatableHeatShield/HeatShield/InflatableHeatShield' has no database record. Creating.
[LOG 18:23:47.877] [DragCubeSystem]: Drag cubes not found or cannot be read for part Part. Generating New drag cubes.
[LOG 18:23:47.878] [KSPCF/DragCubeGeneration] Creating drag cubes for part 'InflatableHeatShield'
[LOG 18:23:47.892] PartLoader: Compiling Part 'Squad/Parts/Aero/intakeRadialLong/intakeRadialLong/IntakeRadialLong'
[LOG 18:23:47.896] PartLoader: Part 'Squad/Parts/Aero/intakeRadialLong/intakeRadialLong/IntakeRadialLong' has no database record. Creating.
[LOG 18:23:47.896] [DragCubeSystem]: Drag cubes not found or cannot be read for part Part. Generating New drag cubes.
[LOG 18:23:47.896] [KSPCF/DragCubeGeneration] Creating drag cubes for part 'IntakeRadialLong'
[LOG 18:23:47.901] PartLoader: Compiling Part 'Squad/Parts/Aero/miniIntake/SmallIntake/miniIntake'
[LOG 18:23:47.906] PartLoader: Part 'Squad/Parts/Aero/miniIntake/SmallIntake/miniIntake' has no database record. Creating.
[LOG 18:23:47.907] PartLoader: Compiling Part 'Squad/Parts/Aero/ramAirIntake/ramAirIntake/ramAirIntake'
[LOG 18:23:47.912] PartLoader: Part 'Squad/Parts/Aero/ramAirIntake/ramAirIntake/ramAirIntake' has no database record. Creating.
[LOG 18:23:47.913] PartLoader: Compiling Part 'Squad/Parts/Aero/shuttleWings/delta/wingShuttleDelta'
[LOG 18:23:47.917] PartLoader: Part 'Squad/Parts/Aero/shuttleWings/delta/wingShuttleDelta' has no database record. Creating.
[LOG 18:23:47.917] [DragCubeSystem]: Drag cubes not found or cannot be read for part Part. Generating New drag cubes.
[LOG 18:23:47.917] [KSPCF/DragCubeGeneration] Creating drag cubes for part 'wingShuttleDelta'
[LOG 18:23:47.923] PartLoader: Compiling Part 'Squad/Parts/Aero/shuttleWings/elevon1/wingShuttleElevon1'
[LOG 18:23:47.929] PartLoader: Part 'Squad/Parts/Aero/shuttleWings/elevon1/wingShuttleElevon1' has no database record. Creating.
[LOG 18:23:47.929] [DragCubeSystem]: Drag cubes not found or cannot be read for part Part. Generating New drag cubes.
[LOG 18:23:47.929] [KSPCF/DragCubeGeneration] Creating drag cubes for part 'wingShuttleElevon1'
[LOG 18:23:47.946] PartLoader: Compiling Part 'Squad/Parts/Aero/shuttleWings/elevon2/wingShuttleElevon2'
[LOG 18:23:47.950] PartLoader: Part 'Squad/Parts/Aero/shuttleWings/elevon2/wingShuttleElevon2' has no database record. Creating.
[LOG 18:23:47.950] [DragCubeSystem]: Drag cubes not found or cannot be read for part Part. Generating New drag cubes.
[LOG 18:23:47.950] [KSPCF/DragCubeGeneration] Creating drag cubes for part 'wingShuttleElevon2'
[LOG 18:23:47.966] PartLoader: Compiling Part 'Squad/Parts/Aero/shuttleWings/rudder/wingShuttleRudder'
[LOG 18:23:47.972] PartLoader: Part 'Squad/Parts/Aero/shuttleWings/rudder/wingShuttleRudder' has no database record. Creating.
[LOG 18:23:47.972] [DragCubeSystem]: Drag cubes not found or cannot be read for part Part. Generating New drag cubes.
[LOG 18:23:47.972] [KSPCF/DragCubeGeneration] Creating drag cubes for part 'wingShuttleRudder'
[LOG 18:23:47.988] PartLoader: Compiling Part 'Squad/Parts/Aero/shuttleWings/strake/wingShuttleStrake'
[LOG 18:23:47.992] PartLoader: Part 'Squad/Parts/Aero/shuttleWings/strake/wingShuttleStrake' has no database record. Creating.
[LOG 18:23:47.992] [DragCubeSystem]: Drag cubes not found or cannot be read for part Part. Generating New drag cubes.
[LOG 18:23:47.992] [KSPCF/DragCubeGeneration] Creating drag cubes for part 'wingShuttleStrake'
[LOG 18:23:47.997] PartLoader: Compiling Part 'Squad/Parts/Aero/wingletAV-R8/wingletAV-R8/R8winglet'
[LOG 18:23:48.000] PartLoader: Part 'Squad/Parts/Aero/wingletAV-R8/wingletAV-R8/R8winglet' has no database record. Creating.
[LOG 18:23:48.000] [DragCubeSystem]: Drag cubes not found or cannot be read for part Part. Generating New drag cubes.
[LOG 18:23:48.001] [KSPCF/DragCubeGeneration] Creating drag cubes for part 'R8winglet'
[LOG 18:23:48.016] PartLoader: Compiling Part 'Squad/Parts/Aero/wingletAV-T1/wingletAV-T1/winglet'
[LOG 18:23:48.019] PartLoader: Part 'Squad/Parts/Aero/wingletAV-T1/wingletAV-T1/winglet' has no database record. Creating.
[LOG 18:23:48.019] [DragCubeSystem]: Drag cubes not found or cannot be read for part Part. Generating New drag cubes.
[LOG 18:23:48.019] [KSPCF/DragCubeGeneration] Creating drag cubes for part 'winglet'
[LOG 18:23:48.024] PartLoader: Compiling Part 'Squad/Parts/Aero/wingletDeltaDeluxe/wingletDeltaDeluxe/winglet3'
[LOG 18:23:48.030] PartLoader: Part 'Squad/Parts/Aero/wingletDeltaDeluxe/wingletDeltaDeluxe/winglet3' has no database record. Creating.
[LOG 18:23:48.030] [DragCubeSystem]: Drag cubes not found or cannot be read for part Part. Generating New drag cubes.
[LOG 18:23:48.030] [KSPCF/DragCubeGeneration] Creating drag cubes for part 'winglet3'
[LOG 18:23:48.046] PartLoader: Compiling Part 'Squad/Parts/Aero/wings/connector1/wingConnector'
[LOG 18:23:48.049] PartLoader: Part 'Squad/Parts/Aero/wings/connector1/wingConnector' has no database record. Creating.
[LOG 18:23:48.049] [DragCubeSystem]: Drag cubes not found or cannot be read for part Part. Generating New drag cubes.
[LOG 18:23:48.049] [KSPCF/DragCubeGeneration] Creating drag cubes for part 'wingConnector'
[LOG 18:23:48.053] PartLoader: Compiling Part 'Squad/Parts/Aero/wings/connector2/wingConnector2'
[LOG 18:23:48.058] PartLoader: Part 'Squad/Parts/Aero/wings/connector2/wingConnector2' has no database record. Creating.
[LOG 18:23:48.058] [DragCubeSystem]: Drag cubes not found or cannot be read for part Part. Generating New drag cubes.
[LOG 18:23:48.058] [KSPCF/DragCubeGeneration] Creating drag cubes for part 'wingConnector2'
[LOG 18:23:48.061] PartLoader: Compiling Part 'Squad/Parts/Aero/wings/connector3/wingConnector3'
[LOG 18:23:48.064] PartLoader: Part 'Squad/Parts/Aero/wings/connector3/wingConnector3' has no database record. Creating.
[LOG 18:23:48.064] [DragCubeSystem]: Drag cubes not found or cannot be read for part Part. Generating New drag cubes.
[LOG 18:23:48.064] [KSPCF/DragCubeGeneration] Creating drag cubes for part 'wingConnector3'
[LOG 18:23:48.068] PartLoader: Compiling Part 'Squad/Parts/Aero/wings/connector4/wingConnector4'
[LOG 18:23:48.071] PartLoader: Part 'Squad/Parts/Aero/wings/connector4/wingConnector4' has no database record. Creating.
[LOG 18:23:48.071] [DragCubeSystem]: Drag cubes not found or cannot be read for part Part. Generating New drag cubes.
[LOG 18:23:48.071] [KSPCF/DragCubeGeneration] Creating drag cubes for part 'wingConnector4'
[LOG 18:23:48.077] PartLoader: Compiling Part 'Squad/Parts/Aero/wings/connector5/wingConnector5'
[LOG 18:23:48.081] PartLoader: Part 'Squad/Parts/Aero/wings/connector5/wingConnector5' has no database record. Creating.
[LOG 18:23:48.081] [DragCubeSystem]: Drag cubes not found or cannot be read for part Part. Generating New drag cubes.
[LOG 18:23:48.081] [KSPCF/DragCubeGeneration] Creating drag cubes for part 'wingConnector5'
[LOG 18:23:48.086] PartLoader: Compiling Part 'Squad/Parts/Aero/wings/delta/deltaWing'
[LOG 18:23:48.090] PartLoader: Part 'Squad/Parts/Aero/wings/delta/deltaWing' has no database record. Creating.
[LOG 18:23:48.090] [DragCubeSystem]: Drag cubes not found or cannot be read for part Part. Generating New drag cubes.
[LOG 18:23:48.090] [KSPCF/DragCubeGeneration] Creating drag cubes for part 'deltaWing'
[LOG 18:23:48.094] PartLoader: Compiling Part 'Squad/Parts/Aero/wings/delta_small/delta_small'
[LOG 18:23:48.098] PartLoader: Part 'Squad/Parts/Aero/wings/delta_small/delta_small' has no database record. Creating.
[LOG 18:23:48.098] [DragCubeSystem]: Drag cubes not found or cannot be read for part Part. Generating New drag cubes.
[LOG 18:23:48.098] [KSPCF/DragCubeGeneration] Creating drag cubes for part 'delta.small'
[LOG 18:23:48.102] PartLoader: Compiling Part 'Squad/Parts/Aero/wings/elevon1/StandardCtrlSrf'
[LOG 18:23:48.106] PartLoader: Part 'Squad/Parts/Aero/wings/elevon1/StandardCtrlSrf' has no database record. Creating.
[LOG 18:23:48.106] [DragCubeSystem]: Drag cubes not found or cannot be read for part Part. Generating New drag cubes.
[LOG 18:23:48.106] [KSPCF/DragCubeGeneration] Creating drag cubes for part 'StandardCtrlSrf'
[LOG 18:23:48.123] PartLoader: Compiling Part 'Squad/Parts/Aero/wings/elevon2/elevon2'
[LOG 18:23:48.129] PartLoader: Part 'Squad/Parts/Aero/wings/elevon2/elevon2' has no database record. Creating.
[LOG 18:23:48.129] [DragCubeSystem]: Drag cubes not found or cannot be read for part Part. Generating New drag cubes.
[LOG 18:23:48.129] [KSPCF/DragCubeGeneration] Creating drag cubes for part 'elevon2'
[LOG 18:23:48.146] PartLoader: Compiling Part 'Squad/Parts/Aero/wings/elevon3/elevon3'
[LOG 18:23:48.152] PartLoader: Part 'Squad/Parts/Aero/wings/elevon3/elevon3' has no database record. Creating.
[LOG 18:23:48.152] [DragCubeSystem]: Drag cubes not found or cannot be read for part Part. Generating New drag cubes.
[LOG 18:23:48.152] [KSPCF/DragCubeGeneration] Creating drag cubes for part 'elevon3'
[LOG 18:23:48.170] PartLoader: Compiling Part 'Squad/Parts/Aero/wings/elevon4/smallCtrlSrf'
[LOG 18:23:48.175] PartLoader: Part 'Squad/Parts/Aero/wings/elevon4/smallCtrlSrf' has no database record. Creating.
[LOG 18:23:48.176] [DragCubeSystem]: Drag cubes not found or cannot be read for part Part. Generating New drag cubes.
[LOG 18:23:48.176] [KSPCF/DragCubeGeneration] Creating drag cubes for part 'smallCtrlSrf'
[LOG 18:23:48.194] PartLoader: Compiling Part 'Squad/Parts/Aero/wings/elevon5/elevon5'
[LOG 18:23:48.198] PartLoader: Part 'Squad/Parts/Aero/wings/elevon5/elevon5' has no database record. Creating.
[LOG 18:23:48.198] [DragCubeSystem]: Drag cubes not found or cannot be read for part Part. Generating New drag cubes.
[LOG 18:23:48.198] [KSPCF/DragCubeGeneration] Creating drag cubes for part 'elevon5'
[LOG 18:23:48.215] PartLoader: Compiling Part 'Squad/Parts/Aero/wings/strake/wingStrake'
[LOG 18:23:48.218] PartLoader: Part 'Squad/Parts/Aero/wings/strake/wingStrake' has no database record. Creating.
[LOG 18:23:48.218] [DragCubeSystem]: Drag cubes not found or cannot be read for part Part. Generating New drag cubes.
[LOG 18:23:48.218] [KSPCF/DragCubeGeneration] Creating drag cubes for part 'wingStrake'
[LOG 18:23:48.223] PartLoader: Compiling Part 'Squad/Parts/Aero/wings/structural1/structuralWing'
[LOG 18:23:48.227] PartLoader: Part 'Squad/Parts/Aero/wings/structural1/structuralWing' has no database record. Creating.
[LOG 18:23:48.227] [DragCubeSystem]: Drag cubes not found or cannot be read for part Part. Generating New drag cubes.
[LOG 18:23:48.227] [KSPCF/DragCubeGeneration] Creating drag cubes for part 'structuralWing'
[LOG 18:23:48.231] PartLoader: Compiling Part 'Squad/Parts/Aero/wings/structural2/structuralWing2'
[LOG 18:23:48.236] PartLoader: Part 'Squad/Parts/Aero/wings/structural2/structuralWing2' has no database record. Creating.
[LOG 18:23:48.236] [DragCubeSystem]: Drag cubes not found or cannot be read for part Part. Generating New drag cubes.
[LOG 18:23:48.236] [KSPCF/DragCubeGeneration] Creating drag cubes for part 'structuralWing2'
[LOG 18:23:48.240] PartLoader: Compiling Part 'Squad/Parts/Aero/wings/structural3/structuralWing3'
[LOG 18:23:48.243] PartLoader: Part 'Squad/Parts/Aero/wings/structural3/structuralWing3' has no database record. Creating.
[LOG 18:23:48.243] [DragCubeSystem]: Drag cubes not found or cannot be read for part Part. Generating New drag cubes.
[LOG 18:23:48.245] [KSPCF/DragCubeGeneration] Creating drag cubes for part 'structuralWing3'
[LOG 18:23:48.248] PartLoader: Compiling Part 'Squad/Parts/Aero/wings/structural4/structuralWing4'
[LOG 18:23:48.253] PartLoader: Part 'Squad/Parts/Aero/wings/structural4/structuralWing4' has no database record. Creating.
[LOG 18:23:48.253] [DragCubeSystem]: Drag cubes not found or cannot be read for part Part. Generating New drag cubes.
[LOG 18:23:48.253] [KSPCF/DragCubeGeneration] Creating drag cubes for part 'structuralWing4'
[LOG 18:23:48.257] PartLoader: Compiling Part 'Squad/Parts/Aero/wings/swept1/sweptWing1'
[LOG 18:23:48.261] PartLoader: Part 'Squad/Parts/Aero/wings/swept1/sweptWing1' has no database record. Creating.
[LOG 18:23:48.261] [DragCubeSystem]: Drag cubes not found or cannot be read for part Part. Generating New drag cubes.
[LOG 18:23:48.261] [KSPCF/DragCubeGeneration] Creating drag cubes for part 'sweptWing1'
[LOG 18:23:48.265] PartLoader: Compiling Part 'Squad/Parts/Aero/wings/swept2/sweptWing2'
[LOG 18:23:48.269] PartLoader: Part 'Squad/Parts/Aero/wings/swept2/sweptWing2' has no database record. Creating.
[LOG 18:23:48.269] [DragCubeSystem]: Drag cubes not found or cannot be read for part Part. Generating New drag cubes.
[LOG 18:23:48.269] [KSPCF/DragCubeGeneration] Creating drag cubes for part 'sweptWing2'
[LOG 18:23:48.275] PartLoader: Compiling Part 'Squad/Parts/Cargo/CargoContainers/cargoContainer/cargoContainer'
[WRN 18:23:48.277] [Part]: Cannot have ModuleCargoPart and ModuleInventoryPart on same Part [cargoContainer'. Removed ModuleCargoPart
[LOG 18:23:48.290] PartLoader: Part 'Squad/Parts/Cargo/CargoContainers/cargoContainer/cargoContainer' has no database record. Creating.
[LOG 18:23:48.290] [DragCubeSystem]: Drag cubes not found or cannot be read for part Part. Generating New drag cubes.
[LOG 18:23:48.290] [KSPCF/DragCubeGeneration] Creating drag cubes for part 'cargoContainer'
[LOG 18:23:48.295] PartLoader: Compiling Part 'Squad/Parts/Cargo/CargoContainers/smallCargoContainer/smallCargoContainer'
[WRN 18:23:48.297] [Part]: Cannot have ModuleCargoPart and ModuleInventoryPart on same Part [smallCargoContainer'. Removed ModuleCargoPart
[LOG 18:23:48.300] PartLoader: Part 'Squad/Parts/Cargo/CargoContainers/smallCargoContainer/smallCargoContainer' has no database record. Creating.
[LOG 18:23:48.300] [DragCubeSystem]: Drag cubes not found or cannot be read for part Part. Generating New drag cubes.
[LOG 18:23:48.300] [KSPCF/DragCubeGeneration] Creating drag cubes for part 'smallCargoContainer'
[LOG 18:23:48.305] PartLoader: Compiling Part 'Squad/Parts/Cargo/Cylinder/Cylinder/evaCylinder'
[LOG 18:23:48.309] PartLoader: Part 'Squad/Parts/Cargo/Cylinder/Cylinder/evaCylinder' has no database record. Creating.
[LOG 18:23:48.309] [DragCubeSystem]: Drag cubes not found or cannot be read for part Part. Generating New drag cubes.
[LOG 18:23:48.309] [KSPCF/DragCubeGeneration] Creating drag cubes for part 'evaCylinder'
[LOG 18:23:48.314] PartLoader: Compiling Part 'Squad/Parts/Cargo/GroundAnchor/groundAnchor/groundAnchor'
[LOG 18:23:48.339] PartLoader: Part 'Squad/Parts/Cargo/GroundAnchor/groundAnchor/groundAnchor' has no database record. Creating.
[LOG 18:23:48.339] [DragCubeSystem]: Drag cubes not found or cannot be read for part Part. Generating New drag cubes.
[LOG 18:23:48.339] [KSPCF/DragCubeGeneration] Creating drag cubes for part 'groundAnchor'
[LOG 18:23:48.354] PartLoader: Compiling Part 'Squad/Parts/Cargo/Jetpack/Jetpack/evaJetpack'
[LOG 18:23:48.358] PartLoader: Part 'Squad/Parts/Cargo/Jetpack/Jetpack/evaJetpack' has no database record. Creating.
[LOG 18:23:48.358] [DragCubeSystem]: Drag cubes not found or cannot be read for part Part. Generating New drag cubes.
[LOG 18:23:48.358] [KSPCF/DragCubeGeneration] Creating drag cubes for part 'evaJetpack'
[LOG 18:23:48.364] PartLoader: Compiling Part 'Squad/Parts/Cargo/Parachute/Parachute/evaChute'
[LOG 18:23:48.368] PartLoader: Part 'Squad/Parts/Cargo/Parachute/Parachute/evaChute' has no database record. Creating.
[LOG 18:23:48.369] [DragCubeSystem]: Drag cubes not found or cannot be read for part Part. Generating New drag cubes.
[LOG 18:23:48.369] [KSPCF/DragCubeGeneration] Creating drag cubes for part 'evaChute'
[LOG 18:23:48.373] PartLoader: Compiling Part 'Squad/Parts/Cargo/RepairKit/RepairKit/evaRepairKit'
[LOG 18:23:48.381] PartLoader: Part 'Squad/Parts/Cargo/RepairKit/RepairKit/evaRepairKit' has no database record. Creating.
[LOG 18:23:48.381] [DragCubeSystem]: Drag cubes not found or cannot be read for part Part. Generating New drag cubes.
[LOG 18:23:48.381] [KSPCF/DragCubeGeneration] Creating drag cubes for part 'evaRepairKit'
[LOG 18:23:48.388] PartLoader: Compiling Part 'Squad/Parts/Cargo/ScienceKit/evaScienceKit/evaScienceKit'
[LOG 18:23:48.391] PartLoader: Part 'Squad/Parts/Cargo/ScienceKit/evaScienceKit/evaScienceKit' has no database record. Creating.
[LOG 18:23:48.391] [DragCubeSystem]: Drag cubes not found or cannot be read for part Part. Generating New drag cubes.
[LOG 18:23:48.391] [KSPCF/DragCubeGeneration] Creating drag cubes for part 'evaScienceKit'
[LOG 18:23:48.397] PartLoader: Compiling Part 'Squad/Parts/Cargo/StorageUnits/CargoStorageUnit/CargoStorageUnit'
[WRN 18:23:48.400] [Part]: Cannot have ModuleCargoPart and ModuleInventoryPart on same Part [CargoStorageUnit'. Removed ModuleCargoPart
[LOG 18:23:48.402] PartLoader: Part 'Squad/Parts/Cargo/StorageUnits/CargoStorageUnit/CargoStorageUnit' has no database record. Creating.
[LOG 18:23:48.402] [DragCubeSystem]: Drag cubes not found or cannot be read for part Part. Generating New drag cubes.
[LOG 18:23:48.402] [KSPCF/DragCubeGeneration] Creating drag cubes for part 'CargoStorageUnit'
[LOG 18:23:48.407] PartLoader: Compiling Part 'Squad/Parts/Cargo/StorageUnits/ConformalStorageUnit/ConformalStorageUnit'
[WRN 18:23:48.409] [Part]: Cannot have ModuleCargoPart and ModuleInventoryPart on same Part [ConformalStorageUnit'. Removed ModuleCargoPart
[LOG 18:23:48.411] PartLoader: Part 'Squad/Parts/Cargo/StorageUnits/ConformalStorageUnit/ConformalStorageUnit' has no database record. Creating.
[LOG 18:23:48.411] [DragCubeSystem]: Drag cubes not found or cannot be read for part Part. Generating New drag cubes.
[LOG 18:23:48.411] [KSPCF/DragCubeGeneration] Creating drag cubes for part 'ConformalStorageUnit'
[LOG 18:23:48.415] PartLoader: Compiling Part 'Squad/Parts/Command/advancedSasModuleLarge/advSasModuleLarge/asasmodule1-2'
[LOG 18:23:48.422] PartLoader: Part 'Squad/Parts/Command/advancedSasModuleLarge/advSasModuleLarge/asasmodule1-2' has no database record. Creating.
[LOG 18:23:48.423] PartLoader: Compiling Part 'Squad/Parts/Command/cupola/cupola/cupola'
[LOG 18:23:48.451] PartLoader: Part 'Squad/Parts/Command/cupola/cupola/cupola' has no database record. Creating.
[LOG 18:23:48.451] [DragCubeSystem]: Drag cubes not found or cannot be read for part Part. Generating New drag cubes.
[LOG 18:23:48.451] [KSPCF/DragCubeGeneration] Creating drag cubes for part 'cupola'
[LOG 18:23:48.462] PartLoader: Compiling Part 'Squad/Parts/Command/externalCommandSeat/externalCommandSeat/seatExternalCmd'
[LOG 18:23:48.468] PartLoader: Part 'Squad/Parts/Command/externalCommandSeat/externalCommandSeat/seatExternalCmd' has no database record. Creating.
[LOG 18:23:48.468] [DragCubeSystem]: Drag cubes not found or cannot be read for part Part. Generating New drag cubes.
[LOG 18:23:48.469] [KSPCF/DragCubeGeneration] Creating drag cubes for part 'seatExternalCmd'
[LOG 18:23:48.473] PartLoader: Compiling Part 'Squad/Parts/Command/hitchhikerStorageContainer/hitchikerStorageContainer/crewCabin'
[LOG 18:23:48.480] PartLoader: Part 'Squad/Parts/Command/hitchhikerStorageContainer/hitchikerStorageContainer/crewCabin' has no database record. Creating.
[LOG 18:23:48.480] [DragCubeSystem]: Drag cubes not found or cannot be read for part Part. Generating New drag cubes.
[LOG 18:23:48.480] [KSPCF/DragCubeGeneration] Creating drag cubes for part 'crewCabin'
[LOG 18:23:48.487] PartLoader: Compiling Part 'Squad/Parts/Command/inlineAdvancedStabilizer/inlineAdvancedStabilizer/advSasModule'
[LOG 18:23:48.491] PartLoader: Part 'Squad/Parts/Command/inlineAdvancedStabilizer/inlineAdvancedStabilizer/advSasModule' has no database record. Creating.
[LOG 18:23:48.491] [DragCubeSystem]: Drag cubes not found or cannot be read for part Part. Generating New drag cubes.
[LOG 18:23:48.491] [KSPCF/DragCubeGeneration] Creating drag cubes for part 'advSasModule'
[LOG 18:23:48.495] PartLoader: Compiling Part 'Squad/Parts/Command/inlineReactionWheel/inlineReactionWheel/sasModule'
[LOG 18:23:48.500] PartLoader: Part 'Squad/Parts/Command/inlineReactionWheel/inlineReactionWheel/sasModule' has no database record. Creating.
[LOG 18:23:48.500] [DragCubeSystem]: Drag cubes not found or cannot be read for part Part. Generating New drag cubes.
[LOG 18:23:48.500] [KSPCF/DragCubeGeneration] Creating drag cubes for part 'sasModule'
[LOG 18:23:48.505] PartLoader: Compiling Part 'Squad/Parts/Command/Mk1-3Pod/mk1-3/mk1-3pod'
[LOG 18:23:48.538] PartLoader: Part 'Squad/Parts/Command/Mk1-3Pod/mk1-3/mk1-3pod' has no database record. Creating.
[LOG 18:23:48.538] [DragCubeSystem]: Drag cubes not found or cannot be read for part Part. Generating New drag cubes.
[LOG 18:23:48.538] [KSPCF/DragCubeGeneration] Creating drag cubes for part 'mk1-3pod'
[LOG 18:23:48.548] PartLoader: Compiling Part 'Squad/Parts/Command/mk1Cockpits/mk1Cockpit/Mark1Cockpit'
[WRN 18:23:48.552] [Part]: Cannot have ModuleCargoPart and ModuleInventoryPart on same Part [Mark1Cockpit'. Removed ModuleCargoPart
[LOG 18:23:48.557] PartLoader: Part 'Squad/Parts/Command/mk1Cockpits/mk1Cockpit/Mark1Cockpit' has no database record. Creating.
[LOG 18:23:48.557] [DragCubeSystem]: Drag cubes not found or cannot be read for part Part. Generating New drag cubes.
[LOG 18:23:48.557] [KSPCF/DragCubeGeneration] Creating drag cubes for part 'Mark1Cockpit'
[LOG 18:23:48.563] PartLoader: Compiling Part 'Squad/Parts/Command/mk1Cockpits/mk1CrewCabin/MK1CrewCabin'
[WRN 18:23:48.565] [Part]: Cannot have ModuleCargoPart and ModuleInventoryPart on same Part [MK1CrewCabin'. Removed ModuleCargoPart
[LOG 18:23:48.568] PartLoader: Part 'Squad/Parts/Command/mk1Cockpits/mk1CrewCabin/MK1CrewCabin' has no database record. Creating.
[LOG 18:23:48.568] [DragCubeSystem]: Drag cubes not found or cannot be read for part Part. Generating New drag cubes.
[LOG 18:23:48.568] [KSPCF/DragCubeGeneration] Creating drag cubes for part 'MK1CrewCabin'
[LOG 18:23:48.575] PartLoader: Compiling Part 'Squad/Parts/Command/mk1Cockpits/mk1InlineCockpit/Mark2Cockpit'
[WRN 18:23:48.578] [Part]: Cannot have ModuleCargoPart and ModuleInventoryPart on same Part [Mark2Cockpit'. Removed ModuleCargoPart
[LOG 18:23:48.581] PartLoader: Part 'Squad/Parts/Command/mk1Cockpits/mk1InlineCockpit/Mark2Cockpit' has no database record. Creating.
[LOG 18:23:48.581] [DragCubeSystem]: Drag cubes not found or cannot be read for part Part. Generating New drag cubes.
[LOG 18:23:48.581] [KSPCF/DragCubeGeneration] Creating drag cubes for part 'Mark2Cockpit'
[LOG 18:23:48.586] PartLoader: Compiling Part 'Squad/Parts/Command/mk1LanderCan/mk1LanderCan/landerCabinSmall'
[WRN 18:23:48.591] [Part]: Cannot have ModuleCargoPart and ModuleInventoryPart on same Part [landerCabinSmall'. Removed ModuleCargoPart
[LOG 18:23:48.594] PartLoader: Part 'Squad/Parts/Command/mk1LanderCan/mk1LanderCan/landerCabinSmall' has no database record. Creating.
[LOG 18:23:48.594] [DragCubeSystem]: Drag cubes not found or cannot be read for part Part. Generating New drag cubes.
[LOG 18:23:48.594] [KSPCF/DragCubeGeneration] Creating drag cubes for part 'landerCabinSmall'
[LOG 18:23:48.600] PartLoader: Compiling Part 'Squad/Parts/Command/mk1pod_v2/mk1Pod_v2/mk1pod_v2'
[WRN 18:23:48.603] [Part]: Cannot have ModuleCargoPart and ModuleInventoryPart on same Part [mk1pod.v2'. Removed ModuleCargoPart
[LOG 18:23:48.608] PartLoader: Part 'Squad/Parts/Command/mk1pod_v2/mk1Pod_v2/mk1pod_v2' has no database record. Creating.
[LOG 18:23:48.608] [DragCubeSystem]: Drag cubes not found or cannot be read for part Part. Generating New drag cubes.
[LOG 18:23:48.608] [KSPCF/DragCubeGeneration] Creating drag cubes for part 'mk1pod.v2'
[LOG 18:23:48.614] PartLoader: Compiling Part 'Squad/Parts/Command/mk2CockpitInline/mk2CockpitInline/mk2Cockpit_Inline'
[WRN 18:23:48.617] [Part]: Cannot have ModuleCargoPart and ModuleInventoryPart on same Part [mk2Cockpit.Inline'. Removed ModuleCargoPart
[LOG 18:23:48.620] PartLoader: Part 'Squad/Parts/Command/mk2CockpitInline/mk2CockpitInline/mk2Cockpit_Inline' has no database record. Creating.
[LOG 18:23:48.621] [DragCubeSystem]: Drag cubes not found or cannot be read for part Part. Generating New drag cubes.
[LOG 18:23:48.621] [KSPCF/DragCubeGeneration] Creating drag cubes for part 'mk2Cockpit.Inline'
[LOG 18:23:48.627] PartLoader: Compiling Part 'Squad/Parts/Command/mk2CockpitStandard/mk2CockpitStandard/mk2Cockpit_Standard'
[WRN 18:23:48.630] [Part]: Cannot have ModuleCargoPart and ModuleInventoryPart on same Part [mk2Cockpit.Standard'. Removed ModuleCargoPart
[LOG 18:23:48.633] PartLoader: Part 'Squad/Parts/Command/mk2CockpitStandard/mk2CockpitStandard/mk2Cockpit_Standard' has no database record. Creating.
[LOG 18:23:48.633] [DragCubeSystem]: Drag cubes not found or cannot be read for part Part. Generating New drag cubes.
[LOG 18:23:48.633] [KSPCF/DragCubeGeneration] Creating drag cubes for part 'mk2Cockpit.Standard'
[LOG 18:23:48.639] PartLoader: Compiling Part 'Squad/Parts/Command/mk2DroneCore/mk2Dronecore/mk2DroneCore'
[LOG 18:23:48.648] PartLoader: Part 'Squad/Parts/Command/mk2DroneCore/mk2Dronecore/mk2DroneCore' has no database record. Creating.
[LOG 18:23:48.649] PartLoader: Compiling Part 'Squad/Parts/Command/mk2LanderCan/mk2LanderCan/mk2LanderCabin'
[WRN 18:23:48.652] [Part]: Cannot have ModuleCargoPart and ModuleInventoryPart on same Part [mk2LanderCabin'. Removed ModuleCargoPart
[LOG 18:23:48.656] PartLoader: Part 'Squad/Parts/Command/mk2LanderCan/mk2LanderCan/mk2LanderCabin' has no database record. Creating.
[LOG 18:23:48.656] [DragCubeSystem]: Drag cubes not found or cannot be read for part Part. Generating New drag cubes.
[LOG 18:23:48.656] [KSPCF/DragCubeGeneration] Creating drag cubes for part 'mk2LanderCabin'
[LOG 18:23:48.664] PartLoader: Compiling Part 'Squad/Parts/Command/mk2LanderCan_v2/mk2LanderCan_v2/mk2LanderCabin_v2'
[WRN 18:23:48.670] [Part]: Cannot have ModuleCargoPart and ModuleInventoryPart on same Part [mk2LanderCabin.v2'. Removed ModuleCargoPart
[LOG 18:23:48.676] PartLoader: Part 'Squad/Parts/Command/mk2LanderCan_v2/mk2LanderCan_v2/mk2LanderCabin_v2' has no database record. Creating.
[LOG 18:23:48.676] [DragCubeSystem]: Drag cubes not found or cannot be read for part Part. Generating New drag cubes.
[LOG 18:23:48.677] [KSPCF/DragCubeGeneration] Creating drag cubes for part 'mk2LanderCabin.v2'
[LOG 18:23:48.684] PartLoader: Compiling Part 'Squad/Parts/Command/mk3CockpitShuttle/mk3CockpitShuttle/mk3Cockpit_Shuttle'
[LOG 18:23:48.698] PartLoader: Part 'Squad/Parts/Command/mk3CockpitShuttle/mk3CockpitShuttle/mk3Cockpit_Shuttle' has no database record. Creating.
[LOG 18:23:48.698] [DragCubeSystem]: Drag cubes not found or cannot be read for part Part. Generating New drag cubes.
[LOG 18:23:48.698] [KSPCF/DragCubeGeneration] Creating drag cubes for part 'mk3Cockpit.Shuttle'
[LOG 18:23:48.704] PartLoader: Compiling Part 'Squad/Parts/Command/MpoProbe/MpoProbe/MpoProbe'
[LOG 18:23:48.713] PartLoader: Part 'Squad/Parts/Command/MpoProbe/MpoProbe/MpoProbe' has no database record. Creating.
[LOG 18:23:48.713] [DragCubeSystem]: Drag cubes not found or cannot be read for part Part. Generating New drag cubes.
[LOG 18:23:48.713] [KSPCF/DragCubeGeneration] Creating drag cubes for part 'MpoProbe'
[LOG 18:23:48.719] PartLoader: Compiling Part 'Squad/Parts/Command/MtmStage/MTM_Stage/MtmStage'
[LOG 18:23:48.726] PartLoader: Part 'Squad/Parts/Command/MtmStage/MTM_Stage/MtmStage' has no database record. Creating.
[LOG 18:23:48.726] [DragCubeSystem]: Drag cubes not found or cannot be read for part Part. Generating New drag cubes.
[LOG 18:23:48.726] [KSPCF/DragCubeGeneration] Creating drag cubes for part 'MtmStage'
[LOG 18:23:48.736] PartLoader: Compiling Part 'Squad/Parts/Command/probeCoreCube/probeCoreCube/probeCoreCube'
[LOG 18:23:48.742] PartLoader: Part 'Squad/Parts/Command/probeCoreCube/probeCoreCube/probeCoreCube' has no database record. Creating.
[LOG 18:23:48.743] PartLoader: Compiling Part 'Squad/Parts/Command/probeCoreHex/probeCoreHex/probeCoreHex'
[LOG 18:23:48.762] PartLoader: Part 'Squad/Parts/Command/probeCoreHex/probeCoreHex/probeCoreHex' has no database record. Creating.
[LOG 18:23:48.762] [DragCubeSystem]: Drag cubes not found or cannot be read for part Part. Generating New drag cubes.
[LOG 18:23:48.762] [KSPCF/DragCubeGeneration] Creating drag cubes for part 'probeCoreHex'
[LOG 18:23:48.769] PartLoader: Compiling Part 'Squad/Parts/Command/probeCoreHex_v2/probeCoreHex_v2/probeCoreHex_v2'
[LOG 18:23:48.779] PartLoader: Part 'Squad/Parts/Command/probeCoreHex_v2/probeCoreHex_v2/probeCoreHex_v2' has no database record. Creating.
[LOG 18:23:48.779] [DragCubeSystem]: Drag cubes not found or cannot be read for part Part. Generating New drag cubes.
[LOG 18:23:48.779] [KSPCF/DragCubeGeneration] Creating drag cubes for part 'probeCoreHex.v2'
[LOG 18:23:48.785] PartLoader: Compiling Part 'Squad/Parts/Command/probeCoreOcto2_v2/probeCoreOcto2_v2/probeCoreOcto2_v2'
[LOG 18:23:48.796] PartLoader: Part 'Squad/Parts/Command/probeCoreOcto2_v2/probeCoreOcto2_v2/probeCoreOcto2_v2' has no database record. Creating.
[LOG 18:23:48.796] [DragCubeSystem]: Drag cubes not found or cannot be read for part Part. Generating New drag cubes.
[LOG 18:23:48.797] [KSPCF/DragCubeGeneration] Creating drag cubes for part 'probeCoreOcto2.v2'
[LOG 18:23:48.802] PartLoader: Compiling Part 'Squad/Parts/Command/probeCoreOcto_v2/probeCoreOcto_v2/probeCoreOcto_v2'
[LOG 18:23:48.809] PartLoader: Part 'Squad/Parts/Command/probeCoreOcto_v2/probeCoreOcto_v2/probeCoreOcto_v2' has no database record. Creating.
[LOG 18:23:48.809] [DragCubeSystem]: Drag cubes not found or cannot be read for part Part. Generating New drag cubes.
[LOG 18:23:48.809] [KSPCF/DragCubeGeneration] Creating drag cubes for part 'probeCoreOcto.v2'
[LOG 18:23:48.815] PartLoader: Compiling Part 'Squad/Parts/Command/probeRoverBody/probeRoverBody/roverBody'
[LOG 18:23:48.820] PartLoader: Part 'Squad/Parts/Command/probeRoverBody/probeRoverBody/roverBody' has no database record. Creating.
[LOG 18:23:48.820] [DragCubeSystem]: Drag cubes not found or cannot be read for part Part. Generating New drag cubes.
[LOG 18:23:48.820] [KSPCF/DragCubeGeneration] Creating drag cubes for part 'roverBody'
[LOG 18:23:48.826] PartLoader: Compiling Part 'Squad/Parts/Command/probeRoverBody_v2/probeRoverBody_v2/roverBody_v2'
[LOG 18:23:48.835] PartLoader: Part 'Squad/Parts/Command/probeRoverBody_v2/probeRoverBody_v2/roverBody_v2' has no database record. Creating.
[LOG 18:23:48.835] [DragCubeSystem]: Drag cubes not found or cannot be read for part Part. Generating New drag cubes.
[LOG 18:23:48.835] [KSPCF/DragCubeGeneration] Creating drag cubes for part 'roverBody.v2'
[LOG 18:23:48.854] PartLoader: Compiling Part 'Squad/Parts/Command/probeStackLarge/probeStackLarge/probeStackLarge'
[LOG 18:23:48.860] PartLoader: Part 'Squad/Parts/Command/probeStackLarge/probeStackLarge/probeStackLarge' has no database record. Creating.
[LOG 18:23:48.860] [DragCubeSystem]: Drag cubes not found or cannot be read for part Part. Generating New drag cubes.
[LOG 18:23:48.860] [KSPCF/DragCubeGeneration] Creating drag cubes for part 'probeStackLarge'
[LOG 18:23:48.866] PartLoader: Compiling Part 'Squad/Parts/Command/probeStackSmall/probeStackSmall/probeStackSmall'
[LOG 18:23:48.875] PartLoader: Part 'Squad/Parts/Command/probeStackSmall/probeStackSmall/probeStackSmall' has no database record. Creating.
[LOG 18:23:48.875] [DragCubeSystem]: Drag cubes not found or cannot be read for part Part. Generating New drag cubes.
[LOG 18:23:48.875] [KSPCF/DragCubeGeneration] Creating drag cubes for part 'probeStackSmall'
[LOG 18:23:48.880] PartLoader: Compiling Part 'Squad/Parts/Command/probeStackSphere_v2/probeStackSphere_v2/probeCoreSphere_v2'
[LOG 18:23:48.885] PartLoader: Part 'Squad/Parts/Command/probeStackSphere_v2/probeStackSphere_v2/probeCoreSphere_v2' has no database record. Creating.
[LOG 18:23:48.886] PartLoader: Compiling Part 'Squad/Parts/CompoundParts/FuelLine/fuelLine/fuelLine'
[LOG 18:23:48.958] PartLoader: Part 'Squad/Parts/CompoundParts/FuelLine/fuelLine/fuelLine' has no database record. Creating.
[LOG 18:23:48.958] [DragCubeSystem]: Drag cubes not found or cannot be read for part CompoundPart. Generating New drag cubes.
[LOG 18:23:48.958] [KSPCF/DragCubeGeneration] Creating drag cubes for part 'fuelLine'
[LOG 18:23:48.963] PartLoader: Compiling Part 'Squad/Parts/CompoundParts/strutConnector/strutConnector/strutConnector'
[LOG 18:23:48.972] PartLoader: Part 'Squad/Parts/CompoundParts/strutConnector/strutConnector/strutConnector' has no database record. Creating.
[LOG 18:23:48.972] [DragCubeSystem]: Drag cubes not found or cannot be read for part CompoundPart. Generating New drag cubes.
[LOG 18:23:48.972] [KSPCF/DragCubeGeneration] Creating drag cubes for part 'strutConnector'
[LOG 18:23:48.990] PartLoader: Compiling Part 'Squad/Parts/Coupling/Decoupler_0/Decoupler_0'
[LOG 18:23:49.000] PartLoader: Part 'Squad/Parts/Coupling/Decoupler_0/Decoupler_0' has no database record. Creating.
[LOG 18:23:49.001] PartLoader: Compiling Part 'Squad/Parts/Coupling/Decoupler_1/Decoupler_1'
[LOG 18:23:49.006] PartLoader: Part 'Squad/Parts/Coupling/Decoupler_1/Decoupler_1' has no database record. Creating.
[LOG 18:23:49.007] PartLoader: Compiling Part 'Squad/Parts/Coupling/Decoupler_2/Decoupler_2'
[LOG 18:23:49.012] PartLoader: Part 'Squad/Parts/Coupling/Decoupler_2/Decoupler_2' has no database record. Creating.
[LOG 18:23:49.012] PartLoader: Compiling Part 'Squad/Parts/Coupling/Decoupler_3/Decoupler_3'
[LOG 18:23:49.017] PartLoader: Part 'Squad/Parts/Coupling/Decoupler_3/Decoupler_3' has no database record. Creating.
[LOG 18:23:49.017] PartLoader: Compiling Part 'Squad/Parts/Coupling/Separator_0/Separator_0'
[LOG 18:23:49.021] PartLoader: Part 'Squad/Parts/Coupling/Separator_0/Separator_0' has no database record. Creating.
[LOG 18:23:49.022] PartLoader: Compiling Part 'Squad/Parts/Coupling/Separator_1/Separator_1'
[LOG 18:23:49.029] PartLoader: Part 'Squad/Parts/Coupling/Separator_1/Separator_1' has no database record. Creating.
[LOG 18:23:49.030] PartLoader: Compiling Part 'Squad/Parts/Coupling/Separator_2/Separator_2'
[LOG 18:23:49.036] PartLoader: Part 'Squad/Parts/Coupling/Separator_2/Separator_2' has no database record. Creating.
[LOG 18:23:49.036] PartLoader: Compiling Part 'Squad/Parts/Coupling/Separator_3/Separator_3'
[LOG 18:23:49.041] PartLoader: Part 'Squad/Parts/Coupling/Separator_3/Separator_3' has no database record. Creating.
[LOG 18:23:49.041] PartLoader: Compiling Part 'Squad/Parts/Electrical/10CSolarPanels/OX-10C/solarPanelOX10C'
[LOG 18:23:49.054] PartLoader: Part 'Squad/Parts/Electrical/10CSolarPanels/OX-10C/solarPanelOX10C' has no database record. Creating.
[LOG 18:23:49.054] [DragCubeSystem]: Drag cubes not found or cannot be read for part Part. Generating New drag cubes.
[LOG 18:23:49.054] [KSPCF/DragCubeGeneration] Creating drag cubes for part 'solarPanelOX10C'
[LOG 18:23:49.104] PartLoader: Compiling Part 'Squad/Parts/Electrical/10CSolarPanels/SP-10C/solarPanelSP10C'
[LOG 18:23:49.108] PartLoader: Part 'Squad/Parts/Electrical/10CSolarPanels/SP-10C/solarPanelSP10C' has no database record. Creating.
[LOG 18:23:49.108] [DragCubeSystem]: Drag cubes not found or cannot be read for part Part. Generating New drag cubes.
[LOG 18:23:49.108] [KSPCF/DragCubeGeneration] Creating drag cubes for part 'solarPanelSP10C'
[LOG 18:23:49.152] PartLoader: Compiling Part 'Squad/Parts/Electrical/10LSolarPanels/OX-10L/solarPanelOX10L'
[LOG 18:23:49.160] PartLoader: Part 'Squad/Parts/Electrical/10LSolarPanels/OX-10L/solarPanelOX10L' has no database record. Creating.
[LOG 18:23:49.160] [DragCubeSystem]: Drag cubes not found or cannot be read for part Part. Generating New drag cubes.
[LOG 18:23:49.160] [KSPCF/DragCubeGeneration] Creating drag cubes for part 'solarPanelOX10L'
[LOG 18:23:49.200] PartLoader: Compiling Part 'Squad/Parts/Electrical/10LSolarPanels/SP-10L/solarPanelSP10L'
[LOG 18:23:49.205] PartLoader: Part 'Squad/Parts/Electrical/10LSolarPanels/SP-10L/solarPanelSP10L' has no database record. Creating.
[LOG 18:23:49.206] [DragCubeSystem]: Drag cubes not found or cannot be read for part Part. Generating New drag cubes.
[LOG 18:23:49.206] [KSPCF/DragCubeGeneration] Creating drag cubes for part 'solarPanelSP10L'
[LOG 18:23:49.247] PartLoader: Compiling Part 'Squad/Parts/Electrical/1x6ShroudSolarPanels/1x6ShroudSolarPanels/solarPanels2'
[LOG 18:23:49.253] PartLoader: Part 'Squad/Parts/Electrical/1x6ShroudSolarPanels/1x6ShroudSolarPanels/solarPanels2' has no database record. Creating.
[LOG 18:23:49.253] [DragCubeSystem]: Drag cubes not found or cannot be read for part Part. Generating New drag cubes.
[LOG 18:23:49.253] [KSPCF/DragCubeGeneration] Creating drag cubes for part 'solarPanels2'
[LOG 18:23:49.294] PartLoader: Compiling Part 'Squad/Parts/Electrical/1x6SolarPanels/1x6SolarPanels/solarPanels4'
[LOG 18:23:49.298] PartLoader: Part 'Squad/Parts/Electrical/1x6SolarPanels/1x6SolarPanels/solarPanels4' has no database record. Creating.
[LOG 18:23:49.298] [DragCubeSystem]: Drag cubes not found or cannot be read for part Part. Generating New drag cubes.
[LOG 18:23:49.298] [KSPCF/DragCubeGeneration] Creating drag cubes for part 'solarPanels4'
[LOG 18:23:49.343] PartLoader: Compiling Part 'Squad/Parts/Electrical/3x2ShroudSolarPanels/3x2ShroudSolarPanels/solarPanels1'
[LOG 18:23:49.349] PartLoader: Part 'Squad/Parts/Electrical/3x2ShroudSolarPanels/3x2ShroudSolarPanels/solarPanels1' has no database record. Creating.
[LOG 18:23:49.349] [DragCubeSystem]: Drag cubes not found or cannot be read for part Part. Generating New drag cubes.
[LOG 18:23:49.349] [KSPCF/DragCubeGeneration] Creating drag cubes for part 'solarPanels1'
[LOG 18:23:49.390] PartLoader: Compiling Part 'Squad/Parts/Electrical/3x2SolarPanels/3x2SolarPanels/solarPanels3'
[LOG 18:23:49.394] PartLoader: Part 'Squad/Parts/Electrical/3x2SolarPanels/3x2SolarPanels/solarPanels3' has no database record. Creating.
[LOG 18:23:49.394] [DragCubeSystem]: Drag cubes not found or cannot be read for part Part. Generating New drag cubes.
[LOG 18:23:49.394] [KSPCF/DragCubeGeneration] Creating drag cubes for part 'solarPanels3'
[LOG 18:23:49.438] PartLoader: Compiling Part 'Squad/Parts/Electrical/gigantorXlSolarArray/gigantorXlSolarArray/largeSolarPanel'
[LOG 18:23:49.442] PartLoader: Part 'Squad/Parts/Electrical/gigantorXlSolarArray/gigantorXlSolarArray/largeSolarPanel' has no database record. Creating.
[LOG 18:23:49.442] [DragCubeSystem]: Drag cubes not found or cannot be read for part Part. Generating New drag cubes.
[LOG 18:23:49.442] [KSPCF/DragCubeGeneration] Creating drag cubes for part 'largeSolarPanel'
[LOG 18:23:49.485] PartLoader: Compiling Part 'Squad/Parts/Electrical/radialFlatSolarPanel/radialFlatSolarPanel/solarPanels5'
[LOG 18:23:49.490] PartLoader: Part 'Squad/Parts/Electrical/radialFlatSolarPanel/radialFlatSolarPanel/solarPanels5' has no database record. Creating.
[LOG 18:23:49.490] [DragCubeSystem]: Drag cubes not found or cannot be read for part Part. Generating New drag cubes.
[LOG 18:23:49.490] [KSPCF/DragCubeGeneration] Creating drag cubes for part 'solarPanels5'
[LOG 18:23:49.502] PartLoader: Compiling Part 'Squad/Parts/Electrical/RTG/RTG/rtg'
[LOG 18:23:49.512] PartLoader: Part 'Squad/Parts/Electrical/RTG/RTG/rtg' has no database record. Creating.
[LOG 18:23:49.512] [DragCubeSystem]: Drag cubes not found or cannot be read for part Part. Generating New drag cubes.
[LOG 18:23:49.512] [KSPCF/DragCubeGeneration] Creating drag cubes for part 'rtg'
[LOG 18:23:49.519] PartLoader: Compiling Part 'Squad/Parts/Electrical/z-100Battery/z-100Battery/batteryPack'
[LOG 18:23:49.523] PartLoader: Part 'Squad/Parts/Electrical/z-100Battery/z-100Battery/batteryPack' has no database record. Creating.
[LOG 18:23:49.523] [DragCubeSystem]: Drag cubes not found or cannot be read for part Part. Generating New drag cubes.
[LOG 18:23:49.523] [KSPCF/DragCubeGeneration] Creating drag cubes for part 'batteryPack'
[LOG 18:23:49.529] PartLoader: Compiling Part 'Squad/Parts/Electrical/z-1kBattery/z-1kBattery/batteryBank'
[LOG 18:23:49.534] PartLoader: Part 'Squad/Parts/Electrical/z-1kBattery/z-1kBattery/batteryBank' has no database record. Creating.
[LOG 18:23:49.534] [DragCubeSystem]: Drag cubes not found or cannot be read for part Part. Generating New drag cubes.
[LOG 18:23:49.534] [KSPCF/DragCubeGeneration] Creating drag cubes for part 'batteryBank'
[LOG 18:23:49.540] PartLoader: Compiling Part 'Squad/Parts/Electrical/z-200Battery/z-200Battery/batteryBankMini'
[LOG 18:23:49.544] PartLoader: Part 'Squad/Parts/Electrical/z-200Battery/z-200Battery/batteryBankMini' has no database record. Creating.
[LOG 18:23:49.544] [DragCubeSystem]: Drag cubes not found or cannot be read for part Part. Generating New drag cubes.
[LOG 18:23:49.544] [KSPCF/DragCubeGeneration] Creating drag cubes for part 'batteryBankMini'
[LOG 18:23:49.550] PartLoader: Compiling Part 'Squad/Parts/Electrical/z-400Battery/z-400Battery/ksp_r_largeBatteryPack'
[LOG 18:23:49.554] PartLoader: Part 'Squad/Parts/Electrical/z-400Battery/z-400Battery/ksp_r_largeBatteryPack' has no database record. Creating.
[LOG 18:23:49.554] [DragCubeSystem]: Drag cubes not found or cannot be read for part Part. Generating New drag cubes.
[LOG 18:23:49.554] [KSPCF/DragCubeGeneration] Creating drag cubes for part 'ksp.r.largeBatteryPack'
[LOG 18:23:49.559] PartLoader: Compiling Part 'Squad/Parts/Electrical/z-4kBattery/z-4kBattery/batteryBankLarge'
[LOG 18:23:49.564] PartLoader: Part 'Squad/Parts/Electrical/z-4kBattery/z-4kBattery/batteryBankLarge' has no database record. Creating.
[LOG 18:23:49.564] [DragCubeSystem]: Drag cubes not found or cannot be read for part Part. Generating New drag cubes.
[LOG 18:23:49.564] [KSPCF/DragCubeGeneration] Creating drag cubes for part 'batteryBankLarge'
[LOG 18:23:49.568] PartLoader: Compiling Part 'Squad/Parts/Engine/ionEngine/ionEngine/ionEngine'
[LOG 18:23:49.583] PartLoader: Part 'Squad/Parts/Engine/ionEngine/ionEngine/ionEngine' has no database record. Creating.
[LOG 18:23:49.583] [DragCubeSystem]: Drag cubes not found or cannot be read for part Part. Generating New drag cubes.
[LOG 18:23:49.583] [KSPCF/DragCubeGeneration] Creating drag cubes for part 'ionEngine'
[LOG 18:23:49.590] PartLoader: Compiling Part 'Squad/Parts/Engine/jetEngines/jetEngineAfterburning/turboJet'
[LOG 18:23:49.624] PartLoader: Part 'Squad/Parts/Engine/jetEngines/jetEngineAfterburning/turboJet' has no database record. Creating.
[LOG 18:23:49.624] [DragCubeSystem]: Drag cubes not found or cannot be read for part Part. Generating New drag cubes.
[LOG 18:23:49.624] [KSPCF/DragCubeGeneration] Creating drag cubes for part 'turboJet'
[LOG 18:23:49.631] PartLoader: Compiling Part 'Squad/Parts/Engine/jetEngines/jetEngineBasic/JetEngine'
[LOG 18:23:49.639] PartLoader: Part 'Squad/Parts/Engine/jetEngines/jetEngineBasic/JetEngine' has no database record. Creating.
[LOG 18:23:49.639] [DragCubeSystem]: Drag cubes not found or cannot be read for part Part. Generating New drag cubes.
[LOG 18:23:49.639] [KSPCF/DragCubeGeneration] Creating drag cubes for part 'JetEngine'
[LOG 18:23:49.662] PartLoader: Compiling Part 'Squad/Parts/Engine/jetEngines/jetEngineBig/turboFanSize2'
[LOG 18:23:49.671] PartLoader: Part 'Squad/Parts/Engine/jetEngines/jetEngineBig/turboFanSize2' has no database record. Creating.
[LOG 18:23:49.671] [DragCubeSystem]: Drag cubes not found or cannot be read for part Part. Generating New drag cubes.
[LOG 18:23:49.671] [KSPCF/DragCubeGeneration] Creating drag cubes for part 'turboFanSize2'
[LOG 18:23:49.693] PartLoader: Compiling Part 'Squad/Parts/Engine/jetEngines/jetEngineTurbo/turboFanEngine'
[LOG 18:23:49.701] PartLoader: Part 'Squad/Parts/Engine/jetEngines/jetEngineTurbo/turboFanEngine' has no database record. Creating.
[LOG 18:23:49.701] [DragCubeSystem]: Drag cubes not found or cannot be read for part Part. Generating New drag cubes.
[LOG 18:23:49.701] [KSPCF/DragCubeGeneration] Creating drag cubes for part 'turboFanEngine'
[LOG 18:23:49.708] PartLoader: Compiling Part 'Squad/Parts/Engine/liquidEngine24-77/liquidEngine24-77/smallRadialEngine'
[LOG 18:23:49.714] PartLoader: Part 'Squad/Parts/Engine/liquidEngine24-77/liquidEngine24-77/smallRadialEngine' has no database record. Creating.
[LOG 18:23:49.714] [DragCubeSystem]: Drag cubes not found or cannot be read for part Part. Generating New drag cubes.
[LOG 18:23:49.716] [KSPCF/DragCubeGeneration] Creating drag cubes for part 'smallRadialEngine'
[LOG 18:23:49.722] PartLoader: Compiling Part 'Squad/Parts/Engine/liquidEngine24-77_v2/liquidEngine24-77_v2/smallRadialEngine_v2'
[LOG 18:23:49.731] PartLoader: Part 'Squad/Parts/Engine/liquidEngine24-77_v2/liquidEngine24-77_v2/smallRadialEngine_v2' has no database record. Creating.
[LOG 18:23:49.731] [DragCubeSystem]: Drag cubes not found or cannot be read for part Part. Generating New drag cubes.
[LOG 18:23:49.731] [KSPCF/DragCubeGeneration] Creating drag cubes for part 'smallRadialEngine.v2'
[LOG 18:23:49.737] PartLoader: Compiling Part 'Squad/Parts/Engine/liquidEngine48-7S_v2/liquidEngine48-7S_v2/liquidEngineMini_v2'
[LOG 18:23:49.746] PartLoader: Part 'Squad/Parts/Engine/liquidEngine48-7S_v2/liquidEngine48-7S_v2/liquidEngineMini_v2' has no database record. Creating.
[LOG 18:23:49.746] [DragCubeSystem]: Drag cubes not found or cannot be read for part Part. Generating New drag cubes.
[LOG 18:23:49.746] [KSPCF/DragCubeGeneration] Creating drag cubes for part 'liquidEngineMini.v2'
[LOG 18:23:49.821] PartLoader: Compiling Part 'Squad/Parts/Engine/liquidEngineAerospike/liquidEngineAerospike/toroidalAerospike'
[LOG 18:23:49.840] PartLoader: Part 'Squad/Parts/Engine/liquidEngineAerospike/liquidEngineAerospike/toroidalAerospike' has no database record. Creating.
[LOG 18:23:49.840] [DragCubeSystem]: Drag cubes not found or cannot be read for part Part. Generating New drag cubes.
[LOG 18:23:49.840] [KSPCF/DragCubeGeneration] Creating drag cubes for part 'toroidalAerospike'
[LOG 18:23:49.869] PartLoader: Compiling Part 'Squad/Parts/Engine/liquidEngineLV-1_v2/liquidEngineLV-1R _v2/radialEngineMini_v2'
[LOG 18:23:49.876] PartLoader: Part 'Squad/Parts/Engine/liquidEngineLV-1_v2/liquidEngineLV-1R _v2/radialEngineMini_v2' has no database record. Creating.
[LOG 18:23:49.876] [DragCubeSystem]: Drag cubes not found or cannot be read for part Part. Generating New drag cubes.
[LOG 18:23:49.876] [KSPCF/DragCubeGeneration] Creating drag cubes for part 'radialEngineMini.v2'
[LOG 18:23:49.901] PartLoader: Compiling Part 'Squad/Parts/Engine/liquidEngineLV-1_v2/liquidEngineLV-1_v2/microEngine_v2'
[LOG 18:23:49.907] PartLoader: Part 'Squad/Parts/Engine/liquidEngineLV-1_v2/liquidEngineLV-1_v2/microEngine_v2' has no database record. Creating.
[LOG 18:23:49.907] [DragCubeSystem]: Drag cubes not found or cannot be read for part Part. Generating New drag cubes.
[LOG 18:23:49.907] [KSPCF/DragCubeGeneration] Creating drag cubes for part 'microEngine.v2'
[LOG 18:23:49.930] PartLoader: Compiling Part 'Squad/Parts/Engine/liquidEngineLV-909_v2/liquidEngineLV-909_v2/liquidEngine3_v2'
[LOG 18:23:49.941] PartLoader: Part 'Squad/Parts/Engine/liquidEngineLV-909_v2/liquidEngineLV-909_v2/liquidEngine3_v2' has no database record. Creating.
[LOG 18:23:49.941] [DragCubeSystem]: Drag cubes not found or cannot be read for part Part. Generating New drag cubes.
[LOG 18:23:49.941] [KSPCF/DragCubeGeneration] Creating drag cubes for part 'liquidEngine3.v2'
[LOG 18:23:50.009] PartLoader: Compiling Part 'Squad/Parts/Engine/liquidEngineLV-N/liquidEngineLV-N/nuclearEngine'
[LOG 18:23:50.018] PartLoader: Part 'Squad/Parts/Engine/liquidEngineLV-N/liquidEngineLV-N/nuclearEngine' has no database record. Creating.
[LOG 18:23:50.018] [DragCubeSystem]: Drag cubes not found or cannot be read for part Part. Generating New drag cubes.
[LOG 18:23:50.018] [KSPCF/DragCubeGeneration] Part 'nuclearEngine' has defined a procedural drag cube setup
[LOG 18:23:50.019] PartLoader: Compiling Part 'Squad/Parts/Engine/liquidEngineLV-T30/liquidEngineLV-T30/liquidEngine'
[LOG 18:23:50.028] PartLoader: Part 'Squad/Parts/Engine/liquidEngineLV-T30/liquidEngineLV-T30/liquidEngine' has no database record. Creating.
[LOG 18:23:50.028] [DragCubeSystem]: Drag cubes not found or cannot be read for part Part. Generating New drag cubes.
[LOG 18:23:50.028] [KSPCF/DragCubeGeneration] Creating drag cubes for part 'liquidEngine'
[LOG 18:23:50.056] PartLoader: Compiling Part 'Squad/Parts/Engine/liquidEngineLV-T30_v2/liquidEngineLV-T30_v2/liquidEngine_v2'
[LOG 18:23:50.065] PartLoader: Part 'Squad/Parts/Engine/liquidEngineLV-T30_v2/liquidEngineLV-T30_v2/liquidEngine_v2' has no database record. Creating.
[LOG 18:23:50.066] PartLoader: Compiling Part 'Squad/Parts/Engine/liquidEngineLV-T45/liquidEngineLV-T45/liquidEngine2'
[LOG 18:23:50.075] PartLoader: Part 'Squad/Parts/Engine/liquidEngineLV-T45/liquidEngineLV-T45/liquidEngine2' has no database record. Creating.
[LOG 18:23:50.075] [DragCubeSystem]: Drag cubes not found or cannot be read for part Part. Generating New drag cubes.
[LOG 18:23:50.075] [KSPCF/DragCubeGeneration] Creating drag cubes for part 'liquidEngine2'
[LOG 18:23:50.104] PartLoader: Compiling Part 'Squad/Parts/Engine/liquidEngineLV-T45_v2/liquidEngineLV-T45_v2/liquidEngine2_v2'
[LOG 18:23:50.114] PartLoader: Part 'Squad/Parts/Engine/liquidEngineLV-T45_v2/liquidEngineLV-T45_v2/liquidEngine2_v2' has no database record. Creating.
[LOG 18:23:50.117] PartLoader: Compiling Part 'Squad/Parts/Engine/liquidEngineMainsail_v2/liquidEngineMainsail_v2/liquidEngineMainsail_v2'
[LOG 18:23:50.130] PartLoader: Part 'Squad/Parts/Engine/liquidEngineMainsail_v2/liquidEngineMainsail_v2/liquidEngineMainsail_v2' has no database record. Creating.
[LOG 18:23:50.130] [DragCubeSystem]: Drag cubes not found or cannot be read for part Part. Generating New drag cubes.
[LOG 18:23:50.131] [KSPCF/DragCubeGeneration] Creating drag cubes for part 'liquidEngineMainsail.v2'
[LOG 18:23:50.199] PartLoader: Compiling Part 'Squad/Parts/Engine/liquidEngineMk55/liquidEngineMk55/radialLiquidEngine1-2'
[LOG 18:23:50.205] PartLoader: Part 'Squad/Parts/Engine/liquidEngineMk55/liquidEngineMk55/radialLiquidEngine1-2' has no database record. Creating.
[LOG 18:23:50.205] [DragCubeSystem]: Drag cubes not found or cannot be read for part Part. Generating New drag cubes.
[LOG 18:23:50.205] [KSPCF/DragCubeGeneration] Creating drag cubes for part 'radialLiquidEngine1-2'
[LOG 18:23:50.211] PartLoader: Compiling Part 'Squad/Parts/Engine/liquidEnginePoodle_v2/liquidEnginePoodle_v2/liquidEngine2-2_v2'
[LOG 18:23:50.220] PartLoader: Part 'Squad/Parts/Engine/liquidEnginePoodle_v2/liquidEnginePoodle_v2/liquidEngine2-2_v2' has no database record. Creating.
[LOG 18:23:50.224] PartLoader: Compiling Part 'Squad/Parts/Engine/liquidEngineSkipper_v2/skipperLiquidEngine_v2/engineLargeSkipper_v2'
[LOG 18:23:50.237] PartLoader: Part 'Squad/Parts/Engine/liquidEngineSkipper_v2/skipperLiquidEngine_v2/engineLargeSkipper_v2' has no database record. Creating.
[LOG 18:23:50.237] [DragCubeSystem]: Drag cubes not found or cannot be read for part Part. Generating New drag cubes.
[LOG 18:23:50.237] [KSPCF/DragCubeGeneration] Creating drag cubes for part 'engineLargeSkipper.v2'
[LOG 18:23:50.309] PartLoader: Compiling Part 'Squad/Parts/Engine/liquidEngineSSME/SSME/SSME'
[LOG 18:23:50.317] PartLoader: Part 'Squad/Parts/Engine/liquidEngineSSME/SSME/SSME' has no database record. Creating.
[LOG 18:23:50.317] [DragCubeSystem]: Drag cubes not found or cannot be read for part Part. Generating New drag cubes.
[LOG 18:23:50.318] [KSPCF/DragCubeGeneration] Creating drag cubes for part 'SSME'
[LOG 18:23:50.340] PartLoader: Compiling Part 'Squad/Parts/Engine/MassiveSRB/part/MassiveBooster'
[LOG 18:23:50.348] PartLoader: Part 'Squad/Parts/Engine/MassiveSRB/part/MassiveBooster' has no database record. Creating.
[LOG 18:23:50.348] [DragCubeSystem]: Drag cubes not found or cannot be read for part Part. Generating New drag cubes.
[LOG 18:23:50.348] [KSPCF/DragCubeGeneration] Creating drag cubes for part 'MassiveBooster'
[LOG 18:23:50.353] PartLoader: Compiling Part 'Squad/Parts/Engine/miniJet/SmallJetEngine/miniJetEngine'
[LOG 18:23:50.364] PartLoader: Part 'Squad/Parts/Engine/miniJet/SmallJetEngine/miniJetEngine' has no database record. Creating.
[LOG 18:23:50.365] [DragCubeSystem]: Drag cubes not found or cannot be read for part Part. Generating New drag cubes.
[LOG 18:23:50.365] [KSPCF/DragCubeGeneration] Creating drag cubes for part 'miniJetEngine'
[LOG 18:23:50.371] PartLoader: Compiling Part 'Squad/Parts/Engine/OMSEngine/omsEngine/omsEngine'
[LOG 18:23:50.377] PartLoader: Part 'Squad/Parts/Engine/OMSEngine/omsEngine/omsEngine' has no database record. Creating.
[LOG 18:23:50.377] [DragCubeSystem]: Drag cubes not found or cannot be read for part Part. Generating New drag cubes.
[LOG 18:23:50.377] [KSPCF/DragCubeGeneration] Creating drag cubes for part 'omsEngine'
[LOG 18:23:50.382] PartLoader: Compiling Part 'Squad/Parts/Engine/rapierEngine/rapierEngine/RAPIER'
[LOG 18:23:50.393] PartLoader: Part 'Squad/Parts/Engine/rapierEngine/rapierEngine/RAPIER' has no database record. Creating.
[LOG 18:23:50.393] [DragCubeSystem]: Drag cubes not found or cannot be read for part Part. Generating New drag cubes.
[LOG 18:23:50.393] [KSPCF/DragCubeGeneration] Creating drag cubes for part 'RAPIER'
[LOG 18:23:50.405] PartLoader: Compiling Part 'Squad/Parts/Engine/Size1_SRBs/solidBoosterRT-10_v2/solidBooster_v2'
[LOG 18:23:50.415] PartLoader: Part 'Squad/Parts/Engine/Size1_SRBs/solidBoosterRT-10_v2/solidBooster_v2' has no database record. Creating.
[LOG 18:23:50.415] [DragCubeSystem]: Drag cubes not found or cannot be read for part Part. Generating New drag cubes.
[LOG 18:23:50.415] [KSPCF/DragCubeGeneration] Creating drag cubes for part 'solidBooster.v2'
[LOG 18:23:50.439] PartLoader: Compiling Part 'Squad/Parts/Engine/Size1_SRBs/solidBoosterRT-5_v2/solidBooster_sm_v2'
[LOG 18:23:50.448] PartLoader: Part 'Squad/Parts/Engine/Size1_SRBs/solidBoosterRT-5_v2/solidBooster_sm_v2' has no database record. Creating.
[LOG 18:23:50.448] [DragCubeSystem]: Drag cubes not found or cannot be read for part Part. Generating New drag cubes.
[LOG 18:23:50.448] [KSPCF/DragCubeGeneration] Creating drag cubes for part 'solidBooster.sm.v2'
[LOG 18:23:50.471] PartLoader: Compiling Part 'Squad/Parts/Engine/Size2LFB/part/Size2LFB'
[LOG 18:23:50.482] PartLoader: Part 'Squad/Parts/Engine/Size2LFB/part/Size2LFB' has no database record. Creating.
[LOG 18:23:50.482] [DragCubeSystem]: Drag cubes not found or cannot be read for part Part. Generating New drag cubes.
[LOG 18:23:50.482] [KSPCF/DragCubeGeneration] Creating drag cubes for part 'Size2LFB'
[LOG 18:23:50.488] PartLoader: Compiling Part 'Squad/Parts/Engine/Size2LFB_v2/part/Size2LFB_v2'
[LOG 18:23:50.496] PartLoader: Part 'Squad/Parts/Engine/Size2LFB_v2/part/Size2LFB_v2' has no database record. Creating.
[LOG 18:23:50.496] [DragCubeSystem]: Drag cubes not found or cannot be read for part Part. Generating New drag cubes.
[LOG 18:23:50.496] [KSPCF/DragCubeGeneration] Creating drag cubes for part 'Size2LFB.v2'
[LOG 18:23:50.504] PartLoader: Compiling Part 'Squad/Parts/Engine/Size3AdvancedEngine/part/Size3AdvancedEngine'
[LOG 18:23:50.513] PartLoader: Part 'Squad/Parts/Engine/Size3AdvancedEngine/part/Size3AdvancedEngine' has no database record. Creating.
[LOG 18:23:50.513] [DragCubeSystem]: Drag cubes not found or cannot be read for part Part. Generating New drag cubes.
[LOG 18:23:50.513] [KSPCF/DragCubeGeneration] Creating drag cubes for part 'Size3AdvancedEngine'
[LOG 18:23:50.530] PartLoader: Compiling Part 'Squad/Parts/Engine/Size3EngineCluster/part/Size3EngineCluster'
[LOG 18:23:50.537] PartLoader: Part 'Squad/Parts/Engine/Size3EngineCluster/part/Size3EngineCluster' has no database record. Creating.
[LOG 18:23:50.537] [DragCubeSystem]: Drag cubes not found or cannot be read for part Part. Generating New drag cubes.
[LOG 18:23:50.537] [KSPCF/DragCubeGeneration] Creating drag cubes for part 'Size3EngineCluster'
[LOG 18:23:50.544] PartLoader: Compiling Part 'Squad/Parts/Engine/solidBoosterBACC/solidBoosterBACC/solidBooster1-1'
[LOG 18:23:50.549] PartLoader: Part 'Squad/Parts/Engine/solidBoosterBACC/solidBoosterBACC/solidBooster1-1' has no database record. Creating.
[LOG 18:23:50.550] [DragCubeSystem]: Drag cubes not found or cannot be read for part Part. Generating New drag cubes.
[LOG 18:23:50.550] [KSPCF/DragCubeGeneration] Creating drag cubes for part 'solidBooster1-1'
[LOG 18:23:50.556] PartLoader: Compiling Part 'Squad/Parts/Engine/solidBoosterS2-17/solidBoosterS2-17/Thoroughbred'
[LOG 18:23:50.563] PartLoader: Part 'Squad/Parts/Engine/solidBoosterS2-17/solidBoosterS2-17/Thoroughbred' has no database record. Creating.
[LOG 18:23:50.563] [DragCubeSystem]: Drag cubes not found or cannot be read for part Part. Generating New drag cubes.
[LOG 18:23:50.563] [KSPCF/DragCubeGeneration] Creating drag cubes for part 'Thoroughbred'
[LOG 18:23:50.570] PartLoader: Compiling Part 'Squad/Parts/Engine/solidBoosterS2-33/solidBoosterS2-33/Clydesdale'
[LOG 18:23:50.580] PartLoader: Part 'Squad/Parts/Engine/solidBoosterS2-33/solidBoosterS2-33/Clydesdale' has no database record. Creating.
[LOG 18:23:50.580] [DragCubeSystem]: Drag cubes not found or cannot be read for part Part. Generating New drag cubes.
[LOG 18:23:50.580] [KSPCF/DragCubeGeneration] Creating drag cubes for part 'Clydesdale'
[LOG 18:23:50.586] PartLoader: Compiling Part 'Squad/Parts/Engine/solidBoosterSep/solidBoosterSep/sepMotor1'
[LOG 18:23:50.589] [ModuleCargoPart]: Setting stackableQuantity to 1 as sepMotor1 contains resources
[LOG 18:23:50.592] PartLoader: Part 'Squad/Parts/Engine/solidBoosterSep/solidBoosterSep/sepMotor1' has no database record. Creating.
[LOG 18:23:50.592] [DragCubeSystem]: Drag cubes not found or cannot be read for part Part. Generating New drag cubes.
[LOG 18:23:50.592] [KSPCF/DragCubeGeneration] Creating drag cubes for part 'sepMotor1'
[LOG 18:23:50.597] PartLoader: Compiling Part 'Squad/Parts/Engine/SolidBoostersF/SolidBoosterF3S0/Shrimp'
[LOG 18:23:50.603] PartLoader: Part 'Squad/Parts/Engine/SolidBoostersF/SolidBoosterF3S0/Shrimp' has no database record. Creating.
[LOG 18:23:50.603] [DragCubeSystem]: Drag cubes not found or cannot be read for part Part. Generating New drag cubes.
[LOG 18:23:50.603] [KSPCF/DragCubeGeneration] Creating drag cubes for part 'Shrimp'
[LOG 18:23:50.608] PartLoader: Compiling Part 'Squad/Parts/Engine/SolidBoostersF/SolidBoosterFM1/Mite'
[LOG 18:23:50.614] PartLoader: Part 'Squad/Parts/Engine/SolidBoostersF/SolidBoosterFM1/Mite' has no database record. Creating.
[LOG 18:23:50.614] [DragCubeSystem]: Drag cubes not found or cannot be read for part Part. Generating New drag cubes.
[LOG 18:23:50.614] [KSPCF/DragCubeGeneration] Creating drag cubes for part 'Mite'
[LOG 18:23:50.620] PartLoader: Compiling Part 'Squad/Parts/FuelTank/adapterTanks/Mk3-Mk2/adapterMk3-Mk2'
[LOG 18:23:50.622] PartLoader: Part 'Squad/Parts/FuelTank/adapterTanks/Mk3-Mk2/adapterMk3-Mk2' has no database record. Creating.
[LOG 18:23:50.622] [DragCubeSystem]: Drag cubes not found or cannot be read for part Part. Generating New drag cubes.
[LOG 18:23:50.622] [KSPCF/DragCubeGeneration] Creating drag cubes for part 'adapterMk3-Mk2'
[LOG 18:23:50.628] PartLoader: Compiling Part 'Squad/Parts/FuelTank/adapterTanks/Mk3-ShuttleAdapter/adapterEngines'
[LOG 18:23:50.631] PartLoader: Part 'Squad/Parts/FuelTank/adapterTanks/Mk3-ShuttleAdapter/adapterEngines' has no database record. Creating.
[LOG 18:23:50.631] [DragCubeSystem]: Drag cubes not found or cannot be read for part Part. Generating New drag cubes.
[LOG 18:23:50.631] [KSPCF/DragCubeGeneration] Creating drag cubes for part 'adapterEngines'
[LOG 18:23:50.636] PartLoader: Compiling Part 'Squad/Parts/FuelTank/adapterTanks/Mk3-Size2/adapterMk3-Size2'
[LOG 18:23:50.638] PartLoader: Part 'Squad/Parts/FuelTank/adapterTanks/Mk3-Size2/adapterMk3-Size2' has no database record. Creating.
[LOG 18:23:50.638] [DragCubeSystem]: Drag cubes not found or cannot be read for part Part. Generating New drag cubes.
[LOG 18:23:50.638] [KSPCF/DragCubeGeneration] Creating drag cubes for part 'adapterMk3-Size2'
[LOG 18:23:50.643] PartLoader: Compiling Part 'Squad/Parts/FuelTank/adapterTanks/Mk3-Size2Slant/adapterMk3-Size2Slant'
[LOG 18:23:50.646] PartLoader: Part 'Squad/Parts/FuelTank/adapterTanks/Mk3-Size2Slant/adapterMk3-Size2Slant' has no database record. Creating.
[LOG 18:23:50.646] [DragCubeSystem]: Drag cubes not found or cannot be read for part Part. Generating New drag cubes.
[LOG 18:23:50.646] [KSPCF/DragCubeGeneration] Creating drag cubes for part 'adapterMk3-Size2Slant'
[LOG 18:23:50.651] PartLoader: Compiling Part 'Squad/Parts/FuelTank/adapterTanks/Size2-Mk2/adapterSize2-Mk2'
[LOG 18:23:50.654] PartLoader: Part 'Squad/Parts/FuelTank/adapterTanks/Size2-Mk2/adapterSize2-Mk2' has no database record. Creating.
[LOG 18:23:50.654] [DragCubeSystem]: Drag cubes not found or cannot be read for part Part. Generating New drag cubes.
[LOG 18:23:50.654] [KSPCF/DragCubeGeneration] Creating drag cubes for part 'adapterSize2-Mk2'
[LOG 18:23:50.659] PartLoader: Compiling Part 'Squad/Parts/FuelTank/adapterTanks/Size2-Size1/adapterSize2-Size1'
[LOG 18:23:50.663] PartLoader: Part 'Squad/Parts/FuelTank/adapterTanks/Size2-Size1/adapterSize2-Size1' has no database record. Creating.
[LOG 18:23:50.663] [DragCubeSystem]: Drag cubes not found or cannot be read for part Part. Generating New drag cubes.
[LOG 18:23:50.663] [KSPCF/DragCubeGeneration] Creating drag cubes for part 'adapterSize2-Size1'
[LOG 18:23:50.668] PartLoader: Compiling Part 'Squad/Parts/FuelTank/adapterTanks/Size2-Size1Slant/adapterSize2-Size1Slant'
[LOG 18:23:50.671] PartLoader: Part 'Squad/Parts/FuelTank/adapterTanks/Size2-Size1Slant/adapterSize2-Size1Slant' has no database record. Creating.
[LOG 18:23:50.672] [DragCubeSystem]: Drag cubes not found or cannot be read for part Part. Generating New drag cubes.
[LOG 18:23:50.672] [KSPCF/DragCubeGeneration] Creating drag cubes for part 'adapterSize2-Size1Slant'
[LOG 18:23:50.676] PartLoader: Compiling Part 'Squad/Parts/FuelTank/adapterTanks/Size3-Mk3/adapterSize3-Mk3'
[LOG 18:23:50.679] PartLoader: Part 'Squad/Parts/FuelTank/adapterTanks/Size3-Mk3/adapterSize3-Mk3' has no database record. Creating.
[LOG 18:23:50.679] [DragCubeSystem]: Drag cubes not found or cannot be read for part Part. Generating New drag cubes.
[LOG 18:23:50.680] [KSPCF/DragCubeGeneration] Creating drag cubes for part 'adapterSize3-Mk3'
[LOG 18:23:50.684] PartLoader: Compiling Part 'Squad/Parts/FuelTank/drainTankFTE-1/ReleaseValve/ReleaseValve'
[LOG 18:23:50.697] PartLoader: Part 'Squad/Parts/FuelTank/drainTankFTE-1/ReleaseValve/ReleaseValve' has no database record. Creating.
[LOG 18:23:50.697] [DragCubeSystem]: Drag cubes not found or cannot be read for part Part. Generating New drag cubes.
[LOG 18:23:50.697] [KSPCF/DragCubeGeneration] Creating drag cubes for part 'ReleaseValve'
[LOG 18:23:50.702] PartLoader: Compiling Part 'Squad/Parts/FuelTank/FoilTanks/RadialTank_Capsule/externalTankCapsule'
[LOG 18:23:50.705] PartLoader: Part 'Squad/Parts/FuelTank/FoilTanks/RadialTank_Capsule/externalTankCapsule' has no database record. Creating.
[LOG 18:23:50.705] [DragCubeSystem]: Drag cubes not found or cannot be read for part Part. Generating New drag cubes.
[LOG 18:23:50.705] [KSPCF/DragCubeGeneration] Creating drag cubes for part 'externalTankCapsule'
[LOG 18:23:50.711] PartLoader: Compiling Part 'Squad/Parts/FuelTank/FoilTanks/RadialTank_Round/externalTankRound'
[LOG 18:23:50.713] PartLoader: Part 'Squad/Parts/FuelTank/FoilTanks/RadialTank_Round/externalTankRound' has no database record. Creating.
[LOG 18:23:50.713] [DragCubeSystem]: Drag cubes not found or cannot be read for part Part. Generating New drag cubes.
[LOG 18:23:50.713] [KSPCF/DragCubeGeneration] Creating drag cubes for part 'externalTankRound'
[LOG 18:23:50.719] PartLoader: Compiling Part 'Squad/Parts/FuelTank/FoilTanks/ToroidTank/externalTankToroid'
[LOG 18:23:50.722] PartLoader: Part 'Squad/Parts/FuelTank/FoilTanks/ToroidTank/externalTankToroid' has no database record. Creating.
[LOG 18:23:50.722] [DragCubeSystem]: Drag cubes not found or cannot be read for part Part. Generating New drag cubes.
[LOG 18:23:50.722] [KSPCF/DragCubeGeneration] Creating drag cubes for part 'externalTankToroid'
[LOG 18:23:50.727] PartLoader: Compiling Part 'Squad/Parts/FuelTank/fuelTankOscarB/fuelTankOscarB/miniFuelTank'
[LOG 18:23:50.731] PartLoader: Part 'Squad/Parts/FuelTank/fuelTankOscarB/fuelTankOscarB/miniFuelTank' has no database record. Creating.
[LOG 18:23:50.731] [DragCubeSystem]: Drag cubes not found or cannot be read for part Part. Generating New drag cubes.
[LOG 18:23:50.731] [KSPCF/DragCubeGeneration] Creating drag cubes for part 'miniFuelTank'
[LOG 18:23:50.735] PartLoader: Compiling Part 'Squad/Parts/FuelTank/miniFuselage/miniFuselage/miniFuselage'
[LOG 18:23:50.739] PartLoader: Part 'Squad/Parts/FuelTank/miniFuselage/miniFuselage/miniFuselage' has no database record. Creating.
[LOG 18:23:50.739] [DragCubeSystem]: Drag cubes not found or cannot be read for part Part. Generating New drag cubes.
[LOG 18:23:50.739] [KSPCF/DragCubeGeneration] Creating drag cubes for part 'miniFuselage'
[LOG 18:23:50.744] PartLoader: Compiling Part 'Squad/Parts/FuelTank/mk2Adapters/bicoupler/mk2_1m_Bicoupler'
[LOG 18:23:50.747] PartLoader: Part 'Squad/Parts/FuelTank/mk2Adapters/bicoupler/mk2_1m_Bicoupler' has no database record. Creating.
[LOG 18:23:50.747] [DragCubeSystem]: Drag cubes not found or cannot be read for part Part. Generating New drag cubes.
[LOG 18:23:50.748] [KSPCF/DragCubeGeneration] Creating drag cubes for part 'mk2.1m.Bicoupler'
[LOG 18:23:50.753] PartLoader: Compiling Part 'Squad/Parts/FuelTank/mk2Adapters/long/mk2_1m_AdapterLong'
[LOG 18:23:50.757] PartLoader: Part 'Squad/Parts/FuelTank/mk2Adapters/long/mk2_1m_AdapterLong' has no database record. Creating.
[LOG 18:23:50.757] [DragCubeSystem]: Drag cubes not found or cannot be read for part Part. Generating New drag cubes.
[LOG 18:23:50.757] [KSPCF/DragCubeGeneration] Creating drag cubes for part 'mk2.1m.AdapterLong'
[LOG 18:23:50.762] PartLoader: Compiling Part 'Squad/Parts/FuelTank/mk2Adapters/standard/mk2SpacePlaneAdapter'
[LOG 18:23:50.766] PartLoader: Part 'Squad/Parts/FuelTank/mk2Adapters/standard/mk2SpacePlaneAdapter' has no database record. Creating.
[LOG 18:23:50.766] [DragCubeSystem]: Drag cubes not found or cannot be read for part Part. Generating New drag cubes.
[LOG 18:23:50.766] [KSPCF/DragCubeGeneration] Creating drag cubes for part 'mk2SpacePlaneAdapter'
[LOG 18:23:50.771] PartLoader: Compiling Part 'Squad/Parts/FuelTank/mk2FuselageLong/LFO_long/mk2FuselageLongLFO'
[LOG 18:23:50.775] PartLoader: Part 'Squad/Parts/FuelTank/mk2FuselageLong/LFO_long/mk2FuselageLongLFO' has no database record. Creating.
[LOG 18:23:50.775] [DragCubeSystem]: Drag cubes not found or cannot be read for part Part. Generating New drag cubes.
[LOG 18:23:50.775] [KSPCF/DragCubeGeneration] Creating drag cubes for part 'mk2FuselageLongLFO'
[LOG 18:23:50.780] PartLoader: Compiling Part 'Squad/Parts/FuelTank/mk2FuselageLong/L_long/mk2Fuselage'
[LOG 18:23:50.783] PartLoader: Part 'Squad/Parts/FuelTank/mk2FuselageLong/L_long/mk2Fuselage' has no database record. Creating.
[LOG 18:23:50.783] [DragCubeSystem]: Drag cubes not found or cannot be read for part Part. Generating New drag cubes.
[LOG 18:23:50.783] [KSPCF/DragCubeGeneration] Creating drag cubes for part 'mk2Fuselage'
[LOG 18:23:50.788] PartLoader: Compiling Part 'Squad/Parts/FuelTank/mk2FuselageShort/LFO_short/mk2FuselageShortLFO'
[LOG 18:23:50.792] PartLoader: Part 'Squad/Parts/FuelTank/mk2FuselageShort/LFO_short/mk2FuselageShortLFO' has no database record. Creating.
[LOG 18:23:50.792] [DragCubeSystem]: Drag cubes not found or cannot be read for part Part. Generating New drag cubes.
[LOG 18:23:50.792] [KSPCF/DragCubeGeneration] Creating drag cubes for part 'mk2FuselageShortLFO'
[LOG 18:23:50.798] PartLoader: Compiling Part 'Squad/Parts/FuelTank/mk2FuselageShort/L_short/mk2FuselageShortLiquid'
[LOG 18:23:50.804] PartLoader: Part 'Squad/Parts/FuelTank/mk2FuselageShort/L_short/mk2FuselageShortLiquid' has no database record. Creating.
[LOG 18:23:50.804] [DragCubeSystem]: Drag cubes not found or cannot be read for part Part. Generating New drag cubes.
[LOG 18:23:50.804] [KSPCF/DragCubeGeneration] Creating drag cubes for part 'mk2FuselageShortLiquid'
[LOG 18:23:50.809] PartLoader: Compiling Part 'Squad/Parts/FuelTank/mk2FuselageShort/Mono_short/mk2FuselageShortMono'
[LOG 18:23:50.813] PartLoader: Part 'Squad/Parts/FuelTank/mk2FuselageShort/Mono_short/mk2FuselageShortMono' has no database record. Creating.
[LOG 18:23:50.813] [DragCubeSystem]: Drag cubes not found or cannot be read for part Part. Generating New drag cubes.
[LOG 18:23:50.813] [KSPCF/DragCubeGeneration] Creating drag cubes for part 'mk2FuselageShortMono'
[LOG 18:23:50.818] PartLoader: Compiling Part 'Squad/Parts/FuelTank/mk3Fuselage/CREW/mk3CrewCabin'
[LOG 18:23:50.822] PartLoader: Part 'Squad/Parts/FuelTank/mk3Fuselage/CREW/mk3CrewCabin' has no database record. Creating.
[LOG 18:23:50.822] [DragCubeSystem]: Drag cubes not found or cannot be read for part Part. Generating New drag cubes.
[LOG 18:23:50.822] [KSPCF/DragCubeGeneration] Creating drag cubes for part 'mk3CrewCabin'
[LOG 18:23:50.828] PartLoader: Compiling Part 'Squad/Parts/FuelTank/mk3Fuselage/LFO_100/mk3FuselageLFO_100'
[LOG 18:23:50.830] PartLoader: Part 'Squad/Parts/FuelTank/mk3Fuselage/LFO_100/mk3FuselageLFO_100' has no database record. Creating.
[LOG 18:23:50.830] [DragCubeSystem]: Drag cubes not found or cannot be read for part Part. Generating New drag cubes.
[LOG 18:23:50.830] [KSPCF/DragCubeGeneration] Creating drag cubes for part 'mk3FuselageLFO.100'
[LOG 18:23:50.835] PartLoader: Compiling Part 'Squad/Parts/FuelTank/mk3Fuselage/LFO_25/mk3FuselageLFO_25'
[LOG 18:23:50.839] PartLoader: Part 'Squad/Parts/FuelTank/mk3Fuselage/LFO_25/mk3FuselageLFO_25' has no database record. Creating.
[LOG 18:23:50.839] [DragCubeSystem]: Drag cubes not found or cannot be read for part Part. Generating New drag cubes.
[LOG 18:23:50.839] [KSPCF/DragCubeGeneration] Creating drag cubes for part 'mk3FuselageLFO.25'
[LOG 18:23:50.844] PartLoader: Compiling Part 'Squad/Parts/FuelTank/mk3Fuselage/LFO_50/mk3FuselageLFO_50'
[LOG 18:23:50.846] PartLoader: Part 'Squad/Parts/FuelTank/mk3Fuselage/LFO_50/mk3FuselageLFO_50' has no database record. Creating.
[LOG 18:23:50.846] [DragCubeSystem]: Drag cubes not found or cannot be read for part Part. Generating New drag cubes.
[LOG 18:23:50.846] [KSPCF/DragCubeGeneration] Creating drag cubes for part 'mk3FuselageLFO.50'
[LOG 18:23:50.851] PartLoader: Compiling Part 'Squad/Parts/FuelTank/mk3Fuselage/LF_100/mk3FuselageLF_100'
[LOG 18:23:50.854] PartLoader: Part 'Squad/Parts/FuelTank/mk3Fuselage/LF_100/mk3FuselageLF_100' has no database record. Creating.
[LOG 18:23:50.855] [DragCubeSystem]: Drag cubes not found or cannot be read for part Part. Generating New drag cubes.
[LOG 18:23:50.855] [KSPCF/DragCubeGeneration] Creating drag cubes for part 'mk3FuselageLF.100'
[LOG 18:23:50.859] PartLoader: Compiling Part 'Squad/Parts/FuelTank/mk3Fuselage/LF_25/mk3FuselageLF_25'
[LOG 18:23:50.861] PartLoader: Part 'Squad/Parts/FuelTank/mk3Fuselage/LF_25/mk3FuselageLF_25' has no database record. Creating.
[LOG 18:23:50.861] [DragCubeSystem]: Drag cubes not found or cannot be read for part Part. Generating New drag cubes.
[LOG 18:23:50.861] [KSPCF/DragCubeGeneration] Creating drag cubes for part 'mk3FuselageLF.25'
[LOG 18:23:50.866] PartLoader: Compiling Part 'Squad/Parts/FuelTank/mk3Fuselage/LF_50/mk3FuselageLF_50'
[LOG 18:23:50.869] PartLoader: Part 'Squad/Parts/FuelTank/mk3Fuselage/LF_50/mk3FuselageLF_50' has no database record. Creating.
[LOG 18:23:50.869] [DragCubeSystem]: Drag cubes not found or cannot be read for part Part. Generating New drag cubes.
[LOG 18:23:50.869] [KSPCF/DragCubeGeneration] Creating drag cubes for part 'mk3FuselageLF.50'
[LOG 18:23:50.875] PartLoader: Compiling Part 'Squad/Parts/FuelTank/mk3Fuselage/MONO/mk3FuselageMONO'
[LOG 18:23:50.877] PartLoader: Part 'Squad/Parts/FuelTank/mk3Fuselage/MONO/mk3FuselageMONO' has no database record. Creating.
[LOG 18:23:50.877] [DragCubeSystem]: Drag cubes not found or cannot be read for part Part. Generating New drag cubes.
[LOG 18:23:50.877] [KSPCF/DragCubeGeneration] Creating drag cubes for part 'mk3FuselageMONO'
[LOG 18:23:50.882] PartLoader: Compiling Part 'Squad/Parts/FuelTank/RCSFuelTankR1/RCSFuelTankR1/RCSTank1-2'
[LOG 18:23:50.885] PartLoader: Part 'Squad/Parts/FuelTank/RCSFuelTankR1/RCSFuelTankR1/RCSTank1-2' has no database record. Creating.
[LOG 18:23:50.885] [DragCubeSystem]: Drag cubes not found or cannot be read for part Part. Generating New drag cubes.
[LOG 18:23:50.885] [KSPCF/DragCubeGeneration] Creating drag cubes for part 'RCSTank1-2'
[LOG 18:23:50.890] PartLoader: Compiling Part 'Squad/Parts/FuelTank/RCSFuelTankR10/RCSFuelTankR10/rcsTankMini'
[LOG 18:23:50.893] PartLoader: Part 'Squad/Parts/FuelTank/RCSFuelTankR10/RCSFuelTankR10/rcsTankMini' has no database record. Creating.
[LOG 18:23:50.893] [DragCubeSystem]: Drag cubes not found or cannot be read for part Part. Generating New drag cubes.
[LOG 18:23:50.893] [KSPCF/DragCubeGeneration] Creating drag cubes for part 'rcsTankMini'
[LOG 18:23:50.897] PartLoader: Compiling Part 'Squad/Parts/FuelTank/RCSFuelTankR25/RCSFuelTankR25/RCSFuelTank'
[LOG 18:23:50.900] PartLoader: Part 'Squad/Parts/FuelTank/RCSFuelTankR25/RCSFuelTankR25/RCSFuelTank' has no database record. Creating.
[LOG 18:23:50.900] [DragCubeSystem]: Drag cubes not found or cannot be read for part Part. Generating New drag cubes.
[LOG 18:23:50.900] [KSPCF/DragCubeGeneration] Creating drag cubes for part 'RCSFuelTank'
[LOG 18:23:50.904] PartLoader: Compiling Part 'Squad/Parts/FuelTank/RCSTankRadial/radialRCSTank/radialRCSTank'
[LOG 18:23:50.911] PartLoader: Part 'Squad/Parts/FuelTank/RCSTankRadial/radialRCSTank/radialRCSTank' has no database record. Creating.
[LOG 18:23:50.911] [DragCubeSystem]: Drag cubes not found or cannot be read for part Part. Generating New drag cubes.
[LOG 18:23:50.911] [KSPCF/DragCubeGeneration] Creating drag cubes for part 'radialRCSTank'
[LOG 18:23:50.915] PartLoader: Compiling Part 'Squad/Parts/FuelTank/RCStankRadialLong/RCSTankRadialLong/rcsTankRadialLong'
[LOG 18:23:50.919] PartLoader: Part 'Squad/Parts/FuelTank/RCStankRadialLong/RCSTankRadialLong/rcsTankRadialLong' has no database record. Creating.
[LOG 18:23:50.919] [DragCubeSystem]: Drag cubes not found or cannot be read for part Part. Generating New drag cubes.
[LOG 18:23:50.919] [KSPCF/DragCubeGeneration] Creating drag cubes for part 'rcsTankRadialLong'
[LOG 18:23:50.923] PartLoader: Compiling Part 'Squad/Parts/FuelTank/RockomaxTanks/Rockomax16/Rockomax16_BW'
[LOG 18:23:50.926] PartLoader: Part 'Squad/Parts/FuelTank/RockomaxTanks/Rockomax16/Rockomax16_BW' has no database record. Creating.
[LOG 18:23:50.926] [DragCubeSystem]: Drag cubes not found or cannot be read for part Part. Generating New drag cubes.
[LOG 18:23:50.926] [KSPCF/DragCubeGeneration] Creating drag cubes for part 'Rockomax16.BW'
[LOG 18:23:50.930] PartLoader: Compiling Part 'Squad/Parts/FuelTank/RockomaxTanks/Rockomax32/Rockomax32_BW'
[LOG 18:23:50.933] PartLoader: Part 'Squad/Parts/FuelTank/RockomaxTanks/Rockomax32/Rockomax32_BW' has no database record. Creating.
[LOG 18:23:50.933] [DragCubeSystem]: Drag cubes not found or cannot be read for part Part. Generating New drag cubes.
[LOG 18:23:50.933] [KSPCF/DragCubeGeneration] Creating drag cubes for part 'Rockomax32.BW'
[LOG 18:23:50.951] PartLoader: Compiling Part 'Squad/Parts/FuelTank/RockomaxTanks/Rockomax64/Rockomax64_BW'
[LOG 18:23:50.953] PartLoader: Part 'Squad/Parts/FuelTank/RockomaxTanks/Rockomax64/Rockomax64_BW' has no database record. Creating.
[LOG 18:23:50.953] [DragCubeSystem]: Drag cubes not found or cannot be read for part Part. Generating New drag cubes.
[LOG 18:23:50.953] [KSPCF/DragCubeGeneration] Creating drag cubes for part 'Rockomax64.BW'
[LOG 18:23:50.966] PartLoader: Compiling Part 'Squad/Parts/FuelTank/RockomaxTanks/Rockomax8/Rockomax8BW'
[LOG 18:23:50.970] PartLoader: Part 'Squad/Parts/FuelTank/RockomaxTanks/Rockomax8/Rockomax8BW' has no database record. Creating.
[LOG 18:23:50.970] [DragCubeSystem]: Drag cubes not found or cannot be read for part Part. Generating New drag cubes.
[LOG 18:23:50.970] [KSPCF/DragCubeGeneration] Creating drag cubes for part 'Rockomax8BW'
[LOG 18:23:50.981] PartLoader: Compiling Part 'Squad/Parts/FuelTank/Size1_Tanks/fuelTankT100/fuelTankSmallFlat'
[LOG 18:23:50.985] PartLoader: Part 'Squad/Parts/FuelTank/Size1_Tanks/fuelTankT100/fuelTankSmallFlat' has no database record. Creating.
[LOG 18:23:50.985] [DragCubeSystem]: Drag cubes not found or cannot be read for part Part. Generating New drag cubes.
[LOG 18:23:50.985] [KSPCF/DragCubeGeneration] Creating drag cubes for part 'fuelTankSmallFlat'
[LOG 18:23:50.990] PartLoader: Compiling Part 'Squad/Parts/FuelTank/Size1_Tanks/fuelTankT200/fuelTankSmall'
[LOG 18:23:50.993] PartLoader: Part 'Squad/Parts/FuelTank/Size1_Tanks/fuelTankT200/fuelTankSmall' has no database record. Creating.
[LOG 18:23:50.994] [DragCubeSystem]: Drag cubes not found or cannot be read for part Part. Generating New drag cubes.
[LOG 18:23:50.994] [KSPCF/DragCubeGeneration] Creating drag cubes for part 'fuelTankSmall'
[LOG 18:23:50.998] PartLoader: Compiling Part 'Squad/Parts/FuelTank/Size1_Tanks/fuelTankT400/fuelTank'
[LOG 18:23:51.001] PartLoader: Part 'Squad/Parts/FuelTank/Size1_Tanks/fuelTankT400/fuelTank' has no database record. Creating.
[LOG 18:23:51.001] [DragCubeSystem]: Drag cubes not found or cannot be read for part Part. Generating New drag cubes.
[LOG 18:23:51.001] [KSPCF/DragCubeGeneration] Creating drag cubes for part 'fuelTank'
[LOG 18:23:51.006] PartLoader: Compiling Part 'Squad/Parts/FuelTank/Size1_Tanks/fuelTankT800/fuelTank_long'
[LOG 18:23:51.012] PartLoader: Part 'Squad/Parts/FuelTank/Size1_Tanks/fuelTankT800/fuelTank_long' has no database record. Creating.
[LOG 18:23:51.012] [DragCubeSystem]: Drag cubes not found or cannot be read for part Part. Generating New drag cubes.
[LOG 18:23:51.012] [KSPCF/DragCubeGeneration] Creating drag cubes for part 'fuelTank.long'
[LOG 18:23:51.017] PartLoader: Compiling Part 'Squad/Parts/FuelTank/Size3Tanks/large/Size3LargeTank'
[LOG 18:23:51.021] PartLoader: Part 'Squad/Parts/FuelTank/Size3Tanks/large/Size3LargeTank' has no database record. Creating.
[LOG 18:23:51.021] [DragCubeSystem]: Drag cubes not found or cannot be read for part Part. Generating New drag cubes.
[LOG 18:23:51.021] [KSPCF/DragCubeGeneration] Creating drag cubes for part 'Size3LargeTank'
[LOG 18:23:51.025] PartLoader: Compiling Part 'Squad/Parts/FuelTank/Size3Tanks/medium/Size3MediumTank'
[LOG 18:23:51.029] PartLoader: Part 'Squad/Parts/FuelTank/Size3Tanks/medium/Size3MediumTank' has no database record. Creating.
[LOG 18:23:51.029] [DragCubeSystem]: Drag cubes not found or cannot be read for part Part. Generating New drag cubes.
[LOG 18:23:51.029] [KSPCF/DragCubeGeneration] Creating drag cubes for part 'Size3MediumTank'
[LOG 18:23:51.034] PartLoader: Compiling Part 'Squad/Parts/FuelTank/Size3Tanks/small/Size3SmallTank'
[LOG 18:23:51.037] PartLoader: Part 'Squad/Parts/FuelTank/Size3Tanks/small/Size3SmallTank' has no database record. Creating.
[LOG 18:23:51.037] [DragCubeSystem]: Drag cubes not found or cannot be read for part Part. Generating New drag cubes.
[LOG 18:23:51.037] [KSPCF/DragCubeGeneration] Creating drag cubes for part 'Size3SmallTank'
[LOG 18:23:51.041] PartLoader: Compiling Part 'Squad/Parts/FuelTank/xenonTank/xenonTank/xenonTank'
[LOG 18:23:51.045] PartLoader: Part 'Squad/Parts/FuelTank/xenonTank/xenonTank/xenonTank' has no database record. Creating.
[LOG 18:23:51.045] [DragCubeSystem]: Drag cubes not found or cannot be read for part Part. Generating New drag cubes.
[LOG 18:23:51.045] [KSPCF/DragCubeGeneration] Creating drag cubes for part 'xenonTank'
[LOG 18:23:51.049] PartLoader: Compiling Part 'Squad/Parts/FuelTank/xenonTankLarge/xenonTankLarge/xenonTankLarge'
[LOG 18:23:51.052] PartLoader: Part 'Squad/Parts/FuelTank/xenonTankLarge/xenonTankLarge/xenonTankLarge' has no database record. Creating.
[LOG 18:23:51.052] [DragCubeSystem]: Drag cubes not found or cannot be read for part Part. Generating New drag cubes.
[LOG 18:23:51.052] [KSPCF/DragCubeGeneration] Creating drag cubes for part 'xenonTankLarge'
[LOG 18:23:51.057] PartLoader: Compiling Part 'Squad/Parts/FuelTank/xenonTankRadial/xenonTankRadial/xenonTankRadial'
[LOG 18:23:51.059] PartLoader: Part 'Squad/Parts/FuelTank/xenonTankRadial/xenonTankRadial/xenonTankRadial' has no database record. Creating.
[LOG 18:23:51.060] [DragCubeSystem]: Drag cubes not found or cannot be read for part Part. Generating New drag cubes.
[LOG 18:23:51.060] [KSPCF/DragCubeGeneration] Creating drag cubes for part 'xenonTankRadial'
[LOG 18:23:51.064] PartLoader: Compiling Part 'Squad/Parts/Misc/AsteroidDay/CamSat/InfraredTelescope'
[LOG 18:23:51.071] PartLoader: Part 'Squad/Parts/Misc/AsteroidDay/CamSat/InfraredTelescope' has no database record. Creating.
[LOG 18:23:51.071] [DragCubeSystem]: Drag cubes not found or cannot be read for part Part. Generating New drag cubes.
[LOG 18:23:51.071] [KSPCF/DragCubeGeneration] Creating drag cubes for part 'InfraredTelescope'
[LOG 18:23:51.076] PartLoader: Compiling Part 'Squad/Parts/Misc/AsteroidDay/HECS2/HECS2_ProbeCore'
[LOG 18:23:51.084] PartLoader: Part 'Squad/Parts/Misc/AsteroidDay/HECS2/HECS2_ProbeCore' has no database record. Creating.
[LOG 18:23:51.084] [DragCubeSystem]: Drag cubes not found or cannot be read for part Part. Generating New drag cubes.
[LOG 18:23:51.084] [KSPCF/DragCubeGeneration] Creating drag cubes for part 'HECS2.ProbeCore'
[LOG 18:23:51.089] PartLoader: Compiling Part 'Squad/Parts/Misc/AsteroidDay/HighGainAntenna/HighGainAntenna'
[LOG 18:23:51.097] PartLoader: Part 'Squad/Parts/Misc/AsteroidDay/HighGainAntenna/HighGainAntenna' has no database record. Creating.
[LOG 18:23:51.097] [DragCubeSystem]: Drag cubes not found or cannot be read for part Part. Generating New drag cubes.
[LOG 18:23:51.097] [KSPCF/DragCubeGeneration] Creating drag cubes for part 'HighGainAntenna'
[LOG 18:23:51.111] PartLoader: Compiling Part 'Squad/Parts/Misc/AsteroidDay/LgRadialSolar/LgRadialSolarPanel'
[LOG 18:23:51.114] PartLoader: Part 'Squad/Parts/Misc/AsteroidDay/LgRadialSolar/LgRadialSolarPanel' has no database record. Creating.
[LOG 18:23:51.114] [DragCubeSystem]: Drag cubes not found or cannot be read for part Part. Generating New drag cubes.
[LOG 18:23:51.114] [KSPCF/DragCubeGeneration] Creating drag cubes for part 'LgRadialSolarPanel'
[LOG 18:23:51.121] PartLoader: Compiling Part 'Squad/Parts/Misc/PotatoComet/part/PotatoComet'
[LOG 18:23:51.133] PartLoader: Part 'Squad/Parts/Misc/PotatoComet/part/PotatoComet' has no database record. Creating.
[LOG 18:23:51.133] PartLoader: Compiling Part 'Squad/Parts/Misc/PotatoRoid/part/PotatoRoid'
[LOG 18:23:51.144] PartLoader: Part 'Squad/Parts/Misc/PotatoRoid/part/PotatoRoid' has no database record. Creating.
[LOG 18:23:51.144] PartLoader: Compiling Part 'Squad/Parts/Prebuilt/flag/flag'
[LOG 18:23:51.148] PartLoader: Compiling Part 'Squad/Parts/Prebuilt/kerbalEVA/kerbalEVA'
[LOG 18:23:51.176] PartLoader: Compiling Part 'Squad/Parts/Prebuilt/kerbalEVAfemale/kerbalEVAfemale'
[LOG 18:23:51.188] PartLoader: Compiling Part 'Squad/Parts/Prebuilt/kerbalEVASlimSuit/kerbalEVASlimSuit'
[LOG 18:23:51.200] PartLoader: Compiling Part 'Squad/Parts/Prebuilt/kerbalEVASlimSuitFemale/kerbalEVASlimSuitFemale'
[LOG 18:23:51.208] PartLoader: Compiling Part 'Squad/Parts/Resources/FuelCell/FuelCell/FuelCell'
[LOG 18:23:51.221] PartLoader: Part 'Squad/Parts/Resources/FuelCell/FuelCell/FuelCell' has no database record. Creating.
[LOG 18:23:51.221] [DragCubeSystem]: Drag cubes not found or cannot be read for part Part. Generating New drag cubes.
[LOG 18:23:51.221] [KSPCF/DragCubeGeneration] Creating drag cubes for part 'FuelCell'
[LOG 18:23:51.227] PartLoader: Compiling Part 'Squad/Parts/Resources/FuelCell/FuelCellArray/FuelCellArray'
[LOG 18:23:51.231] PartLoader: Part 'Squad/Parts/Resources/FuelCell/FuelCellArray/FuelCellArray' has no database record. Creating.
[LOG 18:23:51.231] [DragCubeSystem]: Drag cubes not found or cannot be read for part Part. Generating New drag cubes.
[LOG 18:23:51.231] [KSPCF/DragCubeGeneration] Creating drag cubes for part 'FuelCellArray'
[LOG 18:23:51.237] PartLoader: Compiling Part 'Squad/Parts/Resources/ISRU/ISRU/ISRU'
[LOG 18:23:51.248] PartLoader: Part 'Squad/Parts/Resources/ISRU/ISRU/ISRU' has no database record. Creating.
[LOG 18:23:51.248] [DragCubeSystem]: Drag cubes not found or cannot be read for part Part. Generating New drag cubes.
[LOG 18:23:51.248] [KSPCF/DragCubeGeneration] Creating drag cubes for part 'ISRU'
[LOG 18:23:51.263] PartLoader: Compiling Part 'Squad/Parts/Resources/LargeTank/LargeTank/LargeTank'
[LOG 18:23:51.268] PartLoader: Part 'Squad/Parts/Resources/LargeTank/LargeTank/LargeTank' has no database record. Creating.
[LOG 18:23:51.268] [DragCubeSystem]: Drag cubes not found or cannot be read for part Part. Generating New drag cubes.
[LOG 18:23:51.268] [KSPCF/DragCubeGeneration] Creating drag cubes for part 'LargeTank'
[LOG 18:23:51.272] PartLoader: Compiling Part 'Squad/Parts/Resources/MiniDrill/MiniDrill/MiniDrill'
[LOG 18:23:51.291] PartLoader: Part 'Squad/Parts/Resources/MiniDrill/MiniDrill/MiniDrill' has no database record. Creating.
[LOG 18:23:51.291] [DragCubeSystem]: Drag cubes not found or cannot be read for part Part. Generating New drag cubes.
[LOG 18:23:51.291] [KSPCF/DragCubeGeneration] Creating drag cubes for part 'MiniDrill'
[LOG 18:23:51.312] PartLoader: Compiling Part 'Squad/Parts/Resources/MiniISRU/MiniISRU/MiniISRU'
[LOG 18:23:51.318] PartLoader: Part 'Squad/Parts/Resources/MiniISRU/MiniISRU/MiniISRU' has no database record. Creating.
[LOG 18:23:51.318] [DragCubeSystem]: Drag cubes not found or cannot be read for part Part. Generating New drag cubes.
[LOG 18:23:51.318] [KSPCF/DragCubeGeneration] Creating drag cubes for part 'MiniISRU'
[LOG 18:23:51.323] PartLoader: Compiling Part 'Squad/Parts/Resources/OrbitalScanner/OrbitalScanner/OrbitalScanner'
[LOG 18:23:51.332] PartLoader: Part 'Squad/Parts/Resources/OrbitalScanner/OrbitalScanner/OrbitalScanner' has no database record. Creating.
[LOG 18:23:51.332] [DragCubeSystem]: Drag cubes not found or cannot be read for part Part. Generating New drag cubes.
[LOG 18:23:51.332] [KSPCF/DragCubeGeneration] Creating drag cubes for part 'OrbitalScanner'
[LOG 18:23:51.343] PartLoader: Compiling Part 'Squad/Parts/Resources/RadialDrill/RadialDrill/RadialDrill'
[LOG 18:23:51.350] PartLoader: Part 'Squad/Parts/Resources/RadialDrill/RadialDrill/RadialDrill' has no database record. Creating.
[LOG 18:23:51.350] [DragCubeSystem]: Drag cubes not found or cannot be read for part Part. Generating New drag cubes.
[LOG 18:23:51.350] [KSPCF/DragCubeGeneration] Creating drag cubes for part 'RadialDrill'
[LOG 18:23:51.374] PartLoader: Compiling Part 'Squad/Parts/Resources/RadialTank/RadialTank/RadialOreTank'
[LOG 18:23:51.378] PartLoader: Part 'Squad/Parts/Resources/RadialTank/RadialTank/RadialOreTank' has no database record. Creating.
[LOG 18:23:51.379] [DragCubeSystem]: Drag cubes not found or cannot be read for part Part. Generating New drag cubes.
[LOG 18:23:51.379] [KSPCF/DragCubeGeneration] Creating drag cubes for part 'RadialOreTank'
[LOG 18:23:51.383] PartLoader: Compiling Part 'Squad/Parts/Resources/SmallTank/SmallTank/SmallTank'
[LOG 18:23:51.385] PartLoader: Part 'Squad/Parts/Resources/SmallTank/SmallTank/SmallTank' has no database record. Creating.
[LOG 18:23:51.386] [DragCubeSystem]: Drag cubes not found or cannot be read for part Part. Generating New drag cubes.
[LOG 18:23:51.386] [KSPCF/DragCubeGeneration] Creating drag cubes for part 'SmallTank'
[LOG 18:23:51.390] PartLoader: Compiling Part 'Squad/Parts/Resources/SurfaceScanner/SurfaceScanner/SurfaceScanner'
[LOG 18:23:51.415] PartLoader: Part 'Squad/Parts/Resources/SurfaceScanner/SurfaceScanner/SurfaceScanner' has no database record. Creating.
[LOG 18:23:51.415] [DragCubeSystem]: Drag cubes not found or cannot be read for part Part. Generating New drag cubes.
[LOG 18:23:51.415] [KSPCF/DragCubeGeneration] Creating drag cubes for part 'SurfaceScanner'
[LOG 18:23:51.419] PartLoader: Compiling Part 'Squad/Parts/Resources/SurveyScanner/SurveyScanner/SurveyScanner'
[LOG 18:23:51.428] PartLoader: Part 'Squad/Parts/Resources/SurveyScanner/SurveyScanner/SurveyScanner' has no database record. Creating.
[LOG 18:23:51.428] [DragCubeSystem]: Drag cubes not found or cannot be read for part Part. Generating New drag cubes.
[LOG 18:23:51.428] [KSPCF/DragCubeGeneration] Creating drag cubes for part 'SurveyScanner'
[LOG 18:23:51.439] PartLoader: Compiling Part 'Squad/Parts/Science/AtmosphereSensor/sensorAtmosphere/sensorAtmosphere'
[LOG 18:23:51.443] PartLoader: Part 'Squad/Parts/Science/AtmosphereSensor/sensorAtmosphere/sensorAtmosphere' has no database record. Creating.
[LOG 18:23:51.443] [DragCubeSystem]: Drag cubes not found or cannot be read for part Part. Generating New drag cubes.
[LOG 18:23:51.443] [KSPCF/DragCubeGeneration] Creating drag cubes for part 'sensorAtmosphere'
[LOG 18:23:51.447] PartLoader: Compiling Part 'Squad/Parts/Science/GooExperiment/gooExperiment/GooExperiment'
[LOG 18:23:51.452] PartLoader: Part 'Squad/Parts/Science/GooExperiment/gooExperiment/GooExperiment' has no database record. Creating.
[LOG 18:23:51.452] [DragCubeSystem]: Drag cubes not found or cannot be read for part Part. Generating New drag cubes.
[LOG 18:23:51.452] [KSPCF/DragCubeGeneration] Creating drag cubes for part 'GooExperiment'
[LOG 18:23:51.464] PartLoader: Compiling Part 'Squad/Parts/Science/LargeCrewedLab/largeCrewedLab/Large_Crewed_Lab'
[LOG 18:23:51.480] PartLoader: Part 'Squad/Parts/Science/LargeCrewedLab/largeCrewedLab/Large_Crewed_Lab' has no database record. Creating.
[LOG 18:23:51.481] [DragCubeSystem]: Drag cubes not found or cannot be read for part Part. Generating New drag cubes.
[LOG 18:23:51.481] [KSPCF/DragCubeGeneration] Creating drag cubes for part 'Large.Crewed.Lab'
[LOG 18:23:51.488] PartLoader: Compiling Part 'Squad/Parts/Science/Magnetometer/Magnetometer/Magnetometer'
[LOG 18:23:51.500] PartLoader: Part 'Squad/Parts/Science/Magnetometer/Magnetometer/Magnetometer' has no database record. Creating.
[LOG 18:23:51.500] [DragCubeSystem]: Drag cubes not found or cannot be read for part Part. Generating New drag cubes.
[LOG 18:23:51.500] [KSPCF/DragCubeGeneration] Creating drag cubes for part 'Magnetometer'
[LOG 18:23:51.515] PartLoader: Compiling Part 'Squad/Parts/Science/MaterialBay/materialBay/science_module'
[LOG 18:23:51.520] PartLoader: Part 'Squad/Parts/Science/MaterialBay/materialBay/science_module' has no database record. Creating.
[LOG 18:23:51.521] [DragCubeSystem]: Drag cubes not found or cannot be read for part Part. Generating New drag cubes.
[LOG 18:23:51.521] [KSPCF/DragCubeGeneration] Creating drag cubes for part 'science.module'
[LOG 18:23:51.533] PartLoader: Compiling Part 'Squad/Parts/Science/ScienceBox/ScienceBox/ScienceBox'
[LOG 18:23:51.537] PartLoader: Part 'Squad/Parts/Science/ScienceBox/ScienceBox/ScienceBox' has no database record. Creating.
[LOG 18:23:51.537] [DragCubeSystem]: Drag cubes not found or cannot be read for part Part. Generating New drag cubes.
[LOG 18:23:51.537] [KSPCF/DragCubeGeneration] Creating drag cubes for part 'ScienceBox'
[LOG 18:23:51.542] PartLoader: Compiling Part 'Squad/Parts/Science/sensorAccelerometer/sensorAccelerometer/sensorAccelerometer'
[LOG 18:23:51.548] PartLoader: Part 'Squad/Parts/Science/sensorAccelerometer/sensorAccelerometer/sensorAccelerometer' has no database record. Creating.
[LOG 18:23:51.548] [DragCubeSystem]: Drag cubes not found or cannot be read for part Part. Generating New drag cubes.
[LOG 18:23:51.548] [KSPCF/DragCubeGeneration] Creating drag cubes for part 'sensorAccelerometer'
[LOG 18:23:51.553] PartLoader: Compiling Part 'Squad/Parts/Science/sensorBarometer/sensorBarometer/sensorBarometer'
[LOG 18:23:51.557] PartLoader: Part 'Squad/Parts/Science/sensorBarometer/sensorBarometer/sensorBarometer' has no database record. Creating.
[LOG 18:23:51.557] [DragCubeSystem]: Drag cubes not found or cannot be read for part Part. Generating New drag cubes.
[LOG 18:23:51.557] [KSPCF/DragCubeGeneration] Creating drag cubes for part 'sensorBarometer'
[LOG 18:23:51.561] PartLoader: Compiling Part 'Squad/Parts/Science/sensorGravimeter/sensorGravimeter/sensorGravimeter'
[LOG 18:23:51.566] PartLoader: Part 'Squad/Parts/Science/sensorGravimeter/sensorGravimeter/sensorGravimeter' has no database record. Creating.
[LOG 18:23:51.566] [DragCubeSystem]: Drag cubes not found or cannot be read for part Part. Generating New drag cubes.
[LOG 18:23:51.567] [KSPCF/DragCubeGeneration] Creating drag cubes for part 'sensorGravimeter'
[LOG 18:23:51.571] PartLoader: Compiling Part 'Squad/Parts/Science/sensorThermometer/sensorThermometer/sensorThermometer'
[LOG 18:23:51.578] PartLoader: Part 'Squad/Parts/Science/sensorThermometer/sensorThermometer/sensorThermometer' has no database record. Creating.
[LOG 18:23:51.578] [DragCubeSystem]: Drag cubes not found or cannot be read for part Part. Generating New drag cubes.
[LOG 18:23:51.578] [KSPCF/DragCubeGeneration] Creating drag cubes for part 'sensorThermometer'
[LOG 18:23:51.583] PartLoader: Compiling Part 'Squad/Parts/Structural/FLAdapters/adapterSmallMiniShort/adapterSmallMiniShort'
[LOG 18:23:51.587] PartLoader: Part 'Squad/Parts/Structural/FLAdapters/adapterSmallMiniShort/adapterSmallMiniShort' has no database record. Creating.
[LOG 18:23:51.588] [DragCubeSystem]: Drag cubes not found or cannot be read for part Part. Generating New drag cubes.
[LOG 18:23:51.588] [KSPCF/DragCubeGeneration] Creating drag cubes for part 'adapterSmallMiniShort'
[LOG 18:23:51.592] PartLoader: Compiling Part 'Squad/Parts/Structural/FLAdapters/adapterSmallMiniTall/adapterSmallMiniTall'
[LOG 18:23:51.595] PartLoader: Part 'Squad/Parts/Structural/FLAdapters/adapterSmallMiniTall/adapterSmallMiniTall' has no database record. Creating.
[LOG 18:23:51.595] [DragCubeSystem]: Drag cubes not found or cannot be read for part Part. Generating New drag cubes.
[LOG 18:23:51.595] [KSPCF/DragCubeGeneration] Creating drag cubes for part 'adapterSmallMiniTall'
[LOG 18:23:51.601] PartLoader: Compiling Part 'Squad/Parts/Structural/mk1Parts/engineBodyRadial/radialEngineBody'
[LOG 18:23:51.607] PartLoader: Part 'Squad/Parts/Structural/mk1Parts/engineBodyRadial/radialEngineBody' has no database record. Creating.
[LOG 18:23:51.607] [DragCubeSystem]: Drag cubes not found or cannot be read for part Part. Generating New drag cubes.
[LOG 18:23:51.607] [KSPCF/DragCubeGeneration] Creating drag cubes for part 'radialEngineBody'
[LOG 18:23:51.612] PartLoader: Compiling Part 'Squad/Parts/Structural/mk1Parts/engineNacelle/nacelleBody'
[LOG 18:23:51.616] PartLoader: Part 'Squad/Parts/Structural/mk1Parts/engineNacelle/nacelleBody' has no database record. Creating.
[LOG 18:23:51.616] [DragCubeSystem]: Drag cubes not found or cannot be read for part Part. Generating New drag cubes.
[LOG 18:23:51.616] [KSPCF/DragCubeGeneration] Creating drag cubes for part 'nacelleBody'
[LOG 18:23:51.622] PartLoader: Compiling Part 'Squad/Parts/Structural/mk1Parts/mk1Fuselage/MK1Fuselage'
[LOG 18:23:51.627] PartLoader: Part 'Squad/Parts/Structural/mk1Parts/mk1Fuselage/MK1Fuselage' has no database record. Creating.
[LOG 18:23:51.627] [DragCubeSystem]: Drag cubes not found or cannot be read for part Part. Generating New drag cubes.
[LOG 18:23:51.627] [KSPCF/DragCubeGeneration] Creating drag cubes for part 'MK1Fuselage'
[LOG 18:23:51.632] PartLoader: Compiling Part 'Squad/Parts/Structural/mk1Parts/mk1FuselageIntake/MK1IntakeFuselage'
[LOG 18:23:51.640] PartLoader: Part 'Squad/Parts/Structural/mk1Parts/mk1FuselageIntake/MK1IntakeFuselage' has no database record. Creating.
[LOG 18:23:51.640] [DragCubeSystem]: Drag cubes not found or cannot be read for part Part. Generating New drag cubes.
[LOG 18:23:51.640] [KSPCF/DragCubeGeneration] Creating drag cubes for part 'MK1IntakeFuselage'
[LOG 18:23:51.646] PartLoader: Compiling Part 'Squad/Parts/Structural/mk1Parts/mk1Structural/Mk1FuselageStructural'
[LOG 18:23:51.652] PartLoader: Part 'Squad/Parts/Structural/mk1Parts/mk1Structural/Mk1FuselageStructural' has no database record. Creating.
[LOG 18:23:51.652] PartLoader: Compiling Part 'Squad/Parts/Structural/Size3To2Adapter_v2/Size2to3_v2/Size3To2Adapter_v2'
[LOG 18:23:51.655] PartLoader: Part 'Squad/Parts/Structural/Size3To2Adapter_v2/Size2to3_v2/Size3To2Adapter_v2' has no database record. Creating.
[LOG 18:23:51.656] PartLoader: Compiling Part 'Squad/Parts/Structural/stackAdapters/adapterLargeSmallBi/adapterLargeSmallBi'
[LOG 18:23:51.660] PartLoader: Part 'Squad/Parts/Structural/stackAdapters/adapterLargeSmallBi/adapterLargeSmallBi' has no database record. Creating.
[LOG 18:23:51.660] [DragCubeSystem]: Drag cubes not found or cannot be read for part Part. Generating New drag cubes.
[LOG 18:23:51.660] [KSPCF/DragCubeGeneration] Creating drag cubes for part 'adapterLargeSmallBi'
[LOG 18:23:51.665] PartLoader: Compiling Part 'Squad/Parts/Structural/stackAdapters/adapterLargeSmallQuad/adapterLargeSmallQuad'
[LOG 18:23:51.670] PartLoader: Part 'Squad/Parts/Structural/stackAdapters/adapterLargeSmallQuad/adapterLargeSmallQuad' has no database record. Creating.
[LOG 18:23:51.670] [DragCubeSystem]: Drag cubes not found or cannot be read for part Part. Generating New drag cubes.
[LOG 18:23:51.670] [KSPCF/DragCubeGeneration] Creating drag cubes for part 'adapterLargeSmallQuad'
[LOG 18:23:51.680] PartLoader: Compiling Part 'Squad/Parts/Structural/stackAdapters/adapterLargeSmallTri/adapterLargeSmallTri'
[LOG 18:23:51.684] PartLoader: Part 'Squad/Parts/Structural/stackAdapters/adapterLargeSmallTri/adapterLargeSmallTri' has no database record. Creating.
[LOG 18:23:51.685] [DragCubeSystem]: Drag cubes not found or cannot be read for part Part. Generating New drag cubes.
[LOG 18:23:51.685] [KSPCF/DragCubeGeneration] Creating drag cubes for part 'adapterLargeSmallTri'
[LOG 18:23:51.689] PartLoader: Compiling Part 'Squad/Parts/Structural/stationHub/stationHub/stationHub'
[LOG 18:23:51.695] PartLoader: Part 'Squad/Parts/Structural/stationHub/stationHub/stationHub' has no database record. Creating.
[LOG 18:23:51.695] [DragCubeSystem]: Drag cubes not found or cannot be read for part Part. Generating New drag cubes.
[LOG 18:23:51.695] [KSPCF/DragCubeGeneration] Creating drag cubes for part 'stationHub'
[LOG 18:23:51.700] PartLoader: Compiling Part 'Squad/Parts/Structural/structuralIBeam200/structuralIBeam200/structuralIBeam2'
[LOG 18:23:51.703] PartLoader: Part 'Squad/Parts/Structural/structuralIBeam200/structuralIBeam200/structuralIBeam2' has no database record. Creating.
[LOG 18:23:51.703] [DragCubeSystem]: Drag cubes not found or cannot be read for part Part. Generating New drag cubes.
[LOG 18:23:51.704] [KSPCF/DragCubeGeneration] Creating drag cubes for part 'structuralIBeam2'
[LOG 18:23:51.707] PartLoader: Compiling Part 'Squad/Parts/Structural/structuralIBeam200Pocket/structuralIBeam200Pocket/structuralIBeam3'
[LOG 18:23:51.710] PartLoader: Part 'Squad/Parts/Structural/structuralIBeam200Pocket/structuralIBeam200Pocket/structuralIBeam3' has no database record. Creating.
[LOG 18:23:51.710] [DragCubeSystem]: Drag cubes not found or cannot be read for part Part. Generating New drag cubes.
[LOG 18:23:51.710] [KSPCF/DragCubeGeneration] Creating drag cubes for part 'structuralIBeam3'
[LOG 18:23:51.718] PartLoader: Compiling Part 'Squad/Parts/Structural/structuralIBeam650/structuralIBeam650/structuralIBeam1'
[LOG 18:23:51.724] PartLoader: Part 'Squad/Parts/Structural/structuralIBeam650/structuralIBeam650/structuralIBeam1' has no database record. Creating.
[LOG 18:23:51.724] [DragCubeSystem]: Drag cubes not found or cannot be read for part Part. Generating New drag cubes.
[LOG 18:23:51.724] [KSPCF/DragCubeGeneration] Creating drag cubes for part 'structuralIBeam1'
[LOG 18:23:51.729] PartLoader: Compiling Part 'Squad/Parts/Structural/structuralMicronode/structuralMicronode/structuralMiniNode'
[LOG 18:23:51.734] PartLoader: Part 'Squad/Parts/Structural/structuralMicronode/structuralMicronode/structuralMiniNode' has no database record. Creating.
[LOG 18:23:51.734] [DragCubeSystem]: Drag cubes not found or cannot be read for part Part. Generating New drag cubes.
[LOG 18:23:51.734] [KSPCF/DragCubeGeneration] Creating drag cubes for part 'structuralMiniNode'
[LOG 18:23:51.739] PartLoader: Compiling Part 'Squad/Parts/Structural/structuralPanel1x1/structuralPanel1x1/structuralPanel1'
[LOG 18:23:51.742] PartLoader: Part 'Squad/Parts/Structural/structuralPanel1x1/structuralPanel1x1/structuralPanel1' has no database record. Creating.
[LOG 18:23:51.742] [DragCubeSystem]: Drag cubes not found or cannot be read for part Part. Generating New drag cubes.
[LOG 18:23:51.742] [KSPCF/DragCubeGeneration] Creating drag cubes for part 'structuralPanel1'
[LOG 18:23:51.746] PartLoader: Compiling Part 'Squad/Parts/Structural/structuralPanel2x2/structuralPanel2x2/structuralPanel2'
[LOG 18:23:51.754] PartLoader: Part 'Squad/Parts/Structural/structuralPanel2x2/structuralPanel2x2/structuralPanel2' has no database record. Creating.
[LOG 18:23:51.754] [DragCubeSystem]: Drag cubes not found or cannot be read for part Part. Generating New drag cubes.
[LOG 18:23:51.754] [KSPCF/DragCubeGeneration] Creating drag cubes for part 'structuralPanel2'
[LOG 18:23:51.758] PartLoader: Compiling Part 'Squad/Parts/Structural/structuralPylons/smallHardpoint/smallHardpoint'
[LOG 18:23:51.763] PartLoader: Part 'Squad/Parts/Structural/structuralPylons/smallHardpoint/smallHardpoint' has no database record. Creating.
[LOG 18:23:51.763] [DragCubeSystem]: Drag cubes not found or cannot be read for part Part. Generating New drag cubes.
[LOG 18:23:51.764] [KSPCF/DragCubeGeneration] Creating drag cubes for part 'smallHardpoint'
[LOG 18:23:51.767] PartLoader: Compiling Part 'Squad/Parts/Structural/structuralPylons/structuralPylon/structuralPylon'
[LOG 18:23:51.774] PartLoader: Part 'Squad/Parts/Structural/structuralPylons/structuralPylon/structuralPylon' has no database record. Creating.
[LOG 18:23:51.774] [DragCubeSystem]: Drag cubes not found or cannot be read for part Part. Generating New drag cubes.
[LOG 18:23:51.774] [KSPCF/DragCubeGeneration] Creating drag cubes for part 'structuralPylon'
[LOG 18:23:51.778] PartLoader: Compiling Part 'Squad/Parts/Structural/strutCubicOcto/strutCubicOcto/strutCube'
[LOG 18:23:51.782] PartLoader: Part 'Squad/Parts/Structural/strutCubicOcto/strutCubicOcto/strutCube' has no database record. Creating.
[LOG 18:23:51.782] [DragCubeSystem]: Drag cubes not found or cannot be read for part Part. Generating New drag cubes.
[LOG 18:23:51.782] [KSPCF/DragCubeGeneration] Creating drag cubes for part 'strutCube'
[LOG 18:23:51.791] PartLoader: Compiling Part 'Squad/Parts/Structural/strutOcto/strutOcto/strutOcto'
[LOG 18:23:51.794] PartLoader: Part 'Squad/Parts/Structural/strutOcto/strutOcto/strutOcto' has no database record. Creating.
[LOG 18:23:51.794] [DragCubeSystem]: Drag cubes not found or cannot be read for part Part. Generating New drag cubes.
[LOG 18:23:51.794] [KSPCF/DragCubeGeneration] Creating drag cubes for part 'strutOcto'
[LOG 18:23:51.797] PartLoader: Compiling Part 'Squad/Parts/Structural/trussGirderAdapter/trussGirderAdapter/trussAdapter'
[LOG 18:23:51.801] PartLoader: Part 'Squad/Parts/Structural/trussGirderAdapter/trussGirderAdapter/trussAdapter' has no database record. Creating.
[LOG 18:23:51.801] [DragCubeSystem]: Drag cubes not found or cannot be read for part Part. Generating New drag cubes.
[LOG 18:23:51.801] [KSPCF/DragCubeGeneration] Creating drag cubes for part 'trussAdapter'
[LOG 18:23:51.805] PartLoader: Compiling Part 'Squad/Parts/Structural/trussGirderL/trussGirderL/trussPiece1x'
[LOG 18:23:51.808] PartLoader: Part 'Squad/Parts/Structural/trussGirderL/trussGirderL/trussPiece1x' has no database record. Creating.
[LOG 18:23:51.808] [DragCubeSystem]: Drag cubes not found or cannot be read for part Part. Generating New drag cubes.
[LOG 18:23:51.808] [KSPCF/DragCubeGeneration] Creating drag cubes for part 'trussPiece1x'
[LOG 18:23:51.813] PartLoader: Compiling Part 'Squad/Parts/Structural/trussGirderXL/trussGirderXL/trussPiece3x'
[LOG 18:23:51.815] PartLoader: Part 'Squad/Parts/Structural/trussGirderXL/trussGirderXL/trussPiece3x' has no database record. Creating.
[LOG 18:23:51.815] [DragCubeSystem]: Drag cubes not found or cannot be read for part Part. Generating New drag cubes.
[LOG 18:23:51.816] [KSPCF/DragCubeGeneration] Creating drag cubes for part 'trussPiece3x'
[LOG 18:23:51.830] PartLoader: Compiling Part 'Squad/Parts/Thermal/FoldingRadiators/foldingRadLarge/foldingRadLarge'
[LOG 18:23:51.845] PartLoader: Part 'Squad/Parts/Thermal/FoldingRadiators/foldingRadLarge/foldingRadLarge' has no database record. Creating.
[LOG 18:23:51.847] PartLoader: Compiling Part 'Squad/Parts/Thermal/FoldingRadiators/foldingRadMed/foldingRadMed'
[LOG 18:23:51.853] PartLoader: Part 'Squad/Parts/Thermal/FoldingRadiators/foldingRadMed/foldingRadMed' has no database record. Creating.
[LOG 18:23:51.854] PartLoader: Compiling Part 'Squad/Parts/Thermal/FoldingRadiators/foldingRadSmall/foldingRadSmall'
[LOG 18:23:51.858] PartLoader: Part 'Squad/Parts/Thermal/FoldingRadiators/foldingRadSmall/foldingRadSmall' has no database record. Creating.
[LOG 18:23:51.859] PartLoader: Compiling Part 'Squad/Parts/Thermal/RadiatorPanels/radPanelEdge/radPanelEdge'
[LOG 18:23:51.864] PartLoader: Part 'Squad/Parts/Thermal/RadiatorPanels/radPanelEdge/radPanelEdge' has no database record. Creating.
[LOG 18:23:51.864] [DragCubeSystem]: Drag cubes not found or cannot be read for part Part. Generating New drag cubes.
[LOG 18:23:51.865] [KSPCF/DragCubeGeneration] Creating drag cubes for part 'radPanelEdge'
[LOG 18:23:51.869] PartLoader: Compiling Part 'Squad/Parts/Thermal/RadiatorPanels/radPanelLg/radPanelLg'
[LOG 18:23:51.875] PartLoader: Part 'Squad/Parts/Thermal/RadiatorPanels/radPanelLg/radPanelLg' has no database record. Creating.
[LOG 18:23:51.876] [DragCubeSystem]: Drag cubes not found or cannot be read for part Part. Generating New drag cubes.
[LOG 18:23:51.876] [KSPCF/DragCubeGeneration] Creating drag cubes for part 'radPanelLg'
[LOG 18:23:51.882] PartLoader: Compiling Part 'Squad/Parts/Thermal/RadiatorPanels/radPanelSm/radPanelSm'
[LOG 18:23:51.887] PartLoader: Part 'Squad/Parts/Thermal/RadiatorPanels/radPanelSm/radPanelSm' has no database record. Creating.
[LOG 18:23:51.887] [DragCubeSystem]: Drag cubes not found or cannot be read for part Part. Generating New drag cubes.
[LOG 18:23:51.887] [KSPCF/DragCubeGeneration] Creating drag cubes for part 'radPanelSm'
[LOG 18:23:51.893] PartLoader: Compiling Part 'Squad/Parts/Utility/commDish88-88/commDish88-88/commDish'
[LOG 18:23:51.902] PartLoader: Part 'Squad/Parts/Utility/commDish88-88/commDish88-88/commDish' has no database record. Creating.
[LOG 18:23:51.902] [DragCubeSystem]: Drag cubes not found or cannot be read for part Part. Generating New drag cubes.
[LOG 18:23:51.902] [KSPCF/DragCubeGeneration] Creating drag cubes for part 'commDish'
[LOG 18:23:51.922] PartLoader: Compiling Part 'Squad/Parts/Utility/commsAntennaDTS-M1/commsAntennaDTS-M1/mediumDishAntenna'
[LOG 18:23:51.927] PartLoader: Part 'Squad/Parts/Utility/commsAntennaDTS-M1/commsAntennaDTS-M1/mediumDishAntenna' has no database record. Creating.
[LOG 18:23:51.927] [DragCubeSystem]: Drag cubes not found or cannot be read for part Part. Generating New drag cubes.
[LOG 18:23:51.927] [KSPCF/DragCubeGeneration] Creating drag cubes for part 'mediumDishAntenna'
[LOG 18:23:51.943] PartLoader: Compiling Part 'Squad/Parts/Utility/commsDish16/commsAntenna16/longAntenna'
[LOG 18:23:51.949] PartLoader: Part 'Squad/Parts/Utility/commsDish16/commsAntenna16/longAntenna' has no database record. Creating.
[LOG 18:23:51.949] [DragCubeSystem]: Drag cubes not found or cannot be read for part Part. Generating New drag cubes.
[LOG 18:23:51.949] [KSPCF/DragCubeGeneration] Creating drag cubes for part 'longAntenna'
[LOG 18:23:51.963] PartLoader: Compiling Part 'Squad/Parts/Utility/decouplerRadialHDM/decouplerRadialHDM/radialDecoupler1-2'
[LOG 18:23:51.973] PartLoader: Part 'Squad/Parts/Utility/decouplerRadialHDM/decouplerRadialHDM/radialDecoupler1-2' has no database record. Creating.
[LOG 18:23:51.973] [DragCubeSystem]: Drag cubes not found or cannot be read for part Part. Generating New drag cubes.
[LOG 18:23:51.973] [KSPCF/DragCubeGeneration] Creating drag cubes for part 'radialDecoupler1-2'
[LOG 18:23:51.978] PartLoader: Compiling Part 'Squad/Parts/Utility/decouplerRadialTT-38K/decouplerRadialTT-38K/radialDecoupler'
[LOG 18:23:51.984] PartLoader: Part 'Squad/Parts/Utility/decouplerRadialTT-38K/decouplerRadialTT-38K/radialDecoupler' has no database record. Creating.
[LOG 18:23:51.984] [DragCubeSystem]: Drag cubes not found or cannot be read for part Part. Generating New drag cubes.
[LOG 18:23:51.984] [KSPCF/DragCubeGeneration] Creating drag cubes for part 'radialDecoupler'
[LOG 18:23:51.988] PartLoader: Compiling Part 'Squad/Parts/Utility/decouplerRadialTT-70/decouplerRadialTT-70/radialDecoupler2'
[LOG 18:23:51.993] PartLoader: Part 'Squad/Parts/Utility/decouplerRadialTT-70/decouplerRadialTT-70/radialDecoupler2' has no database record. Creating.
[LOG 18:23:51.993] [DragCubeSystem]: Drag cubes not found or cannot be read for part Part. Generating New drag cubes.
[LOG 18:23:51.994] [KSPCF/DragCubeGeneration] Creating drag cubes for part 'radialDecoupler2'
[LOG 18:23:51.998] PartLoader: Compiling Part 'Squad/Parts/Utility/DirectAntennas/C16S/SurfAntenna'
[LOG 18:23:52.001] PartLoader: Part 'Squad/Parts/Utility/DirectAntennas/C16S/SurfAntenna' has no database record. Creating.
[LOG 18:23:52.001] [DragCubeSystem]: Drag cubes not found or cannot be read for part Part. Generating New drag cubes.
[LOG 18:23:52.001] [KSPCF/DragCubeGeneration] Creating drag cubes for part 'SurfAntenna'
[LOG 18:23:52.006] PartLoader: Compiling Part 'Squad/Parts/Utility/DirectAntennas/HG-5/HighGainAntenna5'
[LOG 18:23:52.012] PartLoader: Part 'Squad/Parts/Utility/DirectAntennas/HG-5/HighGainAntenna5' has no database record. Creating.
[LOG 18:23:52.012] [DragCubeSystem]: Drag cubes not found or cannot be read for part Part. Generating New drag cubes.
[LOG 18:23:52.012] [KSPCF/DragCubeGeneration] Creating drag cubes for part 'HighGainAntenna5'
[LOG 18:23:52.024] PartLoader: Compiling Part 'Squad/Parts/Utility/DirectAntennas/HG-5_v2/HighGainAntenna5_v2'
[LOG 18:23:52.028] PartLoader: Part 'Squad/Parts/Utility/DirectAntennas/HG-5_v2/HighGainAntenna5_v2' has no database record. Creating.
[LOG 18:23:52.028] [DragCubeSystem]: Drag cubes not found or cannot be read for part Part. Generating New drag cubes.
[LOG 18:23:52.028] [KSPCF/DragCubeGeneration] Creating drag cubes for part 'HighGainAntenna5.v2'
[LOG 18:23:52.040] PartLoader: Compiling Part 'Squad/Parts/Utility/dockingPort/dockingPort/dockingPort2'
[LOG 18:23:52.051] PartLoader: Part 'Squad/Parts/Utility/dockingPort/dockingPort/dockingPort2' has no database record. Creating.
[LOG 18:23:52.051] [DragCubeSystem]: Drag cubes not found or cannot be read for part Part. Generating New drag cubes.
[LOG 18:23:52.051] [KSPCF/DragCubeGeneration] Creating drag cubes for part 'dockingPort2'
[LOG 18:23:52.057] PartLoader: Compiling Part 'Squad/Parts/Utility/dockingPortInline/dockingPortInline/dockingPortLateral'
[LOG 18:23:52.062] PartLoader: Part 'Squad/Parts/Utility/dockingPortInline/dockingPortInline/dockingPortLateral' has no database record. Creating.
[LOG 18:23:52.062] [DragCubeSystem]: Drag cubes not found or cannot be read for part Part. Generating New drag cubes.
[LOG 18:23:52.062] [KSPCF/DragCubeGeneration] Creating drag cubes for part 'dockingPortLateral'
[LOG 18:23:52.073] PartLoader: Compiling Part 'Squad/Parts/Utility/dockingPortJr/dockingPortJr/dockingPort3'
[LOG 18:23:52.077] PartLoader: Part 'Squad/Parts/Utility/dockingPortJr/dockingPortJr/dockingPort3' has no database record. Creating.
[LOG 18:23:52.077] [DragCubeSystem]: Drag cubes not found or cannot be read for part Part. Generating New drag cubes.
[LOG 18:23:52.077] [KSPCF/DragCubeGeneration] Creating drag cubes for part 'dockingPort3'
[LOG 18:23:52.081] PartLoader: Compiling Part 'Squad/Parts/Utility/dockingPortShielded/dockingPortShielded/dockingPort1'
[LOG 18:23:52.087] PartLoader: Part 'Squad/Parts/Utility/dockingPortShielded/dockingPortShielded/dockingPort1' has no database record. Creating.
[LOG 18:23:52.087] [DragCubeSystem]: Drag cubes not found or cannot be read for part Part. Generating New drag cubes.
[LOG 18:23:52.087] [KSPCF/DragCubeGeneration] Creating drag cubes for part 'dockingPort1'
[LOG 18:23:52.098] PartLoader: Compiling Part 'Squad/Parts/Utility/dockingPortSr/dockingPortSr/dockingPortLarge'
[LOG 18:23:52.103] PartLoader: Part 'Squad/Parts/Utility/dockingPortSr/dockingPortSr/dockingPortLarge' has no database record. Creating.
[LOG 18:23:52.103] [DragCubeSystem]: Drag cubes not found or cannot be read for part Part. Generating New drag cubes.
[LOG 18:23:52.103] [KSPCF/DragCubeGeneration] Creating drag cubes for part 'dockingPortLarge'
[LOG 18:23:52.108] PartLoader: Compiling Part 'Squad/Parts/Utility/Fireworks/fireworksLauncherBig/fireworksLauncherBig'
[LOG 18:23:52.120] PartLoader: Part 'Squad/Parts/Utility/Fireworks/fireworksLauncherBig/fireworksLauncherBig' has no database record. Creating.
[LOG 18:23:52.120] [DragCubeSystem]: Drag cubes not found or cannot be read for part Part. Generating New drag cubes.
[LOG 18:23:52.120] [KSPCF/DragCubeGeneration] Creating drag cubes for part 'fireworksLauncherBig'
[LOG 18:23:52.124] PartLoader: Compiling Part 'Squad/Parts/Utility/Fireworks/fireworksLauncherSmall/fireworksLauncherSmall'
[LOG 18:23:52.134] PartLoader: Part 'Squad/Parts/Utility/Fireworks/fireworksLauncherSmall/fireworksLauncherSmall' has no database record. Creating.
[LOG 18:23:52.134] [DragCubeSystem]: Drag cubes not found or cannot be read for part Part. Generating New drag cubes.
[LOG 18:23:52.134] [KSPCF/DragCubeGeneration] Creating drag cubes for part 'fireworksLauncherSmall'
[LOG 18:23:52.138] PartLoader: Compiling Part 'Squad/Parts/Utility/flags/flagFlat/flagFlat/flagPartFlat'
[LOG 18:23:52.146] PartLoader: Part 'Squad/Parts/Utility/flags/flagFlat/flagFlat/flagPartFlat' has no database record. Creating.
[LOG 18:23:52.146] [DragCubeSystem]: Drag cubes not found or cannot be read for part Part. Generating New drag cubes.
[LOG 18:23:52.146] [KSPCF/DragCubeGeneration] Creating drag cubes for part 'flagPartFlat'
[LOG 18:23:52.150] PartLoader: Compiling Part 'Squad/Parts/Utility/flags/flagSize0/flagSize0/flagPartSize0'
[LOG 18:23:52.156] PartLoader: Part 'Squad/Parts/Utility/flags/flagSize0/flagSize0/flagPartSize0' has no database record. Creating.
[LOG 18:23:52.156] [DragCubeSystem]: Drag cubes not found or cannot be read for part Part. Generating New drag cubes.
[LOG 18:23:52.156] [KSPCF/DragCubeGeneration] Creating drag cubes for part 'flagPartSize0'
[LOG 18:23:52.160] PartLoader: Compiling Part 'Squad/Parts/Utility/flags/flagSize1/flagSize1/flagPartSize1'
[LOG 18:23:52.165] PartLoader: Part 'Squad/Parts/Utility/flags/flagSize1/flagSize1/flagPartSize1' has no database record. Creating.
[LOG 18:23:52.165] [DragCubeSystem]: Drag cubes not found or cannot be read for part Part. Generating New drag cubes.
[LOG 18:23:52.165] [KSPCF/DragCubeGeneration] Creating drag cubes for part 'flagPartSize1'
[LOG 18:23:52.170] PartLoader: Compiling Part 'Squad/Parts/Utility/flags/flagSize2/flagSize2/flagPartSize2'
[LOG 18:23:52.179] PartLoader: Part 'Squad/Parts/Utility/flags/flagSize2/flagSize2/flagPartSize2' has no database record. Creating.
[LOG 18:23:52.179] [DragCubeSystem]: Drag cubes not found or cannot be read for part Part. Generating New drag cubes.
[LOG 18:23:52.179] [KSPCF/DragCubeGeneration] Creating drag cubes for part 'flagPartSize2'
[LOG 18:23:52.184] PartLoader: Compiling Part 'Squad/Parts/Utility/flags/flagSize3/flagSize3/flagPartSize3'
[LOG 18:23:52.188] PartLoader: Part 'Squad/Parts/Utility/flags/flagSize3/flagSize3/flagPartSize3' has no database record. Creating.
[LOG 18:23:52.188] [DragCubeSystem]: Drag cubes not found or cannot be read for part Part. Generating New drag cubes.
[LOG 18:23:52.188] [KSPCF/DragCubeGeneration] Creating drag cubes for part 'flagPartSize3'
[LOG 18:23:52.193] PartLoader: Compiling Part 'Squad/Parts/Utility/GrapplingDevice/part/GrapplingDevice'
[LOG 18:23:52.208] PartLoader: Part 'Squad/Parts/Utility/GrapplingDevice/part/GrapplingDevice' has no database record. Creating.
[LOG 18:23:52.208] [DragCubeSystem]: Drag cubes not found or cannot be read for part Part. Generating New drag cubes.
[LOG 18:23:52.208] [KSPCF/DragCubeGeneration] Creating drag cubes for part 'GrapplingDevice'
[LOG 18:23:52.227] PartLoader: Compiling Part 'Squad/Parts/Utility/ladderRadial/ladderRadial/ladder1'
[LOG 18:23:52.231] PartLoader: Part 'Squad/Parts/Utility/ladderRadial/ladderRadial/ladder1' has no database record. Creating.
[LOG 18:23:52.231] [DragCubeSystem]: Drag cubes not found or cannot be read for part Part. Generating New drag cubes.
[LOG 18:23:52.231] [KSPCF/DragCubeGeneration] Creating drag cubes for part 'ladder1'
[LOG 18:23:52.235] PartLoader: Compiling Part 'Squad/Parts/Utility/ladderTelescopic/ladderTelescopic/telescopicLadder'
[LOG 18:23:52.241] PartLoader: Part 'Squad/Parts/Utility/ladderTelescopic/ladderTelescopic/telescopicLadder' has no database record. Creating.
[LOG 18:23:52.242] [DragCubeSystem]: Drag cubes not found or cannot be read for part Part. Generating New drag cubes.
[LOG 18:23:52.242] [KSPCF/DragCubeGeneration] Creating drag cubes for part 'telescopicLadder'
[LOG 18:23:52.254] PartLoader: Compiling Part 'Squad/Parts/Utility/ladderTelescopicBay/ladderTelescopicBay/telescopicLadderBay'
[LOG 18:23:52.267] PartLoader: Part 'Squad/Parts/Utility/ladderTelescopicBay/ladderTelescopicBay/telescopicLadderBay' has no database record. Creating.
[LOG 18:23:52.267] [DragCubeSystem]: Drag cubes not found or cannot be read for part Part. Generating New drag cubes.
[LOG 18:23:52.267] [KSPCF/DragCubeGeneration] Creating drag cubes for part 'telescopicLadderBay'
[LOG 18:23:52.280] PartLoader: Compiling Part 'Squad/Parts/Utility/landingLegLT-1/landingLegLT-1/landingLeg1'
[LOG 18:23:52.306] PartLoader: Part 'Squad/Parts/Utility/landingLegLT-1/landingLegLT-1/landingLeg1' has no database record. Creating.
[LOG 18:23:52.306] [DragCubeSystem]: Drag cubes not found or cannot be read for part Part. Generating New drag cubes.
[LOG 18:23:52.306] [KSPCF/DragCubeGeneration] Creating drag cubes for part 'landingLeg1'
[LOG 18:23:52.319] PartLoader: Compiling Part 'Squad/Parts/Utility/landingLegLT-2/landingLegLT-2/landingLeg1-2'
[LOG 18:23:52.329] PartLoader: Part 'Squad/Parts/Utility/landingLegLT-2/landingLegLT-2/landingLeg1-2' has no database record. Creating.
[LOG 18:23:52.329] [DragCubeSystem]: Drag cubes not found or cannot be read for part Part. Generating New drag cubes.
[LOG 18:23:52.329] [KSPCF/DragCubeGeneration] Creating drag cubes for part 'landingLeg1-2'
[LOG 18:23:52.342] PartLoader: Compiling Part 'Squad/Parts/Utility/landingLegLT-5/landingLegLT-5/miniLandingLeg'
[LOG 18:23:52.348] PartLoader: Part 'Squad/Parts/Utility/landingLegLT-5/landingLegLT-5/miniLandingLeg' has no database record. Creating.
[LOG 18:23:52.349] [DragCubeSystem]: Drag cubes not found or cannot be read for part Part. Generating New drag cubes.
[LOG 18:23:52.349] [KSPCF/DragCubeGeneration] Creating drag cubes for part 'miniLandingLeg'
[LOG 18:23:52.361] PartLoader: Compiling Part 'Squad/Parts/Utility/launchClamp1/launchClamp1/launchClamp1'
[LOG 18:23:52.368] PartLoader: Part 'Squad/Parts/Utility/launchClamp1/launchClamp1/launchClamp1' has no database record. Creating.
[LOG 18:23:52.368] [DragCubeSystem]: Drag cubes not found or cannot be read for part Part. Generating New drag cubes.
[LOG 18:23:52.368] [KSPCF/DragCubeGeneration] Creating drag cubes for part 'launchClamp1'
[LOG 18:23:52.373] PartLoader: Compiling Part 'Squad/Parts/Utility/launchEscapeSystem/part/LaunchEscapeSystem'
[LOG 18:23:52.378] PartLoader: Part 'Squad/Parts/Utility/launchEscapeSystem/part/LaunchEscapeSystem' has no database record. Creating.
[LOG 18:23:52.379] [DragCubeSystem]: Drag cubes not found or cannot be read for part Part. Generating New drag cubes.
[LOG 18:23:52.379] [KSPCF/DragCubeGeneration] Creating drag cubes for part 'LaunchEscapeSystem'
[LOG 18:23:52.383] PartLoader: Compiling Part 'Squad/Parts/Utility/Lights/domeLight1/domeLight1'
[LOG 18:23:52.391] PartLoader: Part 'Squad/Parts/Utility/Lights/domeLight1/domeLight1' has no database record. Creating.
[LOG 18:23:52.391] [DragCubeSystem]: Drag cubes not found or cannot be read for part Part. Generating New drag cubes.
[LOG 18:23:52.391] [KSPCF/DragCubeGeneration] Creating drag cubes for part 'domeLight1'
[LOG 18:23:52.395] PartLoader: Compiling Part 'Squad/Parts/Utility/Lights/groundLight1/groundLight1'
[LOG 18:23:52.400] PartLoader: Part 'Squad/Parts/Utility/Lights/groundLight1/groundLight1' has no database record. Creating.
[LOG 18:23:52.400] [DragCubeSystem]: Drag cubes not found or cannot be read for part Part. Generating New drag cubes.
[LOG 18:23:52.400] [KSPCF/DragCubeGeneration] Creating drag cubes for part 'groundLight1'
[LOG 18:23:52.405] PartLoader: Compiling Part 'Squad/Parts/Utility/Lights/groundLight2/groundLight2'
[LOG 18:23:52.410] PartLoader: Part 'Squad/Parts/Utility/Lights/groundLight2/groundLight2' has no database record. Creating.
[LOG 18:23:52.410] [DragCubeSystem]: Drag cubes not found or cannot be read for part Part. Generating New drag cubes.
[LOG 18:23:52.410] [KSPCF/DragCubeGeneration] Creating drag cubes for part 'groundLight2'
[LOG 18:23:52.414] PartLoader: Compiling Part 'Squad/Parts/Utility/Lights/navLight1/navLight1'
[LOG 18:23:52.421] PartLoader: Part 'Squad/Parts/Utility/Lights/navLight1/navLight1' has no database record. Creating.
[LOG 18:23:52.422] [DragCubeSystem]: Drag cubes not found or cannot be read for part Part. Generating New drag cubes.
[LOG 18:23:52.422] [KSPCF/DragCubeGeneration] Creating drag cubes for part 'navLight1'
[LOG 18:23:52.427] PartLoader: Compiling Part 'Squad/Parts/Utility/Lights/spotLight1/spotLight3'
[LOG 18:23:52.433] PartLoader: Part 'Squad/Parts/Utility/Lights/spotLight1/spotLight3' has no database record. Creating.
[LOG 18:23:52.433] [DragCubeSystem]: Drag cubes not found or cannot be read for part Part. Generating New drag cubes.
[LOG 18:23:52.433] [KSPCF/DragCubeGeneration] Creating drag cubes for part 'spotLight3'
[LOG 18:23:52.437] PartLoader: Compiling Part 'Squad/Parts/Utility/Lights/stripLight1/stripLight1'
[LOG 18:23:52.441] PartLoader: Part 'Squad/Parts/Utility/Lights/stripLight1/stripLight1' has no database record. Creating.
[LOG 18:23:52.441] [DragCubeSystem]: Drag cubes not found or cannot be read for part Part. Generating New drag cubes.
[LOG 18:23:52.441] [KSPCF/DragCubeGeneration] Creating drag cubes for part 'stripLight1'
[LOG 18:23:52.445] PartLoader: Compiling Part 'Squad/Parts/Utility/linearVernorRCS/linearRCS/linearRcs'
[LOG 18:23:52.452] PartLoader: Part 'Squad/Parts/Utility/linearVernorRCS/linearRCS/linearRcs' has no database record. Creating.
[LOG 18:23:52.452] [DragCubeSystem]: Drag cubes not found or cannot be read for part Part. Generating New drag cubes.
[LOG 18:23:52.452] [KSPCF/DragCubeGeneration] Creating drag cubes for part 'linearRcs'
[LOG 18:23:52.457] PartLoader: Compiling Part 'Squad/Parts/Utility/linearVernorRCS/vernorEngine/vernierEngine'
[LOG 18:23:52.464] PartLoader: Part 'Squad/Parts/Utility/linearVernorRCS/vernorEngine/vernierEngine' has no database record. Creating.
[LOG 18:23:52.464] [DragCubeSystem]: Drag cubes not found or cannot be read for part Part. Generating New drag cubes.
[LOG 18:23:52.464] [KSPCF/DragCubeGeneration] Creating drag cubes for part 'vernierEngine'
[LOG 18:23:52.468] PartLoader: Compiling Part 'Squad/Parts/Utility/mk2CargoBay/BayL/mk2CargoBayL'
[LOG 18:23:52.475] PartLoader: Part 'Squad/Parts/Utility/mk2CargoBay/BayL/mk2CargoBayL' has no database record. Creating.
[LOG 18:23:52.475] PartLoader: Compiling Part 'Squad/Parts/Utility/mk2CargoBay/BayS/mk2CargoBayS'
[LOG 18:23:52.480] PartLoader: Part 'Squad/Parts/Utility/mk2CargoBay/BayS/mk2CargoBayS' has no database record. Creating.
[LOG 18:23:52.480] PartLoader: Compiling Part 'Squad/Parts/Utility/mk2CrewCabin/mk2CrewCabin/mk2CrewCabin'
[WRN 18:23:52.483] [Part]: Cannot have ModuleCargoPart and ModuleInventoryPart on same Part [mk2CrewCabin'. Removed ModuleCargoPart
[LOG 18:23:52.485] PartLoader: Part 'Squad/Parts/Utility/mk2CrewCabin/mk2CrewCabin/mk2CrewCabin' has no database record. Creating.
[LOG 18:23:52.486] [DragCubeSystem]: Drag cubes not found or cannot be read for part Part. Generating New drag cubes.
[LOG 18:23:52.486] [KSPCF/DragCubeGeneration] Creating drag cubes for part 'mk2CrewCabin'
[LOG 18:23:52.490] PartLoader: Compiling Part 'Squad/Parts/Utility/mk2DockingPort/mk2DockingPort/mk2DockingPort'
[LOG 18:23:52.496] PartLoader: Part 'Squad/Parts/Utility/mk2DockingPort/mk2DockingPort/mk2DockingPort' has no database record. Creating.
[LOG 18:23:52.496] PartLoader: Compiling Part 'Squad/Parts/Utility/mk3CargoBay/long/mk3CargoBayL'
[LOG 18:23:52.499] PartLoader: Part 'Squad/Parts/Utility/mk3CargoBay/long/mk3CargoBayL' has no database record. Creating.
[LOG 18:23:52.499] PartLoader: Compiling Part 'Squad/Parts/Utility/mk3CargoBay/medium/mk3CargoBayM'
[LOG 18:23:52.502] PartLoader: Part 'Squad/Parts/Utility/mk3CargoBay/medium/mk3CargoBayM' has no database record. Creating.
[LOG 18:23:52.502] PartLoader: Compiling Part 'Squad/Parts/Utility/mk3CargoBay/ramp/mk3CargoRamp'
[LOG 18:23:52.506] PartLoader: Part 'Squad/Parts/Utility/mk3CargoBay/ramp/mk3CargoRamp' has no database record. Creating.
[LOG 18:23:52.506] PartLoader: Compiling Part 'Squad/Parts/Utility/mk3CargoBay/short/mk3CargoBayS'
[LOG 18:23:52.509] PartLoader: Part 'Squad/Parts/Utility/mk3CargoBay/short/mk3CargoBayS' has no database record. Creating.
[LOG 18:23:52.509] PartLoader: Compiling Part 'Squad/Parts/Utility/parachuteMk1/parachuteMk1/parachuteSingle'
[LOG 18:23:52.519] PartLoader: Part 'Squad/Parts/Utility/parachuteMk1/parachuteMk1/parachuteSingle' has no database record. Creating.
[LOG 18:23:52.519] [DragCubeSystem]: Drag cubes not found or cannot be read for part Part. Generating New drag cubes.
[LOG 18:23:52.520] [KSPCF/DragCubeGeneration] Creating drag cubes for part 'parachuteSingle'
[LOG 18:23:52.539] PartLoader: Compiling Part 'Squad/Parts/Utility/parachuteMk12-R/parachuteMk12-R/radialDrogue'
[LOG 18:23:52.544] PartLoader: Part 'Squad/Parts/Utility/parachuteMk12-R/parachuteMk12-R/radialDrogue' has no database record. Creating.
[LOG 18:23:52.544] [DragCubeSystem]: Drag cubes not found or cannot be read for part Part. Generating New drag cubes.
[LOG 18:23:52.544] [KSPCF/DragCubeGeneration] Creating drag cubes for part 'radialDrogue'
[LOG 18:23:52.560] PartLoader: Compiling Part 'Squad/Parts/Utility/parachuteMk16-XL/parachuteMk16-XL/parachuteLarge'
[LOG 18:23:52.565] PartLoader: Part 'Squad/Parts/Utility/parachuteMk16-XL/parachuteMk16-XL/parachuteLarge' has no database record. Creating.
[LOG 18:23:52.565] [DragCubeSystem]: Drag cubes not found or cannot be read for part Part. Generating New drag cubes.
[LOG 18:23:52.565] [KSPCF/DragCubeGeneration] Creating drag cubes for part 'parachuteLarge'
[LOG 18:23:52.581] PartLoader: Compiling Part 'Squad/Parts/Utility/parachuteMk2-R/parachuteMk2-R/parachuteRadial'
[LOG 18:23:52.585] PartLoader: Part 'Squad/Parts/Utility/parachuteMk2-R/parachuteMk2-R/parachuteRadial' has no database record. Creating.
[LOG 18:23:52.585] [DragCubeSystem]: Drag cubes not found or cannot be read for part Part. Generating New drag cubes.
[LOG 18:23:52.585] [KSPCF/DragCubeGeneration] Creating drag cubes for part 'parachuteRadial'
[LOG 18:23:52.601] PartLoader: Compiling Part 'Squad/Parts/Utility/parachuteMk25/parachuteMk25/parachuteDrogue'
[LOG 18:23:52.605] PartLoader: Part 'Squad/Parts/Utility/parachuteMk25/parachuteMk25/parachuteDrogue' has no database record. Creating.
[LOG 18:23:52.605] [DragCubeSystem]: Drag cubes not found or cannot be read for part Part. Generating New drag cubes.
[LOG 18:23:52.605] [KSPCF/DragCubeGeneration] Creating drag cubes for part 'parachuteDrogue'
[LOG 18:23:52.620] PartLoader: Compiling Part 'Squad/Parts/Utility/radialAttachmentPoint/radialAttachmentPoint/stackPoint1'
[LOG 18:23:52.622] PartLoader: Part 'Squad/Parts/Utility/radialAttachmentPoint/radialAttachmentPoint/stackPoint1' has no database record. Creating.
[LOG 18:23:52.622] [DragCubeSystem]: Drag cubes not found or cannot be read for part Part. Generating New drag cubes.
[LOG 18:23:52.622] [KSPCF/DragCubeGeneration] Creating drag cubes for part 'stackPoint1'
[LOG 18:23:52.626] PartLoader: Compiling Part 'Squad/Parts/Utility/rcsBlockRV-105_v2/rcsBlockRV-105/RCSBlock_v2'
[LOG 18:23:52.633] PartLoader: Part 'Squad/Parts/Utility/rcsBlockRV-105_v2/rcsBlockRV-105/RCSBlock_v2' has no database record. Creating.
[LOG 18:23:52.633] [DragCubeSystem]: Drag cubes not found or cannot be read for part Part. Generating New drag cubes.
[LOG 18:23:52.633] [KSPCF/DragCubeGeneration] Creating drag cubes for part 'RCSBlock.v2'
[LOG 18:23:52.658] PartLoader: Compiling Part 'Squad/Parts/Utility/rcsBlockRV-105_v2/RCSblock_01_small/RCSblock_01_small'
[LOG 18:23:52.665] PartLoader: Part 'Squad/Parts/Utility/rcsBlockRV-105_v2/RCSblock_01_small/RCSblock_01_small' has no database record. Creating.
[LOG 18:23:52.665] [DragCubeSystem]: Drag cubes not found or cannot be read for part Part. Generating New drag cubes.
[LOG 18:23:52.665] [KSPCF/DragCubeGeneration] Creating drag cubes for part 'RCSblock.01.small'
[LOG 18:23:52.694] PartLoader: Compiling Part 'Squad/Parts/Utility/rcsSmallLinear/RCSLinearSmall/RCSLinearSmall'
[LOG 18:23:52.700] PartLoader: Part 'Squad/Parts/Utility/rcsSmallLinear/RCSLinearSmall/RCSLinearSmall' has no database record. Creating.
[LOG 18:23:52.700] [DragCubeSystem]: Drag cubes not found or cannot be read for part Part. Generating New drag cubes.
[LOG 18:23:52.700] [KSPCF/DragCubeGeneration] Creating drag cubes for part 'RCSLinearSmall'
[LOG 18:23:52.713] PartLoader: Compiling Part 'Squad/Parts/Utility/RelayAntennas/RA-100/RelayAntenna100'
[LOG 18:23:52.717] PartLoader: Part 'Squad/Parts/Utility/RelayAntennas/RA-100/RelayAntenna100' has no database record. Creating.
[LOG 18:23:52.718] [DragCubeSystem]: Drag cubes not found or cannot be read for part Part. Generating New drag cubes.
[LOG 18:23:52.718] [KSPCF/DragCubeGeneration] Creating drag cubes for part 'RelayAntenna100'
[LOG 18:23:52.723] PartLoader: Compiling Part 'Squad/Parts/Utility/RelayAntennas/RA-5/RelayAntenna5'
[LOG 18:23:52.727] PartLoader: Part 'Squad/Parts/Utility/RelayAntennas/RA-5/RelayAntenna5' has no database record. Creating.
[LOG 18:23:52.727] [DragCubeSystem]: Drag cubes not found or cannot be read for part Part. Generating New drag cubes.
[LOG 18:23:52.727] [KSPCF/DragCubeGeneration] Creating drag cubes for part 'RelayAntenna5'
[LOG 18:23:52.731] PartLoader: Compiling Part 'Squad/Parts/Utility/RelayAntennas/RA-50/RelayAntenna50'
[LOG 18:23:52.735] PartLoader: Part 'Squad/Parts/Utility/RelayAntennas/RA-50/RelayAntenna50' has no database record. Creating.
[LOG 18:23:52.735] [DragCubeSystem]: Drag cubes not found or cannot be read for part Part. Generating New drag cubes.
[LOG 18:23:52.735] [KSPCF/DragCubeGeneration] Creating drag cubes for part 'RelayAntenna50'
[LOG 18:23:52.741] PartLoader: Compiling Part 'Squad/Parts/Utility/rockomaxAdapters/largeAdapter/largeAdapter'
[LOG 18:23:52.745] PartLoader: Part 'Squad/Parts/Utility/rockomaxAdapters/largeAdapter/largeAdapter' has no database record. Creating.
[LOG 18:23:52.745] [DragCubeSystem]: Drag cubes not found or cannot be read for part Part. Generating New drag cubes.
[LOG 18:23:52.745] [KSPCF/DragCubeGeneration] Creating drag cubes for part 'largeAdapter'
[LOG 18:23:52.750] PartLoader: Compiling Part 'Squad/Parts/Utility/rockomaxAdapters/largeAdapterShort/largeAdapter2'
[LOG 18:23:52.753] PartLoader: Part 'Squad/Parts/Utility/rockomaxAdapters/largeAdapterShort/largeAdapter2' has no database record. Creating.
[LOG 18:23:52.753] [DragCubeSystem]: Drag cubes not found or cannot be read for part Part. Generating New drag cubes.
[LOG 18:23:52.753] [KSPCF/DragCubeGeneration] Creating drag cubes for part 'largeAdapter2'
[LOG 18:23:52.758] PartLoader: Compiling Part 'Squad/Parts/Utility/ServiceBay_v2/ServiceBay_125_v2/ServiceBay_125_v2'
[LOG 18:23:52.763] PartLoader: Part 'Squad/Parts/Utility/ServiceBay_v2/ServiceBay_125_v2/ServiceBay_125_v2' has no database record. Creating.
[LOG 18:23:52.763] [DragCubeSystem]: Drag cubes not found or cannot be read for part Part. Generating New drag cubes.
[LOG 18:23:52.763] [KSPCF/DragCubeGeneration] Creating drag cubes for part 'ServiceBay.125.v2'
[LOG 18:23:52.776] PartLoader: Compiling Part 'Squad/Parts/Utility/ServiceBay_v2/ServiceBay_250_v2/ServiceBay_250_v2'
[LOG 18:23:52.783] PartLoader: Part 'Squad/Parts/Utility/ServiceBay_v2/ServiceBay_250_v2/ServiceBay_250_v2' has no database record. Creating.
[LOG 18:23:52.783] [DragCubeSystem]: Drag cubes not found or cannot be read for part Part. Generating New drag cubes.
[LOG 18:23:52.783] [KSPCF/DragCubeGeneration] Creating drag cubes for part 'ServiceBay.250.v2'
[LOG 18:23:52.796] PartLoader: Compiling Part 'Squad/Parts/Utility/smallClaw/smallClaw/smallClaw'
[LOG 18:23:52.805] PartLoader: Part 'Squad/Parts/Utility/smallClaw/smallClaw/smallClaw' has no database record. Creating.
[LOG 18:23:52.805] [DragCubeSystem]: Drag cubes not found or cannot be read for part Part. Generating New drag cubes.
[LOG 18:23:52.805] [KSPCF/DragCubeGeneration] Creating drag cubes for part 'smallClaw'
[LOG 18:23:52.823] PartLoader: Compiling Part 'Squad/Parts/Utility/spotLightMk1/spotLightMk1/spotLight1'
[LOG 18:23:52.829] PartLoader: Part 'Squad/Parts/Utility/spotLightMk1/spotLightMk1/spotLight1' has no database record. Creating.
[LOG 18:23:52.829] [DragCubeSystem]: Drag cubes not found or cannot be read for part Part. Generating New drag cubes.
[LOG 18:23:52.829] [KSPCF/DragCubeGeneration] Creating drag cubes for part 'spotLight1'
[LOG 18:23:52.834] PartLoader: Compiling Part 'Squad/Parts/Utility/spotLightMk1_v2/spotLightMk1_v2/spotLight1_v2'
[LOG 18:23:52.839] PartLoader: Part 'Squad/Parts/Utility/spotLightMk1_v2/spotLightMk1_v2/spotLight1_v2' has no database record. Creating.
[LOG 18:23:52.839] [DragCubeSystem]: Drag cubes not found or cannot be read for part Part. Generating New drag cubes.
[LOG 18:23:52.839] [KSPCF/DragCubeGeneration] Creating drag cubes for part 'spotLight1.v2'
[LOG 18:23:52.843] PartLoader: Compiling Part 'Squad/Parts/Utility/spotLightMk2/spotLightMk2/spotLight2'
[LOG 18:23:52.848] PartLoader: Part 'Squad/Parts/Utility/spotLightMk2/spotLightMk2/spotLight2' has no database record. Creating.
[LOG 18:23:52.848] [DragCubeSystem]: Drag cubes not found or cannot be read for part Part. Generating New drag cubes.
[LOG 18:23:52.848] [KSPCF/DragCubeGeneration] Creating drag cubes for part 'spotLight2'
[LOG 18:23:52.853] PartLoader: Compiling Part 'Squad/Parts/Utility/spotLightMk2_v2/spotLightMk2_v2/spotLight2_v2'
[LOG 18:23:52.860] PartLoader: Part 'Squad/Parts/Utility/spotLightMk2_v2/spotLightMk2_v2/spotLight2_v2' has no database record. Creating.
[LOG 18:23:52.860] [DragCubeSystem]: Drag cubes not found or cannot be read for part Part. Generating New drag cubes.
[LOG 18:23:52.860] [KSPCF/DragCubeGeneration] Creating drag cubes for part 'spotLight2.v2'
[LOG 18:23:52.864] PartLoader: Compiling Part 'Squad/Parts/Utility/stackCouplers/stackBiCoupler_v2/stackBiCoupler_v2'
[LOG 18:23:52.868] PartLoader: Part 'Squad/Parts/Utility/stackCouplers/stackBiCoupler_v2/stackBiCoupler_v2' has no database record. Creating.
[LOG 18:23:52.868] [DragCubeSystem]: Drag cubes not found or cannot be read for part Part. Generating New drag cubes.
[LOG 18:23:52.868] [KSPCF/DragCubeGeneration] Creating drag cubes for part 'stackBiCoupler.v2'
[LOG 18:23:52.872] PartLoader: Compiling Part 'Squad/Parts/Utility/stackCouplers/stackQuadCoupler/stackQuadCoupler'
[LOG 18:23:52.875] PartLoader: Part 'Squad/Parts/Utility/stackCouplers/stackQuadCoupler/stackQuadCoupler' has no database record. Creating.
[LOG 18:23:52.875] [DragCubeSystem]: Drag cubes not found or cannot be read for part Part. Generating New drag cubes.
[LOG 18:23:52.875] [KSPCF/DragCubeGeneration] Creating drag cubes for part 'stackQuadCoupler'
[LOG 18:23:52.879] PartLoader: Compiling Part 'Squad/Parts/Utility/stackCouplers/stackTriCoupler_v2/stackTriCoupler_v2'
[LOG 18:23:52.884] PartLoader: Part 'Squad/Parts/Utility/stackCouplers/stackTriCoupler_v2/stackTriCoupler_v2' has no database record. Creating.
[LOG 18:23:52.884] [DragCubeSystem]: Drag cubes not found or cannot be read for part Part. Generating New drag cubes.
[LOG 18:23:52.884] [KSPCF/DragCubeGeneration] Creating drag cubes for part 'stackTriCoupler.v2'
[LOG 18:23:52.890] PartLoader: Compiling Part 'Squad/Parts/Wheel/LandingGear/GearExtraLarge/GearLarge'
[LOG 18:23:52.907] PartLoader: Part 'Squad/Parts/Wheel/LandingGear/GearExtraLarge/GearLarge' has no database record. Creating.
[LOG 18:23:52.907] [DragCubeSystem]: Drag cubes not found or cannot be read for part Part. Generating New drag cubes.
[LOG 18:23:52.907] [KSPCF/DragCubeGeneration] Creating drag cubes for part 'GearLarge'
[LOG 18:23:52.922] PartLoader: Compiling Part 'Squad/Parts/Wheel/LandingGear/GearFixed/GearFixed'
[LOG 18:23:52.929] PartLoader: Part 'Squad/Parts/Wheel/LandingGear/GearFixed/GearFixed' has no database record. Creating.
[LOG 18:23:52.929] [DragCubeSystem]: Drag cubes not found or cannot be read for part Part. Generating New drag cubes.
[LOG 18:23:52.929] [KSPCF/DragCubeGeneration] Creating drag cubes for part 'GearFixed'
[LOG 18:23:52.935] PartLoader: Compiling Part 'Squad/Parts/Wheel/LandingGear/GearFree/GearFree'
[LOG 18:23:52.945] PartLoader: Part 'Squad/Parts/Wheel/LandingGear/GearFree/GearFree' has no database record. Creating.
[LOG 18:23:52.945] [DragCubeSystem]: Drag cubes not found or cannot be read for part Part. Generating New drag cubes.
[LOG 18:23:52.945] [KSPCF/DragCubeGeneration] Creating drag cubes for part 'GearFree'
[LOG 18:23:52.950] PartLoader: Compiling Part 'Squad/Parts/Wheel/LandingGear/GearLarge/GearMedium'
[LOG 18:23:52.963] PartLoader: Part 'Squad/Parts/Wheel/LandingGear/GearLarge/GearMedium' has no database record. Creating.
[LOG 18:23:52.963] [DragCubeSystem]: Drag cubes not found or cannot be read for part Part. Generating New drag cubes.
[LOG 18:23:52.963] [KSPCF/DragCubeGeneration] Creating drag cubes for part 'GearMedium'
[LOG 18:23:52.978] PartLoader: Compiling Part 'Squad/Parts/Wheel/LandingGear/GearMedium/GearSmall'
[LOG 18:23:52.994] PartLoader: Part 'Squad/Parts/Wheel/LandingGear/GearMedium/GearSmall' has no database record. Creating.
[LOG 18:23:52.994] [DragCubeSystem]: Drag cubes not found or cannot be read for part Part. Generating New drag cubes.
[LOG 18:23:52.995] [KSPCF/DragCubeGeneration] Creating drag cubes for part 'GearSmall'
[LOG 18:23:53.012] PartLoader: Compiling Part 'Squad/Parts/Wheel/LandingGear/GearSmall/SmallGearBay'
[LOG 18:23:53.023] PartLoader: Part 'Squad/Parts/Wheel/LandingGear/GearSmall/SmallGearBay' has no database record. Creating.
[LOG 18:23:53.023] [DragCubeSystem]: Drag cubes not found or cannot be read for part Part. Generating New drag cubes.
[LOG 18:23:53.023] [KSPCF/DragCubeGeneration] Creating drag cubes for part 'SmallGearBay'
[LOG 18:23:53.038] PartLoader: Compiling Part 'Squad/Parts/Wheel/roverWheelM1/roverWheelM1/roverWheel1'
[LOG 18:23:53.052] PartLoader: Part 'Squad/Parts/Wheel/roverWheelM1/roverWheelM1/roverWheel1' has no database record. Creating.
[LOG 18:23:53.052] [DragCubeSystem]: Drag cubes not found or cannot be read for part Part. Generating New drag cubes.
[LOG 18:23:53.052] [KSPCF/DragCubeGeneration] Creating drag cubes for part 'roverWheel1'
[LOG 18:23:53.058] PartLoader: Compiling Part 'Squad/Parts/Wheel/roverWheelS2/roverWheelS2/roverWheel2'
[LOG 18:23:53.064] PartLoader: Part 'Squad/Parts/Wheel/roverWheelS2/roverWheelS2/roverWheel2' has no database record. Creating.
[LOG 18:23:53.064] [DragCubeSystem]: Drag cubes not found or cannot be read for part Part. Generating New drag cubes.
[LOG 18:23:53.065] [KSPCF/DragCubeGeneration] Creating drag cubes for part 'roverWheel2'
[LOG 18:23:53.071] PartLoader: Compiling Part 'Squad/Parts/Wheel/roverWheelTR-2L/roverWheelTR-2L/wheelMed'
[LOG 18:23:53.081] PartLoader: Part 'Squad/Parts/Wheel/roverWheelTR-2L/roverWheelTR-2L/wheelMed' has no database record. Creating.
[LOG 18:23:53.081] [DragCubeSystem]: Drag cubes not found or cannot be read for part Part. Generating New drag cubes.
[LOG 18:23:53.081] [KSPCF/DragCubeGeneration] Creating drag cubes for part 'wheelMed'
[LOG 18:23:53.086] PartLoader: Compiling Part 'Squad/Parts/Wheel/roverWheelXL3/roverWheelXL3/roverWheel3'
[LOG 18:23:53.094] PartLoader: Part 'Squad/Parts/Wheel/roverWheelXL3/roverWheelXL3/roverWheel3' has no database record. Creating.
[LOG 18:23:53.094] [DragCubeSystem]: Drag cubes not found or cannot be read for part Part. Generating New drag cubes.
[LOG 18:23:53.095] [KSPCF/DragCubeGeneration] Creating drag cubes for part 'roverWheel3'
[LOG 18:23:53.100] PartLoader: Compiling Part 'SquadExpansion/MakingHistory/Parts/Aero/protectiveRocketNoseMk16/rocketNoseCone_size4/rocketNoseConeSize4'
[LOG 18:23:53.102] PartLoader: Part 'SquadExpansion/MakingHistory/Parts/Aero/protectiveRocketNoseMk16/rocketNoseCone_size4/rocketNoseConeSize4' has no database record. Creating.
[LOG 18:23:53.102] [DragCubeSystem]: Drag cubes not found or cannot be read for part Part. Generating New drag cubes.
[LOG 18:23:53.106] [KSPCF/DragCubeGeneration] Creating drag cubes for part 'rocketNoseConeSize4'
[LOG 18:23:53.110] PartLoader: Compiling Part 'SquadExpansion/MakingHistory/Parts/Aero/protectiveRocketNoseMk5A/Size_1_5_Cone/Size_1_5_Cone'
[LOG 18:23:53.114] PartLoader: Part 'SquadExpansion/MakingHistory/Parts/Aero/protectiveRocketNoseMk5A/Size_1_5_Cone/Size_1_5_Cone' has no database record. Creating.
[LOG 18:23:53.115] [DragCubeSystem]: Drag cubes not found or cannot be read for part Part. Generating New drag cubes.
[LOG 18:23:53.115] [KSPCF/DragCubeGeneration] Creating drag cubes for part 'Size.1.5.Cone'
[LOG 18:23:53.118] PartLoader: Compiling Part 'SquadExpansion/MakingHistory/Parts/Coupling/Decoupler_1p5/Decoupler_1p5'
[LOG 18:23:53.126] PartLoader: Part 'SquadExpansion/MakingHistory/Parts/Coupling/Decoupler_1p5/Decoupler_1p5' has no database record. Creating.
[LOG 18:23:53.127] PartLoader: Compiling Part 'SquadExpansion/MakingHistory/Parts/Coupling/Decoupler_4/Decoupler_4'
[LOG 18:23:53.132] PartLoader: Part 'SquadExpansion/MakingHistory/Parts/Coupling/Decoupler_4/Decoupler_4' has no database record. Creating.
[LOG 18:23:53.132] PartLoader: Compiling Part 'SquadExpansion/MakingHistory/Parts/Coupling/EnginePlate_1p5/EnginePlate1p5'
[LOG 18:23:53.151] PartLoader: Part 'SquadExpansion/MakingHistory/Parts/Coupling/EnginePlate_1p5/EnginePlate1p5' has no database record. Creating.
[LOG 18:23:53.151] [DragCubeSystem]: Drag cubes not found or cannot be read for part Part. Generating New drag cubes.
[LOG 18:23:53.151] [KSPCF/DragCubeGeneration] Part 'EnginePlate1p5' has defined a procedural drag cube setup
[LOG 18:23:53.151] PartLoader: Compiling Part 'SquadExpansion/MakingHistory/Parts/Coupling/EnginePlate_2/EnginePlate2'
[LOG 18:23:53.160] PartLoader: Part 'SquadExpansion/MakingHistory/Parts/Coupling/EnginePlate_2/EnginePlate2' has no database record. Creating.
[LOG 18:23:53.161] [DragCubeSystem]: Drag cubes not found or cannot be read for part Part. Generating New drag cubes.
[LOG 18:23:53.161] [KSPCF/DragCubeGeneration] Part 'EnginePlate2' has defined a procedural drag cube setup
[LOG 18:23:53.161] PartLoader: Compiling Part 'SquadExpansion/MakingHistory/Parts/Coupling/EnginePlate_3/EnginePlate3'
[LOG 18:23:53.169] PartLoader: Part 'SquadExpansion/MakingHistory/Parts/Coupling/EnginePlate_3/EnginePlate3' has no database record. Creating.
[LOG 18:23:53.169] [DragCubeSystem]: Drag cubes not found or cannot be read for part Part. Generating New drag cubes.
[LOG 18:23:53.169] [KSPCF/DragCubeGeneration] Part 'EnginePlate3' has defined a procedural drag cube setup
[LOG 18:23:53.169] PartLoader: Compiling Part 'SquadExpansion/MakingHistory/Parts/Coupling/EnginePlate_4/EnginePlate4'
[LOG 18:23:53.176] PartLoader: Part 'SquadExpansion/MakingHistory/Parts/Coupling/EnginePlate_4/EnginePlate4' has no database record. Creating.
[LOG 18:23:53.176] [DragCubeSystem]: Drag cubes not found or cannot be read for part Part. Generating New drag cubes.
[LOG 18:23:53.176] [KSPCF/DragCubeGeneration] Part 'EnginePlate4' has defined a procedural drag cube setup
[LOG 18:23:53.177] PartLoader: Compiling Part 'SquadExpansion/MakingHistory/Parts/Coupling/EnginePlate_5/EnginePlate5'
[LOG 18:23:53.195] PartLoader: Part 'SquadExpansion/MakingHistory/Parts/Coupling/EnginePlate_5/EnginePlate5' has no database record. Creating.
[LOG 18:23:53.195] [DragCubeSystem]: Drag cubes not found or cannot be read for part Part. Generating New drag cubes.
[LOG 18:23:53.195] [KSPCF/DragCubeGeneration] Part 'EnginePlate5' has defined a procedural drag cube setup
[LOG 18:23:53.196] PartLoader: Compiling Part 'SquadExpansion/MakingHistory/Parts/Coupling/InflatableAirlock/InflatableAirlock'
[LOG 18:23:53.202] PartLoader: Part 'SquadExpansion/MakingHistory/Parts/Coupling/InflatableAirlock/InflatableAirlock' has no database record. Creating.
[LOG 18:23:53.202] [DragCubeSystem]: Drag cubes not found or cannot be read for part Part. Generating New drag cubes.
[LOG 18:23:53.202] [KSPCF/DragCubeGeneration] Creating drag cubes for part 'InflatableAirlock'
[LOG 18:23:53.216] PartLoader: Compiling Part 'SquadExpansion/MakingHistory/Parts/Coupling/Separator_1p5/Separator_1p5'
[LOG 18:23:53.223] PartLoader: Part 'SquadExpansion/MakingHistory/Parts/Coupling/Separator_1p5/Separator_1p5' has no database record. Creating.
[LOG 18:23:53.223] PartLoader: Compiling Part 'SquadExpansion/MakingHistory/Parts/Coupling/Separator_4/Separator_4'
[LOG 18:23:53.229] PartLoader: Part 'SquadExpansion/MakingHistory/Parts/Coupling/Separator_4/Separator_4' has no database record. Creating.
[LOG 18:23:53.230] PartLoader: Compiling Part 'SquadExpansion/MakingHistory/Parts/Coupling/Size1p5_Strut_Decoupler/Size1p5_Strut_Decoupler'
[LOG 18:23:53.235] PartLoader: Part 'SquadExpansion/MakingHistory/Parts/Coupling/Size1p5_Strut_Decoupler/Size1p5_Strut_Decoupler' has no database record. Creating.
[LOG 18:23:53.236] PartLoader: Compiling Part 'SquadExpansion/MakingHistory/Parts/Engine/LiquidEngineKE-1/LiquidEngineKE-1'
[LOG 18:23:53.247] PartLoader: Part 'SquadExpansion/MakingHistory/Parts/Engine/LiquidEngineKE-1/LiquidEngineKE-1' has no database record. Creating.
[LOG 18:23:53.247] [DragCubeSystem]: Drag cubes not found or cannot be read for part Part. Generating New drag cubes.
[LOG 18:23:53.247] [KSPCF/DragCubeGeneration] Creating drag cubes for part 'LiquidEngineKE-1'
[LOG 18:23:53.278] PartLoader: Compiling Part 'SquadExpansion/MakingHistory/Parts/Engine/LiquidEngineLV-T91/LiquidEngineLV-T91'
[LOG 18:23:53.287] PartLoader: Part 'SquadExpansion/MakingHistory/Parts/Engine/LiquidEngineLV-T91/LiquidEngineLV-T91' has no database record. Creating.
[LOG 18:23:53.287] [DragCubeSystem]: Drag cubes not found or cannot be read for part Part. Generating New drag cubes.
[LOG 18:23:53.287] [KSPCF/DragCubeGeneration] Creating drag cubes for part 'LiquidEngineLV-T91'
[LOG 18:23:53.311] PartLoader: Compiling Part 'SquadExpansion/MakingHistory/Parts/Engine/LiquidEngineLV-TX87/LiquidEngineLV-TX87'
[LOG 18:23:53.320] PartLoader: Part 'SquadExpansion/MakingHistory/Parts/Engine/LiquidEngineLV-TX87/LiquidEngineLV-TX87' has no database record. Creating.
[LOG 18:23:53.320] [DragCubeSystem]: Drag cubes not found or cannot be read for part Part. Generating New drag cubes.
[LOG 18:23:53.320] [KSPCF/DragCubeGeneration] Creating drag cubes for part 'LiquidEngineLV-TX87'
[LOG 18:23:53.347] PartLoader: Compiling Part 'SquadExpansion/MakingHistory/Parts/Engine/LiquidEngineRE-I2/LiquidEngineRE-I2'
[LOG 18:23:53.355] PartLoader: Part 'SquadExpansion/MakingHistory/Parts/Engine/LiquidEngineRE-I2/LiquidEngineRE-I2' has no database record. Creating.
[LOG 18:23:53.356] [DragCubeSystem]: Drag cubes not found or cannot be read for part Part. Generating New drag cubes.
[LOG 18:23:53.356] [KSPCF/DragCubeGeneration] Creating drag cubes for part 'LiquidEngineRE-I2'
[LOG 18:23:53.380] PartLoader: Compiling Part 'SquadExpansion/MakingHistory/Parts/Engine/LiquidEngineRE-J10/LiquidEngineRE-J10'
[LOG 18:23:53.388] PartLoader: Part 'SquadExpansion/MakingHistory/Parts/Engine/LiquidEngineRE-J10/LiquidEngineRE-J10' has no database record. Creating.
[LOG 18:23:53.389] [DragCubeSystem]: Drag cubes not found or cannot be read for part Part. Generating New drag cubes.
[LOG 18:23:53.389] [KSPCF/DragCubeGeneration] Creating drag cubes for part 'LiquidEngineRE-J10'
[LOG 18:23:53.413] PartLoader: Compiling Part 'SquadExpansion/MakingHistory/Parts/Engine/LiquidEngineRK-7/LiquidEngineRK-7'
[LOG 18:23:53.422] PartLoader: Part 'SquadExpansion/MakingHistory/Parts/Engine/LiquidEngineRK-7/LiquidEngineRK-7' has no database record. Creating.
[LOG 18:23:53.422] [DragCubeSystem]: Drag cubes not found or cannot be read for part Part. Generating New drag cubes.
[LOG 18:23:53.422] [KSPCF/DragCubeGeneration] Creating drag cubes for part 'LiquidEngineRK-7'
[LOG 18:23:53.453] PartLoader: Compiling Part 'SquadExpansion/MakingHistory/Parts/Engine/LiquidEngineRV-1/LiquidEngineRV-1'
[LOG 18:23:53.459] PartLoader: Part 'SquadExpansion/MakingHistory/Parts/Engine/LiquidEngineRV-1/LiquidEngineRV-1' has no database record. Creating.
[LOG 18:23:53.459] [DragCubeSystem]: Drag cubes not found or cannot be read for part Part. Generating New drag cubes.
[LOG 18:23:53.459] [KSPCF/DragCubeGeneration] Creating drag cubes for part 'LiquidEngineRV-1'
[LOG 18:23:53.465] PartLoader: Compiling Part 'SquadExpansion/MakingHistory/Parts/Engine/solidBoosterTHK/solidBoosterTHK/Pollux'
[LOG 18:23:53.470] PartLoader: Part 'SquadExpansion/MakingHistory/Parts/Engine/solidBoosterTHK/solidBoosterTHK/Pollux' has no database record. Creating.
[LOG 18:23:53.471] [DragCubeSystem]: Drag cubes not found or cannot be read for part Part. Generating New drag cubes.
[LOG 18:23:53.471] [KSPCF/DragCubeGeneration] Creating drag cubes for part 'Pollux'
[LOG 18:23:53.476] PartLoader: Compiling Part 'SquadExpansion/MakingHistory/Parts/FuelTank/MonoPropMini/monopropMiniSphere'
[LOG 18:23:53.479] PartLoader: Part 'SquadExpansion/MakingHistory/Parts/FuelTank/MonoPropMini/monopropMiniSphere' has no database record. Creating.
[LOG 18:23:53.479] [DragCubeSystem]: Drag cubes not found or cannot be read for part Part. Generating New drag cubes.
[LOG 18:23:53.479] [KSPCF/DragCubeGeneration] Creating drag cubes for part 'monopropMiniSphere'
[LOG 18:23:53.485] PartLoader: Compiling Part 'SquadExpansion/MakingHistory/Parts/FuelTank/Size1p5_Monoprop/Size1p5_Monoprop'
[LOG 18:23:53.490] PartLoader: Part 'SquadExpansion/MakingHistory/Parts/FuelTank/Size1p5_Monoprop/Size1p5_Monoprop' has no database record. Creating.
[LOG 18:23:53.490] [DragCubeSystem]: Drag cubes not found or cannot be read for part Part. Generating New drag cubes.
[LOG 18:23:53.490] [KSPCF/DragCubeGeneration] Creating drag cubes for part 'Size1p5.Monoprop'
[LOG 18:23:53.495] PartLoader: Compiling Part 'SquadExpansion/MakingHistory/Parts/FuelTank/Size1p5_Size0_Adapter_01/Size1p5_Size0_Adapter_01'
[LOG 18:23:53.499] PartLoader: Part 'SquadExpansion/MakingHistory/Parts/FuelTank/Size1p5_Size0_Adapter_01/Size1p5_Size0_Adapter_01' has no database record. Creating.
[LOG 18:23:53.499] [DragCubeSystem]: Drag cubes not found or cannot be read for part Part. Generating New drag cubes.
[LOG 18:23:53.499] [KSPCF/DragCubeGeneration] Creating drag cubes for part 'Size1p5.Size0.Adapter.01'
[LOG 18:23:53.503] PartLoader: Compiling Part 'SquadExpansion/MakingHistory/Parts/FuelTank/Size1p5_Size1_Adapter_01/Size1p5_Size1_Adapter_01'
[LOG 18:23:53.506] PartLoader: Part 'SquadExpansion/MakingHistory/Parts/FuelTank/Size1p5_Size1_Adapter_01/Size1p5_Size1_Adapter_01' has no database record. Creating.
[LOG 18:23:53.506] [DragCubeSystem]: Drag cubes not found or cannot be read for part Part. Generating New drag cubes.
[LOG 18:23:53.506] [KSPCF/DragCubeGeneration] Creating drag cubes for part 'Size1p5.Size1.Adapter.01'
[LOG 18:23:53.511] PartLoader: Compiling Part 'SquadExpansion/MakingHistory/Parts/FuelTank/Size1p5_Size1_Adapter_02/Size1p5_Size1_Adapter_02'
[LOG 18:23:53.514] PartLoader: Part 'SquadExpansion/MakingHistory/Parts/FuelTank/Size1p5_Size1_Adapter_02/Size1p5_Size1_Adapter_02' has no database record. Creating.
[LOG 18:23:53.514] [DragCubeSystem]: Drag cubes not found or cannot be read for part Part. Generating New drag cubes.
[LOG 18:23:53.514] [KSPCF/DragCubeGeneration] Creating drag cubes for part 'Size1p5.Size1.Adapter.02'
[LOG 18:23:53.520] PartLoader: Compiling Part 'SquadExpansion/MakingHistory/Parts/FuelTank/Size1p5_Size2_Adapter_01/Size1p5_Size2_Adapter_01'
[LOG 18:23:53.524] PartLoader: Part 'SquadExpansion/MakingHistory/Parts/FuelTank/Size1p5_Size2_Adapter_01/Size1p5_Size2_Adapter_01' has no database record. Creating.
[LOG 18:23:53.524] [DragCubeSystem]: Drag cubes not found or cannot be read for part Part. Generating New drag cubes.
[LOG 18:23:53.524] [KSPCF/DragCubeGeneration] Creating drag cubes for part 'Size1p5.Size2.Adapter.01'
[LOG 18:23:53.529] PartLoader: Compiling Part 'SquadExpansion/MakingHistory/Parts/FuelTank/Size1p5_Tank_01/Size1p5_Tank_01'
[LOG 18:23:53.533] PartLoader: Part 'SquadExpansion/MakingHistory/Parts/FuelTank/Size1p5_Tank_01/Size1p5_Tank_01' has no database record. Creating.
[LOG 18:23:53.533] [DragCubeSystem]: Drag cubes not found or cannot be read for part Part. Generating New drag cubes.
[LOG 18:23:53.533] [KSPCF/DragCubeGeneration] Creating drag cubes for part 'Size1p5.Tank.01'
[LOG 18:23:53.538] PartLoader: Compiling Part 'SquadExpansion/MakingHistory/Parts/FuelTank/Size1p5_Tank_02/Size1p5_Tank_02'
[LOG 18:23:53.542] PartLoader: Part 'SquadExpansion/MakingHistory/Parts/FuelTank/Size1p5_Tank_02/Size1p5_Tank_02' has no database record. Creating.
[LOG 18:23:53.542] [DragCubeSystem]: Drag cubes not found or cannot be read for part Part. Generating New drag cubes.
[LOG 18:23:53.542] [KSPCF/DragCubeGeneration] Creating drag cubes for part 'Size1p5.Tank.02'
[LOG 18:23:53.547] PartLoader: Compiling Part 'SquadExpansion/MakingHistory/Parts/FuelTank/Size1p5_Tank_03/Size1p5_Tank_03'
[LOG 18:23:53.550] PartLoader: Part 'SquadExpansion/MakingHistory/Parts/FuelTank/Size1p5_Tank_03/Size1p5_Tank_03' has no database record. Creating.
[LOG 18:23:53.550] [DragCubeSystem]: Drag cubes not found or cannot be read for part Part. Generating New drag cubes.
[LOG 18:23:53.550] [KSPCF/DragCubeGeneration] Creating drag cubes for part 'Size1p5.Tank.03'
[LOG 18:23:53.570] PartLoader: Compiling Part 'SquadExpansion/MakingHistory/Parts/FuelTank/Size1p5_Tank_04/Size1p5_Tank_04'
[LOG 18:23:53.577] PartLoader: Part 'SquadExpansion/MakingHistory/Parts/FuelTank/Size1p5_Tank_04/Size1p5_Tank_04' has no database record. Creating.
[LOG 18:23:53.577] [DragCubeSystem]: Drag cubes not found or cannot be read for part Part. Generating New drag cubes.
[LOG 18:23:53.577] [KSPCF/DragCubeGeneration] Creating drag cubes for part 'Size1p5.Tank.04'
[LOG 18:23:53.587] PartLoader: Compiling Part 'SquadExpansion/MakingHistory/Parts/FuelTank/Size1p5_Tank_05/Size1p5_Tank_05'
[LOG 18:23:53.601] PartLoader: Part 'SquadExpansion/MakingHistory/Parts/FuelTank/Size1p5_Tank_05/Size1p5_Tank_05' has no database record. Creating.
[LOG 18:23:53.601] [DragCubeSystem]: Drag cubes not found or cannot be read for part Part. Generating New drag cubes.
[LOG 18:23:53.601] [KSPCF/DragCubeGeneration] Creating drag cubes for part 'Size1p5.Tank.05'
[LOG 18:23:53.608] PartLoader: Compiling Part 'SquadExpansion/MakingHistory/Parts/FuelTank/Size3_Size4_Adapter_01/Size3_Size4_Adapter_01'
[LOG 18:23:53.610] PartLoader: Part 'SquadExpansion/MakingHistory/Parts/FuelTank/Size3_Size4_Adapter_01/Size3_Size4_Adapter_01' has no database record. Creating.
[LOG 18:23:53.610] [DragCubeSystem]: Drag cubes not found or cannot be read for part Part. Generating New drag cubes.
[LOG 18:23:53.610] [KSPCF/DragCubeGeneration] Creating drag cubes for part 'Size3.Size4.Adapter.01'
[LOG 18:23:53.615] PartLoader: Compiling Part 'SquadExpansion/MakingHistory/Parts/FuelTank/Size4_EngineAdapter_01/Size4_EngineAdapter_01'
[LOG 18:23:53.619] PartLoader: Part 'SquadExpansion/MakingHistory/Parts/FuelTank/Size4_EngineAdapter_01/Size4_EngineAdapter_01' has no database record. Creating.
[LOG 18:23:53.619] [DragCubeSystem]: Drag cubes not found or cannot be read for part Part. Generating New drag cubes.
[LOG 18:23:53.619] [KSPCF/DragCubeGeneration] Creating drag cubes for part 'Size4.EngineAdapter.01'
[LOG 18:23:53.625] PartLoader: Compiling Part 'SquadExpansion/MakingHistory/Parts/FuelTank/Size4_Tank_01/Size4_Tank_01'
[LOG 18:23:53.628] PartLoader: Part 'SquadExpansion/MakingHistory/Parts/FuelTank/Size4_Tank_01/Size4_Tank_01' has no database record. Creating.
[LOG 18:23:53.628] [DragCubeSystem]: Drag cubes not found or cannot be read for part Part. Generating New drag cubes.
[LOG 18:23:53.628] [KSPCF/DragCubeGeneration] Creating drag cubes for part 'Size4.Tank.01'
[LOG 18:23:53.633] PartLoader: Compiling Part 'SquadExpansion/MakingHistory/Parts/FuelTank/Size4_Tank_02/Size4_Tank_02'
[LOG 18:23:53.637] PartLoader: Part 'SquadExpansion/MakingHistory/Parts/FuelTank/Size4_Tank_02/Size4_Tank_02' has no database record. Creating.
[LOG 18:23:53.637] [DragCubeSystem]: Drag cubes not found or cannot be read for part Part. Generating New drag cubes.
[LOG 18:23:53.637] [KSPCF/DragCubeGeneration] Creating drag cubes for part 'Size4.Tank.02'
[LOG 18:23:53.642] PartLoader: Compiling Part 'SquadExpansion/MakingHistory/Parts/FuelTank/Size4_Tank_03/Size4_Tank_03'
[LOG 18:23:53.645] PartLoader: Part 'SquadExpansion/MakingHistory/Parts/FuelTank/Size4_Tank_03/Size4_Tank_03' has no database record. Creating.
[LOG 18:23:53.645] [DragCubeSystem]: Drag cubes not found or cannot be read for part Part. Generating New drag cubes.
[LOG 18:23:53.645] [KSPCF/DragCubeGeneration] Creating drag cubes for part 'Size4.Tank.03'
[LOG 18:23:53.650] PartLoader: Compiling Part 'SquadExpansion/MakingHistory/Parts/FuelTank/Size4_Tank_04/Size4_Tank_04'
[LOG 18:23:53.652] PartLoader: Part 'SquadExpansion/MakingHistory/Parts/FuelTank/Size4_Tank_04/Size4_Tank_04' has no database record. Creating.
[LOG 18:23:53.653] [DragCubeSystem]: Drag cubes not found or cannot be read for part Part. Generating New drag cubes.
[LOG 18:23:53.653] [KSPCF/DragCubeGeneration] Creating drag cubes for part 'Size4.Tank.04'
[LOG 18:23:53.658] PartLoader: Compiling Part 'SquadExpansion/MakingHistory/Parts/Ground/RoverWheel/roverWheelM1-F'
[LOG 18:23:53.670] PartLoader: Part 'SquadExpansion/MakingHistory/Parts/Ground/RoverWheel/roverWheelM1-F' has no database record. Creating.
[LOG 18:23:53.670] [DragCubeSystem]: Drag cubes not found or cannot be read for part Part. Generating New drag cubes.
[LOG 18:23:53.670] [KSPCF/DragCubeGeneration] Creating drag cubes for part 'roverWheelM1-F'
[LOG 18:23:53.685] PartLoader: Compiling Part 'SquadExpansion/MakingHistory/Parts/Payload/fairingSize1p5/fairingSize1p5'
[LOG 18:23:53.700] PartLoader: Part 'SquadExpansion/MakingHistory/Parts/Payload/fairingSize1p5/fairingSize1p5' has no database record. Creating.
[LOG 18:23:53.700] [DragCubeSystem]: Drag cubes not found or cannot be read for part Part. Generating New drag cubes.
[LOG 18:23:53.700] [KSPCF/DragCubeGeneration] Creating drag cubes for part 'fairingSize1p5'
[LOG 18:23:53.704] PartLoader: Compiling Part 'SquadExpansion/MakingHistory/Parts/Payload/fairingSize4/fairingSize4'
[LOG 18:23:53.718] PartLoader: Part 'SquadExpansion/MakingHistory/Parts/Payload/fairingSize4/fairingSize4' has no database record. Creating.
[LOG 18:23:53.718] [DragCubeSystem]: Drag cubes not found or cannot be read for part Part. Generating New drag cubes.
[LOG 18:23:53.718] [KSPCF/DragCubeGeneration] Creating drag cubes for part 'fairingSize4'
[LOG 18:23:53.722] PartLoader: Compiling Part 'SquadExpansion/MakingHistory/Parts/Payload/Size1to0ServiceModule/Size1to0ServiceModule'
[LOG 18:23:53.730] PartLoader: Part 'SquadExpansion/MakingHistory/Parts/Payload/Size1to0ServiceModule/Size1to0ServiceModule' has no database record. Creating.
[LOG 18:23:53.730] [DragCubeSystem]: Drag cubes not found or cannot be read for part Part. Generating New drag cubes.
[LOG 18:23:53.730] [KSPCF/DragCubeGeneration] Part 'Size1to0ServiceModule' has defined a procedural drag cube setup
[LOG 18:23:53.730] PartLoader: Compiling Part 'SquadExpansion/MakingHistory/Parts/Payload/SM18/ServiceModule18'
[LOG 18:23:53.736] PartLoader: Part 'SquadExpansion/MakingHistory/Parts/Payload/SM18/ServiceModule18' has no database record. Creating.
[LOG 18:23:53.736] [DragCubeSystem]: Drag cubes not found or cannot be read for part Part. Generating New drag cubes.
[LOG 18:23:53.736] [KSPCF/DragCubeGeneration] Part 'ServiceModule18' has defined a procedural drag cube setup
[LOG 18:23:53.736] PartLoader: Compiling Part 'SquadExpansion/MakingHistory/Parts/Payload/SM25/ServiceModule25'
[LOG 18:23:53.741] PartLoader: Part 'SquadExpansion/MakingHistory/Parts/Payload/SM25/ServiceModule25' has no database record. Creating.
[LOG 18:23:53.741] [DragCubeSystem]: Drag cubes not found or cannot be read for part Part. Generating New drag cubes.
[LOG 18:23:53.742] [KSPCF/DragCubeGeneration] Part 'ServiceModule25' has defined a procedural drag cube setup
[LOG 18:23:53.742] PartLoader: Compiling Part 'SquadExpansion/MakingHistory/Parts/Pods/KV1Pod/kv1Pod'
[WRN 18:23:53.746] [Part]: Cannot have ModuleCargoPart and ModuleInventoryPart on same Part [kv1Pod'. Removed ModuleCargoPart
[LOG 18:23:53.750] PartLoader: Part 'SquadExpansion/MakingHistory/Parts/Pods/KV1Pod/kv1Pod' has no database record. Creating.
[LOG 18:23:53.751] PartLoader: Compiling Part 'SquadExpansion/MakingHistory/Parts/Pods/KV2Pod/kv2Pod'
[WRN 18:23:53.755] [Part]: Cannot have ModuleCargoPart and ModuleInventoryPart on same Part [kv2Pod'. Removed ModuleCargoPart
[LOG 18:23:53.758] PartLoader: Part 'SquadExpansion/MakingHistory/Parts/Pods/KV2Pod/kv2Pod' has no database record. Creating.
[LOG 18:23:53.760] PartLoader: Compiling Part 'SquadExpansion/MakingHistory/Parts/Pods/KV3Pod/kv3Pod'
[WRN 18:23:53.764] [Part]: Cannot have ModuleCargoPart and ModuleInventoryPart on same Part [kv3Pod'. Removed ModuleCargoPart
[LOG 18:23:53.767] PartLoader: Part 'SquadExpansion/MakingHistory/Parts/Pods/KV3Pod/kv3Pod' has no database record. Creating.
[LOG 18:23:53.769] PartLoader: Compiling Part 'SquadExpansion/MakingHistory/Parts/Pods/Mk2Pod/Mk2Pod'
[WRN 18:23:53.772] [Part]: Cannot have ModuleCargoPart and ModuleInventoryPart on same Part [Mk2Pod'. Removed ModuleCargoPart
[LOG 18:23:53.776] PartLoader: Part 'SquadExpansion/MakingHistory/Parts/Pods/Mk2Pod/Mk2Pod' has no database record. Creating.
[LOG 18:23:53.776] [DragCubeSystem]: Drag cubes not found or cannot be read for part Part. Generating New drag cubes.
[LOG 18:23:53.776] [KSPCF/DragCubeGeneration] Creating drag cubes for part 'Mk2Pod'
[LOG 18:23:53.781] PartLoader: Compiling Part 'SquadExpansion/MakingHistory/Parts/Pods/Size1_5_Lander/MEMLander'
[WRN 18:23:53.787] [Part]: Cannot add ModuleCargoPart as this Part 'MEMLander' already has a ModuleInventoryPart PartModule and they are mutually exclusive.
[LOG 18:23:53.791] PartLoader: Part 'SquadExpansion/MakingHistory/Parts/Pods/Size1_5_Lander/MEMLander' has no database record. Creating.
[LOG 18:23:53.791] [DragCubeSystem]: Drag cubes not found or cannot be read for part Part. Generating New drag cubes.
[LOG 18:23:53.791] [KSPCF/DragCubeGeneration] Creating drag cubes for part 'MEMLander'
[LOG 18:23:53.798] PartLoader: Compiling Part 'SquadExpansion/MakingHistory/Parts/Prebuilt/kerbalEVAfemaleVintage/kerbalEVAfemaleVintage'
[LOG 18:23:53.804] PartLoader: Compiling Part 'SquadExpansion/MakingHistory/Parts/Prebuilt/kerbalEVAVintage/kerbalEVAVintage'
[LOG 18:23:53.810] PartLoader: Compiling Part 'SquadExpansion/MakingHistory/Parts/Structural/EquiTriangle0/EquiTriangle0'
[LOG 18:23:53.816] PartLoader: Part 'SquadExpansion/MakingHistory/Parts/Structural/EquiTriangle0/EquiTriangle0' has no database record. Creating.
[LOG 18:23:53.816] [DragCubeSystem]: Drag cubes not found or cannot be read for part Part. Generating New drag cubes.
[LOG 18:23:53.816] [KSPCF/DragCubeGeneration] Creating drag cubes for part 'EquiTriangle0'
[LOG 18:23:53.820] PartLoader: Compiling Part 'SquadExpansion/MakingHistory/Parts/Structural/EquiTriangle1/EquiTriangle1'
[LOG 18:23:53.823] PartLoader: Part 'SquadExpansion/MakingHistory/Parts/Structural/EquiTriangle1/EquiTriangle1' has no database record. Creating.
[LOG 18:23:53.823] [DragCubeSystem]: Drag cubes not found or cannot be read for part Part. Generating New drag cubes.
[LOG 18:23:53.824] [KSPCF/DragCubeGeneration] Creating drag cubes for part 'EquiTriangle1'
[LOG 18:23:53.827] PartLoader: Compiling Part 'SquadExpansion/MakingHistory/Parts/Structural/EquiTriangle1p5/EquiTriangle1p5'
[LOG 18:23:53.831] PartLoader: Part 'SquadExpansion/MakingHistory/Parts/Structural/EquiTriangle1p5/EquiTriangle1p5' has no database record. Creating.
[LOG 18:23:53.831] [DragCubeSystem]: Drag cubes not found or cannot be read for part Part. Generating New drag cubes.
[LOG 18:23:53.831] [KSPCF/DragCubeGeneration] Creating drag cubes for part 'EquiTriangle1p5'
[LOG 18:23:53.835] PartLoader: Compiling Part 'SquadExpansion/MakingHistory/Parts/Structural/EquiTriangle2/EquiTriangle2'
[LOG 18:23:53.839] PartLoader: Part 'SquadExpansion/MakingHistory/Parts/Structural/EquiTriangle2/EquiTriangle2' has no database record. Creating.
[LOG 18:23:53.839] [DragCubeSystem]: Drag cubes not found or cannot be read for part Part. Generating New drag cubes.
[LOG 18:23:53.839] [KSPCF/DragCubeGeneration] Creating drag cubes for part 'EquiTriangle2'
[LOG 18:23:53.842] PartLoader: Compiling Part 'SquadExpansion/MakingHistory/Parts/Structural/Panel0/Panel0'
[LOG 18:23:53.846] PartLoader: Part 'SquadExpansion/MakingHistory/Parts/Structural/Panel0/Panel0' has no database record. Creating.
[LOG 18:23:53.846] [DragCubeSystem]: Drag cubes not found or cannot be read for part Part. Generating New drag cubes.
[LOG 18:23:53.846] [KSPCF/DragCubeGeneration] Creating drag cubes for part 'Panel0'
[LOG 18:23:53.851] PartLoader: Compiling Part 'SquadExpansion/MakingHistory/Parts/Structural/Panel1/Panel1'
[LOG 18:23:53.854] PartLoader: Part 'SquadExpansion/MakingHistory/Parts/Structural/Panel1/Panel1' has no database record. Creating.
[LOG 18:23:53.855] [DragCubeSystem]: Drag cubes not found or cannot be read for part Part. Generating New drag cubes.
[LOG 18:23:53.855] [KSPCF/DragCubeGeneration] Creating drag cubes for part 'Panel1'
[LOG 18:23:53.859] PartLoader: Compiling Part 'SquadExpansion/MakingHistory/Parts/Structural/Panel1p5/Panel1p5'
[LOG 18:23:53.862] PartLoader: Part 'SquadExpansion/MakingHistory/Parts/Structural/Panel1p5/Panel1p5' has no database record. Creating.
[LOG 18:23:53.862] [DragCubeSystem]: Drag cubes not found or cannot be read for part Part. Generating New drag cubes.
[LOG 18:23:53.862] [KSPCF/DragCubeGeneration] Creating drag cubes for part 'Panel1p5'
[LOG 18:23:53.866] PartLoader: Compiling Part 'SquadExpansion/MakingHistory/Parts/Structural/Panel2/Panel2'
[LOG 18:23:53.869] PartLoader: Part 'SquadExpansion/MakingHistory/Parts/Structural/Panel2/Panel2' has no database record. Creating.
[LOG 18:23:53.870] [DragCubeSystem]: Drag cubes not found or cannot be read for part Part. Generating New drag cubes.
[LOG 18:23:53.870] [KSPCF/DragCubeGeneration] Creating drag cubes for part 'Panel2'
[LOG 18:23:53.873] PartLoader: Compiling Part 'SquadExpansion/MakingHistory/Parts/Structural/Triangle0/Triangle0'
[LOG 18:23:53.877] PartLoader: Part 'SquadExpansion/MakingHistory/Parts/Structural/Triangle0/Triangle0' has no database record. Creating.
[LOG 18:23:53.877] [DragCubeSystem]: Drag cubes not found or cannot be read for part Part. Generating New drag cubes.
[LOG 18:23:53.877] [KSPCF/DragCubeGeneration] Creating drag cubes for part 'Triangle0'
[LOG 18:23:53.881] PartLoader: Compiling Part 'SquadExpansion/MakingHistory/Parts/Structural/Triangle1/Triangle1'
[LOG 18:23:53.885] PartLoader: Part 'SquadExpansion/MakingHistory/Parts/Structural/Triangle1/Triangle1' has no database record. Creating.
[LOG 18:23:53.885] [DragCubeSystem]: Drag cubes not found or cannot be read for part Part. Generating New drag cubes.
[LOG 18:23:53.885] [KSPCF/DragCubeGeneration] Creating drag cubes for part 'Triangle1'
[LOG 18:23:53.890] PartLoader: Compiling Part 'SquadExpansion/MakingHistory/Parts/Structural/Triangle1p5/Triangle1p5'
[LOG 18:23:53.893] PartLoader: Part 'SquadExpansion/MakingHistory/Parts/Structural/Triangle1p5/Triangle1p5' has no database record. Creating.
[LOG 18:23:53.893] [DragCubeSystem]: Drag cubes not found or cannot be read for part Part. Generating New drag cubes.
[LOG 18:23:53.893] [KSPCF/DragCubeGeneration] Creating drag cubes for part 'Triangle1p5'
[LOG 18:23:53.898] PartLoader: Compiling Part 'SquadExpansion/MakingHistory/Parts/Structural/Triangle2/Triangle2'
[LOG 18:23:53.901] PartLoader: Part 'SquadExpansion/MakingHistory/Parts/Structural/Triangle2/Triangle2' has no database record. Creating.
[LOG 18:23:53.901] [DragCubeSystem]: Drag cubes not found or cannot be read for part Part. Generating New drag cubes.
[LOG 18:23:53.901] [KSPCF/DragCubeGeneration] Creating drag cubes for part 'Triangle2'
[LOG 18:23:53.905] PartLoader: Compiling Part 'SquadExpansion/MakingHistory/Parts/Structural/Tube1/Tube1'
[LOG 18:23:53.909] PartLoader: Part 'SquadExpansion/MakingHistory/Parts/Structural/Tube1/Tube1' has no database record. Creating.
[LOG 18:23:53.910] PartLoader: Compiling Part 'SquadExpansion/MakingHistory/Parts/Structural/Tube1p5/Tube1p5'
[LOG 18:23:53.913] PartLoader: Part 'SquadExpansion/MakingHistory/Parts/Structural/Tube1p5/Tube1p5' has no database record. Creating.
[LOG 18:23:53.913] PartLoader: Compiling Part 'SquadExpansion/MakingHistory/Parts/Structural/Tube2/Tube2'
[LOG 18:23:53.917] PartLoader: Part 'SquadExpansion/MakingHistory/Parts/Structural/Tube2/Tube2' has no database record. Creating.
[LOG 18:23:53.917] PartLoader: Compiling Part 'SquadExpansion/MakingHistory/Parts/Structural/Tube3/Tube3'
[LOG 18:23:53.920] PartLoader: Part 'SquadExpansion/MakingHistory/Parts/Structural/Tube3/Tube3' has no database record. Creating.
[LOG 18:23:53.921] PartLoader: Compiling Part 'SquadExpansion/MakingHistory/Parts/Structural/Tube4/Tube4'
[LOG 18:23:53.929] PartLoader: Part 'SquadExpansion/MakingHistory/Parts/Structural/Tube4/Tube4' has no database record. Creating.
[LOG 18:23:53.929] PartLoader: Compiling Part 'SquadExpansion/MakingHistory/Parts/Thermal/HeatShield1p5/HeatShield1p5'
[LOG 18:23:53.936] PartLoader: Part 'SquadExpansion/MakingHistory/Parts/Thermal/HeatShield1p5/HeatShield1p5' has no database record. Creating.
[LOG 18:23:53.937] [DragCubeSystem]: Drag cubes not found or cannot be read for part Part. Generating New drag cubes.
[LOG 18:23:53.937] [KSPCF/DragCubeGeneration] Creating drag cubes for part 'HeatShield1p5'
[LOG 18:23:53.950] PartLoader: Compiling Part 'SquadExpansion/MakingHistory/Parts/Utility/flags/flagSize1p5/flagSize1p5/flagPartSize1p5'
[LOG 18:23:53.955] PartLoader: Part 'SquadExpansion/MakingHistory/Parts/Utility/flags/flagSize1p5/flagSize1p5/flagPartSize1p5' has no database record. Creating.
[LOG 18:23:53.955] [DragCubeSystem]: Drag cubes not found or cannot be read for part Part. Generating New drag cubes.
[LOG 18:23:53.955] [KSPCF/DragCubeGeneration] Creating drag cubes for part 'flagPartSize1p5'
[LOG 18:23:53.959] PartLoader: Compiling Part 'SquadExpansion/MakingHistory/Parts/Utility/flags/flagSize4/flagSize4/flagPartSize4'
[LOG 18:23:53.964] PartLoader: Part 'SquadExpansion/MakingHistory/Parts/Utility/flags/flagSize4/flagSize4/flagPartSize4' has no database record. Creating.
[LOG 18:23:53.964] [DragCubeSystem]: Drag cubes not found or cannot be read for part Part. Generating New drag cubes.
[LOG 18:23:53.964] [KSPCF/DragCubeGeneration] Creating drag cubes for part 'flagPartSize4'
[LOG 18:23:53.968] PartLoader: Compiling Part 'SquadExpansion/Serenity/Parts/Aero/FanShroud_01/FanShroud_01'
[LOG 18:23:53.971] PartLoader: Part 'SquadExpansion/Serenity/Parts/Aero/FanShroud_01/FanShroud_01' has no database record. Creating.
[LOG 18:23:53.971] [DragCubeSystem]: Drag cubes not found or cannot be read for part Part. Generating New drag cubes.
[LOG 18:23:53.971] [KSPCF/DragCubeGeneration] Creating drag cubes for part 'FanShroud.01'
[LOG 18:23:53.976] PartLoader: Compiling Part 'SquadExpansion/Serenity/Parts/Aero/FanShroud_02/FanShroud_02'
[LOG 18:23:53.980] PartLoader: Part 'SquadExpansion/Serenity/Parts/Aero/FanShroud_02/FanShroud_02' has no database record. Creating.
[LOG 18:23:53.980] [DragCubeSystem]: Drag cubes not found or cannot be read for part Part. Generating New drag cubes.
[LOG 18:23:53.980] [KSPCF/DragCubeGeneration] Creating drag cubes for part 'FanShroud.02'
[LOG 18:23:53.985] PartLoader: Compiling Part 'SquadExpansion/Serenity/Parts/Aero/FanShroud_03/FanShroud_03'
[LOG 18:23:53.988] PartLoader: Part 'SquadExpansion/Serenity/Parts/Aero/FanShroud_03/FanShroud_03' has no database record. Creating.
[LOG 18:23:53.988] [DragCubeSystem]: Drag cubes not found or cannot be read for part Part. Generating New drag cubes.
[LOG 18:23:53.988] [KSPCF/DragCubeGeneration] Creating drag cubes for part 'FanShroud.03'
[LOG 18:23:53.993] PartLoader: Compiling Part 'SquadExpansion/Serenity/Parts/Aero/noseconeTiny/noseconeTiny'
[LOG 18:23:53.996] PartLoader: Part 'SquadExpansion/Serenity/Parts/Aero/noseconeTiny/noseconeTiny' has no database record. Creating.
[LOG 18:23:53.996] [DragCubeSystem]: Drag cubes not found or cannot be read for part Part. Generating New drag cubes.
[LOG 18:23:53.996] [KSPCF/DragCubeGeneration] Creating drag cubes for part 'noseconeTiny'
[LOG 18:23:54.000] PartLoader: Compiling Part 'SquadExpansion/Serenity/Parts/Aero/noseconeVS/noseconeVS'
[LOG 18:23:54.004] PartLoader: Part 'SquadExpansion/Serenity/Parts/Aero/noseconeVS/noseconeVS' has no database record. Creating.
[LOG 18:23:54.004] [DragCubeSystem]: Drag cubes not found or cannot be read for part Part. Generating New drag cubes.
[LOG 18:23:54.004] [KSPCF/DragCubeGeneration] Creating drag cubes for part 'noseconeVS'
[LOG 18:23:54.008] PartLoader: Compiling Part 'SquadExpansion/Serenity/Parts/DeployedScience/centralStation/DeployedCentralStation'
[LOG 18:23:54.020] PartLoader: Part 'SquadExpansion/Serenity/Parts/DeployedScience/centralStation/DeployedCentralStation' has no database record. Creating.
[LOG 18:23:54.020] [DragCubeSystem]: Drag cubes not found or cannot be read for part Part. Generating New drag cubes.
[LOG 18:23:54.020] [KSPCF/DragCubeGeneration] Creating drag cubes for part 'DeployedCentralStation'
[LOG 18:23:54.045] PartLoader: Compiling Part 'SquadExpansion/Serenity/Parts/DeployedScience/gooObservation/DeployedGoExOb'
[LOG 18:23:54.056] PartLoader: Part 'SquadExpansion/Serenity/Parts/DeployedScience/gooObservation/DeployedGoExOb' has no database record. Creating.
[LOG 18:23:54.056] [DragCubeSystem]: Drag cubes not found or cannot be read for part Part. Generating New drag cubes.
[LOG 18:23:54.056] [KSPCF/DragCubeGeneration] Creating drag cubes for part 'DeployedGoExOb'
[LOG 18:23:54.081] PartLoader: Compiling Part 'SquadExpansion/Serenity/Parts/DeployedScience/ionCollector/DeployedIONExp'
[LOG 18:23:54.086] PartLoader: Part 'SquadExpansion/Serenity/Parts/DeployedScience/ionCollector/DeployedIONExp' has no database record. Creating.
[LOG 18:23:54.086] [DragCubeSystem]: Drag cubes not found or cannot be read for part Part. Generating New drag cubes.
[LOG 18:23:54.086] [KSPCF/DragCubeGeneration] Creating drag cubes for part 'DeployedIONExp'
[LOG 18:23:54.097] PartLoader: Compiling Part 'SquadExpansion/Serenity/Parts/DeployedScience/rtg/DeployedRTG'
[LOG 18:23:54.105] PartLoader: Part 'SquadExpansion/Serenity/Parts/DeployedScience/rtg/DeployedRTG' has no database record. Creating.
[LOG 18:23:54.105] [DragCubeSystem]: Drag cubes not found or cannot be read for part Part. Generating New drag cubes.
[LOG 18:23:54.105] [KSPCF/DragCubeGeneration] Creating drag cubes for part 'DeployedRTG'
[LOG 18:23:54.119] PartLoader: Compiling Part 'SquadExpansion/Serenity/Parts/DeployedScience/satDish/DeployedSatDish'
[LOG 18:23:54.127] PartLoader: Part 'SquadExpansion/Serenity/Parts/DeployedScience/satDish/DeployedSatDish' has no database record. Creating.
[LOG 18:23:54.128] [DragCubeSystem]: Drag cubes not found or cannot be read for part Part. Generating New drag cubes.
[LOG 18:23:54.128] [KSPCF/DragCubeGeneration] Creating drag cubes for part 'DeployedSatDish'
[LOG 18:23:54.142] PartLoader: Compiling Part 'SquadExpansion/Serenity/Parts/DeployedScience/seismicSensor/DeployedSeismicSensor'
[LOG 18:23:54.148] PartLoader: Part 'SquadExpansion/Serenity/Parts/DeployedScience/seismicSensor/DeployedSeismicSensor' has no database record. Creating.
[LOG 18:23:54.148] [DragCubeSystem]: Drag cubes not found or cannot be read for part Part. Generating New drag cubes.
[LOG 18:23:54.148] [KSPCF/DragCubeGeneration] Creating drag cubes for part 'DeployedSeismicSensor'
[LOG 18:23:54.161] PartLoader: Compiling Part 'SquadExpansion/Serenity/Parts/DeployedScience/solarPanel/DeployedSolarPanel'
[LOG 18:23:54.167] PartLoader: Part 'SquadExpansion/Serenity/Parts/DeployedScience/solarPanel/DeployedSolarPanel' has no database record. Creating.
[LOG 18:23:54.167] [DragCubeSystem]: Drag cubes not found or cannot be read for part Part. Generating New drag cubes.
[LOG 18:23:54.167] [KSPCF/DragCubeGeneration] Creating drag cubes for part 'DeployedSolarPanel'
[LOG 18:23:54.183] PartLoader: Compiling Part 'SquadExpansion/Serenity/Parts/DeployedScience/weatherStation/DeployedWeatherStn'
[LOG 18:23:54.187] PartLoader: Part 'SquadExpansion/Serenity/Parts/DeployedScience/weatherStation/DeployedWeatherStn' has no database record. Creating.
[LOG 18:23:54.187] [DragCubeSystem]: Drag cubes not found or cannot be read for part Part. Generating New drag cubes.
[LOG 18:23:54.187] [KSPCF/DragCubeGeneration] Creating drag cubes for part 'DeployedWeatherStn'
[LOG 18:23:54.211] PartLoader: Compiling Part 'SquadExpansion/Serenity/Parts/Prebuilt/kerbalEVA/kerbalEVA'
[LOG 18:23:54.213] PartLoader: Compiling Part 'SquadExpansion/Serenity/Parts/Prebuilt/kerbalEVAfemale/kerbalEVAfemale'
[LOG 18:23:54.214] PartLoader: Compiling Part 'SquadExpansion/Serenity/Parts/Prebuilt/kerbalEVAfemaleFuture/kerbalEVAfemaleFuture'
[LOG 18:23:54.221] PartLoader: Compiling Part 'SquadExpansion/Serenity/Parts/Prebuilt/kerbalEVAfemaleVintage/kerbalEVAfemaleVintage'
[LOG 18:23:54.223] PartLoader: Compiling Part 'SquadExpansion/Serenity/Parts/Prebuilt/kerbalEVAFuture/kerbalEVAFuture'
[LOG 18:23:54.229] PartLoader: Compiling Part 'SquadExpansion/Serenity/Parts/Prebuilt/kerbalEVASlimSuit/kerbalEVASlimSuit'
[LOG 18:23:54.231] PartLoader: Compiling Part 'SquadExpansion/Serenity/Parts/Prebuilt/kerbalEVASlimSuitFemale/kerbalEVASlimSuitFemale'
[LOG 18:23:54.232] PartLoader: Compiling Part 'SquadExpansion/Serenity/Parts/Prebuilt/kerbalEVAVintage/kerbalEVAVintage'
[LOG 18:23:54.234] PartLoader: Compiling Part 'SquadExpansion/Serenity/Parts/Propellers/largeFanBlade/largeFanBlade'
[LOG 18:23:54.238] PartLoader: Part 'SquadExpansion/Serenity/Parts/Propellers/largeFanBlade/largeFanBlade' has no database record. Creating.
[LOG 18:23:54.239] [DragCubeSystem]: Drag cubes not found or cannot be read for part Part. Generating New drag cubes.
[LOG 18:23:54.239] [KSPCF/DragCubeGeneration] Creating drag cubes for part 'largeFanBlade'
[LOG 18:23:54.254] PartLoader: Compiling Part 'SquadExpansion/Serenity/Parts/Propellers/largeHeliBlade/largeHeliBlade'
[LOG 18:23:54.258] PartLoader: Part 'SquadExpansion/Serenity/Parts/Propellers/largeHeliBlade/largeHeliBlade' has no database record. Creating.
[LOG 18:23:54.259] [DragCubeSystem]: Drag cubes not found or cannot be read for part Part. Generating New drag cubes.
[LOG 18:23:54.259] [KSPCF/DragCubeGeneration] Creating drag cubes for part 'largeHeliBlade'
[LOG 18:23:54.274] PartLoader: Compiling Part 'SquadExpansion/Serenity/Parts/Propellers/largePropeller/largePropeller'
[LOG 18:23:54.279] PartLoader: Part 'SquadExpansion/Serenity/Parts/Propellers/largePropeller/largePropeller' has no database record. Creating.
[LOG 18:23:54.279] [DragCubeSystem]: Drag cubes not found or cannot be read for part Part. Generating New drag cubes.
[LOG 18:23:54.279] [KSPCF/DragCubeGeneration] Creating drag cubes for part 'largePropeller'
[LOG 18:23:54.295] PartLoader: Compiling Part 'SquadExpansion/Serenity/Parts/Propellers/mediumFanBlade/mediumFanBlade'
[LOG 18:23:54.302] PartLoader: Part 'SquadExpansion/Serenity/Parts/Propellers/mediumFanBlade/mediumFanBlade' has no database record. Creating.
[LOG 18:23:54.302] [DragCubeSystem]: Drag cubes not found or cannot be read for part Part. Generating New drag cubes.
[LOG 18:23:54.302] [KSPCF/DragCubeGeneration] Creating drag cubes for part 'mediumFanBlade'
[LOG 18:23:54.319] PartLoader: Compiling Part 'SquadExpansion/Serenity/Parts/Propellers/mediumHeliBlade/mediumHeliBlade'
[LOG 18:23:54.324] PartLoader: Part 'SquadExpansion/Serenity/Parts/Propellers/mediumHeliBlade/mediumHeliBlade' has no database record. Creating.
[LOG 18:23:54.324] [DragCubeSystem]: Drag cubes not found or cannot be read for part Part. Generating New drag cubes.
[LOG 18:23:54.324] [KSPCF/DragCubeGeneration] Creating drag cubes for part 'mediumHeliBlade'
[LOG 18:23:54.340] PartLoader: Compiling Part 'SquadExpansion/Serenity/Parts/Propellers/mediumPropeller/mediumPropeller'
[LOG 18:23:54.348] PartLoader: Part 'SquadExpansion/Serenity/Parts/Propellers/mediumPropeller/mediumPropeller' has no database record. Creating.
[LOG 18:23:54.348] [DragCubeSystem]: Drag cubes not found or cannot be read for part Part. Generating New drag cubes.
[LOG 18:23:54.348] [KSPCF/DragCubeGeneration] Creating drag cubes for part 'mediumPropeller'
[LOG 18:23:54.367] PartLoader: Compiling Part 'SquadExpansion/Serenity/Parts/Propellers/smallFanBlade/smallFanBlade'
[LOG 18:23:54.371] PartLoader: Part 'SquadExpansion/Serenity/Parts/Propellers/smallFanBlade/smallFanBlade' has no database record. Creating.
[LOG 18:23:54.371] [DragCubeSystem]: Drag cubes not found or cannot be read for part Part. Generating New drag cubes.
[LOG 18:23:54.371] [KSPCF/DragCubeGeneration] Creating drag cubes for part 'smallFanBlade'
[LOG 18:23:54.387] PartLoader: Compiling Part 'SquadExpansion/Serenity/Parts/Propellers/smallHeliBlade/smallHeliBlade'
[LOG 18:23:54.392] PartLoader: Part 'SquadExpansion/Serenity/Parts/Propellers/smallHeliBlade/smallHeliBlade' has no database record. Creating.
[LOG 18:23:54.392] [DragCubeSystem]: Drag cubes not found or cannot be read for part Part. Generating New drag cubes.
[LOG 18:23:54.392] [KSPCF/DragCubeGeneration] Creating drag cubes for part 'smallHeliBlade'
[LOG 18:23:54.408] PartLoader: Compiling Part 'SquadExpansion/Serenity/Parts/Propellers/smallPropeller/smallPropeller'
[LOG 18:23:54.413] PartLoader: Part 'SquadExpansion/Serenity/Parts/Propellers/smallPropeller/smallPropeller' has no database record. Creating.
[LOG 18:23:54.413] [DragCubeSystem]: Drag cubes not found or cannot be read for part Part. Generating New drag cubes.
[LOG 18:23:54.413] [KSPCF/DragCubeGeneration] Creating drag cubes for part 'smallPropeller'
[LOG 18:23:54.429] PartLoader: Compiling Part 'SquadExpansion/Serenity/Parts/Robotics/hinge_01/hinge_01'
[LOG 18:23:54.446] PartLoader: Part 'SquadExpansion/Serenity/Parts/Robotics/hinge_01/hinge_01' has no database record. Creating.
[LOG 18:23:54.446] [DragCubeSystem]: Drag cubes not found or cannot be read for part Part. Generating New drag cubes.
[LOG 18:23:54.446] [KSPCF/DragCubeGeneration] Creating drag cubes for part 'hinge.01'
[LOG 18:23:54.451] PartLoader: Compiling Part 'SquadExpansion/Serenity/Parts/Robotics/hinge_01_s/hinge_01_s'
[LOG 18:23:54.457] PartLoader: Part 'SquadExpansion/Serenity/Parts/Robotics/hinge_01_s/hinge_01_s' has no database record. Creating.
[LOG 18:23:54.457] [DragCubeSystem]: Drag cubes not found or cannot be read for part Part. Generating New drag cubes.
[LOG 18:23:54.457] [KSPCF/DragCubeGeneration] Creating drag cubes for part 'hinge.01.s'
[LOG 18:23:54.463] PartLoader: Compiling Part 'SquadExpansion/Serenity/Parts/Robotics/hinge_03/hinge_03'
[LOG 18:23:54.469] PartLoader: Part 'SquadExpansion/Serenity/Parts/Robotics/hinge_03/hinge_03' has no database record. Creating.
[LOG 18:23:54.470] PartLoader: Compiling Part 'SquadExpansion/Serenity/Parts/Robotics/hinge_03_s/hinge_03_s'
[LOG 18:23:54.476] PartLoader: Part 'SquadExpansion/Serenity/Parts/Robotics/hinge_03_s/hinge_03_s' has no database record. Creating.
[LOG 18:23:54.476] PartLoader: Compiling Part 'SquadExpansion/Serenity/Parts/Robotics/hinge_04/hinge_04'
[LOG 18:23:54.482] PartLoader: Part 'SquadExpansion/Serenity/Parts/Robotics/hinge_04/hinge_04' has no database record. Creating.
[LOG 18:23:54.483] PartLoader: Compiling Part 'SquadExpansion/Serenity/Parts/Robotics/piston_01/piston_01'
[LOG 18:23:54.493] PartLoader: Part 'SquadExpansion/Serenity/Parts/Robotics/piston_01/piston_01' has no database record. Creating.
[LOG 18:23:54.494] PartLoader: Compiling Part 'SquadExpansion/Serenity/Parts/Robotics/piston_02/piston_02'
[LOG 18:23:54.499] PartLoader: Part 'SquadExpansion/Serenity/Parts/Robotics/piston_02/piston_02' has no database record. Creating.
[LOG 18:23:54.501] PartLoader: Compiling Part 'SquadExpansion/Serenity/Parts/Robotics/piston_03/piston_03'
[LOG 18:23:54.507] PartLoader: Part 'SquadExpansion/Serenity/Parts/Robotics/piston_03/piston_03' has no database record. Creating.
[LOG 18:23:54.507] PartLoader: Compiling Part 'SquadExpansion/Serenity/Parts/Robotics/piston_04/piston_04'
[LOG 18:23:54.513] PartLoader: Part 'SquadExpansion/Serenity/Parts/Robotics/piston_04/piston_04' has no database record. Creating.
[LOG 18:23:54.513] PartLoader: Compiling Part 'SquadExpansion/Serenity/Parts/Robotics/RotorEngine_02/RotorEngine_02'
[LOG 18:23:54.523] PartLoader: Part 'SquadExpansion/Serenity/Parts/Robotics/RotorEngine_02/RotorEngine_02' has no database record. Creating.
[LOG 18:23:54.523] [DragCubeSystem]: Drag cubes not found or cannot be read for part Part. Generating New drag cubes.
[LOG 18:23:54.524] [KSPCF/DragCubeGeneration] Creating drag cubes for part 'RotorEngine.02'
[LOG 18:23:54.529] PartLoader: Compiling Part 'SquadExpansion/Serenity/Parts/Robotics/RotorEngine_03/RotorEngine_03'
[LOG 18:23:54.538] PartLoader: Part 'SquadExpansion/Serenity/Parts/Robotics/RotorEngine_03/RotorEngine_03' has no database record. Creating.
[LOG 18:23:54.539] [DragCubeSystem]: Drag cubes not found or cannot be read for part Part. Generating New drag cubes.
[LOG 18:23:54.539] [KSPCF/DragCubeGeneration] Creating drag cubes for part 'RotorEngine.03'
[LOG 18:23:54.544] PartLoader: Compiling Part 'SquadExpansion/Serenity/Parts/Robotics/rotor_01/rotor_01'
[LOG 18:23:54.551] PartLoader: Part 'SquadExpansion/Serenity/Parts/Robotics/rotor_01/rotor_01' has no database record. Creating.
[LOG 18:23:54.552] [DragCubeSystem]: Drag cubes not found or cannot be read for part Part. Generating New drag cubes.
[LOG 18:23:54.552] [KSPCF/DragCubeGeneration] Creating drag cubes for part 'rotor.01'
[LOG 18:23:54.557] PartLoader: Compiling Part 'SquadExpansion/Serenity/Parts/Robotics/rotor_01s/rotor_01s'
[LOG 18:23:54.563] PartLoader: Part 'SquadExpansion/Serenity/Parts/Robotics/rotor_01s/rotor_01s' has no database record. Creating.
[LOG 18:23:54.563] [DragCubeSystem]: Drag cubes not found or cannot be read for part Part. Generating New drag cubes.
[LOG 18:23:54.563] [KSPCF/DragCubeGeneration] Creating drag cubes for part 'rotor.01s'
[LOG 18:23:54.568] PartLoader: Compiling Part 'SquadExpansion/Serenity/Parts/Robotics/rotor_02/rotor_02'
[LOG 18:23:54.579] PartLoader: Part 'SquadExpansion/Serenity/Parts/Robotics/rotor_02/rotor_02' has no database record. Creating.
[LOG 18:23:54.579] [DragCubeSystem]: Drag cubes not found or cannot be read for part Part. Generating New drag cubes.
[LOG 18:23:54.579] [KSPCF/DragCubeGeneration] Creating drag cubes for part 'rotor.02'
[LOG 18:23:54.586] PartLoader: Compiling Part 'SquadExpansion/Serenity/Parts/Robotics/rotor_02s/rotor_02s'
[LOG 18:23:54.597] PartLoader: Part 'SquadExpansion/Serenity/Parts/Robotics/rotor_02s/rotor_02s' has no database record. Creating.
[LOG 18:23:54.597] [DragCubeSystem]: Drag cubes not found or cannot be read for part Part. Generating New drag cubes.
[LOG 18:23:54.598] [KSPCF/DragCubeGeneration] Creating drag cubes for part 'rotor.02s'
[LOG 18:23:54.603] PartLoader: Compiling Part 'SquadExpansion/Serenity/Parts/Robotics/rotor_03/rotor_03'
[LOG 18:23:54.615] PartLoader: Part 'SquadExpansion/Serenity/Parts/Robotics/rotor_03/rotor_03' has no database record. Creating.
[LOG 18:23:54.615] [DragCubeSystem]: Drag cubes not found or cannot be read for part Part. Generating New drag cubes.
[LOG 18:23:54.615] [KSPCF/DragCubeGeneration] Creating drag cubes for part 'rotor.03'
[LOG 18:23:54.620] PartLoader: Compiling Part 'SquadExpansion/Serenity/Parts/Robotics/rotor_03s/rotor_03s'
[LOG 18:23:54.628] PartLoader: Part 'SquadExpansion/Serenity/Parts/Robotics/rotor_03s/rotor_03s' has no database record. Creating.
[LOG 18:23:54.628] [DragCubeSystem]: Drag cubes not found or cannot be read for part Part. Generating New drag cubes.
[LOG 18:23:54.628] [KSPCF/DragCubeGeneration] Creating drag cubes for part 'rotor.03s'
[LOG 18:23:54.633] PartLoader: Compiling Part 'SquadExpansion/Serenity/Parts/Robotics/rotoServo_00/rotoServo_00'
[LOG 18:23:54.654] PartLoader: Part 'SquadExpansion/Serenity/Parts/Robotics/rotoServo_00/rotoServo_00' has no database record. Creating.
[LOG 18:23:54.654] [DragCubeSystem]: Drag cubes not found or cannot be read for part Part. Generating New drag cubes.
[LOG 18:23:54.654] [KSPCF/DragCubeGeneration] Creating drag cubes for part 'rotoServo.00'
[LOG 18:23:54.659] PartLoader: Compiling Part 'SquadExpansion/Serenity/Parts/Robotics/rotoServo_02/rotoServo_02'
[LOG 18:23:54.669] PartLoader: Part 'SquadExpansion/Serenity/Parts/Robotics/rotoServo_02/rotoServo_02' has no database record. Creating.
[LOG 18:23:54.669] [DragCubeSystem]: Drag cubes not found or cannot be read for part Part. Generating New drag cubes.
[LOG 18:23:54.669] [KSPCF/DragCubeGeneration] Creating drag cubes for part 'rotoServo.02'
[LOG 18:23:54.674] PartLoader: Compiling Part 'SquadExpansion/Serenity/Parts/Robotics/rotoServo_03/rotoServo_03'
[LOG 18:23:54.680] PartLoader: Part 'SquadExpansion/Serenity/Parts/Robotics/rotoServo_03/rotoServo_03' has no database record. Creating.
[LOG 18:23:54.680] [DragCubeSystem]: Drag cubes not found or cannot be read for part Part. Generating New drag cubes.
[LOG 18:23:54.681] [KSPCF/DragCubeGeneration] Creating drag cubes for part 'rotoServo.03'
[LOG 18:23:54.696] PartLoader: Compiling Part 'SquadExpansion/Serenity/Parts/Robotics/rotoServo_04/rotoServo_04'
[LOG 18:23:54.706] PartLoader: Part 'SquadExpansion/Serenity/Parts/Robotics/rotoServo_04/rotoServo_04' has no database record. Creating.
[LOG 18:23:54.706] [DragCubeSystem]: Drag cubes not found or cannot be read for part Part. Generating New drag cubes.
[LOG 18:23:54.706] [KSPCF/DragCubeGeneration] Creating drag cubes for part 'rotoServo.04'
[LOG 18:23:54.710] PartLoader: Compiling Part 'SquadExpansion/Serenity/Parts/Robotics/Controllers/KAL1000/controller1000'
[LOG 18:23:54.722] PartLoader: Part 'SquadExpansion/Serenity/Parts/Robotics/Controllers/KAL1000/controller1000' has no database record. Creating.
[LOG 18:23:54.722] [DragCubeSystem]: Drag cubes not found or cannot be read for part Part. Generating New drag cubes.
[LOG 18:23:54.722] [KSPCF/DragCubeGeneration] Creating drag cubes for part 'controller1000'
[LOG 18:23:54.727] PartLoader: Compiling Part 'SquadExpansion/Serenity/Parts/Science/RobotArmScanner/RobotArmScanner_S1/RobotArmScanner_S1'
[LOG 18:23:54.740] PartLoader: Part 'SquadExpansion/Serenity/Parts/Science/RobotArmScanner/RobotArmScanner_S1/RobotArmScanner_S1' has no database record. Creating.
[LOG 18:23:54.740] [DragCubeSystem]: Drag cubes not found or cannot be read for part Part. Generating New drag cubes.
[LOG 18:23:54.740] [KSPCF/DragCubeGeneration] Creating drag cubes for part 'RobotArmScanner.S1'
[LOG 18:23:54.758] PartLoader: Compiling Part 'SquadExpansion/Serenity/Parts/Science/RobotArmScanner/RobotArmScanner_S2/RobotArmScanner_S2'
[LOG 18:23:54.765] PartLoader: Part 'SquadExpansion/Serenity/Parts/Science/RobotArmScanner/RobotArmScanner_S2/RobotArmScanner_S2' has no database record. Creating.
[LOG 18:23:54.765] [DragCubeSystem]: Drag cubes not found or cannot be read for part Part. Generating New drag cubes.
[LOG 18:23:54.765] [KSPCF/DragCubeGeneration] Creating drag cubes for part 'RobotArmScanner.S2'
[LOG 18:23:54.782] PartLoader: Compiling Part 'SquadExpansion/Serenity/Parts/Science/RobotArmScanner/RobotArmScanner_S3/RobotArmScanner_S3'
[LOG 18:23:54.791] PartLoader: Part 'SquadExpansion/Serenity/Parts/Science/RobotArmScanner/RobotArmScanner_S3/RobotArmScanner_S3' has no database record. Creating.
[LOG 18:23:54.791] [DragCubeSystem]: Drag cubes not found or cannot be read for part Part. Generating New drag cubes.
[LOG 18:23:54.791] [KSPCF/DragCubeGeneration] Creating drag cubes for part 'RobotArmScanner.S3'
[LOG 18:23:54.810] PartLoader: Compiling Part 'SquadExpansion/Serenity/Parts/Structural/gripPads/lGripPad/lGripPad'
[LOG 18:23:54.819] PartLoader: Part 'SquadExpansion/Serenity/Parts/Structural/gripPads/lGripPad/lGripPad' has no database record. Creating.
[LOG 18:23:54.819] [DragCubeSystem]: Drag cubes not found or cannot be read for part Part. Generating New drag cubes.
[LOG 18:23:54.819] [KSPCF/DragCubeGeneration] Creating drag cubes for part 'lGripPad'
[LOG 18:23:54.830] PartLoader: Compiling Part 'SquadExpansion/Serenity/Parts/Structural/gripPads/lGripStrip/lGripStrip'
[LOG 18:23:54.833] PartLoader: Part 'SquadExpansion/Serenity/Parts/Structural/gripPads/lGripStrip/lGripStrip' has no database record. Creating.
[LOG 18:23:54.833] [DragCubeSystem]: Drag cubes not found or cannot be read for part Part. Generating New drag cubes.
[LOG 18:23:54.833] [KSPCF/DragCubeGeneration] Creating drag cubes for part 'lGripStrip'
[LOG 18:23:54.837] PartLoader: Compiling Part 'SquadExpansion/Serenity/Parts/Structural/gripPads/mGripPad/mGripPad'
[LOG 18:23:54.841] PartLoader: Part 'SquadExpansion/Serenity/Parts/Structural/gripPads/mGripPad/mGripPad' has no database record. Creating.
[LOG 18:23:54.841] [DragCubeSystem]: Drag cubes not found or cannot be read for part Part. Generating New drag cubes.
[LOG 18:23:54.841] [KSPCF/DragCubeGeneration] Creating drag cubes for part 'mGripPad'
[LOG 18:23:54.852] PartLoader: Compiling Part 'SquadExpansion/Serenity/Parts/Structural/gripPads/sGripPad/sGripPad'
[LOG 18:23:54.856] PartLoader: Part 'SquadExpansion/Serenity/Parts/Structural/gripPads/sGripPad/sGripPad' has no database record. Creating.
[LOG 18:23:54.856] [DragCubeSystem]: Drag cubes not found or cannot be read for part Part. Generating New drag cubes.
[LOG 18:23:54.856] [KSPCF/DragCubeGeneration] Creating drag cubes for part 'sGripPad'
[LOG 18:23:54.867] PartLoader: Compiling Part 'SquadExpansion/Serenity/Parts/Structural/gripPads/sGripStrip/sGripStrip'
[LOG 18:23:54.870] PartLoader: Part 'SquadExpansion/Serenity/Parts/Structural/gripPads/sGripStrip/sGripStrip' has no database record. Creating.
[LOG 18:23:54.870] [DragCubeSystem]: Drag cubes not found or cannot be read for part Part. Generating New drag cubes.
[LOG 18:23:54.870] [KSPCF/DragCubeGeneration] Creating drag cubes for part 'sGripStrip'
[LOG 18:23:54.876] PartLoader: Compiling Internal Prop 'Squad/Props/AltimeterThreeHands/prop/AltimeterThreeHands'
[LOG 18:23:54.879] PartLoader: Compiling Internal Prop 'Squad/Props/AtmosphereDepth/prop/AtmosphereDepth'
[LOG 18:23:54.881] PartLoader: Compiling Internal Prop 'Squad/Props/AxisIndicator/pitchConfig/AxisIndicatorPitch'
[LOG 18:23:54.883] PartLoader: Compiling Internal Prop 'Squad/Props/AxisIndicator/rollConfig/AxisIndicatorRoll'
[LOG 18:23:54.884] PartLoader: Compiling Internal Prop 'Squad/Props/AxisIndicator/yawConfig/AxisIndicatorYaw'
[LOG 18:23:54.886] PartLoader: Compiling Internal Prop 'Squad/Props/buttonsGeneric/circularButton/genericCircularButton'
[LOG 18:23:54.887] PartLoader: Compiling Internal Prop 'Squad/Props/buttonsGeneric/clusterButtons/genericClusterButtons'
[LOG 18:23:54.888] PartLoader: Compiling Internal Prop 'Squad/Props/buttonsGeneric/clusterButtons2/genericClusterButtons2'
[LOG 18:23:54.888] PartLoader: Compiling Internal Prop 'Squad/Props/buttonsGeneric/clusterKnob/genericClusterKnobs'
[LOG 18:23:54.889] PartLoader: Compiling Internal Prop 'Squad/Props/buttonsGeneric/clusterKnob2/genericClusterKnobs2'
[LOG 18:23:54.889] PartLoader: Compiling Internal Prop 'Squad/Props/buttonsGeneric/clusterMixed/genericClusterMixed'
[LOG 18:23:54.890] PartLoader: Compiling Internal Prop 'Squad/Props/buttonsGeneric/clusterSwitches01/genericClusterSwitches01'
[LOG 18:23:54.890] PartLoader: Compiling Internal Prop 'Squad/Props/buttonsGeneric/clusterSwitches02/genericClusterSwitches02'
[LOG 18:23:54.891] PartLoader: Compiling Internal Prop 'Squad/Props/buttonsGeneric/clusterSwitches03/genericClusterSwitches03'
[LOG 18:23:54.891] PartLoader: Compiling Internal Prop 'Squad/Props/buttonsGeneric/clusterSwitches04/genericClusterSwitches04'
[LOG 18:23:54.892] PartLoader: Compiling Internal Prop 'Squad/Props/buttonsGeneric/clusterSwitches05/genericClusterSwitches05'
[LOG 18:23:54.892] PartLoader: Compiling Internal Prop 'Squad/Props/buttonsGeneric/clusterSwitches06/genericClusterSwitches06'
[LOG 18:23:54.893] PartLoader: Compiling Internal Prop 'Squad/Props/buttonsGeneric/clusterSwitches07/genericClusterSwitches07'
[LOG 18:23:54.894] PartLoader: Compiling Internal Prop 'Squad/Props/buttonsGeneric/directionalKnob/genericDirectionalKnob'
[LOG 18:23:54.894] PartLoader: Compiling Internal Prop 'Squad/Props/buttonsGeneric/directionalKnob2/genericDirectionalKnob2'
[LOG 18:23:54.895] PartLoader: Compiling Internal Prop 'Squad/Props/buttonsGeneric/pullSwitch/genericPullSwitch'
[LOG 18:23:54.895] PartLoader: Compiling Internal Prop 'Squad/Props/buttonsGeneric/squareButton/genericSquareButton'
[LOG 18:23:54.896] PartLoader: Compiling Internal Prop 'Squad/Props/buttonsGeneric/standingSwitch/genericStandingSwitch'
[LOG 18:23:54.896] PartLoader: Compiling Internal Prop 'Squad/Props/buttonsGeneric/switch/genericSwitch'
[LOG 18:23:54.897] PartLoader: Compiling Internal Prop 'Squad/Props/buttonsGeneric/switchWithGuards/genericSwitchWithGuards'
[LOG 18:23:54.897] PartLoader: Compiling Internal Prop 'Squad/Props/ButtonSquare/prop/ButtonSquare'
[LOG 18:23:54.899] PartLoader: Compiling Internal Prop 'Squad/Props/circularButton/prop/circularButton'
[LOG 18:23:54.900] PartLoader: Compiling Internal Prop 'Squad/Props/Compass/prop/Compass'
[LOG 18:23:54.901] PartLoader: Compiling Internal Prop 'Squad/Props/directionalKnob/prop/directionalKnob'
[LOG 18:23:54.902] PartLoader: Compiling Internal Prop 'Squad/Props/directionalKnob2/prop/directionalKnob2'
[LOG 18:23:54.902] PartLoader: Compiling Internal Prop 'Squad/Props/IndicatorPanel/prop/IndicatorPanel'
[LOG 18:23:54.905] PartLoader: Compiling Internal Prop 'Squad/Props/IVANavBall/prop/NavBall'
[LOG 18:23:54.907] PartLoader: Compiling Internal Prop 'Squad/Props/IVANavBallNoBase/prop/NavBallNoBase'
[LOG 18:23:54.908] PartLoader: Compiling Internal Prop 'Squad/Props/ledPanelSpeed/prop/ledPanelSpeed'
[LOG 18:23:54.910] PartLoader: Compiling Internal Prop 'Squad/Props/Monitor/DockingMode/MonitorDockingMode'
[LOG 18:23:54.911] PartLoader: Compiling Internal Prop 'Squad/Props/NavBall/prop/NavBall'
[LOG 18:23:54.911] PartLoader: Compiling Internal Prop 'Squad/Props/PropsGeneric/Button_DockingMode/Button_DockingMode'
[LOG 18:23:54.912] PartLoader: Compiling Internal Prop 'Squad/Props/PropsGeneric/CargoBagA/CargoBagA'
[LOG 18:23:54.912] PartLoader: Compiling Internal Prop 'Squad/Props/PropsGeneric/CargoBagB/CargoBagB'
[LOG 18:23:54.913] PartLoader: Compiling Internal Prop 'Squad/Props/PropsGeneric/CargoBagC/CargoBagC'
[LOG 18:23:54.914] PartLoader: Compiling Internal Prop 'Squad/Props/PropsGeneric/Hatch_Plane/Hatch_Plane'
[LOG 18:23:54.914] PartLoader: Compiling Internal Prop 'Squad/Props/PropsGeneric/Hatch_Plane_Curve90/Hatch_Plane_Curve90'
[LOG 18:23:54.915] PartLoader: Compiling Internal Prop 'Squad/Props/PropsGeneric/Hatch_Plane_Frame/Hatch_Plane_Frame'
[LOG 18:23:54.915] PartLoader: Compiling Internal Prop 'Squad/Props/PropsGeneric/Seat_Passenger/Seat_Passenger'
[LOG 18:23:54.916] PartLoader: Compiling Internal Prop 'Squad/Props/PropsGeneric/Seat_Pilot/Seat_Pilot'
[LOG 18:23:54.916] PartLoader: Compiling Internal Prop 'Squad/Props/PropsGeneric/Seat_Pilot_Helmet/Seat_Pilot_Helmet'
[LOG 18:23:54.917] PartLoader: Compiling Internal Prop 'Squad/Props/PropsGeneric/SideStick/SideStick'
[LOG 18:23:54.918] PartLoader: Compiling Internal Prop 'Squad/Props/pullSwitch/prop/pullSwitch'
[LOG 18:23:54.918] PartLoader: Compiling Internal Prop 'Squad/Props/radarAltitude/prop/RadarAltimeter'
[LOG 18:23:54.920] PartLoader: Compiling Internal Prop 'Squad/Props/squareButton/prop/squareButton'
[LOG 18:23:54.921] PartLoader: Compiling Internal Prop 'Squad/Props/standingSwitch/prop/standingSwitch'
[LOG 18:23:54.921] PartLoader: Compiling Internal Prop 'Squad/Props/switch/prop/switch'
[LOG 18:23:54.922] PartLoader: Compiling Internal Prop 'Squad/Props/switchGuard/prop/switchGuard'
[LOG 18:23:54.922] PartLoader: Compiling Internal Prop 'Squad/Props/switchWithGuards/prop/switchWithGuards'
[LOG 18:23:54.923] PartLoader: Compiling Internal Prop 'Squad/Props/throttle/prop/throttle'
[LOG 18:23:54.924] PartLoader: Compiling Internal Prop 'Squad/Props/VSI/prop/VSI'
[LOG 18:23:54.926] PartLoader: Compiling Internal Space 'Squad/Spaces/crewCabinInternals/internal/crewCabinInternals'
[LOG 18:23:54.934] PartLoader: Compiling Internal Space 'Squad/Spaces/cupolaInternal/internal/cupolaInternal'
[LOG 18:23:54.947] PartLoader: Compiling Internal Space 'Squad/Spaces/GenericSpace1/internal/GenericSpace1'
[LOG 18:23:54.950] PartLoader: Compiling Internal Space 'Squad/Spaces/GenericSpace3/internal/GenericSpace3'
[LOG 18:23:54.952] PartLoader: Compiling Internal Space 'Squad/Spaces/landerCabinInternals/internal/landerCabinInternals'
[LOG 18:23:54.955] PartLoader: Compiling Internal Space 'Squad/Spaces/landerCabinSmallInternal/internal/landerCabinSmallInternal'
[LOG 18:23:54.958] PartLoader: Compiling Internal Space 'Squad/Spaces/LargeCrewedLabInternals/internal/Mobile_Processing_Lab_Int'
[LOG 18:23:54.960] PartLoader: Compiling Internal Space 'Squad/Spaces/Mk1-3/internal/Mk1-3'
[LOG 18:23:54.968] PartLoader: Compiling Internal Space 'Squad/Spaces/mk1CabinInternal/internal/mk1CabinInternal'
[LOG 18:23:54.973] PartLoader: Compiling Internal Space 'Squad/Spaces/mk1CockpitInternal/internal/mk1CockpitInternal'
[LOG 18:23:54.980] PartLoader: Compiling Internal Space 'Squad/Spaces/mk1InlineInternal/internal/mk1InlineInternal'
[LOG 18:23:54.986] PartLoader: Compiling Internal Space 'Squad/Spaces/mk1PodCockpit/internal/mk1PodCockpit'
[LOG 18:23:54.989] PartLoader: Compiling Internal Space 'Squad/Spaces/mk1pod_IVA/mk1pod_Internal/mk1pod_IVA'
[LOG 18:23:54.995] PartLoader: Compiling Internal Space 'Squad/Spaces/mk2CockpitStandardInternal/internal/mk2CockpitStandardInternals'
[LOG 18:23:55.003] PartLoader: Compiling Internal Space 'Squad/Spaces/Mk2CrewCabinInternal/internal_MK2_CrewCab/MK2_CrewCab_Int'
[LOG 18:23:55.008] PartLoader: Compiling Internal Space 'Squad/Spaces/mk2InlineInternal/internal/mk2InlineInternal'
[LOG 18:23:55.018] PartLoader: Compiling Internal Space 'Squad/Spaces/mk2LanderCanInternal/internal/mk2LanderCanInternal'
[LOG 18:23:55.025] PartLoader: Compiling Internal Space 'Squad/Spaces/MK3CockpitInternal/internal_MK3/MK3_Cockpit_Int'
[LOG 18:23:55.037] PartLoader: Compiling Internal Space 'Squad/Spaces/MK3_CrewCab_Int/internal_MK3_CrewCab/MK3_CrewCab_Int'
[LOG 18:23:55.039] InternalSeat: Cannot find portraitCamera of name 'Camera_Left003'
[LOG 18:23:55.046] PartLoader: Compiling Internal Space 'Squad/Spaces/Placeholder/internal/Placeholder'
[LOG 18:23:55.055] PartLoader: Compiling Internal Space 'Squad/Spaces/PodCockpit/internal/PodCockpit'
[LOG 18:23:55.062] PartLoader: Compiling Internal Space 'SquadExpansion/MakingHistory/Spaces/KVPods/Airlock_Internal/Airlock_IVA'
[LOG 18:23:55.063] PartLoader: Compiling Internal Space 'SquadExpansion/MakingHistory/Spaces/KVPods/KV1_Internal/KV1_IVA'
[LOG 18:23:55.067] PartLoader: Compiling Internal Space 'SquadExpansion/MakingHistory/Spaces/KVPods/KV2_Internal/KV2_IVA'
[LOG 18:23:55.071] PartLoader: Compiling Internal Space 'SquadExpansion/MakingHistory/Spaces/KVPods/KV3_Internal/KV3_IVA'
[LOG 18:23:55.077] PartLoader: Compiling Internal Space 'SquadExpansion/MakingHistory/Spaces/MEM/MEM_IVA/MEM_IVA'
[LOG 18:23:55.085] PartLoader: Compiling Internal Space 'SquadExpansion/MakingHistory/Spaces/Mk2Pod/Mk2Pod_Internal/MK2POD_IVA'
[LOG 18:23:55.170] Assets:
[LOG 18:23:55.170] anim_missionsapp_idle.anim
[LOG 18:23:55.171] anim_missionsapp_idle_warning.anim
[LOG 18:23:55.171] anim_missionsapp_warning.anim
[LOG 18:23:55.171] anim_missionssapp.anim
[LOG 18:23:55.171] animcontroller_missionsappmaster.controller
[LOG 18:23:55.171] app_bg.tif
[LOG 18:23:55.171] app_bottom_gray.tif
[LOG 18:23:55.171] app_divider_pulldown_body.tif
[LOG 18:23:55.171] app_divider_pulldown_footer.tif
[LOG 18:23:55.171] app_divider_pulldown_header.tif
[LOG 18:23:55.171] app_divider_pulldown_header_over.tif
[LOG 18:23:55.171] app_header_gray.tif
[LOG 18:23:55.171] app_missions_icon_active.tif
[LOG 18:23:55.171] app_missions_icon_complete.tif
[LOG 18:23:55.171] app_missions_icon_failed.tif
[LOG 18:23:55.171] app_missions_icon_inactive.tif
[LOG 18:23:55.171] spritesheet_missionsapp.tif
[LOG 18:23:55.171] spritesheet_missionsappwarning.tif
[LOG 18:23:55.171] missionbriefingdialog.prefab
[LOG 18:23:55.171] missionbriefingtag.prefab
[LOG 18:23:55.171] awardwidget.prefab
[LOG 18:23:55.171] missionenddialog.prefab
[LOG 18:23:55.171] missionitemwidget.prefab
[LOG 18:23:55.172] missionplaybutton.prefab
[LOG 18:23:55.172] missionplaydialog.prefab
[LOG 18:23:55.172] missionsteamitemwidget.prefab
[LOG 18:23:55.172] missionvalidationdialog.prefab
[LOG 18:23:55.172] validationentry.prefab
[LOG 18:23:55.172] comettoken.fbx
[LOG 18:23:55.172] comettoken.jpg
[LOG 18:23:55.172] placementegizmo_comet.mat
[LOG 18:23:55.172] placementegizmo_comet_tail.mat
[LOG 18:23:55.172] femalevintagepreview.prefab
[LOG 18:23:55.172] malevintagepreview.prefab
[LOG 18:23:55.172] checkpointentrywidget.prefab
[LOG 18:23:55.172] crewmanagementdialog.prefab
[LOG 18:23:55.172] listitem_vesseltitle.prefab
[LOG 18:23:55.172] missionbrowser.prefab
[LOG 18:23:55.172] missioncheckpointbrowser.prefab
[LOG 18:23:55.172] missioncrewlistitem.prefab
[LOG 18:23:55.172] missionentrywidget.prefab
[LOG 18:23:55.172] missiontemplateentrywidget.prefab
[LOG 18:23:55.172] partcategorizerbutton.prefab
[LOG 18:23:55.172] partselectorbrowser.prefab
[LOG 18:23:55.172] partselectorentry.prefab
[LOG 18:23:55.172] gaputil_vesselframe.prefab
[LOG 18:23:55.172] meguiconnector.prefab
[LOG 18:23:55.172] meguinode.prefab
[LOG 18:23:55.173] meguinodecategorybutton.prefab
[LOG 18:23:55.173] meguinodeicon.prefab
[LOG 18:23:55.173] meguinodeicongroup.prefab
[LOG 18:23:55.173] meguiscrollviewitem.prefab
[LOG 18:23:55.173] meiconloaderbasicnode.prefab
[LOG 18:23:55.173] meiconloadergap.prefab
[LOG 18:23:55.173] meiconloadernodecategorizer.prefab
[LOG 18:23:55.173] menodecanvas.prefab
[LOG 18:23:55.173] missioneditorscreen.prefab
[LOG 18:23:55.173] nodelisttooltip.prefab
[LOG 18:23:55.173] nodelisttooltipextinfolistspacer.prefab
[LOG 18:23:55.173] orbitgizmo.prefab
[LOG 18:23:55.173] biomeshighlight.shader
[LOG 18:23:55.173] projector-surfacegizmo.shader
[LOG 18:23:55.173] scaledplanetbiomeshighlight.shader
[LOG 18:23:55.173] sprites-alwaysover.shader
[LOG 18:23:55.173] ui-unlit-infinite.shader
[LOG 18:23:55.173] ui-unlit-solid.shader
[LOG 18:23:55.173] assetgraph_connectionpoint_inputmark.png
[LOG 18:23:55.173] assetgraph_inputbg.png
[LOG 18:23:55.173] boldly.png
[LOG 18:23:55.173] carpool.png
[LOG 18:23:55.173] frugal.png
[LOG 18:23:55.173] homesick.png
[LOG 18:23:55.173] keys.png
[LOG 18:23:55.174] saint.png
[LOG 18:23:55.174] sinner.png
[LOG 18:23:55.174] thespot.png
[LOG 18:23:55.174] timekeeper.png
[LOG 18:23:55.174] helmetbronze.png
[LOG 18:23:55.174] helmetgold.png
[LOG 18:23:55.174] helmetsilver.png
[LOG 18:23:55.174] action-part-resource-drain.png
[LOG 18:23:55.174] change-part-resource-levels.png
[LOG 18:23:55.174] create-asteroid.png
[LOG 18:23:55.174] create-kerbal.png
[LOG 18:23:55.174] create-vessel.png
[LOG 18:23:55.174] crew-assignment.png
[LOG 18:23:55.174] dialog-message.png
[LOG 18:23:55.174] display-message.png
[LOG 18:23:55.174] fail-part.png
[LOG 18:23:55.174] fly-through.png
[LOG 18:23:55.174] funds-recovery.png
[LOG 18:23:55.174] generic-node.png
[LOG 18:23:55.174] go-to.png
[LOG 18:23:55.174] kerbal-boarded.png
[LOG 18:23:55.174] kerbal-recovery.png
[LOG 18:23:55.174] kerbal-rescue.png
[LOG 18:23:55.174] launch-site.png
[LOG 18:23:55.174] leave-soi.png
[LOG 18:23:55.174] orbit.png
[LOG 18:23:55.174] part-explode.png
[LOG 18:23:55.174] plant-flag.png
[LOG 18:23:55.174] reach-soi.png
[LOG 18:23:55.175] repair-part.png
[LOG 18:23:55.175] resource-amount.png
[LOG 18:23:55.175] resource-recovery.png
[LOG 18:23:55.175] science-experiment.png
[LOG 18:23:55.175] score.png
[LOG 18:23:55.175] take-tourist.png
[LOG 18:23:55.175] test-altitude.png
[LOG 18:23:55.175] test-eva.png
[LOG 18:23:55.175] test-grapple.png
[LOG 18:23:55.175] time-of-flight.png
[LOG 18:23:55.175] time-of-mission.png
[LOG 18:23:55.175] time-since-node.png
[LOG 18:23:55.175] vessel-crashed.png
[LOG 18:23:55.175] vessel-crew-count.png
[LOG 18:23:55.175] vessel-explode.png
[LOG 18:23:55.175] vessel-flying.png
[LOG 18:23:55.175] vessel-landed.png
[LOG 18:23:55.175] vessel-mass.png
[LOG 18:23:55.175] vessel-splashed.png
[LOG 18:23:55.175] vessel-stage-activated.png
[LOG 18:23:55.175] vessel-stage.png
[LOG 18:23:55.175] arrange-graph.png
[LOG 18:23:55.175] builderbuttons_briefing.png
[LOG 18:23:55.175] builderbuttons_reset.png
[LOG 18:23:55.175] builderbuttons_trackingstation.png
[LOG 18:23:55.175] frame-graph.png
[LOG 18:23:55.175] lock.png
[LOG 18:23:55.176] maximize.png
[LOG 18:23:55.176] minimize.png
[LOG 18:23:55.176] pin.png
[LOG 18:23:55.176] pin_down.png
[LOG 18:23:55.176] redo.png
[LOG 18:23:55.176] reset.png
[LOG 18:23:55.176] tracking-station.png
[LOG 18:23:55.176] undo.png
[LOG 18:23:55.176] visible-in-gap.png
[LOG 18:23:55.176] location.png
[LOG 18:23:55.176] logic.png
[LOG 18:23:55.176] science.png
[LOG 18:23:55.176] utility.png
[LOG 18:23:55.176] vessel.png
[LOG 18:23:55.176] eye.png
[LOG 18:23:55.176] iconmb.png
[LOG 18:23:55.176] me_btn_generic_normal.tif
[LOG 18:23:55.176] me_button_generic_normal.tif
[LOG 18:23:55.176] nodecat_bg.png
[LOG 18:23:55.176] nodecat_divider.tif
[LOG 18:23:55.176] nodecat_divider_bottom.tif
[LOG 18:23:55.176] pholderwarningicon.png
[LOG 18:23:55.176] reseticon.png
[LOG 18:23:55.176] validityindicator.controller
[LOG 18:23:55.176] validtyinidicatorpulse.anim
[LOG 18:23:55.176] broadorbittoggle button.png
[LOG 18:23:55.176] maneuvertoggle button.png
[LOG 18:23:55.176] orbitalgizmoicons.png
[LOG 18:23:55.177] reset orbit button.png
[LOG 18:23:55.177] nodelabel.prefab
[LOG 18:23:55.177] kerbaleva_female_exp.prefab
[LOG 18:23:55.177] kerbaleva_rd_exp.prefab
[LOG 18:23:55.177] missioneditorevabody.mat
[LOG 18:23:55.177] missioneditorevabodyalternate.mat
[LOG 18:23:55.177] missioneditorevabodybrown.mat
[LOG 18:23:55.177] missioneditorevaeyeballs.mat
[LOG 18:23:55.177] missioneditorevaeyes.mat
[LOG 18:23:55.177] missioneditorevahead.mat
[LOG 18:23:55.177] missioneditorevahelmet.mat
[LOG 18:23:55.177] missioneditorevahelmetred.mat
[LOG 18:23:55.177] missioneditorevajetpack.mat
[LOG 18:23:55.177] missioneditorevalight.mat
[LOG 18:23:55.177] kbevafemalevintage.prefab
[LOG 18:23:55.177] kbevavintage.prefab
[LOG 18:23:55.177] evalight.fbx
[LOG 18:23:55.177] kbeva@new.fbx
[LOG 18:23:55.177] kbeva@newfem.fbx
[LOG 18:23:55.177] mevahelmetlight.fbx
[LOG 18:23:55.177] evajetpackscondary.dds
[LOG 18:23:55.177] evajetpacksecondary_n.dds
[LOG 18:23:55.177] evalight.png
[LOG 18:23:55.177] kerbalmainnrm.dds
[LOG 18:23:55.177] me_suit_difuse_blue.dds
[LOG 18:23:55.177] me_suit_difuse_low_polybrown.dds
[LOG 18:23:55.177] me_suit_difuse_orange.dds
[LOG 18:23:55.177] kerbalfemalevintage.prefab
[LOG 18:23:55.178] kerbalmalevintage.prefab
[LOG 18:23:55.178] evahelmet.mat
[LOG 18:23:55.178] evatexture.mat
[LOG 18:23:55.178] kerbalgirl_06_basecolor.mat
[LOG 18:23:55.178] kerbalhead.mat
[LOG 18:23:55.178] lambert6.mat
[LOG 18:23:55.178] mat_eyeballs.mat
[LOG 18:23:55.178] mat_eyes01.mat
[LOG 18:23:55.178] material #4.mat
[LOG 18:23:55.178] mesh_female_kerbalastronaut01_kerbalgirl_export_15_lambert20.mat
[LOG 18:23:55.178] mesh_female_kerbalastronaut01_kerbalgirl_export_15_lambert21.mat
[LOG 18:23:55.178] kbfemale_iva_mecanim.fbx
[LOG 18:23:55.178] kbiva_mecanim.fbx
[LOG 18:23:55.178] kerbalicon_eva_female_vintage.tif
[LOG 18:23:55.178] kerbalicon_eva_vintage.tif
[LOG 18:23:55.178] kerbalicon_suit_female_vintage.tif
[LOG 18:23:55.178] kerbalicon_suit_orange_female_vintage.tif
[LOG 18:23:55.178] kerbalicon_suit_orange_vintage.tif
[LOG 18:23:55.178] kerbalicon_suit_vintage.tif
[LOG 18:23:55.178] gap_celestialbody_camerasetup.prefab
[LOG 18:23:55.178] gap_celestialbody_collisionsphere.prefab
[LOG 18:23:55.178] gap_celestialbody_surfacegizmo_area.prefab
[LOG 18:23:55.178] gap_celestialbody_surfacegizmo_basic.prefab
[LOG 18:23:55.178] gap_celestialbody_surfacegizmo_icon.prefab
[LOG 18:23:55.178] gap_celestialbody_surfacegizmo_vessel.prefab
[LOG 18:23:55.178] gap_celestialbody_surfacegizmo_volume.prefab
[LOG 18:23:55.178] gap_proceduralasteroid.prefab
[LOG 18:23:55.178] gap_proceduralcomet.prefab
[LOG 18:23:55.178] gapbuttonprefab.prefab
[LOG 18:23:55.179] gapkerbal_femaleveteran.prefab
[LOG 18:23:55.179] gapkerbal_femaleveteran_vintage.prefab
[LOG 18:23:55.179] gapkerbal_male_slimsuit.prefab
[LOG 18:23:55.179] gapkerbal_maleveteran.prefab
[LOG 18:23:55.179] gapkerbal_maleveteran_vintage.prefab
[LOG 18:23:55.179] gapscrollablesidebarbutton.prefab
[LOG 18:23:55.179] gapsidebarbutton.prefab
[LOG 18:23:55.179] gaptoggleprefab.prefab
[LOG 18:23:55.179] gaputil_biselector.prefab
[LOG 18:23:55.179] gaputil_celestialbody.prefab
[LOG 18:23:55.179] vesseldisplay_camerasetup.prefab
[LOG 18:23:55.179] desert_airfield.prefab
[LOG 18:23:55.179] desert_groundobjects.prefab
[LOG 18:23:55.179] desert_launch_site.prefab
[LOG 18:23:55.179] larkes.prefab
[LOG 18:23:55.179] floor bottom.mat
[LOG 18:23:55.179] floor top.mat
[LOG 18:23:55.179] legs.mat
[LOG 18:23:55.179] ramp.mat
[LOG 18:23:55.179] stairs grid lights pivot.mat
[LOG 18:23:55.179] supports 1.mat
[LOG 18:23:55.179] supports 2.mat
[LOG 18:23:55.179] tunnels.mat
[LOG 18:23:55.179] floor bottom.dds
[LOG 18:23:55.179] floor top.dds
[LOG 18:23:55.179] floor top_normal.dds
[LOG 18:23:55.179] legs.dds
[LOG 18:23:55.179] ramp.dds
[LOG 18:23:55.179] stairs grid lights pivot.dds
[LOG 18:23:55.179] supports 1.dds
[LOG 18:23:55.180] supports 2.dds
[LOG 18:23:55.180] tunnels.dds
[LOG 18:23:55.180] diffuse.mat
[LOG 18:23:55.180] floor bottom_base_color.mat
[LOG 18:23:55.180] floor top_base_color.mat
[LOG 18:23:55.180] legs_base_color.mat
[LOG 18:23:55.180] ramp_base_color.mat
[LOG 18:23:55.180] stairs grid lights pivot_base_colormodpsd.mat
[LOG 18:23:55.180] stairs_grid_lights_pivot_base_color.mat
[LOG 18:23:55.180] supports 1_base_color.mat
[LOG 18:23:55.180] supports 2_base_color.mat
[LOG 18:23:55.180] tunnels_base_color.mat
[LOG 18:23:55.180] mobilelaunchpad_19.fbx
[LOG 18:23:55.180] pontoons.fbx
[LOG 18:23:55.180] pontoons_diffuse.dds
[LOG 18:23:55.180] ramp_normal.png
[LOG 18:23:55.180] 1001_base_color.mat
[LOG 18:23:55.180] desert groundtransition.mat
[LOG 18:23:55.180] desert groundtransition_highquality.mat
[LOG 18:23:55.180] desert groundtransition_lowquality.mat
[LOG 18:23:55.180] desert groundtransition_mediumquality.mat
[LOG 18:23:55.180] desert groundtransition_ultraquality.mat
[LOG 18:23:55.180] desert runway sand.mat
[LOG 18:23:55.180] desert runway stone.mat
[LOG 18:23:55.180] mobilelaunchpad.prefab
[LOG 18:23:55.180] woomerang_groundobjects.prefab
[LOG 18:23:55.180] woomerang_launch_site.prefab
[LOG 18:23:55.181] Scenes:
[LOG 18:23:55.181] kspMissionEditor.unity
[LOG 18:24:04.280] Assets:
[LOG 18:24:04.280] appanim_missionsapp.prefab
[LOG 18:24:04.280] cascading_body_missionheader.prefab
[LOG 18:24:04.280] cascading_body_missioninfo.prefab
[LOG 18:24:04.280] cascading_body_missionobjective.prefab
[LOG 18:24:04.280] cascading_body_missionsvesselheader.prefab
[LOG 18:24:04.280] cascading_body_missionsvesselitem.prefab
[LOG 18:24:04.280] cascading_body_settingsbutton.prefab
[LOG 18:24:04.281] cascading_body_settingstoggle.prefab
[LOG 18:24:04.281] missionsapp.prefab
[LOG 18:24:04.281] axislimitline.prefab
[LOG 18:24:04.281] controlleraction.prefab
[LOG 18:24:04.281] controlleraxis.prefab
[LOG 18:24:04.281] controllerwindow.prefab
[LOG 18:24:04.281] curvepanelpoint.prefab
[LOG 18:24:04.281] curvepanelpointaction.prefab
[LOG 18:24:04.281] axis_align_ends.png
[LOG 18:24:04.281] axis_clamp_values.png
[LOG 18:24:04.281] axis_copy.png
[LOG 18:24:04.281] axis_flip_horizontal.png
[LOG 18:24:04.281] axis_flip_vertical.png
[LOG 18:24:04.281] axis_move_down-trackrow.png
[LOG 18:24:04.281] axis_move_down.png
[LOG 18:24:04.281] axis_move_up-trackrow.png
[LOG 18:24:04.281] axis_move_up.png
[LOG 18:24:04.281] axis_paste.png
[LOG 18:24:04.281] axis_preset_flat.png
[LOG 18:24:04.281] axis_preset_sawtooth.png
[LOG 18:24:04.281] axis_preset_sine.png
[LOG 18:24:04.281] axis_preset_square.png
[LOG 18:24:04.281] axis_preset_triangle.png
[LOG 18:24:04.281] axis_select_all.png
[LOG 18:24:04.281] background_squared_inset.png
[LOG 18:24:04.281] close.png
[LOG 18:24:04.281] direction_forward.png
[LOG 18:24:04.281] direction_reverse.png
[LOG 18:24:04.281] edit.png
[LOG 18:24:04.282] fieldlimitline.png
[LOG 18:24:04.282] keyframe_add.png
[LOG 18:24:04.282] keyframe_clamp_value.png
[LOG 18:24:04.282] keyframe_delete.png
[LOG 18:24:04.282] keyframe_linear.png
[LOG 18:24:04.282] keyframe_smooth.png
[LOG 18:24:04.282] keyframe_step_backward.png
[LOG 18:24:04.282] keyframe_step_forward.png
[LOG 18:24:04.282] line.png
[LOG 18:24:04.282] line_dashed.png
[LOG 18:24:04.282] loop_pingpong.png
[LOG 18:24:04.282] loop_playonce.png
[LOG 18:24:04.282] loop_repeat.png
[LOG 18:24:04.282] node.png
[LOG 18:24:04.282] node_circle.png
[LOG 18:24:04.282] node_square.png
[LOG 18:24:04.282] pause.png
[LOG 18:24:04.282] play.png
[LOG 18:24:04.282] pointer.png
[LOG 18:24:04.282] remove-axis.png
[LOG 18:24:04.282] remove_key.png
[LOG 18:24:04.282] resize_icon.png
[LOG 18:24:04.282] sequence_resize_button_states.png
[LOG 18:24:04.282] sequence_resize_maintain.png
[LOG 18:24:04.282] sequence_resize_scale.png
[LOG 18:24:04.282] sequence_speed.png
[LOG 18:24:04.282] tracking_editor_button_states.png
[LOG 18:24:04.282] femalefuturepreview.prefab
[LOG 18:24:04.282] malefuturepreview.prefab
[LOG 18:24:04.282] kbfemale@controlpanel_a.fbx
[LOG 18:24:04.283] kbfemale@controlpanel_b.fbx
[LOG 18:24:04.283] kbfemale@controlpanel_c.fbx
[LOG 18:24:04.283] kbfemale@rocksample.fbx
[LOG 18:24:04.283] hammerfemale.fbx
[LOG 18:24:04.283] hammermale.fbx
[LOG 18:24:04.283] kbeva@controlpanel_a.fbx
[LOG 18:24:04.283] kbeva@controlpanel_b.fbx
[LOG 18:24:04.283] kbeva@controlpanel_c.fbx
[LOG 18:24:04.283] kbeva@rocksample.fbx
[LOG 18:24:04.283] kerbaleva_female_future.prefab
[LOG 18:24:04.283] kerbaleva_rd_future.prefab
[LOG 18:24:04.283] futureevabody.mat
[LOG 18:24:04.283] futureevabodyalternate.mat
[LOG 18:24:04.283] futureevajetpack.mat
[LOG 18:24:04.283] futureevalight.mat
[LOG 18:24:04.283] futurehelmet.mat
[LOG 18:24:04.283] kbevafemalefuture.prefab
[LOG 18:24:04.283] kbevafuture.prefab
[LOG 18:24:04.283] kbeva@new.fbx
[LOG 18:24:04.283] kbeva@newfem.fbx
[LOG 18:24:04.283] mevahelmetlight.fbx
[LOG 18:24:04.283] serenityfemaleeva.fbx
[LOG 18:24:04.283] serenityflares.fbx
[LOG 18:24:04.283] serenitymaleeva.fbx
[LOG 18:24:04.283] evajetpacknrm.dds
[LOG 18:24:04.283] futuresuit_diffuse_orange.dds
[LOG 18:24:04.283] futuresuit_diffuse_whiteblue.dds
[LOG 18:24:04.283] futuresuit_diffuse_whiteorange.dds
[LOG 18:24:04.283] futuresuit_emissive.dds
[LOG 18:24:04.284] futuresuit_evalight.png
[LOG 18:24:04.284] futuresuitmainnrm.dds
[LOG 18:24:04.284] ksp_ig_jetpack_diffuse.jpg
[LOG 18:24:04.284] kerbalfemalefuture.prefab
[LOG 18:24:04.284] kerbalmalefuture.prefab
[LOG 18:24:04.284] futuresuit_diffuse.mat
[LOG 18:24:04.284] serenityfemaleiva.fbx
[LOG 18:24:04.284] serenitymaleiva.fbx
[LOG 18:24:04.284] kerbalicon_eva_female_future.tif
[LOG 18:24:04.284] kerbalicon_eva_future.tif
[LOG 18:24:04.284] kerbalicon_suit_female_future.tif
[LOG 18:24:04.284] kerbalicon_suit_future.tif
[LOG 18:24:04.284] kerbalicon_suit_orange_female_future.tif
[LOG 18:24:04.284] kerbalicon_suit_orange_future.tif
[LOG 18:24:04.284] bottom_emissor.mat
[LOG 18:24:04.284] burst_emissor.mat
[LOG 18:24:04.284] burstprojectiles_emissor.mat
[LOG 18:24:04.284] constantburst_emissor.mat
[LOG 18:24:04.284] snowflakes_emissor.mat
[LOG 18:24:04.284] vapor_emissor.mat
[LOG 18:24:04.284] base_0.mat
[LOG 18:24:04.284] base_1.mat
[LOG 18:24:04.284] base_2.mat
[LOG 18:24:04.284] base_3_1.mat
[LOG 18:24:04.284] base_3_2.mat
[LOG 18:24:04.284] vapor.mat
[LOG 18:24:04.284] burst.png
[LOG 18:24:04.284] cloud2.png
[LOG 18:24:04.284] v1.png
[LOG 18:24:04.284] v2.png
[LOG 18:24:04.285] v3.png
[LOG 18:24:04.285] v5.png
[LOG 18:24:04.285] gapkerbal_female_future.prefab
[LOG 18:24:04.285] gapkerbal_male_future.prefab
[LOG 18:24:04.285] hammerfemale.prefab
[LOG 18:24:04.285] hammermale.prefab
[LOG 18:24:04.285] bopgravelpile.prefab
[LOG 18:24:04.285] bopgravelpile.fbx
[LOG 18:24:04.285] bop_gravel pile_d.mat
[LOG 18:24:04.285] lambert1.mat
[LOG 18:24:04.285] bop_gravel pile_d.png
[LOG 18:24:04.285] bop_gravel pile_d.tga
[LOG 18:24:04.285] bop_gravel pile_n.png
[LOG 18:24:04.285] bop_gravel pile_s.png
[LOG 18:24:04.285] drescrater.prefab
[LOG 18:24:04.285] dresmeteorite.prefab
[LOG 18:24:04.285] drescrater.fbx
[LOG 18:24:04.285] dresmeteorite.fbx
[LOG 18:24:04.285] dres_crater_d.mat
[LOG 18:24:04.285] dres_meteorite_d.mat
[LOG 18:24:04.285] lambert1.mat
[LOG 18:24:04.285] dres_crater_d.tga
[LOG 18:24:04.285] dres_crater_n.png
[LOG 18:24:04.285] dres_meteorite_d.tga
[LOG 18:24:04.285] dres_meteorite_n.png
[LOG 18:24:04.285] dunablueberries.prefab
[LOG 18:24:04.285] dunadune.prefab
[LOG 18:24:04.285] dunameteorite.prefab
[LOG 18:24:04.285] dunastone.prefab
[LOG 18:24:04.286] dunaasteroid.fbx
[LOG 18:24:04.286] dunablueberries.fbx
[LOG 18:24:04.286] dunadune.fbx
[LOG 18:24:04.286] dunastone.fbx
[LOG 18:24:04.286] duna_asteroid_d.mat
[LOG 18:24:04.286] duna_dune_d.mat
[LOG 18:24:04.286] duna_stone_d.mat
[LOG 18:24:04.286] dune_blueberries_d.mat
[LOG 18:24:04.286] lambert1.mat
[LOG 18:24:04.286] duna_asteroid_d.tga
[LOG 18:24:04.286] duna_asteroid_n.png
[LOG 18:24:04.286] duna_dune_d.tga
[LOG 18:24:04.286] duna_dune_n.tga
[LOG 18:24:04.286] duna_stone_d.tga
[LOG 18:24:04.286] duna_stone_n.png
[LOG 18:24:04.286] dune_blueberries_d.tga
[LOG 18:24:04.286] dune_blueberries_n.png
[LOG 18:24:04.286] eelooberg.prefab
[LOG 18:24:04.286] eeloobrownboulder.prefab
[LOG 18:24:04.286] eelooicechunk.prefab
[LOG 18:24:04.286] eelooberg.fbx
[LOG 18:24:04.286] eelooboulder.fbx
[LOG 18:24:04.286] eelooicechunk.fbx
[LOG 18:24:04.286] eeloo_alien_glacier_d.mat
[LOG 18:24:04.286] eeloo_brown_ boulder_d.mat
[LOG 18:24:04.286] eeloo_ice chunk_d.mat
[LOG 18:24:04.286] lambert1.mat
[LOG 18:24:04.286] eeloo_alien_glacier_d.tga
[LOG 18:24:04.286] eeloo_alien_glacier_e.tga
[LOG 18:24:04.287] eeloo_alien_glacier_n.png
[LOG 18:24:04.287] eeloo_brown_ boulder_d.tga
[LOG 18:24:04.287] eeloo_brown_ boulder_n.png
[LOG 18:24:04.287] eeloo_ice chunk_d.tga
[LOG 18:24:04.287] eeloo_ice chunk_e.tga
[LOG 18:24:04.287] eeloo_ice chunk_n.png
[LOG 18:24:04.287] eeloo_ice chunk_s.tga
[LOG 18:24:04.287] evebasaltformation.prefab
[LOG 18:24:04.287] evepancakedome.prefab
[LOG 18:24:04.287] evevolcanicrock.prefab
[LOG 18:24:04.287] evebasaltformation.fbx
[LOG 18:24:04.287] evepancakeformation.fbx
[LOG 18:24:04.287] evevolcanicrock.fbx
[LOG 18:24:04.287] eve basalt formation_d.mat
[LOG 18:24:04.287] eve pancake formation_d.mat
[LOG 18:24:04.287] eve volcanic rock_d.mat
[LOG 18:24:04.287] lambert1.mat
[LOG 18:24:04.287] eve basalt formation_d.tga
[LOG 18:24:04.287] eve basalt formation_n.tga
[LOG 18:24:04.287] eve pancake formation_d.tga
[LOG 18:24:04.287] eve pancake formation_e.png
[LOG 18:24:04.287] eve pancake formation_n.png
[LOG 18:24:04.287] eve volcanic rock_d.tga
[LOG 18:24:04.287] eve volcanic rock_n.png
[LOG 18:24:04.287] gillyridgeline.fbx
[LOG 18:24:04.287] gilly ridegeline_d.mat
[LOG 18:24:04.287] lambert1.mat
[LOG 18:24:04.287] gillyridgeline.prefab
[LOG 18:24:04.287] gilly ridegeline_d.tga
[LOG 18:24:04.288] gilly ridegeline_n.png
[LOG 18:24:04.288] dunaejecta.prefab
[LOG 18:24:04.288] ikedunaejecta.fbx
[LOG 18:24:04.288] ike_duna_ejecta_mat.mat
[LOG 18:24:04.288] ike duna ejecta_d.tga
[LOG 18:24:04.288] ike duna ejecta_n.png
[LOG 18:24:04.288] kerbinbaobabtree.fbx
[LOG 18:24:04.288] kerbinquartz.fbx
[LOG 18:24:04.288] baobaptree.mat
[LOG 18:24:04.288] kerbin_baobab_tree_d.mat
[LOG 18:24:04.288] kerbin_boabob_tree_d.mat
[LOG 18:24:04.288] kerbin_giant_quartz_d.mat
[LOG 18:24:04.288] lambert1.mat
[LOG 18:24:04.288] lambert2.mat
[LOG 18:24:04.288] kerbinbaobabtree.prefab
[LOG 18:24:04.288] kerbinquartz.prefab
[LOG 18:24:04.288] kerbin_baobab_tree_alpha.png
[LOG 18:24:04.288] kerbin_baobab_tree_d.tga
[LOG 18:24:04.288] kerbin_baobab_tree_n.png
[LOG 18:24:04.288] kerbin_giant_quartz_d.tga
[LOG 18:24:04.288] kerbin_giant_quartz_e.tga
[LOG 18:24:04.288] kerbin_giant_quartz_n.tga
[LOG 18:24:04.288] kerbin_giant_quartz_s.tga
[LOG 18:24:04.288] laytheboulder.fbx
[LOG 18:24:04.288] laythegeyser.fbx
[LOG 18:24:04.288] laythestone.fbx
[LOG 18:24:04.288] lambert1.mat
[LOG 18:24:04.288] laythe_boulder_d.mat
[LOG 18:24:04.288] laythe_geyser_d.mat
[LOG 18:24:04.288] laythe_stone_d.mat
[LOG 18:24:04.289] laytheboulder.prefab
[LOG 18:24:04.289] laythegeyser.prefab
[LOG 18:24:04.289] laythestone.prefab
[LOG 18:24:04.289] laythe_boulder_d.tga
[LOG 18:24:04.289] laythe_boulder_n.png
[LOG 18:24:04.289] laythe_geyser_d.tga
[LOG 18:24:04.289] laythe_geyser_n.png
[LOG 18:24:04.289] laythe_stone_d.tga
[LOG 18:24:04.289] laythe_stone_n.png
[LOG 18:24:04.289] greensandstone.fbx
[LOG 18:24:04.289] lambert1.mat
[LOG 18:24:04.289] minmus_green_sandstone_d.mat
[LOG 18:24:04.289] minmus_olivine_formation_d.mat
[LOG 18:24:04.289] minmusolivineformation.fbx
[LOG 18:24:04.289] minmus_greensandstone.prefab
[LOG 18:24:04.289] minmus_olivineformation.prefab
[LOG 18:24:04.289] minmus_green_sandstone_d.tga
[LOG 18:24:04.289] minmus_green_sandstone_n.png
[LOG 18:24:04.289] minmus_olivine_formation_d.tga
[LOG 18:24:04.289] minmus_olivine_formation_n.png
[LOG 18:24:04.289] lambert1.mat
[LOG 18:24:04.289] moho wrinkleridge_d.mat
[LOG 18:24:04.289] moho_stone_d.mat
[LOG 18:24:04.289] mohostone.fbx
[LOG 18:24:04.289] mohowrinkleridge.fbx
[LOG 18:24:04.289] mohostone.prefab
[LOG 18:24:04.289] mohowrinkleridge.prefab
[LOG 18:24:04.289] moho wrinkleridge_d.tga
[LOG 18:24:04.289] moho wrinkleridge_e.png
[LOG 18:24:04.290] moho wrinkleridge_n.png
[LOG 18:24:04.290] moho_stone_d.tga
[LOG 18:24:04.290] moho_stone_n.png
[LOG 18:24:04.290] lambert1.mat
[LOG 18:24:04.290] mun_crater_d.mat
[LOG 18:24:04.290] mun_large_crater_d.mat
[LOG 18:24:04.290] mun_stone_d.mat
[LOG 18:24:04.290] muncrater.fbx
[LOG 18:24:04.290] munlargecrater.fbx
[LOG 18:24:04.290] munstone.fbx
[LOG 18:24:04.290] muncrater.prefab
[LOG 18:24:04.290] munlargecrater.prefab
[LOG 18:24:04.290] munstone.prefab
[LOG 18:24:04.290] mun_crater_d.tga
[LOG 18:24:04.290] mun_crater_n.png
[LOG 18:24:04.290] mun_large_crater_d.tga
[LOG 18:24:04.290] mun_large_crater_n.png
[LOG 18:24:04.290] mun_stone_d.tga
[LOG 18:24:04.290] mun_stone_n.png
[LOG 18:24:04.290] lambert1.mat
[LOG 18:24:04.290] pol_yellowstone_d.mat
[LOG 18:24:04.290] polyellowstone.fbx
[LOG 18:24:04.290] pol_yellowstones.prefab
[LOG 18:24:04.290] pol_yellowstone_d.png
[LOG 18:24:04.290] pol_yellowstone_n.png
[LOG 18:24:04.290] lambert1.mat
[LOG 18:24:04.290] tylo_checkerboard_d.mat
[LOG 18:24:04.290] tylo_dark boulder_d.mat
[LOG 18:24:04.290] tylo_light_d.mat
[LOG 18:24:04.290] tyloboulder.fbx
[LOG 18:24:04.291] tylocheckerboard.fbx
[LOG 18:24:04.291] tylolightstone.fbx
[LOG 18:24:04.291] tylo_ checkerboard_n.png
[LOG 18:24:04.291] tylo_checkerboard_d.png
[LOG 18:24:04.291] tylo_dark boulder_d.tga
[LOG 18:24:04.291] tylo_dark boulder_n.png
[LOG 18:24:04.291] tylo_light_d.tga
[LOG 18:24:04.291] tylo_light_n.png
[LOG 18:24:04.291] tylocheckerboard.prefab
[LOG 18:24:04.291] tylodarkboulder.prefab
[LOG 18:24:04.291] tylolightstone.prefab
[LOG 18:24:04.291] cryovolcano_d.mat
[LOG 18:24:04.291] lambert1.mat
[LOG 18:24:04.291] vallicechunk_d.mat
[LOG 18:24:04.291] vallstone_d.mat
[LOG 18:24:04.291] vall_cryovolcano.fbx
[LOG 18:24:04.291] vall_icechunk.fbx
[LOG 18:24:04.291] vall_stone.fbx
[LOG 18:24:04.291] cryovolcano_d.tga
[LOG 18:24:04.291] cryovolcano_e.png
[LOG 18:24:04.291] cryovolcano_n.jpg
[LOG 18:24:04.291] cryovolcano_s.jpg
[LOG 18:24:04.291] vallicechunk_d.jpg
[LOG 18:24:04.291] vallicechunk_e.jpg
[LOG 18:24:04.291] vallicechunk_n.jpg
[LOG 18:24:04.291] vallicechunk_s.jpg
[LOG 18:24:04.291] vallstone_d.jpg
[LOG 18:24:04.291] vallstone_e.jpg
[LOG 18:24:04.291] vallstone_n.jpg
[LOG 18:24:04.291] vallstone_s.jpg
[LOG 18:24:04.292] vallcryovolcano.prefab
[LOG 18:24:04.292] vallicechunk.prefab
[LOG 18:24:04.292] vallstone.prefab
[LOG 18:24:04.292] vfx_spark.mat
[LOG 18:24:04.292] vfx_welding_flare.mat
[LOG 18:24:04.292] cometdustmaterial.mat
[LOG 18:24:04.292] cometgeysermat.mat
[LOG 18:24:04.300] GetTypesOfModulesImplementingInterface2: Found 69 types with IPartModuleAdjuster interface in 9 assemblies.
[LOG 18:24:04.307] GetSubclassesOfParentClass: Found 0 types with ModuleActiveRadiator parent in 9 assemblies.
[LOG 18:24:04.314] GetSubclassesOfParentClass: Found 0 types with ModuleAlternator parent in 9 assemblies.
[LOG 18:24:04.320] GetSubclassesOfParentClass: Found 1 types with ModuleControlSurface parent in 9 assemblies.
[LOG 18:24:04.326] GetSubclassesOfParentClass: Found 0 types with ModuleDataTransmitter parent in 9 assemblies.
[LOG 18:24:04.332] GetSubclassesOfParentClass: Found 0 types with ModuleDeployableSolarPanel parent in 9 assemblies.
[LOG 18:24:04.339] GetSubclassesOfParentClass: Found 1 types with ModuleEngines parent in 9 assemblies.
[LOG 18:24:04.345] GetSubclassesOfParentClass: Found 0 types with ModuleGenerator parent in 9 assemblies.
[LOG 18:24:04.351] GetSubclassesOfParentClass: Found 0 types with ModuleGimbal parent in 9 assemblies.
[LOG 18:24:04.357] GetSubclassesOfParentClass: Found 2 types with ModuleLiftingSurface parent in 9 assemblies.
[LOG 18:24:04.363] GetSubclassesOfParentClass: Found 0 types with ModuleLight parent in 9 assemblies.
[LOG 18:24:04.369] GetSubclassesOfParentClass: Found 0 types with ModuleReactionWheel parent in 9 assemblies.
[LOG 18:24:04.375] GetSubclassesOfParentClass: Found 0 types with ModuleSAS parent in 9 assemblies.
[LOG 18:24:04.381] GetSubclassesOfParentClass: Found 0 types with ModuleWheelBrakes parent in 9 assemblies.
[LOG 18:24:04.387] GetSubclassesOfParentClass: Found 1 types with ModuleWheelMotor parent in 9 assemblies.
[LOG 18:24:04.387] GetSubclassesOfParentClass: Using cached results for ModuleActiveRadiator
[LOG 18:24:04.393] GetSubclassesOfParentClass: Found 0 types with ModuleAnchoredDecoupler parent in 9 assemblies.
[LOG 18:24:04.400] GetSubclassesOfParentClass: Found 0 types with ModuleCargoBay parent in 9 assemblies.
[LOG 18:24:04.400] GetSubclassesOfParentClass: Using cached results for ModuleControlSurface
[LOG 18:24:04.400] GetSubclassesOfParentClass: Using cached results for ModuleDataTransmitter
[LOG 18:24:04.406] GetSubclassesOfParentClass: Found 0 types with ModuleDecouple parent in 9 assemblies.
[LOG 18:24:04.412] GetSubclassesOfParentClass: Found 4 types with ModuleDeployablePart parent in 9 assemblies.
[LOG 18:24:04.418] GetSubclassesOfParentClass: Found 0 types with ModuleDockingNode parent in 9 assemblies.
[LOG 18:24:04.418] GetSubclassesOfParentClass: Using cached results for ModuleEngines
[LOG 18:24:04.424] GetSubclassesOfParentClass: Found 0 types with CModuleFuelLine parent in 9 assemblies.
[LOG 18:24:04.430] GetSubclassesOfParentClass: Found 0 types with ModuleGPS parent in 9 assemblies.
[LOG 18:24:04.437] GetSubclassesOfParentClass: Found 0 types with ModuleGrappleNode parent in 9 assemblies.
[LOG 18:24:04.437] GetSubclassesOfParentClass: Using cached results for ModuleGrappleNode
[LOG 18:24:04.444] GetSubclassesOfParentClass: Found 0 types with ModuleKerbNetAccess parent in 9 assemblies.
[LOG 18:24:04.444] GetSubclassesOfParentClass: Using cached results for ModuleLight
[LOG 18:24:04.444] GetSubclassesOfParentClass: Using cached results for ModuleLight
[LOG 18:24:04.450] GetSubclassesOfParentClass: Found 0 types with ModuleProbeControlPoint parent in 9 assemblies.
[LOG 18:24:04.457] GetSubclassesOfParentClass: Found 1 types with ModuleRCS parent in 9 assemblies.
[LOG 18:24:04.457] GetSubclassesOfParentClass: Using cached results for ModuleRCS
[LOG 18:24:04.457] GetSubclassesOfParentClass: Using cached results for ModuleReactionWheel
[LOG 18:24:04.457] GetSubclassesOfParentClass: Using cached results for ModuleReactionWheel
[LOG 18:24:04.463] GetSubclassesOfParentClass: Found 0 types with ModuleResourceIntake parent in 9 assemblies.
[LOG 18:24:04.469] GetSubclassesOfParentClass: Found 0 types with ModuleScienceExperiment parent in 9 assemblies.
[LOG 18:24:04.475] GetSubclassesOfParentClass: Found 0 types with ModuleToggleCrossfeed parent in 9 assemblies.
[LOG 18:24:04.482] GetSubclassesOfParentClass: Found 0 types with ModuleWheelDeployment parent in 9 assemblies.
[LOG 18:24:04.502] ExpansionsLoader: Expansions loaded in 9.333s
[LOG 18:24:04.502] Loading Systems: Elapsed time is 27.55928s
[LOG 18:24:07.917] [AddonLoader]: Instantiating addon 'KSPCFFastLoaderPSystemSetup' from assembly 'KSPCommunityFixes'
[LOG 18:24:08.231] [Agent]: Found 19 agent mentality types
[LOG 18:24:08.234] [AgentList]: 31 agents parsed and loaded.
[LOG 18:24:08.271] [UIMasterController]: HideUI
[LOG 18:24:08.358] [CelestialBody]: Kerbin's solar day length is 1d, 0h, 0m long. sidereal day length is 5h, 59m, 9s long
[LOG 18:24:14.049] [UIMasterController]: HideUI
[LOG 18:24:14.056] [HighLogic]: =========================== Scene Change : From LOADING to MAINMENU =====================
[LOG 18:24:14.610] [AddonLoader]: Instantiating addon 'ContractDefs' from assembly 'KSP'
[LOG 18:24:14.637] [AddonLoader]: Instantiating addon 'KSPCFFastLoaderReport' from assembly 'KSPCommunityFixes'
[LOG 18:24:14.664] [UIMasterController]: ShowUI
[LOG 18:24:14.923] [GameParameters]: Loaded custom parameter class CommNetParams.
[LOG 18:24:14.924] [GameParameters]: Loaded custom parameter class MissionParamsGeneral.
[LOG 18:24:14.924] [GameParameters]: Loaded custom parameter class MissionParamsFacilities.
[LOG 18:24:14.924] [GameParameters]: Loaded custom parameter class MissionParamsExtras.
[LOG 18:24:14.925] [GameParameters]: Loaded custom parameter class AdvancedParams.
[LOG 18:24:14.945] [ReflectionUtil]: Found 40 types with UpgradeModule attribute in 9 assemblies.
[LOG 18:24:14.961] [KSPCF:FastLoader] Intel(R) Core(TM) i7-4790K CPU @ 4.00GHz | 32687 MB | NVIDIA GeForce GTX 1060 6GB (6029 MB)
Total loading time to main menu : 41.449s
- Configs and assemblies loaded in 5.358s
- Configs reload done in 1.329s
- Configs translated in 0.016s
- 2353 assets loaded in 3.592s :
  - 86 audio assets (79.689 MiB) in 0.629s, 126.788 MiB/s
  - 1640 texture assets (1.293 GiB) in 2.406s, 550.475 MiB/s
  - 626 model assets (64.41 MiB) in 0.553s, 116.436 MiB/s
- Asset bundles loaded in 0.492s
- GameDatabase (configs, resources, traits, upgrades...) loaded in 0.066s
- Built-in parts copied in 0.022s
- Part and internal configs extracted in 0.001s
- 483 parts and 1927 modules compiled in 7.893s
  - 4.0 modules/part, 16.341 ms/part, 4.096 ms/module
  - PartIcon compilation : 1.134s
- 27 internal spaces and 56 props compiled in 0.216s
- 2 DLC (Making History, Breaking Ground) loaded in 9.386s
- Planetary system loaded in 7.496s
[LOG 18:24:14.962] Texture queries : 1725, slow path : 1 (0.06 %)
[LOG 18:24:14.966] [ModuleManager] Total loading Time = 36.349s
[LOG 18:24:15.007] [ScenarioTypes]: List Created 23 scenario types loaded from 9 loaded assemblies.
[LOG 18:24:15.021] [ApplicationLauncher] Awake False
[LOG 18:24:15.021] [ApplicationLauncher] SpawnSimpleLayout: VerticalTopDown
[LOG 18:24:15.035] ScaleModList: listSize 41 maxListSize 0
[LOG 18:24:15.038] [UiApp] Awake: 
[LOG 18:24:15.038] [ApplicationLauncher] OnSceneLoadedGUIReady: scene MAINMENU ShouldBeVisible() True ShouldBeOnTop() True iIsPositionedAtTop True
[LOG 18:24:15.041] ScaleModList: listSize 41 maxListSize 663
[LOG 18:24:15.060] [UIApp] Adding  to Application Launcher
[LOG 18:24:15.062] ScaleModList: listSize 41 maxListSize 654
[LOG 18:24:15.062] [ApplicationLauncher] SetHidden: 
[LOG 18:24:15.062] ScaleModList: listSize 41 maxListSize 695
[LOG 18:24:15.067] [MessageSystem] OnAppInitialized
[LOG 18:24:15.068] [MessageSystem] Reposition 0.0384078 26822
[LOG 18:24:18.860] [SceneLoadSpeedBoost] Save loaded from disk in 8ms
[LOG 18:24:18.869] [ExperienceSystem]: Found 0 trait types
[LOG 18:24:18.876] [ExperienceSystem]: Found 20 effect types
[LOG 18:24:18.900] [UIMasterController]: HideUI
[LOG 18:24:18.901] [HighLogic]: =========================== Scene Change : From MAINMENU to FLIGHT =====================
[LOG 18:24:19.181] UICanvasPrefabSpawner FlightUI spawning Flight
[LOG 18:24:19.217] UICanvasPrefabSpawner FlightUI spawning VesselLabels
[LOG 18:24:19.217] [UiApp] Awake: ResourceDisplay
[LOG 18:24:19.303] [AddonLoader]: Instantiating addon 'AeroGUI' from assembly 'KSP'
[LOG 18:24:19.317] [PlanetariumCamera]: Focus: Kerbin
[LOG 18:24:19.319] [UIMasterController]: HideUI
[LOG 18:24:19.627] [UIMasterController]: HideUI
[LOG 18:24:19.627] ------------------- initializing flight mode... ------------------
[LOG 18:24:19.638] GetSubclassesOfParentClass: Found 7 types with AlarmTypeBase parent in 9 assemblies.
[LOG 18:24:19.647] Loading Depletion Nodes
[LOG 18:24:19.647] DepNodeCount:  0
[LOG 18:24:19.647] Loading Biome Nodes
[LOG 18:24:19.647] BiomeNodeCount:  0
[LOG 18:24:19.648] Loading Planet Nodes
[LOG 18:24:19.648] PlanetNodeCount:  0
[LOG 18:24:19.662] [ScenarioDestructibles]: Loading... 0 objects registered
[LOG 18:24:19.696] Target vessel index: 1  vessel count: 3
[LOG 18:24:19.697] [FLIGHT GLOBALS]: Switching To Vessel Vaisseau sans nom ---------------------- 
[LOG 18:24:19.698] setting new dominant body: Mun
FlightGlobals.mainBody: Mun
[LOG 18:24:19.699] Reference Frame: Rotating
[WRN 18:24:19.710] [Part]: Cannot have ModuleCargoPart and ModuleInventoryPart on same Part [Vaisseau sans nom (unloaded)'. Removed ModuleCargoPart
[LOG 18:24:19.734] Camera Mode: AUTO
[LOG 18:24:23.167] all systems started
[LOG 18:24:23.167] [UIMasterController]: ShowUI
[LOG 18:24:23.306] [AsteroidSpawner]: No new objects this time. (Odds are 1:2)
[LOG 18:24:23.449] [UiApp] Awake: CurrencyWidgetsApp
[LOG 18:24:23.449] [UiApp] Awake: ResourceDisplay
[LOG 18:24:23.449] [UiApp] Awake: KSPedia
[LOG 18:24:23.449] [UiApp] Awake: Missions App
[LOG 18:24:23.449] [UiApp] Awake: DeltaVApp
[LOG 18:24:23.449] [UiApp] Awake: ActionGroupsApp
[LOG 18:24:23.449] [UiApp] Awake: Construction
[LOG 18:24:23.449] [UiApp] Awake: Cargo
[LOG 18:24:23.450] [UiApp] Awake: AlarmClock
[LOG 18:24:23.450] [UiApp] Awake: ManeuverTool
[LOG 18:24:23.451] [GenericAppFrame] Reposition 0 28187
[LOG 18:24:23.451] [ApplicationLauncher] OnSceneLoadedGUIReady: scene FLIGHT ShouldBeVisible() True ShouldBeOnTop() True iIsPositionedAtTop True
[LOG 18:24:23.452] [ApplicationLauncher] SetVisible: 
[LOG 18:24:23.454] ScaleModList: listSize 41 maxListSize 494
[LOG 18:24:23.455] ScaleModList: listSize 41 maxListSize 494
[LOG 18:24:23.455] [KnowledgeBase] OnAppLauncherReady 28187
[LOG 18:24:23.475] [UIApp] OnDestroy: Contracts
[LOG 18:24:23.568] [FlightIntegrator]: Reloaded drag cube for zeroed cube root part mk1pod.v2 (Vaisseau sans nom) on vessel Vaisseau sans nom
[LOG 18:24:23.639] [MessageSystem] Reposition 0.02 28188
[LOG 18:24:23.639] [GenericAppFrame] Reposition 0.02 28188
[LOG 18:24:23.639] [GenericAppFrame] Reposition 0.02 28188
[LOG 18:24:23.733] [PlanetariumCamera]: Focus: Vaisseau sans nom
[LOG 18:24:23.756] [UIApp] Adding ResourceDisplay to Application Launcher
[LOG 18:24:23.758] ScaleModList: listSize 41 maxListSize 453
[LOG 18:24:23.758] [UIApp] Adding ResourceDisplay to Application Launcher
[LOG 18:24:23.759] ScaleModList: listSize 41 maxListSize 412
[LOG 18:24:23.769] [ResourceDisplay] OnAppStarted(): id: -402190
[LOG 18:24:23.770] [GenericAppFrame] Reposition 0.1393653 28192
[LOG 18:24:23.771] [ResourceDisplay] OnAppStarted(): id: 258152
[LOG 18:24:23.771] ResourceDisplay already exist, destroying this instance
[LOG 18:24:23.771] [UIApp] OnDestroy: ResourceDisplay
[LOG 18:24:23.773] ScaleModList: listSize 41 maxListSize 412
[LOG 18:24:23.787] [UIApp] Adding AlarmClock to Application Launcher
[LOG 18:24:23.788] ScaleModList: listSize 41 maxListSize 412
[LOG 18:24:23.788] [UIApp] Adding ActionGroupsApp to Application Launcher
[LOG 18:24:23.789] ScaleModList: listSize 41 maxListSize 371
[LOG 18:24:23.790] [UIApp] Adding Missions App to Application Launcher
[LOG 18:24:23.790] ScaleModList: listSize 41 maxListSize 330
[LOG 18:24:23.791] CURRENCY WIDGET False False False
[LOG 18:24:23.792] [UIApp] OnDestroy: CurrencyWidgetsApp
[LOG 18:24:23.821] [GenericAppFrame] Reposition 0.1715587 28194
[LOG 18:24:23.826] [ActionGroupsApp] OnAppStarted(): id: -402214
[LOG 18:24:23.827] [GenericAppFrame] Reposition 0.1715587 28194
[LOG 18:24:23.827] [UIApp] Adding DeltaVApp to Application Launcher
[LOG 18:24:23.828] ScaleModList: listSize 41 maxListSize 289
[LOG 18:24:23.829] [MissionsApp] OnAppStarted(): id: -402202
[LOG 18:24:23.829] MissionsApp does not execute in this game mode, destroying this instance
[LOG 18:24:23.829] [UIApp] OnDestroy: Missions App
[LOG 18:24:23.830] ScaleModList: listSize 41 maxListSize 289
[LOG 18:24:23.842] [GenericAppFrame] Reposition 0.2108594 28195
[LOG 18:24:23.852] [UIApp] Adding Cargo to Application Launcher
[LOG 18:24:23.853] ScaleModList: listSize 41 maxListSize 289
[LOG 18:24:23.853] [UIApp] Adding Construction to Application Launcher
[LOG 18:24:23.854] ScaleModList: listSize 41 maxListSize 248
[LOG 18:24:23.854] [UIApp] Adding KSPedia to Application Launcher
[LOG 18:24:23.855] ScaleModList: listSize 41 maxListSize 207
[WRN 18:24:23.863] HighlightingSystem : Framebuffer depth data is not available and can't be used to occlude highlighting. Highlighting occluders enabled.
[LOG 18:24:23.875] [UIApp] Adding ManeuverTool to Application Launcher
[LOG 18:24:23.876] ScaleModList: listSize 41 maxListSize 166
[LOG 18:24:23.877] [ApplicationLauncher] SetHidden: 
[LOG 18:24:23.878] ScaleModList: listSize 41 maxListSize 207
[LOG 18:24:23.919] [GenericAppFrame] Reposition 0.2845218 28198
[LOG 18:24:23.928] [ManeuverTool]: Found 1 transfer types
[LOG 18:24:23.994] Flight State Captured
[LOG 18:24:23.998] Saving Achievements Tree...
[LOG 18:24:23.998] Saving Achievements Tree...
[LOG 18:24:23.999] Saving Achievements Tree...
[LOG 18:24:24.003] [MessageSystem] Save Messages
[LOG 18:24:24.019] Game State Saved as persistent
[LOG 18:24:24.632] Unpacking Vaisseau sans nom
[LOG 18:24:24.642] [UIMasterController]: ShowUI
[LOG 18:24:38.805] [Comet Manager]:Generated Comet Type:short
[LOG 18:24:38.813] [CometSpawner]: New object found near Kerbin
[LOG 18:24:38.896] [CometManager]: Generated Dust Tail Color: #0 = RGBA(0.991, 0.943, 0.743, 0.031)
[LOG 18:24:38.896] [CometManager]: Generated Ion Tail Color: #0 = RGBA(0.043, 0.291, 0.867, 0.451)
[LOG 18:24:53.838] [AsteroidSpawner]: New object found near Kerbin: Ast. IZW-819!
[LOG 18:25:08.879] [AsteroidSpawner]: No new objects this time. (Odds are 1:2)
[LOG 18:25:23.897] [AsteroidSpawner]: No new objects this time. (Odds are 1:2)
[LOG 18:25:38.955] [AsteroidSpawner]: New object found near Kerbin: Ast. CMJ-044!
[LOG 18:26:03.053] [KSP-MCPServer] Quitting KSP, as asked
[LOG 18:26:03.687] [UIApp] OnDestroy: Cargo
[LOG 18:26:03.688] ScaleModList: listSize 41 maxListSize 207
[LOG 18:26:03.713] [UIApp] OnDestroy: 
[LOG 18:26:03.724] [PlanetariumCamera]: Focus: Mun
[ERR 18:26:03.727] Exception handling event onPlanetariumTargetChange in class KnowledgeBase:System.NullReferenceException
  at (wrapper managed-to-native) UnityEngine.Component.get_gameObject(UnityEngine.Component)
  at KSP.UI.Screens.KnowledgeBase.ActivateApps (KSP.UI.Screens.KnowledgeBase+KbTargetType targetType, MapObject target) [0x0010f] in <4b449f2841f84227adfaad3149c8fdba>:0 
  at KSP.UI.Screens.KnowledgeBase.OnMapFocusChange (MapObject target) [0x000f4] in <4b449f2841f84227adfaad3149c8fdba>:0 
  at EventData`1[T].Fire (T data) [0x000b0] in <4b449f2841f84227adfaad3149c8fdba>:0 

[EXC 18:26:03.728] NullReferenceException
	KSP.UI.Screens.KnowledgeBase.ActivateApps (KSP.UI.Screens.KnowledgeBase+KbTargetType targetType, MapObject target) (at <4b449f2841f84227adfaad3149c8fdba>:0)
	KSP.UI.Screens.KnowledgeBase.OnMapFocusChange (MapObject target) (at <4b449f2841f84227adfaad3149c8fdba>:0)
	EventData`1[T].Fire (T data) (at <4b449f2841f84227adfaad3149c8fdba>:0)
	UnityEngine.DebugLogHandler:LogException(Exception, Object)
	ModuleManager.UnityLogHandle.InterceptLogHandler:LogException(Exception, Object)
	UnityEngine.Debug:LogException(Exception)
	EventData`1:Fire(MapObject)
	PlanetariumCamera:SetTarget(MapObject)
	PlanetariumCamera:OnVesselDestroy(Vessel)
	EventData`1:Fire(Vessel)
	Vessel:OnDestroy()
